M_ac_e,M_ca2_e,M_cd2_e,M_cit_e,M_cl_e,M_co2_e,M_cobalt2_e,M_cu2_e,M_fe2_e,M_fe3_e,M_for_e,M_fum_e,M_gln__45__L_e,M_gly_e,M_h2_e,M_h2o_e,M_h2s_e,M_h_e,M_ile__45__L_e,M_k_e,M_lac__45__L_e,M_leu__45__L_e,M_lys__45__L_e,M_mal__45__L_e,M_mg2_e,M_mn2_e,M_mobd_e,M_n2_e,M_na1_e,M_nh4_e,M_ni2_e,M_oxa_e,M_pi_e,M_pro__45__L_e,M_s_e,M_so4_e,M_ss_e,M_succ_e,M_ura_e,M_val__45__L_e,M_zn2_e,objective
0.000000000000000000e+00,0.000000000000000000e+00,0.000000000000000000e+00,0.000000000000000000e+00,0.000000000000000000e+00,0.000000000000000000e+00,0.000000000000000000e+00,0.000000000000000000e+00,1.000000000000000000e+00,-1.000000000000000000e+00,0.000000000000000000e+00,0.000000000000000000e+00,0.000000000000000000e+00,0.000000000000000000e+00,-5.000000000000000000e-01,0.000000000000000000e+00,0.000000000000000000e+00,1.000000000000000000e+00,0.000000000000000000e+00,0.000000000000000000e+00,0.000000000000000000e+00,0.000000000000000000e+00,0.000000000000000000e+00,0.000000000000000000e+00,0.000000000000000000e+00,0.000000000000000000e+00,0.000000000000000000e+00,0.000000000000000000e+00,0.000000000000000000e+00,0.000000000000000000e+00,0.000000000000000000e+00,0.000000000000000000e+00,0.000000000000000000e+00,0.000000000000000000e+00,0.000000000000000000e+00,0.000000000000000000e+00,0.000000000000000000e+00,0.000000000000000000e+00,0.000000000000000000e+00,0.000000000000000000e+00,0.000000000000000000e+00,0.000000000000000000e+00
0.000000000000000000e+00,0.000000000000000000e+00,0.000000000000000000e+00,-8.500000000000000000e+00,0.000000000000000000e+00,0.000000000000000000e+00,0.000000000000000000e+00,0.000000000000000000e+00,3.000000000000000000e+01,-3.000000000000000000e+01,4.500000000000000000e+01,0.000000000000000000e+00,0.000000000000000000e+00,0.000000000000000000e+00,0.000000000000000000e+00,-3.250000000000000000e+01,0.000000000000000000e+00,4.950000000000000000e+01,1.000000000000000000e+00,0.000000000000000000e+00,0.000000000000000000e+00,0.000000000000000000e+00,0.000000000000000000e+00,0.000000000000000000e+00,0.000000000000000000e+00,0.000000000000000000e+00,0.000000000000000000e+00,-5.000000000000000000e-01,0.000000000000000000e+00,0.000000000000000000e+00,0.000000000000000000e+00,0.000000000000000000e+00,0.000000000000000000e+00,0.000000000000000000e+00,0.000000000000000000e+00,0.000000000000000000e+00,0.000000000000000000e+00,0.000000000000000000e+00,0.000000000000000000e+00,0.000000000000000000e+00,0.000000000000000000e+00,0.000000000000000000e+00
0.000000000000000000e+00,0.000000000000000000e+00,0.000000000000000000e+00,-1.000000000000000000e+00,0.000000000000000000e+00,0.000000000000000000e+00,0.000000000000000000e+00,0.000000000000000000e+00,3.272727272727272485e+00,-3.272727272727272485e+00,5.090909090909090828e+00,0.000000000000000000e+00,0.000000000000000000e+00,0.000000000000000000e+00,0.000000000000000000e+00,-3.545454545454545414e+00,0.000000000000000000e+00,5.363636363636363313e+00,0.000000000000000000e+00,0.000000000000000000e+00,0.000000000000000000e+00,0.000000000000000000e+00,0.000000000000000000e+00,0.000000000000000000e+00,0.000000000000000000e+00,0.000000000000000000e+00,0.000000000000000000e+00,-9.090909090909089774e-02,0.000000000000000000e+00,0.000000000000000000e+00,0.000000000000000000e+00,0.000000000000000000e+00,0.000000000000000000e+00,1.818181818181817955e-01,0.000000000000000000e+00,0.000000000000000000e+00,0.000000000000000000e+00,0.000000000000000000e+00,0.000000000000000000e+00,0.000000000000000000e+00,0.000000000000000000e+00,0.000000000000000000e+00
0.000000000000000000e+00,0.000000000000000000e+00,0.000000000000000000e+00,-1.000000000000000000e+00,0.000000000000000000e+00,0.000000000000000000e+00,0.000000000000000000e+00,0.000000000000000000e+00,3.384615384615384581e+00,-3.384615384615384581e+00,5.230769230769229949e+00,0.000000000000000000e+00,0.000000000000000000e+00,0.000000000000000000e+00,0.000000000000000000e+00,-3.769230769230769162e+00,0.000000000000000000e+00,5.615384615384614975e+00,0.000000000000000000e+00,0.000000000000000000e+00,0.000000000000000000e+00,0.000000000000000000e+00,0.000000000000000000e+00,0.000000000000000000e+00,0.000000000000000000e+00,0.000000000000000000e+00,0.000000000000000000e+00,-7.692307692307691347e-02,0.000000000000000000e+00,0.000000000000000000e+00,0.000000000000000000e+00,0.000000000000000000e+00,0.000000000000000000e+00,0.000000000000000000e+00,0.000000000000000000e+00,0.000000000000000000e+00,0.000000000000000000e+00,0.000000000000000000e+00,0.000000000000000000e+00,1.538461538461538269e-01,0.000000000000000000e+00,0.000000000000000000e+00
0.000000000000000000e+00,0.000000000000000000e+00,0.000000000000000000e+00,-7.500000000000000000e+00,0.000000000000000000e+00,0.000000000000000000e+00,0.000000000000000000e+00,0.000000000000000000e+00,2.400000000000000000e+01,-2.400000000000000000e+01,3.900000000000000000e+01,0.000000000000000000e+00,0.000000000000000000e+00,0.000000000000000000e+00,0.000000000000000000e+00,-2.750000000000000000e+01,0.000000000000000000e+00,4.050000000000000000e+01,0.000000000000000000e+00,0.000000000000000000e+00,0.000000000000000000e+00,1.000000000000000000e+00,0.000000000000000000e+00,0.000000000000000000e+00,0.000000000000000000e+00,0.000000000000000000e+00,0.000000000000000000e+00,-5.000000000000000000e-01,0.000000000000000000e+00,0.000000000000000000e+00,0.000000000000000000e+00,0.000000000000000000e+00,0.000000000000000000e+00,0.000000000000000000e+00,0.000000000000000000e+00,0.000000000000000000e+00,0.000000000000000000e+00,0.000000000000000000e+00,0.000000000000000000e+00,0.000000000000000000e+00,0.000000000000000000e+00,0.000000000000000000e+00
0.000000000000000000e+00,0.000000000000000000e+00,0.000000000000000000e+00,-1.000000000000000000e+00,0.000000000000000000e+00,6.000000000000000000e+00,0.000000000000000000e+00,0.000000000000000000e+00,1.800000000000000000e+01,-1.800000000000000000e+01,0.000000000000000000e+00,0.000000000000000000e+00,0.000000000000000000e+00,0.000000000000000000e+00,0.000000000000000000e+00,-5.000000000000000000e+00,0.000000000000000000e+00,1.500000000000000000e+01,0.000000000000000000e+00,0.000000000000000000e+00,0.000000000000000000e+00,0.000000000000000000e+00,0.000000000000000000e+00,0.000000000000000000e+00,0.000000000000000000e+00,0.000000000000000000e+00,0.000000000000000000e+00,0.000000000000000000e+00,0.000000000000000000e+00,0.000000000000000000e+00,0.000000000000000000e+00,0.000000000000000000e+00,0.000000000000000000e+00,0.000000000000000000e+00,0.000000000000000000e+00,0.000000000000000000e+00,0.000000000000000000e+00,0.000000000000000000e+00,0.000000000000000000e+00,0.000000000000000000e+00,0.000000000000000000e+00,0.000000000000000000e+00
0.000000000000000000e+00,0.000000000000000000e+00,0.000000000000000000e+00,-1.000000000000000000e+00,0.000000000000000000e+00,0.000000000000000000e+00,0.000000000000000000e+00,0.000000000000000000e+00,6.000000000000000000e+00,-6.000000000000000000e+00,6.000000000000000000e+00,0.000000000000000000e+00,0.000000000000000000e+00,0.000000000000000000e+00,0.000000000000000000e+00,-5.000000000000000000e+00,0.000000000000000000e+00,9.000000000000000000e+00,0.000000000000000000e+00,0.000000000000000000e+00,0.000000000000000000e+00,0.000000000000000000e+00,0.000000000000000000e+00,0.000000000000000000e+00,0.000000000000000000e+00,0.000000000000000000e+00,0.000000000000000000e+00,0.000000000000000000e+00,0.000000000000000000e+00,0.000000000000000000e+00,0.000000000000000000e+00,0.000000000000000000e+00,0.000000000000000000e+00,0.000000000000000000e+00,0.000000000000000000e+00,0.000000000000000000e+00,0.000000000000000000e+00,0.000000000000000000e+00,0.000000000000000000e+00,0.000000000000000000e+00,0.000000000000000000e+00,0.000000000000000000e+00
0.000000000000000000e+00,0.000000000000000000e+00,0.000000000000000000e+00,-2.999999999999999889e-01,0.000000000000000000e+00,0.000000000000000000e+00,0.000000000000000000e+00,0.000000000000000000e+00,1.000000000000000000e+00,-1.000000000000000000e+00,1.549999999999999822e+00,0.000000000000000000e+00,0.000000000000000000e+00,0.000000000000000000e+00,2.499999999999999792e-02,-1.099999999999999867e+00,0.000000000000000000e+00,1.649999999999999911e+00,0.000000000000000000e+00,0.000000000000000000e+00,0.000000000000000000e+00,0.000000000000000000e+00,0.000000000000000000e+00,0.000000000000000000e+00,0.000000000000000000e+00,0.000000000000000000e+00,0.000000000000000000e+00,-2.499999999999999792e-02,0.000000000000000000e+00,0.000000000000000000e+00,0.000000000000000000e+00,0.000000000000000000e+00,0.000000000000000000e+00,4.999999999999999584e-02,0.000000000000000000e+00,0.000000000000000000e+00,0.000000000000000000e+00,0.000000000000000000e+00,0.000000000000000000e+00,0.000000000000000000e+00,0.000000000000000000e+00,0.000000000000000000e+00
0.000000000000000000e+00,0.000000000000000000e+00,0.000000000000000000e+00,-1.000000000000000000e+00,0.000000000000000000e+00,0.000000000000000000e+00,0.000000000000000000e+00,0.000000000000000000e+00,3.428571428571428381e+00,-3.428571428571428381e+00,5.285714285714285587e+00,0.000000000000000000e+00,0.000000000000000000e+00,0.000000000000000000e+00,7.142857142857142461e-02,-3.857142857142856762e+00,0.000000000000000000e+00,5.714285714285713524e+00,0.000000000000000000e+00,0.000000000000000000e+00,0.000000000000000000e+00,0.000000000000000000e+00,0.000000000000000000e+00,0.000000000000000000e+00,0.000000000000000000e+00,0.000000000000000000e+00,0.000000000000000000e+00,-7.142857142857142461e-02,0.000000000000000000e+00,0.000000000000000000e+00,0.000000000000000000e+00,0.000000000000000000e+00,0.000000000000000000e+00,0.000000000000000000e+00,0.000000000000000000e+00,0.000000000000000000e+00,0.000000000000000000e+00,0.000000000000000000e+00,0.000000000000000000e+00,1.428571428571428492e-01,0.000000000000000000e+00,0.000000000000000000e+00
0.000000000000000000e+00,0.000000000000000000e+00,0.000000000000000000e+00,-9.000000000000000000e+00,0.000000000000000000e+00,0.000000000000000000e+00,0.000000000000000000e+00,0.000000000000000000e+00,3.200000000000000000e+01,-3.200000000000000000e+01,4.800000000000000000e+01,0.000000000000000000e+00,0.000000000000000000e+00,0.000000000000000000e+00,5.000000000000000000e-01,-3.500000000000000000e+01,0.000000000000000000e+00,5.300000000000000000e+01,1.000000000000000000e+00,0.000000000000000000e+00,0.000000000000000000e+00,0.000000000000000000e+00,0.000000000000000000e+00,0.000000000000000000e+00,0.000000000000000000e+00,0.000000000000000000e+00,0.000000000000000000e+00,-5.000000000000000000e-01,0.000000000000000000e+00,0.000000000000000000e+00,0.000000000000000000e+00,0.000000000000000000e+00,0.000000000000000000e+00,0.000000000000000000e+00,0.000000000000000000e+00,0.000000000000000000e+00,0.000000000000000000e+00,0.000000000000000000e+00,0.000000000000000000e+00,0.000000000000000000e+00,0.000000000000000000e+00,0.000000000000000000e+00
1.000000000000000000e+00,0.000000000000000000e+00,0.000000000000000000e+00,-1.000000000000000000e+00,0.000000000000000000e+00,0.000000000000000000e+00,0.000000000000000000e+00,0.000000000000000000e+00,2.000000000000000000e+00,-2.000000000000000000e+00,4.000000000000000000e+00,0.000000000000000000e+00,0.000000000000000000e+00,0.000000000000000000e+00,0.000000000000000000e+00,-3.000000000000000000e+00,0.000000000000000000e+00,4.000000000000000000e+00,0.000000000000000000e+00,0.000000000000000000e+00,0.000000000000000000e+00,0.000000000000000000e+00,0.000000000000000000e+00,0.000000000000000000e+00,0.000000000000000000e+00,0.000000000000000000e+00,0.000000000000000000e+00,0.000000000000000000e+00,0.000000000000000000e+00,0.000000000000000000e+00,0.000000000000000000e+00,0.000000000000000000e+00,0.000000000000000000e+00,0.000000000000000000e+00,0.000000000000000000e+00,0.000000000000000000e+00,0.000000000000000000e+00,0.000000000000000000e+00,0.000000000000000000e+00,0.000000000000000000e+00,0.000000000000000000e+00,0.000000000000000000e+00
0.000000000000000000e+00,0.000000000000000000e+00,0.000000000000000000e+00,-5.000000000000000000e-01,0.000000000000000000e+00,0.000000000000000000e+00,0.000000000000000000e+00,0.000000000000000000e+00,1.000000000000000000e+00,-1.000000000000000000e+00,1.000000000000000000e+00,0.000000000000000000e+00,0.000000000000000000e+00,0.000000000000000000e+00,0.000000000000000000e+00,-1.000000000000000000e+00,0.000000000000000000e+00,1.500000000000000000e+00,0.000000000000000000e+00,0.000000000000000000e+00,0.000000000000000000e+00,0.000000000000000000e+00,0.000000000000000000e+00,5.000000000000000000e-01,0.000000000000000000e+00,0.000000000000000000e+00,0.000000000000000000e+00,0.000000000000000000e+00,0.000000000000000000e+00,0.000000000000000000e+00,0.000000000000000000e+00,0.000000000000000000e+00,0.000000000000000000e+00,0.000000000000000000e+00,0.000000000000000000e+00,0.000000000000000000e+00,0.000000000000000000e+00,0.000000000000000000e+00,0.000000000000000000e+00,0.000000000000000000e+00,0.000000000000000000e+00,0.000000000000000000e+00
0.000000000000000000e+00,0.000000000000000000e+00,0.000000000000000000e+00,-1.000000000000000000e+01,0.000000000000000000e+00,0.000000000000000000e+00,0.000000000000000000e+00,0.000000000000000000e+00,3.600000000000000000e+01,-3.600000000000000000e+01,5.400000000000000000e+01,0.000000000000000000e+00,0.000000000000000000e+00,0.000000000000000000e+00,1.000000000000000000e+00,-4.000000000000000000e+01,0.000000000000000000e+00,5.900000000000000000e+01,0.000000000000000000e+00,0.000000000000000000e+00,0.000000000000000000e+00,0.000000000000000000e+00,1.000000000000000000e+00,0.000000000000000000e+00,0.000000000000000000e+00,0.000000000000000000e+00,0.000000000000000000e+00,-1.000000000000000000e+00,0.000000000000000000e+00,0.000000000000000000e+00,0.000000000000000000e+00,0.000000000000000000e+00,0.000000000000000000e+00,0.000000000000000000e+00,0.000000000000000000e+00,0.000000000000000000e+00,0.000000000000000000e+00,0.000000000000000000e+00,0.000000000000000000e+00,0.000000000000000000e+00,0.000000000000000000e+00,0.000000000000000000e+00
0.000000000000000000e+00,0.000000000000000000e+00,0.000000000000000000e+00,-8.000000000000000000e+00,0.000000000000000000e+00,0.000000000000000000e+00,0.000000000000000000e+00,0.000000000000000000e+00,2.600000000000000000e+01,-2.600000000000000000e+01,4.200000000000000000e+01,0.000000000000000000e+00,0.000000000000000000e+00,0.000000000000000000e+00,5.000000000000000000e-01,-3.000000000000000000e+01,0.000000000000000000e+00,4.400000000000000000e+01,0.000000000000000000e+00,0.000000000000000000e+00,0.000000000000000000e+00,1.000000000000000000e+00,0.000000000000000000e+00,0.000000000000000000e+00,0.000000000000000000e+00,0.000000000000000000e+00,0.000000000000000000e+00,-5.000000000000000000e-01,0.000000000000000000e+00,0.000000000000000000e+00,0.000000000000000000e+00,0.000000000000000000e+00,0.000000000000000000e+00,0.000000000000000000e+00,0.000000000000000000e+00,0.000000000000000000e+00,0.000000000000000000e+00,0.000000000000000000e+00,0.000000000000000000e+00,0.000000000000000000e+00,0.000000000000000000e+00,0.000000000000000000e+00
0.000000000000000000e+00,0.000000000000000000e+00,0.000000000000000000e+00,-1.000000000000000000e+00,0.000000000000000000e+00,2.875000000000000000e+00,0.000000000000000000e+00,0.000000000000000000e+00,1.758333333333333215e+01,-1.758333333333333215e+01,0.000000000000000000e+00,0.000000000000000000e+00,0.000000000000000000e+00,0.000000000000000000e+00,-7.604166666666666075e+00,0.000000000000000000e+00,0.000000000000000000e+00,1.458333333333333215e+01,0.000000000000000000e+00,0.000000000000000000e+00,0.000000000000000000e+00,0.000000000000000000e+00,0.000000000000000000e+00,0.000000000000000000e+00,0.000000000000000000e+00,0.000000000000000000e+00,0.000000000000000000e+00,-3.125000000000000000e-01,0.000000000000000000e+00,0.000000000000000000e+00,0.000000000000000000e+00,0.000000000000000000e+00,0.000000000000000000e+00,6.250000000000000000e-01,0.000000000000000000e+00,0.000000000000000000e+00,0.000000000000000000e+00,0.000000000000000000e+00,0.000000000000000000e+00,0.000000000000000000e+00,0.000000000000000000e+00,0.000000000000000000e+00
0.000000000000000000e+00,0.000000000000000000e+00,0.000000000000000000e+00,-1.037414965986394461e-01,0.000000000000000000e+00,4.693877551020407823e-01,0.000000000000000000e+00,0.000000000000000000e+00,1.000000000000000000e+00,-1.000000000000000000e+00,0.000000000000000000e+00,0.000000000000000000e+00,0.000000000000000000e+00,0.000000000000000000e+00,0.000000000000000000e+00,-2.636054421768707079e-01,0.000000000000000000e+00,6.632653061224489388e-01,0.000000000000000000e+00,0.000000000000000000e+00,0.000000000000000000e+00,0.000000000000000000e+00,2.551020408163265016e-02,0.000000000000000000e+00,0.000000000000000000e+00,0.000000000000000000e+00,0.000000000000000000e+00,-2.551020408163265016e-02,0.000000000000000000e+00,0.000000000000000000e+00,0.000000000000000000e+00,0.000000000000000000e+00,0.000000000000000000e+00,0.000000000000000000e+00,0.000000000000000000e+00,0.000000000000000000e+00,0.000000000000000000e+00,0.000000000000000000e+00,0.000000000000000000e+00,0.000000000000000000e+00,0.000000000000000000e+00,0.000000000000000000e+00
0.000000000000000000e+00,0.000000000000000000e+00,0.000000000000000000e+00,-2.899999999999999911e+00,0.000000000000000000e+00,1.139999999999999858e+01,0.000000000000000000e+00,0.000000000000000000e+00,1.919999999999999929e+01,-1.919999999999999929e+01,0.000000000000000000e+00,0.000000000000000000e+00,0.000000000000000000e+00,0.000000000000000000e+00,0.000000000000000000e+00,-4.500000000000000000e+00,0.000000000000000000e+00,1.050000000000000000e+01,1.000000000000000000e+00,0.000000000000000000e+00,0.000000000000000000e+00,0.000000000000000000e+00,0.000000000000000000e+00,0.000000000000000000e+00,0.000000000000000000e+00,0.000000000000000000e+00,0.000000000000000000e+00,-5.000000000000000000e-01,0.000000000000000000e+00,0.000000000000000000e+00,0.000000000000000000e+00,0.000000000000000000e+00,0.000000000000000000e+00,0.000000000000000000e+00,0.000000000000000000e+00,0.000000000000000000e+00,0.000000000000000000e+00,0.000000000000000000e+00,0.000000000000000000e+00,0.000000000000000000e+00,0.000000000000000000e+00,0.000000000000000000e+00
0.000000000000000000e+00,0.000000000000000000e+00,0.000000000000000000e+00,-1.000000000000000000e+00,0.000000000000000000e+00,3.926267281105990659e+00,0.000000000000000000e+00,0.000000000000000000e+00,7.631336405529953737e+00,-7.631336405529953737e+00,0.000000000000000000e+00,0.000000000000000000e+00,0.000000000000000000e+00,0.000000000000000000e+00,0.000000000000000000e+00,-1.682027649769585187e+00,0.000000000000000000e+00,4.631336405529953737e+00,0.000000000000000000e+00,0.000000000000000000e+00,0.000000000000000000e+00,0.000000000000000000e+00,0.000000000000000000e+00,0.000000000000000000e+00,0.000000000000000000e+00,0.000000000000000000e+00,0.000000000000000000e+00,-2.073732718894009119e-01,0.000000000000000000e+00,0.000000000000000000e+00,0.000000000000000000e+00,0.000000000000000000e+00,0.000000000000000000e+00,4.147465437788018239e-01,0.000000000000000000e+00,0.000000000000000000e+00,0.000000000000000000e+00,0.000000000000000000e+00,0.000000000000000000e+00,0.000000000000000000e+00,0.000000000000000000e+00,0.000000000000000000e+00
0.000000000000000000e+00,0.000000000000000000e+00,0.000000000000000000e+00,-1.000000000000000000e+00,0.000000000000000000e+00,3.692307692307692069e+00,0.000000000000000000e+00,0.000000000000000000e+00,5.538461538461538325e+00,-5.538461538461538325e+00,0.000000000000000000e+00,0.000000000000000000e+00,0.000000000000000000e+00,0.000000000000000000e+00,0.000000000000000000e+00,-1.307692307692307487e+00,0.000000000000000000e+00,2.538461538461538325e+00,0.000000000000000000e+00,0.000000000000000000e+00,0.000000000000000000e+00,0.000000000000000000e+00,0.000000000000000000e+00,0.000000000000000000e+00,0.000000000000000000e+00,0.000000000000000000e+00,0.000000000000000000e+00,-2.307692307692307543e-01,0.000000000000000000e+00,0.000000000000000000e+00,0.000000000000000000e+00,0.000000000000000000e+00,0.000000000000000000e+00,0.000000000000000000e+00,0.000000000000000000e+00,0.000000000000000000e+00,0.000000000000000000e+00,0.000000000000000000e+00,0.000000000000000000e+00,4.615384615384615086e-01,0.000000000000000000e+00,0.000000000000000000e+00
0.000000000000000000e+00,0.000000000000000000e+00,0.000000000000000000e+00,-1.000000000000000000e+00,0.000000000000000000e+00,3.954545454545454142e+00,0.000000000000000000e+00,0.000000000000000000e+00,7.363636363636363313e+00,-7.363636363636363313e+00,0.000000000000000000e+00,0.000000000000000000e+00,0.000000000000000000e+00,0.000000000000000000e+00,2.045454545454545303e-01,-1.727272727272727071e+00,0.000000000000000000e+00,4.363636363636363313e+00,0.000000000000000000e+00,0.000000000000000000e+00,0.000000000000000000e+00,0.000000000000000000e+00,0.000000000000000000e+00,0.000000000000000000e+00,0.000000000000000000e+00,0.000000000000000000e+00,0.000000000000000000e+00,-2.045454545454545303e-01,0.000000000000000000e+00,0.000000000000000000e+00,0.000000000000000000e+00,0.000000000000000000e+00,0.000000000000000000e+00,4.090909090909090606e-01,0.000000000000000000e+00,0.000000000000000000e+00,0.000000000000000000e+00,0.000000000000000000e+00,0.000000000000000000e+00,0.000000000000000000e+00,0.000000000000000000e+00,0.000000000000000000e+00
0.000000000000000000e+00,0.000000000000000000e+00,0.000000000000000000e+00,-1.000000000000000000e+00,0.000000000000000000e+00,3.727272727272727071e+00,0.000000000000000000e+00,0.000000000000000000e+00,5.272727272727272485e+00,-5.272727272727272485e+00,0.000000000000000000e+00,0.000000000000000000e+00,0.000000000000000000e+00,0.000000000000000000e+00,2.272727272727272652e-01,-1.363636363636363535e+00,0.000000000000000000e+00,2.272727272727272485e+00,0.000000000000000000e+00,0.000000000000000000e+00,0.000000000000000000e+00,0.000000000000000000e+00,0.000000000000000000e+00,0.000000000000000000e+00,0.000000000000000000e+00,0.000000000000000000e+00,0.000000000000000000e+00,-2.272727272727272652e-01,0.000000000000000000e+00,0.000000000000000000e+00,0.000000000000000000e+00,0.000000000000000000e+00,0.000000000000000000e+00,0.000000000000000000e+00,0.000000000000000000e+00,0.000000000000000000e+00,0.000000000000000000e+00,0.000000000000000000e+00,0.000000000000000000e+00,4.545454545454545303e-01,0.000000000000000000e+00,0.000000000000000000e+00
0.000000000000000000e+00,0.000000000000000000e+00,0.000000000000000000e+00,-1.076388888888888812e-01,0.000000000000000000e+00,4.895833333333333148e-01,0.000000000000000000e+00,0.000000000000000000e+00,1.000000000000000000e+00,-1.000000000000000000e+00,0.000000000000000000e+00,0.000000000000000000e+00,0.000000000000000000e+00,0.000000000000000000e+00,2.604166666666666435e-02,-2.777777777777777346e-01,0.000000000000000000e+00,6.510416666666666297e-01,0.000000000000000000e+00,0.000000000000000000e+00,0.000000000000000000e+00,0.000000000000000000e+00,2.604166666666666435e-02,0.000000000000000000e+00,0.000000000000000000e+00,0.000000000000000000e+00,0.000000000000000000e+00,-2.604166666666666435e-02,0.000000000000000000e+00,0.000000000000000000e+00,0.000000000000000000e+00,0.000000000000000000e+00,0.000000000000000000e+00,0.000000000000000000e+00,0.000000000000000000e+00,0.000000000000000000e+00,0.000000000000000000e+00,0.000000000000000000e+00,0.000000000000000000e+00,0.000000000000000000e+00,0.000000000000000000e+00,0.000000000000000000e+00
0.000000000000000000e+00,0.000000000000000000e+00,0.000000000000000000e+00,-2.933333333333332793e-01,0.000000000000000000e+00,1.159999999999999920e+00,0.000000000000000000e+00,0.000000000000000000e+00,1.879999999999999893e+00,-1.879999999999999893e+00,0.000000000000000000e+00,0.000000000000000000e+00,0.000000000000000000e+00,0.000000000000000000e+00,4.999999999999999584e-02,-4.666666666666666186e-01,0.000000000000000000e+00,1.000000000000000000e+00,9.999999999999999167e-02,0.000000000000000000e+00,0.000000000000000000e+00,0.000000000000000000e+00,0.000000000000000000e+00,0.000000000000000000e+00,0.000000000000000000e+00,0.000000000000000000e+00,0.000000000000000000e+00,-4.999999999999999584e-02,0.000000000000000000e+00,0.000000000000000000e+00,0.000000000000000000e+00,0.000000000000000000e+00,0.000000000000000000e+00,0.000000000000000000e+00,0.000000000000000000e+00,0.000000000000000000e+00,0.000000000000000000e+00,0.000000000000000000e+00,0.000000000000000000e+00,0.000000000000000000e+00,0.000000000000000000e+00,0.000000000000000000e+00
0.000000000000000000e+00,0.000000000000000000e+00,0.000000000000000000e+00,-1.000000000000000000e+00,0.000000000000000000e+00,1.666666666666666519e+00,0.000000000000000000e+00,0.000000000000000000e+00,2.476190476190475831e+00,-2.476190476190475831e+00,2.428571428571428381e+00,0.000000000000000000e+00,0.000000000000000000e+00,0.000000000000000000e+00,1.904761904761904656e-01,-1.952380952380952328e+00,0.000000000000000000e+00,1.904761904761904656e+00,0.000000000000000000e+00,0.000000000000000000e+00,0.000000000000000000e+00,0.000000000000000000e+00,0.000000000000000000e+00,0.000000000000000000e+00,0.000000000000000000e+00,0.000000000000000000e+00,0.000000000000000000e+00,-1.904761904761904656e-01,0.000000000000000000e+00,0.000000000000000000e+00,0.000000000000000000e+00,0.000000000000000000e+00,0.000000000000000000e+00,0.000000000000000000e+00,0.000000000000000000e+00,0.000000000000000000e+00,0.000000000000000000e+00,0.000000000000000000e+00,0.000000000000000000e+00,3.809523809523809312e-01,0.000000000000000000e+00,0.000000000000000000e+00
0.000000000000000000e+00,0.000000000000000000e+00,0.000000000000000000e+00,-1.000000000000000000e+00,0.000000000000000000e+00,5.047619047619047450e+00,0.000000000000000000e+00,0.000000000000000000e+00,1.371428571428571352e+01,-1.371428571428571352e+01,0.000000000000000000e+00,0.000000000000000000e+00,0.000000000000000000e+00,4.761904761904761640e-01,0.000000000000000000e+00,-4.047619047619047450e+00,0.000000000000000000e+00,1.071428571428571352e+01,0.000000000000000000e+00,0.000000000000000000e+00,0.000000000000000000e+00,0.000000000000000000e+00,0.000000000000000000e+00,0.000000000000000000e+00,0.000000000000000000e+00,0.000000000000000000e+00,0.000000000000000000e+00,-2.380952380952380820e-01,0.000000000000000000e+00,0.000000000000000000e+00,0.000000000000000000e+00,0.000000000000000000e+00,0.000000000000000000e+00,0.000000000000000000e+00,0.000000000000000000e+00,0.000000000000000000e+00,0.000000000000000000e+00,0.000000000000000000e+00,0.000000000000000000e+00,0.000000000000000000e+00,0.000000000000000000e+00,0.000000000000000000e+00
0.000000000000000000e+00,0.000000000000000000e+00,0.000000000000000000e+00,-1.000000000000000000e+00,0.000000000000000000e+00,5.062500000000000000e+00,0.000000000000000000e+00,0.000000000000000000e+00,1.331250000000000000e+01,-1.331250000000000000e+01,0.000000000000000000e+00,0.000000000000000000e+00,0.000000000000000000e+00,4.687500000000000000e-01,2.343750000000000000e-01,-4.062500000000000000e+00,0.000000000000000000e+00,1.031250000000000000e+01,0.000000000000000000e+00,0.000000000000000000e+00,0.000000000000000000e+00,0.000000000000000000e+00,0.000000000000000000e+00,0.000000000000000000e+00,0.000000000000000000e+00,0.000000000000000000e+00,0.000000000000000000e+00,-2.343750000000000000e-01,0.000000000000000000e+00,0.000000000000000000e+00,0.000000000000000000e+00,0.000000000000000000e+00,0.000000000000000000e+00,0.000000000000000000e+00,0.000000000000000000e+00,0.000000000000000000e+00,0.000000000000000000e+00,0.000000000000000000e+00,0.000000000000000000e+00,0.000000000000000000e+00,0.000000000000000000e+00,0.000000000000000000e+00
0.000000000000000000e+00,-2.118643342378865625e-03,0.000000000000000000e+00,-5.890809909051540671e+01,0.000000000000000000e+00,2.647194307334899008e+02,0.000000000000000000e+00,0.000000000000000000e+00,6.207983145003472600e+02,-6.207983145003472600e+02,0.000000000000000000e+00,0.000000000000000000e+00,0.000000000000000000e+00,0.000000000000000000e+00,0.000000000000000000e+00,-1.435215578702845960e+02,0.000000000000000000e+00,4.426229556448307108e+02,0.000000000000000000e+00,-5.000000000000000000e-01,0.000000000000000000e+00,0.000000000000000000e+00,0.000000000000000000e+00,0.000000000000000000e+00,-7.203389841962437590e-02,0.000000000000000000e+00,0.000000000000000000e+00,-7.646507295618800271e+00,0.000000000000000000e+00,0.000000000000000000e+00,0.000000000000000000e+00,0.000000000000000000e+00,-4.005028435905194861e+00,0.000000000000000000e+00,0.000000000000000000e+00,-3.765098521543413512e-01,0.000000000000000000e+00,0.000000000000000000e+00,0.000000000000000000e+00,0.000000000000000000e+00,0.000000000000000000e+00,2.252612995032429399e+00
0.000000000000000000e+00,-2.118643342378865625e-03,0.000000000000000000e+00,-5.941786624355665936e+01,0.000000000000000000e+00,2.677780336517374735e+02,0.000000000000000000e+00,0.000000000000000000e+00,6.146811086638522283e+02,-6.146811086638522283e+02,0.000000000000000000e+00,0.000000000000000000e+00,0.000000000000000000e+00,0.000000000000000000e+00,7.646507295618800271e+00,-1.460703936354908592e+02,0.000000000000000000e+00,4.349764483492118643e+02,0.000000000000000000e+00,-5.000000000000000000e-01,0.000000000000000000e+00,0.000000000000000000e+00,0.000000000000000000e+00,0.000000000000000000e+00,-7.203389841962437590e-02,0.000000000000000000e+00,0.000000000000000000e+00,-7.646507295618800271e+00,0.000000000000000000e+00,0.000000000000000000e+00,0.000000000000000000e+00,0.000000000000000000e+00,-4.005028435905194861e+00,0.000000000000000000e+00,0.000000000000000000e+00,-3.765098521543413512e-01,0.000000000000000000e+00,0.000000000000000000e+00,0.000000000000000000e+00,0.000000000000000000e+00,0.000000000000000000e+00,2.252612995032429399e+00
0.000000000000000000e+00,-2.118643342378865625e-03,0.000000000000000000e+00,-1.421825849514347908e+02,0.000000000000000000e+00,6.490453616623024402e+01,0.000000000000000000e+00,0.000000000000000000e+00,2.818332968571465358e+02,-2.818332968571465358e+02,2.604796660585782888e+02,0.000000000000000000e+00,0.000000000000000000e+00,0.000000000000000000e+00,0.000000000000000000e+00,-2.306573794192332230e+02,0.000000000000000000e+00,3.338052183145488812e+02,0.000000000000000000e+00,-5.000000000000000000e-01,0.000000000000000000e+00,0.000000000000000000e+00,0.000000000000000000e+00,1.097455359185494359e+02,-7.203389841962437590e-02,0.000000000000000000e+00,0.000000000000000000e+00,-7.646507295618800271e+00,0.000000000000000000e+00,0.000000000000000000e+00,0.000000000000000000e+00,0.000000000000000000e+00,-4.005028435905194861e+00,0.000000000000000000e+00,0.000000000000000000e+00,-3.765098521543413512e-01,0.000000000000000000e+00,0.000000000000000000e+00,0.000000000000000000e+00,0.000000000000000000e+00,0.000000000000000000e+00,2.252612995032429399e+00
0.000000000000000000e+00,-2.118643342378865625e-03,0.000000000000000000e+00,-1.346133942048383005e+02,0.000000000000000000e+00,6.521380236231944139e+01,0.000000000000000000e+00,0.000000000000000000e+00,2.813693975630126829e+02,-2.813693975630126829e+02,2.743809827674144231e+02,0.000000000000000000e+00,0.000000000000000000e+00,0.000000000000000000e+00,7.646507295618800271e+00,-2.375307212246290192e+02,0.000000000000000000e+00,3.401373442767885535e+02,0.000000000000000000e+00,-5.000000000000000000e-01,0.000000000000000000e+00,0.000000000000000000e+00,0.000000000000000000e+00,9.483910407242333918e+01,-7.203389841962437590e-02,0.000000000000000000e+00,0.000000000000000000e+00,-7.646507295618800271e+00,0.000000000000000000e+00,0.000000000000000000e+00,0.000000000000000000e+00,0.000000000000000000e+00,-4.005028435905194861e+00,0.000000000000000000e+00,0.000000000000000000e+00,-3.765098521543413512e-01,0.000000000000000000e+00,0.000000000000000000e+00,0.000000000000000000e+00,0.000000000000000000e+00,0.000000000000000000e+00,2.252612995032429399e+00
0.000000000000000000e+00,-2.118643342378865625e-03,0.000000000000000000e+00,-8.192500305349199152e+01,0.000000000000000000e+00,6.521380236231944139e+01,0.000000000000000000e+00,0.000000000000000000e+00,3.445954669446282423e+02,-3.445954669446282423e+02,3.376070521490300393e+02,0.000000000000000000e+00,0.000000000000000000e+00,0.000000000000000000e+00,7.646507295618800271e+00,-2.586060776851675200e+02,0.000000000000000000e+00,4.349764483492118643e+02,0.000000000000000000e+00,-5.000000000000000000e-01,0.000000000000000000e+00,0.000000000000000000e+00,0.000000000000000000e+00,0.000000000000000000e+00,-7.203389841962437590e-02,0.000000000000000000e+00,0.000000000000000000e+00,-7.646507295618800271e+00,0.000000000000000000e+00,0.000000000000000000e+00,0.000000000000000000e+00,0.000000000000000000e+00,-4.005028435905194861e+00,0.000000000000000000e+00,0.000000000000000000e+00,-3.765098521543413512e-01,0.000000000000000000e+00,0.000000000000000000e+00,0.000000000000000000e+00,0.000000000000000000e+00,0.000000000000000000e+00,2.252612995032429399e+00
4.877579374157752312e+01,-2.118643342378865625e-03,0.000000000000000000e+00,-8.121284277446288513e+01,0.000000000000000000e+00,6.490453616623024402e+01,0.000000000000000000e+00,0.000000000000000000e+00,1.598938125032026960e+02,-1.598938125032026960e+02,2.360917691877895095e+02,0.000000000000000000e+00,0.000000000000000000e+00,0.000000000000000000e+00,0.000000000000000000e+00,-1.574936888068669418e+02,0.000000000000000000e+00,1.996717855252106517e+02,0.000000000000000000e+00,-5.000000000000000000e-01,0.000000000000000000e+00,0.000000000000000000e+00,0.000000000000000000e+00,0.000000000000000000e+00,-7.203389841962437590e-02,0.000000000000000000e+00,0.000000000000000000e+00,-7.646507295618800271e+00,0.000000000000000000e+00,0.000000000000000000e+00,0.000000000000000000e+00,0.000000000000000000e+00,-4.005028435905194861e+00,0.000000000000000000e+00,0.000000000000000000e+00,-3.765098521543413512e-01,0.000000000000000000e+00,0.000000000000000000e+00,0.000000000000000000e+00,0.000000000000000000e+00,0.000000000000000000e+00,2.252612995032429399e+00
4.215071292107703727e+01,-2.118643342378865625e-03,0.000000000000000000e+00,-8.192500305349199152e+01,0.000000000000000000e+00,6.521380236231944139e+01,0.000000000000000000e+00,0.000000000000000000e+00,1.759926152603201217e+02,-1.759926152603201217e+02,2.533056263068759506e+02,0.000000000000000000e+00,0.000000000000000000e+00,0.000000000000000000e+00,7.646507295618800271e+00,-1.743046518430134597e+02,0.000000000000000000e+00,2.242228837438266851e+02,0.000000000000000000e+00,-5.000000000000000000e-01,0.000000000000000000e+00,0.000000000000000000e+00,0.000000000000000000e+00,0.000000000000000000e+00,-7.203389841962437590e-02,0.000000000000000000e+00,0.000000000000000000e+00,-7.646507295618800271e+00,0.000000000000000000e+00,0.000000000000000000e+00,0.000000000000000000e+00,0.000000000000000000e+00,-4.005028435905194861e+00,0.000000000000000000e+00,0.000000000000000000e+00,-3.765098521543413512e-01,0.000000000000000000e+00,0.000000000000000000e+00,0.000000000000000000e+00,0.000000000000000000e+00,0.000000000000000000e+00,2.252612995032429399e+00
0.000000000000000000e+00,-2.118643342378865625e-03,0.000000000000000000e+00,-8.107539113175657519e+01,0.000000000000000000e+00,6.521380236231944139e+01,0.000000000000000000e+00,0.000000000000000000e+00,3.547908100054533520e+02,-3.547908100054533520e+02,3.325093806186174561e+02,0.000000000000000000e+00,0.000000000000000000e+00,0.000000000000000000e+00,0.000000000000000000e+00,-2.543580180764904242e+02,0.000000000000000000e+00,4.426229556448307108e+02,0.000000000000000000e+00,-5.000000000000000000e-01,0.000000000000000000e+00,0.000000000000000000e+00,0.000000000000000000e+00,0.000000000000000000e+00,-7.203389841962437590e-02,0.000000000000000000e+00,0.000000000000000000e+00,-7.646507295618800271e+00,0.000000000000000000e+00,0.000000000000000000e+00,0.000000000000000000e+00,0.000000000000000000e+00,-4.005028435905194861e+00,0.000000000000000000e+00,0.000000000000000000e+00,-3.765098521543413512e-01,0.000000000000000000e+00,0.000000000000000000e+00,0.000000000000000000e+00,0.000000000000000000e+00,0.000000000000000000e+00,2.252612995032429399e+00
0.000000000000000000e+00,-2.118643342378865625e-03,0.000000000000000000e+00,-4.191307064221082896e+02,0.000000000000000000e+00,5.710223574152439596e+02,0.000000000000000000e+00,0.000000000000000000e+00,1.103308299524014956e+03,-1.103308299524014956e+03,1.222772023491647815e+03,0.000000000000000000e+00,0.000000000000000000e+00,0.000000000000000000e+00,7.087257667723436327e+01,-9.330174844224002300e+02,0.000000000000000000e+00,1.067237142165367459e+03,0.000000000000000000e+00,-5.000000000000000000e-01,0.000000000000000000e+00,0.000000000000000000e+00,0.000000000000000000e+00,0.000000000000000000e+00,-7.203389841962437590e-02,0.000000000000000000e+00,0.000000000000000000e+00,-7.087257667723436327e+01,0.000000000000000000e+00,0.000000000000000000e+00,0.000000000000000000e+00,0.000000000000000000e+00,-4.005028435905194861e+00,0.000000000000000000e+00,0.000000000000000000e+00,-3.765098521543413512e-01,0.000000000000000000e+00,0.000000000000000000e+00,0.000000000000000000e+00,1.264521387632311189e+02,0.000000000000000000e+00,2.252612995032429399e+00
0.000000000000000000e+00,-2.118643342378865625e-03,0.000000000000000000e+00,-3.323487184166170749e+01,0.000000000000000000e+00,9.552464561435164114e+01,0.000000000000000000e+00,0.000000000000000000e+00,1.338073425389026397e+03,-1.338073425389026397e+03,0.000000000000000000e+00,0.000000000000000000e+00,0.000000000000000000e+00,7.577710813008049051e+00,-6.237962993425589957e+02,0.000000000000000000e+00,0.000000000000000000e+00,1.236917748280070782e+03,0.000000000000000000e+00,-5.000000000000000000e-01,0.000000000000000000e+00,0.000000000000000000e+00,0.000000000000000000e+00,0.000000000000000000e+00,-7.203389841962437590e-02,0.000000000000000000e+00,0.000000000000000000e+00,-1.143536270212282524e+01,0.000000000000000000e+00,0.000000000000000000e+00,0.000000000000000000e+00,0.000000000000000000e+00,-4.005028435905194861e+00,0.000000000000000000e+00,0.000000000000000000e+00,-3.765098521543413512e-01,0.000000000000000000e+00,0.000000000000000000e+00,0.000000000000000000e+00,0.000000000000000000e+00,0.000000000000000000e+00,2.252612995032429399e+00
0.000000000000000000e+00,0.000000000000000000e+00,0.000000000000000000e+00,-5.128205128205128201e-03,0.000000000000000000e+00,5.128205128205128201e-03,0.000000000000000000e+00,0.000000000000000000e+00,1.000000000000000000e+00,-1.000000000000000000e+00,0.000000000000000000e+00,0.000000000000000000e+00,0.000000000000000000e+00,1.282051282051282007e-02,-5.115384615384614975e-01,0.000000000000000000e+00,0.000000000000000000e+00,9.846153846153845590e-01,0.000000000000000000e+00,0.000000000000000000e+00,0.000000000000000000e+00,0.000000000000000000e+00,0.000000000000000000e+00,0.000000000000000000e+00,0.000000000000000000e+00,0.000000000000000000e+00,0.000000000000000000e+00,-6.410256410256410034e-03,0.000000000000000000e+00,0.000000000000000000e+00,0.000000000000000000e+00,0.000000000000000000e+00,0.000000000000000000e+00,0.000000000000000000e+00,0.000000000000000000e+00,0.000000000000000000e+00,0.000000000000000000e+00,0.000000000000000000e+00,0.000000000000000000e+00,0.000000000000000000e+00,0.000000000000000000e+00,0.000000000000000000e+00
0.000000000000000000e+00,0.000000000000000000e+00,0.000000000000000000e+00,-4.926108374384235641e-03,0.000000000000000000e+00,0.000000000000000000e+00,0.000000000000000000e+00,0.000000000000000000e+00,1.000000000000000000e+00,-1.000000000000000000e+00,4.926108374384235641e-03,0.000000000000000000e+00,0.000000000000000000e+00,1.231527093596058997e-02,-5.160098522167486657e-01,0.000000000000000000e+00,0.000000000000000000e+00,9.901477832512314281e-01,0.000000000000000000e+00,0.000000000000000000e+00,0.000000000000000000e+00,0.000000000000000000e+00,0.000000000000000000e+00,0.000000000000000000e+00,0.000000000000000000e+00,0.000000000000000000e+00,0.000000000000000000e+00,-6.157635467980294985e-03,0.000000000000000000e+00,0.000000000000000000e+00,0.000000000000000000e+00,0.000000000000000000e+00,0.000000000000000000e+00,0.000000000000000000e+00,0.000000000000000000e+00,0.000000000000000000e+00,0.000000000000000000e+00,0.000000000000000000e+00,0.000000000000000000e+00,0.000000000000000000e+00,0.000000000000000000e+00,0.000000000000000000e+00
0.000000000000000000e+00,0.000000000000000000e+00,0.000000000000000000e+00,-4.065040650406503628e-03,0.000000000000000000e+00,0.000000000000000000e+00,0.000000000000000000e+00,0.000000000000000000e+00,1.000000000000000000e+00,-1.000000000000000000e+00,0.000000000000000000e+00,0.000000000000000000e+00,0.000000000000000000e+00,1.219512195121951088e-02,-5.182926829268291735e-01,4.065040650406503628e-03,0.000000000000000000e+00,9.878048780487804770e-01,0.000000000000000000e+00,0.000000000000000000e+00,0.000000000000000000e+00,0.000000000000000000e+00,0.000000000000000000e+00,0.000000000000000000e+00,0.000000000000000000e+00,0.000000000000000000e+00,0.000000000000000000e+00,-6.097560975609755442e-03,0.000000000000000000e+00,0.000000000000000000e+00,0.000000000000000000e+00,0.000000000000000000e+00,0.000000000000000000e+00,0.000000000000000000e+00,0.000000000000000000e+00,0.000000000000000000e+00,0.000000000000000000e+00,0.000000000000000000e+00,0.000000000000000000e+00,0.000000000000000000e+00,0.000000000000000000e+00,0.000000000000000000e+00
0.000000000000000000e+00,0.000000000000000000e+00,0.000000000000000000e+00,-2.916666666666666297e-01,0.000000000000000000e+00,0.000000000000000000e+00,0.000000000000000000e+00,0.000000000000000000e+00,1.000000000000000000e+00,-1.000000000000000000e+00,1.513888888888888840e+00,0.000000000000000000e+00,0.000000000000000000e+00,1.388888888888888812e-02,2.777777777777777624e-02,-1.097222222222222099e+00,0.000000000000000000e+00,1.638888888888888840e+00,0.000000000000000000e+00,0.000000000000000000e+00,0.000000000000000000e+00,0.000000000000000000e+00,0.000000000000000000e+00,0.000000000000000000e+00,0.000000000000000000e+00,0.000000000000000000e+00,0.000000000000000000e+00,-2.777777777777777624e-02,0.000000000000000000e+00,0.000000000000000000e+00,0.000000000000000000e+00,0.000000000000000000e+00,0.000000000000000000e+00,4.166666666666666435e-02,0.000000000000000000e+00,0.000000000000000000e+00,0.000000000000000000e+00,0.000000000000000000e+00,0.000000000000000000e+00,0.000000000000000000e+00,0.000000000000000000e+00,0.000000000000000000e+00
0.000000000000000000e+00,0.000000000000000000e+00,0.000000000000000000e+00,-2.500000000000000000e-01,0.000000000000000000e+00,0.000000000000000000e+00,0.000000000000000000e+00,0.000000000000000000e+00,9.166666666666666297e-01,-9.166666666666666297e-01,1.333333333333333259e+00,0.000000000000000000e+00,0.000000000000000000e+00,2.083333333333333218e-02,2.083333333333333218e-02,-1.000000000000000000e+00,0.000000000000000000e+00,1.500000000000000000e+00,2.083333333333333218e-02,0.000000000000000000e+00,0.000000000000000000e+00,0.000000000000000000e+00,0.000000000000000000e+00,0.000000000000000000e+00,0.000000000000000000e+00,0.000000000000000000e+00,0.000000000000000000e+00,-2.083333333333333218e-02,0.000000000000000000e+00,0.000000000000000000e+00,0.000000000000000000e+00,0.000000000000000000e+00,0.000000000000000000e+00,0.000000000000000000e+00,0.000000000000000000e+00,0.000000000000000000e+00,0.000000000000000000e+00,0.000000000000000000e+00,0.000000000000000000e+00,0.000000000000000000e+00,0.000000000000000000e+00,0.000000000000000000e+00
0.000000000000000000e+00,0.000000000000000000e+00,0.000000000000000000e+00,-2.777777777777777346e-01,0.000000000000000000e+00,0.000000000000000000e+00,0.000000000000000000e+00,0.000000000000000000e+00,1.000000000000000000e+00,-1.000000000000000000e+00,1.472222222222222099e+00,0.000000000000000000e+00,0.000000000000000000e+00,2.777777777777777624e-02,2.777777777777777624e-02,-1.111111111111110938e+00,0.000000000000000000e+00,1.638888888888888840e+00,0.000000000000000000e+00,0.000000000000000000e+00,0.000000000000000000e+00,0.000000000000000000e+00,0.000000000000000000e+00,0.000000000000000000e+00,0.000000000000000000e+00,0.000000000000000000e+00,0.000000000000000000e+00,-2.777777777777777624e-02,0.000000000000000000e+00,0.000000000000000000e+00,0.000000000000000000e+00,0.000000000000000000e+00,0.000000000000000000e+00,0.000000000000000000e+00,0.000000000000000000e+00,0.000000000000000000e+00,0.000000000000000000e+00,0.000000000000000000e+00,0.000000000000000000e+00,2.777777777777777624e-02,0.000000000000000000e+00,0.000000000000000000e+00
0.000000000000000000e+00,0.000000000000000000e+00,0.000000000000000000e+00,-2.888283378746593910e-01,0.000000000000000000e+00,0.000000000000000000e+00,0.000000000000000000e+00,0.000000000000000000e+00,1.000000000000000000e+00,-1.000000000000000000e+00,1.523160762942779245e+00,0.000000000000000000e+00,0.000000000000000000e+00,2.724795640326975465e-02,2.656675749318800767e-02,-1.130790190735694756e+00,0.000000000000000000e+00,1.656675749318800905e+00,0.000000000000000000e+00,0.000000000000000000e+00,0.000000000000000000e+00,2.588555858310626415e-02,0.000000000000000000e+00,0.000000000000000000e+00,0.000000000000000000e+00,0.000000000000000000e+00,0.000000000000000000e+00,-2.656675749318800767e-02,0.000000000000000000e+00,0.000000000000000000e+00,0.000000000000000000e+00,0.000000000000000000e+00,0.000000000000000000e+00,0.000000000000000000e+00,0.000000000000000000e+00,0.000000000000000000e+00,0.000000000000000000e+00,0.000000000000000000e+00,0.000000000000000000e+00,0.000000000000000000e+00,0.000000000000000000e+00,0.000000000000000000e+00
0.000000000000000000e+00,0.000000000000000000e+00,0.000000000000000000e+00,-2.751322751322751170e-01,0.000000000000000000e+00,0.000000000000000000e+00,0.000000000000000000e+00,0.000000000000000000e+00,1.000000000000000000e+00,-1.000000000000000000e+00,1.484126984126983961e+00,0.000000000000000000e+00,0.000000000000000000e+00,7.936507936507936067e-03,2.910052910052909891e-02,-1.108465608465608376e+00,0.000000000000000000e+00,1.633597883597883493e+00,0.000000000000000000e+00,0.000000000000000000e+00,0.000000000000000000e+00,0.000000000000000000e+00,2.513227513227513088e-02,0.000000000000000000e+00,0.000000000000000000e+00,0.000000000000000000e+00,0.000000000000000000e+00,-2.910052910052909891e-02,0.000000000000000000e+00,0.000000000000000000e+00,0.000000000000000000e+00,0.000000000000000000e+00,0.000000000000000000e+00,0.000000000000000000e+00,0.000000000000000000e+00,0.000000000000000000e+00,0.000000000000000000e+00,0.000000000000000000e+00,0.000000000000000000e+00,0.000000000000000000e+00,0.000000000000000000e+00,0.000000000000000000e+00
0.000000000000000000e+00,0.000000000000000000e+00,0.000000000000000000e+00,-1.000000000000000000e+00,0.000000000000000000e+00,0.000000000000000000e+00,0.000000000000000000e+00,0.000000000000000000e+00,4.826086956521738358e+00,-4.826086956521738358e+00,5.608695652173912194e+00,0.000000000000000000e+00,0.000000000000000000e+00,1.956521739130434590e-01,9.782608695652172948e-02,-4.608695652173912194e+00,0.000000000000000000e+00,7.434782608695651440e+00,0.000000000000000000e+00,0.000000000000000000e+00,0.000000000000000000e+00,0.000000000000000000e+00,0.000000000000000000e+00,0.000000000000000000e+00,0.000000000000000000e+00,0.000000000000000000e+00,0.000000000000000000e+00,-9.782608695652172948e-02,0.000000000000000000e+00,0.000000000000000000e+00,0.000000000000000000e+00,0.000000000000000000e+00,0.000000000000000000e+00,0.000000000000000000e+00,0.000000000000000000e+00,0.000000000000000000e+00,0.000000000000000000e+00,0.000000000000000000e+00,0.000000000000000000e+00,0.000000000000000000e+00,0.000000000000000000e+00,0.000000000000000000e+00
0.000000000000000000e+00,0.000000000000000000e+00,0.000000000000000000e+00,-2.797744890768146253e-01,0.000000000000000000e+00,0.000000000000000000e+00,0.000000000000000000e+00,0.000000000000000000e+00,9.245947850599013362e-01,-9.245947850599013362e-01,1.425651867512332416e+00,0.000000000000000000e+00,0.000000000000000000e+00,4.933051444679351430e-03,0.000000000000000000e+00,-1.000000000000000000e+00,0.000000000000000000e+00,1.510923185341789932e+00,0.000000000000000000e+00,0.000000000000000000e+00,0.000000000000000000e+00,0.000000000000000000e+00,0.000000000000000000e+00,0.000000000000000000e+00,0.000000000000000000e+00,0.000000000000000000e+00,0.000000000000000000e+00,-2.677942212825933435e-02,0.000000000000000000e+00,0.000000000000000000e+00,0.000000000000000000e+00,0.000000000000000000e+00,0.000000000000000000e+00,4.862579281183931901e-02,0.000000000000000000e+00,0.000000000000000000e+00,0.000000000000000000e+00,0.000000000000000000e+00,0.000000000000000000e+00,0.000000000000000000e+00,0.000000000000000000e+00,0.000000000000000000e+00
0.000000000000000000e+00,0.000000000000000000e+00,0.000000000000000000e+00,-1.000000000000000000e+00,0.000000000000000000e+00,0.000000000000000000e+00,0.000000000000000000e+00,0.000000000000000000e+00,3.605150214592274249e+00,-3.605150214592274249e+00,5.278969957081544706e+00,0.000000000000000000e+00,0.000000000000000000e+00,6.437768240343347270e-02,0.000000000000000000e+00,-3.884120171673819399e+00,0.000000000000000000e+00,5.884120171673819399e+00,9.871244635193132666e-02,0.000000000000000000e+00,0.000000000000000000e+00,0.000000000000000000e+00,0.000000000000000000e+00,0.000000000000000000e+00,0.000000000000000000e+00,0.000000000000000000e+00,0.000000000000000000e+00,-8.154506437768239968e-02,0.000000000000000000e+00,0.000000000000000000e+00,0.000000000000000000e+00,0.000000000000000000e+00,0.000000000000000000e+00,0.000000000000000000e+00,0.000000000000000000e+00,0.000000000000000000e+00,0.000000000000000000e+00,0.000000000000000000e+00,0.000000000000000000e+00,0.000000000000000000e+00,0.000000000000000000e+00,0.000000000000000000e+00
0.000000000000000000e+00,0.000000000000000000e+00,0.000000000000000000e+00,-1.000000000000000000e+00,0.000000000000000000e+00,0.000000000000000000e+00,0.000000000000000000e+00,0.000000000000000000e+00,5.010989010989010950e+00,-5.010989010989010950e+00,5.604395604395604025e+00,0.000000000000000000e+00,0.000000000000000000e+00,1.978021978021977934e-01,0.000000000000000000e+00,-4.604395604395604025e+00,0.000000000000000000e+00,7.615384615384614975e+00,0.000000000000000000e+00,0.000000000000000000e+00,0.000000000000000000e+00,0.000000000000000000e+00,0.000000000000000000e+00,0.000000000000000000e+00,0.000000000000000000e+00,0.000000000000000000e+00,0.000000000000000000e+00,-9.890109890109889668e-02,0.000000000000000000e+00,0.000000000000000000e+00,0.000000000000000000e+00,0.000000000000000000e+00,0.000000000000000000e+00,0.000000000000000000e+00,0.000000000000000000e+00,0.000000000000000000e+00,0.000000000000000000e+00,0.000000000000000000e+00,0.000000000000000000e+00,0.000000000000000000e+00,0.000000000000000000e+00,0.000000000000000000e+00
0.000000000000000000e+00,0.000000000000000000e+00,0.000000000000000000e+00,-2.593619972260748918e-01,0.000000000000000000e+00,0.000000000000000000e+00,0.000000000000000000e+00,0.000000000000000000e+00,9.098474341192787085e-01,-9.098474341192787085e-01,1.355062413314840342e+00,0.000000000000000000e+00,0.000000000000000000e+00,2.080443828016643321e-02,0.000000000000000000e+00,-1.000000000000000000e+00,0.000000000000000000e+00,1.486823855755894375e+00,0.000000000000000000e+00,0.000000000000000000e+00,0.000000000000000000e+00,0.000000000000000000e+00,0.000000000000000000e+00,0.000000000000000000e+00,0.000000000000000000e+00,0.000000000000000000e+00,0.000000000000000000e+00,-2.635228848821081701e-02,0.000000000000000000e+00,0.000000000000000000e+00,0.000000000000000000e+00,0.000000000000000000e+00,0.000000000000000000e+00,0.000000000000000000e+00,0.000000000000000000e+00,0.000000000000000000e+00,0.000000000000000000e+00,0.000000000000000000e+00,0.000000000000000000e+00,3.190013869625520082e-02,0.000000000000000000e+00,0.000000000000000000e+00
0.000000000000000000e+00,0.000000000000000000e+00,0.000000000000000000e+00,-1.000000000000000000e+00,0.000000000000000000e+00,0.000000000000000000e+00,0.000000000000000000e+00,0.000000000000000000e+00,3.350588235294117645e+00,-3.350588235294117645e+00,5.199999999999999289e+00,0.000000000000000000e+00,0.000000000000000000e+00,7.529411764705881693e-02,0.000000000000000000e+00,-3.767058823529411349e+00,0.000000000000000000e+00,5.550588235294116934e+00,0.000000000000000000e+00,0.000000000000000000e+00,0.000000000000000000e+00,1.082352941176470545e-01,0.000000000000000000e+00,0.000000000000000000e+00,0.000000000000000000e+00,0.000000000000000000e+00,0.000000000000000000e+00,-9.176470588235292880e-02,0.000000000000000000e+00,0.000000000000000000e+00,0.000000000000000000e+00,0.000000000000000000e+00,0.000000000000000000e+00,0.000000000000000000e+00,0.000000000000000000e+00,0.000000000000000000e+00,0.000000000000000000e+00,0.000000000000000000e+00,0.000000000000000000e+00,0.000000000000000000e+00,0.000000000000000000e+00,0.000000000000000000e+00
0.000000000000000000e+00,0.000000000000000000e+00,0.000000000000000000e+00,-3.039215686274509554e-01,0.000000000000000000e+00,0.000000000000000000e+00,0.000000000000000000e+00,0.000000000000000000e+00,8.431372549019606755e-01,-8.431372549019606755e-01,1.000000000000000000e+00,0.000000000000000000e+00,0.000000000000000000e+00,3.921568627450980338e-02,1.960784313725490169e-02,-8.823529411764705621e-01,0.000000000000000000e+00,1.303921568627450789e+00,0.000000000000000000e+00,0.000000000000000000e+00,0.000000000000000000e+00,0.000000000000000000e+00,0.000000000000000000e+00,1.862745098039215452e-01,0.000000000000000000e+00,0.000000000000000000e+00,0.000000000000000000e+00,-1.960784313725490169e-02,0.000000000000000000e+00,0.000000000000000000e+00,0.000000000000000000e+00,0.000000000000000000e+00,0.000000000000000000e+00,0.000000000000000000e+00,0.000000000000000000e+00,0.000000000000000000e+00,0.000000000000000000e+00,0.000000000000000000e+00,0.000000000000000000e+00,0.000000000000000000e+00,0.000000000000000000e+00,0.000000000000000000e+00
0.000000000000000000e+00,0.000000000000000000e+00,0.000000000000000000e+00,-3.367346938775510057e-01,0.000000000000000000e+00,0.000000000000000000e+00,0.000000000000000000e+00,0.000000000000000000e+00,8.775510204081632404e-01,-8.775510204081632404e-01,1.000000000000000000e+00,0.000000000000000000e+00,0.000000000000000000e+00,4.081632653061224164e-02,0.000000000000000000e+00,-8.979591836734693855e-01,0.000000000000000000e+00,1.336734693877550839e+00,0.000000000000000000e+00,0.000000000000000000e+00,0.000000000000000000e+00,0.000000000000000000e+00,0.000000000000000000e+00,2.346938775510203912e-01,0.000000000000000000e+00,0.000000000000000000e+00,0.000000000000000000e+00,-2.040816326530612082e-02,0.000000000000000000e+00,0.000000000000000000e+00,0.000000000000000000e+00,0.000000000000000000e+00,0.000000000000000000e+00,0.000000000000000000e+00,0.000000000000000000e+00,0.000000000000000000e+00,0.000000000000000000e+00,0.000000000000000000e+00,0.000000000000000000e+00,0.000000000000000000e+00,0.000000000000000000e+00,0.000000000000000000e+00
0.000000000000000000e+00,0.000000000000000000e+00,0.000000000000000000e+00,-1.000000000000000000e+00,0.000000000000000000e+00,2.799999999999999822e+00,0.000000000000000000e+00,0.000000000000000000e+00,2.179999999999999716e+01,-2.179999999999999716e+01,0.000000000000000000e+00,0.000000000000000000e+00,0.000000000000000000e+00,9.999999999999999167e-02,-9.849999999999999645e+00,0.000000000000000000e+00,0.000000000000000000e+00,1.879999999999999716e+01,0.000000000000000000e+00,0.000000000000000000e+00,0.000000000000000000e+00,0.000000000000000000e+00,0.000000000000000000e+00,0.000000000000000000e+00,0.000000000000000000e+00,0.000000000000000000e+00,0.000000000000000000e+00,-3.499999999999999778e-01,0.000000000000000000e+00,0.000000000000000000e+00,0.000000000000000000e+00,0.000000000000000000e+00,0.000000000000000000e+00,5.999999999999999778e-01,0.000000000000000000e+00,0.000000000000000000e+00,0.000000000000000000e+00,0.000000000000000000e+00,0.000000000000000000e+00,0.000000000000000000e+00,0.000000000000000000e+00,0.000000000000000000e+00
1.091954022988505663e-01,0.000000000000000000e+00,0.000000000000000000e+00,-2.643678160919539777e-01,0.000000000000000000e+00,0.000000000000000000e+00,0.000000000000000000e+00,0.000000000000000000e+00,8.390804597701149170e-01,-8.390804597701149170e-01,1.264367816091953811e+00,0.000000000000000000e+00,0.000000000000000000e+00,5.172413793103448204e-02,2.586206896551724102e-02,-1.000000000000000000e+00,0.000000000000000000e+00,1.419540229885057459e+00,0.000000000000000000e+00,0.000000000000000000e+00,0.000000000000000000e+00,0.000000000000000000e+00,0.000000000000000000e+00,0.000000000000000000e+00,0.000000000000000000e+00,0.000000000000000000e+00,0.000000000000000000e+00,-2.586206896551724102e-02,0.000000000000000000e+00,0.000000000000000000e+00,0.000000000000000000e+00,0.000000000000000000e+00,0.000000000000000000e+00,0.000000000000000000e+00,0.000000000000000000e+00,0.000000000000000000e+00,0.000000000000000000e+00,0.000000000000000000e+00,0.000000000000000000e+00,0.000000000000000000e+00,0.000000000000000000e+00,0.000000000000000000e+00
5.054945054945054750e-01,0.000000000000000000e+00,0.000000000000000000e+00,-1.000000000000000000e+00,0.000000000000000000e+00,0.000000000000000000e+00,0.000000000000000000e+00,0.000000000000000000e+00,2.989010989010988606e+00,-2.989010989010988606e+00,4.593406593406593075e+00,0.000000000000000000e+00,0.000000000000000000e+00,1.978021978021977934e-01,0.000000000000000000e+00,-3.593406593406593075e+00,0.000000000000000000e+00,5.087912087912087600e+00,0.000000000000000000e+00,0.000000000000000000e+00,0.000000000000000000e+00,0.000000000000000000e+00,0.000000000000000000e+00,0.000000000000000000e+00,0.000000000000000000e+00,0.000000000000000000e+00,0.000000000000000000e+00,-9.890109890109889668e-02,0.000000000000000000e+00,0.000000000000000000e+00,0.000000000000000000e+00,0.000000000000000000e+00,0.000000000000000000e+00,0.000000000000000000e+00,0.000000000000000000e+00,0.000000000000000000e+00,0.000000000000000000e+00,0.000000000000000000e+00,0.000000000000000000e+00,0.000000000000000000e+00,0.000000000000000000e+00,0.000000000000000000e+00
0.000000000000000000e+00,0.000000000000000000e+00,0.000000000000000000e+00,-1.494252873563218231e-01,0.000000000000000000e+00,2.068965517241379282e-01,0.000000000000000000e+00,0.000000000000000000e+00,1.000000000000000000e+00,-1.000000000000000000e+00,5.862068965517240882e-01,0.000000000000000000e+00,0.000000000000000000e+00,5.172413793103448204e-02,2.586206896551724102e-02,-6.436781609195402210e-01,0.000000000000000000e+00,1.137931034482758452e+00,0.000000000000000000e+00,0.000000000000000000e+00,0.000000000000000000e+00,0.000000000000000000e+00,0.000000000000000000e+00,0.000000000000000000e+00,0.000000000000000000e+00,0.000000000000000000e+00,0.000000000000000000e+00,-2.586206896551724102e-02,0.000000000000000000e+00,0.000000000000000000e+00,0.000000000000000000e+00,0.000000000000000000e+00,0.000000000000000000e+00,0.000000000000000000e+00,0.000000000000000000e+00,0.000000000000000000e+00,0.000000000000000000e+00,0.000000000000000000e+00,0.000000000000000000e+00,0.000000000000000000e+00,0.000000000000000000e+00,0.000000000000000000e+00
0.000000000000000000e+00,0.000000000000000000e+00,0.000000000000000000e+00,-1.000000000000000000e+00,0.000000000000000000e+00,1.411764705882352811e+00,0.000000000000000000e+00,0.000000000000000000e+00,7.058823529411764497e+00,-7.058823529411764497e+00,3.882352941176470562e+00,0.000000000000000000e+00,0.000000000000000000e+00,3.529411764705882026e-01,0.000000000000000000e+00,-4.294117647058823373e+00,0.000000000000000000e+00,7.941176470588234615e+00,0.000000000000000000e+00,0.000000000000000000e+00,0.000000000000000000e+00,0.000000000000000000e+00,0.000000000000000000e+00,0.000000000000000000e+00,0.000000000000000000e+00,0.000000000000000000e+00,0.000000000000000000e+00,-1.764705882352941013e-01,0.000000000000000000e+00,0.000000000000000000e+00,0.000000000000000000e+00,0.000000000000000000e+00,0.000000000000000000e+00,0.000000000000000000e+00,0.000000000000000000e+00,0.000000000000000000e+00,0.000000000000000000e+00,0.000000000000000000e+00,0.000000000000000000e+00,0.000000000000000000e+00,0.000000000000000000e+00,0.000000000000000000e+00
0.000000000000000000e+00,0.000000000000000000e+00,0.000000000000000000e+00,-1.000000000000000000e+00,0.000000000000000000e+00,1.490196078431372362e+00,0.000000000000000000e+00,0.000000000000000000e+00,2.627450980392156854e+00,-2.627450980392156854e+00,2.735294117647058432e+00,0.000000000000000000e+00,0.000000000000000000e+00,2.941176470588235253e-02,1.862745098039215452e-01,-2.196078431372548767e+00,0.000000000000000000e+00,2.362745098039215286e+00,0.000000000000000000e+00,0.000000000000000000e+00,0.000000000000000000e+00,0.000000000000000000e+00,0.000000000000000000e+00,0.000000000000000000e+00,0.000000000000000000e+00,0.000000000000000000e+00,0.000000000000000000e+00,-1.862745098039215452e-01,0.000000000000000000e+00,0.000000000000000000e+00,0.000000000000000000e+00,0.000000000000000000e+00,0.000000000000000000e+00,0.000000000000000000e+00,0.000000000000000000e+00,0.000000000000000000e+00,0.000000000000000000e+00,0.000000000000000000e+00,0.000000000000000000e+00,3.431372549019607310e-01,0.000000000000000000e+00,0.000000000000000000e+00
0.000000000000000000e+00,0.000000000000000000e+00,0.000000000000000000e+00,-8.500000000000000000e+00,0.000000000000000000e+00,1.500000000000000000e+00,0.000000000000000000e+00,0.000000000000000000e+00,3.000000000000000000e+01,-3.000000000000000000e+01,4.350000000000000000e+01,0.000000000000000000e+00,0.000000000000000000e+00,0.000000000000000000e+00,1.000000000000000000e+00,-3.250000000000000000e+01,0.000000000000000000e+00,4.700000000000000000e+01,0.000000000000000000e+00,0.000000000000000000e+00,0.000000000000000000e+00,0.000000000000000000e+00,1.000000000000000000e+00,0.000000000000000000e+00,0.000000000000000000e+00,0.000000000000000000e+00,0.000000000000000000e+00,-1.000000000000000000e+00,0.000000000000000000e+00,0.000000000000000000e+00,0.000000000000000000e+00,0.000000000000000000e+00,0.000000000000000000e+00,0.000000000000000000e+00,0.000000000000000000e+00,0.000000000000000000e+00,0.000000000000000000e+00,0.000000000000000000e+00,0.000000000000000000e+00,0.000000000000000000e+00,0.000000000000000000e+00,0.000000000000000000e+00
0.000000000000000000e+00,0.000000000000000000e+00,0.000000000000000000e+00,-1.000000000000000000e+00,0.000000000000000000e+00,1.363636363636363535e+00,0.000000000000000000e+00,0.000000000000000000e+00,2.545454545454545414e+00,-2.545454545454545414e+00,2.818181818181817899e+00,0.000000000000000000e+00,0.000000000000000000e+00,0.000000000000000000e+00,0.000000000000000000e+00,-2.090909090909090828e+00,0.000000000000000000e+00,2.363636363636363313e+00,0.000000000000000000e+00,0.000000000000000000e+00,0.000000000000000000e+00,0.000000000000000000e+00,0.000000000000000000e+00,0.000000000000000000e+00,0.000000000000000000e+00,0.000000000000000000e+00,0.000000000000000000e+00,-1.818181818181817955e-01,0.000000000000000000e+00,0.000000000000000000e+00,0.000000000000000000e+00,0.000000000000000000e+00,0.000000000000000000e+00,0.000000000000000000e+00,0.000000000000000000e+00,0.000000000000000000e+00,0.000000000000000000e+00,0.000000000000000000e+00,0.000000000000000000e+00,3.636363636363635909e-01,0.000000000000000000e+00,0.000000000000000000e+00
0.000000000000000000e+00,0.000000000000000000e+00,0.000000000000000000e+00,-3.500000000000000000e+00,0.000000000000000000e+00,4.000000000000000000e+00,0.000000000000000000e+00,0.000000000000000000e+00,8.000000000000000000e+00,-8.000000000000000000e+00,1.100000000000000000e+01,0.000000000000000000e+00,0.000000000000000000e+00,0.000000000000000000e+00,0.000000000000000000e+00,-7.500000000000000000e+00,0.000000000000000000e+00,8.500000000000000000e+00,0.000000000000000000e+00,0.000000000000000000e+00,0.000000000000000000e+00,1.000000000000000000e+00,0.000000000000000000e+00,0.000000000000000000e+00,0.000000000000000000e+00,0.000000000000000000e+00,0.000000000000000000e+00,-5.000000000000000000e-01,0.000000000000000000e+00,0.000000000000000000e+00,0.000000000000000000e+00,0.000000000000000000e+00,0.000000000000000000e+00,0.000000000000000000e+00,0.000000000000000000e+00,0.000000000000000000e+00,0.000000000000000000e+00,0.000000000000000000e+00,0.000000000000000000e+00,0.000000000000000000e+00,0.000000000000000000e+00,0.000000000000000000e+00
0.000000000000000000e+00,0.000000000000000000e+00,0.000000000000000000e+00,-4.750000000000000000e+00,0.000000000000000000e+00,3.750000000000000000e+00,0.000000000000000000e+00,0.000000000000000000e+00,1.500000000000000000e+01,-1.500000000000000000e+01,1.875000000000000000e+01,0.000000000000000000e+00,0.000000000000000000e+00,0.000000000000000000e+00,0.000000000000000000e+00,-1.375000000000000000e+01,0.000000000000000000e+00,1.950000000000000000e+01,1.000000000000000000e+00,0.000000000000000000e+00,0.000000000000000000e+00,0.000000000000000000e+00,0.000000000000000000e+00,0.000000000000000000e+00,0.000000000000000000e+00,0.000000000000000000e+00,0.000000000000000000e+00,-5.000000000000000000e-01,0.000000000000000000e+00,0.000000000000000000e+00,0.000000000000000000e+00,0.000000000000000000e+00,0.000000000000000000e+00,0.000000000000000000e+00,0.000000000000000000e+00,0.000000000000000000e+00,0.000000000000000000e+00,0.000000000000000000e+00,0.000000000000000000e+00,0.000000000000000000e+00,0.000000000000000000e+00,0.000000000000000000e+00
0.000000000000000000e+00,0.000000000000000000e+00,0.000000000000000000e+00,-1.000000000000000000e+00,0.000000000000000000e+00,3.584905660377358250e-01,0.000000000000000000e+00,0.000000000000000000e+00,3.094339622641509191e+00,-3.094339622641509191e+00,4.509433962264150608e+00,0.000000000000000000e+00,0.000000000000000000e+00,0.000000000000000000e+00,1.132075471698113095e-01,-3.188679245283018826e+00,0.000000000000000000e+00,4.603773584905660243e+00,0.000000000000000000e+00,0.000000000000000000e+00,0.000000000000000000e+00,0.000000000000000000e+00,0.000000000000000000e+00,0.000000000000000000e+00,0.000000000000000000e+00,0.000000000000000000e+00,0.000000000000000000e+00,-1.132075471698113095e-01,0.000000000000000000e+00,0.000000000000000000e+00,0.000000000000000000e+00,0.000000000000000000e+00,0.000000000000000000e+00,2.264150943396226190e-01,0.000000000000000000e+00,0.000000000000000000e+00,0.000000000000000000e+00,0.000000000000000000e+00,0.000000000000000000e+00,0.000000000000000000e+00,0.000000000000000000e+00,0.000000000000000000e+00
0.000000000000000000e+00,0.000000000000000000e+00,0.000000000000000000e+00,-4.250000000000000000e+00,0.000000000000000000e+00,4.750000000000000000e+00,0.000000000000000000e+00,0.000000000000000000e+00,1.300000000000000000e+01,-1.300000000000000000e+01,1.475000000000000000e+01,0.000000000000000000e+00,0.000000000000000000e+00,0.000000000000000000e+00,5.000000000000000000e-01,-1.125000000000000000e+01,0.000000000000000000e+00,1.500000000000000000e+01,1.000000000000000000e+00,0.000000000000000000e+00,0.000000000000000000e+00,0.000000000000000000e+00,0.000000000000000000e+00,0.000000000000000000e+00,0.000000000000000000e+00,0.000000000000000000e+00,0.000000000000000000e+00,-5.000000000000000000e-01,0.000000000000000000e+00,0.000000000000000000e+00,0.000000000000000000e+00,0.000000000000000000e+00,0.000000000000000000e+00,0.000000000000000000e+00,0.000000000000000000e+00,0.000000000000000000e+00,0.000000000000000000e+00,0.000000000000000000e+00,0.000000000000000000e+00,0.000000000000000000e+00,0.000000000000000000e+00,0.000000000000000000e+00
0.000000000000000000e+00,0.000000000000000000e+00,0.000000000000000000e+00,-1.000000000000000000e+00,0.000000000000000000e+00,1.186440677966101587e-01,0.000000000000000000e+00,0.000000000000000000e+00,3.186440677966101642e+00,-3.186440677966101642e+00,4.864406779661016422e+00,0.000000000000000000e+00,0.000000000000000000e+00,0.000000000000000000e+00,0.000000000000000000e+00,-3.372881355932203284e+00,0.000000000000000000e+00,5.050847457627118509e+00,0.000000000000000000e+00,0.000000000000000000e+00,0.000000000000000000e+00,0.000000000000000000e+00,0.000000000000000000e+00,0.000000000000000000e+00,0.000000000000000000e+00,0.000000000000000000e+00,0.000000000000000000e+00,-1.016949152542372808e-01,0.000000000000000000e+00,0.000000000000000000e+00,0.000000000000000000e+00,0.000000000000000000e+00,0.000000000000000000e+00,2.033898305084745617e-01,0.000000000000000000e+00,0.000000000000000000e+00,0.000000000000000000e+00,0.000000000000000000e+00,0.000000000000000000e+00,0.000000000000000000e+00,0.000000000000000000e+00,0.000000000000000000e+00
0.000000000000000000e+00,0.000000000000000000e+00,0.000000000000000000e+00,-1.000000000000000000e+00,0.000000000000000000e+00,0.000000000000000000e+00,0.000000000000000000e+00,0.000000000000000000e+00,3.758333333333332860e+01,-3.758333333333332860e+01,2.875000000000000000e+00,0.000000000000000000e+00,0.000000000000000000e+00,0.000000000000000000e+00,-2.047916666666666430e+01,0.000000000000000000e+00,0.000000000000000000e+00,3.745833333333332860e+01,0.000000000000000000e+00,0.000000000000000000e+00,0.000000000000000000e+00,0.000000000000000000e+00,0.000000000000000000e+00,0.000000000000000000e+00,0.000000000000000000e+00,0.000000000000000000e+00,0.000000000000000000e+00,-3.125000000000000000e-01,0.000000000000000000e+00,0.000000000000000000e+00,0.000000000000000000e+00,0.000000000000000000e+00,0.000000000000000000e+00,6.250000000000000000e-01,0.000000000000000000e+00,0.000000000000000000e+00,0.000000000000000000e+00,0.000000000000000000e+00,0.000000000000000000e+00,0.000000000000000000e+00,0.000000000000000000e+00,0.000000000000000000e+00
0.000000000000000000e+00,0.000000000000000000e+00,0.000000000000000000e+00,-1.000000000000000000e+00,0.000000000000000000e+00,0.000000000000000000e+00,0.000000000000000000e+00,0.000000000000000000e+00,3.231999999999999762e+00,-3.231999999999999762e+00,5.039999999999999147e+00,0.000000000000000000e+00,0.000000000000000000e+00,0.000000000000000000e+00,-5.599999999999999423e-02,-3.463999999999999968e+00,0.000000000000000000e+00,5.271999999999999353e+00,0.000000000000000000e+00,0.000000000000000000e+00,0.000000000000000000e+00,0.000000000000000000e+00,0.000000000000000000e+00,0.000000000000000000e+00,0.000000000000000000e+00,0.000000000000000000e+00,0.000000000000000000e+00,-9.599999999999998812e-02,0.000000000000000000e+00,0.000000000000000000e+00,0.000000000000000000e+00,0.000000000000000000e+00,0.000000000000000000e+00,1.919999999999999762e-01,0.000000000000000000e+00,0.000000000000000000e+00,0.000000000000000000e+00,0.000000000000000000e+00,0.000000000000000000e+00,0.000000000000000000e+00,0.000000000000000000e+00,0.000000000000000000e+00
0.000000000000000000e+00,0.000000000000000000e+00,0.000000000000000000e+00,-6.625000000000000000e+00,0.000000000000000000e+00,0.000000000000000000e+00,0.000000000000000000e+00,0.000000000000000000e+00,2.250000000000000000e+01,-2.250000000000000000e+01,3.375000000000000000e+01,0.000000000000000000e+00,0.000000000000000000e+00,0.000000000000000000e+00,-1.875000000000000000e+00,-2.312500000000000000e+01,0.000000000000000000e+00,3.637500000000000000e+01,1.000000000000000000e+00,0.000000000000000000e+00,0.000000000000000000e+00,0.000000000000000000e+00,0.000000000000000000e+00,0.000000000000000000e+00,0.000000000000000000e+00,0.000000000000000000e+00,0.000000000000000000e+00,-5.000000000000000000e-01,0.000000000000000000e+00,0.000000000000000000e+00,0.000000000000000000e+00,0.000000000000000000e+00,0.000000000000000000e+00,0.000000000000000000e+00,0.000000000000000000e+00,0.000000000000000000e+00,0.000000000000000000e+00,0.000000000000000000e+00,0.000000000000000000e+00,0.000000000000000000e+00,0.000000000000000000e+00,0.000000000000000000e+00
0.000000000000000000e+00,0.000000000000000000e+00,0.000000000000000000e+00,-1.000000000000000000e+00,0.000000000000000000e+00,0.000000000000000000e+00,0.000000000000000000e+00,0.000000000000000000e+00,3.135135135135135087e+00,-3.135135135135135087e+00,4.918918918918918415e+00,0.000000000000000000e+00,0.000000000000000000e+00,0.000000000000000000e+00,-4.054054054054053724e-01,-3.270270270270270174e+00,0.000000000000000000e+00,5.054054054054053502e+00,0.000000000000000000e+00,0.000000000000000000e+00,0.000000000000000000e+00,0.000000000000000000e+00,0.000000000000000000e+00,0.000000000000000000e+00,0.000000000000000000e+00,0.000000000000000000e+00,0.000000000000000000e+00,-1.081081081081081002e-01,0.000000000000000000e+00,0.000000000000000000e+00,0.000000000000000000e+00,0.000000000000000000e+00,0.000000000000000000e+00,0.000000000000000000e+00,0.000000000000000000e+00,0.000000000000000000e+00,0.000000000000000000e+00,0.000000000000000000e+00,0.000000000000000000e+00,2.162162162162162005e-01,0.000000000000000000e+00,0.000000000000000000e+00
0.000000000000000000e+00,0.000000000000000000e+00,0.000000000000000000e+00,-9.250000000000000000e+00,0.000000000000000000e+00,0.000000000000000000e+00,0.000000000000000000e+00,0.000000000000000000e+00,3.300000000000000000e+01,-3.300000000000000000e+01,4.950000000000000000e+01,0.000000000000000000e+00,0.000000000000000000e+00,0.000000000000000000e+00,2.500000000000000000e-01,-3.625000000000000000e+01,0.000000000000000000e+00,5.375000000000000000e+01,0.000000000000000000e+00,0.000000000000000000e+00,0.000000000000000000e+00,0.000000000000000000e+00,1.000000000000000000e+00,0.000000000000000000e+00,0.000000000000000000e+00,0.000000000000000000e+00,0.000000000000000000e+00,-1.000000000000000000e+00,0.000000000000000000e+00,0.000000000000000000e+00,0.000000000000000000e+00,0.000000000000000000e+00,0.000000000000000000e+00,0.000000000000000000e+00,0.000000000000000000e+00,0.000000000000000000e+00,0.000000000000000000e+00,0.000000000000000000e+00,0.000000000000000000e+00,0.000000000000000000e+00,0.000000000000000000e+00,0.000000000000000000e+00
0.000000000000000000e+00,0.000000000000000000e+00,0.000000000000000000e+00,-5.500000000000000000e+00,0.000000000000000000e+00,0.000000000000000000e+00,0.000000000000000000e+00,0.000000000000000000e+00,1.600000000000000000e+01,-1.600000000000000000e+01,2.700000000000000000e+01,0.000000000000000000e+00,0.000000000000000000e+00,0.000000000000000000e+00,-2.000000000000000000e+00,-1.750000000000000000e+01,0.000000000000000000e+00,2.650000000000000000e+01,0.000000000000000000e+00,0.000000000000000000e+00,0.000000000000000000e+00,1.000000000000000000e+00,0.000000000000000000e+00,0.000000000000000000e+00,0.000000000000000000e+00,0.000000000000000000e+00,0.000000000000000000e+00,-5.000000000000000000e-01,0.000000000000000000e+00,0.000000000000000000e+00,0.000000000000000000e+00,0.000000000000000000e+00,0.000000000000000000e+00,0.000000000000000000e+00,0.000000000000000000e+00,0.000000000000000000e+00,0.000000000000000000e+00,0.000000000000000000e+00,0.000000000000000000e+00,0.000000000000000000e+00,0.000000000000000000e+00,0.000000000000000000e+00
0.000000000000000000e+00,0.000000000000000000e+00,0.000000000000000000e+00,-9.222222222222221433e+00,0.000000000000000000e+00,0.000000000000000000e+00,0.000000000000000000e+00,0.000000000000000000e+00,3.333333333333332860e+01,-3.333333333333332860e+01,4.933333333333332860e+01,0.000000000000000000e+00,0.000000000000000000e+00,0.000000000000000000e+00,0.000000000000000000e+00,-3.611111111111110716e+01,0.000000000000000000e+00,5.400000000000000000e+01,0.000000000000000000e+00,0.000000000000000000e+00,0.000000000000000000e+00,0.000000000000000000e+00,1.000000000000000000e+00,0.000000000000000000e+00,0.000000000000000000e+00,0.000000000000000000e+00,0.000000000000000000e+00,-1.000000000000000000e+00,0.000000000000000000e+00,0.000000000000000000e+00,0.000000000000000000e+00,0.000000000000000000e+00,0.000000000000000000e+00,0.000000000000000000e+00,0.000000000000000000e+00,0.000000000000000000e+00,0.000000000000000000e+00,0.000000000000000000e+00,0.000000000000000000e+00,0.000000000000000000e+00,0.000000000000000000e+00,0.000000000000000000e+00
0.000000000000000000e+00,0.000000000000000000e+00,0.000000000000000000e+00,-1.000000000000000000e+00,0.000000000000000000e+00,0.000000000000000000e+00,0.000000000000000000e+00,0.000000000000000000e+00,3.458333333333333037e+00,-3.458333333333333037e+00,5.250000000000000000e+00,0.000000000000000000e+00,0.000000000000000000e+00,0.000000000000000000e+00,0.000000000000000000e+00,-3.770833333333333037e+00,0.000000000000000000e+00,5.635416666666666075e+00,0.000000000000000000e+00,0.000000000000000000e+00,0.000000000000000000e+00,0.000000000000000000e+00,7.291666666666665741e-02,0.000000000000000000e+00,0.000000000000000000e+00,0.000000000000000000e+00,0.000000000000000000e+00,-1.041666666666666574e-01,0.000000000000000000e+00,0.000000000000000000e+00,0.000000000000000000e+00,0.000000000000000000e+00,0.000000000000000000e+00,6.250000000000000000e-02,0.000000000000000000e+00,0.000000000000000000e+00,0.000000000000000000e+00,0.000000000000000000e+00,0.000000000000000000e+00,0.000000000000000000e+00,0.000000000000000000e+00,0.000000000000000000e+00
0.000000000000000000e+00,0.000000000000000000e+00,0.000000000000000000e+00,-1.013333333333333286e+01,0.000000000000000000e+00,0.000000000000000000e+00,0.000000000000000000e+00,0.000000000000000000e+00,3.600000000000000000e+01,-3.600000000000000000e+01,5.400000000000000000e+01,0.000000000000000000e+00,0.000000000000000000e+00,0.000000000000000000e+00,0.000000000000000000e+00,-3.933333333333332860e+01,0.000000000000000000e+00,5.859999999999999432e+01,1.333333333333333315e-01,0.000000000000000000e+00,0.000000000000000000e+00,0.000000000000000000e+00,1.000000000000000000e+00,0.000000000000000000e+00,0.000000000000000000e+00,0.000000000000000000e+00,0.000000000000000000e+00,-1.066666666666666652e+00,0.000000000000000000e+00,0.000000000000000000e+00,0.000000000000000000e+00,0.000000000000000000e+00,0.000000000000000000e+00,0.000000000000000000e+00,0.000000000000000000e+00,0.000000000000000000e+00,0.000000000000000000e+00,0.000000000000000000e+00,0.000000000000000000e+00,0.000000000000000000e+00,0.000000000000000000e+00,0.000000000000000000e+00
0.000000000000000000e+00,0.000000000000000000e+00,0.000000000000000000e+00,-2.578397212543553918e-01,0.000000000000000000e+00,0.000000000000000000e+00,0.000000000000000000e+00,0.000000000000000000e+00,9.128919860627177085e-01,-9.128919860627177085e-01,1.372822299651567768e+00,0.000000000000000000e+00,0.000000000000000000e+00,0.000000000000000000e+00,0.000000000000000000e+00,-1.000000000000000000e+00,0.000000000000000000e+00,1.486062717770034736e+00,0.000000000000000000e+00,0.000000000000000000e+00,0.000000000000000000e+00,0.000000000000000000e+00,2.613240418118466593e-02,0.000000000000000000e+00,0.000000000000000000e+00,0.000000000000000000e+00,0.000000000000000000e+00,-2.787456445993031356e-02,0.000000000000000000e+00,0.000000000000000000e+00,0.000000000000000000e+00,0.000000000000000000e+00,0.000000000000000000e+00,0.000000000000000000e+00,0.000000000000000000e+00,0.000000000000000000e+00,0.000000000000000000e+00,0.000000000000000000e+00,0.000000000000000000e+00,3.484320557491289196e-03,0.000000000000000000e+00,0.000000000000000000e+00
0.000000000000000000e+00,0.000000000000000000e+00,0.000000000000000000e+00,-9.937500000000000000e+00,0.000000000000000000e+00,0.000000000000000000e+00,0.000000000000000000e+00,0.000000000000000000e+00,3.500000000000000000e+01,-3.500000000000000000e+01,5.287500000000000000e+01,0.000000000000000000e+00,0.000000000000000000e+00,0.000000000000000000e+00,0.000000000000000000e+00,-3.843750000000000000e+01,0.000000000000000000e+00,5.706250000000000000e+01,0.000000000000000000e+00,0.000000000000000000e+00,0.000000000000000000e+00,1.250000000000000000e-01,1.000000000000000000e+00,0.000000000000000000e+00,0.000000000000000000e+00,0.000000000000000000e+00,0.000000000000000000e+00,-1.062500000000000000e+00,0.000000000000000000e+00,0.000000000000000000e+00,0.000000000000000000e+00,0.000000000000000000e+00,0.000000000000000000e+00,0.000000000000000000e+00,0.000000000000000000e+00,0.000000000000000000e+00,0.000000000000000000e+00,0.000000000000000000e+00,0.000000000000000000e+00,0.000000000000000000e+00,0.000000000000000000e+00,0.000000000000000000e+00
0.000000000000000000e+00,0.000000000000000000e+00,0.000000000000000000e+00,-2.878787878787878451e-01,0.000000000000000000e+00,0.000000000000000000e+00,0.000000000000000000e+00,0.000000000000000000e+00,1.000000000000000000e+00,-1.000000000000000000e+00,1.484848484848484640e+00,0.000000000000000000e+00,0.000000000000000000e+00,0.000000000000000000e+00,0.000000000000000000e+00,-1.090909090909090828e+00,0.000000000000000000e+00,1.621212121212121104e+00,0.000000000000000000e+00,0.000000000000000000e+00,0.000000000000000000e+00,0.000000000000000000e+00,3.030303030303030040e-02,1.515151515151515020e-02,0.000000000000000000e+00,0.000000000000000000e+00,0.000000000000000000e+00,-3.030303030303030040e-02,0.000000000000000000e+00,0.000000000000000000e+00,0.000000000000000000e+00,0.000000000000000000e+00,0.000000000000000000e+00,0.000000000000000000e+00,0.000000000000000000e+00,0.000000000000000000e+00,0.000000000000000000e+00,0.000000000000000000e+00,0.000000000000000000e+00,0.000000000000000000e+00,0.000000000000000000e+00,0.000000000000000000e+00
0.000000000000000000e+00,0.000000000000000000e+00,0.000000000000000000e+00,-3.494623655913978166e-02,0.000000000000000000e+00,1.129032258064516098e-01,0.000000000000000000e+00,0.000000000000000000e+00,1.000000000000000000e+00,-1.000000000000000000e+00,0.000000000000000000e+00,0.000000000000000000e+00,0.000000000000000000e+00,0.000000000000000000e+00,-4.596774193548386900e-01,-1.344086021505376191e-02,0.000000000000000000e+00,8.790322580645161255e-01,0.000000000000000000e+00,0.000000000000000000e+00,0.000000000000000000e+00,0.000000000000000000e+00,1.612903225806451568e-02,0.000000000000000000e+00,0.000000000000000000e+00,0.000000000000000000e+00,0.000000000000000000e+00,-1.612903225806451568e-02,0.000000000000000000e+00,0.000000000000000000e+00,0.000000000000000000e+00,0.000000000000000000e+00,0.000000000000000000e+00,0.000000000000000000e+00,0.000000000000000000e+00,0.000000000000000000e+00,0.000000000000000000e+00,0.000000000000000000e+00,0.000000000000000000e+00,0.000000000000000000e+00,0.000000000000000000e+00,0.000000000000000000e+00
2.222222222222222099e-01,0.000000000000000000e+00,0.000000000000000000e+00,-9.222222222222221433e+00,0.000000000000000000e+00,0.000000000000000000e+00,0.000000000000000000e+00,0.000000000000000000e+00,3.244444444444444287e+01,-3.244444444444444287e+01,4.888888888888888573e+01,0.000000000000000000e+00,0.000000000000000000e+00,0.000000000000000000e+00,0.000000000000000000e+00,-3.566666666666666430e+01,0.000000000000000000e+00,5.288888888888888573e+01,0.000000000000000000e+00,0.000000000000000000e+00,0.000000000000000000e+00,0.000000000000000000e+00,1.000000000000000000e+00,0.000000000000000000e+00,0.000000000000000000e+00,0.000000000000000000e+00,0.000000000000000000e+00,-1.000000000000000000e+00,0.000000000000000000e+00,0.000000000000000000e+00,0.000000000000000000e+00,0.000000000000000000e+00,0.000000000000000000e+00,0.000000000000000000e+00,0.000000000000000000e+00,0.000000000000000000e+00,0.000000000000000000e+00,0.000000000000000000e+00,0.000000000000000000e+00,0.000000000000000000e+00,0.000000000000000000e+00,0.000000000000000000e+00
0.000000000000000000e+00,0.000000000000000000e+00,0.000000000000000000e+00,-1.000000000000000000e+00,0.000000000000000000e+00,2.928571428571428381e+00,0.000000000000000000e+00,0.000000000000000000e+00,2.376190476190475920e+01,-2.376190476190475920e+01,0.000000000000000000e+00,0.000000000000000000e+00,0.000000000000000000e+00,0.000000000000000000e+00,-1.098809523809523725e+01,0.000000000000000000e+00,0.000000000000000000e+00,2.054761904761904745e+01,0.000000000000000000e+00,0.000000000000000000e+00,0.000000000000000000e+00,0.000000000000000000e+00,2.142857142857142738e-01,0.000000000000000000e+00,0.000000000000000000e+00,0.000000000000000000e+00,0.000000000000000000e+00,-3.928571428571428492e-01,0.000000000000000000e+00,0.000000000000000000e+00,0.000000000000000000e+00,0.000000000000000000e+00,0.000000000000000000e+00,3.571428571428570953e-01,0.000000000000000000e+00,0.000000000000000000e+00,0.000000000000000000e+00,0.000000000000000000e+00,0.000000000000000000e+00,0.000000000000000000e+00,0.000000000000000000e+00,0.000000000000000000e+00
0.000000000000000000e+00,0.000000000000000000e+00,0.000000000000000000e+00,-3.000000000000000000e+00,0.000000000000000000e+00,8.000000000000000000e+00,0.000000000000000000e+00,0.000000000000000000e+00,5.866666666666666430e+01,-5.866666666666666430e+01,0.000000000000000000e+00,0.000000000000000000e+00,0.000000000000000000e+00,0.000000000000000000e+00,-2.733333333333333215e+01,1.000000000000000000e+00,0.000000000000000000e+00,4.966666666666666430e+01,0.000000000000000000e+00,0.000000000000000000e+00,0.000000000000000000e+00,0.000000000000000000e+00,0.000000000000000000e+00,0.000000000000000000e+00,0.000000000000000000e+00,0.000000000000000000e+00,0.000000000000000000e+00,-1.000000000000000000e+00,0.000000000000000000e+00,0.000000000000000000e+00,0.000000000000000000e+00,0.000000000000000000e+00,0.000000000000000000e+00,2.000000000000000000e+00,0.000000000000000000e+00,0.000000000000000000e+00,0.000000000000000000e+00,0.000000000000000000e+00,0.000000000000000000e+00,0.000000000000000000e+00,0.000000000000000000e+00,0.000000000000000000e+00
0.000000000000000000e+00,0.000000000000000000e+00,0.000000000000000000e+00,-1.000000000000000000e+00,0.000000000000000000e+00,2.500000000000000000e+00,0.000000000000000000e+00,0.000000000000000000e+00,1.758333333333333215e+01,-1.758333333333333215e+01,3.750000000000000000e-01,0.000000000000000000e+00,0.000000000000000000e+00,0.000000000000000000e+00,-7.979166666666666075e+00,0.000000000000000000e+00,0.000000000000000000e+00,1.495833333333333215e+01,0.000000000000000000e+00,0.000000000000000000e+00,0.000000000000000000e+00,0.000000000000000000e+00,0.000000000000000000e+00,0.000000000000000000e+00,0.000000000000000000e+00,0.000000000000000000e+00,0.000000000000000000e+00,-3.125000000000000000e-01,0.000000000000000000e+00,0.000000000000000000e+00,0.000000000000000000e+00,0.000000000000000000e+00,0.000000000000000000e+00,6.250000000000000000e-01,0.000000000000000000e+00,0.000000000000000000e+00,0.000000000000000000e+00,0.000000000000000000e+00,0.000000000000000000e+00,0.000000000000000000e+00,0.000000000000000000e+00,0.000000000000000000e+00
0.000000000000000000e+00,0.000000000000000000e+00,0.000000000000000000e+00,-2.222222222222222099e-01,0.000000000000000000e+00,2.916666666666666297e-01,0.000000000000000000e+00,0.000000000000000000e+00,1.000000000000000000e+00,-1.000000000000000000e+00,7.916666666666666297e-01,0.000000000000000000e+00,0.000000000000000000e+00,0.000000000000000000e+00,0.000000000000000000e+00,-6.944444444444444198e-01,0.000000000000000000e+00,1.083333333333333259e+00,0.000000000000000000e+00,0.000000000000000000e+00,0.000000000000000000e+00,0.000000000000000000e+00,4.166666666666666435e-02,0.000000000000000000e+00,0.000000000000000000e+00,0.000000000000000000e+00,0.000000000000000000e+00,-4.166666666666666435e-02,0.000000000000000000e+00,0.000000000000000000e+00,0.000000000000000000e+00,0.000000000000000000e+00,0.000000000000000000e+00,0.000000000000000000e+00,0.000000000000000000e+00,0.000000000000000000e+00,0.000000000000000000e+00,0.000000000000000000e+00,0.000000000000000000e+00,0.000000000000000000e+00,0.000000000000000000e+00,0.000000000000000000e+00
0.000000000000000000e+00,0.000000000000000000e+00,0.000000000000000000e+00,-1.000000000000000000e+00,0.000000000000000000e+00,1.325153374233128734e+00,0.000000000000000000e+00,0.000000000000000000e+00,3.680981595092024161e+00,-3.680981595092024161e+00,3.018404907975460016e+00,0.000000000000000000e+00,0.000000000000000000e+00,0.000000000000000000e+00,0.000000000000000000e+00,-2.349693251533742089e+00,0.000000000000000000e+00,3.699386503067484622e+00,0.000000000000000000e+00,0.000000000000000000e+00,0.000000000000000000e+00,0.000000000000000000e+00,0.000000000000000000e+00,0.000000000000000000e+00,0.000000000000000000e+00,0.000000000000000000e+00,0.000000000000000000e+00,-1.656441717791410917e-01,0.000000000000000000e+00,0.000000000000000000e+00,0.000000000000000000e+00,0.000000000000000000e+00,0.000000000000000000e+00,3.312883435582821834e-01,0.000000000000000000e+00,0.000000000000000000e+00,0.000000000000000000e+00,0.000000000000000000e+00,0.000000000000000000e+00,0.000000000000000000e+00,0.000000000000000000e+00,0.000000000000000000e+00
0.000000000000000000e+00,0.000000000000000000e+00,0.000000000000000000e+00,-2.916666666666666297e-01,0.000000000000000000e+00,5.000000000000000000e-01,0.000000000000000000e+00,0.000000000000000000e+00,1.000000000000000000e+00,-1.000000000000000000e+00,7.500000000000000000e-01,0.000000000000000000e+00,0.000000000000000000e+00,0.000000000000000000e+00,0.000000000000000000e+00,-6.250000000000000000e-01,0.000000000000000000e+00,8.750000000000000000e-01,8.333333333333332871e-02,0.000000000000000000e+00,0.000000000000000000e+00,0.000000000000000000e+00,0.000000000000000000e+00,0.000000000000000000e+00,0.000000000000000000e+00,0.000000000000000000e+00,0.000000000000000000e+00,-4.166666666666666435e-02,0.000000000000000000e+00,0.000000000000000000e+00,0.000000000000000000e+00,0.000000000000000000e+00,0.000000000000000000e+00,0.000000000000000000e+00,0.000000000000000000e+00,0.000000000000000000e+00,0.000000000000000000e+00,0.000000000000000000e+00,0.000000000000000000e+00,0.000000000000000000e+00,0.000000000000000000e+00,0.000000000000000000e+00
0.000000000000000000e+00,0.000000000000000000e+00,0.000000000000000000e+00,-5.164835164835164250e-01,0.000000000000000000e+00,7.912087912087911734e-01,0.000000000000000000e+00,0.000000000000000000e+00,1.318681318681318659e+00,-1.318681318681318659e+00,1.318681318681318659e+00,0.000000000000000000e+00,0.000000000000000000e+00,0.000000000000000000e+00,0.000000000000000000e+00,-1.000000000000000000e+00,0.000000000000000000e+00,1.087912087912087822e+00,0.000000000000000000e+00,0.000000000000000000e+00,0.000000000000000000e+00,0.000000000000000000e+00,0.000000000000000000e+00,0.000000000000000000e+00,0.000000000000000000e+00,0.000000000000000000e+00,0.000000000000000000e+00,-9.890109890109889668e-02,0.000000000000000000e+00,0.000000000000000000e+00,0.000000000000000000e+00,0.000000000000000000e+00,0.000000000000000000e+00,0.000000000000000000e+00,0.000000000000000000e+00,0.000000000000000000e+00,0.000000000000000000e+00,0.000000000000000000e+00,0.000000000000000000e+00,1.978021978021977934e-01,0.000000000000000000e+00,0.000000000000000000e+00
0.000000000000000000e+00,0.000000000000000000e+00,0.000000000000000000e+00,-1.000000000000000000e+00,0.000000000000000000e+00,1.301204819277108404e+00,0.000000000000000000e+00,0.000000000000000000e+00,3.397590361445782747e+00,-3.397590361445782747e+00,3.072289156626505591e+00,0.000000000000000000e+00,0.000000000000000000e+00,0.000000000000000000e+00,1.626506024096385505e-01,-2.397590361445782747e+00,0.000000000000000000e+00,3.469879518072288782e+00,0.000000000000000000e+00,0.000000000000000000e+00,0.000000000000000000e+00,0.000000000000000000e+00,0.000000000000000000e+00,0.000000000000000000e+00,0.000000000000000000e+00,0.000000000000000000e+00,0.000000000000000000e+00,-1.626506024096385505e-01,0.000000000000000000e+00,0.000000000000000000e+00,0.000000000000000000e+00,0.000000000000000000e+00,0.000000000000000000e+00,3.253012048192771011e-01,0.000000000000000000e+00,0.000000000000000000e+00,0.000000000000000000e+00,0.000000000000000000e+00,0.000000000000000000e+00,0.000000000000000000e+00,0.000000000000000000e+00,0.000000000000000000e+00
0.000000000000000000e+00,0.000000000000000000e+00,0.000000000000000000e+00,-2.401960784313725283e-01,0.000000000000000000e+00,3.088235294117646634e-01,0.000000000000000000e+00,0.000000000000000000e+00,1.000000000000000000e+00,-1.000000000000000000e+00,8.676470588235293269e-01,0.000000000000000000e+00,0.000000000000000000e+00,0.000000000000000000e+00,4.411764705882352533e-02,-7.598039215686274161e-01,0.000000000000000000e+00,1.102941176470588092e+00,0.000000000000000000e+00,0.000000000000000000e+00,0.000000000000000000e+00,0.000000000000000000e+00,4.411764705882352533e-02,0.000000000000000000e+00,0.000000000000000000e+00,0.000000000000000000e+00,0.000000000000000000e+00,-4.411764705882352533e-02,0.000000000000000000e+00,0.000000000000000000e+00,0.000000000000000000e+00,0.000000000000000000e+00,0.000000000000000000e+00,0.000000000000000000e+00,0.000000000000000000e+00,0.000000000000000000e+00,0.000000000000000000e+00,0.000000000000000000e+00,0.000000000000000000e+00,0.000000000000000000e+00,0.000000000000000000e+00,0.000000000000000000e+00
0.000000000000000000e+00,0.000000000000000000e+00,0.000000000000000000e+00,-3.137254901960784270e-01,0.000000000000000000e+00,5.294117647058822484e-01,0.000000000000000000e+00,0.000000000000000000e+00,1.000000000000000000e+00,-1.000000000000000000e+00,8.235294117647058432e-01,0.000000000000000000e+00,0.000000000000000000e+00,0.000000000000000000e+00,4.411764705882352533e-02,-6.862745098039214620e-01,0.000000000000000000e+00,8.823529411764705621e-01,8.823529411764705066e-02,0.000000000000000000e+00,0.000000000000000000e+00,0.000000000000000000e+00,0.000000000000000000e+00,0.000000000000000000e+00,0.000000000000000000e+00,0.000000000000000000e+00,0.000000000000000000e+00,-4.411764705882352533e-02,0.000000000000000000e+00,0.000000000000000000e+00,0.000000000000000000e+00,0.000000000000000000e+00,0.000000000000000000e+00,0.000000000000000000e+00,0.000000000000000000e+00,0.000000000000000000e+00,0.000000000000000000e+00,0.000000000000000000e+00,0.000000000000000000e+00,0.000000000000000000e+00,0.000000000000000000e+00,0.000000000000000000e+00
0.000000000000000000e+00,0.000000000000000000e+00,0.000000000000000000e+00,-6.344086021505376261e-01,0.000000000000000000e+00,5.161290322580645018e-01,0.000000000000000000e+00,0.000000000000000000e+00,1.139784946236559016e+00,-1.139784946236559016e+00,8.817204301075268758e-01,0.000000000000000000e+00,0.000000000000000000e+00,0.000000000000000000e+00,0.000000000000000000e+00,-8.172043010752687575e-01,0.000000000000000000e+00,1.000000000000000000e+00,0.000000000000000000e+00,0.000000000000000000e+00,0.000000000000000000e+00,0.000000000000000000e+00,0.000000000000000000e+00,4.408602150537634379e-01,0.000000000000000000e+00,0.000000000000000000e+00,0.000000000000000000e+00,-6.451612903225806273e-02,0.000000000000000000e+00,0.000000000000000000e+00,0.000000000000000000e+00,0.000000000000000000e+00,0.000000000000000000e+00,1.290322580645161255e-01,0.000000000000000000e+00,0.000000000000000000e+00,0.000000000000000000e+00,0.000000000000000000e+00,0.000000000000000000e+00,0.000000000000000000e+00,0.000000000000000000e+00,0.000000000000000000e+00
3.744292237442922167e-01,0.000000000000000000e+00,0.000000000000000000e+00,-7.442922374429222776e-01,0.000000000000000000e+00,9.863013698630136439e-01,0.000000000000000000e+00,0.000000000000000000e+00,1.242009132420091255e+00,-1.242009132420091255e+00,1.497716894977168867e+00,0.000000000000000000e+00,0.000000000000000000e+00,0.000000000000000000e+00,0.000000000000000000e+00,-1.000000000000000000e+00,0.000000000000000000e+00,8.812785388127852837e-01,0.000000000000000000e+00,0.000000000000000000e+00,0.000000000000000000e+00,0.000000000000000000e+00,0.000000000000000000e+00,0.000000000000000000e+00,0.000000000000000000e+00,0.000000000000000000e+00,0.000000000000000000e+00,-1.232876712328767055e-01,0.000000000000000000e+00,0.000000000000000000e+00,0.000000000000000000e+00,0.000000000000000000e+00,0.000000000000000000e+00,2.465753424657534110e-01,0.000000000000000000e+00,0.000000000000000000e+00,0.000000000000000000e+00,0.000000000000000000e+00,0.000000000000000000e+00,0.000000000000000000e+00,0.000000000000000000e+00,0.000000000000000000e+00
0.000000000000000000e+00,0.000000000000000000e+00,0.000000000000000000e+00,-4.523809523809523281e-01,0.000000000000000000e+00,5.714285714285713969e-01,0.000000000000000000e+00,0.000000000000000000e+00,1.000000000000000000e+00,-1.000000000000000000e+00,7.142857142857141906e-01,0.000000000000000000e+00,0.000000000000000000e+00,0.000000000000000000e+00,0.000000000000000000e+00,-6.666666666666666297e-01,0.000000000000000000e+00,7.857142857142856984e-01,9.523809523809523281e-02,0.000000000000000000e+00,0.000000000000000000e+00,0.000000000000000000e+00,0.000000000000000000e+00,2.142857142857142738e-01,0.000000000000000000e+00,0.000000000000000000e+00,0.000000000000000000e+00,-4.761904761904761640e-02,0.000000000000000000e+00,0.000000000000000000e+00,0.000000000000000000e+00,0.000000000000000000e+00,0.000000000000000000e+00,0.000000000000000000e+00,0.000000000000000000e+00,0.000000000000000000e+00,0.000000000000000000e+00,0.000000000000000000e+00,0.000000000000000000e+00,0.000000000000000000e+00,0.000000000000000000e+00,0.000000000000000000e+00
0.000000000000000000e+00,0.000000000000000000e+00,0.000000000000000000e+00,-5.238095238095237249e-01,0.000000000000000000e+00,7.619047619047618625e-01,0.000000000000000000e+00,0.000000000000000000e+00,1.238095238095237915e+00,-1.238095238095237915e+00,1.238095238095237915e+00,0.000000000000000000e+00,0.000000000000000000e+00,0.000000000000000000e+00,0.000000000000000000e+00,-9.523809523809523281e-01,0.000000000000000000e+00,1.000000000000000000e+00,0.000000000000000000e+00,0.000000000000000000e+00,0.000000000000000000e+00,0.000000000000000000e+00,0.000000000000000000e+00,4.761904761904761640e-02,0.000000000000000000e+00,0.000000000000000000e+00,0.000000000000000000e+00,-9.523809523809523281e-02,0.000000000000000000e+00,0.000000000000000000e+00,0.000000000000000000e+00,0.000000000000000000e+00,0.000000000000000000e+00,0.000000000000000000e+00,0.000000000000000000e+00,0.000000000000000000e+00,0.000000000000000000e+00,0.000000000000000000e+00,0.000000000000000000e+00,1.904761904761904656e-01,0.000000000000000000e+00,0.000000000000000000e+00
1.000000000000000000e+00,0.000000000000000000e+00,0.000000000000000000e+00,-3.500000000000000000e+00,0.000000000000000000e+00,6.000000000000000000e+00,0.000000000000000000e+00,0.000000000000000000e+00,8.000000000000000000e+00,-8.000000000000000000e+00,7.000000000000000000e+00,0.000000000000000000e+00,0.000000000000000000e+00,0.000000000000000000e+00,0.000000000000000000e+00,-5.500000000000000000e+00,0.000000000000000000e+00,5.500000000000000000e+00,1.000000000000000000e+00,0.000000000000000000e+00,0.000000000000000000e+00,0.000000000000000000e+00,0.000000000000000000e+00,0.000000000000000000e+00,0.000000000000000000e+00,0.000000000000000000e+00,0.000000000000000000e+00,-5.000000000000000000e-01,0.000000000000000000e+00,0.000000000000000000e+00,0.000000000000000000e+00,0.000000000000000000e+00,0.000000000000000000e+00,0.000000000000000000e+00,0.000000000000000000e+00,0.000000000000000000e+00,0.000000000000000000e+00,0.000000000000000000e+00,0.000000000000000000e+00,0.000000000000000000e+00,0.000000000000000000e+00,0.000000000000000000e+00
0.000000000000000000e+00,0.000000000000000000e+00,0.000000000000000000e+00,-1.000000000000000000e+00,0.000000000000000000e+00,1.523809523809523725e+00,0.000000000000000000e+00,0.000000000000000000e+00,2.476190476190475831e+00,-2.476190476190475831e+00,2.571428571428571175e+00,0.000000000000000000e+00,0.000000000000000000e+00,0.000000000000000000e+00,4.761904761904761640e-02,-1.952380952380952328e+00,0.000000000000000000e+00,2.047619047619047450e+00,0.000000000000000000e+00,0.000000000000000000e+00,0.000000000000000000e+00,0.000000000000000000e+00,0.000000000000000000e+00,0.000000000000000000e+00,0.000000000000000000e+00,0.000000000000000000e+00,0.000000000000000000e+00,-1.904761904761904656e-01,0.000000000000000000e+00,0.000000000000000000e+00,0.000000000000000000e+00,0.000000000000000000e+00,0.000000000000000000e+00,0.000000000000000000e+00,0.000000000000000000e+00,0.000000000000000000e+00,0.000000000000000000e+00,0.000000000000000000e+00,0.000000000000000000e+00,3.809523809523809312e-01,0.000000000000000000e+00,0.000000000000000000e+00
1.000000000000000000e+00,0.000000000000000000e+00,0.000000000000000000e+00,-2.350000000000000000e+01,0.000000000000000000e+00,3.600000000000000000e+01,0.000000000000000000e+00,0.000000000000000000e+00,5.600000000000000000e+01,-5.600000000000000000e+01,5.800000000000000000e+01,0.000000000000000000e+00,0.000000000000000000e+00,0.000000000000000000e+00,0.000000000000000000e+00,-4.350000000000000000e+01,0.000000000000000000e+00,4.450000000000000000e+01,0.000000000000000000e+00,0.000000000000000000e+00,0.000000000000000000e+00,0.000000000000000000e+00,0.000000000000000000e+00,0.000000000000000000e+00,0.000000000000000000e+00,0.000000000000000000e+00,0.000000000000000000e+00,-4.500000000000000000e+00,0.000000000000000000e+00,0.000000000000000000e+00,0.000000000000000000e+00,0.000000000000000000e+00,0.000000000000000000e+00,0.000000000000000000e+00,0.000000000000000000e+00,0.000000000000000000e+00,0.000000000000000000e+00,0.000000000000000000e+00,0.000000000000000000e+00,9.000000000000000000e+00,0.000000000000000000e+00,0.000000000000000000e+00
0.000000000000000000e+00,0.000000000000000000e+00,0.000000000000000000e+00,-5.638297872340425343e-01,0.000000000000000000e+00,5.106382978723403854e-01,0.000000000000000000e+00,0.000000000000000000e+00,1.127659574468085069e+00,-1.127659574468085069e+00,1.000000000000000000e+00,0.000000000000000000e+00,0.000000000000000000e+00,0.000000000000000000e+00,6.382978723404254817e-02,-8.723404255319148204e-01,0.000000000000000000e+00,1.053191489361702038e+00,0.000000000000000000e+00,0.000000000000000000e+00,0.000000000000000000e+00,0.000000000000000000e+00,0.000000000000000000e+00,3.085106382978722861e-01,0.000000000000000000e+00,0.000000000000000000e+00,0.000000000000000000e+00,-6.382978723404254817e-02,0.000000000000000000e+00,0.000000000000000000e+00,0.000000000000000000e+00,0.000000000000000000e+00,0.000000000000000000e+00,1.276595744680850963e-01,0.000000000000000000e+00,0.000000000000000000e+00,0.000000000000000000e+00,0.000000000000000000e+00,0.000000000000000000e+00,0.000000000000000000e+00,0.000000000000000000e+00,0.000000000000000000e+00
3.493975903614457423e-01,0.000000000000000000e+00,0.000000000000000000e+00,-1.000000000000000000e+00,0.000000000000000000e+00,1.301204819277108404e+00,0.000000000000000000e+00,0.000000000000000000e+00,2.000000000000000000e+00,-2.000000000000000000e+00,2.373493975903614217e+00,0.000000000000000000e+00,0.000000000000000000e+00,0.000000000000000000e+00,1.626506024096385505e-01,-1.698795180722891374e+00,0.000000000000000000e+00,1.722891566265060126e+00,0.000000000000000000e+00,0.000000000000000000e+00,0.000000000000000000e+00,0.000000000000000000e+00,0.000000000000000000e+00,0.000000000000000000e+00,0.000000000000000000e+00,0.000000000000000000e+00,0.000000000000000000e+00,-1.626506024096385505e-01,0.000000000000000000e+00,0.000000000000000000e+00,0.000000000000000000e+00,0.000000000000000000e+00,0.000000000000000000e+00,3.253012048192771011e-01,0.000000000000000000e+00,0.000000000000000000e+00,0.000000000000000000e+00,0.000000000000000000e+00,0.000000000000000000e+00,0.000000000000000000e+00,0.000000000000000000e+00,0.000000000000000000e+00
0.000000000000000000e+00,0.000000000000000000e+00,0.000000000000000000e+00,-3.645833333333333148e-01,0.000000000000000000e+00,5.277777777777776791e-01,0.000000000000000000e+00,0.000000000000000000e+00,9.305555555555554692e-01,-9.305555555555554692e-01,1.000000000000000000e+00,0.000000000000000000e+00,0.000000000000000000e+00,0.000000000000000000e+00,6.597222222222220989e-02,-7.673611111111110494e-01,0.000000000000000000e+00,8.368055555555554692e-01,0.000000000000000000e+00,0.000000000000000000e+00,0.000000000000000000e+00,0.000000000000000000e+00,0.000000000000000000e+00,0.000000000000000000e+00,0.000000000000000000e+00,0.000000000000000000e+00,0.000000000000000000e+00,-6.597222222222220989e-02,0.000000000000000000e+00,0.000000000000000000e+00,0.000000000000000000e+00,0.000000000000000000e+00,0.000000000000000000e+00,3.125000000000000000e-02,0.000000000000000000e+00,0.000000000000000000e+00,0.000000000000000000e+00,0.000000000000000000e+00,0.000000000000000000e+00,1.006944444444444337e-01,0.000000000000000000e+00,0.000000000000000000e+00
0.000000000000000000e+00,0.000000000000000000e+00,0.000000000000000000e+00,-8.500000000000000000e+00,0.000000000000000000e+00,7.000000000000000000e+00,0.000000000000000000e+00,0.000000000000000000e+00,1.900000000000000000e+01,-1.900000000000000000e+01,1.600000000000000000e+01,0.000000000000000000e+00,0.000000000000000000e+00,0.000000000000000000e+00,1.000000000000000000e+00,-1.600000000000000000e+01,0.000000000000000000e+00,1.950000000000000000e+01,0.000000000000000000e+00,0.000000000000000000e+00,0.000000000000000000e+00,0.000000000000000000e+00,1.000000000000000000e+00,5.500000000000000000e+00,0.000000000000000000e+00,0.000000000000000000e+00,0.000000000000000000e+00,-1.000000000000000000e+00,0.000000000000000000e+00,0.000000000000000000e+00,0.000000000000000000e+00,0.000000000000000000e+00,0.000000000000000000e+00,0.000000000000000000e+00,0.000000000000000000e+00,0.000000000000000000e+00,0.000000000000000000e+00,0.000000000000000000e+00,0.000000000000000000e+00,0.000000000000000000e+00,0.000000000000000000e+00,0.000000000000000000e+00
0.000000000000000000e+00,0.000000000000000000e+00,0.000000000000000000e+00,-1.000000000000000000e+00,0.000000000000000000e+00,1.453333333333333144e+00,0.000000000000000000e+00,0.000000000000000000e+00,2.666666666666666519e+00,-2.666666666666666519e+00,2.839999999999999858e+00,0.000000000000000000e+00,0.000000000000000000e+00,0.000000000000000000e+00,1.866666666666666474e-01,-2.253333333333332966e+00,0.000000000000000000e+00,2.466666666666666341e+00,0.000000000000000000e+00,0.000000000000000000e+00,0.000000000000000000e+00,0.000000000000000000e+00,3.999999999999999389e-02,0.000000000000000000e+00,0.000000000000000000e+00,0.000000000000000000e+00,0.000000000000000000e+00,-1.866666666666666474e-01,0.000000000000000000e+00,0.000000000000000000e+00,0.000000000000000000e+00,0.000000000000000000e+00,0.000000000000000000e+00,0.000000000000000000e+00,0.000000000000000000e+00,0.000000000000000000e+00,0.000000000000000000e+00,0.000000000000000000e+00,0.000000000000000000e+00,2.933333333333332793e-01,0.000000000000000000e+00,0.000000000000000000e+00
0.000000000000000000e+00,0.000000000000000000e+00,0.000000000000000000e+00,-1.000000000000000000e+00,0.000000000000000000e+00,1.583333333333333259e+00,0.000000000000000000e+00,0.000000000000000000e+00,2.666666666666666519e+00,-2.666666666666666519e+00,2.625000000000000000e+00,0.000000000000000000e+00,0.000000000000000000e+00,0.000000000000000000e+00,1.666666666666666574e-01,-2.083333333333333037e+00,0.000000000000000000e+00,2.291666666666666519e+00,1.250000000000000000e-01,0.000000000000000000e+00,0.000000000000000000e+00,0.000000000000000000e+00,0.000000000000000000e+00,0.000000000000000000e+00,0.000000000000000000e+00,0.000000000000000000e+00,0.000000000000000000e+00,-1.666666666666666574e-01,0.000000000000000000e+00,0.000000000000000000e+00,0.000000000000000000e+00,0.000000000000000000e+00,0.000000000000000000e+00,0.000000000000000000e+00,0.000000000000000000e+00,0.000000000000000000e+00,0.000000000000000000e+00,0.000000000000000000e+00,0.000000000000000000e+00,2.083333333333333148e-01,0.000000000000000000e+00,0.000000000000000000e+00
0.000000000000000000e+00,0.000000000000000000e+00,0.000000000000000000e+00,-4.047619047619047117e-01,0.000000000000000000e+00,5.714285714285713969e-01,0.000000000000000000e+00,0.000000000000000000e+00,1.000000000000000000e+00,-1.000000000000000000e+00,8.095238095238094234e-01,0.000000000000000000e+00,0.000000000000000000e+00,0.000000000000000000e+00,4.761904761904761640e-02,-7.142857142857141906e-01,0.000000000000000000e+00,8.333333333333332593e-01,9.523809523809523281e-02,0.000000000000000000e+00,0.000000000000000000e+00,0.000000000000000000e+00,0.000000000000000000e+00,1.190476190476190410e-01,0.000000000000000000e+00,0.000000000000000000e+00,0.000000000000000000e+00,-4.761904761904761640e-02,0.000000000000000000e+00,0.000000000000000000e+00,0.000000000000000000e+00,0.000000000000000000e+00,0.000000000000000000e+00,0.000000000000000000e+00,0.000000000000000000e+00,0.000000000000000000e+00,0.000000000000000000e+00,0.000000000000000000e+00,0.000000000000000000e+00,0.000000000000000000e+00,0.000000000000000000e+00,0.000000000000000000e+00
1.896551724137930939e-01,0.000000000000000000e+00,0.000000000000000000e+00,-4.224137931034482318e-01,0.000000000000000000e+00,5.431034482758619886e-01,0.000000000000000000e+00,0.000000000000000000e+00,1.000000000000000000e+00,-1.000000000000000000e+00,1.146551724137930828e+00,0.000000000000000000e+00,0.000000000000000000e+00,0.000000000000000000e+00,7.758620689655171265e-02,-9.568965517241379004e-01,0.000000000000000000e+00,9.913793103448275135e-01,0.000000000000000000e+00,0.000000000000000000e+00,0.000000000000000000e+00,0.000000000000000000e+00,7.758620689655171265e-02,0.000000000000000000e+00,0.000000000000000000e+00,0.000000000000000000e+00,0.000000000000000000e+00,-7.758620689655171265e-02,0.000000000000000000e+00,0.000000000000000000e+00,0.000000000000000000e+00,0.000000000000000000e+00,0.000000000000000000e+00,0.000000000000000000e+00,0.000000000000000000e+00,0.000000000000000000e+00,0.000000000000000000e+00,0.000000000000000000e+00,0.000000000000000000e+00,0.000000000000000000e+00,0.000000000000000000e+00,0.000000000000000000e+00
1.562500000000000000e-01,0.000000000000000000e+00,0.000000000000000000e+00,-1.000000000000000000e+00,0.000000000000000000e+00,1.687500000000000000e+00,0.000000000000000000e+00,0.000000000000000000e+00,2.562500000000000000e+00,-2.562500000000000000e+00,2.312500000000000000e+00,0.000000000000000000e+00,0.000000000000000000e+00,0.000000000000000000e+00,1.406250000000000000e-01,-1.875000000000000000e+00,0.000000000000000000e+00,2.031250000000000000e+00,2.812500000000000000e-01,0.000000000000000000e+00,0.000000000000000000e+00,0.000000000000000000e+00,0.000000000000000000e+00,0.000000000000000000e+00,0.000000000000000000e+00,0.000000000000000000e+00,0.000000000000000000e+00,-1.406250000000000000e-01,0.000000000000000000e+00,0.000000000000000000e+00,0.000000000000000000e+00,0.000000000000000000e+00,0.000000000000000000e+00,0.000000000000000000e+00,0.000000000000000000e+00,0.000000000000000000e+00,0.000000000000000000e+00,0.000000000000000000e+00,0.000000000000000000e+00,0.000000000000000000e+00,0.000000000000000000e+00,0.000000000000000000e+00
0.000000000000000000e+00,-2.118643342378865625e-03,0.000000000000000000e+00,-1.318069209961948332e+02,0.000000000000000000e+00,0.000000000000000000e+00,0.000000000000000000e+00,0.000000000000000000e+00,4.061840558703647162e+02,-4.061840558703647162e+02,5.948370481617247378e+02,0.000000000000000000e+00,0.000000000000000000e+00,0.000000000000000000e+00,7.646507295618800271e+00,-4.275591818943004228e+02,0.000000000000000000e+00,6.577869364624554009e+02,0.000000000000000000e+00,-5.000000000000000000e-01,0.000000000000000000e+00,0.000000000000000000e+00,0.000000000000000000e+00,2.681882850146043751e+01,-7.203389841962437590e-02,0.000000000000000000e+00,0.000000000000000000e+00,-7.646507295618800271e+00,0.000000000000000000e+00,0.000000000000000000e+00,0.000000000000000000e+00,0.000000000000000000e+00,-4.005028435905194861e+00,0.000000000000000000e+00,0.000000000000000000e+00,-3.765098521543413512e-01,0.000000000000000000e+00,0.000000000000000000e+00,0.000000000000000000e+00,0.000000000000000000e+00,0.000000000000000000e+00,2.252612995032429399e+00
0.000000000000000000e+00,-2.118643342378865625e-03,0.000000000000000000e+00,-1.169075718287168257e+02,0.000000000000000000e+00,0.000000000000000000e+00,0.000000000000000000e+00,0.000000000000000000e+00,4.240632748713383080e+02,-4.240632748713383080e+02,6.127162671626983865e+02,0.000000000000000000e+00,0.000000000000000000e+00,0.000000000000000000e+00,7.646507295618800271e+00,-4.335189215612916769e+02,0.000000000000000000e+00,6.846057649639158171e+02,0.000000000000000000e+00,-5.000000000000000000e-01,0.000000000000000000e+00,0.000000000000000000e+00,0.000000000000000000e+00,0.000000000000000000e+00,-7.203389841962437590e-02,0.000000000000000000e+00,0.000000000000000000e+00,-7.646507295618800271e+00,0.000000000000000000e+00,0.000000000000000000e+00,0.000000000000000000e+00,0.000000000000000000e+00,-4.005028435905194861e+00,0.000000000000000000e+00,0.000000000000000000e+00,-3.765098521543413512e-01,0.000000000000000000e+00,0.000000000000000000e+00,0.000000000000000000e+00,0.000000000000000000e+00,0.000000000000000000e+00,2.252612995032429399e+00
0.000000000000000000e+00,-2.118643342378865625e-03,0.000000000000000000e+00,-2.066173373423739577e+02,0.000000000000000000e+00,0.000000000000000000e+00,0.000000000000000000e+00,0.000000000000000000e+00,6.913105483595755913e+02,-6.913105483595755913e+02,1.066283822871608209e+03,0.000000000000000000e+00,0.000000000000000000e+00,0.000000000000000000e+00,1.611561103292209651e+01,-7.465620893327245540e+02,0.000000000000000000e+00,1.136291297620091655e+03,0.000000000000000000e+00,-5.000000000000000000e-01,0.000000000000000000e+00,0.000000000000000000e+00,0.000000000000000000e+00,0.000000000000000000e+00,-7.203389841962437590e-02,0.000000000000000000e+00,0.000000000000000000e+00,-1.611561103292209651e+01,0.000000000000000000e+00,0.000000000000000000e+00,0.000000000000000000e+00,0.000000000000000000e+00,-4.005028435905194861e+00,1.693820747460658893e+01,0.000000000000000000e+00,-3.765098521543413512e-01,0.000000000000000000e+00,0.000000000000000000e+00,0.000000000000000000e+00,0.000000000000000000e+00,0.000000000000000000e+00,2.252612995032429399e+00
0.000000000000000000e+00,-2.118643342378865625e-03,0.000000000000000000e+00,-1.445105766021497686e+02,0.000000000000000000e+00,0.000000000000000000e+00,0.000000000000000000e+00,0.000000000000000000e+00,4.880520586642965668e+02,-4.880520586642965668e+02,7.501039500122851678e+02,0.000000000000000000e+00,0.000000000000000000e+00,0.000000000000000000e+00,1.046954187471989961e+01,-5.263653921628389298e+02,0.000000000000000000e+00,8.031732172861619574e+02,0.000000000000000000e+00,-5.000000000000000000e-01,0.000000000000000000e+00,0.000000000000000000e+00,0.000000000000000000e+00,0.000000000000000000e+00,-7.203389841962437590e-02,0.000000000000000000e+00,0.000000000000000000e+00,-1.046954187471989961e+01,0.000000000000000000e+00,0.000000000000000000e+00,0.000000000000000000e+00,0.000000000000000000e+00,-4.005028435905194861e+00,0.000000000000000000e+00,0.000000000000000000e+00,-3.765098521543413512e-01,0.000000000000000000e+00,0.000000000000000000e+00,0.000000000000000000e+00,5.646069158202196903e+00,0.000000000000000000e+00,2.252612995032429399e+00
0.000000000000000000e+00,-2.118643342378865625e-03,0.000000000000000000e+00,-1.478982180970710942e+02,0.000000000000000000e+00,0.000000000000000000e+00,0.000000000000000000e+00,0.000000000000000000e+00,4.920043070750381276e+02,-4.920043070750381276e+02,7.664775505710715606e+02,0.000000000000000000e+00,0.000000000000000000e+00,0.000000000000000000e+00,1.032839014576484438e+01,-5.348344959001422012e+02,0.000000000000000000e+00,8.133361417709259058e+02,0.000000000000000000e+00,-5.000000000000000000e-01,0.000000000000000000e+00,5.363765700292087324e+00,0.000000000000000000e+00,0.000000000000000000e+00,-7.203389841962437590e-02,0.000000000000000000e+00,0.000000000000000000e+00,-1.032839014576484438e+01,0.000000000000000000e+00,0.000000000000000000e+00,0.000000000000000000e+00,0.000000000000000000e+00,-4.005028435905194861e+00,0.000000000000000000e+00,0.000000000000000000e+00,-3.765098521543413512e-01,0.000000000000000000e+00,0.000000000000000000e+00,0.000000000000000000e+00,0.000000000000000000e+00,0.000000000000000000e+00,2.252612995032429399e+00
0.000000000000000000e+00,-2.118643342378865625e-03,0.000000000000000000e+00,-2.837802825044706196e+02,0.000000000000000000e+00,0.000000000000000000e+00,0.000000000000000000e+00,0.000000000000000000e+00,9.961982829024942703e+02,-9.961982829024942703e+02,1.506677217211379684e+03,0.000000000000000000e+00,0.000000000000000000e+00,0.000000000000000000e+00,2.552572629659242409e+01,-1.089090284930324515e+03,0.000000000000000000e+00,1.632204372015517947e+03,0.000000000000000000e+00,-5.000000000000000000e-01,0.000000000000000000e+00,0.000000000000000000e+00,1.787921900097362382e+01,0.000000000000000000e+00,-7.203389841962437590e-02,0.000000000000000000e+00,0.000000000000000000e+00,-2.552572629659242409e+01,0.000000000000000000e+00,0.000000000000000000e+00,0.000000000000000000e+00,0.000000000000000000e+00,-4.005028435905194861e+00,0.000000000000000000e+00,0.000000000000000000e+00,-3.765098521543413512e-01,0.000000000000000000e+00,0.000000000000000000e+00,0.000000000000000000e+00,0.000000000000000000e+00,0.000000000000000000e+00,2.252612995032429399e+00
0.000000000000000000e+00,-2.118643342378865625e-03,0.000000000000000000e+00,-1.558027149185541873e+02,0.000000000000000000e+00,0.000000000000000000e+00,0.000000000000000000e+00,0.000000000000000000e+00,5.332206119299140710e+02,-5.332206119299140710e+02,8.122107107525093852e+02,0.000000000000000000e+00,0.000000000000000000e+00,0.000000000000000000e+00,1.046954187471989961e+01,-5.715339454284564908e+02,0.000000000000000000e+00,8.765721163427905367e+02,5.646069158202196903e+00,-5.000000000000000000e-01,0.000000000000000000e+00,0.000000000000000000e+00,0.000000000000000000e+00,0.000000000000000000e+00,-7.203389841962437590e-02,0.000000000000000000e+00,0.000000000000000000e+00,-1.046954187471989961e+01,0.000000000000000000e+00,0.000000000000000000e+00,0.000000000000000000e+00,0.000000000000000000e+00,-4.005028435905194861e+00,0.000000000000000000e+00,0.000000000000000000e+00,-3.765098521543413512e-01,0.000000000000000000e+00,0.000000000000000000e+00,0.000000000000000000e+00,0.000000000000000000e+00,0.000000000000000000e+00,2.252612995032429399e+00
1.191947933398241588e+01,-2.118643342378865625e-03,0.000000000000000000e+00,-1.169075718287168257e+02,0.000000000000000000e+00,0.000000000000000000e+00,0.000000000000000000e+00,0.000000000000000000e+00,3.763853575354086729e+02,-3.763853575354086729e+02,5.888773084947335974e+02,0.000000000000000000e+00,0.000000000000000000e+00,0.000000000000000000e+00,7.646507295618800271e+00,-4.096799628933268309e+02,0.000000000000000000e+00,6.250083682940037306e+02,0.000000000000000000e+00,-5.000000000000000000e-01,0.000000000000000000e+00,0.000000000000000000e+00,0.000000000000000000e+00,0.000000000000000000e+00,-7.203389841962437590e-02,0.000000000000000000e+00,0.000000000000000000e+00,-7.646507295618800271e+00,0.000000000000000000e+00,0.000000000000000000e+00,0.000000000000000000e+00,0.000000000000000000e+00,-4.005028435905194861e+00,0.000000000000000000e+00,0.000000000000000000e+00,-3.765098521543413512e-01,0.000000000000000000e+00,0.000000000000000000e+00,0.000000000000000000e+00,0.000000000000000000e+00,0.000000000000000000e+00,2.252612995032429399e+00
0.000000000000000000e+00,-2.118643342378865625e-03,0.000000000000000000e+00,-1.318069209961948332e+02,0.000000000000000000e+00,5.398790952774562868e+01,0.000000000000000000e+00,0.000000000000000000e+00,2.982082368148734304e+02,-2.982082368148734304e+02,3.248975005229966655e+02,0.000000000000000000e+00,0.000000000000000000e+00,0.000000000000000000e+00,7.646507295618800271e+00,-2.655954533110635793e+02,0.000000000000000000e+00,3.878473888237272718e+02,0.000000000000000000e+00,-5.000000000000000000e-01,0.000000000000000000e+00,0.000000000000000000e+00,0.000000000000000000e+00,8.080673802920605908e+01,-7.203389841962437590e-02,0.000000000000000000e+00,0.000000000000000000e+00,-7.646507295618800271e+00,0.000000000000000000e+00,0.000000000000000000e+00,0.000000000000000000e+00,0.000000000000000000e+00,-4.005028435905194861e+00,0.000000000000000000e+00,0.000000000000000000e+00,-3.765098521543413512e-01,0.000000000000000000e+00,0.000000000000000000e+00,0.000000000000000000e+00,0.000000000000000000e+00,0.000000000000000000e+00,2.252612995032429399e+00
0.000000000000000000e+00,-2.118643342378865625e-03,0.000000000000000000e+00,-8.691428875774703044e+01,0.000000000000000000e+00,5.398790952774562868e+01,0.000000000000000000e+00,0.000000000000000000e+00,3.520793955010108220e+02,-3.520793955010108220e+02,3.787686592091340003e+02,0.000000000000000000e+00,0.000000000000000000e+00,0.000000000000000000e+00,7.646507295618800271e+00,-2.835525062064426720e+02,0.000000000000000000e+00,4.686541268529333593e+02,0.000000000000000000e+00,-5.000000000000000000e-01,0.000000000000000000e+00,0.000000000000000000e+00,0.000000000000000000e+00,0.000000000000000000e+00,-7.203389841962437590e-02,0.000000000000000000e+00,0.000000000000000000e+00,-7.646507295618800271e+00,0.000000000000000000e+00,0.000000000000000000e+00,0.000000000000000000e+00,0.000000000000000000e+00,-4.005028435905194861e+00,0.000000000000000000e+00,0.000000000000000000e+00,-3.765098521543413512e-01,0.000000000000000000e+00,0.000000000000000000e+00,0.000000000000000000e+00,0.000000000000000000e+00,0.000000000000000000e+00,2.252612995032429399e+00
3.591410579075824927e+01,-2.118643342378865625e-03,0.000000000000000000e+00,-8.691428875774703044e+01,0.000000000000000000e+00,5.398790952774562868e+01,0.000000000000000000e+00,0.000000000000000000e+00,2.084229723379778250e+02,-2.084229723379778250e+02,3.069404476276175160e+02,0.000000000000000000e+00,0.000000000000000000e+00,0.000000000000000000e+00,7.646507295618800271e+00,-2.117242946249261877e+02,0.000000000000000000e+00,2.890835978991420916e+02,0.000000000000000000e+00,-5.000000000000000000e-01,0.000000000000000000e+00,0.000000000000000000e+00,0.000000000000000000e+00,0.000000000000000000e+00,-7.203389841962437590e-02,0.000000000000000000e+00,0.000000000000000000e+00,-7.646507295618800271e+00,0.000000000000000000e+00,0.000000000000000000e+00,0.000000000000000000e+00,0.000000000000000000e+00,-4.005028435905194861e+00,0.000000000000000000e+00,0.000000000000000000e+00,-3.765098521543413512e-01,0.000000000000000000e+00,0.000000000000000000e+00,0.000000000000000000e+00,0.000000000000000000e+00,0.000000000000000000e+00,2.252612995032429399e+00
0.000000000000000000e+00,-2.118643342378865625e-03,0.000000000000000000e+00,-3.742271350838130388e+02,0.000000000000000000e+00,4.849571790168446341e+02,0.000000000000000000e+00,0.000000000000000000e+00,9.985332997346594084e+02,-9.985332997346594084e+02,1.132964880815057313e+03,0.000000000000000000e+00,0.000000000000000000e+00,0.000000000000000000e+00,6.151766598175618128e+01,-8.581781988585746603e+02,0.000000000000000000e+00,1.007365713714307162e+03,0.000000000000000000e+00,-5.000000000000000000e-01,0.000000000000000000e+00,0.000000000000000000e+00,0.000000000000000000e+00,0.000000000000000000e+00,-7.203389841962437590e-02,0.000000000000000000e+00,0.000000000000000000e+00,-6.151766598175618128e+01,0.000000000000000000e+00,0.000000000000000000e+00,0.000000000000000000e+00,0.000000000000000000e+00,-4.005028435905194861e+00,0.000000000000000000e+00,0.000000000000000000e+00,-3.765098521543413512e-01,0.000000000000000000e+00,0.000000000000000000e+00,0.000000000000000000e+00,1.077423173722747549e+02,0.000000000000000000e+00,2.252612995032429399e+00
0.000000000000000000e+00,-2.118643342378865625e-03,0.000000000000000000e+00,-1.394534282918136228e+02,0.000000000000000000e+00,5.398790952774562868e+01,0.000000000000000000e+00,0.000000000000000000e+00,2.982082368148734304e+02,-2.982082368148734304e+02,3.096044859317590294e+02,0.000000000000000000e+00,0.000000000000000000e+00,0.000000000000000000e+00,0.000000000000000000e+00,-2.579489460154447329e+02,0.000000000000000000e+00,3.802008815281084821e+02,0.000000000000000000e+00,-5.000000000000000000e-01,0.000000000000000000e+00,0.000000000000000000e+00,0.000000000000000000e+00,9.609975262044366673e+01,-7.203389841962437590e-02,0.000000000000000000e+00,0.000000000000000000e+00,-7.646507295618800271e+00,0.000000000000000000e+00,0.000000000000000000e+00,0.000000000000000000e+00,0.000000000000000000e+00,-4.005028435905194861e+00,0.000000000000000000e+00,0.000000000000000000e+00,-3.765098521543413512e-01,0.000000000000000000e+00,0.000000000000000000e+00,0.000000000000000000e+00,0.000000000000000000e+00,0.000000000000000000e+00,2.252612995032429399e+00
0.000000000000000000e+00,-2.118643342378865625e-03,0.000000000000000000e+00,-1.394534282918136228e+02,0.000000000000000000e+00,0.000000000000000000e+00,0.000000000000000000e+00,0.000000000000000000e+00,4.061840558703647162e+02,-4.061840558703647162e+02,5.795440335704871586e+02,0.000000000000000000e+00,0.000000000000000000e+00,0.000000000000000000e+00,0.000000000000000000e+00,-4.199126745986816331e+02,0.000000000000000000e+00,6.501404291668366113e+02,0.000000000000000000e+00,-5.000000000000000000e-01,0.000000000000000000e+00,0.000000000000000000e+00,0.000000000000000000e+00,4.211184309269803805e+01,-7.203389841962437590e-02,0.000000000000000000e+00,0.000000000000000000e+00,-7.646507295618800271e+00,0.000000000000000000e+00,0.000000000000000000e+00,0.000000000000000000e+00,0.000000000000000000e+00,-4.005028435905194861e+00,0.000000000000000000e+00,0.000000000000000000e+00,-3.765098521543413512e-01,0.000000000000000000e+00,0.000000000000000000e+00,0.000000000000000000e+00,0.000000000000000000e+00,0.000000000000000000e+00,2.252612995032429399e+00
0.000000000000000000e+00,-2.118643342378865625e-03,0.000000000000000000e+00,-1.160579599069813952e+02,0.000000000000000000e+00,0.000000000000000000e+00,0.000000000000000000e+00,0.000000000000000000e+00,4.342586179321634177e+02,-4.342586179321634177e+02,6.076185956322858601e+02,0.000000000000000000e+00,0.000000000000000000e+00,0.000000000000000000e+00,0.000000000000000000e+00,-4.292708619526145526e+02,0.000000000000000000e+00,6.922522722595346067e+02,0.000000000000000000e+00,-5.000000000000000000e-01,0.000000000000000000e+00,0.000000000000000000e+00,0.000000000000000000e+00,0.000000000000000000e+00,-7.203389841962437590e-02,0.000000000000000000e+00,0.000000000000000000e+00,-7.646507295618800271e+00,0.000000000000000000e+00,0.000000000000000000e+00,0.000000000000000000e+00,0.000000000000000000e+00,-4.005028435905194861e+00,0.000000000000000000e+00,0.000000000000000000e+00,-3.765098521543413512e-01,0.000000000000000000e+00,0.000000000000000000e+00,0.000000000000000000e+00,0.000000000000000000e+00,0.000000000000000000e+00,2.252612995032429399e+00
0.000000000000000000e+00,-2.118643342378865625e-03,0.000000000000000000e+00,-4.943961057874113862e+02,0.000000000000000000e+00,0.000000000000000000e+00,0.000000000000000000e+00,0.000000000000000000e+00,1.621411527973936700e+03,-1.621411527973936700e+03,2.516688815834596880e+03,0.000000000000000000e+00,0.000000000000000000e+00,0.000000000000000000e+00,0.000000000000000000e+00,-1.743427743226334314e+03,0.000000000000000000e+00,2.653460964862329092e+03,0.000000000000000000e+00,-5.000000000000000000e-01,0.000000000000000000e+00,0.000000000000000000e+00,0.000000000000000000e+00,0.000000000000000000e+00,-7.203389841962437590e-02,0.000000000000000000e+00,0.000000000000000000e+00,-4.374237280364568647e+01,0.000000000000000000e+00,0.000000000000000000e+00,0.000000000000000000e+00,0.000000000000000000e+00,-4.005028435905194861e+00,7.219173101605377951e+01,0.000000000000000000e+00,-3.765098521543413512e-01,0.000000000000000000e+00,0.000000000000000000e+00,0.000000000000000000e+00,0.000000000000000000e+00,0.000000000000000000e+00,2.252612995032429399e+00
4.271100116464162966e+01,-2.118643342378865625e-03,0.000000000000000000e+00,-8.606467683601159990e+01,0.000000000000000000e+00,5.398790952774562868e+01,0.000000000000000000e+00,0.000000000000000000e+00,1.914307339032693562e+02,-1.914307339032693562e+02,2.882489853494382146e+02,0.000000000000000000e+00,0.000000000000000000e+00,0.000000000000000000e+00,0.000000000000000000e+00,-1.938824442684823168e+02,0.000000000000000000e+00,2.627456283253440006e+02,0.000000000000000000e+00,-5.000000000000000000e-01,0.000000000000000000e+00,0.000000000000000000e+00,0.000000000000000000e+00,0.000000000000000000e+00,-7.203389841962437590e-02,0.000000000000000000e+00,0.000000000000000000e+00,-7.646507295618800271e+00,0.000000000000000000e+00,0.000000000000000000e+00,0.000000000000000000e+00,0.000000000000000000e+00,-4.005028435905194861e+00,0.000000000000000000e+00,0.000000000000000000e+00,-3.765098521543413512e-01,0.000000000000000000e+00,0.000000000000000000e+00,0.000000000000000000e+00,0.000000000000000000e+00,0.000000000000000000e+00,2.252612995032429399e+00
0.000000000000000000e+00,-2.118643342378865625e-03,0.000000000000000000e+00,-1.703354465597921887e+02,0.000000000000000000e+00,0.000000000000000000e+00,0.000000000000000000e+00,0.000000000000000000e+00,5.690165158287970826e+02,-5.690165158287970826e+02,8.771343914255533036e+02,0.000000000000000000e+00,0.000000000000000000e+00,0.000000000000000000e+00,0.000000000000000000e+00,-6.108196966189127579e+02,0.000000000000000000e+00,9.336935059910034624e+02,0.000000000000000000e+00,-5.000000000000000000e-01,0.000000000000000000e+00,0.000000000000000000e+00,0.000000000000000000e+00,0.000000000000000000e+00,-7.203389841962437590e-02,0.000000000000000000e+00,0.000000000000000000e+00,-1.326141970797853809e+01,0.000000000000000000e+00,0.000000000000000000e+00,0.000000000000000000e+00,0.000000000000000000e+00,-4.005028435905194861e+00,0.000000000000000000e+00,0.000000000000000000e+00,-3.765098521543413512e-01,0.000000000000000000e+00,0.000000000000000000e+00,0.000000000000000000e+00,1.122982482471947563e+01,0.000000000000000000e+00,2.252612995032429399e+00
0.000000000000000000e+00,-2.118643342378865625e-03,0.000000000000000000e+00,-1.763012909979244114e+02,0.000000000000000000e+00,0.000000000000000000e+00,0.000000000000000000e+00,0.000000000000000000e+00,5.746314282411568684e+02,-5.746314282411568684e+02,9.059108175388969357e+02,0.000000000000000000e+00,0.000000000000000000e+00,0.000000000000000000e+00,0.000000000000000000e+00,-6.252079096755845740e+02,0.000000000000000000e+00,9.501873112023101839e+02,0.000000000000000000e+00,-5.000000000000000000e-01,0.000000000000000000e+00,1.052796077317450951e+01,0.000000000000000000e+00,0.000000000000000000e+00,-7.203389841962437590e-02,0.000000000000000000e+00,0.000000000000000000e+00,-1.291048768220605503e+01,0.000000000000000000e+00,0.000000000000000000e+00,0.000000000000000000e+00,0.000000000000000000e+00,-4.005028435905194861e+00,0.000000000000000000e+00,0.000000000000000000e+00,-3.765098521543413512e-01,0.000000000000000000e+00,0.000000000000000000e+00,0.000000000000000000e+00,0.000000000000000000e+00,0.000000000000000000e+00,2.252612995032429399e+00
0.000000000000000000e+00,-2.118643342378865625e-03,0.000000000000000000e+00,-1.927950962092311613e+02,0.000000000000000000e+00,0.000000000000000000e+00,0.000000000000000000e+00,0.000000000000000000e+00,6.588551144265528592e+02,-6.588551144265528592e+02,1.000662464497467568e+03,0.000000000000000000e+00,0.000000000000000000e+00,0.000000000000000000e+00,0.000000000000000000e+00,-7.006582952166685345e+02,0.000000000000000000e+00,1.079681228712356642e+03,1.122982482471947563e+01,-5.000000000000000000e-01,0.000000000000000000e+00,0.000000000000000000e+00,0.000000000000000000e+00,0.000000000000000000e+00,-7.203389841962437590e-02,0.000000000000000000e+00,0.000000000000000000e+00,-1.326141970797853809e+01,0.000000000000000000e+00,0.000000000000000000e+00,0.000000000000000000e+00,0.000000000000000000e+00,-4.005028435905194861e+00,0.000000000000000000e+00,0.000000000000000000e+00,-3.765098521543413512e-01,0.000000000000000000e+00,0.000000000000000000e+00,0.000000000000000000e+00,0.000000000000000000e+00,0.000000000000000000e+00,2.252612995032429399e+00
1.871637470786579271e+01,-2.118643342378865625e-03,0.000000000000000000e+00,-1.160579599069813952e+02,0.000000000000000000e+00,0.000000000000000000e+00,0.000000000000000000e+00,0.000000000000000000e+00,3.593931191007002326e+02,-3.593931191007002326e+02,5.701858462165542960e+02,0.000000000000000000e+00,0.000000000000000000e+00,0.000000000000000000e+00,0.000000000000000000e+00,-3.918381125368829316e+02,0.000000000000000000e+00,5.986703987202056396e+02,0.000000000000000000e+00,-5.000000000000000000e-01,0.000000000000000000e+00,0.000000000000000000e+00,0.000000000000000000e+00,0.000000000000000000e+00,-7.203389841962437590e-02,0.000000000000000000e+00,0.000000000000000000e+00,-7.646507295618800271e+00,0.000000000000000000e+00,0.000000000000000000e+00,0.000000000000000000e+00,0.000000000000000000e+00,-4.005028435905194861e+00,0.000000000000000000e+00,0.000000000000000000e+00,-3.765098521543413512e-01,0.000000000000000000e+00,0.000000000000000000e+00,0.000000000000000000e+00,0.000000000000000000e+00,0.000000000000000000e+00,2.252612995032429399e+00
0.000000000000000000e+00,-2.118643342378865625e-03,0.000000000000000000e+00,-8.606467683601159990e+01,0.000000000000000000e+00,5.398790952774562868e+01,0.000000000000000000e+00,0.000000000000000000e+00,3.622747385618358749e+02,-3.622747385618358749e+02,3.736709876787214739e+02,0.000000000000000000e+00,0.000000000000000000e+00,0.000000000000000000e+00,0.000000000000000000e+00,-2.793044465977655477e+02,0.000000000000000000e+00,4.763006341485521489e+02,0.000000000000000000e+00,-5.000000000000000000e-01,0.000000000000000000e+00,0.000000000000000000e+00,0.000000000000000000e+00,0.000000000000000000e+00,-7.203389841962437590e-02,0.000000000000000000e+00,0.000000000000000000e+00,-7.646507295618800271e+00,0.000000000000000000e+00,0.000000000000000000e+00,0.000000000000000000e+00,0.000000000000000000e+00,-4.005028435905194861e+00,0.000000000000000000e+00,0.000000000000000000e+00,-3.765098521543413512e-01,0.000000000000000000e+00,0.000000000000000000e+00,0.000000000000000000e+00,0.000000000000000000e+00,0.000000000000000000e+00,2.252612995032429399e+00
0.000000000000000000e+00,-2.118643342378865625e-03,0.000000000000000000e+00,-3.448219326772546367e+01,0.000000000000000000e+00,9.677196704041540443e+01,0.000000000000000000e+00,0.000000000000000000e+00,1.558849317802311589e+03,-1.558849317802311589e+03,0.000000000000000000e+00,0.000000000000000000e+00,0.000000000000000000e+00,1.069601437816744394e+01,-7.369907187578450021e+02,0.000000000000000000e+00,0.000000000000000000e+00,1.453951676415164684e+03,0.000000000000000000e+00,-5.000000000000000000e-01,0.000000000000000000e+00,0.000000000000000000e+00,0.000000000000000000e+00,0.000000000000000000e+00,-7.203389841962437590e-02,0.000000000000000000e+00,0.000000000000000000e+00,-1.299451448470252224e+01,0.000000000000000000e+00,0.000000000000000000e+00,0.000000000000000000e+00,0.000000000000000000e+00,-4.005028435905194861e+00,0.000000000000000000e+00,0.000000000000000000e+00,-3.765098521543413512e-01,0.000000000000000000e+00,0.000000000000000000e+00,0.000000000000000000e+00,0.000000000000000000e+00,0.000000000000000000e+00,2.252612995032429399e+00
0.000000000000000000e+00,-2.118643342378865625e-03,0.000000000000000000e+00,-1.419506353043678928e+02,0.000000000000000000e+00,7.255104346184904784e+01,0.000000000000000000e+00,0.000000000000000000e+00,2.813693975630126829e+02,-2.813693975630126829e+02,2.523692594688256747e+02,0.000000000000000000e+00,0.000000000000000000e+00,0.000000000000000000e+00,7.646507295618800271e+00,-2.301934801250994269e+02,0.000000000000000000e+00,3.254628620777293690e+02,0.000000000000000000e+00,-5.000000000000000000e-01,0.000000000000000000e+00,0.000000000000000000e+00,0.000000000000000000e+00,1.095135862714825379e+02,-7.203389841962437590e-02,0.000000000000000000e+00,0.000000000000000000e+00,-7.646507295618800271e+00,0.000000000000000000e+00,0.000000000000000000e+00,0.000000000000000000e+00,0.000000000000000000e+00,-4.005028435905194861e+00,0.000000000000000000e+00,0.000000000000000000e+00,-3.765098521543413512e-01,0.000000000000000000e+00,0.000000000000000000e+00,0.000000000000000000e+00,0.000000000000000000e+00,0.000000000000000000e+00,2.252612995032429399e+00
4.867270500954779067e+01,-2.118643342378865625e-03,0.000000000000000000e+00,-8.110975404243315268e+01,0.000000000000000000e+00,7.255104346184904784e+01,0.000000000000000000e+00,0.000000000000000000e+00,1.596876350391432311e+02,-1.596876350391432311e+02,2.280329069640517616e+02,0.000000000000000000e+00,0.000000000000000000e+00,0.000000000000000000e+00,7.646507295618800271e+00,-1.571844226107777160e+02,0.000000000000000000e+00,1.916129233014729323e+02,0.000000000000000000e+00,-5.000000000000000000e-01,0.000000000000000000e+00,0.000000000000000000e+00,0.000000000000000000e+00,0.000000000000000000e+00,-7.203389841962437590e-02,0.000000000000000000e+00,0.000000000000000000e+00,-7.646507295618800271e+00,0.000000000000000000e+00,0.000000000000000000e+00,0.000000000000000000e+00,0.000000000000000000e+00,-4.005028435905194861e+00,0.000000000000000000e+00,0.000000000000000000e+00,-3.765098521543413512e-01,0.000000000000000000e+00,0.000000000000000000e+00,0.000000000000000000e+00,0.000000000000000000e+00,0.000000000000000000e+00,2.252612995032429399e+00
0.000000000000000000e+00,-2.118643342378865625e-03,0.000000000000000000e+00,-1.419506353043678928e+02,0.000000000000000000e+00,6.521380236231944139e+01,0.000000000000000000e+00,0.000000000000000000e+00,2.813693975630126829e+02,-2.813693975630126829e+02,2.597065005683552386e+02,0.000000000000000000e+00,0.000000000000000000e+00,0.000000000000000000e+00,3.092661960892043038e-01,-2.301934801250994269e+02,0.000000000000000000e+00,3.328001031772589613e+02,0.000000000000000000e+00,-5.000000000000000000e-01,0.000000000000000000e+00,0.000000000000000000e+00,0.000000000000000000e+00,1.095135862714825379e+02,-7.203389841962437590e-02,0.000000000000000000e+00,0.000000000000000000e+00,-7.646507295618800271e+00,0.000000000000000000e+00,0.000000000000000000e+00,0.000000000000000000e+00,0.000000000000000000e+00,-4.005028435905194861e+00,0.000000000000000000e+00,0.000000000000000000e+00,-3.765098521543413512e-01,0.000000000000000000e+00,0.000000000000000000e+00,0.000000000000000000e+00,0.000000000000000000e+00,0.000000000000000000e+00,2.252612995032429399e+00
4.867270500954779067e+01,-2.118643342378865625e-03,0.000000000000000000e+00,-8.110975404243315268e+01,0.000000000000000000e+00,6.521380236231944139e+01,0.000000000000000000e+00,0.000000000000000000e+00,1.596876350391432311e+02,-1.596876350391432311e+02,2.353701480635813823e+02,0.000000000000000000e+00,0.000000000000000000e+00,0.000000000000000000e+00,3.092661960892043038e-01,-1.571844226107777160e+02,0.000000000000000000e+00,1.989501644010025245e+02,0.000000000000000000e+00,-5.000000000000000000e-01,0.000000000000000000e+00,0.000000000000000000e+00,0.000000000000000000e+00,0.000000000000000000e+00,-7.203389841962437590e-02,0.000000000000000000e+00,0.000000000000000000e+00,-7.646507295618800271e+00,0.000000000000000000e+00,0.000000000000000000e+00,0.000000000000000000e+00,0.000000000000000000e+00,-4.005028435905194861e+00,0.000000000000000000e+00,0.000000000000000000e+00,-3.765098521543413512e-01,0.000000000000000000e+00,0.000000000000000000e+00,0.000000000000000000e+00,0.000000000000000000e+00,0.000000000000000000e+00,2.252612995032429399e+00
0.000000000000000000e+00,-2.118643342378865625e-03,0.000000000000000000e+00,-1.914770127261926689e+02,0.000000000000000000e+00,9.456276676043783880e+01,0.000000000000000000e+00,0.000000000000000000e+00,3.804221524066622351e+02,-3.804221524066622351e+02,3.147358088148272373e+02,0.000000000000000000e+00,0.000000000000000000e+00,7.337241099529596688e+00,1.131512784538359817e+01,-3.145717527696897946e+02,0.000000000000000000e+00,4.373557888455557077e+02,0.000000000000000000e+00,-5.000000000000000000e-01,0.000000000000000000e+00,0.000000000000000000e+00,0.000000000000000000e+00,1.590399636933072998e+02,-7.203389841962437590e-02,0.000000000000000000e+00,0.000000000000000000e+00,-1.131512784538359817e+01,0.000000000000000000e+00,0.000000000000000000e+00,0.000000000000000000e+00,0.000000000000000000e+00,-4.005028435905194861e+00,0.000000000000000000e+00,0.000000000000000000e+00,-3.765098521543413512e-01,0.000000000000000000e+00,0.000000000000000000e+00,0.000000000000000000e+00,0.000000000000000000e+00,0.000000000000000000e+00,2.252612995032429399e+00
7.068442830813657451e+01,-2.118643342378865625e-03,0.000000000000000000e+00,-1.031214773410219436e+02,0.000000000000000000e+00,9.456276676043783880e+01,0.000000000000000000e+00,0.000000000000000000e+00,2.037110816363208130e+02,-2.037110816363208130e+02,2.793935946607589358e+02,0.000000000000000000e+00,0.000000000000000000e+00,7.337241099529596688e+00,1.131512784538359817e+01,-2.085451103074848902e+02,0.000000000000000000e+00,2.429736109981801064e+02,0.000000000000000000e+00,-5.000000000000000000e-01,0.000000000000000000e+00,0.000000000000000000e+00,0.000000000000000000e+00,0.000000000000000000e+00,-7.203389841962437590e-02,0.000000000000000000e+00,0.000000000000000000e+00,-1.131512784538359817e+01,0.000000000000000000e+00,0.000000000000000000e+00,0.000000000000000000e+00,0.000000000000000000e+00,-4.005028435905194861e+00,0.000000000000000000e+00,0.000000000000000000e+00,-3.765098521543413512e-01,0.000000000000000000e+00,0.000000000000000000e+00,0.000000000000000000e+00,0.000000000000000000e+00,0.000000000000000000e+00,2.252612995032429399e+00
0.000000000000000000e+00,-2.118643342378865625e-03,0.000000000000000000e+00,-1.453010190953342544e+02,0.000000000000000000e+00,6.768793193103307715e+01,0.000000000000000000e+00,0.000000000000000000e+00,2.868331003605886735e+02,-2.868331003605886735e+02,2.633146061893959882e+02,0.000000000000000000e+00,0.000000000000000000e+00,0.000000000000000000e+00,0.000000000000000000e+00,-2.338015857461401481e+02,0.000000000000000000e+00,3.372844630205523799e+02,0.000000000000000000e+00,-5.000000000000000000e-01,0.000000000000000000e+00,0.000000000000000000e+00,0.000000000000000000e+00,1.122454376702705048e+02,-7.203389841962437590e-02,0.000000000000000000e+00,0.000000000000000000e+00,-7.955773491708004741e+00,0.000000000000000000e+00,0.000000000000000000e+00,0.000000000000000000e+00,0.000000000000000000e+00,-4.005028435905194861e+00,6.185323921784086076e-01,0.000000000000000000e+00,-3.765098521543413512e-01,0.000000000000000000e+00,0.000000000000000000e+00,0.000000000000000000e+00,0.000000000000000000e+00,0.000000000000000000e+00,2.252612995032429399e+00
4.988686118678688786e+01,-2.118643342378865625e-03,0.000000000000000000e+00,-8.294244261185065170e+01,0.000000000000000000e+00,6.768793193103307715e+01,0.000000000000000000e+00,0.000000000000000000e+00,1.621159473936214397e+02,-1.621159473936214397e+02,2.383711755960025300e+02,0.000000000000000000e+00,0.000000000000000000e+00,0.000000000000000000e+00,0.000000000000000000e+00,-1.589712939659598021e+02,0.000000000000000000e+00,2.000955947568884596e+02,0.000000000000000000e+00,-5.000000000000000000e-01,0.000000000000000000e+00,0.000000000000000000e+00,0.000000000000000000e+00,0.000000000000000000e+00,-7.203389841962437590e-02,0.000000000000000000e+00,0.000000000000000000e+00,-7.955773491708004741e+00,0.000000000000000000e+00,0.000000000000000000e+00,0.000000000000000000e+00,0.000000000000000000e+00,-4.005028435905194861e+00,6.185323921784086076e-01,0.000000000000000000e+00,-3.765098521543413512e-01,0.000000000000000000e+00,0.000000000000000000e+00,0.000000000000000000e+00,0.000000000000000000e+00,0.000000000000000000e+00,2.252612995032429399e+00
0.000000000000000000e+00,-2.118643342378865625e-03,0.000000000000000000e+00,-1.439608655789477041e+02,0.000000000000000000e+00,6.768793193103307715e+01,0.000000000000000000e+00,0.000000000000000000e+00,2.853898581121723623e+02,-2.853898581121723623e+02,2.631084287253365233e+02,0.000000000000000000e+00,0.000000000000000000e+00,0.000000000000000000e+00,0.000000000000000000e+00,-2.329768758899022600e+02,0.000000000000000000e+00,3.357381320401063931e+02,0.000000000000000000e+00,-5.000000000000000000e-01,0.000000000000000000e+00,0.000000000000000000e+00,0.000000000000000000e+00,1.102867517617055455e+02,-7.203389841962437590e-02,0.000000000000000000e+00,0.000000000000000000e+00,-7.955773491708004741e+00,0.000000000000000000e+00,0.000000000000000000e+00,0.000000000000000000e+00,0.000000000000000000e+00,-4.005028435905194861e+00,0.000000000000000000e+00,0.000000000000000000e+00,-3.765098521543413512e-01,0.000000000000000000e+00,0.000000000000000000e+00,0.000000000000000000e+00,6.185323921784086076e-01,0.000000000000000000e+00,2.252612995032429399e+00
4.901633411631357262e+01,-2.118643342378865625e-03,0.000000000000000000e+00,-8.269044793355574541e+01,0.000000000000000000e+00,6.768793193103307715e+01,0.000000000000000000e+00,0.000000000000000000e+00,1.628490228213884450e+02,-1.628490228213884450e+02,2.386002616671797227e+02,0.000000000000000000e+00,0.000000000000000000e+00,0.000000000000000000e+00,0.000000000000000000e+00,-1.594523747154318869e+02,0.000000000000000000e+00,2.009432132202440471e+02,0.000000000000000000e+00,-5.000000000000000000e-01,0.000000000000000000e+00,0.000000000000000000e+00,0.000000000000000000e+00,0.000000000000000000e+00,-7.203389841962437590e-02,0.000000000000000000e+00,0.000000000000000000e+00,-7.955773491708004741e+00,0.000000000000000000e+00,0.000000000000000000e+00,0.000000000000000000e+00,0.000000000000000000e+00,-4.005028435905194861e+00,0.000000000000000000e+00,0.000000000000000000e+00,-3.765098521543413512e-01,0.000000000000000000e+00,0.000000000000000000e+00,0.000000000000000000e+00,6.185323921784086076e-01,0.000000000000000000e+00,2.252612995032429399e+00
0.000000000000000000e+00,-2.118643342378865625e-03,0.000000000000000000e+00,-1.451979303633045220e+02,0.000000000000000000e+00,6.892499671538989503e+01,0.000000000000000000e+00,0.000000000000000000e+00,2.878639876808859981e+02,-2.878639876808859981e+02,2.637269611175149180e+02,0.000000000000000000e+00,0.000000000000000000e+00,0.000000000000000000e+00,0.000000000000000000e+00,-2.342139406742590779e+02,0.000000000000000000e+00,3.375937292166416341e+02,6.185323921784086076e-01,-5.000000000000000000e-01,0.000000000000000000e+00,0.000000000000000000e+00,0.000000000000000000e+00,1.115238165460623634e+02,-7.203389841962437590e-02,0.000000000000000000e+00,0.000000000000000000e+00,-7.955773491708004741e+00,0.000000000000000000e+00,0.000000000000000000e+00,0.000000000000000000e+00,0.000000000000000000e+00,-4.005028435905194861e+00,0.000000000000000000e+00,0.000000000000000000e+00,-3.765098521543413512e-01,0.000000000000000000e+00,0.000000000000000000e+00,0.000000000000000000e+00,0.000000000000000000e+00,0.000000000000000000e+00,2.252612995032429399e+00
4.956614068713882659e+01,-2.118643342378865625e-03,0.000000000000000000e+00,-8.324025450438099938e+01,0.000000000000000000e+00,6.892499671538989503e+01,0.000000000000000000e+00,0.000000000000000000e+00,1.639486359630389245e+02,-1.639486359630389245e+02,2.389438907739454976e+02,0.000000000000000000e+00,0.000000000000000000e+00,0.000000000000000000e+00,0.000000000000000000e+00,-1.598647296435508167e+02,0.000000000000000000e+00,2.012868423270098504e+02,6.185323921784086076e-01,-5.000000000000000000e-01,0.000000000000000000e+00,0.000000000000000000e+00,0.000000000000000000e+00,0.000000000000000000e+00,-7.203389841962437590e-02,0.000000000000000000e+00,0.000000000000000000e+00,-7.955773491708004741e+00,0.000000000000000000e+00,0.000000000000000000e+00,0.000000000000000000e+00,0.000000000000000000e+00,-4.005028435905194861e+00,0.000000000000000000e+00,0.000000000000000000e+00,-3.765098521543413512e-01,0.000000000000000000e+00,0.000000000000000000e+00,0.000000000000000000e+00,0.000000000000000000e+00,0.000000000000000000e+00,2.252612995032429399e+00
0.000000000000000000e+00,-2.118643342378865625e-03,0.000000000000000000e+00,-3.243704903288536201e+01,0.000000000000000000e+00,6.521380236231944139e+01,0.000000000000000000e+00,0.000000000000000000e+00,9.384509151919079386e+02,-9.384509151919079386e+02,4.067932802539019832e+01,0.000000000000000000e+00,0.000000000000000000e+00,0.000000000000000000e+00,-4.377450788898408973e+02,-1.116630758213435293e+01,0.000000000000000000e+00,8.803680345346716649e+02,0.000000000000000000e+00,-5.000000000000000000e-01,0.000000000000000000e+00,0.000000000000000000e+00,0.000000000000000000e+00,0.000000000000000000e+00,-7.203389841962437590e-02,0.000000000000000000e+00,0.000000000000000000e+00,-7.646507295618800271e+00,0.000000000000000000e+00,0.000000000000000000e+00,0.000000000000000000e+00,0.000000000000000000e+00,-4.005028435905194861e+00,0.000000000000000000e+00,0.000000000000000000e+00,-3.765098521543413512e-01,0.000000000000000000e+00,0.000000000000000000e+00,0.000000000000000000e+00,0.000000000000000000e+00,0.000000000000000000e+00,2.252612995032429399e+00
0.000000000000000000e+00,-2.118643342378865625e-03,0.000000000000000000e+00,-3.615915156026347432e+01,0.000000000000000000e+00,8.010221247183191906e+01,0.000000000000000000e+00,0.000000000000000000e+00,1.069965204492601288e+03,-1.069965204492601288e+03,2.951302044325584717e+01,0.000000000000000000e+00,0.000000000000000000e+00,0.000000000000000000e+00,-5.053632748038767204e+02,0.000000000000000000e+00,0.000000000000000000e+00,9.895497086710963686e+02,0.000000000000000000e+00,-5.000000000000000000e-01,0.000000000000000000e+00,0.000000000000000000e+00,0.000000000000000000e+00,0.000000000000000000e+00,-7.203389841962437590e-02,0.000000000000000000e+00,0.000000000000000000e+00,-9.507558559307859980e+00,0.000000000000000000e+00,0.000000000000000000e+00,0.000000000000000000e+00,0.000000000000000000e+00,-4.005028435905194861e+00,3.722102527378118086e+00,0.000000000000000000e+00,-3.765098521543413512e-01,0.000000000000000000e+00,0.000000000000000000e+00,0.000000000000000000e+00,0.000000000000000000e+00,0.000000000000000000e+00,2.252612995032429399e+00
0.000000000000000000e+00,-2.118643342378865625e-03,0.000000000000000000e+00,-3.243704903288536201e+01,0.000000000000000000e+00,8.754641752658815790e+01,0.000000000000000000e+00,0.000000000000000000e+00,1.239941219909535448e+03,-1.239941219909535448e+03,7.180405278987140427e+00,0.000000000000000000e+00,0.000000000000000000e+00,5.583153791067176464e+00,-5.801155005620539669e+02,0.000000000000000000e+00,0.000000000000000000e+00,1.148359416505895979e+03,0.000000000000000000e+00,-5.000000000000000000e-01,0.000000000000000000e+00,0.000000000000000000e+00,0.000000000000000000e+00,0.000000000000000000e+00,-7.203389841962437590e-02,0.000000000000000000e+00,0.000000000000000000e+00,-1.043808419115238806e+01,0.000000000000000000e+00,0.000000000000000000e+00,0.000000000000000000e+00,0.000000000000000000e+00,-4.005028435905194861e+00,0.000000000000000000e+00,0.000000000000000000e+00,-3.765098521543413512e-01,0.000000000000000000e+00,0.000000000000000000e+00,0.000000000000000000e+00,0.000000000000000000e+00,0.000000000000000000e+00,2.252612995032429399e+00
0.000000000000000000e+00,-2.118643342378865625e-03,0.000000000000000000e+00,-1.418733187553455934e+02,0.000000000000000000e+00,6.521380236231944139e+01,0.000000000000000000e+00,0.000000000000000000e+00,2.818332968571465358e+02,-2.818332968571465358e+02,2.595518674703106399e+02,0.000000000000000000e+00,0.000000000000000000e+00,0.000000000000000000e+00,0.000000000000000000e+00,-2.300388470270548282e+02,0.000000000000000000e+00,3.331866859223704296e+02,0.000000000000000000e+00,-5.000000000000000000e-01,0.000000000000000000e+00,0.000000000000000000e+00,0.000000000000000000e+00,1.094362697224602243e+02,-7.203389841962437590e-02,0.000000000000000000e+00,0.000000000000000000e+00,-7.646507295618800271e+00,0.000000000000000000e+00,0.000000000000000000e+00,0.000000000000000000e+00,0.000000000000000000e+00,-4.005028435905194861e+00,0.000000000000000000e+00,0.000000000000000000e+00,-3.765098521543413512e-01,0.000000000000000000e+00,0.000000000000000000e+00,0.000000000000000000e+00,0.000000000000000000e+00,0.000000000000000000e+00,2.252612995032429399e+00
0.000000000000000000e+00,-2.118643342378865625e-03,0.000000000000000000e+00,-2.658907522371931009e+03,0.000000000000000000e+00,4.442664591260728230e+03,0.000000000000000000e+00,0.000000000000000000e+00,6.191391861869999047e+03,-6.191391861869999047e+03,6.169110432483163095e+03,0.000000000000000000e+00,0.000000000000000000e+00,0.000000000000000000e+00,0.000000000000000000e+00,-4.388617096480543296e+03,0.000000000000000000e+00,4.382328665653399185e+03,0.000000000000000000e+00,-5.000000000000000000e-01,0.000000000000000000e+00,8.754901577796817946e+02,0.000000000000000000e+00,0.000000000000000000e+00,-7.203389841962437590e-02,0.000000000000000000e+00,0.000000000000000000e+00,-4.453915861854597438e+02,0.000000000000000000e+00,0.000000000000000000e+00,0.000000000000000000e+00,0.000000000000000000e+00,-4.005028435905194861e+00,0.000000000000000000e+00,0.000000000000000000e+00,-3.765098521543413512e-01,0.000000000000000000e+00,0.000000000000000000e+00,0.000000000000000000e+00,0.000000000000000000e+00,0.000000000000000000e+00,2.252612995032429399e+00
4.863834209887121318e+01,-2.118643342378865625e-03,0.000000000000000000e+00,-8.107539113175657519e+01,0.000000000000000000e+00,6.521380236231944139e+01,0.000000000000000000e+00,0.000000000000000000e+00,1.602374416099684709e+02,-1.602374416099684709e+02,2.352326964208750439e+02,0.000000000000000000e+00,0.000000000000000000e+00,0.000000000000000000e+00,0.000000000000000000e+00,-1.570813338787479836e+02,0.000000000000000000e+00,1.994312451504746093e+02,0.000000000000000000e+00,-5.000000000000000000e-01,0.000000000000000000e+00,0.000000000000000000e+00,0.000000000000000000e+00,0.000000000000000000e+00,-7.203389841962437590e-02,0.000000000000000000e+00,0.000000000000000000e+00,-7.646507295618800271e+00,0.000000000000000000e+00,0.000000000000000000e+00,0.000000000000000000e+00,0.000000000000000000e+00,-4.005028435905194861e+00,0.000000000000000000e+00,0.000000000000000000e+00,-3.765098521543413512e-01,0.000000000000000000e+00,0.000000000000000000e+00,0.000000000000000000e+00,0.000000000000000000e+00,0.000000000000000000e+00,2.252612995032429399e+00
0.000000000000000000e+00,-2.118643342378865625e-03,0.000000000000000000e+00,-9.518519244677517577e+01,0.000000000000000000e+00,2.866933555746228421e+02,0.000000000000000000e+00,0.000000000000000000e+00,2.958798512860975734e+03,-2.958798512860975734e+03,0.000000000000000000e+00,0.000000000000000000e+00,0.000000000000000000e+00,0.000000000000000000e+00,-1.390753888101552093e+03,0.000000000000000000e+00,0.000000000000000000e+00,2.642278853493423867e+03,0.000000000000000000e+00,-5.000000000000000000e-01,0.000000000000000000e+00,0.000000000000000000e+00,2.951302044325584717e+01,0.000000000000000000e+00,-7.203389841962437590e-02,0.000000000000000000e+00,0.000000000000000000e+00,-3.902057900256370715e+01,0.000000000000000000e+00,0.000000000000000000e+00,0.000000000000000000e+00,0.000000000000000000e+00,-4.005028435905194861e+00,3.722102527378118086e+00,0.000000000000000000e+00,-3.765098521543413512e-01,0.000000000000000000e+00,0.000000000000000000e+00,0.000000000000000000e+00,0.000000000000000000e+00,0.000000000000000000e+00,2.252612995032429399e+00
0.000000000000000000e+00,-2.118643342378865625e-03,0.000000000000000000e+00,-4.599682504134876382e+01,0.000000000000000000e+00,1.194529063961730486e+02,0.000000000000000000e+00,0.000000000000000000e+00,1.417563000824281289e+03,-1.417563000824281289e+03,0.000000000000000000e+00,0.000000000000000000e+00,0.000000000000000000e+00,0.000000000000000000e+00,-6.840810097102593090e+02,2.951302044325584717e+01,0.000000000000000000e+00,1.278121464116264633e+03,0.000000000000000000e+00,-5.000000000000000000e-01,0.000000000000000000e+00,0.000000000000000000e+00,0.000000000000000000e+00,0.000000000000000000e+00,-7.203389841962437590e-02,0.000000000000000000e+00,0.000000000000000000e+00,-1.442639529985050117e+01,0.000000000000000000e+00,0.000000000000000000e+00,0.000000000000000000e+00,0.000000000000000000e+00,-4.005028435905194861e+00,1.355977600846340003e+01,0.000000000000000000e+00,-3.765098521543413512e-01,0.000000000000000000e+00,0.000000000000000000e+00,0.000000000000000000e+00,0.000000000000000000e+00,0.000000000000000000e+00,2.252612995032429399e+00
0.000000000000000000e+00,-2.118643342378865625e-03,0.000000000000000000e+00,-1.137957050836657658e+02,0.000000000000000000e+00,3.499690985400508794e+02,0.000000000000000000e+00,0.000000000000000000e+00,3.541927908816880972e+03,-3.541927908816880972e+03,0.000000000000000000e+00,0.000000000000000000e+00,0.000000000000000000e+00,0.000000000000000000e+00,-1.658124919651546861e+03,-1.116630758213435293e+01,0.000000000000000000e+00,3.158410403956522714e+03,0.000000000000000000e+00,-5.000000000000000000e-01,0.000000000000000000e+00,0.000000000000000000e+00,4.067932802539019832e+01,0.000000000000000000e+00,-7.203389841962437590e-02,0.000000000000000000e+00,0.000000000000000000e+00,-4.832583532100900214e+01,0.000000000000000000e+00,0.000000000000000000e+00,0.000000000000000000e+00,0.000000000000000000e+00,-4.005028435905194861e+00,0.000000000000000000e+00,0.000000000000000000e+00,-3.765098521543413512e-01,0.000000000000000000e+00,0.000000000000000000e+00,0.000000000000000000e+00,0.000000000000000000e+00,0.000000000000000000e+00,2.252612995032429399e+00
0.000000000000000000e+00,-2.118643342378865625e-03,0.000000000000000000e+00,-3.423215035263214645e+01,0.000000000000000000e+00,9.472682280557529566e+01,0.000000000000000000e+00,0.000000000000000000e+00,1.326106083257381215e+03,-1.326106083257381215e+03,0.000000000000000000e+00,0.000000000000000000e+00,0.000000000000000000e+00,7.378255110813961792e+00,-6.187101789366098501e+02,0.000000000000000000e+00,0.000000000000000000e+00,1.225548773255007745e+03,0.000000000000000000e+00,-5.000000000000000000e-01,0.000000000000000000e+00,0.000000000000000000e+00,0.000000000000000000e+00,1.795101319746785107e+00,-7.203389841962437590e-02,0.000000000000000000e+00,0.000000000000000000e+00,-1.133563485102578205e+01,0.000000000000000000e+00,0.000000000000000000e+00,0.000000000000000000e+00,0.000000000000000000e+00,-4.005028435905194861e+00,0.000000000000000000e+00,0.000000000000000000e+00,-3.765098521543413512e-01,0.000000000000000000e+00,0.000000000000000000e+00,0.000000000000000000e+00,0.000000000000000000e+00,0.000000000000000000e+00,2.252612995032429399e+00
0.000000000000000000e+00,-2.118643342378865625e-03,0.000000000000000000e+00,-3.722398588554345622e+01,0.000000000000000000e+00,1.066941649372205347e+02,0.000000000000000000e+00,0.000000000000000000e+00,1.402697072899910609e+03,-1.402697072899910609e+03,0.000000000000000000e+00,0.000000000000000000e+00,0.000000000000000000e+00,7.976622217396223569e+00,-6.543130217782543241e+02,0.000000000000000000e+00,0.000000000000000000e+00,1.289574053659309811e+03,0.000000000000000000e+00,-5.000000000000000000e-01,0.000000000000000000e+00,0.000000000000000000e+00,0.000000000000000000e+00,0.000000000000000000e+00,-7.203389841962437590e-02,0.000000000000000000e+00,0.000000000000000000e+00,-1.283155261748143516e+01,0.000000000000000000e+00,0.000000000000000000e+00,0.000000000000000000e+00,0.000000000000000000e+00,-4.005028435905194861e+00,0.000000000000000000e+00,0.000000000000000000e+00,-3.765098521543413512e-01,0.000000000000000000e+00,0.000000000000000000e+00,0.000000000000000000e+00,2.393468426329046661e+00,0.000000000000000000e+00,2.252612995032429399e+00
1.436081055797427952e+00,-2.118643342378865625e-03,0.000000000000000000e+00,-3.387313008868278530e+01,0.000000000000000000e+00,9.616290386137272606e+01,0.000000000000000000e+00,0.000000000000000000e+00,1.333286488536368324e+03,-1.333286488536368324e+03,0.000000000000000000e+00,0.000000000000000000e+00,0.000000000000000000e+00,7.737275374763319391e+00,-6.221208714441287384e+02,0.000000000000000000e+00,0.000000000000000000e+00,1.231652117742146856e+03,0.000000000000000000e+00,-5.000000000000000000e-01,0.000000000000000000e+00,0.000000000000000000e+00,0.000000000000000000e+00,0.000000000000000000e+00,-7.203389841962437590e-02,0.000000000000000000e+00,0.000000000000000000e+00,-1.151514498300045908e+01,0.000000000000000000e+00,0.000000000000000000e+00,0.000000000000000000e+00,0.000000000000000000e+00,-4.005028435905194861e+00,0.000000000000000000e+00,0.000000000000000000e+00,-3.765098521543413512e-01,0.000000000000000000e+00,0.000000000000000000e+00,0.000000000000000000e+00,0.000000000000000000e+00,0.000000000000000000e+00,2.252612995032429399e+00
0.000000000000000000e+00,-2.118643342378865625e-03,0.000000000000000000e+00,-3.243704903288536201e+01,0.000000000000000000e+00,9.233335437924624500e+01,0.000000000000000000e+00,0.000000000000000000e+00,1.304564867420419660e+03,-1.304564867420419660e+03,0.000000000000000000e+00,0.000000000000000000e+00,0.000000000000000000e+00,6.779888004231700016e+00,-6.106322229977492952e+02,2.393468426329046661e+00,0.000000000000000000e+00,1.205802658737793081e+03,0.000000000000000000e+00,-5.000000000000000000e-01,0.000000000000000000e+00,0.000000000000000000e+00,0.000000000000000000e+00,0.000000000000000000e+00,-7.203389841962437590e-02,0.000000000000000000e+00,0.000000000000000000e+00,-1.103645129773465072e+01,0.000000000000000000e+00,0.000000000000000000e+00,0.000000000000000000e+00,0.000000000000000000e+00,-4.005028435905194861e+00,0.000000000000000000e+00,0.000000000000000000e+00,-3.765098521543413512e-01,0.000000000000000000e+00,0.000000000000000000e+00,0.000000000000000000e+00,0.000000000000000000e+00,0.000000000000000000e+00,2.252612995032429399e+00
0.000000000000000000e+00,-2.118643342378865625e-03,0.000000000000000000e+00,-3.512970101250553512e+01,0.000000000000000000e+00,1.010096774246890448e+02,0.000000000000000000e+00,0.000000000000000000e+00,1.366495862951683876e+03,-1.366495862951683876e+03,0.000000000000000000e+00,0.000000000000000000e+00,0.000000000000000000e+00,7.827030440750657903e+00,-6.368855797990460132e+02,0.000000000000000000e+00,0.000000000000000000e+00,1.259655698330196628e+03,0.000000000000000000e+00,-5.000000000000000000e-01,0.000000000000000000e+00,8.975506598733925534e-01,0.000000000000000000e+00,0.000000000000000000e+00,-7.203389841962437590e-02,0.000000000000000000e+00,0.000000000000000000e+00,-1.200879784593082533e+01,0.000000000000000000e+00,0.000000000000000000e+00,0.000000000000000000e+00,0.000000000000000000e+00,-4.005028435905194861e+00,0.000000000000000000e+00,0.000000000000000000e+00,-3.765098521543413512e-01,0.000000000000000000e+00,0.000000000000000000e+00,0.000000000000000000e+00,0.000000000000000000e+00,0.000000000000000000e+00,2.252612995032429399e+00
0.000000000000000000e+00,-2.118643342378865625e-03,0.000000000000000000e+00,-4.679785959085963754e+01,0.000000000000000000e+00,1.378092544794981222e+02,0.000000000000000000e+00,0.000000000000000000e+00,1.699487157764712492e+03,-1.699487157764712492e+03,0.000000000000000000e+00,0.000000000000000000e+00,0.000000000000000000e+00,5.583153791067176464e+00,-7.955276589316681566e+02,0.000000000000000000e+00,0.000000000000000000e+00,1.550462112129175921e+03,0.000000000000000000e+00,-5.000000000000000000e-01,0.000000000000000000e+00,0.000000000000000000e+00,7.180405278987140427e+00,0.000000000000000000e+00,-7.203389841962437590e-02,0.000000000000000000e+00,0.000000000000000000e+00,-1.761848947013952937e+01,0.000000000000000000e+00,0.000000000000000000e+00,0.000000000000000000e+00,0.000000000000000000e+00,-4.005028435905194861e+00,0.000000000000000000e+00,0.000000000000000000e+00,-3.765098521543413512e-01,0.000000000000000000e+00,0.000000000000000000e+00,0.000000000000000000e+00,0.000000000000000000e+00,0.000000000000000000e+00,2.252612995032429399e+00
0.000000000000000000e+00,-2.118643342378865625e-03,0.000000000000000000e+00,-6.167482482712726721e+01,0.000000000000000000e+00,1.313170554382354567e+02,0.000000000000000000e+00,0.000000000000000000e+00,1.655418176951322494e+03,-1.655418176951322494e+03,0.000000000000000000e+00,0.000000000000000000e+00,0.000000000000000000e+00,1.652581326897900027e+01,-7.422022140718378296e+02,-3.659023263266016102e+01,0.000000000000000000e+00,1.527418192474454145e+03,0.000000000000000000e+00,-5.000000000000000000e-01,0.000000000000000000e+00,0.000000000000000000e+00,0.000000000000000000e+00,2.923777579424190520e+01,-7.203389841962437590e-02,0.000000000000000000e+00,0.000000000000000000e+00,-1.590941393010830218e+01,0.000000000000000000e+00,0.000000000000000000e+00,0.000000000000000000e+00,0.000000000000000000e+00,-4.005028435905194861e+00,0.000000000000000000e+00,0.000000000000000000e+00,-3.765098521543413512e-01,0.000000000000000000e+00,0.000000000000000000e+00,0.000000000000000000e+00,0.000000000000000000e+00,0.000000000000000000e+00,2.252612995032429399e+00
0.000000000000000000e+00,-2.118643342378865625e-03,0.000000000000000000e+00,-2.472253783450867388e+02,0.000000000000000000e+00,1.313170554382354567e+02,0.000000000000000000e+00,0.000000000000000000e+00,5.421148558435658060e+02,-5.421148558435658060e+02,3.711011070359189148e+02,0.000000000000000000e+00,0.000000000000000000e+00,1.652581326897900027e+01,0.000000000000000000e+00,-4.076913396685790758e+02,0.000000000000000000e+00,5.996654248846568862e+02,0.000000000000000000e+00,-5.000000000000000000e-01,0.000000000000000000e+00,0.000000000000000000e+00,0.000000000000000000e+00,2.147883293122013697e+02,-7.203389841962437590e-02,0.000000000000000000e+00,0.000000000000000000e+00,-1.590941393010830218e+01,0.000000000000000000e+00,0.000000000000000000e+00,0.000000000000000000e+00,0.000000000000000000e+00,-4.005028435905194861e+00,0.000000000000000000e+00,0.000000000000000000e+00,-3.765098521543413512e-01,0.000000000000000000e+00,0.000000000000000000e+00,0.000000000000000000e+00,0.000000000000000000e+00,0.000000000000000000e+00,2.252612995032429399e+00
0.000000000000000000e+00,-2.118643342378865625e-03,0.000000000000000000e+00,-2.512027318276138033e+02,0.000000000000000000e+00,1.313170554382354567e+02,0.000000000000000000e+00,0.000000000000000000e+00,5.182507349484033057e+02,-5.182507349484033057e+02,3.790558140009731005e+02,0.000000000000000000e+00,0.000000000000000000e+00,1.652581326897900027e+01,1.590941393010830218e+01,-4.156460466336332615e+02,0.000000000000000000e+00,5.797786574720214503e+02,0.000000000000000000e+00,-5.000000000000000000e-01,0.000000000000000000e+00,0.000000000000000000e+00,0.000000000000000000e+00,2.187656827947284341e+02,-7.203389841962437590e-02,0.000000000000000000e+00,0.000000000000000000e+00,-1.590941393010830218e+01,0.000000000000000000e+00,0.000000000000000000e+00,0.000000000000000000e+00,0.000000000000000000e+00,-4.005028435905194861e+00,0.000000000000000000e+00,0.000000000000000000e+00,-3.765098521543413512e-01,0.000000000000000000e+00,0.000000000000000000e+00,0.000000000000000000e+00,0.000000000000000000e+00,0.000000000000000000e+00,2.252612995032429399e+00
0.000000000000000000e+00,-2.118643342378865625e-03,0.000000000000000000e+00,-5.253947242818512677e+02,0.000000000000000000e+00,3.321009442346971241e+02,0.000000000000000000e+00,0.000000000000000000e+00,9.478656311197487412e+02,-9.478656311197487412e+02,6.764599379138710447e+02,0.000000000000000000e+00,0.000000000000000000e+00,1.652581326897900027e+01,0.000000000000000000e+00,-7.130501705465311488e+02,0.000000000000000000e+00,9.322137407037964749e+02,0.000000000000000000e+00,-5.000000000000000000e-01,0.000000000000000000e+00,0.000000000000000000e+00,0.000000000000000000e+00,4.427617030498505528e+02,-7.203389841962437590e-02,0.000000000000000000e+00,0.000000000000000000e+00,-4.100740002966600883e+01,0.000000000000000000e+00,0.000000000000000000e+00,0.000000000000000000e+00,0.000000000000000000e+00,-4.005028435905194861e+00,5.019597219911541686e+01,0.000000000000000000e+00,-3.765098521543413512e-01,0.000000000000000000e+00,0.000000000000000000e+00,0.000000000000000000e+00,0.000000000000000000e+00,0.000000000000000000e+00,2.252612995032429399e+00
0.000000000000000000e+00,-2.118643342378865625e-03,0.000000000000000000e+00,-3.032713074544937513e+02,0.000000000000000000e+00,1.680713441160330888e+02,0.000000000000000000e+00,0.000000000000000000e+00,5.856335975243656549e+02,-5.856335975243656549e+02,4.372501044074859919e+02,0.000000000000000000e+00,0.000000000000000000e+00,1.652581326897900027e+01,2.050370001483300442e+01,-4.738403370401461530e+02,0.000000000000000000e+00,6.349100904887178558e+02,0.000000000000000000e+00,-5.000000000000000000e-01,0.000000000000000000e+00,0.000000000000000000e+00,0.000000000000000000e+00,2.616456862521590097e+02,-7.203389841962437590e-02,0.000000000000000000e+00,0.000000000000000000e+00,-2.050370001483300442e+01,0.000000000000000000e+00,0.000000000000000000e+00,0.000000000000000000e+00,0.000000000000000000e+00,-4.005028435905194861e+00,9.188572169449406246e+00,0.000000000000000000e+00,-3.765098521543413512e-01,0.000000000000000000e+00,0.000000000000000000e+00,0.000000000000000000e+00,0.000000000000000000e+00,0.000000000000000000e+00,2.252612995032429399e+00
0.000000000000000000e+00,-2.118643342378865625e-03,0.000000000000000000e+00,-1.880267628274516198e+02,0.000000000000000000e+00,3.840209314388841904e+02,0.000000000000000000e+00,0.000000000000000000e+00,8.973065489493764062e+02,-8.973065489493764062e+02,0.000000000000000000e+00,0.000000000000000000e+00,0.000000000000000000e+00,1.652581326897900027e+01,1.590941393010830218e+01,-2.892941086333088947e+02,0.000000000000000000e+00,6.429546264721836906e+02,0.000000000000000000e+00,-5.000000000000000000e-01,0.000000000000000000e+00,0.000000000000000000e+00,0.000000000000000000e+00,1.555897137945662507e+02,-7.203389841962437590e-02,0.000000000000000000e+00,0.000000000000000000e+00,-1.590941393010830218e+01,0.000000000000000000e+00,0.000000000000000000e+00,0.000000000000000000e+00,0.000000000000000000e+00,-4.005028435905194861e+00,0.000000000000000000e+00,0.000000000000000000e+00,-3.765098521543413512e-01,0.000000000000000000e+00,0.000000000000000000e+00,0.000000000000000000e+00,0.000000000000000000e+00,0.000000000000000000e+00,2.252612995032429399e+00
0.000000000000000000e+00,-2.118643342378865625e-03,0.000000000000000000e+00,-1.853751938391002341e+02,0.000000000000000000e+00,3.787177934621814188e+02,0.000000000000000000e+00,0.000000000000000000e+00,9.132159628794847777e+02,-9.132159628794847777e+02,0.000000000000000000e+00,0.000000000000000000e+00,0.000000000000000000e+00,1.652581326897900027e+01,0.000000000000000000e+00,-2.839909706566061232e+02,0.000000000000000000e+00,6.615156093906433625e+02,0.000000000000000000e+00,-5.000000000000000000e-01,0.000000000000000000e+00,0.000000000000000000e+00,0.000000000000000000e+00,1.529381448062148650e+02,-7.203389841962437590e-02,0.000000000000000000e+00,0.000000000000000000e+00,-1.590941393010830218e+01,0.000000000000000000e+00,0.000000000000000000e+00,0.000000000000000000e+00,0.000000000000000000e+00,-4.005028435905194861e+00,0.000000000000000000e+00,0.000000000000000000e+00,-3.765098521543413512e-01,0.000000000000000000e+00,0.000000000000000000e+00,0.000000000000000000e+00,0.000000000000000000e+00,0.000000000000000000e+00,2.252612995032429399e+00
0.000000000000000000e+00,-2.118643342378865625e-03,0.000000000000000000e+00,-3.243704903288536201e+01,0.000000000000000000e+00,1.058931303877096468e+02,0.000000000000000000e+00,0.000000000000000000e+00,9.384509151919079386e+02,-9.384509151919079386e+02,0.000000000000000000e+00,0.000000000000000000e+00,0.000000000000000000e+00,0.000000000000000000e+00,-3.970657508644507061e+02,-1.116630758213435293e+01,0.000000000000000000e+00,8.396887065092813600e+02,0.000000000000000000e+00,-5.000000000000000000e-01,0.000000000000000000e+00,0.000000000000000000e+00,0.000000000000000000e+00,0.000000000000000000e+00,-7.203389841962437590e-02,0.000000000000000000e+00,0.000000000000000000e+00,-7.646507295618800271e+00,0.000000000000000000e+00,0.000000000000000000e+00,0.000000000000000000e+00,0.000000000000000000e+00,-4.005028435905194861e+00,0.000000000000000000e+00,0.000000000000000000e+00,-3.765098521543413512e-01,0.000000000000000000e+00,0.000000000000000000e+00,0.000000000000000000e+00,0.000000000000000000e+00,0.000000000000000000e+00,2.252612995032429399e+00
0.000000000000000000e+00,-2.118643342378865625e-03,0.000000000000000000e+00,-3.020378751645849036e+01,0.000000000000000000e+00,9.249356128914843111e+01,0.000000000000000000e+00,0.000000000000000000e+00,1.045647467980397550e+03,-1.045647467980397550e+03,0.000000000000000000e+00,0.000000000000000000e+00,0.000000000000000000e+00,0.000000000000000000e+00,-4.707633809065374635e+02,0.000000000000000000e+00,0.000000000000000000e+00,9.535850438470517929e+02,0.000000000000000000e+00,-5.000000000000000000e-01,0.000000000000000000e+00,0.000000000000000000e+00,0.000000000000000000e+00,0.000000000000000000e+00,-7.203389841962437590e-02,0.000000000000000000e+00,0.000000000000000000e+00,-7.646507295618800271e+00,0.000000000000000000e+00,0.000000000000000000e+00,0.000000000000000000e+00,0.000000000000000000e+00,-4.005028435905194861e+00,0.000000000000000000e+00,0.000000000000000000e+00,-3.765098521543413512e-01,0.000000000000000000e+00,0.000000000000000000e+00,0.000000000000000000e+00,0.000000000000000000e+00,0.000000000000000000e+00,2.252612995032429399e+00
0.000000000000000000e+00,-2.118643342378865625e-03,0.000000000000000000e+00,-3.615915156026347432e+01,0.000000000000000000e+00,1.096152329150877733e+02,0.000000000000000000e+00,0.000000000000000000e+00,1.069965204492601288e+03,-1.069965204492601288e+03,0.000000000000000000e+00,0.000000000000000000e+00,0.000000000000000000e+00,0.000000000000000000e+00,-4.758502543606209088e+02,0.000000000000000000e+00,0.000000000000000000e+00,9.600366882278406138e+02,0.000000000000000000e+00,-5.000000000000000000e-01,0.000000000000000000e+00,0.000000000000000000e+00,0.000000000000000000e+00,0.000000000000000000e+00,-7.203389841962437590e-02,0.000000000000000000e+00,0.000000000000000000e+00,-9.507558559307859980e+00,0.000000000000000000e+00,0.000000000000000000e+00,0.000000000000000000e+00,0.000000000000000000e+00,-4.005028435905194861e+00,3.722102527378118086e+00,0.000000000000000000e+00,-3.765098521543413512e-01,0.000000000000000000e+00,0.000000000000000000e+00,0.000000000000000000e+00,0.000000000000000000e+00,0.000000000000000000e+00,2.252612995032429399e+00
0.000000000000000000e+00,-2.118643342378865625e-03,0.000000000000000000e+00,-6.689721323870146819e+01,0.000000000000000000e+00,2.025738384558773930e+02,0.000000000000000000e+00,0.000000000000000000e+00,2.219837091092173068e+03,-2.219837091092173068e+03,0.000000000000000000e+00,0.000000000000000000e+00,0.000000000000000000e+00,0.000000000000000000e+00,-1.039511479601303790e+03,0.000000000000000000e+00,0.000000000000000000e+00,1.999347676930977059e+03,0.000000000000000000e+00,-5.000000000000000000e-01,0.000000000000000000e+00,0.000000000000000000e+00,1.834671286112149247e+01,0.000000000000000000e+00,-7.203389841962437590e-02,0.000000000000000000e+00,0.000000000000000000e+00,-2.599322015674029274e+01,0.000000000000000000e+00,0.000000000000000000e+00,0.000000000000000000e+00,0.000000000000000000e+00,-4.005028435905194861e+00,0.000000000000000000e+00,0.000000000000000000e+00,-3.765098521543413512e-01,0.000000000000000000e+00,0.000000000000000000e+00,0.000000000000000000e+00,0.000000000000000000e+00,0.000000000000000000e+00,2.252612995032429399e+00
0.000000000000000000e+00,-2.118643342378865625e-03,0.000000000000000000e+00,-3.020378751645849036e+01,0.000000000000000000e+00,7.414684842802692799e+01,0.000000000000000000e+00,0.000000000000000000e+00,1.045647467980397550e+03,-1.045647467980397550e+03,1.834671286112149247e+01,0.000000000000000000e+00,0.000000000000000000e+00,0.000000000000000000e+00,-4.891100937676589524e+02,0.000000000000000000e+00,0.000000000000000000e+00,9.719317567081733387e+02,0.000000000000000000e+00,-5.000000000000000000e-01,0.000000000000000000e+00,0.000000000000000000e+00,0.000000000000000000e+00,0.000000000000000000e+00,-7.203389841962437590e-02,0.000000000000000000e+00,0.000000000000000000e+00,-7.646507295618800271e+00,0.000000000000000000e+00,0.000000000000000000e+00,0.000000000000000000e+00,0.000000000000000000e+00,-4.005028435905194861e+00,0.000000000000000000e+00,0.000000000000000000e+00,-3.765098521543413512e-01,0.000000000000000000e+00,0.000000000000000000e+00,0.000000000000000000e+00,0.000000000000000000e+00,0.000000000000000000e+00,2.252612995032429399e+00
0.000000000000000000e+00,-2.118643342378865625e-03,0.000000000000000000e+00,-3.243704903288536201e+01,0.000000000000000000e+00,9.472682280557529566e+01,0.000000000000000000e+00,0.000000000000000000e+00,1.239941219909535448e+03,-1.239941219909535448e+03,0.000000000000000000e+00,0.000000000000000000e+00,0.000000000000000000e+00,5.583153791067176464e+00,-5.729350952830667438e+02,0.000000000000000000e+00,0.000000000000000000e+00,1.141179011226908870e+03,0.000000000000000000e+00,-5.000000000000000000e-01,0.000000000000000000e+00,0.000000000000000000e+00,0.000000000000000000e+00,0.000000000000000000e+00,-7.203389841962437590e-02,0.000000000000000000e+00,0.000000000000000000e+00,-1.043808419115238806e+01,0.000000000000000000e+00,0.000000000000000000e+00,0.000000000000000000e+00,0.000000000000000000e+00,-4.005028435905194861e+00,0.000000000000000000e+00,0.000000000000000000e+00,-3.765098521543413512e-01,0.000000000000000000e+00,0.000000000000000000e+00,0.000000000000000000e+00,0.000000000000000000e+00,0.000000000000000000e+00,2.252612995032429399e+00
0.000000000000000000e+00,-2.118643342378865625e-03,0.000000000000000000e+00,-9.988909205956360893e+01,0.000000000000000000e+00,2.407972164410661549e+02,0.000000000000000000e+00,0.000000000000000000e+00,5.337386570318383292e+02,-5.337386570318383292e+02,0.000000000000000000e+00,0.000000000000000000e+00,0.000000000000000000e+00,0.000000000000000000e+00,7.646507295618800271e+00,-1.460703936354908592e+02,0.000000000000000000e+00,3.675244053225336529e+02,0.000000000000000000e+00,-5.000000000000000000e-01,0.000000000000000000e+00,0.000000000000000000e+00,0.000000000000000000e+00,6.745204302667825402e+01,-7.203389841962437590e-02,0.000000000000000000e+00,0.000000000000000000e+00,-7.646507295618800271e+00,0.000000000000000000e+00,0.000000000000000000e+00,0.000000000000000000e+00,0.000000000000000000e+00,-4.005028435905194861e+00,0.000000000000000000e+00,0.000000000000000000e+00,-3.765098521543413512e-01,0.000000000000000000e+00,0.000000000000000000e+00,0.000000000000000000e+00,0.000000000000000000e+00,0.000000000000000000e+00,2.252612995032429399e+00
3.113171216615919334e+01,-2.118643342378865625e-03,0.000000000000000000e+00,-6.356876119904455180e+01,0.000000000000000000e+00,2.304199790523464344e+02,0.000000000000000000e+00,0.000000000000000000e+00,4.403435205333607882e+02,-4.403435205333607882e+02,0.000000000000000000e+00,0.000000000000000000e+00,0.000000000000000000e+00,0.000000000000000000e+00,7.646507295618800271e+00,-1.045614440806119347e+02,0.000000000000000000e+00,2.793178875184158869e+02,0.000000000000000000e+00,-5.000000000000000000e-01,0.000000000000000000e+00,0.000000000000000000e+00,0.000000000000000000e+00,0.000000000000000000e+00,-7.203389841962437590e-02,0.000000000000000000e+00,0.000000000000000000e+00,-7.646507295618800271e+00,0.000000000000000000e+00,0.000000000000000000e+00,0.000000000000000000e+00,0.000000000000000000e+00,-4.005028435905194861e+00,0.000000000000000000e+00,0.000000000000000000e+00,-3.765098521543413512e-01,0.000000000000000000e+00,0.000000000000000000e+00,0.000000000000000000e+00,0.000000000000000000e+00,0.000000000000000000e+00,2.252612995032429399e+00
0.000000000000000000e+00,-2.118643342378865625e-03,0.000000000000000000e+00,-2.058851596729151652e+02,0.000000000000000000e+00,7.996855729478288595e+02,0.000000000000000000e+00,0.000000000000000000e+00,1.285347136471967360e+03,-1.285347136471967360e+03,0.000000000000000000e+00,0.000000000000000000e+00,0.000000000000000000e+00,0.000000000000000000e+00,3.655452573562376273e+01,-3.002464919821840112e+02,0.000000000000000000e+00,6.662405958692515924e+02,0.000000000000000000e+00,-5.000000000000000000e-01,0.000000000000000000e+00,5.781603688000993202e+01,0.000000000000000000e+00,0.000000000000000000e+00,-7.203389841962437590e-02,0.000000000000000000e+00,0.000000000000000000e+00,-3.655452573562376273e+01,0.000000000000000000e+00,0.000000000000000000e+00,0.000000000000000000e+00,0.000000000000000000e+00,-4.005028435905194861e+00,0.000000000000000000e+00,0.000000000000000000e+00,-3.765098521543413512e-01,0.000000000000000000e+00,0.000000000000000000e+00,0.000000000000000000e+00,0.000000000000000000e+00,0.000000000000000000e+00,2.252612995032429399e+00
0.000000000000000000e+00,-2.118643342378865625e-03,0.000000000000000000e+00,-9.861467417696047733e+01,0.000000000000000000e+00,2.382483806758598917e+02,0.000000000000000000e+00,0.000000000000000000e+00,5.413851643274571188e+02,-5.413851643274571188e+02,0.000000000000000000e+00,0.000000000000000000e+00,0.000000000000000000e+00,0.000000000000000000e+00,0.000000000000000000e+00,-1.435215578702845960e+02,0.000000000000000000e+00,3.764453305007555741e+02,0.000000000000000000e+00,-5.000000000000000000e-01,0.000000000000000000e+00,0.000000000000000000e+00,0.000000000000000000e+00,6.617762514407512242e+01,-7.203389841962437590e-02,0.000000000000000000e+00,0.000000000000000000e+00,-7.646507295618800271e+00,0.000000000000000000e+00,0.000000000000000000e+00,0.000000000000000000e+00,0.000000000000000000e+00,-4.005028435905194861e+00,0.000000000000000000e+00,0.000000000000000000e+00,-3.765098521543413512e-01,0.000000000000000000e+00,0.000000000000000000e+00,0.000000000000000000e+00,0.000000000000000000e+00,0.000000000000000000e+00,2.252612995032429399e+00
3.054351929726544057e+01,-2.118643342378865625e-03,0.000000000000000000e+00,-6.298056833015080258e+01,0.000000000000000000e+00,2.280672075767714091e+02,0.000000000000000000e+00,0.000000000000000000e+00,4.497546064356608895e+02,-4.497546064356608895e+02,0.000000000000000000e+00,0.000000000000000000e+00,0.000000000000000000e+00,0.000000000000000000e+00,0.000000000000000000e+00,-1.027968654739306800e+02,0.000000000000000000e+00,2.899053591585034724e+02,0.000000000000000000e+00,-5.000000000000000000e-01,0.000000000000000000e+00,0.000000000000000000e+00,0.000000000000000000e+00,0.000000000000000000e+00,-7.203389841962437590e-02,0.000000000000000000e+00,0.000000000000000000e+00,-7.646507295618800271e+00,0.000000000000000000e+00,0.000000000000000000e+00,0.000000000000000000e+00,0.000000000000000000e+00,-4.005028435905194861e+00,0.000000000000000000e+00,0.000000000000000000e+00,-3.765098521543413512e-01,0.000000000000000000e+00,0.000000000000000000e+00,0.000000000000000000e+00,0.000000000000000000e+00,0.000000000000000000e+00,2.252612995032429399e+00
0.000000000000000000e+00,-2.118643342378865625e-03,0.000000000000000000e+00,-1.912633493786656516e+02,0.000000000000000000e+00,7.411983317708308050e+02,0.000000000000000000e+00,0.000000000000000000e+00,1.256103515883468390e+03,-1.256103515883468390e+03,0.000000000000000000e+00,0.000000000000000000e+00,0.000000000000000000e+00,0.000000000000000000e+00,0.000000000000000000e+00,-2.758768081584348124e+02,0.000000000000000000e+00,6.808624061635010776e+02,0.000000000000000000e+00,-5.000000000000000000e-01,0.000000000000000000e+00,5.294210011526009652e+01,0.000000000000000000e+00,0.000000000000000000e+00,-7.203389841962437590e-02,0.000000000000000000e+00,0.000000000000000000e+00,-3.411755735324884853e+01,0.000000000000000000e+00,0.000000000000000000e+00,0.000000000000000000e+00,0.000000000000000000e+00,-4.005028435905194861e+00,0.000000000000000000e+00,0.000000000000000000e+00,-3.765098521543413512e-01,0.000000000000000000e+00,0.000000000000000000e+00,0.000000000000000000e+00,0.000000000000000000e+00,0.000000000000000000e+00,2.252612995032429399e+00
0.000000000000000000e+00,0.000000000000000000e+00,0.000000000000000000e+00,-2.380952380952380820e-02,0.000000000000000000e+00,9.523809523809523281e-02,0.000000000000000000e+00,0.000000000000000000e+00,1.000000000000000000e+00,-1.000000000000000000e+00,0.000000000000000000e+00,0.000000000000000000e+00,0.000000000000000000e+00,2.380952380952380820e-02,-3.928571428571428492e-01,-7.142857142857142461e-02,0.000000000000000000e+00,9.285714285714284921e-01,0.000000000000000000e+00,0.000000000000000000e+00,0.000000000000000000e+00,0.000000000000000000e+00,0.000000000000000000e+00,0.000000000000000000e+00,0.000000000000000000e+00,0.000000000000000000e+00,0.000000000000000000e+00,-1.190476190476190410e-02,0.000000000000000000e+00,0.000000000000000000e+00,0.000000000000000000e+00,0.000000000000000000e+00,0.000000000000000000e+00,0.000000000000000000e+00,0.000000000000000000e+00,0.000000000000000000e+00,0.000000000000000000e+00,0.000000000000000000e+00,0.000000000000000000e+00,0.000000000000000000e+00,0.000000000000000000e+00,0.000000000000000000e+00
0.000000000000000000e+00,-2.118643342378865625e-03,0.000000000000000000e+00,-2.535111376957989080e+02,0.000000000000000000e+00,4.925378955064310844e+02,0.000000000000000000e+00,0.000000000000000000e+00,1.177953869813721894e+03,-1.177953869813721894e+03,0.000000000000000000e+00,0.000000000000000000e+00,0.000000000000000000e+00,2.775170610355282008e+01,2.152236034739521031e+01,-3.978110727008557888e+02,0.000000000000000000e+00,8.581175724681818338e+02,0.000000000000000000e+00,-5.000000000000000000e-01,0.000000000000000000e+00,0.000000000000000000e+00,0.000000000000000000e+00,2.210740886629135389e+02,-7.203389841962437590e-02,0.000000000000000000e+00,0.000000000000000000e+00,-2.152236034739521031e+01,0.000000000000000000e+00,0.000000000000000000e+00,0.000000000000000000e+00,0.000000000000000000e+00,-4.005028435905194861e+00,0.000000000000000000e+00,0.000000000000000000e+00,-3.765098521543413512e-01,0.000000000000000000e+00,0.000000000000000000e+00,0.000000000000000000e+00,0.000000000000000000e+00,0.000000000000000000e+00,2.252612995032429399e+00
0.000000000000000000e+00,-2.118643342378865625e-03,0.000000000000000000e+00,-2.499240776378996998e+02,0.000000000000000000e+00,4.853637753906327248e+02,0.000000000000000000e+00,0.000000000000000000e+00,1.199476230161117201e+03,-1.199476230161117201e+03,0.000000000000000000e+00,0.000000000000000000e+00,0.000000000000000000e+00,2.775170610355282008e+01,0.000000000000000000e+00,-3.906369525850573723e+02,0.000000000000000000e+00,8.832269928734763198e+02,0.000000000000000000e+00,-5.000000000000000000e-01,0.000000000000000000e+00,0.000000000000000000e+00,0.000000000000000000e+00,2.174870286050143307e+02,-7.203389841962437590e-02,0.000000000000000000e+00,0.000000000000000000e+00,-2.152236034739521031e+01,0.000000000000000000e+00,0.000000000000000000e+00,0.000000000000000000e+00,0.000000000000000000e+00,-4.005028435905194861e+00,0.000000000000000000e+00,0.000000000000000000e+00,-3.765098521543413512e-01,0.000000000000000000e+00,0.000000000000000000e+00,0.000000000000000000e+00,0.000000000000000000e+00,0.000000000000000000e+00,2.252612995032429399e+00
0.000000000000000000e+00,0.000000000000000000e+00,0.000000000000000000e+00,-1.533333333333333215e-01,0.000000000000000000e+00,3.866666666666666585e-01,0.000000000000000000e+00,0.000000000000000000e+00,1.000000000000000000e+00,-1.000000000000000000e+00,0.000000000000000000e+00,0.000000000000000000e+00,0.000000000000000000e+00,3.999999999999999389e-02,1.999999999999999695e-02,-3.466666666666666230e-01,0.000000000000000000e+00,7.666666666666666075e-01,0.000000000000000000e+00,0.000000000000000000e+00,0.000000000000000000e+00,0.000000000000000000e+00,0.000000000000000000e+00,1.133333333333333276e-01,0.000000000000000000e+00,0.000000000000000000e+00,0.000000000000000000e+00,-1.999999999999999695e-02,0.000000000000000000e+00,0.000000000000000000e+00,0.000000000000000000e+00,0.000000000000000000e+00,0.000000000000000000e+00,0.000000000000000000e+00,0.000000000000000000e+00,0.000000000000000000e+00,0.000000000000000000e+00,0.000000000000000000e+00,0.000000000000000000e+00,0.000000000000000000e+00,0.000000000000000000e+00,0.000000000000000000e+00
0.000000000000000000e+00,0.000000000000000000e+00,0.000000000000000000e+00,-3.181818181818181768e-01,0.000000000000000000e+00,2.424242424242424032e-01,0.000000000000000000e+00,0.000000000000000000e+00,1.000000000000000000e+00,-1.000000000000000000e+00,5.151515151515151381e-01,0.000000000000000000e+00,0.000000000000000000e+00,6.060606060606060080e-02,3.030303030303030040e-02,-6.969696969696969058e-01,0.000000000000000000e+00,1.075757575757575690e+00,0.000000000000000000e+00,0.000000000000000000e+00,0.000000000000000000e+00,0.000000000000000000e+00,0.000000000000000000e+00,2.575757575757575690e-01,0.000000000000000000e+00,0.000000000000000000e+00,0.000000000000000000e+00,-3.030303030303030040e-02,0.000000000000000000e+00,0.000000000000000000e+00,0.000000000000000000e+00,0.000000000000000000e+00,0.000000000000000000e+00,0.000000000000000000e+00,0.000000000000000000e+00,0.000000000000000000e+00,0.000000000000000000e+00,0.000000000000000000e+00,0.000000000000000000e+00,0.000000000000000000e+00,0.000000000000000000e+00,0.000000000000000000e+00
0.000000000000000000e+00,0.000000000000000000e+00,0.000000000000000000e+00,-6.212121212121211045e-01,0.000000000000000000e+00,4.848484848484848064e-01,0.000000000000000000e+00,0.000000000000000000e+00,2.090909090909090828e+00,-2.090909090909090828e+00,1.000000000000000000e+00,0.000000000000000000e+00,0.000000000000000000e+00,1.212121212121212016e-01,0.000000000000000000e+00,-1.363636363636363535e+00,0.000000000000000000e+00,2.227272727272727071e+00,0.000000000000000000e+00,0.000000000000000000e+00,0.000000000000000000e+00,0.000000000000000000e+00,0.000000000000000000e+00,5.000000000000000000e-01,0.000000000000000000e+00,0.000000000000000000e+00,0.000000000000000000e+00,-6.060606060606060080e-02,0.000000000000000000e+00,0.000000000000000000e+00,0.000000000000000000e+00,0.000000000000000000e+00,0.000000000000000000e+00,0.000000000000000000e+00,0.000000000000000000e+00,0.000000000000000000e+00,0.000000000000000000e+00,0.000000000000000000e+00,0.000000000000000000e+00,0.000000000000000000e+00,0.000000000000000000e+00,0.000000000000000000e+00
0.000000000000000000e+00,0.000000000000000000e+00,0.000000000000000000e+00,-1.470588235294117418e-01,0.000000000000000000e+00,3.725490196078430905e-01,0.000000000000000000e+00,0.000000000000000000e+00,1.000000000000000000e+00,-1.000000000000000000e+00,0.000000000000000000e+00,0.000000000000000000e+00,0.000000000000000000e+00,3.921568627450980338e-02,0.000000000000000000e+00,-3.333333333333333148e-01,0.000000000000000000e+00,7.745098039215685404e-01,0.000000000000000000e+00,0.000000000000000000e+00,0.000000000000000000e+00,0.000000000000000000e+00,0.000000000000000000e+00,1.078431372549019523e-01,0.000000000000000000e+00,0.000000000000000000e+00,0.000000000000000000e+00,-1.960784313725490169e-02,0.000000000000000000e+00,0.000000000000000000e+00,0.000000000000000000e+00,0.000000000000000000e+00,0.000000000000000000e+00,0.000000000000000000e+00,0.000000000000000000e+00,0.000000000000000000e+00,0.000000000000000000e+00,0.000000000000000000e+00,0.000000000000000000e+00,0.000000000000000000e+00,0.000000000000000000e+00,0.000000000000000000e+00
0.000000000000000000e+00,0.000000000000000000e+00,0.000000000000000000e+00,-1.658333333333333215e+01,0.000000000000000000e+00,1.200000000000000000e+01,0.000000000000000000e+00,0.000000000000000000e+00,3.116666666666666430e+01,-3.116666666666666430e+01,2.116666666666666430e+01,0.000000000000000000e+00,0.000000000000000000e+00,1.000000000000000000e+00,1.500000000000000000e+00,-2.416666666666666430e+01,0.000000000000000000e+00,2.975000000000000000e+01,0.000000000000000000e+00,0.000000000000000000e+00,0.000000000000000000e+00,0.000000000000000000e+00,0.000000000000000000e+00,1.358333333333333215e+01,0.000000000000000000e+00,0.000000000000000000e+00,0.000000000000000000e+00,-1.500000000000000000e+00,0.000000000000000000e+00,0.000000000000000000e+00,0.000000000000000000e+00,0.000000000000000000e+00,0.000000000000000000e+00,2.000000000000000000e+00,0.000000000000000000e+00,0.000000000000000000e+00,0.000000000000000000e+00,0.000000000000000000e+00,0.000000000000000000e+00,0.000000000000000000e+00,0.000000000000000000e+00,0.000000000000000000e+00
0.000000000000000000e+00,0.000000000000000000e+00,0.000000000000000000e+00,-8.491379310344826514e-01,0.000000000000000000e+00,6.206896551724137012e-01,0.000000000000000000e+00,0.000000000000000000e+00,1.491379310344827402e+00,-1.491379310344827402e+00,1.000000000000000000e+00,0.000000000000000000e+00,0.000000000000000000e+00,2.586206896551724102e-02,0.000000000000000000e+00,-1.077586206896551602e+00,0.000000000000000000e+00,1.331896551724137900e+00,0.000000000000000000e+00,0.000000000000000000e+00,0.000000000000000000e+00,0.000000000000000000e+00,0.000000000000000000e+00,6.939655172413792261e-01,0.000000000000000000e+00,0.000000000000000000e+00,0.000000000000000000e+00,-7.758620689655171265e-02,0.000000000000000000e+00,0.000000000000000000e+00,0.000000000000000000e+00,0.000000000000000000e+00,0.000000000000000000e+00,1.293103448275861878e-01,0.000000000000000000e+00,0.000000000000000000e+00,0.000000000000000000e+00,0.000000000000000000e+00,0.000000000000000000e+00,0.000000000000000000e+00,0.000000000000000000e+00,0.000000000000000000e+00
0.000000000000000000e+00,0.000000000000000000e+00,0.000000000000000000e+00,-5.000000000000000000e-01,0.000000000000000000e+00,6.190476190476189577e-01,0.000000000000000000e+00,0.000000000000000000e+00,1.000000000000000000e+00,-1.000000000000000000e+00,5.714285714285713969e-01,0.000000000000000000e+00,0.000000000000000000e+00,0.000000000000000000e+00,0.000000000000000000e+00,-6.190476190476189577e-01,0.000000000000000000e+00,6.904761904761904656e-01,9.523809523809523281e-02,0.000000000000000000e+00,0.000000000000000000e+00,0.000000000000000000e+00,0.000000000000000000e+00,3.095238095238094789e-01,0.000000000000000000e+00,0.000000000000000000e+00,0.000000000000000000e+00,-4.761904761904761640e-02,0.000000000000000000e+00,0.000000000000000000e+00,0.000000000000000000e+00,0.000000000000000000e+00,0.000000000000000000e+00,0.000000000000000000e+00,0.000000000000000000e+00,0.000000000000000000e+00,0.000000000000000000e+00,0.000000000000000000e+00,0.000000000000000000e+00,0.000000000000000000e+00,0.000000000000000000e+00,0.000000000000000000e+00
0.000000000000000000e+00,0.000000000000000000e+00,0.000000000000000000e+00,-1.000000000000000000e+00,0.000000000000000000e+00,1.384615384615384581e+00,0.000000000000000000e+00,0.000000000000000000e+00,2.000000000000000000e+00,-2.000000000000000000e+00,1.538461538461538325e+00,0.000000000000000000e+00,0.000000000000000000e+00,0.000000000000000000e+00,0.000000000000000000e+00,-1.384615384615384581e+00,0.000000000000000000e+00,1.307692307692307487e+00,0.000000000000000000e+00,0.000000000000000000e+00,0.000000000000000000e+00,0.000000000000000000e+00,0.000000000000000000e+00,3.846153846153845812e-01,0.000000000000000000e+00,0.000000000000000000e+00,0.000000000000000000e+00,-1.538461538461538269e-01,0.000000000000000000e+00,0.000000000000000000e+00,0.000000000000000000e+00,0.000000000000000000e+00,0.000000000000000000e+00,0.000000000000000000e+00,0.000000000000000000e+00,0.000000000000000000e+00,0.000000000000000000e+00,0.000000000000000000e+00,0.000000000000000000e+00,3.076923076923076539e-01,0.000000000000000000e+00,0.000000000000000000e+00
6.794871794871794046e-01,0.000000000000000000e+00,0.000000000000000000e+00,-1.025641025641025550e+00,0.000000000000000000e+00,1.557692307692307487e+00,0.000000000000000000e+00,0.000000000000000000e+00,1.358974358974358809e+00,-1.358974358974358809e+00,1.506410256410256387e+00,0.000000000000000000e+00,0.000000000000000000e+00,0.000000000000000000e+00,0.000000000000000000e+00,-1.000000000000000000e+00,0.000000000000000000e+00,4.679487179487178961e-01,0.000000000000000000e+00,0.000000000000000000e+00,0.000000000000000000e+00,0.000000000000000000e+00,0.000000000000000000e+00,0.000000000000000000e+00,0.000000000000000000e+00,0.000000000000000000e+00,0.000000000000000000e+00,-1.730769230769230727e-01,0.000000000000000000e+00,0.000000000000000000e+00,0.000000000000000000e+00,0.000000000000000000e+00,0.000000000000000000e+00,3.461538461538461453e-01,0.000000000000000000e+00,0.000000000000000000e+00,0.000000000000000000e+00,0.000000000000000000e+00,0.000000000000000000e+00,0.000000000000000000e+00,0.000000000000000000e+00,0.000000000000000000e+00
1.444444444444444420e+00,0.000000000000000000e+00,0.000000000000000000e+00,-3.444444444444444198e+00,0.000000000000000000e+00,6.500000000000000000e+00,0.000000000000000000e+00,0.000000000000000000e+00,6.888888888888888395e+00,-6.888888888888888395e+00,5.277777777777777679e+00,0.000000000000000000e+00,0.000000000000000000e+00,0.000000000000000000e+00,0.000000000000000000e+00,-4.333333333333333037e+00,0.000000000000000000e+00,3.277777777777777679e+00,1.000000000000000000e+00,0.000000000000000000e+00,0.000000000000000000e+00,0.000000000000000000e+00,0.000000000000000000e+00,0.000000000000000000e+00,0.000000000000000000e+00,0.000000000000000000e+00,0.000000000000000000e+00,-5.000000000000000000e-01,0.000000000000000000e+00,0.000000000000000000e+00,0.000000000000000000e+00,0.000000000000000000e+00,0.000000000000000000e+00,0.000000000000000000e+00,0.000000000000000000e+00,0.000000000000000000e+00,0.000000000000000000e+00,0.000000000000000000e+00,0.000000000000000000e+00,0.000000000000000000e+00,0.000000000000000000e+00,0.000000000000000000e+00
1.515151515151514916e-01,0.000000000000000000e+00,0.000000000000000000e+00,-6.969696969696969058e-01,0.000000000000000000e+00,1.227272727272727071e+00,0.000000000000000000e+00,0.000000000000000000e+00,1.393939393939393812e+00,-1.393939393939393812e+00,1.287878787878787845e+00,0.000000000000000000e+00,0.000000000000000000e+00,0.000000000000000000e+00,0.000000000000000000e+00,-1.000000000000000000e+00,0.000000000000000000e+00,7.424242424242423199e-01,0.000000000000000000e+00,0.000000000000000000e+00,0.000000000000000000e+00,0.000000000000000000e+00,0.000000000000000000e+00,0.000000000000000000e+00,0.000000000000000000e+00,0.000000000000000000e+00,0.000000000000000000e+00,-1.363636363636363535e-01,0.000000000000000000e+00,0.000000000000000000e+00,0.000000000000000000e+00,0.000000000000000000e+00,0.000000000000000000e+00,0.000000000000000000e+00,0.000000000000000000e+00,0.000000000000000000e+00,0.000000000000000000e+00,0.000000000000000000e+00,0.000000000000000000e+00,2.727272727272727071e-01,0.000000000000000000e+00,0.000000000000000000e+00
0.000000000000000000e+00,0.000000000000000000e+00,0.000000000000000000e+00,-9.500000000000000000e+00,0.000000000000000000e+00,8.000000000000000000e+00,0.000000000000000000e+00,0.000000000000000000e+00,1.900000000000000000e+01,-1.900000000000000000e+01,1.300000000000000000e+01,0.000000000000000000e+00,0.000000000000000000e+00,0.000000000000000000e+00,1.000000000000000000e+00,-1.500000000000000000e+01,0.000000000000000000e+00,1.750000000000000000e+01,0.000000000000000000e+00,0.000000000000000000e+00,0.000000000000000000e+00,0.000000000000000000e+00,1.000000000000000000e+00,7.500000000000000000e+00,0.000000000000000000e+00,0.000000000000000000e+00,0.000000000000000000e+00,-1.000000000000000000e+00,0.000000000000000000e+00,0.000000000000000000e+00,0.000000000000000000e+00,0.000000000000000000e+00,0.000000000000000000e+00,0.000000000000000000e+00,0.000000000000000000e+00,0.000000000000000000e+00,0.000000000000000000e+00,0.000000000000000000e+00,0.000000000000000000e+00,0.000000000000000000e+00,0.000000000000000000e+00,0.000000000000000000e+00
0.000000000000000000e+00,0.000000000000000000e+00,0.000000000000000000e+00,-5.250000000000000000e+00,0.000000000000000000e+00,7.000000000000000000e+00,0.000000000000000000e+00,0.000000000000000000e+00,1.050000000000000000e+01,-1.050000000000000000e+01,5.500000000000000000e+00,0.000000000000000000e+00,0.000000000000000000e+00,0.000000000000000000e+00,5.000000000000000000e-01,-6.500000000000000000e+00,0.000000000000000000e+00,6.750000000000000000e+00,1.000000000000000000e+00,0.000000000000000000e+00,0.000000000000000000e+00,0.000000000000000000e+00,0.000000000000000000e+00,3.250000000000000000e+00,0.000000000000000000e+00,0.000000000000000000e+00,0.000000000000000000e+00,-5.000000000000000000e-01,0.000000000000000000e+00,0.000000000000000000e+00,0.000000000000000000e+00,0.000000000000000000e+00,0.000000000000000000e+00,0.000000000000000000e+00,0.000000000000000000e+00,0.000000000000000000e+00,0.000000000000000000e+00,0.000000000000000000e+00,0.000000000000000000e+00,0.000000000000000000e+00,0.000000000000000000e+00,0.000000000000000000e+00
0.000000000000000000e+00,0.000000000000000000e+00,0.000000000000000000e+00,-7.222222222222222099e-01,0.000000000000000000e+00,1.111111111111110938e+00,0.000000000000000000e+00,0.000000000000000000e+00,1.444444444444444420e+00,-1.444444444444444420e+00,1.000000000000000000e+00,0.000000000000000000e+00,0.000000000000000000e+00,0.000000000000000000e+00,1.111111111111111049e-01,-1.000000000000000000e+00,0.000000000000000000e+00,8.333333333333332593e-01,0.000000000000000000e+00,0.000000000000000000e+00,0.000000000000000000e+00,0.000000000000000000e+00,0.000000000000000000e+00,2.777777777777777346e-01,0.000000000000000000e+00,0.000000000000000000e+00,0.000000000000000000e+00,-1.111111111111111049e-01,0.000000000000000000e+00,0.000000000000000000e+00,0.000000000000000000e+00,0.000000000000000000e+00,0.000000000000000000e+00,0.000000000000000000e+00,0.000000000000000000e+00,0.000000000000000000e+00,0.000000000000000000e+00,0.000000000000000000e+00,0.000000000000000000e+00,2.222222222222222099e-01,0.000000000000000000e+00,0.000000000000000000e+00
6.794871794871794046e-01,0.000000000000000000e+00,0.000000000000000000e+00,-1.025641025641025550e+00,0.000000000000000000e+00,1.730769230769230616e+00,0.000000000000000000e+00,0.000000000000000000e+00,1.358974358974358809e+00,-1.358974358974358809e+00,1.333333333333333259e+00,0.000000000000000000e+00,0.000000000000000000e+00,0.000000000000000000e+00,1.730769230769230727e-01,-1.000000000000000000e+00,0.000000000000000000e+00,2.948717948717948234e-01,0.000000000000000000e+00,0.000000000000000000e+00,0.000000000000000000e+00,0.000000000000000000e+00,0.000000000000000000e+00,0.000000000000000000e+00,0.000000000000000000e+00,0.000000000000000000e+00,0.000000000000000000e+00,-1.730769230769230727e-01,0.000000000000000000e+00,0.000000000000000000e+00,0.000000000000000000e+00,0.000000000000000000e+00,0.000000000000000000e+00,3.461538461538461453e-01,0.000000000000000000e+00,0.000000000000000000e+00,0.000000000000000000e+00,0.000000000000000000e+00,0.000000000000000000e+00,0.000000000000000000e+00,0.000000000000000000e+00,0.000000000000000000e+00
6.250000000000000000e-01,0.000000000000000000e+00,0.000000000000000000e+00,-1.000000000000000000e+00,0.000000000000000000e+00,1.500000000000000000e+00,0.000000000000000000e+00,0.000000000000000000e+00,2.000000000000000000e+00,-2.000000000000000000e+00,2.125000000000000000e+00,0.000000000000000000e+00,0.000000000000000000e+00,0.000000000000000000e+00,1.875000000000000000e-01,-1.875000000000000000e+00,0.000000000000000000e+00,1.562500000000000000e+00,0.000000000000000000e+00,0.000000000000000000e+00,0.000000000000000000e+00,0.000000000000000000e+00,1.875000000000000000e-01,0.000000000000000000e+00,0.000000000000000000e+00,0.000000000000000000e+00,0.000000000000000000e+00,-1.875000000000000000e-01,0.000000000000000000e+00,0.000000000000000000e+00,0.000000000000000000e+00,0.000000000000000000e+00,0.000000000000000000e+00,0.000000000000000000e+00,0.000000000000000000e+00,0.000000000000000000e+00,0.000000000000000000e+00,0.000000000000000000e+00,0.000000000000000000e+00,0.000000000000000000e+00,0.000000000000000000e+00,0.000000000000000000e+00
1.444444444444444420e+00,0.000000000000000000e+00,0.000000000000000000e+00,-3.444444444444444198e+00,0.000000000000000000e+00,7.000000000000000000e+00,0.000000000000000000e+00,0.000000000000000000e+00,6.888888888888888395e+00,-6.888888888888888395e+00,4.777777777777777679e+00,0.000000000000000000e+00,0.000000000000000000e+00,0.000000000000000000e+00,5.000000000000000000e-01,-4.333333333333333037e+00,0.000000000000000000e+00,2.777777777777777679e+00,1.000000000000000000e+00,0.000000000000000000e+00,0.000000000000000000e+00,0.000000000000000000e+00,0.000000000000000000e+00,0.000000000000000000e+00,0.000000000000000000e+00,0.000000000000000000e+00,0.000000000000000000e+00,-5.000000000000000000e-01,0.000000000000000000e+00,0.000000000000000000e+00,0.000000000000000000e+00,0.000000000000000000e+00,0.000000000000000000e+00,0.000000000000000000e+00,0.000000000000000000e+00,0.000000000000000000e+00,0.000000000000000000e+00,0.000000000000000000e+00,0.000000000000000000e+00,0.000000000000000000e+00,0.000000000000000000e+00,0.000000000000000000e+00
1.515151515151514916e-01,0.000000000000000000e+00,0.000000000000000000e+00,-6.969696969696969058e-01,0.000000000000000000e+00,1.363636363636363535e+00,0.000000000000000000e+00,0.000000000000000000e+00,1.393939393939393812e+00,-1.393939393939393812e+00,1.151515151515151381e+00,0.000000000000000000e+00,0.000000000000000000e+00,0.000000000000000000e+00,1.363636363636363535e-01,-1.000000000000000000e+00,0.000000000000000000e+00,6.060606060606059664e-01,0.000000000000000000e+00,0.000000000000000000e+00,0.000000000000000000e+00,0.000000000000000000e+00,0.000000000000000000e+00,0.000000000000000000e+00,0.000000000000000000e+00,0.000000000000000000e+00,0.000000000000000000e+00,-1.363636363636363535e-01,0.000000000000000000e+00,0.000000000000000000e+00,0.000000000000000000e+00,0.000000000000000000e+00,0.000000000000000000e+00,0.000000000000000000e+00,0.000000000000000000e+00,0.000000000000000000e+00,0.000000000000000000e+00,0.000000000000000000e+00,0.000000000000000000e+00,2.727272727272727071e-01,0.000000000000000000e+00,0.000000000000000000e+00
5.000000000000000000e-01,0.000000000000000000e+00,0.000000000000000000e+00,-1.000000000000000000e+00,0.000000000000000000e+00,2.500000000000000000e+00,0.000000000000000000e+00,0.000000000000000000e+00,9.666666666666666075e+00,-9.666666666666666075e+00,0.000000000000000000e+00,0.000000000000000000e+00,0.000000000000000000e+00,0.000000000000000000e+00,-4.083333333333333037e+00,0.000000000000000000e+00,0.000000000000000000e+00,7.166666666666666075e+00,0.000000000000000000e+00,0.000000000000000000e+00,0.000000000000000000e+00,0.000000000000000000e+00,0.000000000000000000e+00,0.000000000000000000e+00,0.000000000000000000e+00,0.000000000000000000e+00,0.000000000000000000e+00,-2.500000000000000000e-01,0.000000000000000000e+00,0.000000000000000000e+00,0.000000000000000000e+00,0.000000000000000000e+00,0.000000000000000000e+00,5.000000000000000000e-01,0.000000000000000000e+00,0.000000000000000000e+00,0.000000000000000000e+00,0.000000000000000000e+00,0.000000000000000000e+00,0.000000000000000000e+00,0.000000000000000000e+00,0.000000000000000000e+00
0.000000000000000000e+00,0.000000000000000000e+00,0.000000000000000000e+00,-1.000000000000000000e+00,0.000000000000000000e+00,2.928571428571428381e+00,0.000000000000000000e+00,0.000000000000000000e+00,1.390476190476190332e+01,-1.390476190476190332e+01,0.000000000000000000e+00,0.000000000000000000e+00,0.000000000000000000e+00,0.000000000000000000e+00,-5.952380952380951662e+00,0.000000000000000000e+00,0.000000000000000000e+00,1.090476190476190332e+01,0.000000000000000000e+00,0.000000000000000000e+00,0.000000000000000000e+00,2.142857142857142738e-01,0.000000000000000000e+00,0.000000000000000000e+00,0.000000000000000000e+00,0.000000000000000000e+00,0.000000000000000000e+00,-2.857142857142856984e-01,0.000000000000000000e+00,0.000000000000000000e+00,0.000000000000000000e+00,0.000000000000000000e+00,0.000000000000000000e+00,3.571428571428570953e-01,0.000000000000000000e+00,0.000000000000000000e+00,0.000000000000000000e+00,0.000000000000000000e+00,0.000000000000000000e+00,0.000000000000000000e+00,0.000000000000000000e+00,0.000000000000000000e+00
0.000000000000000000e+00,0.000000000000000000e+00,0.000000000000000000e+00,-1.000000000000000000e+00,0.000000000000000000e+00,2.875000000000000000e+00,0.000000000000000000e+00,0.000000000000000000e+00,1.408333333333333215e+01,-1.408333333333333215e+01,0.000000000000000000e+00,0.000000000000000000e+00,0.000000000000000000e+00,0.000000000000000000e+00,-6.229166666666666075e+00,0.000000000000000000e+00,0.000000000000000000e+00,1.108333333333333215e+01,0.000000000000000000e+00,0.000000000000000000e+00,0.000000000000000000e+00,0.000000000000000000e+00,0.000000000000000000e+00,0.000000000000000000e+00,0.000000000000000000e+00,0.000000000000000000e+00,0.000000000000000000e+00,-3.125000000000000000e-01,0.000000000000000000e+00,0.000000000000000000e+00,0.000000000000000000e+00,0.000000000000000000e+00,0.000000000000000000e+00,2.500000000000000000e-01,0.000000000000000000e+00,0.000000000000000000e+00,0.000000000000000000e+00,0.000000000000000000e+00,0.000000000000000000e+00,3.750000000000000000e-01,0.000000000000000000e+00,0.000000000000000000e+00
0.000000000000000000e+00,0.000000000000000000e+00,0.000000000000000000e+00,-1.000000000000000000e+00,0.000000000000000000e+00,3.500000000000000000e+00,0.000000000000000000e+00,0.000000000000000000e+00,7.000000000000000000e+00,-7.000000000000000000e+00,0.000000000000000000e+00,0.000000000000000000e+00,0.000000000000000000e+00,0.000000000000000000e+00,-1.250000000000000000e+00,-1.000000000000000000e+00,0.000000000000000000e+00,4.000000000000000000e+00,0.000000000000000000e+00,0.000000000000000000e+00,0.000000000000000000e+00,0.000000000000000000e+00,0.000000000000000000e+00,0.000000000000000000e+00,0.000000000000000000e+00,0.000000000000000000e+00,0.000000000000000000e+00,-2.500000000000000000e-01,0.000000000000000000e+00,0.000000000000000000e+00,0.000000000000000000e+00,0.000000000000000000e+00,0.000000000000000000e+00,0.000000000000000000e+00,0.000000000000000000e+00,0.000000000000000000e+00,0.000000000000000000e+00,0.000000000000000000e+00,0.000000000000000000e+00,5.000000000000000000e-01,0.000000000000000000e+00,0.000000000000000000e+00
4.571428571428571286e-01,0.000000000000000000e+00,0.000000000000000000e+00,-4.571428571428571286e-01,0.000000000000000000e+00,1.457142857142857073e+00,0.000000000000000000e+00,0.000000000000000000e+00,2.714285714285713969e+00,-2.714285714285713969e+00,0.000000000000000000e+00,0.000000000000000000e+00,0.000000000000000000e+00,1.857142857142856929e-01,9.285714285714284644e-02,-1.000000000000000000e+00,0.000000000000000000e+00,1.799999999999999822e+00,0.000000000000000000e+00,0.000000000000000000e+00,0.000000000000000000e+00,0.000000000000000000e+00,0.000000000000000000e+00,0.000000000000000000e+00,0.000000000000000000e+00,0.000000000000000000e+00,0.000000000000000000e+00,-9.285714285714284644e-02,0.000000000000000000e+00,0.000000000000000000e+00,0.000000000000000000e+00,0.000000000000000000e+00,0.000000000000000000e+00,0.000000000000000000e+00,0.000000000000000000e+00,0.000000000000000000e+00,0.000000000000000000e+00,0.000000000000000000e+00,0.000000000000000000e+00,0.000000000000000000e+00,0.000000000000000000e+00,0.000000000000000000e+00
0.000000000000000000e+00,0.000000000000000000e+00,0.000000000000000000e+00,-1.000000000000000000e+00,0.000000000000000000e+00,3.854166666666666519e+00,0.000000000000000000e+00,0.000000000000000000e+00,5.937500000000000000e+00,-5.937500000000000000e+00,0.000000000000000000e+00,0.000000000000000000e+00,0.000000000000000000e+00,7.291666666666665741e-02,2.031250000000000000e-01,-1.520833333333333259e+00,0.000000000000000000e+00,2.937500000000000000e+00,0.000000000000000000e+00,0.000000000000000000e+00,0.000000000000000000e+00,3.333333333333333148e-01,0.000000000000000000e+00,0.000000000000000000e+00,0.000000000000000000e+00,0.000000000000000000e+00,0.000000000000000000e+00,-2.031250000000000000e-01,0.000000000000000000e+00,0.000000000000000000e+00,0.000000000000000000e+00,0.000000000000000000e+00,0.000000000000000000e+00,0.000000000000000000e+00,0.000000000000000000e+00,0.000000000000000000e+00,0.000000000000000000e+00,0.000000000000000000e+00,0.000000000000000000e+00,0.000000000000000000e+00,0.000000000000000000e+00,0.000000000000000000e+00
1.000000000000000000e+00,0.000000000000000000e+00,0.000000000000000000e+00,-1.000000000000000000e+00,0.000000000000000000e+00,3.174603174603174427e+00,0.000000000000000000e+00,0.000000000000000000e+00,6.285714285714285587e+00,-6.285714285714285587e+00,0.000000000000000000e+00,0.000000000000000000e+00,0.000000000000000000e+00,4.126984126984126755e-01,0.000000000000000000e+00,-2.174603174603174427e+00,0.000000000000000000e+00,4.285714285714285587e+00,0.000000000000000000e+00,0.000000000000000000e+00,0.000000000000000000e+00,0.000000000000000000e+00,0.000000000000000000e+00,0.000000000000000000e+00,0.000000000000000000e+00,0.000000000000000000e+00,0.000000000000000000e+00,-2.063492063492063378e-01,0.000000000000000000e+00,0.000000000000000000e+00,0.000000000000000000e+00,0.000000000000000000e+00,0.000000000000000000e+00,0.000000000000000000e+00,0.000000000000000000e+00,0.000000000000000000e+00,0.000000000000000000e+00,0.000000000000000000e+00,0.000000000000000000e+00,0.000000000000000000e+00,0.000000000000000000e+00,0.000000000000000000e+00
8.333333333333332593e-01,0.000000000000000000e+00,0.000000000000000000e+00,-1.333333333333333259e+00,0.000000000000000000e+00,3.833333333333333037e+00,0.000000000000000000e+00,0.000000000000000000e+00,4.333333333333333037e+00,-4.333333333333333037e+00,0.000000000000000000e+00,0.000000000000000000e+00,0.000000000000000000e+00,0.000000000000000000e+00,2.500000000000000000e-01,-1.000000000000000000e+00,0.000000000000000000e+00,1.166666666666666519e+00,0.000000000000000000e+00,0.000000000000000000e+00,0.000000000000000000e+00,0.000000000000000000e+00,0.000000000000000000e+00,0.000000000000000000e+00,0.000000000000000000e+00,0.000000000000000000e+00,0.000000000000000000e+00,-2.500000000000000000e-01,0.000000000000000000e+00,0.000000000000000000e+00,0.000000000000000000e+00,0.000000000000000000e+00,0.000000000000000000e+00,5.000000000000000000e-01,0.000000000000000000e+00,0.000000000000000000e+00,0.000000000000000000e+00,0.000000000000000000e+00,0.000000000000000000e+00,0.000000000000000000e+00,0.000000000000000000e+00,0.000000000000000000e+00
0.000000000000000000e+00,0.000000000000000000e+00,0.000000000000000000e+00,-1.000000000000000000e+00,0.000000000000000000e+00,3.841269841269840946e+00,0.000000000000000000e+00,0.000000000000000000e+00,6.285714285714285587e+00,-6.285714285714285587e+00,0.000000000000000000e+00,0.000000000000000000e+00,0.000000000000000000e+00,7.936507936507936067e-02,0.000000000000000000e+00,-1.507936507936507908e+00,0.000000000000000000e+00,3.285714285714285587e+00,0.000000000000000000e+00,0.000000000000000000e+00,0.000000000000000000e+00,3.333333333333333148e-01,0.000000000000000000e+00,0.000000000000000000e+00,0.000000000000000000e+00,0.000000000000000000e+00,0.000000000000000000e+00,-2.063492063492063378e-01,0.000000000000000000e+00,0.000000000000000000e+00,0.000000000000000000e+00,0.000000000000000000e+00,0.000000000000000000e+00,0.000000000000000000e+00,0.000000000000000000e+00,0.000000000000000000e+00,0.000000000000000000e+00,0.000000000000000000e+00,0.000000000000000000e+00,0.000000000000000000e+00,0.000000000000000000e+00,0.000000000000000000e+00
0.000000000000000000e+00,0.000000000000000000e+00,0.000000000000000000e+00,-8.244274809160304640e-01,0.000000000000000000e+00,3.057251908396946494e+00,0.000000000000000000e+00,0.000000000000000000e+00,4.320610687022900187e+00,-4.320610687022900187e+00,0.000000000000000000e+00,0.000000000000000000e+00,0.000000000000000000e+00,0.000000000000000000e+00,1.641221374045801484e-01,-1.000000000000000000e+00,0.000000000000000000e+00,1.847328244274809128e+00,0.000000000000000000e+00,0.000000000000000000e+00,0.000000000000000000e+00,2.480916030534351113e-01,0.000000000000000000e+00,0.000000000000000000e+00,0.000000000000000000e+00,0.000000000000000000e+00,0.000000000000000000e+00,-1.641221374045801484e-01,0.000000000000000000e+00,0.000000000000000000e+00,0.000000000000000000e+00,0.000000000000000000e+00,0.000000000000000000e+00,8.015267175572518554e-02,0.000000000000000000e+00,0.000000000000000000e+00,0.000000000000000000e+00,0.000000000000000000e+00,0.000000000000000000e+00,0.000000000000000000e+00,0.000000000000000000e+00,0.000000000000000000e+00
8.639455782312924770e-01,0.000000000000000000e+00,0.000000000000000000e+00,-1.394557823129251695e+00,0.000000000000000000e+00,3.986394557823129237e+00,0.000000000000000000e+00,0.000000000000000000e+00,4.925170068027210135e+00,-4.925170068027210135e+00,0.000000000000000000e+00,0.000000000000000000e+00,0.000000000000000000e+00,0.000000000000000000e+00,0.000000000000000000e+00,-1.000000000000000000e+00,0.000000000000000000e+00,1.605442176870748083e+00,0.000000000000000000e+00,0.000000000000000000e+00,0.000000000000000000e+00,0.000000000000000000e+00,0.000000000000000000e+00,0.000000000000000000e+00,0.000000000000000000e+00,0.000000000000000000e+00,0.000000000000000000e+00,-2.653061224489795533e-01,0.000000000000000000e+00,0.000000000000000000e+00,0.000000000000000000e+00,0.000000000000000000e+00,0.000000000000000000e+00,5.306122448979591066e-01,0.000000000000000000e+00,0.000000000000000000e+00,0.000000000000000000e+00,0.000000000000000000e+00,0.000000000000000000e+00,0.000000000000000000e+00,0.000000000000000000e+00,0.000000000000000000e+00
0.000000000000000000e+00,0.000000000000000000e+00,0.000000000000000000e+00,-8.519999999999999796e-01,0.000000000000000000e+00,3.137999999999999901e+00,0.000000000000000000e+00,0.000000000000000000e+00,4.703999999999999737e+00,-4.703999999999999737e+00,0.000000000000000000e+00,0.000000000000000000e+00,0.000000000000000000e+00,0.000000000000000000e+00,0.000000000000000000e+00,-1.000000000000000000e+00,0.000000000000000000e+00,2.147999999999999687e+00,0.000000000000000000e+00,0.000000000000000000e+00,0.000000000000000000e+00,2.539999999999999480e-01,0.000000000000000000e+00,0.000000000000000000e+00,0.000000000000000000e+00,0.000000000000000000e+00,0.000000000000000000e+00,-1.719999999999999862e-01,0.000000000000000000e+00,0.000000000000000000e+00,0.000000000000000000e+00,0.000000000000000000e+00,0.000000000000000000e+00,8.999999999999999667e-02,0.000000000000000000e+00,0.000000000000000000e+00,0.000000000000000000e+00,0.000000000000000000e+00,0.000000000000000000e+00,0.000000000000000000e+00,0.000000000000000000e+00,0.000000000000000000e+00
0.000000000000000000e+00,0.000000000000000000e+00,0.000000000000000000e+00,-7.333333333333333037e+00,0.000000000000000000e+00,1.666666666666666430e+01,0.000000000000000000e+00,0.000000000000000000e+00,3.200000000000000000e+01,-3.200000000000000000e+01,0.000000000000000000e+00,0.000000000000000000e+00,0.000000000000000000e+00,0.000000000000000000e+00,1.000000000000000000e+00,-1.066666666666666607e+01,0.000000000000000000e+00,1.966666666666666430e+01,0.000000000000000000e+00,0.000000000000000000e+00,0.000000000000000000e+00,0.000000000000000000e+00,1.000000000000000000e+00,5.333333333333333037e+00,0.000000000000000000e+00,0.000000000000000000e+00,0.000000000000000000e+00,-1.000000000000000000e+00,0.000000000000000000e+00,0.000000000000000000e+00,0.000000000000000000e+00,0.000000000000000000e+00,0.000000000000000000e+00,0.000000000000000000e+00,0.000000000000000000e+00,0.000000000000000000e+00,0.000000000000000000e+00,0.000000000000000000e+00,0.000000000000000000e+00,0.000000000000000000e+00,0.000000000000000000e+00,0.000000000000000000e+00
0.000000000000000000e+00,0.000000000000000000e+00,0.000000000000000000e+00,-2.272727272727272652e-01,0.000000000000000000e+00,7.272727272727271819e-01,0.000000000000000000e+00,0.000000000000000000e+00,1.000000000000000000e+00,-1.000000000000000000e+00,0.000000000000000000e+00,0.000000000000000000e+00,0.000000000000000000e+00,0.000000000000000000e+00,4.545454545454544887e-02,-2.727272727272727071e-01,0.000000000000000000e+00,4.090909090909090606e-01,0.000000000000000000e+00,0.000000000000000000e+00,0.000000000000000000e+00,0.000000000000000000e+00,0.000000000000000000e+00,4.545454545454544887e-02,0.000000000000000000e+00,0.000000000000000000e+00,0.000000000000000000e+00,-4.545454545454544887e-02,0.000000000000000000e+00,0.000000000000000000e+00,0.000000000000000000e+00,0.000000000000000000e+00,0.000000000000000000e+00,0.000000000000000000e+00,0.000000000000000000e+00,0.000000000000000000e+00,0.000000000000000000e+00,0.000000000000000000e+00,0.000000000000000000e+00,9.090909090909089774e-02,0.000000000000000000e+00,0.000000000000000000e+00
0.000000000000000000e+00,0.000000000000000000e+00,0.000000000000000000e+00,-4.333333333333333037e+00,0.000000000000000000e+00,1.066666666666666607e+01,0.000000000000000000e+00,0.000000000000000000e+00,1.600000000000000000e+01,-1.600000000000000000e+01,0.000000000000000000e+00,0.000000000000000000e+00,0.000000000000000000e+00,0.000000000000000000e+00,5.000000000000000000e-01,-4.666666666666666075e+00,0.000000000000000000e+00,7.666666666666666075e+00,1.000000000000000000e+00,0.000000000000000000e+00,0.000000000000000000e+00,0.000000000000000000e+00,0.000000000000000000e+00,2.333333333333333037e+00,0.000000000000000000e+00,0.000000000000000000e+00,0.000000000000000000e+00,-5.000000000000000000e-01,0.000000000000000000e+00,0.000000000000000000e+00,0.000000000000000000e+00,0.000000000000000000e+00,0.000000000000000000e+00,0.000000000000000000e+00,0.000000000000000000e+00,0.000000000000000000e+00,0.000000000000000000e+00,0.000000000000000000e+00,0.000000000000000000e+00,0.000000000000000000e+00,0.000000000000000000e+00,0.000000000000000000e+00
9.999999999999999167e-02,0.000000000000000000e+00,0.000000000000000000e+00,-1.812499999999999944e-01,0.000000000000000000e+00,6.437499999999999334e-01,0.000000000000000000e+00,0.000000000000000000e+00,1.000000000000000000e+00,-1.000000000000000000e+00,0.000000000000000000e+00,0.000000000000000000e+00,0.000000000000000000e+00,0.000000000000000000e+00,4.062499999999999445e-02,-2.999999999999999889e-01,0.000000000000000000e+00,5.156250000000000000e-01,0.000000000000000000e+00,0.000000000000000000e+00,0.000000000000000000e+00,0.000000000000000000e+00,4.062499999999999445e-02,0.000000000000000000e+00,0.000000000000000000e+00,0.000000000000000000e+00,0.000000000000000000e+00,-4.062499999999999445e-02,0.000000000000000000e+00,0.000000000000000000e+00,0.000000000000000000e+00,0.000000000000000000e+00,0.000000000000000000e+00,0.000000000000000000e+00,0.000000000000000000e+00,0.000000000000000000e+00,0.000000000000000000e+00,0.000000000000000000e+00,0.000000000000000000e+00,0.000000000000000000e+00,0.000000000000000000e+00,0.000000000000000000e+00
2.238805970149253602e-02,0.000000000000000000e+00,0.000000000000000000e+00,-2.164179104477611804e-01,0.000000000000000000e+00,7.686567164179104461e-01,0.000000000000000000e+00,0.000000000000000000e+00,1.000000000000000000e+00,-1.000000000000000000e+00,0.000000000000000000e+00,0.000000000000000000e+00,0.000000000000000000e+00,0.000000000000000000e+00,4.850746268656715848e-02,-2.611940298507462455e-01,0.000000000000000000e+00,3.731343283582089221e-01,0.000000000000000000e+00,0.000000000000000000e+00,0.000000000000000000e+00,0.000000000000000000e+00,0.000000000000000000e+00,0.000000000000000000e+00,0.000000000000000000e+00,0.000000000000000000e+00,0.000000000000000000e+00,-4.850746268656715848e-02,0.000000000000000000e+00,0.000000000000000000e+00,0.000000000000000000e+00,0.000000000000000000e+00,0.000000000000000000e+00,0.000000000000000000e+00,0.000000000000000000e+00,0.000000000000000000e+00,0.000000000000000000e+00,0.000000000000000000e+00,0.000000000000000000e+00,9.701492537313431697e-02,0.000000000000000000e+00,0.000000000000000000e+00
8.433734939759035543e-02,0.000000000000000000e+00,0.000000000000000000e+00,-2.409638554216867457e-01,0.000000000000000000e+00,8.072289156626505369e-01,0.000000000000000000e+00,0.000000000000000000e+00,1.000000000000000000e+00,-1.000000000000000000e+00,0.000000000000000000e+00,0.000000000000000000e+00,0.000000000000000000e+00,0.000000000000000000e+00,3.915662650602409062e-02,-2.530120481927710663e-01,0.000000000000000000e+00,3.614457831325301185e-01,7.831325301204818123e-02,0.000000000000000000e+00,0.000000000000000000e+00,0.000000000000000000e+00,0.000000000000000000e+00,0.000000000000000000e+00,0.000000000000000000e+00,0.000000000000000000e+00,0.000000000000000000e+00,-3.915662650602409062e-02,0.000000000000000000e+00,0.000000000000000000e+00,0.000000000000000000e+00,0.000000000000000000e+00,0.000000000000000000e+00,0.000000000000000000e+00,0.000000000000000000e+00,0.000000000000000000e+00,0.000000000000000000e+00,0.000000000000000000e+00,0.000000000000000000e+00,0.000000000000000000e+00,0.000000000000000000e+00,0.000000000000000000e+00
0.000000000000000000e+00,0.000000000000000000e+00,0.000000000000000000e+00,-7.166666666666666075e+00,0.000000000000000000e+00,1.633333333333333215e+01,0.000000000000000000e+00,0.000000000000000000e+00,3.300000000000000000e+01,-3.300000000000000000e+01,0.000000000000000000e+00,0.000000000000000000e+00,0.000000000000000000e+00,0.000000000000000000e+00,0.000000000000000000e+00,-1.033333333333333215e+01,0.000000000000000000e+00,2.083333333333333215e+01,0.000000000000000000e+00,0.000000000000000000e+00,0.000000000000000000e+00,0.000000000000000000e+00,1.000000000000000000e+00,5.166666666666666075e+00,0.000000000000000000e+00,0.000000000000000000e+00,0.000000000000000000e+00,-1.000000000000000000e+00,0.000000000000000000e+00,0.000000000000000000e+00,0.000000000000000000e+00,0.000000000000000000e+00,0.000000000000000000e+00,0.000000000000000000e+00,0.000000000000000000e+00,0.000000000000000000e+00,0.000000000000000000e+00,0.000000000000000000e+00,0.000000000000000000e+00,0.000000000000000000e+00,0.000000000000000000e+00,0.000000000000000000e+00
0.000000000000000000e+00,0.000000000000000000e+00,0.000000000000000000e+00,-1.718750000000000000e-01,0.000000000000000000e+00,6.656249999999999112e-01,0.000000000000000000e+00,0.000000000000000000e+00,1.000000000000000000e+00,-1.000000000000000000e+00,0.000000000000000000e+00,0.000000000000000000e+00,0.000000000000000000e+00,0.000000000000000000e+00,3.593749999999999722e-02,-2.500000000000000000e-01,0.000000000000000000e+00,4.734374999999999556e-01,0.000000000000000000e+00,0.000000000000000000e+00,0.000000000000000000e+00,4.999999999999999584e-02,1.093749999999999931e-02,0.000000000000000000e+00,0.000000000000000000e+00,0.000000000000000000e+00,0.000000000000000000e+00,-3.593749999999999722e-02,0.000000000000000000e+00,0.000000000000000000e+00,0.000000000000000000e+00,0.000000000000000000e+00,0.000000000000000000e+00,0.000000000000000000e+00,0.000000000000000000e+00,0.000000000000000000e+00,0.000000000000000000e+00,0.000000000000000000e+00,0.000000000000000000e+00,0.000000000000000000e+00,0.000000000000000000e+00,0.000000000000000000e+00
0.000000000000000000e+00,0.000000000000000000e+00,0.000000000000000000e+00,-1.000000000000000000e+00,0.000000000000000000e+00,3.241379310344827402e+00,0.000000000000000000e+00,0.000000000000000000e+00,4.758620689655171709e+00,-4.758620689655171709e+00,0.000000000000000000e+00,0.000000000000000000e+00,0.000000000000000000e+00,0.000000000000000000e+00,0.000000000000000000e+00,-1.172413793103448176e+00,0.000000000000000000e+00,2.103448275862068950e+00,0.000000000000000000e+00,0.000000000000000000e+00,0.000000000000000000e+00,0.000000000000000000e+00,0.000000000000000000e+00,1.724137931034482596e-01,0.000000000000000000e+00,0.000000000000000000e+00,0.000000000000000000e+00,-2.068965517241379282e-01,0.000000000000000000e+00,0.000000000000000000e+00,0.000000000000000000e+00,0.000000000000000000e+00,0.000000000000000000e+00,0.000000000000000000e+00,0.000000000000000000e+00,0.000000000000000000e+00,0.000000000000000000e+00,0.000000000000000000e+00,0.000000000000000000e+00,4.137931034482758563e-01,0.000000000000000000e+00,0.000000000000000000e+00
0.000000000000000000e+00,0.000000000000000000e+00,0.000000000000000000e+00,-7.666666666666666075e+00,0.000000000000000000e+00,2.833333333333333215e+01,0.000000000000000000e+00,0.000000000000000000e+00,3.866666666666666430e+01,-3.866666666666666430e+01,0.000000000000000000e+00,0.000000000000000000e+00,0.000000000000000000e+00,0.000000000000000000e+00,1.666666666666666519e+00,-9.666666666666666075e+00,0.000000000000000000e+00,1.566666666666666607e+01,0.000000000000000000e+00,0.000000000000000000e+00,0.000000000000000000e+00,1.000000000000000000e+00,0.000000000000000000e+00,0.000000000000000000e+00,0.000000000000000000e+00,0.000000000000000000e+00,0.000000000000000000e+00,-1.666666666666666519e+00,0.000000000000000000e+00,0.000000000000000000e+00,0.000000000000000000e+00,0.000000000000000000e+00,0.000000000000000000e+00,0.000000000000000000e+00,0.000000000000000000e+00,0.000000000000000000e+00,0.000000000000000000e+00,0.000000000000000000e+00,0.000000000000000000e+00,2.333333333333333037e+00,0.000000000000000000e+00,0.000000000000000000e+00
0.000000000000000000e+00,0.000000000000000000e+00,0.000000000000000000e+00,-4.250000000000000000e+00,0.000000000000000000e+00,1.050000000000000000e+01,0.000000000000000000e+00,0.000000000000000000e+00,1.650000000000000000e+01,-1.650000000000000000e+01,0.000000000000000000e+00,0.000000000000000000e+00,0.000000000000000000e+00,0.000000000000000000e+00,0.000000000000000000e+00,-4.500000000000000000e+00,0.000000000000000000e+00,8.250000000000000000e+00,1.000000000000000000e+00,0.000000000000000000e+00,0.000000000000000000e+00,0.000000000000000000e+00,0.000000000000000000e+00,2.250000000000000000e+00,0.000000000000000000e+00,0.000000000000000000e+00,0.000000000000000000e+00,-5.000000000000000000e-01,0.000000000000000000e+00,0.000000000000000000e+00,0.000000000000000000e+00,0.000000000000000000e+00,0.000000000000000000e+00,0.000000000000000000e+00,0.000000000000000000e+00,0.000000000000000000e+00,0.000000000000000000e+00,0.000000000000000000e+00,0.000000000000000000e+00,0.000000000000000000e+00,0.000000000000000000e+00,0.000000000000000000e+00
0.000000000000000000e+00,0.000000000000000000e+00,0.000000000000000000e+00,-1.904761904761904656e-01,0.000000000000000000e+00,7.142857142857141906e-01,0.000000000000000000e+00,0.000000000000000000e+00,1.000000000000000000e+00,-1.000000000000000000e+00,0.000000000000000000e+00,0.000000000000000000e+00,0.000000000000000000e+00,0.000000000000000000e+00,3.571428571428571230e-02,-2.380952380952380820e-01,0.000000000000000000e+00,4.285714285714285476e-01,2.380952380952380820e-02,0.000000000000000000e+00,0.000000000000000000e+00,4.761904761904761640e-02,0.000000000000000000e+00,0.000000000000000000e+00,0.000000000000000000e+00,0.000000000000000000e+00,0.000000000000000000e+00,-3.571428571428571230e-02,0.000000000000000000e+00,0.000000000000000000e+00,0.000000000000000000e+00,0.000000000000000000e+00,0.000000000000000000e+00,0.000000000000000000e+00,0.000000000000000000e+00,0.000000000000000000e+00,0.000000000000000000e+00,0.000000000000000000e+00,0.000000000000000000e+00,0.000000000000000000e+00,0.000000000000000000e+00,0.000000000000000000e+00
5.438596491228069318e-01,0.000000000000000000e+00,0.000000000000000000e+00,-1.000000000000000000e+00,0.000000000000000000e+00,3.543859649122806932e+00,0.000000000000000000e+00,0.000000000000000000e+00,5.894736842105262831e+00,-5.894736842105262831e+00,0.000000000000000000e+00,0.000000000000000000e+00,0.000000000000000000e+00,0.000000000000000000e+00,0.000000000000000000e+00,-1.631578947368421018e+00,0.000000000000000000e+00,3.210526315789473450e+00,0.000000000000000000e+00,0.000000000000000000e+00,0.000000000000000000e+00,0.000000000000000000e+00,2.280701754385964786e-01,0.000000000000000000e+00,0.000000000000000000e+00,0.000000000000000000e+00,0.000000000000000000e+00,-2.280701754385964786e-01,0.000000000000000000e+00,0.000000000000000000e+00,0.000000000000000000e+00,0.000000000000000000e+00,0.000000000000000000e+00,0.000000000000000000e+00,0.000000000000000000e+00,0.000000000000000000e+00,0.000000000000000000e+00,0.000000000000000000e+00,0.000000000000000000e+00,0.000000000000000000e+00,0.000000000000000000e+00,0.000000000000000000e+00
8.771929824561403022e-02,0.000000000000000000e+00,0.000000000000000000e+00,-1.000000000000000000e+00,0.000000000000000000e+00,3.543859649122806932e+00,0.000000000000000000e+00,0.000000000000000000e+00,4.982456140350876694e+00,-4.982456140350876694e+00,0.000000000000000000e+00,0.000000000000000000e+00,0.000000000000000000e+00,0.000000000000000000e+00,0.000000000000000000e+00,-1.175438596491227949e+00,0.000000000000000000e+00,2.070175438596491002e+00,0.000000000000000000e+00,0.000000000000000000e+00,0.000000000000000000e+00,0.000000000000000000e+00,0.000000000000000000e+00,0.000000000000000000e+00,0.000000000000000000e+00,0.000000000000000000e+00,0.000000000000000000e+00,-2.280701754385964786e-01,0.000000000000000000e+00,0.000000000000000000e+00,0.000000000000000000e+00,0.000000000000000000e+00,0.000000000000000000e+00,0.000000000000000000e+00,0.000000000000000000e+00,0.000000000000000000e+00,0.000000000000000000e+00,0.000000000000000000e+00,0.000000000000000000e+00,4.561403508771929571e-01,0.000000000000000000e+00,0.000000000000000000e+00
1.038461538461538325e+00,0.000000000000000000e+00,0.000000000000000000e+00,-3.038461538461538325e+00,0.000000000000000000e+00,1.015384615384615330e+01,0.000000000000000000e+00,0.000000000000000000e+00,1.338461538461538325e+01,-1.338461538461538325e+01,0.000000000000000000e+00,0.000000000000000000e+00,0.000000000000000000e+00,0.000000000000000000e+00,0.000000000000000000e+00,-3.115384615384614975e+00,0.000000000000000000e+00,5.307692307692307487e+00,1.000000000000000000e+00,0.000000000000000000e+00,0.000000000000000000e+00,0.000000000000000000e+00,0.000000000000000000e+00,0.000000000000000000e+00,0.000000000000000000e+00,0.000000000000000000e+00,0.000000000000000000e+00,-5.000000000000000000e-01,0.000000000000000000e+00,0.000000000000000000e+00,0.000000000000000000e+00,0.000000000000000000e+00,0.000000000000000000e+00,0.000000000000000000e+00,0.000000000000000000e+00,0.000000000000000000e+00,0.000000000000000000e+00,0.000000000000000000e+00,0.000000000000000000e+00,0.000000000000000000e+00,0.000000000000000000e+00,0.000000000000000000e+00
0.000000000000000000e+00,0.000000000000000000e+00,0.000000000000000000e+00,-1.439999999999999858e+01,0.000000000000000000e+00,5.559999999999999432e+01,0.000000000000000000e+00,0.000000000000000000e+00,8.879999999999999716e+01,-8.879999999999999716e+01,0.000000000000000000e+00,0.000000000000000000e+00,0.000000000000000000e+00,0.000000000000000000e+00,0.000000000000000000e+00,-2.066666666666666430e+01,0.000000000000000000e+00,4.459999999999999432e+01,0.000000000000000000e+00,0.000000000000000000e+00,0.000000000000000000e+00,4.133333333333332860e+00,1.000000000000000000e+00,0.000000000000000000e+00,0.000000000000000000e+00,0.000000000000000000e+00,0.000000000000000000e+00,-3.066666666666666430e+00,0.000000000000000000e+00,0.000000000000000000e+00,0.000000000000000000e+00,0.000000000000000000e+00,0.000000000000000000e+00,0.000000000000000000e+00,0.000000000000000000e+00,0.000000000000000000e+00,0.000000000000000000e+00,0.000000000000000000e+00,0.000000000000000000e+00,0.000000000000000000e+00,0.000000000000000000e+00,0.000000000000000000e+00
0.000000000000000000e+00,0.000000000000000000e+00,0.000000000000000000e+00,-1.000000000000000000e+00,0.000000000000000000e+00,3.666666666666666519e+00,0.000000000000000000e+00,0.000000000000000000e+00,5.333333333333333037e+00,-5.333333333333333037e+00,0.000000000000000000e+00,0.000000000000000000e+00,0.000000000000000000e+00,0.000000000000000000e+00,0.000000000000000000e+00,-1.222222222222222099e+00,0.000000000000000000e+00,2.333333333333333037e+00,0.000000000000000000e+00,0.000000000000000000e+00,0.000000000000000000e+00,1.111111111111111049e-01,0.000000000000000000e+00,0.000000000000000000e+00,0.000000000000000000e+00,0.000000000000000000e+00,0.000000000000000000e+00,-2.222222222222222099e-01,0.000000000000000000e+00,0.000000000000000000e+00,0.000000000000000000e+00,0.000000000000000000e+00,0.000000000000000000e+00,0.000000000000000000e+00,0.000000000000000000e+00,0.000000000000000000e+00,0.000000000000000000e+00,0.000000000000000000e+00,0.000000000000000000e+00,3.333333333333333148e-01,0.000000000000000000e+00,0.000000000000000000e+00
0.000000000000000000e+00,0.000000000000000000e+00,0.000000000000000000e+00,-7.399999999999999467e+00,0.000000000000000000e+00,2.759999999999999787e+01,0.000000000000000000e+00,0.000000000000000000e+00,4.079999999999999716e+01,-4.079999999999999716e+01,0.000000000000000000e+00,0.000000000000000000e+00,0.000000000000000000e+00,0.000000000000000000e+00,0.000000000000000000e+00,-9.000000000000000000e+00,0.000000000000000000e+00,1.859999999999999787e+01,1.000000000000000000e+00,0.000000000000000000e+00,0.000000000000000000e+00,1.799999999999999822e+00,0.000000000000000000e+00,0.000000000000000000e+00,0.000000000000000000e+00,0.000000000000000000e+00,0.000000000000000000e+00,-1.399999999999999911e+00,0.000000000000000000e+00,0.000000000000000000e+00,0.000000000000000000e+00,0.000000000000000000e+00,0.000000000000000000e+00,0.000000000000000000e+00,0.000000000000000000e+00,0.000000000000000000e+00,0.000000000000000000e+00,0.000000000000000000e+00,0.000000000000000000e+00,0.000000000000000000e+00,0.000000000000000000e+00,0.000000000000000000e+00
0.000000000000000000e+00,-2.118643342378865625e-03,0.000000000000000000e+00,-1.547262580580396900e+02,0.000000000000000000e+00,7.741794736800972032e+01,0.000000000000000000e+00,0.000000000000000000e+00,3.069206430703562773e+02,-3.069206430703562773e+02,2.633197932576871949e+02,0.000000000000000000e+00,0.000000000000000000e+00,0.000000000000000000e+00,7.646507295618800271e+00,-2.484443697732019700e+02,0.000000000000000000e+00,3.540559225264233874e+02,0.000000000000000000e+00,-5.000000000000000000e-01,0.000000000000000000e+00,0.000000000000000000e+00,0.000000000000000000e+00,1.247226609782346713e+02,-7.203389841962437590e-02,0.000000000000000000e+00,0.000000000000000000e+00,-7.646507295618800271e+00,0.000000000000000000e+00,0.000000000000000000e+00,0.000000000000000000e+00,0.000000000000000000e+00,-4.005028435905194861e+00,0.000000000000000000e+00,0.000000000000000000e+00,-3.765098521543413512e-01,0.000000000000000000e+00,0.000000000000000000e+00,0.000000000000000000e+00,0.000000000000000000e+00,0.000000000000000000e+00,2.252612995032429399e+00
0.000000000000000000e+00,-2.118643342378865625e-03,0.000000000000000000e+00,-1.108396258484251575e+02,0.000000000000000000e+00,2.529644762064678787e+02,0.000000000000000000e+00,0.000000000000000000e+00,5.702404363280435291e+02,-5.702404363280435291e+02,0.000000000000000000e+00,0.000000000000000000e+00,0.000000000000000000e+00,0.000000000000000000e+00,7.646507295618800271e+00,-1.606711053539729050e+02,0.000000000000000000e+00,3.979425547360378914e+02,0.000000000000000000e+00,-5.000000000000000000e-01,0.000000000000000000e+00,0.000000000000000000e+00,0.000000000000000000e+00,8.083602876862013886e+01,-7.203389841962437590e-02,0.000000000000000000e+00,0.000000000000000000e+00,-7.646507295618800271e+00,0.000000000000000000e+00,0.000000000000000000e+00,0.000000000000000000e+00,0.000000000000000000e+00,-4.005028435905194861e+00,0.000000000000000000e+00,0.000000000000000000e+00,-3.765098521543413512e-01,0.000000000000000000e+00,0.000000000000000000e+00,0.000000000000000000e+00,0.000000000000000000e+00,0.000000000000000000e+00,2.252612995032429399e+00
0.000000000000000000e+00,-2.118643342378865625e-03,0.000000000000000000e+00,-1.095652079658220259e+02,0.000000000000000000e+00,2.504156404412616155e+02,0.000000000000000000e+00,0.000000000000000000e+00,5.778869436236623187e+02,-5.778869436236623187e+02,0.000000000000000000e+00,0.000000000000000000e+00,0.000000000000000000e+00,0.000000000000000000e+00,0.000000000000000000e+00,-1.581222695887666418e+02,0.000000000000000000e+00,4.068634799142598126e+02,0.000000000000000000e+00,-5.000000000000000000e-01,0.000000000000000000e+00,0.000000000000000000e+00,0.000000000000000000e+00,7.956161088601699305e+01,-7.203389841962437590e-02,0.000000000000000000e+00,0.000000000000000000e+00,-7.646507295618800271e+00,0.000000000000000000e+00,0.000000000000000000e+00,0.000000000000000000e+00,0.000000000000000000e+00,-4.005028435905194861e+00,0.000000000000000000e+00,0.000000000000000000e+00,-3.765098521543413512e-01,0.000000000000000000e+00,0.000000000000000000e+00,0.000000000000000000e+00,0.000000000000000000e+00,0.000000000000000000e+00,2.252612995032429399e+00
5.543229376810429443e+01,-2.118643342378865625e-03,0.000000000000000000e+00,-8.543589084790932020e+01,0.000000000000000000e+00,7.741794736800972032e+01,0.000000000000000000e+00,0.000000000000000000e+00,1.683399086500955661e+02,-1.683399086500955661e+02,2.356036463736350584e+02,0.000000000000000000e+00,0.000000000000000000e+00,0.000000000000000000e+00,7.646507295618800271e+00,-1.652959291210455319e+02,0.000000000000000000e+00,2.016171146641365510e+02,0.000000000000000000e+00,-5.000000000000000000e-01,0.000000000000000000e+00,0.000000000000000000e+00,0.000000000000000000e+00,0.000000000000000000e+00,-7.203389841962437590e-02,0.000000000000000000e+00,0.000000000000000000e+00,-7.646507295618800271e+00,0.000000000000000000e+00,0.000000000000000000e+00,0.000000000000000000e+00,0.000000000000000000e+00,-4.005028435905194861e+00,0.000000000000000000e+00,0.000000000000000000e+00,-3.765098521543413512e-01,0.000000000000000000e+00,0.000000000000000000e+00,0.000000000000000000e+00,0.000000000000000000e+00,0.000000000000000000e+00,2.252612995032429399e+00
3.730893635474775039e+01,-2.118643342378865625e-03,0.000000000000000000e+00,-6.731253343455277616e+01,0.000000000000000000e+00,2.405281640882186309e+02,0.000000000000000000e+00,0.000000000000000000e+00,4.583136272638002424e+02,-4.583136272638002424e+02,0.000000000000000000e+00,0.000000000000000000e+00,0.000000000000000000e+00,0.000000000000000000e+00,7.646507295618800271e+00,-1.109258568809759140e+02,0.000000000000000000e+00,2.922339017309192286e+02,0.000000000000000000e+00,-5.000000000000000000e-01,0.000000000000000000e+00,0.000000000000000000e+00,0.000000000000000000e+00,0.000000000000000000e+00,-7.203389841962437590e-02,0.000000000000000000e+00,0.000000000000000000e+00,-7.646507295618800271e+00,0.000000000000000000e+00,0.000000000000000000e+00,0.000000000000000000e+00,0.000000000000000000e+00,-4.005028435905194861e+00,0.000000000000000000e+00,0.000000000000000000e+00,-3.765098521543413512e-01,0.000000000000000000e+00,0.000000000000000000e+00,0.000000000000000000e+00,0.000000000000000000e+00,0.000000000000000000e+00,2.252612995032429399e+00
3.672074348585400116e+01,-2.118643342378865625e-03,0.000000000000000000e+00,-6.672434056565901983e+01,0.000000000000000000e+00,2.381753926126436056e+02,0.000000000000000000e+00,0.000000000000000000e+00,4.677247131661002868e+02,-4.677247131661002868e+02,0.000000000000000000e+00,0.000000000000000000e+00,0.000000000000000000e+00,0.000000000000000000e+00,0.000000000000000000e+00,-1.091612782742946450e+02,0.000000000000000000e+00,3.028213733710068141e+02,0.000000000000000000e+00,-5.000000000000000000e-01,0.000000000000000000e+00,0.000000000000000000e+00,0.000000000000000000e+00,0.000000000000000000e+00,-7.203389841962437590e-02,0.000000000000000000e+00,0.000000000000000000e+00,-7.646507295618800271e+00,0.000000000000000000e+00,0.000000000000000000e+00,0.000000000000000000e+00,0.000000000000000000e+00,-4.005028435905194861e+00,0.000000000000000000e+00,0.000000000000000000e+00,-3.765098521543413512e-01,0.000000000000000000e+00,0.000000000000000000e+00,0.000000000000000000e+00,0.000000000000000000e+00,0.000000000000000000e+00,2.252612995032429399e+00
0.000000000000000000e+00,0.000000000000000000e+00,0.000000000000000000e+00,-1.000000000000000000e+00,0.000000000000000000e+00,3.865384615384614975e+00,0.000000000000000000e+00,0.000000000000000000e+00,5.903846153846153300e+00,-5.903846153846153300e+00,0.000000000000000000e+00,0.000000000000000000e+00,0.000000000000000000e+00,0.000000000000000000e+00,1.778846153846153633e-01,-1.442307692307692291e+00,0.000000000000000000e+00,2.903846153846153744e+00,0.000000000000000000e+00,0.000000000000000000e+00,0.000000000000000000e+00,3.557692307692307265e-01,0.000000000000000000e+00,0.000000000000000000e+00,0.000000000000000000e+00,0.000000000000000000e+00,0.000000000000000000e+00,-1.778846153846153633e-01,0.000000000000000000e+00,0.000000000000000000e+00,0.000000000000000000e+00,0.000000000000000000e+00,0.000000000000000000e+00,0.000000000000000000e+00,0.000000000000000000e+00,0.000000000000000000e+00,0.000000000000000000e+00,0.000000000000000000e+00,0.000000000000000000e+00,0.000000000000000000e+00,0.000000000000000000e+00,0.000000000000000000e+00
0.000000000000000000e+00,0.000000000000000000e+00,0.000000000000000000e+00,-2.797297297297296925e+00,0.000000000000000000e+00,1.078378378378378244e+01,0.000000000000000000e+00,0.000000000000000000e+00,1.735135135135135087e+01,-1.735135135135135087e+01,0.000000000000000000e+00,0.000000000000000000e+00,0.000000000000000000e+00,0.000000000000000000e+00,0.000000000000000000e+00,-3.986486486486486402e+00,0.000000000000000000e+00,8.959459459459457875e+00,0.000000000000000000e+00,0.000000000000000000e+00,0.000000000000000000e+00,1.000000000000000000e+00,0.000000000000000000e+00,0.000000000000000000e+00,0.000000000000000000e+00,0.000000000000000000e+00,0.000000000000000000e+00,-5.000000000000000000e-01,0.000000000000000000e+00,0.000000000000000000e+00,0.000000000000000000e+00,0.000000000000000000e+00,0.000000000000000000e+00,0.000000000000000000e+00,0.000000000000000000e+00,0.000000000000000000e+00,0.000000000000000000e+00,0.000000000000000000e+00,0.000000000000000000e+00,0.000000000000000000e+00,0.000000000000000000e+00,0.000000000000000000e+00
0.000000000000000000e+00,-2.118643342378865625e-03,0.000000000000000000e+00,-2.378676710562567962e+02,0.000000000000000000e+00,9.227487145750346826e+02,0.000000000000000000e+00,0.000000000000000000e+00,1.470984756892667747e+03,-1.470984756892667747e+03,0.000000000000000000e+00,0.000000000000000000e+00,0.000000000000000000e+00,0.000000000000000000e+00,4.229051962502742867e+01,-3.454391711108189043e+02,0.000000000000000000e+00,7.559306821399270575e+02,0.000000000000000000e+00,-5.000000000000000000e-01,0.000000000000000000e+00,6.928802465881724970e+01,0.000000000000000000e+00,0.000000000000000000e+00,-7.203389841962437590e-02,0.000000000000000000e+00,0.000000000000000000e+00,-4.229051962502742867e+01,0.000000000000000000e+00,0.000000000000000000e+00,0.000000000000000000e+00,0.000000000000000000e+00,-4.005028435905194861e+00,0.000000000000000000e+00,0.000000000000000000e+00,-3.765098521543413512e-01,0.000000000000000000e+00,0.000000000000000000e+00,0.000000000000000000e+00,0.000000000000000000e+00,0.000000000000000000e+00,2.252612995032429399e+00
0.000000000000000000e+00,-2.118643342378865625e-03,0.000000000000000000e+00,-2.209514632062458190e+02,0.000000000000000000e+00,8.550838831749907740e+02,0.000000000000000000e+00,0.000000000000000000e+00,1.437152341192645963e+03,-1.437152341192645963e+03,0.000000000000000000e+00,0.000000000000000000e+00,0.000000000000000000e+00,0.000000000000000000e+00,0.000000000000000000e+00,-3.172454913608006564e+02,0.000000000000000000e+00,7.728468899899380631e+02,0.000000000000000000e+00,-5.000000000000000000e-01,0.000000000000000000e+00,6.364928870881360012e+01,0.000000000000000000e+00,0.000000000000000000e+00,-7.203389841962437590e-02,0.000000000000000000e+00,0.000000000000000000e+00,-3.947115165002559678e+01,0.000000000000000000e+00,0.000000000000000000e+00,0.000000000000000000e+00,0.000000000000000000e+00,-4.005028435905194861e+00,0.000000000000000000e+00,0.000000000000000000e+00,-3.765098521543413512e-01,0.000000000000000000e+00,0.000000000000000000e+00,0.000000000000000000e+00,0.000000000000000000e+00,0.000000000000000000e+00,2.252612995032429399e+00
0.000000000000000000e+00,-2.118643342378865625e-03,0.000000000000000000e+00,-3.000359707980501867e+01,0.000000000000000000e+00,9.129241866922760096e+01,0.000000000000000000e+00,0.000000000000000000e+00,1.055256608939764192e+03,-1.055256608939764192e+03,0.000000000000000000e+00,0.000000000000000000e+00,0.000000000000000000e+00,0.000000000000000000e+00,-4.773696653161019867e+02,1.000952183267355133e+00,0.000000000000000000e+00,9.637947561163788350e+02,0.000000000000000000e+00,-5.000000000000000000e-01,0.000000000000000000e+00,0.000000000000000000e+00,0.000000000000000000e+00,0.000000000000000000e+00,-7.203389841962437590e-02,0.000000000000000000e+00,0.000000000000000000e+00,-7.646507295618800271e+00,0.000000000000000000e+00,0.000000000000000000e+00,0.000000000000000000e+00,0.000000000000000000e+00,-4.005028435905194861e+00,0.000000000000000000e+00,0.000000000000000000e+00,-3.765098521543413512e-01,0.000000000000000000e+00,0.000000000000000000e+00,0.000000000000000000e+00,0.000000000000000000e+00,0.000000000000000000e+00,2.252612995032429399e+00
0.000000000000000000e+00,-2.118643342378865625e-03,0.000000000000000000e+00,-3.050407317143869790e+01,0.000000000000000000e+00,9.229337085249495942e+01,0.000000000000000000e+00,0.000000000000000000e+00,1.052253752389962301e+03,-1.052253752389962301e+03,0.000000000000000000e+00,0.000000000000000000e+00,0.000000000000000000e+00,0.000000000000000000e+00,-4.743668087662999255e+02,0.000000000000000000e+00,0.000000000000000000e+00,9.602914234749431444e+02,0.000000000000000000e+00,-5.000000000000000000e-01,0.000000000000000000e+00,0.000000000000000000e+00,0.000000000000000000e+00,5.004760916336775667e-01,-7.203389841962437590e-02,0.000000000000000000e+00,0.000000000000000000e+00,-7.646507295618800271e+00,0.000000000000000000e+00,0.000000000000000000e+00,0.000000000000000000e+00,0.000000000000000000e+00,-4.005028435905194861e+00,0.000000000000000000e+00,0.000000000000000000e+00,-3.765098521543413512e-01,0.000000000000000000e+00,0.000000000000000000e+00,0.000000000000000000e+00,0.000000000000000000e+00,0.000000000000000000e+00,2.252612995032429399e+00
3.336507277557850260e-01,-2.118643342378865625e-03,0.000000000000000000e+00,-3.033724780756080364e+01,0.000000000000000000e+00,9.262702158025074084e+01,0.000000000000000000e+00,0.000000000000000000e+00,1.049918197295671689e+03,-1.049918197295671689e+03,0.000000000000000000e+00,0.000000000000000000e+00,0.000000000000000000e+00,0.000000000000000000e+00,-4.730322058552767999e+02,0.000000000000000000e+00,0.000000000000000000e+00,9.577890430167747127e+02,0.000000000000000000e+00,-5.000000000000000000e-01,0.000000000000000000e+00,0.000000000000000000e+00,0.000000000000000000e+00,0.000000000000000000e+00,-7.203389841962437590e-02,0.000000000000000000e+00,0.000000000000000000e+00,-7.646507295618800271e+00,0.000000000000000000e+00,0.000000000000000000e+00,0.000000000000000000e+00,0.000000000000000000e+00,-4.005028435905194861e+00,0.000000000000000000e+00,0.000000000000000000e+00,-3.765098521543413512e-01,0.000000000000000000e+00,0.000000000000000000e+00,0.000000000000000000e+00,0.000000000000000000e+00,0.000000000000000000e+00,2.252612995032429399e+00
0.000000000000000000e+00,-2.118643342378865625e-03,0.000000000000000000e+00,-3.100454926307237358e+01,0.000000000000000000e+00,9.479575131066334848e+01,0.000000000000000000e+00,0.000000000000000000e+00,1.062263274222635800e+03,-1.062263274222635800e+03,0.000000000000000000e+00,0.000000000000000000e+00,0.000000000000000000e+00,0.000000000000000000e+00,-4.786208555451862026e+02,0.000000000000000000e+00,0.000000000000000000e+00,9.677985648494482120e+02,0.000000000000000000e+00,-5.000000000000000000e-01,0.000000000000000000e+00,0.000000000000000000e+00,0.000000000000000000e+00,0.000000000000000000e+00,-7.203389841962437590e-02,0.000000000000000000e+00,0.000000000000000000e+00,-7.896745341435638998e+00,0.000000000000000000e+00,0.000000000000000000e+00,0.000000000000000000e+00,0.000000000000000000e+00,-4.005028435905194861e+00,0.000000000000000000e+00,0.000000000000000000e+00,-3.765098521543413512e-01,0.000000000000000000e+00,0.000000000000000000e+00,0.000000000000000000e+00,5.004760916336775667e-01,0.000000000000000000e+00,2.252612995032429399e+00
0.000000000000000000e+00,-2.118643342378865625e-03,0.000000000000000000e+00,-3.060416838976543019e+01,0.000000000000000000e+00,9.369470390906924706e+01,0.000000000000000000e+00,0.000000000000000000e+00,1.056457751559684993e+03,-1.056457751559684993e+03,0.000000000000000000e+00,0.000000000000000000e+00,0.000000000000000000e+00,0.000000000000000000e+00,-4.758682370412009845e+02,0.000000000000000000e+00,0.000000000000000000e+00,9.631941848064184342e+02,0.000000000000000000e+00,-5.000000000000000000e-01,0.000000000000000000e+00,2.001904366534710267e-01,0.000000000000000000e+00,0.000000000000000000e+00,-7.203389841962437590e-02,0.000000000000000000e+00,0.000000000000000000e+00,-7.746602513945536117e+00,0.000000000000000000e+00,0.000000000000000000e+00,0.000000000000000000e+00,0.000000000000000000e+00,-4.005028435905194861e+00,0.000000000000000000e+00,0.000000000000000000e+00,-3.765098521543413512e-01,0.000000000000000000e+00,0.000000000000000000e+00,0.000000000000000000e+00,0.000000000000000000e+00,0.000000000000000000e+00,2.252612995032429399e+00
0.000000000000000000e+00,-2.118643342378865625e-03,0.000000000000000000e+00,-1.707744821206181882e+02,0.000000000000000000e+00,3.495163700252173271e+02,0.000000000000000000e+00,0.000000000000000000e+00,8.402124042870744915e+02,-8.402124042870744915e+02,0.000000000000000000e+00,0.000000000000000000e+00,0.000000000000000000e+00,1.165890936281831891e+01,0.000000000000000000e+00,-2.572229991727223251e+02,0.000000000000000000e+00,6.079796664228757663e+02,0.000000000000000000e+00,-5.000000000000000000e-01,0.000000000000000000e+00,0.000000000000000000e+00,0.000000000000000000e+00,1.407708850408131696e+02,-7.203389841962437590e-02,0.000000000000000000e+00,0.000000000000000000e+00,-1.347596197702796061e+01,0.000000000000000000e+00,0.000000000000000000e+00,0.000000000000000000e+00,0.000000000000000000e+00,-4.005028435905194861e+00,0.000000000000000000e+00,0.000000000000000000e+00,-3.765098521543413512e-01,0.000000000000000000e+00,0.000000000000000000e+00,0.000000000000000000e+00,0.000000000000000000e+00,0.000000000000000000e+00,2.252612995032429399e+00
0.000000000000000000e+00,-2.118643342378865625e-03,0.000000000000000000e+00,-1.309188586399455971e+02,0.000000000000000000e+00,2.775777293057509496e+02,0.000000000000000000e+00,0.000000000000000000e+00,6.440801956258928840e+02,-6.440801956258928840e+02,0.000000000000000000e+00,0.000000000000000000e+00,0.000000000000000000e+00,0.000000000000000000e+00,7.646507295618800271e+00,-1.891706615741954636e+02,0.000000000000000000e+00,4.594756874842457250e+02,0.000000000000000000e+00,-5.000000000000000000e-01,0.000000000000000000e+00,0.000000000000000000e+00,0.000000000000000000e+00,1.048015646810800092e+02,-7.203389841962437590e-02,0.000000000000000000e+00,0.000000000000000000e+00,-7.646507295618800271e+00,0.000000000000000000e+00,0.000000000000000000e+00,0.000000000000000000e+00,0.000000000000000000e+00,-4.005028435905194861e+00,0.000000000000000000e+00,0.000000000000000000e+00,-3.765098521543413512e-01,0.000000000000000000e+00,0.000000000000000000e+00,0.000000000000000000e+00,0.000000000000000000e+00,0.000000000000000000e+00,2.252612995032429399e+00
0.000000000000000000e+00,-2.118643342378865625e-03,0.000000000000000000e+00,-1.296444407573424371e+02,0.000000000000000000e+00,2.750288935405446864e+02,0.000000000000000000e+00,0.000000000000000000e+00,6.517267029215116736e+02,-6.517267029215116736e+02,0.000000000000000000e+00,0.000000000000000000e+00,0.000000000000000000e+00,0.000000000000000000e+00,0.000000000000000000e+00,-1.866218258089892004e+02,0.000000000000000000e+00,4.683966126624676463e+02,0.000000000000000000e+00,-5.000000000000000000e-01,0.000000000000000000e+00,0.000000000000000000e+00,0.000000000000000000e+00,1.035271467984768776e+02,-7.203389841962437590e-02,0.000000000000000000e+00,0.000000000000000000e+00,-7.646507295618800271e+00,0.000000000000000000e+00,0.000000000000000000e+00,0.000000000000000000e+00,0.000000000000000000e+00,-4.005028435905194861e+00,0.000000000000000000e+00,0.000000000000000000e+00,-3.765098521543413512e-01,0.000000000000000000e+00,0.000000000000000000e+00,0.000000000000000000e+00,0.000000000000000000e+00,0.000000000000000000e+00,2.252612995032429399e+00
0.000000000000000000e+00,-2.118643342378865625e-03,0.000000000000000000e+00,-1.730204757834561917e+02,0.000000000000000000e+00,3.540083573508932773e+02,0.000000000000000000e+00,0.000000000000000000e+00,8.267364423100465274e+02,-8.267364423100465274e+02,0.000000000000000000e+00,0.000000000000000000e+00,0.000000000000000000e+00,1.165890936281831891e+01,1.347596197702796061e+01,-2.617149864983983321e+02,0.000000000000000000e+00,5.922577107830098839e+02,0.000000000000000000e+00,-5.000000000000000000e-01,0.000000000000000000e+00,0.000000000000000000e+00,0.000000000000000000e+00,1.430168787036511731e+02,-7.203389841962437590e-02,0.000000000000000000e+00,0.000000000000000000e+00,-1.347596197702796061e+01,0.000000000000000000e+00,0.000000000000000000e+00,0.000000000000000000e+00,0.000000000000000000e+00,-4.005028435905194861e+00,0.000000000000000000e+00,0.000000000000000000e+00,-3.765098521543413512e-01,0.000000000000000000e+00,0.000000000000000000e+00,0.000000000000000000e+00,0.000000000000000000e+00,0.000000000000000000e+00,2.252612995032429399e+00
9.432140821297200546e+02,-2.118643342378865625e-03,0.000000000000000000e+00,-6.549266820453456148e+02,0.000000000000000000e+00,1.954402764203031211e+03,0.000000000000000000e+00,0.000000000000000000e+00,3.788127136058293218e+03,-3.788127136058293218e+03,0.000000000000000000e+00,0.000000000000000000e+00,0.000000000000000000e+00,0.000000000000000000e+00,7.646507295618800271e+00,-1.237186308384995527e+03,0.000000000000000000e+00,2.765110110468006042e+03,0.000000000000000000e+00,-5.000000000000000000e-01,0.000000000000000000e+00,0.000000000000000000e+00,0.000000000000000000e+00,0.000000000000000000e+00,-7.203389841962437590e-02,0.000000000000000000e+00,0.000000000000000000e+00,-7.646507295618800271e+00,0.000000000000000000e+00,0.000000000000000000e+00,0.000000000000000000e+00,0.000000000000000000e+00,-4.005028435905194861e+00,0.000000000000000000e+00,0.000000000000000000e+00,-3.765098521543413512e-01,0.000000000000000000e+00,0.000000000000000000e+00,0.000000000000000000e+00,0.000000000000000000e+00,0.000000000000000000e+00,2.252612995032429399e+00
9.317443211862919270e+02,-2.118643342378865625e-03,0.000000000000000000e+00,-6.472801747497268252e+02,0.000000000000000000e+00,1.931463242316174728e+03,0.000000000000000000e+00,0.000000000000000000e+00,3.757541106875818059e+03,-3.757541106875818059e+03,0.000000000000000000e+00,0.000000000000000000e+00,0.000000000000000000e+00,0.000000000000000000e+00,0.000000000000000000e+00,-1.221893293793757948e+03,0.000000000000000000e+00,2.745993842228958783e+03,0.000000000000000000e+00,-5.000000000000000000e-01,0.000000000000000000e+00,0.000000000000000000e+00,0.000000000000000000e+00,0.000000000000000000e+00,-7.203389841962437590e-02,0.000000000000000000e+00,0.000000000000000000e+00,-7.646507295618800271e+00,0.000000000000000000e+00,0.000000000000000000e+00,0.000000000000000000e+00,0.000000000000000000e+00,-4.005028435905194861e+00,0.000000000000000000e+00,0.000000000000000000e+00,-3.765098521543413512e-01,0.000000000000000000e+00,0.000000000000000000e+00,0.000000000000000000e+00,0.000000000000000000e+00,0.000000000000000000e+00,2.252612995032429399e+00
0.000000000000000000e+00,0.000000000000000000e+00,0.000000000000000000e+00,-1.000000000000000000e+00,0.000000000000000000e+00,0.000000000000000000e+00,0.000000000000000000e+00,0.000000000000000000e+00,1.167999999999999972e+02,-1.167999999999999972e+02,0.000000000000000000e+00,0.000000000000000000e+00,0.000000000000000000e+00,0.000000000000000000e+00,-6.439999999999999147e+01,4.599999999999999645e+00,0.000000000000000000e+00,1.137999999999999972e+02,0.000000000000000000e+00,0.000000000000000000e+00,0.000000000000000000e+00,0.000000000000000000e+00,0.000000000000000000e+00,0.000000000000000000e+00,0.000000000000000000e+00,0.000000000000000000e+00,0.000000000000000000e+00,-5.999999999999999778e-01,0.000000000000000000e+00,0.000000000000000000e+00,0.000000000000000000e+00,0.000000000000000000e+00,0.000000000000000000e+00,1.199999999999999956e+00,0.000000000000000000e+00,0.000000000000000000e+00,0.000000000000000000e+00,0.000000000000000000e+00,0.000000000000000000e+00,0.000000000000000000e+00,0.000000000000000000e+00,0.000000000000000000e+00
0.000000000000000000e+00,0.000000000000000000e+00,0.000000000000000000e+00,-2.999999999999999889e-01,0.000000000000000000e+00,5.000000000000000000e-01,0.000000000000000000e+00,0.000000000000000000e+00,1.299999999999999822e+00,-1.299999999999999822e+00,0.000000000000000000e+00,0.000000000000000000e+00,0.000000000000000000e+00,4.999999999999999584e-02,2.499999999999999792e-02,-5.000000000000000000e-01,0.000000000000000000e+00,1.000000000000000000e+00,0.000000000000000000e+00,0.000000000000000000e+00,0.000000000000000000e+00,0.000000000000000000e+00,0.000000000000000000e+00,2.999999999999999889e-01,0.000000000000000000e+00,0.000000000000000000e+00,0.000000000000000000e+00,-2.499999999999999792e-02,0.000000000000000000e+00,0.000000000000000000e+00,0.000000000000000000e+00,0.000000000000000000e+00,0.000000000000000000e+00,0.000000000000000000e+00,0.000000000000000000e+00,0.000000000000000000e+00,0.000000000000000000e+00,0.000000000000000000e+00,0.000000000000000000e+00,0.000000000000000000e+00,0.000000000000000000e+00,0.000000000000000000e+00
0.000000000000000000e+00,-2.118643342378865625e-03,0.000000000000000000e+00,-2.213310171892056815e+02,0.000000000000000000e+00,4.330445583994053322e+02,0.000000000000000000e+00,0.000000000000000000e+00,1.064419646765158177e+03,-1.064419646765158177e+03,0.000000000000000000e+00,0.000000000000000000e+00,0.000000000000000000e+00,2.045135024431179716e+01,0.000000000000000000e+00,-3.407511875469103870e+02,0.000000000000000000e+00,7.816303738323720154e+02,0.000000000000000000e+00,-5.000000000000000000e-01,0.000000000000000000e+00,0.000000000000000000e+00,0.000000000000000000e+00,1.913274201094006628e+02,-7.203389841962437590e-02,0.000000000000000000e+00,0.000000000000000000e+00,-1.787218241777469885e+01,0.000000000000000000e+00,0.000000000000000000e+00,0.000000000000000000e+00,0.000000000000000000e+00,-4.005028435905194861e+00,0.000000000000000000e+00,0.000000000000000000e+00,-3.765098521543413512e-01,0.000000000000000000e+00,0.000000000000000000e+00,0.000000000000000000e+00,0.000000000000000000e+00,0.000000000000000000e+00,2.252612995032429399e+00
0.000000000000000000e+00,0.000000000000000000e+00,0.000000000000000000e+00,-2.232704402515723052e-01,0.000000000000000000e+00,3.710691823899370800e-01,0.000000000000000000e+00,0.000000000000000000e+00,1.000000000000000000e+00,-1.000000000000000000e+00,0.000000000000000000e+00,0.000000000000000000e+00,0.000000000000000000e+00,3.773584905660377214e-02,0.000000000000000000e+00,-3.710691823899370800e-01,0.000000000000000000e+00,7.767295597484276115e-01,0.000000000000000000e+00,0.000000000000000000e+00,0.000000000000000000e+00,0.000000000000000000e+00,0.000000000000000000e+00,2.232704402515723052e-01,0.000000000000000000e+00,0.000000000000000000e+00,0.000000000000000000e+00,-1.886792452830188607e-02,0.000000000000000000e+00,0.000000000000000000e+00,0.000000000000000000e+00,0.000000000000000000e+00,0.000000000000000000e+00,0.000000000000000000e+00,0.000000000000000000e+00,0.000000000000000000e+00,0.000000000000000000e+00,0.000000000000000000e+00,0.000000000000000000e+00,0.000000000000000000e+00,0.000000000000000000e+00,0.000000000000000000e+00
0.000000000000000000e+00,-2.118643342378865625e-03,0.000000000000000000e+00,-2.243097142588348163e+02,0.000000000000000000e+00,4.390019525386636019e+02,0.000000000000000000e+00,0.000000000000000000e+00,1.046547464347383311e+03,-1.046547464347383311e+03,0.000000000000000000e+00,0.000000000000000000e+00,0.000000000000000000e+00,2.045135024431179716e+01,1.787218241777469885e+01,-3.467085816861685998e+02,0.000000000000000000e+00,7.607794943449681568e+02,0.000000000000000000e+00,-5.000000000000000000e-01,0.000000000000000000e+00,0.000000000000000000e+00,0.000000000000000000e+00,1.943061171790297976e+02,-7.203389841962437590e-02,0.000000000000000000e+00,0.000000000000000000e+00,-1.787218241777469885e+01,0.000000000000000000e+00,0.000000000000000000e+00,0.000000000000000000e+00,0.000000000000000000e+00,-4.005028435905194861e+00,0.000000000000000000e+00,0.000000000000000000e+00,-3.765098521543413512e-01,0.000000000000000000e+00,0.000000000000000000e+00,0.000000000000000000e+00,0.000000000000000000e+00,0.000000000000000000e+00,2.252612995032429399e+00
0.000000000000000000e+00,0.000000000000000000e+00,0.000000000000000000e+00,-2.257383966244725648e-01,0.000000000000000000e+00,4.514767932489451296e-01,0.000000000000000000e+00,0.000000000000000000e+00,1.000000000000000000e+00,-1.000000000000000000e+00,0.000000000000000000e+00,0.000000000000000000e+00,0.000000000000000000e+00,3.797468354430379167e-02,2.531645569620253125e-02,-3.628691983122362408e-01,0.000000000000000000e+00,6.983122362869197408e-01,0.000000000000000000e+00,0.000000000000000000e+00,0.000000000000000000e+00,1.265822784810126563e-02,0.000000000000000000e+00,1.877637130801687593e-01,0.000000000000000000e+00,0.000000000000000000e+00,0.000000000000000000e+00,-2.531645569620253125e-02,0.000000000000000000e+00,0.000000000000000000e+00,0.000000000000000000e+00,0.000000000000000000e+00,0.000000000000000000e+00,0.000000000000000000e+00,0.000000000000000000e+00,0.000000000000000000e+00,0.000000000000000000e+00,0.000000000000000000e+00,0.000000000000000000e+00,0.000000000000000000e+00,0.000000000000000000e+00,0.000000000000000000e+00
1.000000000000000000e+00,0.000000000000000000e+00,0.000000000000000000e+00,-4.166666666666666075e+00,0.000000000000000000e+00,8.333333333333332149e+00,0.000000000000000000e+00,0.000000000000000000e+00,1.900000000000000000e+01,-1.900000000000000000e+01,0.000000000000000000e+00,0.000000000000000000e+00,0.000000000000000000e+00,1.000000000000000000e+00,5.000000000000000000e-01,-7.333333333333333037e+00,0.000000000000000000e+00,1.383333333333333215e+01,0.000000000000000000e+00,0.000000000000000000e+00,0.000000000000000000e+00,0.000000000000000000e+00,0.000000000000000000e+00,3.166666666666666519e+00,0.000000000000000000e+00,0.000000000000000000e+00,0.000000000000000000e+00,-5.000000000000000000e-01,0.000000000000000000e+00,0.000000000000000000e+00,0.000000000000000000e+00,0.000000000000000000e+00,0.000000000000000000e+00,0.000000000000000000e+00,0.000000000000000000e+00,0.000000000000000000e+00,0.000000000000000000e+00,0.000000000000000000e+00,0.000000000000000000e+00,0.000000000000000000e+00,0.000000000000000000e+00,0.000000000000000000e+00
0.000000000000000000e+00,0.000000000000000000e+00,0.000000000000000000e+00,-1.266666666666666607e+01,0.000000000000000000e+00,2.533333333333333215e+01,0.000000000000000000e+00,0.000000000000000000e+00,5.400000000000000000e+01,-5.400000000000000000e+01,0.000000000000000000e+00,0.000000000000000000e+00,0.000000000000000000e+00,1.000000000000000000e+00,1.500000000000000000e+00,-1.933333333333333215e+01,0.000000000000000000e+00,3.633333333333332860e+01,0.000000000000000000e+00,0.000000000000000000e+00,0.000000000000000000e+00,0.000000000000000000e+00,1.000000000000000000e+00,1.066666666666666607e+01,0.000000000000000000e+00,0.000000000000000000e+00,0.000000000000000000e+00,-1.500000000000000000e+00,0.000000000000000000e+00,0.000000000000000000e+00,0.000000000000000000e+00,0.000000000000000000e+00,0.000000000000000000e+00,0.000000000000000000e+00,0.000000000000000000e+00,0.000000000000000000e+00,0.000000000000000000e+00,0.000000000000000000e+00,0.000000000000000000e+00,0.000000000000000000e+00,0.000000000000000000e+00,0.000000000000000000e+00
0.000000000000000000e+00,0.000000000000000000e+00,0.000000000000000000e+00,-1.000000000000000000e+00,0.000000000000000000e+00,1.924050632911392222e+00,0.000000000000000000e+00,0.000000000000000000e+00,4.177215189873416890e+00,-4.177215189873416890e+00,0.000000000000000000e+00,0.000000000000000000e+00,0.000000000000000000e+00,1.518987341772151667e-01,1.139240506329113889e-01,-1.544303797468354222e+00,0.000000000000000000e+00,2.873417721518987111e+00,0.000000000000000000e+00,0.000000000000000000e+00,0.000000000000000000e+00,0.000000000000000000e+00,0.000000000000000000e+00,8.481012658227847778e-01,0.000000000000000000e+00,0.000000000000000000e+00,0.000000000000000000e+00,-1.139240506329113889e-01,0.000000000000000000e+00,0.000000000000000000e+00,0.000000000000000000e+00,0.000000000000000000e+00,0.000000000000000000e+00,0.000000000000000000e+00,0.000000000000000000e+00,0.000000000000000000e+00,0.000000000000000000e+00,0.000000000000000000e+00,0.000000000000000000e+00,7.594936708860758334e-02,0.000000000000000000e+00,0.000000000000000000e+00
0.000000000000000000e+00,0.000000000000000000e+00,0.000000000000000000e+00,-7.249999999999999778e-01,0.000000000000000000e+00,1.449999999999999956e+00,0.000000000000000000e+00,0.000000000000000000e+00,2.849999999999999645e+00,-2.849999999999999645e+00,0.000000000000000000e+00,0.000000000000000000e+00,0.000000000000000000e+00,7.499999999999999722e-02,7.499999999999999722e-02,-1.000000000000000000e+00,0.000000000000000000e+00,1.824999999999999956e+00,7.499999999999999722e-02,0.000000000000000000e+00,0.000000000000000000e+00,0.000000000000000000e+00,0.000000000000000000e+00,5.749999999999999556e-01,0.000000000000000000e+00,0.000000000000000000e+00,0.000000000000000000e+00,-7.499999999999999722e-02,0.000000000000000000e+00,0.000000000000000000e+00,0.000000000000000000e+00,0.000000000000000000e+00,0.000000000000000000e+00,0.000000000000000000e+00,0.000000000000000000e+00,0.000000000000000000e+00,0.000000000000000000e+00,0.000000000000000000e+00,0.000000000000000000e+00,0.000000000000000000e+00,0.000000000000000000e+00,0.000000000000000000e+00
0.000000000000000000e+00,0.000000000000000000e+00,0.000000000000000000e+00,-6.250000000000000000e-01,0.000000000000000000e+00,1.250000000000000000e+00,0.000000000000000000e+00,0.000000000000000000e+00,2.892857142857142794e+00,-2.892857142857142794e+00,0.000000000000000000e+00,0.000000000000000000e+00,0.000000000000000000e+00,1.071428571428571369e-01,0.000000000000000000e+00,-1.000000000000000000e+00,0.000000000000000000e+00,2.053571428571428381e+00,0.000000000000000000e+00,0.000000000000000000e+00,0.000000000000000000e+00,3.571428571428571230e-02,0.000000000000000000e+00,5.178571428571427937e-01,0.000000000000000000e+00,0.000000000000000000e+00,0.000000000000000000e+00,-7.142857142857142461e-02,0.000000000000000000e+00,0.000000000000000000e+00,0.000000000000000000e+00,0.000000000000000000e+00,0.000000000000000000e+00,0.000000000000000000e+00,0.000000000000000000e+00,0.000000000000000000e+00,0.000000000000000000e+00,0.000000000000000000e+00,0.000000000000000000e+00,0.000000000000000000e+00,0.000000000000000000e+00,0.000000000000000000e+00
5.128205128205128027e-02,0.000000000000000000e+00,0.000000000000000000e+00,-2.094017094017093794e-01,0.000000000000000000e+00,4.188034188034187588e-01,0.000000000000000000e+00,0.000000000000000000e+00,1.000000000000000000e+00,-1.000000000000000000e+00,0.000000000000000000e+00,0.000000000000000000e+00,0.000000000000000000e+00,5.128205128205128027e-02,0.000000000000000000e+00,-3.675213675213674924e-01,0.000000000000000000e+00,7.393162393162392432e-01,0.000000000000000000e+00,0.000000000000000000e+00,0.000000000000000000e+00,0.000000000000000000e+00,0.000000000000000000e+00,1.581196581196581130e-01,0.000000000000000000e+00,0.000000000000000000e+00,0.000000000000000000e+00,-2.564102564102564014e-02,0.000000000000000000e+00,0.000000000000000000e+00,0.000000000000000000e+00,0.000000000000000000e+00,0.000000000000000000e+00,0.000000000000000000e+00,0.000000000000000000e+00,0.000000000000000000e+00,0.000000000000000000e+00,0.000000000000000000e+00,0.000000000000000000e+00,0.000000000000000000e+00,0.000000000000000000e+00,0.000000000000000000e+00
0.000000000000000000e+00,0.000000000000000000e+00,0.000000000000000000e+00,-2.237237237237237053e-01,0.000000000000000000e+00,4.474474474474474106e-01,0.000000000000000000e+00,0.000000000000000000e+00,1.000000000000000000e+00,-1.000000000000000000e+00,0.000000000000000000e+00,0.000000000000000000e+00,0.000000000000000000e+00,1.801801801801801786e-02,0.000000000000000000e+00,-3.393393393393392965e-01,0.000000000000000000e+00,6.861861861861860978e-01,0.000000000000000000e+00,0.000000000000000000e+00,0.000000000000000000e+00,0.000000000000000000e+00,1.801801801801801786e-02,1.876876876876876765e-01,0.000000000000000000e+00,0.000000000000000000e+00,0.000000000000000000e+00,-2.702702702702702506e-02,0.000000000000000000e+00,0.000000000000000000e+00,0.000000000000000000e+00,0.000000000000000000e+00,0.000000000000000000e+00,0.000000000000000000e+00,0.000000000000000000e+00,0.000000000000000000e+00,0.000000000000000000e+00,0.000000000000000000e+00,0.000000000000000000e+00,0.000000000000000000e+00,0.000000000000000000e+00,0.000000000000000000e+00
0.000000000000000000e+00,0.000000000000000000e+00,0.000000000000000000e+00,-1.000000000000000000e+00,0.000000000000000000e+00,1.922580645161290125e+00,0.000000000000000000e+00,0.000000000000000000e+00,4.374193548387096619e+00,-4.374193548387096619e+00,0.000000000000000000e+00,0.000000000000000000e+00,0.000000000000000000e+00,1.548387096774193339e-01,0.000000000000000000e+00,-1.535483870967741860e+00,0.000000000000000000e+00,3.064516129032258007e+00,0.000000000000000000e+00,0.000000000000000000e+00,0.000000000000000000e+00,0.000000000000000000e+00,0.000000000000000000e+00,8.451612903225805828e-01,0.000000000000000000e+00,0.000000000000000000e+00,0.000000000000000000e+00,-1.161290322580645074e-01,0.000000000000000000e+00,0.000000000000000000e+00,0.000000000000000000e+00,0.000000000000000000e+00,0.000000000000000000e+00,0.000000000000000000e+00,0.000000000000000000e+00,0.000000000000000000e+00,0.000000000000000000e+00,0.000000000000000000e+00,0.000000000000000000e+00,7.741935483870966694e-02,0.000000000000000000e+00,0.000000000000000000e+00
0.000000000000000000e+00,0.000000000000000000e+00,0.000000000000000000e+00,-2.435897435897435848e-01,0.000000000000000000e+00,4.871794871794871695e-01,0.000000000000000000e+00,0.000000000000000000e+00,1.000000000000000000e+00,-1.000000000000000000e+00,0.000000000000000000e+00,0.000000000000000000e+00,0.000000000000000000e+00,2.564102564102564014e-02,0.000000000000000000e+00,-3.333333333333333148e-01,0.000000000000000000e+00,6.538461538461537437e-01,2.564102564102564014e-02,0.000000000000000000e+00,0.000000000000000000e+00,0.000000000000000000e+00,0.000000000000000000e+00,1.923076923076922906e-01,0.000000000000000000e+00,0.000000000000000000e+00,0.000000000000000000e+00,-2.564102564102564014e-02,0.000000000000000000e+00,0.000000000000000000e+00,0.000000000000000000e+00,0.000000000000000000e+00,0.000000000000000000e+00,0.000000000000000000e+00,0.000000000000000000e+00,0.000000000000000000e+00,0.000000000000000000e+00,0.000000000000000000e+00,0.000000000000000000e+00,0.000000000000000000e+00,0.000000000000000000e+00,0.000000000000000000e+00
0.000000000000000000e+00,0.000000000000000000e+00,0.000000000000000000e+00,-8.024691358024690357e-01,0.000000000000000000e+00,6.666666666666666297e-01,0.000000000000000000e+00,0.000000000000000000e+00,1.308641975308641792e+00,-1.308641975308641792e+00,7.901234567901234129e-01,0.000000000000000000e+00,0.000000000000000000e+00,0.000000000000000000e+00,0.000000000000000000e+00,-8.641975308641974829e-01,0.000000000000000000e+00,1.000000000000000000e+00,0.000000000000000000e+00,0.000000000000000000e+00,0.000000000000000000e+00,0.000000000000000000e+00,0.000000000000000000e+00,6.543209876543208958e-01,0.000000000000000000e+00,0.000000000000000000e+00,0.000000000000000000e+00,-7.407407407407406996e-02,0.000000000000000000e+00,0.000000000000000000e+00,0.000000000000000000e+00,0.000000000000000000e+00,0.000000000000000000e+00,1.481481481481481399e-01,0.000000000000000000e+00,0.000000000000000000e+00,0.000000000000000000e+00,0.000000000000000000e+00,0.000000000000000000e+00,0.000000000000000000e+00,0.000000000000000000e+00,0.000000000000000000e+00
0.000000000000000000e+00,0.000000000000000000e+00,0.000000000000000000e+00,-1.000000000000000000e+00,0.000000000000000000e+00,1.779141104294478470e+00,0.000000000000000000e+00,0.000000000000000000e+00,3.128834355828220559e+00,-3.128834355828220559e+00,0.000000000000000000e+00,0.000000000000000000e+00,0.000000000000000000e+00,0.000000000000000000e+00,0.000000000000000000e+00,-8.957055214723925740e-01,0.000000000000000000e+00,1.687116564417177722e+00,0.000000000000000000e+00,0.000000000000000000e+00,0.000000000000000000e+00,0.000000000000000000e+00,0.000000000000000000e+00,7.791411042944784704e-01,0.000000000000000000e+00,0.000000000000000000e+00,0.000000000000000000e+00,-1.104294478527607232e-01,0.000000000000000000e+00,0.000000000000000000e+00,0.000000000000000000e+00,0.000000000000000000e+00,0.000000000000000000e+00,2.208588957055214463e-01,0.000000000000000000e+00,0.000000000000000000e+00,0.000000000000000000e+00,0.000000000000000000e+00,0.000000000000000000e+00,0.000000000000000000e+00,0.000000000000000000e+00,0.000000000000000000e+00
0.000000000000000000e+00,0.000000000000000000e+00,0.000000000000000000e+00,-1.000000000000000000e+00,0.000000000000000000e+00,9.230769230769230171e-01,0.000000000000000000e+00,0.000000000000000000e+00,1.630769230769230749e+00,-1.630769230769230749e+00,8.923076923076922462e-01,0.000000000000000000e+00,0.000000000000000000e+00,0.000000000000000000e+00,9.230769230769229894e-02,-1.076923076923076872e+00,0.000000000000000000e+00,1.153846153846153744e+00,0.000000000000000000e+00,0.000000000000000000e+00,0.000000000000000000e+00,0.000000000000000000e+00,0.000000000000000000e+00,8.153846153846153744e-01,0.000000000000000000e+00,0.000000000000000000e+00,0.000000000000000000e+00,-9.230769230769229894e-02,0.000000000000000000e+00,0.000000000000000000e+00,0.000000000000000000e+00,0.000000000000000000e+00,0.000000000000000000e+00,1.846153846153845979e-01,0.000000000000000000e+00,0.000000000000000000e+00,0.000000000000000000e+00,0.000000000000000000e+00,0.000000000000000000e+00,0.000000000000000000e+00,0.000000000000000000e+00,0.000000000000000000e+00
0.000000000000000000e+00,0.000000000000000000e+00,0.000000000000000000e+00,-1.000000000000000000e+00,0.000000000000000000e+00,1.783132530120481896e+00,0.000000000000000000e+00,0.000000000000000000e+00,2.963855421686746983e+00,-2.963855421686746983e+00,0.000000000000000000e+00,0.000000000000000000e+00,0.000000000000000000e+00,0.000000000000000000e+00,1.084337349397590244e-01,-9.156626506024095891e-01,0.000000000000000000e+00,1.530120481927710774e+00,0.000000000000000000e+00,0.000000000000000000e+00,0.000000000000000000e+00,0.000000000000000000e+00,0.000000000000000000e+00,7.831325301204818956e-01,0.000000000000000000e+00,0.000000000000000000e+00,0.000000000000000000e+00,-1.084337349397590244e-01,0.000000000000000000e+00,0.000000000000000000e+00,0.000000000000000000e+00,0.000000000000000000e+00,0.000000000000000000e+00,2.168674698795180489e-01,0.000000000000000000e+00,0.000000000000000000e+00,0.000000000000000000e+00,0.000000000000000000e+00,0.000000000000000000e+00,0.000000000000000000e+00,0.000000000000000000e+00,0.000000000000000000e+00
0.000000000000000000e+00,0.000000000000000000e+00,0.000000000000000000e+00,-2.187500000000000000e-01,0.000000000000000000e+00,5.000000000000000000e-01,0.000000000000000000e+00,0.000000000000000000e+00,1.000000000000000000e+00,-1.000000000000000000e+00,0.000000000000000000e+00,0.000000000000000000e+00,0.000000000000000000e+00,0.000000000000000000e+00,1.562500000000000000e-02,-3.125000000000000000e-01,0.000000000000000000e+00,6.562500000000000000e-01,0.000000000000000000e+00,0.000000000000000000e+00,0.000000000000000000e+00,3.125000000000000000e-02,0.000000000000000000e+00,1.562500000000000000e-01,0.000000000000000000e+00,0.000000000000000000e+00,0.000000000000000000e+00,-1.562500000000000000e-02,0.000000000000000000e+00,0.000000000000000000e+00,0.000000000000000000e+00,0.000000000000000000e+00,0.000000000000000000e+00,0.000000000000000000e+00,0.000000000000000000e+00,0.000000000000000000e+00,0.000000000000000000e+00,0.000000000000000000e+00,0.000000000000000000e+00,0.000000000000000000e+00,0.000000000000000000e+00,0.000000000000000000e+00
0.000000000000000000e+00,0.000000000000000000e+00,0.000000000000000000e+00,-6.916666666666666075e+00,0.000000000000000000e+00,1.583333333333333215e+01,0.000000000000000000e+00,0.000000000000000000e+00,3.250000000000000000e+01,-3.250000000000000000e+01,0.000000000000000000e+00,0.000000000000000000e+00,0.000000000000000000e+00,0.000000000000000000e+00,0.000000000000000000e+00,-9.833333333333332149e+00,0.000000000000000000e+00,2.158333333333333215e+01,0.000000000000000000e+00,0.000000000000000000e+00,0.000000000000000000e+00,1.000000000000000000e+00,0.000000000000000000e+00,4.916666666666666075e+00,0.000000000000000000e+00,0.000000000000000000e+00,0.000000000000000000e+00,-5.000000000000000000e-01,0.000000000000000000e+00,0.000000000000000000e+00,0.000000000000000000e+00,0.000000000000000000e+00,0.000000000000000000e+00,0.000000000000000000e+00,0.000000000000000000e+00,0.000000000000000000e+00,0.000000000000000000e+00,0.000000000000000000e+00,0.000000000000000000e+00,0.000000000000000000e+00,0.000000000000000000e+00,0.000000000000000000e+00
0.000000000000000000e+00,0.000000000000000000e+00,0.000000000000000000e+00,-2.511737089201877549e-01,0.000000000000000000e+00,5.164319248826290121e-01,0.000000000000000000e+00,0.000000000000000000e+00,1.000000000000000000e+00,-1.000000000000000000e+00,0.000000000000000000e+00,0.000000000000000000e+00,0.000000000000000000e+00,0.000000000000000000e+00,2.112676056338028130e-02,-3.333333333333333148e-01,0.000000000000000000e+00,6.361502347417840042e-01,0.000000000000000000e+00,0.000000000000000000e+00,0.000000000000000000e+00,0.000000000000000000e+00,0.000000000000000000e+00,1.948356807511736899e-01,0.000000000000000000e+00,0.000000000000000000e+00,0.000000000000000000e+00,-2.112676056338028130e-02,0.000000000000000000e+00,0.000000000000000000e+00,0.000000000000000000e+00,0.000000000000000000e+00,0.000000000000000000e+00,0.000000000000000000e+00,0.000000000000000000e+00,0.000000000000000000e+00,0.000000000000000000e+00,0.000000000000000000e+00,0.000000000000000000e+00,4.225352112676056260e-02,0.000000000000000000e+00,0.000000000000000000e+00
0.000000000000000000e+00,0.000000000000000000e+00,0.000000000000000000e+00,-1.000000000000000000e+00,0.000000000000000000e+00,2.056872037914691642e+00,0.000000000000000000e+00,0.000000000000000000e+00,4.123222748815165595e+00,-4.123222748815165595e+00,0.000000000000000000e+00,0.000000000000000000e+00,0.000000000000000000e+00,0.000000000000000000e+00,0.000000000000000000e+00,-1.317535545023696519e+00,0.000000000000000000e+00,2.668246445497630237e+00,0.000000000000000000e+00,0.000000000000000000e+00,0.000000000000000000e+00,0.000000000000000000e+00,0.000000000000000000e+00,7.725118483412322101e-01,0.000000000000000000e+00,0.000000000000000000e+00,0.000000000000000000e+00,-8.530805687203790733e-02,0.000000000000000000e+00,0.000000000000000000e+00,0.000000000000000000e+00,0.000000000000000000e+00,0.000000000000000000e+00,0.000000000000000000e+00,0.000000000000000000e+00,0.000000000000000000e+00,0.000000000000000000e+00,0.000000000000000000e+00,0.000000000000000000e+00,1.706161137440758147e-01,0.000000000000000000e+00,0.000000000000000000e+00
0.000000000000000000e+00,0.000000000000000000e+00,0.000000000000000000e+00,-2.362318840579709922e-01,0.000000000000000000e+00,4.898550724637680820e-01,0.000000000000000000e+00,0.000000000000000000e+00,1.000000000000000000e+00,-1.000000000000000000e+00,0.000000000000000000e+00,0.000000000000000000e+00,0.000000000000000000e+00,0.000000000000000000e+00,2.608695652173912902e-02,-3.420289855072463636e-01,0.000000000000000000e+00,6.507246376811594013e-01,0.000000000000000000e+00,0.000000000000000000e+00,0.000000000000000000e+00,0.000000000000000000e+00,2.608695652173912902e-02,1.927536231884057760e-01,0.000000000000000000e+00,0.000000000000000000e+00,0.000000000000000000e+00,-2.608695652173912902e-02,0.000000000000000000e+00,0.000000000000000000e+00,0.000000000000000000e+00,0.000000000000000000e+00,0.000000000000000000e+00,0.000000000000000000e+00,0.000000000000000000e+00,0.000000000000000000e+00,0.000000000000000000e+00,0.000000000000000000e+00,0.000000000000000000e+00,0.000000000000000000e+00,0.000000000000000000e+00,0.000000000000000000e+00
0.000000000000000000e+00,0.000000000000000000e+00,0.000000000000000000e+00,-6.055555555555555358e+00,0.000000000000000000e+00,1.277777777777777679e+01,0.000000000000000000e+00,0.000000000000000000e+00,2.233333333333333215e+01,-2.233333333333333215e+01,0.000000000000000000e+00,0.000000000000000000e+00,0.000000000000000000e+00,0.000000000000000000e+00,5.000000000000000000e-01,-7.111111111111110716e+00,0.000000000000000000e+00,1.294444444444444287e+01,1.000000000000000000e+00,0.000000000000000000e+00,0.000000000000000000e+00,0.000000000000000000e+00,0.000000000000000000e+00,4.388888888888888395e+00,0.000000000000000000e+00,0.000000000000000000e+00,0.000000000000000000e+00,-5.000000000000000000e-01,0.000000000000000000e+00,0.000000000000000000e+00,0.000000000000000000e+00,0.000000000000000000e+00,0.000000000000000000e+00,0.000000000000000000e+00,0.000000000000000000e+00,0.000000000000000000e+00,0.000000000000000000e+00,0.000000000000000000e+00,0.000000000000000000e+00,0.000000000000000000e+00,0.000000000000000000e+00,0.000000000000000000e+00
0.000000000000000000e+00,0.000000000000000000e+00,0.000000000000000000e+00,-2.615571776155717343e-01,0.000000000000000000e+00,5.523114355231143469e-01,0.000000000000000000e+00,0.000000000000000000e+00,1.000000000000000000e+00,-1.000000000000000000e+00,0.000000000000000000e+00,0.000000000000000000e+00,0.000000000000000000e+00,0.000000000000000000e+00,0.000000000000000000e+00,-3.041362530413624921e-01,0.000000000000000000e+00,5.924574209245742074e-01,4.379562043795619947e-02,0.000000000000000000e+00,0.000000000000000000e+00,0.000000000000000000e+00,0.000000000000000000e+00,1.885644768856447606e-01,0.000000000000000000e+00,0.000000000000000000e+00,0.000000000000000000e+00,-2.189781021897809973e-02,0.000000000000000000e+00,0.000000000000000000e+00,0.000000000000000000e+00,0.000000000000000000e+00,0.000000000000000000e+00,0.000000000000000000e+00,0.000000000000000000e+00,0.000000000000000000e+00,0.000000000000000000e+00,0.000000000000000000e+00,0.000000000000000000e+00,0.000000000000000000e+00,0.000000000000000000e+00,0.000000000000000000e+00
0.000000000000000000e+00,0.000000000000000000e+00,0.000000000000000000e+00,-2.259887005649717506e-01,0.000000000000000000e+00,4.689265536723163375e-01,0.000000000000000000e+00,0.000000000000000000e+00,1.000000000000000000e+00,-1.000000000000000000e+00,0.000000000000000000e+00,0.000000000000000000e+00,0.000000000000000000e+00,0.000000000000000000e+00,0.000000000000000000e+00,-3.248587570621468412e-01,0.000000000000000000e+00,6.638418079096044533e-01,0.000000000000000000e+00,0.000000000000000000e+00,0.000000000000000000e+00,0.000000000000000000e+00,2.542372881355932021e-02,1.836158192090395214e-01,0.000000000000000000e+00,0.000000000000000000e+00,0.000000000000000000e+00,-2.542372881355932021e-02,0.000000000000000000e+00,0.000000000000000000e+00,0.000000000000000000e+00,0.000000000000000000e+00,0.000000000000000000e+00,0.000000000000000000e+00,0.000000000000000000e+00,0.000000000000000000e+00,0.000000000000000000e+00,0.000000000000000000e+00,0.000000000000000000e+00,0.000000000000000000e+00,0.000000000000000000e+00,0.000000000000000000e+00
1.404761904761904656e+00,0.000000000000000000e+00,0.000000000000000000e+00,-1.000000000000000000e+00,0.000000000000000000e+00,3.000000000000000000e+00,0.000000000000000000e+00,0.000000000000000000e+00,5.714285714285713524e+00,-5.714285714285713524e+00,0.000000000000000000e+00,0.000000000000000000e+00,0.000000000000000000e+00,0.000000000000000000e+00,0.000000000000000000e+00,-1.873015873015872801e+00,0.000000000000000000e+00,4.119047619047618625e+00,0.000000000000000000e+00,0.000000000000000000e+00,0.000000000000000000e+00,3.174603174603174427e-02,0.000000000000000000e+00,0.000000000000000000e+00,0.000000000000000000e+00,0.000000000000000000e+00,0.000000000000000000e+00,-1.587301587301587213e-02,0.000000000000000000e+00,0.000000000000000000e+00,0.000000000000000000e+00,0.000000000000000000e+00,0.000000000000000000e+00,0.000000000000000000e+00,0.000000000000000000e+00,0.000000000000000000e+00,0.000000000000000000e+00,0.000000000000000000e+00,0.000000000000000000e+00,0.000000000000000000e+00,0.000000000000000000e+00,0.000000000000000000e+00
4.500000000000000000e+01,0.000000000000000000e+00,0.000000000000000000e+00,-3.200000000000000000e+01,0.000000000000000000e+00,9.600000000000000000e+01,0.000000000000000000e+00,0.000000000000000000e+00,1.820000000000000000e+02,-1.820000000000000000e+02,0.000000000000000000e+00,0.000000000000000000e+00,0.000000000000000000e+00,0.000000000000000000e+00,5.000000000000000000e-01,-6.000000000000000000e+01,0.000000000000000000e+00,1.310000000000000000e+02,0.000000000000000000e+00,0.000000000000000000e+00,0.000000000000000000e+00,1.000000000000000000e+00,0.000000000000000000e+00,0.000000000000000000e+00,0.000000000000000000e+00,0.000000000000000000e+00,0.000000000000000000e+00,-5.000000000000000000e-01,0.000000000000000000e+00,0.000000000000000000e+00,0.000000000000000000e+00,0.000000000000000000e+00,0.000000000000000000e+00,0.000000000000000000e+00,0.000000000000000000e+00,0.000000000000000000e+00,0.000000000000000000e+00,0.000000000000000000e+00,0.000000000000000000e+00,0.000000000000000000e+00,0.000000000000000000e+00,0.000000000000000000e+00
1.474358974358974228e+00,0.000000000000000000e+00,0.000000000000000000e+00,-1.000000000000000000e+00,0.000000000000000000e+00,2.948717948717948456e+00,0.000000000000000000e+00,0.000000000000000000e+00,5.743589743589742724e+00,-5.743589743589742724e+00,0.000000000000000000e+00,0.000000000000000000e+00,0.000000000000000000e+00,5.128205128205128027e-02,0.000000000000000000e+00,-1.948717948717948678e+00,0.000000000000000000e+00,4.217948717948717174e+00,0.000000000000000000e+00,0.000000000000000000e+00,0.000000000000000000e+00,0.000000000000000000e+00,0.000000000000000000e+00,0.000000000000000000e+00,0.000000000000000000e+00,0.000000000000000000e+00,0.000000000000000000e+00,-2.564102564102564014e-02,0.000000000000000000e+00,0.000000000000000000e+00,0.000000000000000000e+00,0.000000000000000000e+00,0.000000000000000000e+00,0.000000000000000000e+00,0.000000000000000000e+00,0.000000000000000000e+00,0.000000000000000000e+00,0.000000000000000000e+00,0.000000000000000000e+00,0.000000000000000000e+00,0.000000000000000000e+00,0.000000000000000000e+00
2.587719298245613753e-01,0.000000000000000000e+00,0.000000000000000000e+00,-1.754385964912280604e-01,0.000000000000000000e+00,5.175438596491227505e-01,0.000000000000000000e+00,0.000000000000000000e+00,1.000000000000000000e+00,-1.000000000000000000e+00,0.000000000000000000e+00,0.000000000000000000e+00,0.000000000000000000e+00,8.771929824561403022e-03,4.385964912280701511e-03,-3.421052631578946901e-01,0.000000000000000000e+00,7.324561403508771384e-01,0.000000000000000000e+00,0.000000000000000000e+00,0.000000000000000000e+00,0.000000000000000000e+00,0.000000000000000000e+00,0.000000000000000000e+00,0.000000000000000000e+00,0.000000000000000000e+00,0.000000000000000000e+00,-4.385964912280701511e-03,0.000000000000000000e+00,0.000000000000000000e+00,0.000000000000000000e+00,0.000000000000000000e+00,0.000000000000000000e+00,0.000000000000000000e+00,0.000000000000000000e+00,0.000000000000000000e+00,0.000000000000000000e+00,0.000000000000000000e+00,0.000000000000000000e+00,0.000000000000000000e+00,0.000000000000000000e+00,0.000000000000000000e+00
1.431034482758620552e+00,0.000000000000000000e+00,0.000000000000000000e+00,-1.000000000000000000e+00,0.000000000000000000e+00,2.965517241379310054e+00,0.000000000000000000e+00,0.000000000000000000e+00,5.586206896551723311e+00,-5.586206896551723311e+00,0.000000000000000000e+00,0.000000000000000000e+00,0.000000000000000000e+00,0.000000000000000000e+00,1.724137931034482735e-02,-1.862068965517241326e+00,0.000000000000000000e+00,4.017241379310344307e+00,0.000000000000000000e+00,0.000000000000000000e+00,0.000000000000000000e+00,0.000000000000000000e+00,0.000000000000000000e+00,0.000000000000000000e+00,0.000000000000000000e+00,0.000000000000000000e+00,0.000000000000000000e+00,-1.724137931034482735e-02,0.000000000000000000e+00,0.000000000000000000e+00,0.000000000000000000e+00,0.000000000000000000e+00,0.000000000000000000e+00,0.000000000000000000e+00,0.000000000000000000e+00,0.000000000000000000e+00,0.000000000000000000e+00,0.000000000000000000e+00,0.000000000000000000e+00,3.448275862068965469e-02,0.000000000000000000e+00,0.000000000000000000e+00
1.429824561403508554e+00,0.000000000000000000e+00,0.000000000000000000e+00,-1.000000000000000000e+00,0.000000000000000000e+00,2.964912280701754277e+00,0.000000000000000000e+00,0.000000000000000000e+00,5.614035087719297934e+00,-5.614035087719297934e+00,0.000000000000000000e+00,0.000000000000000000e+00,0.000000000000000000e+00,0.000000000000000000e+00,0.000000000000000000e+00,-1.859649122807017330e+00,0.000000000000000000e+00,4.043859649122806488e+00,0.000000000000000000e+00,0.000000000000000000e+00,0.000000000000000000e+00,0.000000000000000000e+00,0.000000000000000000e+00,0.000000000000000000e+00,0.000000000000000000e+00,0.000000000000000000e+00,0.000000000000000000e+00,-1.754385964912280604e-02,0.000000000000000000e+00,0.000000000000000000e+00,0.000000000000000000e+00,0.000000000000000000e+00,0.000000000000000000e+00,0.000000000000000000e+00,0.000000000000000000e+00,0.000000000000000000e+00,0.000000000000000000e+00,0.000000000000000000e+00,0.000000000000000000e+00,3.508771929824561209e-02,0.000000000000000000e+00,0.000000000000000000e+00
8.057851239669421295e-01,0.000000000000000000e+00,0.000000000000000000e+00,-5.619834710743800699e-01,0.000000000000000000e+00,1.636363636363636243e+00,0.000000000000000000e+00,0.000000000000000000e+00,3.024793388429751761e+00,-3.024793388429751761e+00,0.000000000000000000e+00,0.000000000000000000e+00,0.000000000000000000e+00,0.000000000000000000e+00,1.239669421487603167e-02,-1.000000000000000000e+00,0.000000000000000000e+00,2.144628099173553348e+00,0.000000000000000000e+00,0.000000000000000000e+00,0.000000000000000000e+00,0.000000000000000000e+00,0.000000000000000000e+00,0.000000000000000000e+00,0.000000000000000000e+00,0.000000000000000000e+00,0.000000000000000000e+00,-1.239669421487603167e-02,0.000000000000000000e+00,0.000000000000000000e+00,0.000000000000000000e+00,0.000000000000000000e+00,0.000000000000000000e+00,2.479338842975206333e-02,0.000000000000000000e+00,0.000000000000000000e+00,0.000000000000000000e+00,0.000000000000000000e+00,0.000000000000000000e+00,0.000000000000000000e+00,0.000000000000000000e+00,0.000000000000000000e+00
7.643678160919539222e-01,0.000000000000000000e+00,0.000000000000000000e+00,-5.287356321839079554e-01,0.000000000000000000e+00,1.574712643678160884e+00,0.000000000000000000e+00,0.000000000000000000e+00,2.988505747126436685e+00,-2.988505747126436685e+00,0.000000000000000000e+00,0.000000000000000000e+00,0.000000000000000000e+00,0.000000000000000000e+00,1.149425287356321823e-02,-1.000000000000000000e+00,0.000000000000000000e+00,2.155172413793103203e+00,0.000000000000000000e+00,0.000000000000000000e+00,0.000000000000000000e+00,0.000000000000000000e+00,1.149425287356321823e-02,0.000000000000000000e+00,0.000000000000000000e+00,0.000000000000000000e+00,0.000000000000000000e+00,-1.149425287356321823e-02,0.000000000000000000e+00,0.000000000000000000e+00,0.000000000000000000e+00,0.000000000000000000e+00,0.000000000000000000e+00,0.000000000000000000e+00,0.000000000000000000e+00,0.000000000000000000e+00,0.000000000000000000e+00,0.000000000000000000e+00,0.000000000000000000e+00,0.000000000000000000e+00,0.000000000000000000e+00,0.000000000000000000e+00
3.950000000000000000e+01,0.000000000000000000e+00,0.000000000000000000e+00,-2.800000000000000000e+01,0.000000000000000000e+00,8.300000000000000000e+01,0.000000000000000000e+00,0.000000000000000000e+00,1.540000000000000000e+02,-1.540000000000000000e+02,0.000000000000000000e+00,0.000000000000000000e+00,0.000000000000000000e+00,0.000000000000000000e+00,5.000000000000000000e-01,-5.100000000000000000e+01,0.000000000000000000e+00,1.095000000000000000e+02,1.000000000000000000e+00,0.000000000000000000e+00,0.000000000000000000e+00,0.000000000000000000e+00,0.000000000000000000e+00,0.000000000000000000e+00,0.000000000000000000e+00,0.000000000000000000e+00,0.000000000000000000e+00,-5.000000000000000000e-01,0.000000000000000000e+00,0.000000000000000000e+00,0.000000000000000000e+00,0.000000000000000000e+00,0.000000000000000000e+00,0.000000000000000000e+00,0.000000000000000000e+00,0.000000000000000000e+00,0.000000000000000000e+00,0.000000000000000000e+00,0.000000000000000000e+00,0.000000000000000000e+00,0.000000000000000000e+00,0.000000000000000000e+00
1.444444444444444420e+00,0.000000000000000000e+00,0.000000000000000000e+00,-1.000000000000000000e+00,0.000000000000000000e+00,2.977777777777777413e+00,0.000000000000000000e+00,0.000000000000000000e+00,5.688888888888888218e+00,-5.688888888888888218e+00,0.000000000000000000e+00,0.000000000000000000e+00,0.000000000000000000e+00,0.000000000000000000e+00,0.000000000000000000e+00,-1.888888888888888840e+00,0.000000000000000000e+00,4.111111111111110716e+00,0.000000000000000000e+00,0.000000000000000000e+00,0.000000000000000000e+00,0.000000000000000000e+00,2.222222222222221960e-02,0.000000000000000000e+00,0.000000000000000000e+00,0.000000000000000000e+00,0.000000000000000000e+00,-2.222222222222221960e-02,0.000000000000000000e+00,0.000000000000000000e+00,0.000000000000000000e+00,0.000000000000000000e+00,0.000000000000000000e+00,0.000000000000000000e+00,0.000000000000000000e+00,0.000000000000000000e+00,0.000000000000000000e+00,0.000000000000000000e+00,0.000000000000000000e+00,0.000000000000000000e+00,0.000000000000000000e+00,0.000000000000000000e+00
1.432330827067669121e+00,0.000000000000000000e+00,0.000000000000000000e+00,-1.000000000000000000e+00,0.000000000000000000e+00,2.909774436090225347e+00,0.000000000000000000e+00,0.000000000000000000e+00,5.413533834586465865e+00,-5.413533834586465865e+00,0.000000000000000000e+00,0.000000000000000000e+00,0.000000000000000000e+00,0.000000000000000000e+00,0.000000000000000000e+00,-1.774436090225563811e+00,0.000000000000000000e+00,3.845864661654135208e+00,0.000000000000000000e+00,0.000000000000000000e+00,0.000000000000000000e+00,0.000000000000000000e+00,0.000000000000000000e+00,0.000000000000000000e+00,0.000000000000000000e+00,0.000000000000000000e+00,0.000000000000000000e+00,-2.255639097744360777e-02,0.000000000000000000e+00,0.000000000000000000e+00,0.000000000000000000e+00,0.000000000000000000e+00,0.000000000000000000e+00,4.511278195488721554e-02,0.000000000000000000e+00,0.000000000000000000e+00,0.000000000000000000e+00,0.000000000000000000e+00,0.000000000000000000e+00,0.000000000000000000e+00,0.000000000000000000e+00,0.000000000000000000e+00
0.000000000000000000e+00,0.000000000000000000e+00,0.000000000000000000e+00,-2.311827956989247201e-01,0.000000000000000000e+00,3.333333333333333148e-01,0.000000000000000000e+00,0.000000000000000000e+00,1.000000000000000000e+00,-1.000000000000000000e+00,0.000000000000000000e+00,0.000000000000000000e+00,0.000000000000000000e+00,0.000000000000000000e+00,0.000000000000000000e+00,-3.655913978494623184e-01,0.000000000000000000e+00,8.333333333333332593e-01,0.000000000000000000e+00,0.000000000000000000e+00,0.000000000000000000e+00,0.000000000000000000e+00,0.000000000000000000e+00,2.634408602150537515e-01,0.000000000000000000e+00,0.000000000000000000e+00,0.000000000000000000e+00,0.000000000000000000e+00,0.000000000000000000e+00,0.000000000000000000e+00,0.000000000000000000e+00,0.000000000000000000e+00,0.000000000000000000e+00,0.000000000000000000e+00,0.000000000000000000e+00,0.000000000000000000e+00,0.000000000000000000e+00,0.000000000000000000e+00,0.000000000000000000e+00,0.000000000000000000e+00,0.000000000000000000e+00,0.000000000000000000e+00
3.875000000000000000e+01,0.000000000000000000e+00,0.000000000000000000e+00,-2.750000000000000000e+01,0.000000000000000000e+00,8.150000000000000000e+01,0.000000000000000000e+00,0.000000000000000000e+00,1.520000000000000000e+02,-1.520000000000000000e+02,0.000000000000000000e+00,0.000000000000000000e+00,0.000000000000000000e+00,0.000000000000000000e+00,0.000000000000000000e+00,-5.000000000000000000e+01,0.000000000000000000e+00,1.082500000000000000e+02,1.000000000000000000e+00,0.000000000000000000e+00,0.000000000000000000e+00,0.000000000000000000e+00,0.000000000000000000e+00,0.000000000000000000e+00,0.000000000000000000e+00,0.000000000000000000e+00,0.000000000000000000e+00,-5.000000000000000000e-01,0.000000000000000000e+00,0.000000000000000000e+00,0.000000000000000000e+00,0.000000000000000000e+00,0.000000000000000000e+00,0.000000000000000000e+00,0.000000000000000000e+00,0.000000000000000000e+00,0.000000000000000000e+00,0.000000000000000000e+00,0.000000000000000000e+00,0.000000000000000000e+00,0.000000000000000000e+00,0.000000000000000000e+00
1.531250000000000000e+00,0.000000000000000000e+00,0.000000000000000000e+00,-1.000000000000000000e+00,0.000000000000000000e+00,2.937500000000000000e+00,0.000000000000000000e+00,0.000000000000000000e+00,5.750000000000000000e+00,-5.750000000000000000e+00,0.000000000000000000e+00,0.000000000000000000e+00,0.000000000000000000e+00,0.000000000000000000e+00,0.000000000000000000e+00,-1.937500000000000000e+00,0.000000000000000000e+00,4.281250000000000000e+00,0.000000000000000000e+00,0.000000000000000000e+00,0.000000000000000000e+00,0.000000000000000000e+00,0.000000000000000000e+00,0.000000000000000000e+00,0.000000000000000000e+00,0.000000000000000000e+00,0.000000000000000000e+00,0.000000000000000000e+00,0.000000000000000000e+00,0.000000000000000000e+00,0.000000000000000000e+00,0.000000000000000000e+00,0.000000000000000000e+00,0.000000000000000000e+00,0.000000000000000000e+00,0.000000000000000000e+00,0.000000000000000000e+00,0.000000000000000000e+00,0.000000000000000000e+00,0.000000000000000000e+00,0.000000000000000000e+00,0.000000000000000000e+00
0.000000000000000000e+00,-2.118643342378865625e-03,0.000000000000000000e+00,-1.491831982717723974e+02,0.000000000000000000e+00,3.023831540607466195e+02,0.000000000000000000e+00,0.000000000000000000e+00,7.337894844821174729e+02,-7.337894844821174729e+02,0.000000000000000000e+00,0.000000000000000000e+00,0.000000000000000000e+00,0.000000000000000000e+00,0.000000000000000000e+00,-2.169068999563556304e+02,0.000000000000000000e+00,5.367822639629724790e+02,0.000000000000000000e+00,-5.000000000000000000e-01,0.000000000000000000e+00,0.000000000000000000e+00,0.000000000000000000e+00,1.259967179400713206e+02,-7.203389841962437590e-02,0.000000000000000000e+00,0.000000000000000000e+00,-7.646507295618800271e+00,0.000000000000000000e+00,0.000000000000000000e+00,0.000000000000000000e+00,0.000000000000000000e+00,-4.005028435905194861e+00,0.000000000000000000e+00,0.000000000000000000e+00,-3.765098521543413512e-01,0.000000000000000000e+00,0.000000000000000000e+00,0.000000000000000000e+00,0.000000000000000000e+00,0.000000000000000000e+00,2.252612995032429399e+00
0.000000000000000000e+00,-2.118643342378865625e-03,0.000000000000000000e+00,-1.504576161543755290e+02,0.000000000000000000e+00,3.049319898259528827e+02,0.000000000000000000e+00,0.000000000000000000e+00,7.261429771864986833e+02,-7.261429771864986833e+02,0.000000000000000000e+00,0.000000000000000000e+00,0.000000000000000000e+00,0.000000000000000000e+00,7.646507295618800271e+00,-2.194557357215618936e+02,0.000000000000000000e+00,5.278613387847505010e+02,0.000000000000000000e+00,-5.000000000000000000e-01,0.000000000000000000e+00,0.000000000000000000e+00,0.000000000000000000e+00,1.272711358226744522e+02,-7.203389841962437590e-02,0.000000000000000000e+00,0.000000000000000000e+00,-7.646507295618800271e+00,0.000000000000000000e+00,0.000000000000000000e+00,0.000000000000000000e+00,0.000000000000000000e+00,-4.005028435905194861e+00,0.000000000000000000e+00,0.000000000000000000e+00,-3.765098521543413512e-01,0.000000000000000000e+00,0.000000000000000000e+00,0.000000000000000000e+00,0.000000000000000000e+00,0.000000000000000000e+00,2.252612995032429399e+00
1.133970461460641900e+03,-2.118643342378865625e-03,0.000000000000000000e+00,-7.791667879721289864e+02,0.000000000000000000e+00,2.318330641101887522e+03,0.000000000000000000e+00,0.000000000000000000e+00,4.513691022684256495e+03,-4.513691022684256495e+03,0.000000000000000000e+00,0.000000000000000000e+00,0.000000000000000000e+00,0.000000000000000000e+00,0.000000000000000000e+00,-1.476874079357068922e+03,0.000000000000000000e+00,3.308710058644541277e+03,0.000000000000000000e+00,-5.000000000000000000e-01,0.000000000000000000e+00,0.000000000000000000e+00,0.000000000000000000e+00,0.000000000000000000e+00,-7.203389841962437590e-02,0.000000000000000000e+00,0.000000000000000000e+00,-7.646507295618800271e+00,0.000000000000000000e+00,0.000000000000000000e+00,0.000000000000000000e+00,0.000000000000000000e+00,-4.005028435905194861e+00,0.000000000000000000e+00,0.000000000000000000e+00,-3.765098521543413512e-01,0.000000000000000000e+00,0.000000000000000000e+00,0.000000000000000000e+00,0.000000000000000000e+00,0.000000000000000000e+00,2.252612995032429399e+00
0.000000000000000000e+00,-2.118643342378865625e-03,0.000000000000000000e+00,-8.022522945431332175e+01,0.000000000000000000e+00,0.000000000000000000e+00,0.000000000000000000e+00,0.000000000000000000e+00,9.641634855886170044e+03,-9.641634855886170044e+03,0.000000000000000000e+00,0.000000000000000000e+00,0.000000000000000000e+00,0.000000000000000000e+00,-5.300119629709422952e+03,3.780883309767697256e+02,0.000000000000000000e+00,9.399508105939259622e+03,0.000000000000000000e+00,-5.000000000000000000e-01,0.000000000000000000e+00,0.000000000000000000e+00,0.000000000000000000e+00,0.000000000000000000e+00,-7.203389841962437590e-02,0.000000000000000000e+00,0.000000000000000000e+00,-4.690872858724654293e+01,0.000000000000000000e+00,0.000000000000000000e+00,0.000000000000000000e+00,0.000000000000000000e+00,-4.005028435905194861e+00,7.852444258325549242e+01,0.000000000000000000e+00,-3.765098521543413512e-01,0.000000000000000000e+00,0.000000000000000000e+00,0.000000000000000000e+00,0.000000000000000000e+00,0.000000000000000000e+00,2.252612995032429399e+00
1.145440222404070028e+03,-2.118643342378865625e-03,0.000000000000000000e+00,-7.868132952677477761e+02,0.000000000000000000e+00,2.341270162988744232e+03,0.000000000000000000e+00,0.000000000000000000e+00,4.544277051866732108e+03,-4.544277051866732108e+03,0.000000000000000000e+00,0.000000000000000000e+00,0.000000000000000000e+00,0.000000000000000000e+00,7.646507295618800271e+00,-1.492167093948306501e+03,0.000000000000000000e+00,3.327826326883588536e+03,0.000000000000000000e+00,-5.000000000000000000e-01,0.000000000000000000e+00,0.000000000000000000e+00,0.000000000000000000e+00,0.000000000000000000e+00,-7.203389841962437590e-02,0.000000000000000000e+00,0.000000000000000000e+00,-7.646507295618800271e+00,0.000000000000000000e+00,0.000000000000000000e+00,0.000000000000000000e+00,0.000000000000000000e+00,-4.005028435905194861e+00,0.000000000000000000e+00,0.000000000000000000e+00,-3.765098521543413512e-01,0.000000000000000000e+00,0.000000000000000000e+00,0.000000000000000000e+00,0.000000000000000000e+00,0.000000000000000000e+00,2.252612995032429399e+00
0.000000000000000000e+00,-2.118643342378865625e-03,0.000000000000000000e+00,-6.869413281415829715e+02,0.000000000000000000e+00,0.000000000000000000e+00,0.000000000000000000e+00,0.000000000000000000e+00,1.371350783237442784e+03,-1.371350783237442784e+03,1.241802344746818790e+03,0.000000000000000000e+00,0.000000000000000000e+00,0.000000000000000000e+00,-1.514542080953733034e+02,-1.190350357905814917e+03,0.000000000000000000e+00,1.946436312122080608e+03,0.000000000000000000e+00,-5.000000000000000000e-01,0.000000000000000000e+00,0.000000000000000000e+00,0.000000000000000000e+00,6.977791150732690539e+02,-7.203389841962437590e-02,0.000000000000000000e+00,0.000000000000000000e+00,-7.646507295618800271e+00,0.000000000000000000e+00,0.000000000000000000e+00,0.000000000000000000e+00,0.000000000000000000e+00,-4.005028435905194861e+00,0.000000000000000000e+00,0.000000000000000000e+00,-3.765098521543413512e-01,0.000000000000000000e+00,0.000000000000000000e+00,0.000000000000000000e+00,0.000000000000000000e+00,0.000000000000000000e+00,2.252612995032429399e+00
0.000000000000000000e+00,-2.118643342378865625e-03,0.000000000000000000e+00,-5.354871200462096112e+02,0.000000000000000000e+00,1.514542080953733034e+02,0.000000000000000000e+00,0.000000000000000000e+00,1.068442367046696290e+03,-1.068442367046696290e+03,7.874397204606988225e+02,0.000000000000000000e+00,0.000000000000000000e+00,0.000000000000000000e+00,0.000000000000000000e+00,-8.874419417150683103e+02,0.000000000000000000e+00,1.340619479740587394e+03,0.000000000000000000e+00,-5.000000000000000000e-01,0.000000000000000000e+00,0.000000000000000000e+00,0.000000000000000000e+00,5.463249069778958074e+02,-7.203389841962437590e-02,0.000000000000000000e+00,0.000000000000000000e+00,-7.646507295618800271e+00,0.000000000000000000e+00,0.000000000000000000e+00,0.000000000000000000e+00,0.000000000000000000e+00,-4.005028435905194861e+00,0.000000000000000000e+00,0.000000000000000000e+00,-3.765098521543413512e-01,0.000000000000000000e+00,0.000000000000000000e+00,0.000000000000000000e+00,0.000000000000000000e+00,0.000000000000000000e+00,2.252612995032429399e+00
0.000000000000000000e+00,-2.118643342378865625e-03,0.000000000000000000e+00,-1.478819396826708576e+01,0.000000000000000000e+00,0.000000000000000000e+00,0.000000000000000000e+00,0.000000000000000000e+00,3.097931307281545287e+03,-3.097931307281545287e+03,0.000000000000000000e+00,0.000000000000000000e+00,0.000000000000000000e+00,0.000000000000000000e+00,-1.635645642490834007e+03,7.707796774095702119e+01,0.000000000000000000e+00,3.052115663792773830e+03,0.000000000000000000e+00,-5.000000000000000000e-01,0.000000000000000000e+00,0.000000000000000000e+00,0.000000000000000000e+00,0.000000000000000000e+00,-7.203389841962437590e-02,0.000000000000000000e+00,0.000000000000000000e+00,-7.646507295618800271e+00,0.000000000000000000e+00,0.000000000000000000e+00,0.000000000000000000e+00,0.000000000000000000e+00,-4.005028435905194861e+00,0.000000000000000000e+00,0.000000000000000000e+00,-3.765098521543413512e-01,0.000000000000000000e+00,0.000000000000000000e+00,0.000000000000000000e+00,0.000000000000000000e+00,0.000000000000000000e+00,2.252612995032429399e+00
0.000000000000000000e+00,-2.118643342378865625e-03,0.000000000000000000e+00,-5.278406127505908216e+02,0.000000000000000000e+00,1.591007153909920930e+02,0.000000000000000000e+00,0.000000000000000000e+00,1.053149352455458484e+03,-1.053149352455458484e+03,7.645001985738424537e+02,0.000000000000000000e+00,0.000000000000000000e+00,0.000000000000000000e+00,7.646507295618800271e+00,-8.721489271238307310e+02,0.000000000000000000e+00,1.310033450558112008e+03,0.000000000000000000e+00,-5.000000000000000000e-01,0.000000000000000000e+00,0.000000000000000000e+00,0.000000000000000000e+00,5.386783996822770177e+02,-7.203389841962437590e-02,0.000000000000000000e+00,0.000000000000000000e+00,-7.646507295618800271e+00,0.000000000000000000e+00,0.000000000000000000e+00,0.000000000000000000e+00,0.000000000000000000e+00,-4.005028435905194861e+00,0.000000000000000000e+00,0.000000000000000000e+00,-3.765098521543413512e-01,0.000000000000000000e+00,0.000000000000000000e+00,0.000000000000000000e+00,0.000000000000000000e+00,0.000000000000000000e+00,2.252612995032429399e+00
0.000000000000000000e+00,-2.118643342378865625e-03,0.000000000000000000e+00,-1.689441294501811228e+02,0.000000000000000000e+00,0.000000000000000000e+00,0.000000000000000000e+00,0.000000000000000000e+00,9.110012791076193025e+03,-9.110012791076193025e+03,0.000000000000000000e+00,0.000000000000000000e+00,0.000000000000000000e+00,0.000000000000000000e+00,-4.641686384388157421e+03,0.000000000000000000e+00,0.000000000000000000e+00,9.064197147587421568e+03,0.000000000000000000e+00,-5.000000000000000000e-01,0.000000000000000000e+00,0.000000000000000000e+00,0.000000000000000000e+00,2.312339032228710778e+02,-7.203389841962437590e-02,0.000000000000000000e+00,0.000000000000000000e+00,-7.646507295618800271e+00,0.000000000000000000e+00,0.000000000000000000e+00,0.000000000000000000e+00,0.000000000000000000e+00,-4.005028435905194861e+00,0.000000000000000000e+00,0.000000000000000000e+00,-3.765098521543413512e-01,0.000000000000000000e+00,0.000000000000000000e+00,0.000000000000000000e+00,0.000000000000000000e+00,0.000000000000000000e+00,2.252612995032429399e+00
0.000000000000000000e+00,-2.118643342378865625e-03,0.000000000000000000e+00,-2.756712089854963210e+02,0.000000000000000000e+00,1.282404452641592911e+02,0.000000000000000000e+00,0.000000000000000000e+00,5.488105449252694825e+02,-5.488105449252694825e+02,4.269947371605654212e+02,0.000000000000000000e+00,0.000000000000000000e+00,1.856313393410341561e+01,1.692807426267050630e+01,-4.605083596191494166e+02,0.000000000000000000e+00,6.338089134505975153e+02,0.000000000000000000e+00,-5.000000000000000000e-01,0.000000000000000000e+00,0.000000000000000000e+00,0.000000000000000000e+00,2.432341599526109519e+02,-7.203389841962437590e-02,0.000000000000000000e+00,0.000000000000000000e+00,-1.692807426267050630e+01,0.000000000000000000e+00,0.000000000000000000e+00,0.000000000000000000e+00,0.000000000000000000e+00,-4.005028435905194861e+00,0.000000000000000000e+00,0.000000000000000000e+00,-3.765098521543413512e-01,0.000000000000000000e+00,0.000000000000000000e+00,0.000000000000000000e+00,0.000000000000000000e+00,0.000000000000000000e+00,2.252612995032429399e+00
0.000000000000000000e+00,-2.118643342378865625e-03,0.000000000000000000e+00,-2.043579644580438810e+02,0.000000000000000000e+00,0.000000000000000000e+00,0.000000000000000000e+00,0.000000000000000000e+00,4.061840558703647162e+02,-4.061840558703647162e+02,4.497349612380266990e+02,0.000000000000000000e+00,0.000000000000000000e+00,0.000000000000000000e+00,-6.490453616623024402e+01,-3.550081384324514033e+02,0.000000000000000000e+00,5.852358930006063247e+02,0.000000000000000000e+00,-5.000000000000000000e-01,0.000000000000000000e+00,0.000000000000000000e+00,0.000000000000000000e+00,1.719209154251585119e+02,-7.203389841962437590e-02,0.000000000000000000e+00,0.000000000000000000e+00,-7.646507295618800271e+00,0.000000000000000000e+00,0.000000000000000000e+00,0.000000000000000000e+00,0.000000000000000000e+00,-4.005028435905194861e+00,0.000000000000000000e+00,0.000000000000000000e+00,-3.765098521543413512e-01,0.000000000000000000e+00,0.000000000000000000e+00,0.000000000000000000e+00,0.000000000000000000e+00,0.000000000000000000e+00,2.252612995032429399e+00
1.081040710900493167e+02,-2.118643342378865625e-03,0.000000000000000000e+00,-1.405411201229346716e+02,0.000000000000000000e+00,1.282404452641592911e+02,0.000000000000000000e+00,0.000000000000000000e+00,2.785503672001462405e+02,-2.785503672001462405e+02,3.729427016155407841e+02,0.000000000000000000e+00,0.000000000000000000e+00,1.856313393410341561e+01,1.692807426267050630e+01,-2.983522529840754487e+02,0.000000000000000000e+00,3.365227179529618979e+02,0.000000000000000000e+00,-5.000000000000000000e-01,0.000000000000000000e+00,0.000000000000000000e+00,0.000000000000000000e+00,0.000000000000000000e+00,-7.203389841962437590e-02,0.000000000000000000e+00,0.000000000000000000e+00,-1.692807426267050630e+01,0.000000000000000000e+00,0.000000000000000000e+00,0.000000000000000000e+00,0.000000000000000000e+00,-4.005028435905194861e+00,0.000000000000000000e+00,0.000000000000000000e+00,-3.765098521543413512e-01,0.000000000000000000e+00,0.000000000000000000e+00,0.000000000000000000e+00,0.000000000000000000e+00,0.000000000000000000e+00,2.252612995032429399e+00
7.640929574451489259e+01,-2.118643342378865625e-03,0.000000000000000000e+00,-1.088463447774002617e+02,0.000000000000000000e+00,0.000000000000000000e+00,0.000000000000000000e+00,0.000000000000000000e+00,2.151608165090774492e+02,-2.151608165090774492e+02,4.115303133657692456e+02,0.000000000000000000e+00,0.000000000000000000e+00,0.000000000000000000e+00,-6.490453616623024402e+01,-2.403941948156790431e+02,0.000000000000000000e+00,3.751103297031904162e+02,0.000000000000000000e+00,-5.000000000000000000e-01,0.000000000000000000e+00,0.000000000000000000e+00,0.000000000000000000e+00,0.000000000000000000e+00,-7.203389841962437590e-02,0.000000000000000000e+00,0.000000000000000000e+00,-7.646507295618800271e+00,0.000000000000000000e+00,0.000000000000000000e+00,0.000000000000000000e+00,0.000000000000000000e+00,-4.005028435905194861e+00,0.000000000000000000e+00,0.000000000000000000e+00,-3.765098521543413512e-01,0.000000000000000000e+00,0.000000000000000000e+00,0.000000000000000000e+00,0.000000000000000000e+00,0.000000000000000000e+00,2.252612995032429399e+00
0.000000000000000000e+00,-2.118643342378865625e-03,0.000000000000000000e+00,-3.243704903288536201e+01,0.000000000000000000e+00,5.398790952774562868e+01,0.000000000000000000e+00,0.000000000000000000e+00,1.005806272199350815e+03,-1.005806272199350815e+03,5.190522085996401813e+01,0.000000000000000000e+00,0.000000000000000000e+00,0.000000000000000000e+00,-4.826486502281362050e+02,-1.116630758213435293e+01,0.000000000000000000e+00,9.589492843766882970e+02,0.000000000000000000e+00,-5.000000000000000000e-01,0.000000000000000000e+00,0.000000000000000000e+00,0.000000000000000000e+00,0.000000000000000000e+00,-7.203389841962437590e-02,0.000000000000000000e+00,0.000000000000000000e+00,-7.646507295618800271e+00,0.000000000000000000e+00,0.000000000000000000e+00,0.000000000000000000e+00,0.000000000000000000e+00,-4.005028435905194861e+00,0.000000000000000000e+00,0.000000000000000000e+00,-3.765098521543413512e-01,0.000000000000000000e+00,0.000000000000000000e+00,0.000000000000000000e+00,0.000000000000000000e+00,0.000000000000000000e+00,2.252612995032429399e+00
0.000000000000000000e+00,-2.118643342378865625e-03,0.000000000000000000e+00,-1.503700549302982665e+02,0.000000000000000000e+00,5.398790952774562868e+01,0.000000000000000000e+00,0.000000000000000000e+00,2.982082368148734304e+02,-2.982082368148734304e+02,2.877712326547897987e+02,0.000000000000000000e+00,0.000000000000000000e+00,0.000000000000000000e+00,-1.091662663848461534e+01,-2.470323193769601460e+02,0.000000000000000000e+00,3.692842548896238668e+02,0.000000000000000000e+00,-5.000000000000000000e-01,0.000000000000000000e+00,0.000000000000000000e+00,0.000000000000000000e+00,1.179330058974128974e+02,-7.203389841962437590e-02,0.000000000000000000e+00,0.000000000000000000e+00,-7.646507295618800271e+00,0.000000000000000000e+00,0.000000000000000000e+00,0.000000000000000000e+00,0.000000000000000000e+00,-4.005028435905194861e+00,0.000000000000000000e+00,0.000000000000000000e+00,-3.765098521543413512e-01,0.000000000000000000e+00,0.000000000000000000e+00,0.000000000000000000e+00,0.000000000000000000e+00,0.000000000000000000e+00,2.252612995032429399e+00
5.241466928773906631e+01,-2.118643342378865625e-03,0.000000000000000000e+00,-8.485171832062442832e+01,0.000000000000000000e+00,5.398790952774562868e+01,0.000000000000000000e+00,0.000000000000000000e+00,1.671715635955257824e+02,-1.671715635955257824e+02,2.615638980109202976e+02,0.000000000000000000e+00,0.000000000000000000e+00,0.000000000000000000e+00,-1.091662663848461534e+01,-1.684103154453515572e+02,0.000000000000000000e+00,2.251439143483414398e+02,0.000000000000000000e+00,-5.000000000000000000e-01,0.000000000000000000e+00,0.000000000000000000e+00,0.000000000000000000e+00,0.000000000000000000e+00,-7.203389841962437590e-02,0.000000000000000000e+00,0.000000000000000000e+00,-7.646507295618800271e+00,0.000000000000000000e+00,0.000000000000000000e+00,0.000000000000000000e+00,0.000000000000000000e+00,-4.005028435905194861e+00,0.000000000000000000e+00,0.000000000000000000e+00,-3.765098521543413512e-01,0.000000000000000000e+00,0.000000000000000000e+00,0.000000000000000000e+00,0.000000000000000000e+00,0.000000000000000000e+00,2.252612995032429399e+00
0.000000000000000000e+00,-2.118643342378865625e-03,0.000000000000000000e+00,-3.615915156026347432e+01,0.000000000000000000e+00,6.887631963725809214e+01,0.000000000000000000e+00,0.000000000000000000e+00,1.137320561500044278e+03,-1.137320561500044278e+03,4.073891327782966698e+01,0.000000000000000000e+00,0.000000000000000000e+00,0.000000000000000000e+00,-5.502668461421719712e+02,0.000000000000000000e+00,0.000000000000000000e+00,1.068130958513113001e+03,0.000000000000000000e+00,-5.000000000000000000e-01,0.000000000000000000e+00,0.000000000000000000e+00,0.000000000000000000e+00,0.000000000000000000e+00,-7.203389841962437590e-02,0.000000000000000000e+00,0.000000000000000000e+00,-9.507558559307859980e+00,0.000000000000000000e+00,0.000000000000000000e+00,0.000000000000000000e+00,0.000000000000000000e+00,-4.005028435905194861e+00,3.722102527378118086e+00,0.000000000000000000e+00,-3.765098521543413512e-01,0.000000000000000000e+00,0.000000000000000000e+00,0.000000000000000000e+00,0.000000000000000000e+00,0.000000000000000000e+00,2.252612995032429399e+00
0.000000000000000000e+00,-2.118643342378865625e-03,0.000000000000000000e+00,-3.243704903288536201e+01,0.000000000000000000e+00,7.632052469201433098e+01,0.000000000000000000e+00,0.000000000000000000e+00,1.307296576916978438e+03,-1.307296576916978438e+03,1.840629811356095757e+01,0.000000000000000000e+00,0.000000000000000000e+00,5.583153791067176464e+00,-6.250190719003492177e+02,0.000000000000000000e+00,0.000000000000000000e+00,1.226940666347912838e+03,0.000000000000000000e+00,-5.000000000000000000e-01,0.000000000000000000e+00,0.000000000000000000e+00,0.000000000000000000e+00,0.000000000000000000e+00,-7.203389841962437590e-02,0.000000000000000000e+00,0.000000000000000000e+00,-1.043808419115238806e+01,0.000000000000000000e+00,0.000000000000000000e+00,0.000000000000000000e+00,0.000000000000000000e+00,-4.005028435905194861e+00,0.000000000000000000e+00,0.000000000000000000e+00,-3.765098521543413512e-01,0.000000000000000000e+00,0.000000000000000000e+00,0.000000000000000000e+00,0.000000000000000000e+00,0.000000000000000000e+00,2.252612995032429399e+00
0.000000000000000000e+00,-2.118643342378865625e-03,0.000000000000000000e+00,-2.158698147612059586e+02,0.000000000000000000e+00,1.631541759125917679e+02,0.000000000000000000e+00,0.000000000000000000e+00,4.292077564766888145e+02,-4.292077564766888145e+02,4.406040055935744135e+02,0.000000000000000000e+00,0.000000000000000000e+00,0.000000000000000000e+00,0.000000000000000000e+00,-3.561985857618062710e+02,0.000000000000000000e+00,4.566172679975007895e+02,0.000000000000000000e+00,-5.000000000000000000e-01,0.000000000000000000e+00,2.183325327696923068e+01,0.000000000000000000e+00,1.179330058974128974e+02,-7.203389841962437590e-02,0.000000000000000000e+00,0.000000000000000000e+00,-1.856313393410341561e+01,0.000000000000000000e+00,0.000000000000000000e+00,0.000000000000000000e+00,0.000000000000000000e+00,-4.005028435905194861e+00,0.000000000000000000e+00,0.000000000000000000e+00,-3.765098521543413512e-01,0.000000000000000000e+00,0.000000000000000000e+00,0.000000000000000000e+00,0.000000000000000000e+00,0.000000000000000000e+00,2.252612995032429399e+00
0.000000000000000000e+00,-2.118643342378865625e-03,0.000000000000000000e+00,-1.994948748034790356e+02,0.000000000000000000e+00,8.309891389703793152e+01,0.000000000000000000e+00,0.000000000000000000e+00,3.964578765612349684e+02,-3.964578765612349684e+02,3.423543658472128755e+02,0.000000000000000000e+00,0.000000000000000000e+00,7.277751092323076598e+00,0.000000000000000000e+00,-3.307264569386755397e+02,0.000000000000000000e+00,4.729922079552276841e+02,0.000000000000000000e+00,-5.000000000000000000e-01,0.000000000000000000e+00,0.000000000000000000e+00,0.000000000000000000e+00,1.670578257705936664e+02,-7.203389841962437590e-02,0.000000000000000000e+00,0.000000000000000000e+00,-1.128538284178033813e+01,0.000000000000000000e+00,0.000000000000000000e+00,0.000000000000000000e+00,0.000000000000000000e+00,-4.005028435905194861e+00,0.000000000000000000e+00,0.000000000000000000e+00,-3.765098521543413512e-01,0.000000000000000000e+00,0.000000000000000000e+00,0.000000000000000000e+00,0.000000000000000000e+00,0.000000000000000000e+00,2.252612995032429399e+00
5.241466928773906631e+01,-2.118643342378865625e-03,0.000000000000000000e+00,-1.503514781515321204e+02,0.000000000000000000e+00,1.631541759125917679e+02,0.000000000000000000e+00,0.000000000000000000e+00,2.981710832573411381e+02,-2.981710832573411381e+02,4.143966709497049123e+02,0.000000000000000000e+00,0.000000000000000000e+00,0.000000000000000000e+00,0.000000000000000000e+00,-2.775765818301977106e+02,0.000000000000000000e+00,3.124769274562183341e+02,0.000000000000000000e+00,-5.000000000000000000e-01,0.000000000000000000e+00,2.183325327696923068e+01,0.000000000000000000e+00,0.000000000000000000e+00,-7.203389841962437590e-02,0.000000000000000000e+00,0.000000000000000000e+00,-1.856313393410341561e+01,0.000000000000000000e+00,0.000000000000000000e+00,0.000000000000000000e+00,0.000000000000000000e+00,-4.005028435905194861e+00,0.000000000000000000e+00,0.000000000000000000e+00,-3.765098521543413512e-01,0.000000000000000000e+00,0.000000000000000000e+00,0.000000000000000000e+00,0.000000000000000000e+00,0.000000000000000000e+00,2.252612995032429399e+00
7.424792256470828988e+01,-2.118643342378865625e-03,0.000000000000000000e+00,-1.066849715975936590e+02,0.000000000000000000e+00,8.309891389703793152e+01,0.000000000000000000e+00,0.000000000000000000e+00,2.108380701494642437e+02,-2.108380701494642437e+02,3.052304045648587589e+02,0.000000000000000000e+00,0.000000000000000000e+00,7.277751092323076598e+00,0.000000000000000000e+00,-2.193545730916130765e+02,0.000000000000000000e+00,2.688104209022798727e+02,0.000000000000000000e+00,-5.000000000000000000e-01,0.000000000000000000e+00,0.000000000000000000e+00,0.000000000000000000e+00,0.000000000000000000e+00,-7.203389841962437590e-02,0.000000000000000000e+00,0.000000000000000000e+00,-1.128538284178033813e+01,0.000000000000000000e+00,0.000000000000000000e+00,0.000000000000000000e+00,0.000000000000000000e+00,-4.005028435905194861e+00,0.000000000000000000e+00,0.000000000000000000e+00,-3.765098521543413512e-01,0.000000000000000000e+00,0.000000000000000000e+00,0.000000000000000000e+00,0.000000000000000000e+00,0.000000000000000000e+00,2.252612995032429399e+00
0.000000000000000000e+00,-2.118643342378865625e-03,0.000000000000000000e+00,-1.362474907528134054e+02,0.000000000000000000e+00,4.173244555474937556e+02,0.000000000000000000e+00,0.000000000000000000e+00,4.327740407237048203e+03,-4.327740407237048203e+03,0.000000000000000000e+00,0.000000000000000000e+00,0.000000000000000000e+00,0.000000000000000000e+00,-2.039805276027056834e+03,-1.116630758213435293e+01,0.000000000000000000e+00,3.865641652534673540e+03,0.000000000000000000e+00,-5.000000000000000000e-01,0.000000000000000000e+00,0.000000000000000000e+00,5.190522085996401813e+01,0.000000000000000000e+00,-7.203389841962437590e-02,0.000000000000000000e+00,0.000000000000000000e+00,-5.955172815558282196e+01,0.000000000000000000e+00,0.000000000000000000e+00,0.000000000000000000e+00,0.000000000000000000e+00,-4.005028435905194861e+00,0.000000000000000000e+00,0.000000000000000000e+00,-3.765098521543413512e-01,0.000000000000000000e+00,0.000000000000000000e+00,0.000000000000000000e+00,0.000000000000000000e+00,0.000000000000000000e+00,2.252612995032429399e+00
0.000000000000000000e+00,-2.118643342378865625e-03,0.000000000000000000e+00,-2.928328950401702514e+03,0.000000000000000000e+00,4.880474411809107551e+03,0.000000000000000000e+00,0.000000000000000000e+00,6.797590074936984820e+03,-6.797590074936984820e+03,6.808986324053870703e+03,0.000000000000000000e+00,0.000000000000000000e+00,0.000000000000000000e+00,0.000000000000000000e+00,-4.837652809863496259e+03,0.000000000000000000e+00,4.820138486201777596e+03,0.000000000000000000e+00,-5.000000000000000000e-01,0.000000000000000000e+00,9.652973004562724100e+02,0.000000000000000000e+00,0.000000000000000000e+00,-7.203389841962437590e-02,0.000000000000000000e+00,0.000000000000000000e+00,-4.902951575237549946e+02,0.000000000000000000e+00,0.000000000000000000e+00,0.000000000000000000e+00,0.000000000000000000e+00,-4.005028435905194861e+00,0.000000000000000000e+00,0.000000000000000000e+00,-3.765098521543413512e-01,0.000000000000000000e+00,0.000000000000000000e+00,0.000000000000000000e+00,0.000000000000000000e+00,0.000000000000000000e+00,2.252612995032429399e+00
0.000000000000000000e+00,-2.118643342378865625e-03,0.000000000000000000e+00,-3.703862356127559963e+01,0.000000000000000000e+00,9.472682280557529566e+01,0.000000000000000000e+00,0.000000000000000000e+00,1.528172154279709957e+03,-1.528172154279709957e+03,0.000000000000000000e+00,0.000000000000000000e+00,0.000000000000000000e+00,1.018472831945741675e+01,-7.239529242607393371e+02,0.000000000000000000e+00,0.000000000000000000e+00,1.424808371068693077e+03,0.000000000000000000e+00,-5.000000000000000000e-01,0.000000000000000000e+00,0.000000000000000000e+00,0.000000000000000000e+00,4.601574528390239394e+00,-7.203389841962437590e-02,0.000000000000000000e+00,0.000000000000000000e+00,-1.273887145534750864e+01,0.000000000000000000e+00,0.000000000000000000e+00,0.000000000000000000e+00,0.000000000000000000e+00,-4.005028435905194861e+00,0.000000000000000000e+00,0.000000000000000000e+00,-3.765098521543413512e-01,0.000000000000000000e+00,0.000000000000000000e+00,0.000000000000000000e+00,0.000000000000000000e+00,0.000000000000000000e+00,2.252612995032429399e+00
0.000000000000000000e+00,-2.118643342378865625e-03,0.000000000000000000e+00,-4.973878931954003235e+01,0.000000000000000000e+00,1.231948706743643243e+02,0.000000000000000000e+00,0.000000000000000000e+00,1.617134428994482732e+03,-1.617134428994482732e+03,0.000000000000000000e+00,0.000000000000000000e+00,0.000000000000000000e+00,0.000000000000000000e+00,-7.969635987690294314e+02,4.073891327782966698e+01,0.000000000000000000e+00,1.466466999451891979e+03,0.000000000000000000e+00,-5.000000000000000000e-01,0.000000000000000000e+00,0.000000000000000000e+00,0.000000000000000000e+00,0.000000000000000000e+00,-7.203389841962437590e-02,0.000000000000000000e+00,0.000000000000000000e+00,-1.629737743894613544e+01,0.000000000000000000e+00,0.000000000000000000e+00,0.000000000000000000e+00,0.000000000000000000e+00,-4.005028435905194861e+00,1.730174028665467389e+01,0.000000000000000000e+00,-3.765098521543413512e-01,0.000000000000000000e+00,0.000000000000000000e+00,0.000000000000000000e+00,0.000000000000000000e+00,0.000000000000000000e+00,2.252612995032429399e+00
0.000000000000000000e+00,-2.118643342378865625e-03,0.000000000000000000e+00,-3.243704903288536201e+01,0.000000000000000000e+00,8.859139010105496936e+01,0.000000000000000000e+00,0.000000000000000000e+00,1.472953259939027021e+03,-1.472953259939027021e+03,0.000000000000000000e+00,0.000000000000000000e+00,0.000000000000000000e+00,8.650870143327336947e+00,-7.032458388829833211e+02,6.135432704520320080e+00,0.000000000000000000e+00,1.374191051256400442e+03,0.000000000000000000e+00,-5.000000000000000000e-01,0.000000000000000000e+00,0.000000000000000000e+00,0.000000000000000000e+00,0.000000000000000000e+00,-7.203389841962437590e-02,0.000000000000000000e+00,0.000000000000000000e+00,-1.197194236728246963e+01,0.000000000000000000e+00,0.000000000000000000e+00,0.000000000000000000e+00,0.000000000000000000e+00,-4.005028435905194861e+00,0.000000000000000000e+00,0.000000000000000000e+00,-3.765098521543413512e-01,0.000000000000000000e+00,0.000000000000000000e+00,0.000000000000000000e+00,0.000000000000000000e+00,0.000000000000000000e+00,2.252612995032429399e+00
0.000000000000000000e+00,-2.118643342378865625e-03,0.000000000000000000e+00,-1.176369781159228154e+02,0.000000000000000000e+00,3.540487125820657752e+02,0.000000000000000000e+00,0.000000000000000000e+00,3.744611011281142964e+03,-3.744611011281142964e+03,0.000000000000000000e+00,0.000000000000000000e+00,0.000000000000000000e+00,0.000000000000000000e+00,-1.772434244477062066e+03,0.000000000000000000e+00,0.000000000000000000e+00,3.349510102071574693e+03,0.000000000000000000e+00,-5.000000000000000000e-01,0.000000000000000000e+00,0.000000000000000000e+00,4.073891327782966698e+01,0.000000000000000000e+00,-7.203389841962437590e-02,0.000000000000000000e+00,0.000000000000000000e+00,-5.024647183713752696e+01,0.000000000000000000e+00,0.000000000000000000e+00,0.000000000000000000e+00,0.000000000000000000e+00,-4.005028435905194861e+00,3.722102527378118086e+00,0.000000000000000000e+00,-3.765098521543413512e-01,0.000000000000000000e+00,0.000000000000000000e+00,0.000000000000000000e+00,0.000000000000000000e+00,0.000000000000000000e+00,2.252612995032429399e+00
3.681259622712191870e+00,-2.118643342378865625e-03,0.000000000000000000e+00,-3.611830865559755210e+01,0.000000000000000000e+00,9.840808242828748575e+01,0.000000000000000000e+00,0.000000000000000000e+00,1.546578452393270936e+03,-1.546578452393270936e+03,0.000000000000000000e+00,0.000000000000000000e+00,0.000000000000000000e+00,1.110504322513546427e+01,-7.326959158646808419e+02,0.000000000000000000e+00,0.000000000000000000e+00,1.440453724465219921e+03,0.000000000000000000e+00,-5.000000000000000000e-01,0.000000000000000000e+00,0.000000000000000000e+00,0.000000000000000000e+00,0.000000000000000000e+00,-7.203389841962437590e-02,0.000000000000000000e+00,0.000000000000000000e+00,-1.319902890818653241e+01,0.000000000000000000e+00,0.000000000000000000e+00,0.000000000000000000e+00,0.000000000000000000e+00,-4.005028435905194861e+00,0.000000000000000000e+00,0.000000000000000000e+00,-3.765098521543413512e-01,0.000000000000000000e+00,0.000000000000000000e+00,0.000000000000000000e+00,0.000000000000000000e+00,0.000000000000000000e+00,2.252612995032429399e+00
0.000000000000000000e+00,-2.118643342378865625e-03,0.000000000000000000e+00,-4.470791444192600039e+01,0.000000000000000000e+00,1.254039863281768987e+02,0.000000000000000000e+00,0.000000000000000000e+00,1.724506000824360171e+03,-1.724506000824360171e+03,0.000000000000000000e+00,0.000000000000000000e+00,0.000000000000000000e+00,1.171858649558749654e+01,-8.152174857404791055e+02,0.000000000000000000e+00,0.000000000000000000e+00,1.588931195914611635e+03,0.000000000000000000e+00,-5.000000000000000000e-01,0.000000000000000000e+00,0.000000000000000000e+00,0.000000000000000000e+00,0.000000000000000000e+00,-7.203389841962437590e-02,0.000000000000000000e+00,0.000000000000000000e+00,-1.657351689567270725e+01,0.000000000000000000e+00,0.000000000000000000e+00,0.000000000000000000e+00,0.000000000000000000e+00,-4.005028435905194861e+00,0.000000000000000000e+00,0.000000000000000000e+00,-3.765098521543413512e-01,0.000000000000000000e+00,0.000000000000000000e+00,0.000000000000000000e+00,6.135432704520320080e+00,0.000000000000000000e+00,2.252612995032429399e+00
0.000000000000000000e+00,-2.118643342378865625e-03,0.000000000000000000e+00,-6.924964526000728426e+01,0.000000000000000000e+00,2.051646114869410553e+02,0.000000000000000000e+00,0.000000000000000000e+00,2.485299656184879950e+03,-2.485299656184879950e+03,0.000000000000000000e+00,0.000000000000000000e+00,0.000000000000000000e+00,5.583153791067176464e+00,-1.177208015307177902e+03,0.000000000000000000e+00,0.000000000000000000e+00,2.257693360707326519e+03,0.000000000000000000e+00,-5.000000000000000000e-01,0.000000000000000000e+00,0.000000000000000000e+00,1.840629811356095757e+01,0.000000000000000000e+00,-7.203389841962437590e-02,0.000000000000000000e+00,0.000000000000000000e+00,-2.884438230471334919e+01,0.000000000000000000e+00,0.000000000000000000e+00,0.000000000000000000e+00,0.000000000000000000e+00,-4.005028435905194861e+00,0.000000000000000000e+00,0.000000000000000000e+00,-3.765098521543413512e-01,0.000000000000000000e+00,0.000000000000000000e+00,0.000000000000000000e+00,0.000000000000000000e+00,0.000000000000000000e+00,2.252612995032429399e+00
0.000000000000000000e+00,-2.118643342378865625e-03,0.000000000000000000e+00,-3.933941082547072199e+01,0.000000000000000000e+00,1.108323336549411380e+02,0.000000000000000000e+00,0.000000000000000000e+00,1.631707581168490378e+03,-1.631707581168490378e+03,0.000000000000000000e+00,0.000000000000000000e+00,0.000000000000000000e+00,1.133512195155497615e+01,-7.705438663606905720e+02,0.000000000000000000e+00,0.000000000000000000e+00,1.512238287108107670e+03,0.000000000000000000e+00,-5.000000000000000000e-01,0.000000000000000000e+00,2.300787264195119697e+00,0.000000000000000000e+00,0.000000000000000000e+00,-7.203389841962437590e-02,0.000000000000000000e+00,0.000000000000000000e+00,-1.446446190349384864e+01,0.000000000000000000e+00,0.000000000000000000e+00,0.000000000000000000e+00,0.000000000000000000e+00,-4.005028435905194861e+00,0.000000000000000000e+00,0.000000000000000000e+00,-3.765098521543413512e-01,0.000000000000000000e+00,0.000000000000000000e+00,0.000000000000000000e+00,0.000000000000000000e+00,0.000000000000000000e+00,2.252612995032429399e+00
0.000000000000000000e+00,-2.118643342378865625e-03,0.000000000000000000e+00,-8.973955691356181319e+01,0.000000000000000000e+00,1.649947339419569232e+02,0.000000000000000000e+00,0.000000000000000000e+00,2.160583354507144577e+03,-2.160583354507144577e+03,0.000000000000000000e+00,0.000000000000000000e+00,0.000000000000000000e+00,2.775170610355282008e+01,-9.611071243460273763e+02,-7.026791113638161335e+01,0.000000000000000000e+00,2.004518637943841441e+03,0.000000000000000000e+00,-5.000000000000000000e-01,0.000000000000000000e+00,0.000000000000000000e+00,0.000000000000000000e+00,5.730250788067645829e+01,-7.203389841962437590e-02,0.000000000000000000e+00,0.000000000000000000e+00,-2.152236034739521031e+01,0.000000000000000000e+00,0.000000000000000000e+00,0.000000000000000000e+00,0.000000000000000000e+00,-4.005028435905194861e+00,0.000000000000000000e+00,0.000000000000000000e+00,-3.765098521543413512e-01,0.000000000000000000e+00,0.000000000000000000e+00,0.000000000000000000e+00,0.000000000000000000e+00,0.000000000000000000e+00,2.252612995032429399e+00
0.000000000000000000e+00,-2.118643342378865625e-03,0.000000000000000000e+00,-3.300163380000686288e+02,0.000000000000000000e+00,1.649947339419569232e+02,0.000000000000000000e+00,0.000000000000000000e+00,7.189226679881033988e+02,-7.189226679881033988e+02,4.805535621730136882e+02,0.000000000000000000e+00,0.000000000000000000e+00,2.775170610355282008e+01,0.000000000000000000e+00,-5.508214733093952873e+02,0.000000000000000000e+00,8.031347325113073339e+02,0.000000000000000000e+00,-5.000000000000000000e-01,0.000000000000000000e+00,0.000000000000000000e+00,0.000000000000000000e+00,2.975792889671832882e+02,-7.203389841962437590e-02,0.000000000000000000e+00,0.000000000000000000e+00,-2.152236034739521031e+01,0.000000000000000000e+00,0.000000000000000000e+00,0.000000000000000000e+00,0.000000000000000000e+00,-4.005028435905194861e+00,0.000000000000000000e+00,0.000000000000000000e+00,-3.765098521543413512e-01,0.000000000000000000e+00,0.000000000000000000e+00,0.000000000000000000e+00,0.000000000000000000e+00,0.000000000000000000e+00,2.252612995032429399e+00
0.000000000000000000e+00,-2.118643342378865625e-03,0.000000000000000000e+00,-3.353969280869174554e+02,0.000000000000000000e+00,1.649947339419569232e+02,0.000000000000000000e+00,0.000000000000000000e+00,6.866391274670106668e+02,-6.866391274670106668e+02,4.913147423467112844e+02,0.000000000000000000e+00,0.000000000000000000e+00,2.775170610355282008e+01,2.152236034739521031e+01,-5.615826534830928267e+02,0.000000000000000000e+00,7.762317820770633716e+02,0.000000000000000000e+00,-5.000000000000000000e-01,0.000000000000000000e+00,0.000000000000000000e+00,0.000000000000000000e+00,3.029598790540320579e+02,-7.203389841962437590e-02,0.000000000000000000e+00,0.000000000000000000e+00,-2.152236034739521031e+01,0.000000000000000000e+00,0.000000000000000000e+00,0.000000000000000000e+00,0.000000000000000000e+00,-4.005028435905194861e+00,0.000000000000000000e+00,0.000000000000000000e+00,-3.765098521543413512e-01,0.000000000000000000e+00,0.000000000000000000e+00,0.000000000000000000e+00,0.000000000000000000e+00,0.000000000000000000e+00,2.252612995032429399e+00
0.000000000000000000e+00,-2.118643342378865625e-03,0.000000000000000000e+00,-3.874655037137974318e+02,0.000000000000000000e+00,2.017490226197545269e+02,0.000000000000000000e+00,0.000000000000000000e+00,7.540219900429729023e+02,-7.540219900429729023e+02,5.495090327532241190e+02,0.000000000000000000e+00,0.000000000000000000e+00,2.775170610355282008e+01,2.611664643211991432e+01,-6.197769438896058318e+02,0.000000000000000000e+00,8.313632150937597771e+02,0.000000000000000000e+00,-5.000000000000000000e-01,0.000000000000000000e+00,0.000000000000000000e+00,0.000000000000000000e+00,3.458398825114626334e+02,-7.203389841962437590e-02,0.000000000000000000e+00,0.000000000000000000e+00,-2.611664643211991432e+01,0.000000000000000000e+00,0.000000000000000000e+00,0.000000000000000000e+00,0.000000000000000000e+00,-4.005028435905194861e+00,9.188572169449406246e+00,0.000000000000000000e+00,-3.765098521543413512e-01,0.000000000000000000e+00,0.000000000000000000e+00,0.000000000000000000e+00,0.000000000000000000e+00,0.000000000000000000e+00,2.252612995032429399e+00
0.000000000000000000e+00,-2.118643342378865625e-03,0.000000000000000000e+00,-6.703958400617631241e+02,0.000000000000000000e+00,4.106821940767138699e+02,0.000000000000000000e+00,0.000000000000000000e+00,1.215416077010424715e+03,-1.215416077010424715e+03,8.542032411279565167e+02,0.000000000000000000e+00,0.000000000000000000e+00,2.775170610355282008e+01,0.000000000000000000e+00,-9.244711522643381159e+02,0.000000000000000000e+00,1.210054588359498439e+03,0.000000000000000000e+00,-5.000000000000000000e-01,0.000000000000000000e+00,0.000000000000000000e+00,0.000000000000000000e+00,5.765369259951885397e+02,-7.203389841962437590e-02,0.000000000000000000e+00,0.000000000000000000e+00,-5.223329286423982865e+01,0.000000000000000000e+00,0.000000000000000000e+00,0.000000000000000000e+00,0.000000000000000000e+00,-4.005028435905194861e+00,6.142186503368923667e+01,0.000000000000000000e+00,-3.765098521543413512e-01,0.000000000000000000e+00,0.000000000000000000e+00,0.000000000000000000e+00,0.000000000000000000e+00,0.000000000000000000e+00,2.252612995032429399e+00
0.000000000000000000e+00,-2.118643342378865625e-03,0.000000000000000000e+00,-3.020378751645849036e+01,0.000000000000000000e+00,0.000000000000000000e+00,0.000000000000000000e+00,0.000000000000000000e+00,1.620836992768319305e+03,-1.620836992768319305e+03,9.249356128914843111e+01,0.000000000000000000e+00,0.000000000000000000e+00,0.000000000000000000e+00,-8.508517045896467152e+02,0.000000000000000000e+00,0.000000000000000000e+00,1.621268129924121695e+03,0.000000000000000000e+00,-5.000000000000000000e-01,0.000000000000000000e+00,0.000000000000000000e+00,0.000000000000000000e+00,0.000000000000000000e+00,-7.203389841962437590e-02,0.000000000000000000e+00,0.000000000000000000e+00,-7.646507295618800271e+00,0.000000000000000000e+00,0.000000000000000000e+00,0.000000000000000000e+00,0.000000000000000000e+00,-4.005028435905194861e+00,0.000000000000000000e+00,0.000000000000000000e+00,-3.765098521543413512e-01,0.000000000000000000e+00,0.000000000000000000e+00,0.000000000000000000e+00,0.000000000000000000e+00,0.000000000000000000e+00,2.252612995032429399e+00
0.000000000000000000e+00,-2.118643342378865625e-03,0.000000000000000000e+00,-3.050407317143869790e+01,0.000000000000000000e+00,0.000000000000000000e+00,0.000000000000000000e+00,0.000000000000000000e+00,1.634249752024101781e+03,-1.634249752024101781e+03,9.229337085249495942e+01,0.000000000000000000e+00,0.000000000000000000e+00,0.000000000000000000e+00,-8.576581794358646675e+02,0.000000000000000000e+00,0.000000000000000000e+00,1.634580793961577683e+03,0.000000000000000000e+00,-5.000000000000000000e-01,0.000000000000000000e+00,0.000000000000000000e+00,0.000000000000000000e+00,5.004760916336775667e-01,-7.203389841962437590e-02,0.000000000000000000e+00,0.000000000000000000e+00,-7.646507295618800271e+00,0.000000000000000000e+00,0.000000000000000000e+00,0.000000000000000000e+00,0.000000000000000000e+00,-4.005028435905194861e+00,0.000000000000000000e+00,0.000000000000000000e+00,-3.765098521543413512e-01,0.000000000000000000e+00,0.000000000000000000e+00,0.000000000000000000e+00,0.000000000000000000e+00,0.000000000000000000e+00,2.252612995032429399e+00
0.000000000000000000e+00,-2.118643342378865625e-03,0.000000000000000000e+00,-3.000359707980501867e+01,0.000000000000000000e+00,0.000000000000000000e+00,0.000000000000000000e+00,0.000000000000000000e+00,1.637252608573903899e+03,-1.637252608573903899e+03,9.129241866922760096e+01,0.000000000000000000e+00,0.000000000000000000e+00,0.000000000000000000e+00,-8.596600838023994129e+02,1.000952183267355133e+00,0.000000000000000000e+00,1.637083174419746001e+03,0.000000000000000000e+00,-5.000000000000000000e-01,0.000000000000000000e+00,0.000000000000000000e+00,0.000000000000000000e+00,0.000000000000000000e+00,-7.203389841962437590e-02,0.000000000000000000e+00,0.000000000000000000e+00,-7.646507295618800271e+00,0.000000000000000000e+00,0.000000000000000000e+00,0.000000000000000000e+00,0.000000000000000000e+00,-4.005028435905194861e+00,0.000000000000000000e+00,0.000000000000000000e+00,-3.765098521543413512e-01,0.000000000000000000e+00,0.000000000000000000e+00,0.000000000000000000e+00,0.000000000000000000e+00,0.000000000000000000e+00,2.252612995032429399e+00
0.000000000000000000e+00,-2.118643342378865625e-03,0.000000000000000000e+00,-3.100454926307237358e+01,0.000000000000000000e+00,0.000000000000000000e+00,0.000000000000000000e+00,0.000000000000000000e+00,1.660274508789053016e+03,-1.660274508789053016e+03,9.479575131066334848e+01,0.000000000000000000e+00,0.000000000000000000e+00,0.000000000000000000e+00,-8.724222241390581303e+02,0.000000000000000000e+00,0.000000000000000000e+00,1.660605550726528918e+03,0.000000000000000000e+00,-5.000000000000000000e-01,0.000000000000000000e+00,0.000000000000000000e+00,0.000000000000000000e+00,0.000000000000000000e+00,-7.203389841962437590e-02,0.000000000000000000e+00,0.000000000000000000e+00,-7.896745341435638998e+00,0.000000000000000000e+00,0.000000000000000000e+00,0.000000000000000000e+00,0.000000000000000000e+00,-4.005028435905194861e+00,0.000000000000000000e+00,0.000000000000000000e+00,-3.765098521543413512e-01,0.000000000000000000e+00,0.000000000000000000e+00,0.000000000000000000e+00,5.004760916336775667e-01,0.000000000000000000e+00,2.252612995032429399e+00
0.000000000000000000e+00,-2.118643342378865625e-03,0.000000000000000000e+00,-3.060416838976543019e+01,0.000000000000000000e+00,0.000000000000000000e+00,0.000000000000000000e+00,0.000000000000000000e+00,1.646461368659963455e+03,-1.646461368659963455e+03,9.369470390906924706e+01,0.000000000000000000e+00,0.000000000000000000e+00,0.000000000000000000e+00,-8.645647495004094480e+02,0.000000000000000000e+00,0.000000000000000000e+00,1.646892505815766071e+03,0.000000000000000000e+00,-5.000000000000000000e-01,0.000000000000000000e+00,2.001904366534710267e-01,0.000000000000000000e+00,0.000000000000000000e+00,-7.203389841962437590e-02,0.000000000000000000e+00,0.000000000000000000e+00,-7.746602513945536117e+00,0.000000000000000000e+00,0.000000000000000000e+00,0.000000000000000000e+00,0.000000000000000000e+00,-4.005028435905194861e+00,0.000000000000000000e+00,0.000000000000000000e+00,-3.765098521543413512e-01,0.000000000000000000e+00,0.000000000000000000e+00,0.000000000000000000e+00,0.000000000000000000e+00,0.000000000000000000e+00,2.252612995032429399e+00
3.336507277557850260e-01,-2.118643342378865625e-03,0.000000000000000000e+00,-3.033724780756080364e+01,0.000000000000000000e+00,0.000000000000000000e+00,0.000000000000000000e+00,0.000000000000000000e+00,1.631914196929811396e+03,-1.631914196929811396e+03,9.262702158025074084e+01,0.000000000000000000e+00,0.000000000000000000e+00,0.000000000000000000e+00,-8.566572272525972949e+02,0.000000000000000000e+00,0.000000000000000000e+00,1.632412064231165004e+03,0.000000000000000000e+00,-5.000000000000000000e-01,0.000000000000000000e+00,0.000000000000000000e+00,0.000000000000000000e+00,0.000000000000000000e+00,-7.203389841962437590e-02,0.000000000000000000e+00,0.000000000000000000e+00,-7.646507295618800271e+00,0.000000000000000000e+00,0.000000000000000000e+00,0.000000000000000000e+00,0.000000000000000000e+00,-4.005028435905194861e+00,0.000000000000000000e+00,0.000000000000000000e+00,-3.765098521543413512e-01,0.000000000000000000e+00,0.000000000000000000e+00,0.000000000000000000e+00,0.000000000000000000e+00,0.000000000000000000e+00,2.252612995032429399e+00
0.000000000000000000e+00,-2.118643342378865625e-03,0.000000000000000000e+00,-3.020378751645849036e+01,0.000000000000000000e+00,6.515421710987997983e+01,0.000000000000000000e+00,0.000000000000000000e+00,1.099603255889279353e+03,-1.099603255889279353e+03,2.733934417926844418e+01,0.000000000000000000e+00,0.000000000000000000e+00,0.000000000000000000e+00,-5.250806190402466882e+02,0.000000000000000000e+00,0.000000000000000000e+00,1.034880175935201805e+03,0.000000000000000000e+00,-5.000000000000000000e-01,0.000000000000000000e+00,0.000000000000000000e+00,0.000000000000000000e+00,0.000000000000000000e+00,-7.203389841962437590e-02,0.000000000000000000e+00,0.000000000000000000e+00,-7.646507295618800271e+00,0.000000000000000000e+00,0.000000000000000000e+00,0.000000000000000000e+00,0.000000000000000000e+00,-4.005028435905194861e+00,0.000000000000000000e+00,0.000000000000000000e+00,-3.765098521543413512e-01,0.000000000000000000e+00,0.000000000000000000e+00,0.000000000000000000e+00,0.000000000000000000e+00,0.000000000000000000e+00,2.252612995032429399e+00
0.000000000000000000e+00,-2.118643342378865625e-03,0.000000000000000000e+00,-8.488247587499537872e+01,0.000000000000000000e+00,2.565296263647590536e+02,0.000000000000000000e+00,0.000000000000000000e+00,2.849321283362459781e+03,-2.849321283362459781e+03,0.000000000000000000e+00,0.000000000000000000e+00,0.000000000000000000e+00,0.000000000000000000e+00,-1.345260944418299914e+03,0.000000000000000000e+00,0.000000000000000000e+00,2.565883449974234736e+03,0.000000000000000000e+00,-5.000000000000000000e-01,0.000000000000000000e+00,0.000000000000000000e+00,2.733934417926844418e+01,0.000000000000000000e+00,-7.203389841962437590e-02,0.000000000000000000e+00,0.000000000000000000e+00,-3.498585147488724090e+01,0.000000000000000000e+00,0.000000000000000000e+00,0.000000000000000000e+00,0.000000000000000000e+00,-4.005028435905194861e+00,0.000000000000000000e+00,0.000000000000000000e+00,-3.765098521543413512e-01,0.000000000000000000e+00,0.000000000000000000e+00,0.000000000000000000e+00,0.000000000000000000e+00,0.000000000000000000e+00,2.252612995032429399e+00
0.000000000000000000e+00,-2.118643342378865625e-03,0.000000000000000000e+00,-2.274757580123071250e+02,0.000000000000000000e+00,0.000000000000000000e+00,0.000000000000000000e+00,0.000000000000000000e+00,4.524196429788912042e+02,-4.524196429788912042e+02,4.862367405342318420e+02,0.000000000000000000e+00,0.000000000000000000e+00,0.000000000000000000e+00,-6.977144007239093071e+01,-3.939433696817368968e+02,0.000000000000000000e+00,6.497223697572354695e+02,0.000000000000000000e+00,-5.000000000000000000e-01,0.000000000000000000e+00,0.000000000000000000e+00,0.000000000000000000e+00,1.974721609325021063e+02,-7.203389841962437590e-02,0.000000000000000000e+00,0.000000000000000000e+00,-7.646507295618800271e+00,0.000000000000000000e+00,0.000000000000000000e+00,0.000000000000000000e+00,0.000000000000000000e+00,-4.005028435905194861e+00,0.000000000000000000e+00,0.000000000000000000e+00,-3.765098521543413512e-01,0.000000000000000000e+00,0.000000000000000000e+00,0.000000000000000000e+00,0.000000000000000000e+00,0.000000000000000000e+00,2.252612995032429399e+00
0.000000000000000000e+00,-2.118643342378865625e-03,0.000000000000000000e+00,-3.243704903288536201e+01,0.000000000000000000e+00,0.000000000000000000e+00,0.000000000000000000e+00,0.000000000000000000e+00,1.437709548421315731e+03,-1.437709548421315731e+03,1.058931303877096468e+02,0.000000000000000000e+00,0.000000000000000000e+00,0.000000000000000000e+00,-7.525881978668643342e+02,-1.116630758213435293e+01,0.000000000000000000e+00,1.444840470126398941e+03,0.000000000000000000e+00,-5.000000000000000000e-01,0.000000000000000000e+00,0.000000000000000000e+00,0.000000000000000000e+00,0.000000000000000000e+00,-7.203389841962437590e-02,0.000000000000000000e+00,0.000000000000000000e+00,-7.646507295618800271e+00,0.000000000000000000e+00,0.000000000000000000e+00,0.000000000000000000e+00,0.000000000000000000e+00,-4.005028435905194861e+00,0.000000000000000000e+00,0.000000000000000000e+00,-3.765098521543413512e-01,0.000000000000000000e+00,0.000000000000000000e+00,0.000000000000000000e+00,0.000000000000000000e+00,0.000000000000000000e+00,2.252612995032429399e+00
8.776540485888982346e+01,-2.118643342378865625e-03,0.000000000000000000e+00,-1.177690019386948421e+02,0.000000000000000000e+00,0.000000000000000000e+00,0.000000000000000000e+00,0.000000000000000000e+00,2.330061308316666384e+02,-2.330061308316666384e+02,4.423540381047869232e+02,0.000000000000000000e+00,0.000000000000000000e+00,0.000000000000000000e+00,-6.977144007239093071e+01,-2.622952623934021403e+02,0.000000000000000000e+00,4.083675063952883875e+02,0.000000000000000000e+00,-5.000000000000000000e-01,0.000000000000000000e+00,0.000000000000000000e+00,0.000000000000000000e+00,0.000000000000000000e+00,-7.203389841962437590e-02,0.000000000000000000e+00,0.000000000000000000e+00,-7.646507295618800271e+00,0.000000000000000000e+00,0.000000000000000000e+00,0.000000000000000000e+00,0.000000000000000000e+00,-4.005028435905194861e+00,0.000000000000000000e+00,0.000000000000000000e+00,-3.765098521543413512e-01,0.000000000000000000e+00,0.000000000000000000e+00,0.000000000000000000e+00,0.000000000000000000e+00,0.000000000000000000e+00,2.252612995032429399e+00
0.000000000000000000e+00,-2.118643342378865625e-03,0.000000000000000000e+00,-3.243704903288536201e+01,0.000000000000000000e+00,0.000000000000000000e+00,0.000000000000000000e+00,0.000000000000000000e+00,1.917860774453092972e+03,-1.917860774453092972e+03,9.472682280557529566e+01,0.000000000000000000e+00,0.000000000000000000e+00,5.583153791067176464e+00,-1.006621695360420858e+03,0.000000000000000000e+00,0.000000000000000000e+00,1.913825388576041860e+03,0.000000000000000000e+00,-5.000000000000000000e-01,0.000000000000000000e+00,0.000000000000000000e+00,0.000000000000000000e+00,0.000000000000000000e+00,-7.203389841962437590e-02,0.000000000000000000e+00,0.000000000000000000e+00,-1.043808419115238806e+01,0.000000000000000000e+00,0.000000000000000000e+00,0.000000000000000000e+00,0.000000000000000000e+00,-4.005028435905194861e+00,0.000000000000000000e+00,0.000000000000000000e+00,-3.765098521543413512e-01,0.000000000000000000e+00,0.000000000000000000e+00,0.000000000000000000e+00,0.000000000000000000e+00,0.000000000000000000e+00,2.252612995032429399e+00
0.000000000000000000e+00,-2.118643342378865625e-03,0.000000000000000000e+00,-3.243704903288536201e+01,0.000000000000000000e+00,0.000000000000000000e+00,0.000000000000000000e+00,0.000000000000000000e+00,5.991114155092830515e+03,-5.991114155092830515e+03,0.000000000000000000e+00,0.000000000000000000e+00,0.000000000000000000e+00,5.294656519385482341e+01,-3.161656914187258735e+03,9.472682280557529566e+01,0.000000000000000000e+00,5.892351946410204619e+03,0.000000000000000000e+00,-5.000000000000000000e-01,0.000000000000000000e+00,0.000000000000000000e+00,0.000000000000000000e+00,0.000000000000000000e+00,-7.203389841962437590e-02,0.000000000000000000e+00,0.000000000000000000e+00,-3.411978989254620842e+01,0.000000000000000000e+00,0.000000000000000000e+00,0.000000000000000000e+00,0.000000000000000000e+00,-4.005028435905194861e+00,0.000000000000000000e+00,0.000000000000000000e+00,-3.765098521543413512e-01,0.000000000000000000e+00,0.000000000000000000e+00,0.000000000000000000e+00,0.000000000000000000e+00,0.000000000000000000e+00,2.252612995032429399e+00
0.000000000000000000e+00,-2.118643342378865625e-03,0.000000000000000000e+00,-3.000359707980501867e+01,0.000000000000000000e+00,0.000000000000000000e+00,0.000000000000000000e+00,0.000000000000000000e+00,5.562826611350690655e+03,-5.562826611350690655e+03,0.000000000000000000e+00,0.000000000000000000e+00,0.000000000000000000e+00,4.564620933461380048e+01,-2.936562608527327029e+03,9.229337085249495942e+01,0.000000000000000000e+00,5.471364758527304730e+03,0.000000000000000000e+00,-5.000000000000000000e-01,0.000000000000000000e+00,0.000000000000000000e+00,0.000000000000000000e+00,0.000000000000000000e+00,-7.203389841962437590e-02,0.000000000000000000e+00,0.000000000000000000e+00,-3.046961196292570051e+01,0.000000000000000000e+00,0.000000000000000000e+00,0.000000000000000000e+00,0.000000000000000000e+00,-4.005028435905194861e+00,0.000000000000000000e+00,0.000000000000000000e+00,-3.765098521543413512e-01,0.000000000000000000e+00,0.000000000000000000e+00,0.000000000000000000e+00,0.000000000000000000e+00,0.000000000000000000e+00,2.252612995032429399e+00
0.000000000000000000e+00,-2.118643342378865625e-03,0.000000000000000000e+00,-3.615915156026347432e+01,0.000000000000000000e+00,0.000000000000000000e+00,0.000000000000000000e+00,0.000000000000000000e+00,1.688331118598109242e+03,-1.688331118598109242e+03,1.096152329150877733e+02,0.000000000000000000e+00,0.000000000000000000e+00,0.000000000000000000e+00,-8.946484443284624604e+02,0.000000000000000000e+00,0.000000000000000000e+00,1.688017835248436086e+03,0.000000000000000000e+00,-5.000000000000000000e-01,0.000000000000000000e+00,0.000000000000000000e+00,0.000000000000000000e+00,0.000000000000000000e+00,-7.203389841962437590e-02,0.000000000000000000e+00,0.000000000000000000e+00,-9.507558559307859980e+00,0.000000000000000000e+00,0.000000000000000000e+00,0.000000000000000000e+00,0.000000000000000000e+00,-4.005028435905194861e+00,3.722102527378118086e+00,0.000000000000000000e+00,-3.765098521543413512e-01,0.000000000000000000e+00,0.000000000000000000e+00,0.000000000000000000e+00,0.000000000000000000e+00,0.000000000000000000e+00,2.252612995032429399e+00
0.000000000000000000e+00,0.000000000000000000e+00,0.000000000000000000e+00,-5.000000000000000000e-01,0.000000000000000000e+00,9.999999999999999167e-02,0.000000000000000000e+00,0.000000000000000000e+00,1.000000000000000000e+00,-1.000000000000000000e+00,6.999999999999999556e-01,0.000000000000000000e+00,0.000000000000000000e+00,0.000000000000000000e+00,0.000000000000000000e+00,-8.499999999999999778e-01,0.000000000000000000e+00,1.299999999999999822e+00,0.000000000000000000e+00,0.000000000000000000e+00,0.000000000000000000e+00,0.000000000000000000e+00,0.000000000000000000e+00,5.499999999999999334e-01,0.000000000000000000e+00,0.000000000000000000e+00,0.000000000000000000e+00,0.000000000000000000e+00,0.000000000000000000e+00,0.000000000000000000e+00,0.000000000000000000e+00,0.000000000000000000e+00,0.000000000000000000e+00,0.000000000000000000e+00,0.000000000000000000e+00,0.000000000000000000e+00,0.000000000000000000e+00,0.000000000000000000e+00,0.000000000000000000e+00,0.000000000000000000e+00,0.000000000000000000e+00,0.000000000000000000e+00
0.000000000000000000e+00,-2.118643342378865625e-03,0.000000000000000000e+00,-5.373406127505908216e+02,0.000000000000000000e+00,1.611007153909920930e+02,0.000000000000000000e+00,0.000000000000000000e+00,1.072149352455458484e+03,-1.072149352455458484e+03,7.775001985738424537e+02,0.000000000000000000e+00,0.000000000000000000e+00,0.000000000000000000e+00,7.646507295618800271e+00,-8.881489271238307310e+02,0.000000000000000000e+00,1.334533450558112008e+03,0.000000000000000000e+00,-5.000000000000000000e-01,0.000000000000000000e+00,0.000000000000000000e+00,0.000000000000000000e+00,5.491783996822770177e+02,-7.203389841962437590e-02,0.000000000000000000e+00,0.000000000000000000e+00,-7.646507295618800271e+00,0.000000000000000000e+00,0.000000000000000000e+00,0.000000000000000000e+00,0.000000000000000000e+00,-4.005028435905194861e+00,0.000000000000000000e+00,0.000000000000000000e+00,-3.765098521543413512e-01,0.000000000000000000e+00,0.000000000000000000e+00,0.000000000000000000e+00,0.000000000000000000e+00,0.000000000000000000e+00,2.252612995032429399e+00
0.000000000000000000e+00,-2.118643342378865625e-03,0.000000000000000000e+00,-5.449871200462096112e+02,0.000000000000000000e+00,1.534542080953733034e+02,0.000000000000000000e+00,0.000000000000000000e+00,1.087442367046696290e+03,-1.087442367046696290e+03,8.004397204606988225e+02,0.000000000000000000e+00,0.000000000000000000e+00,0.000000000000000000e+00,0.000000000000000000e+00,-9.034419417150683103e+02,0.000000000000000000e+00,1.365119479740587394e+03,0.000000000000000000e+00,-5.000000000000000000e-01,0.000000000000000000e+00,0.000000000000000000e+00,0.000000000000000000e+00,5.568249069778958074e+02,-7.203389841962437590e-02,0.000000000000000000e+00,0.000000000000000000e+00,-7.646507295618800271e+00,0.000000000000000000e+00,0.000000000000000000e+00,0.000000000000000000e+00,0.000000000000000000e+00,-4.005028435905194861e+00,0.000000000000000000e+00,0.000000000000000000e+00,-3.765098521543413512e-01,0.000000000000000000e+00,0.000000000000000000e+00,0.000000000000000000e+00,0.000000000000000000e+00,0.000000000000000000e+00,2.252612995032429399e+00
0.000000000000000000e+00,-2.118643342378865625e-03,0.000000000000000000e+00,-6.984413281415829715e+02,0.000000000000000000e+00,0.000000000000000000e+00,0.000000000000000000e+00,0.000000000000000000e+00,1.394350783237442784e+03,-1.394350783237442784e+03,1.260802344746818790e+03,0.000000000000000000e+00,0.000000000000000000e+00,0.000000000000000000e+00,-1.534542080953733034e+02,-1.210350357905814917e+03,0.000000000000000000e+00,1.978936312122080608e+03,0.000000000000000000e+00,-5.000000000000000000e-01,0.000000000000000000e+00,0.000000000000000000e+00,0.000000000000000000e+00,7.102791150732690539e+02,-7.203389841962437590e-02,0.000000000000000000e+00,0.000000000000000000e+00,-7.646507295618800271e+00,0.000000000000000000e+00,0.000000000000000000e+00,0.000000000000000000e+00,0.000000000000000000e+00,-4.005028435905194861e+00,0.000000000000000000e+00,0.000000000000000000e+00,-3.765098521543413512e-01,0.000000000000000000e+00,0.000000000000000000e+00,0.000000000000000000e+00,0.000000000000000000e+00,0.000000000000000000e+00,2.252612995032429399e+00
0.000000000000000000e+00,0.000000000000000000e+00,0.000000000000000000e+00,-5.000000000000000000e-01,0.000000000000000000e+00,0.000000000000000000e+00,0.000000000000000000e+00,0.000000000000000000e+00,1.000000000000000000e+00,-1.000000000000000000e+00,8.333333333333332593e-01,0.000000000000000000e+00,0.000000000000000000e+00,0.000000000000000000e+00,-8.333333333333332871e-02,-8.750000000000000000e-01,0.000000000000000000e+00,1.416666666666666519e+00,0.000000000000000000e+00,0.000000000000000000e+00,0.000000000000000000e+00,0.000000000000000000e+00,0.000000000000000000e+00,5.416666666666666297e-01,0.000000000000000000e+00,0.000000000000000000e+00,0.000000000000000000e+00,0.000000000000000000e+00,0.000000000000000000e+00,0.000000000000000000e+00,0.000000000000000000e+00,0.000000000000000000e+00,0.000000000000000000e+00,0.000000000000000000e+00,0.000000000000000000e+00,0.000000000000000000e+00,0.000000000000000000e+00,0.000000000000000000e+00,0.000000000000000000e+00,0.000000000000000000e+00,0.000000000000000000e+00,0.000000000000000000e+00
0.000000000000000000e+00,-2.118643342378865625e-03,0.000000000000000000e+00,-1.714010341132798487e+02,0.000000000000000000e+00,8.482895894811646542e+01,0.000000000000000000e+00,0.000000000000000000e+00,3.402701951808365948e+02,-3.402701951808365948e+02,2.843176594013229419e+02,0.000000000000000000e+00,0.000000000000000000e+00,2.470337193368912665e+00,8.881675892303256603e+00,-2.768532474969444479e+02,0.000000000000000000e+00,3.917285647252992931e+02,0.000000000000000000e+00,-5.000000000000000000e-01,0.000000000000000000e+00,0.000000000000000000e+00,0.000000000000000000e+00,1.413974370334748301e+02,-7.203389841962437590e-02,0.000000000000000000e+00,0.000000000000000000e+00,-8.881675892303256603e+00,0.000000000000000000e+00,0.000000000000000000e+00,0.000000000000000000e+00,0.000000000000000000e+00,-4.005028435905194861e+00,0.000000000000000000e+00,0.000000000000000000e+00,-3.765098521543413512e-01,0.000000000000000000e+00,0.000000000000000000e+00,0.000000000000000000e+00,0.000000000000000000e+00,0.000000000000000000e+00,2.252612995032429399e+00
0.000000000000000000e+00,-2.118643342378865625e-03,0.000000000000000000e+00,-1.547262580580396900e+02,0.000000000000000000e+00,7.494761017464081476e+01,0.000000000000000000e+00,0.000000000000000000e+00,3.069206430703562773e+02,-3.069206430703562773e+02,2.657901304510560863e+02,0.000000000000000000e+00,0.000000000000000000e+00,0.000000000000000000e+00,5.176170102249887606e+00,-2.484443697732019700e+02,0.000000000000000000e+00,3.565262597197922787e+02,0.000000000000000000e+00,-5.000000000000000000e-01,0.000000000000000000e+00,0.000000000000000000e+00,0.000000000000000000e+00,1.247226609782346713e+02,-7.203389841962437590e-02,0.000000000000000000e+00,0.000000000000000000e+00,-7.646507295618800271e+00,0.000000000000000000e+00,0.000000000000000000e+00,0.000000000000000000e+00,0.000000000000000000e+00,-4.005028435905194861e+00,0.000000000000000000e+00,0.000000000000000000e+00,-3.765098521543413512e-01,0.000000000000000000e+00,0.000000000000000000e+00,0.000000000000000000e+00,0.000000000000000000e+00,0.000000000000000000e+00,2.252612995032429399e+00
0.000000000000000000e+00,-2.118643342378865625e-03,0.000000000000000000e+00,-1.534322155324772154e+02,0.000000000000000000e+00,7.494761017464081476e+01,0.000000000000000000e+00,0.000000000000000000e+00,3.146848982237311247e+02,-3.146848982237311247e+02,2.632020453999311371e+02,0.000000000000000000e+00,0.000000000000000000e+00,0.000000000000000000e+00,0.000000000000000000e+00,-2.458562847220770493e+02,0.000000000000000000e+00,3.629964723476046515e+02,0.000000000000000000e+00,-5.000000000000000000e-01,0.000000000000000000e+00,0.000000000000000000e+00,0.000000000000000000e+00,1.234286184526721968e+02,-7.203389841962437590e-02,0.000000000000000000e+00,0.000000000000000000e+00,-7.646507295618800271e+00,0.000000000000000000e+00,0.000000000000000000e+00,0.000000000000000000e+00,0.000000000000000000e+00,-4.005028435905194861e+00,0.000000000000000000e+00,0.000000000000000000e+00,-3.765098521543413512e-01,0.000000000000000000e+00,0.000000000000000000e+00,0.000000000000000000e+00,0.000000000000000000e+00,0.000000000000000000e+00,2.252612995032429399e+00
0.000000000000000000e+00,-2.118643342378865625e-03,0.000000000000000000e+00,-2.108014341657467980e+02,0.000000000000000000e+00,1.163569709926399156e+02,0.000000000000000000e+00,0.000000000000000000e+00,3.983663148767710140e+02,-3.983663148767710140e+02,3.261787816439714902e+02,0.000000000000000000e+00,0.000000000000000000e+00,0.000000000000000000e+00,0.000000000000000000e+00,-3.088330209661173171e+02,0.000000000000000000e+00,4.315807262024156330e+02,0.000000000000000000e+00,-5.000000000000000000e-01,0.000000000000000000e+00,0.000000000000000000e+00,0.000000000000000000e+00,1.704454968814420113e+02,-7.203389841962437590e-02,0.000000000000000000e+00,0.000000000000000000e+00,-1.282267739786868788e+01,0.000000000000000000e+00,0.000000000000000000e+00,0.000000000000000000e+00,0.000000000000000000e+00,-4.005028435905194861e+00,1.035234020449977521e+01,0.000000000000000000e+00,-3.765098521543413512e-01,0.000000000000000000e+00,0.000000000000000000e+00,0.000000000000000000e+00,0.000000000000000000e+00,0.000000000000000000e+00,2.252612995032429399e+00
5.543229376810429443e+01,-2.118643342378865625e-03,0.000000000000000000e+00,-8.543589084790932020e+01,0.000000000000000000e+00,7.494761017464081476e+01,0.000000000000000000e+00,0.000000000000000000e+00,1.683399086500955661e+02,-1.683399086500955661e+02,2.380739835670039781e+02,0.000000000000000000e+00,0.000000000000000000e+00,0.000000000000000000e+00,5.176170102249887606e+00,-1.652959291210455319e+02,0.000000000000000000e+00,2.040874518575054708e+02,0.000000000000000000e+00,-5.000000000000000000e-01,0.000000000000000000e+00,0.000000000000000000e+00,0.000000000000000000e+00,0.000000000000000000e+00,-7.203389841962437590e-02,0.000000000000000000e+00,0.000000000000000000e+00,-7.646507295618800271e+00,0.000000000000000000e+00,0.000000000000000000e+00,0.000000000000000000e+00,0.000000000000000000e+00,-4.005028435905194861e+00,0.000000000000000000e+00,0.000000000000000000e+00,-3.765098521543413512e-01,0.000000000000000000e+00,0.000000000000000000e+00,0.000000000000000000e+00,0.000000000000000000e+00,0.000000000000000000e+00,2.252612995032429399e+00
6.284330534821103242e+01,-2.118643342378865625e-03,0.000000000000000000e+00,-9.284690242801605109e+01,0.000000000000000000e+00,8.482895894811646542e+01,0.000000000000000000e+00,0.000000000000000000e+00,1.831619318103090279e+02,-1.831619318103090279e+02,2.528960067272174399e+02,0.000000000000000000e+00,0.000000000000000000e+00,2.470337193368912665e+00,8.881675892303256603e+00,-1.825882894746279135e+02,0.000000000000000000e+00,2.189094750177189326e+02,0.000000000000000000e+00,-5.000000000000000000e-01,0.000000000000000000e+00,0.000000000000000000e+00,0.000000000000000000e+00,0.000000000000000000e+00,-7.203389841962437590e-02,0.000000000000000000e+00,0.000000000000000000e+00,-8.881675892303256603e+00,0.000000000000000000e+00,0.000000000000000000e+00,0.000000000000000000e+00,0.000000000000000000e+00,-4.005028435905194861e+00,0.000000000000000000e+00,0.000000000000000000e+00,-3.765098521543413512e-01,0.000000000000000000e+00,0.000000000000000000e+00,0.000000000000000000e+00,0.000000000000000000e+00,0.000000000000000000e+00,2.252612995032429399e+00
5.485716375674319778e+01,-2.118643342378865625e-03,0.000000000000000000e+00,-8.486076083654820934e+01,0.000000000000000000e+00,7.494761017464081476e+01,0.000000000000000000e+00,0.000000000000000000e+00,1.775419888318731410e+02,-1.775419888318731410e+02,2.357734635215595915e+02,0.000000000000000000e+00,0.000000000000000000e+00,0.000000000000000000e+00,0.000000000000000000e+00,-1.635705390869622420e+02,0.000000000000000000e+00,2.121392720165608523e+02,0.000000000000000000e+00,-5.000000000000000000e-01,0.000000000000000000e+00,0.000000000000000000e+00,0.000000000000000000e+00,0.000000000000000000e+00,-7.203389841962437590e-02,0.000000000000000000e+00,0.000000000000000000e+00,-7.646507295618800271e+00,0.000000000000000000e+00,0.000000000000000000e+00,0.000000000000000000e+00,0.000000000000000000e+00,-4.005028435905194861e+00,0.000000000000000000e+00,0.000000000000000000e+00,-3.765098521543413512e-01,0.000000000000000000e+00,0.000000000000000000e+00,0.000000000000000000e+00,0.000000000000000000e+00,0.000000000000000000e+00,2.252612995032429399e+00
0.000000000000000000e+00,-2.118643342378865625e-03,0.000000000000000000e+00,-1.883713637226639435e+02,0.000000000000000000e+00,1.163569709926399156e+02,0.000000000000000000e+00,0.000000000000000000e+00,3.742108543996048411e+02,-3.742108543996048411e+02,3.227280015758048535e+02,0.000000000000000000e+00,0.000000000000000000e+00,0.000000000000000000e+00,0.000000000000000000e+00,-2.950299006934509407e+02,0.000000000000000000e+00,4.056998756911661985e+02,0.000000000000000000e+00,-5.000000000000000000e-01,0.000000000000000000e+00,0.000000000000000000e+00,0.000000000000000000e+00,1.376630862338593886e+02,-7.203389841962437590e-02,0.000000000000000000e+00,0.000000000000000000e+00,-1.282267739786868788e+01,0.000000000000000000e+00,0.000000000000000000e+00,0.000000000000000000e+00,0.000000000000000000e+00,-4.005028435905194861e+00,0.000000000000000000e+00,0.000000000000000000e+00,-3.765098521543413512e-01,0.000000000000000000e+00,0.000000000000000000e+00,0.000000000000000000e+00,1.035234020449977521e+01,0.000000000000000000e+00,2.252612995032429399e+00
0.000000000000000000e+00,-2.118643342378865625e-03,0.000000000000000000e+00,-3.000359707980501867e+01,0.000000000000000000e+00,7.494761017464081476e+01,0.000000000000000000e+00,0.000000000000000000e+00,1.055256608939764192e+03,-1.055256608939764192e+03,1.634480849458678264e+01,0.000000000000000000e+00,0.000000000000000000e+00,0.000000000000000000e+00,-4.937144738106887871e+02,1.000952183267355133e+00,0.000000000000000000e+00,9.801395646109656354e+02,0.000000000000000000e+00,-5.000000000000000000e-01,0.000000000000000000e+00,0.000000000000000000e+00,0.000000000000000000e+00,0.000000000000000000e+00,-7.203389841962437590e-02,0.000000000000000000e+00,0.000000000000000000e+00,-7.646507295618800271e+00,0.000000000000000000e+00,0.000000000000000000e+00,0.000000000000000000e+00,0.000000000000000000e+00,-4.005028435905194861e+00,0.000000000000000000e+00,0.000000000000000000e+00,-3.765098521543413512e-01,0.000000000000000000e+00,0.000000000000000000e+00,0.000000000000000000e+00,0.000000000000000000e+00,0.000000000000000000e+00,2.252612995032429399e+00
0.000000000000000000e+00,-2.118643342378865625e-03,0.000000000000000000e+00,-2.090760441316635081e+02,0.000000000000000000e+00,1.370616514016394660e+02,0.000000000000000000e+00,0.000000000000000000e+00,4.156202152176039704e+02,-4.156202152176039704e+02,3.330803417803046500e+02,0.000000000000000000e+00,0.000000000000000000e+00,0.000000000000000000e+00,0.000000000000000000e+00,-3.157345811024505338e+02,0.000000000000000000e+00,4.367568963046655313e+02,1.035234020449977521e+01,-5.000000000000000000e-01,0.000000000000000000e+00,0.000000000000000000e+00,0.000000000000000000e+00,1.583677666428589248e+02,-7.203389841962437590e-02,0.000000000000000000e+00,0.000000000000000000e+00,-1.282267739786868788e+01,0.000000000000000000e+00,0.000000000000000000e+00,0.000000000000000000e+00,0.000000000000000000e+00,-4.005028435905194861e+00,0.000000000000000000e+00,0.000000000000000000e+00,-3.765098521543413512e-01,0.000000000000000000e+00,0.000000000000000000e+00,0.000000000000000000e+00,0.000000000000000000e+00,0.000000000000000000e+00,2.252612995032429399e+00
0.000000000000000000e+00,-2.118643342378865625e-03,0.000000000000000000e+00,-6.269321406897858395e+01,0.000000000000000000e+00,1.893612696367482897e+02,0.000000000000000000e+00,0.000000000000000000e+00,2.101324352593318508e+03,-2.101324352593318508e+03,0.000000000000000000e+00,0.000000000000000000e+00,0.000000000000000000e+00,0.000000000000000000e+00,-9.840587286482923446e+02,1.000952183267355133e+00,0.000000000000000000e+00,1.895448840307825549e+03,0.000000000000000000e+00,-5.000000000000000000e-01,0.000000000000000000e+00,0.000000000000000000e+00,1.634480849458678264e+01,0.000000000000000000e+00,-7.203389841962437590e-02,0.000000000000000000e+00,0.000000000000000000e+00,-2.399131579020558291e+01,0.000000000000000000e+00,0.000000000000000000e+00,0.000000000000000000e+00,0.000000000000000000e+00,-4.005028435905194861e+00,0.000000000000000000e+00,0.000000000000000000e+00,-3.765098521543413512e-01,0.000000000000000000e+00,0.000000000000000000e+00,0.000000000000000000e+00,0.000000000000000000e+00,0.000000000000000000e+00,2.252612995032429399e+00
0.000000000000000000e+00,-2.118643342378865625e-03,0.000000000000000000e+00,-3.050407317143869790e+01,0.000000000000000000e+00,7.494761017464081476e+01,0.000000000000000000e+00,0.000000000000000000e+00,1.052253752389962301e+03,-1.052253752389962301e+03,1.734576067785413755e+01,0.000000000000000000e+00,0.000000000000000000e+00,0.000000000000000000e+00,-4.917125694441540986e+02,0.000000000000000000e+00,0.000000000000000000e+00,9.776371841527972038e+02,0.000000000000000000e+00,-5.000000000000000000e-01,0.000000000000000000e+00,0.000000000000000000e+00,0.000000000000000000e+00,5.004760916336775667e-01,-7.203389841962437590e-02,0.000000000000000000e+00,0.000000000000000000e+00,-7.646507295618800271e+00,0.000000000000000000e+00,0.000000000000000000e+00,0.000000000000000000e+00,0.000000000000000000e+00,-4.005028435905194861e+00,0.000000000000000000e+00,0.000000000000000000e+00,-3.765098521543413512e-01,0.000000000000000000e+00,0.000000000000000000e+00,0.000000000000000000e+00,0.000000000000000000e+00,0.000000000000000000e+00,2.252612995032429399e+00
0.000000000000000000e+00,-2.118643342378865625e-03,0.000000000000000000e+00,-6.519559452714696590e+01,0.000000000000000000e+00,1.963679349196197848e+02,0.000000000000000000e+00,0.000000000000000000e+00,2.162382435772627105e+03,-2.162382435772627105e+03,0.000000000000000000e+00,0.000000000000000000e+00,0.000000000000000000e+00,0.000000000000000000e+00,-1.012085389779778211e+03,0.000000000000000000e+00,0.000000000000000000e+00,1.948999782112628964e+03,0.000000000000000000e+00,-5.000000000000000000e-01,0.000000000000000000e+00,0.000000000000000000e+00,1.734576067785413755e+01,5.004760916336775667e-01,-7.203389841962437590e-02,0.000000000000000000e+00,0.000000000000000000e+00,-2.499226797347293783e+01,0.000000000000000000e+00,0.000000000000000000e+00,0.000000000000000000e+00,0.000000000000000000e+00,-4.005028435905194861e+00,0.000000000000000000e+00,0.000000000000000000e+00,-3.765098521543413512e-01,0.000000000000000000e+00,0.000000000000000000e+00,0.000000000000000000e+00,0.000000000000000000e+00,0.000000000000000000e+00,2.252612995032429399e+00
0.000000000000000000e+00,-2.118643342378865625e-03,0.000000000000000000e+00,-3.000359707980501867e+01,0.000000000000000000e+00,8.584414917103200082e+01,0.000000000000000000e+00,0.000000000000000000e+00,1.202359885391045282e+03,-1.202359885391045282e+03,0.000000000000000000e+00,0.000000000000000000e+00,0.000000000000000000e+00,2.724134749097797403e+00,-5.631799099126825467e+02,6.449221681462949718e+00,0.000000000000000000e+00,1.110898032567659811e+03,0.000000000000000000e+00,-5.000000000000000000e-01,0.000000000000000000e+00,0.000000000000000000e+00,0.000000000000000000e+00,0.000000000000000000e+00,-7.203389841962437590e-02,0.000000000000000000e+00,0.000000000000000000e+00,-9.008574670167698528e+00,0.000000000000000000e+00,0.000000000000000000e+00,0.000000000000000000e+00,0.000000000000000000e+00,-4.005028435905194861e+00,0.000000000000000000e+00,0.000000000000000000e+00,-3.765098521543413512e-01,0.000000000000000000e+00,0.000000000000000000e+00,0.000000000000000000e+00,0.000000000000000000e+00,0.000000000000000000e+00,2.252612995032429399e+00
0.000000000000000000e+00,-2.118643342378865625e-03,0.000000000000000000e+00,-3.484051334090222696e+01,0.000000000000000000e+00,9.229337085249495942e+01,0.000000000000000000e+00,0.000000000000000000e+00,1.260402880524211923e+03,-1.260402880524211923e+03,0.000000000000000000e+00,0.000000000000000000e+00,0.000000000000000000e+00,4.336440169463534389e+00,-5.849460330876200942e+02,0.000000000000000000e+00,0.000000000000000000e+00,1.164104111439729195e+03,0.000000000000000000e+00,-5.000000000000000000e-01,0.000000000000000000e+00,0.000000000000000000e+00,0.000000000000000000e+00,4.836916261097211844e+00,-7.203389841962437590e-02,0.000000000000000000e+00,0.000000000000000000e+00,-9.814727380350568353e+00,0.000000000000000000e+00,0.000000000000000000e+00,0.000000000000000000e+00,0.000000000000000000e+00,-4.005028435905194861e+00,0.000000000000000000e+00,0.000000000000000000e+00,-3.765098521543413512e-01,0.000000000000000000e+00,0.000000000000000000e+00,0.000000000000000000e+00,0.000000000000000000e+00,0.000000000000000000e+00,2.252612995032429399e+00
0.000000000000000000e+00,-2.118643342378865625e-03,0.000000000000000000e+00,-3.545186657800061170e+01,0.000000000000000000e+00,9.674068816742318688e+01,0.000000000000000000e+00,0.000000000000000000e+00,1.247762131209341987e+03,-1.247762131209341987e+03,0.000000000000000000e+00,0.000000000000000000e+00,0.000000000000000000e+00,0.000000000000000000e+00,-5.926913696945754282e+02,1.734576067785413755e+01,0.000000000000000000e+00,1.139955469891369603e+03,0.000000000000000000e+00,-5.000000000000000000e-01,0.000000000000000000e+00,0.000000000000000000e+00,0.000000000000000000e+00,0.000000000000000000e+00,-7.203389841962437590e-02,0.000000000000000000e+00,0.000000000000000000e+00,-1.037064204471659679e+01,0.000000000000000000e+00,0.000000000000000000e+00,0.000000000000000000e+00,0.000000000000000000e+00,-4.005028435905194861e+00,5.448269498195594807e+00,0.000000000000000000e+00,-3.765098521543413512e-01,0.000000000000000000e+00,0.000000000000000000e+00,0.000000000000000000e+00,0.000000000000000000e+00,0.000000000000000000e+00,2.252612995032429399e+00
3.336507277557850260e-01,-2.118643342378865625e-03,0.000000000000000000e+00,-3.033724780756080364e+01,0.000000000000000000e+00,7.494761017464081476e+01,0.000000000000000000e+00,0.000000000000000000e+00,1.049918197295671689e+03,-1.049918197295671689e+03,1.767941140560992253e+01,0.000000000000000000e+00,0.000000000000000000e+00,0.000000000000000000e+00,-4.907116172608867259e+02,0.000000000000000000e+00,0.000000000000000000e+00,9.754684544223846387e+02,0.000000000000000000e+00,-5.000000000000000000e-01,0.000000000000000000e+00,0.000000000000000000e+00,0.000000000000000000e+00,0.000000000000000000e+00,-7.203389841962437590e-02,0.000000000000000000e+00,0.000000000000000000e+00,-7.646507295618800271e+00,0.000000000000000000e+00,0.000000000000000000e+00,0.000000000000000000e+00,0.000000000000000000e+00,-4.005028435905194861e+00,0.000000000000000000e+00,0.000000000000000000e+00,-3.765098521543413512e-01,0.000000000000000000e+00,0.000000000000000000e+00,0.000000000000000000e+00,0.000000000000000000e+00,0.000000000000000000e+00,2.252612995032429399e+00
3.869533008877769742e+00,-2.118643342378865625e-03,0.000000000000000000e+00,-3.387313008868278530e+01,0.000000000000000000e+00,9.616290386137272606e+01,0.000000000000000000e+00,0.000000000000000000e+00,1.279750545568600728e+03,-1.279750545568600728e+03,0.000000000000000000e+00,0.000000000000000000e+00,0.000000000000000000e+00,5.303823421682976935e+00,-5.941361739837047935e+02,0.000000000000000000e+00,0.000000000000000000e+00,1.180549626727459781e+03,0.000000000000000000e+00,-5.000000000000000000e-01,0.000000000000000000e+00,0.000000000000000000e+00,0.000000000000000000e+00,0.000000000000000000e+00,-7.203389841962437590e-02,0.000000000000000000e+00,0.000000000000000000e+00,-1.029841900646028918e+01,0.000000000000000000e+00,0.000000000000000000e+00,0.000000000000000000e+00,0.000000000000000000e+00,-4.005028435905194861e+00,0.000000000000000000e+00,0.000000000000000000e+00,-3.765098521543413512e-01,0.000000000000000000e+00,0.000000000000000000e+00,0.000000000000000000e+00,0.000000000000000000e+00,0.000000000000000000e+00,2.252612995032429399e+00
0.000000000000000000e+00,-2.118643342378865625e-03,0.000000000000000000e+00,-3.100454926307237358e+01,0.000000000000000000e+00,7.694951454117551748e+01,0.000000000000000000e+00,0.000000000000000000e+00,1.062263274222635800e+03,-1.062263274222635800e+03,1.784623676948781679e+01,0.000000000000000000e+00,0.000000000000000000e+00,0.000000000000000000e+00,-4.964670923146740051e+02,0.000000000000000000e+00,0.000000000000000000e+00,9.856448016189360715e+02,0.000000000000000000e+00,-5.000000000000000000e-01,0.000000000000000000e+00,0.000000000000000000e+00,0.000000000000000000e+00,0.000000000000000000e+00,-7.203389841962437590e-02,0.000000000000000000e+00,0.000000000000000000e+00,-7.896745341435638998e+00,0.000000000000000000e+00,0.000000000000000000e+00,0.000000000000000000e+00,0.000000000000000000e+00,-4.005028435905194861e+00,0.000000000000000000e+00,0.000000000000000000e+00,-3.765098521543413512e-01,0.000000000000000000e+00,0.000000000000000000e+00,0.000000000000000000e+00,5.004760916336775667e-01,0.000000000000000000e+00,2.252612995032429399e+00
3.336507277557850260e-01,-2.118643342378865625e-03,0.000000000000000000e+00,-6.569607061878065224e+01,0.000000000000000000e+00,1.987034900139102831e+02,0.000000000000000000e+00,0.000000000000000000e+00,2.181400527254706958e+03,-2.181400527254706958e+03,0.000000000000000000e+00,0.000000000000000000e+00,0.000000000000000000e+00,0.000000000000000000e+00,-1.021093959429184451e+03,0.000000000000000000e+00,0.000000000000000000e+00,1.965515493136540272e+03,0.000000000000000000e+00,-5.000000000000000000e-01,0.000000000000000000e+00,0.000000000000000000e+00,1.767941140560992253e+01,0.000000000000000000e+00,-7.203389841962437590e-02,0.000000000000000000e+00,0.000000000000000000e+00,-2.532591870122872280e+01,0.000000000000000000e+00,0.000000000000000000e+00,0.000000000000000000e+00,0.000000000000000000e+00,-4.005028435905194861e+00,0.000000000000000000e+00,0.000000000000000000e+00,-3.765098521543413512e-01,0.000000000000000000e+00,0.000000000000000000e+00,0.000000000000000000e+00,0.000000000000000000e+00,0.000000000000000000e+00,2.252612995032429399e+00
0.000000000000000000e+00,-2.118643342378865625e-03,0.000000000000000000e+00,-6.669702280204801070e+01,0.000000000000000000e+00,2.018731719275902492e+02,0.000000000000000000e+00,0.000000000000000000e+00,2.204422427469855847e+03,-2.204422427469855847e+03,0.000000000000000000e+00,0.000000000000000000e+00,0.000000000000000000e+00,0.000000000000000000e+00,-1.031854195399308537e+03,0.000000000000000000e+00,0.000000000000000000e+00,1.985034060710253698e+03,0.000000000000000000e+00,-5.000000000000000000e-01,0.000000000000000000e+00,0.000000000000000000e+00,1.784623676948781679e+01,0.000000000000000000e+00,-7.203389841962437590e-02,0.000000000000000000e+00,0.000000000000000000e+00,-2.574298211092345667e+01,0.000000000000000000e+00,0.000000000000000000e+00,0.000000000000000000e+00,0.000000000000000000e+00,-4.005028435905194861e+00,0.000000000000000000e+00,0.000000000000000000e+00,-3.765098521543413512e-01,0.000000000000000000e+00,0.000000000000000000e+00,0.000000000000000000e+00,5.004760916336775667e-01,0.000000000000000000e+00,2.252612995032429399e+00
0.000000000000000000e+00,-2.118643342378865625e-03,0.000000000000000000e+00,-3.060416838976543019e+01,0.000000000000000000e+00,7.594856235790817323e+01,0.000000000000000000e+00,0.000000000000000000e+00,1.056457751559684993e+03,-1.056457751559684993e+03,1.774614155116108094e+01,0.000000000000000000e+00,0.000000000000000000e+00,0.000000000000000000e+00,-4.936143785923620726e+02,0.000000000000000000e+00,0.000000000000000000e+00,9.809403263575794654e+02,0.000000000000000000e+00,-5.000000000000000000e-01,0.000000000000000000e+00,2.001904366534710267e-01,0.000000000000000000e+00,0.000000000000000000e+00,-7.203389841962437590e-02,0.000000000000000000e+00,0.000000000000000000e+00,-7.746602513945536117e+00,0.000000000000000000e+00,0.000000000000000000e+00,0.000000000000000000e+00,0.000000000000000000e+00,-4.005028435905194861e+00,0.000000000000000000e+00,0.000000000000000000e+00,-3.765098521543413512e-01,0.000000000000000000e+00,0.000000000000000000e+00,0.000000000000000000e+00,0.000000000000000000e+00,0.000000000000000000e+00,2.252612995032429399e+00
0.000000000000000000e+00,-2.118643342378865625e-03,0.000000000000000000e+00,-6.609645149208759562e+01,0.000000000000000000e+00,2.001715532160357327e+02,0.000000000000000000e+00,0.000000000000000000e+00,2.192210810833994401e+03,-2.192210810833994401e+03,0.000000000000000000e+00,0.000000000000000000e+00,0.000000000000000000e+00,0.000000000000000000e+00,-1.025998625127194373e+03,0.000000000000000000e+00,0.000000000000000000e+00,1.974724253222600055e+03,0.000000000000000000e+00,-5.000000000000000000e-01,0.000000000000000000e+00,2.001904366534710267e-01,1.774614155116108094e+01,0.000000000000000000e+00,-7.203389841962437590e-02,0.000000000000000000e+00,0.000000000000000000e+00,-2.549274406510661706e+01,0.000000000000000000e+00,0.000000000000000000e+00,0.000000000000000000e+00,0.000000000000000000e+00,-4.005028435905194861e+00,0.000000000000000000e+00,0.000000000000000000e+00,-3.765098521543413512e-01,0.000000000000000000e+00,0.000000000000000000e+00,0.000000000000000000e+00,0.000000000000000000e+00,0.000000000000000000e+00,2.252612995032429399e+00
0.000000000000000000e+00,-2.118643342378865625e-03,0.000000000000000000e+00,-4.290204044273091455e+01,0.000000000000000000e+00,1.245394792598097098e+02,0.000000000000000000e+00,0.000000000000000000e+00,1.466777974331026371e+03,-1.466777974331026371e+03,0.000000000000000000e+00,0.000000000000000000e+00,0.000000000000000000e+00,5.948745589829272262e+00,-6.808782055993814311e+02,0.000000000000000000e+00,0.000000000000000000e+00,1.336620791418863064e+03,0.000000000000000000e+00,-5.000000000000000000e-01,0.000000000000000000e+00,0.000000000000000000e+00,0.000000000000000000e+00,0.000000000000000000e+00,-7.203389841962437590e-02,0.000000000000000000e+00,0.000000000000000000e+00,-1.384549093126491215e+01,0.000000000000000000e+00,0.000000000000000000e+00,0.000000000000000000e+00,0.000000000000000000e+00,-4.005028435905194861e+00,0.000000000000000000e+00,0.000000000000000000e+00,-3.765098521543413512e-01,0.000000000000000000e+00,0.000000000000000000e+00,0.000000000000000000e+00,6.449221681462949718e+00,0.000000000000000000e+00,2.252612995032429399e+00
0.000000000000000000e+00,-2.118643342378865625e-03,0.000000000000000000e+00,-3.725897147145083466e+01,0.000000000000000000e+00,1.092225777663351920e+02,0.000000000000000000e+00,0.000000000000000000e+00,1.369233496398899206e+03,-1.369233496398899206e+03,0.000000000000000000e+00,0.000000000000000000e+00,0.000000000000000000e+00,5.545669234737837350e+00,-6.339198102312293486e+02,0.000000000000000000e+00,0.000000000000000000e+00,1.256005520400576188e+03,0.000000000000000000e+00,-5.000000000000000000e-01,0.000000000000000000e+00,2.418458130548605922e+00,0.000000000000000000e+00,0.000000000000000000e+00,-7.203389841962437590e-02,0.000000000000000000e+00,0.000000000000000000e+00,-1.162857097826202235e+01,0.000000000000000000e+00,0.000000000000000000e+00,0.000000000000000000e+00,0.000000000000000000e+00,-4.005028435905194861e+00,0.000000000000000000e+00,0.000000000000000000e+00,-3.765098521543413512e-01,0.000000000000000000e+00,0.000000000000000000e+00,0.000000000000000000e+00,0.000000000000000000e+00,0.000000000000000000e+00,2.252612995032429399e+00
6.118359388171528224e+01,-2.118643342378865625e-03,0.000000000000000000e+00,-1.118918713705198513e+02,0.000000000000000000e+00,1.163569709926399156e+02,0.000000000000000000e+00,0.000000000000000000e+00,2.212518696953166284e+02,-2.212518696953166284e+02,2.921362046349472621e+02,0.000000000000000000e+00,0.000000000000000000e+00,0.000000000000000000e+00,0.000000000000000000e+00,-2.032545098708780529e+02,0.000000000000000000e+00,2.374449925164491901e+02,0.000000000000000000e+00,-5.000000000000000000e-01,0.000000000000000000e+00,0.000000000000000000e+00,0.000000000000000000e+00,0.000000000000000000e+00,-7.203389841962437590e-02,0.000000000000000000e+00,0.000000000000000000e+00,-1.282267739786868788e+01,0.000000000000000000e+00,0.000000000000000000e+00,0.000000000000000000e+00,0.000000000000000000e+00,-4.005028435905194861e+00,0.000000000000000000e+00,0.000000000000000000e+00,-3.765098521543413512e-01,0.000000000000000000e+00,0.000000000000000000e+00,0.000000000000000000e+00,1.035234020449977521e+01,0.000000000000000000e+00,2.252612995032429399e+00
0.000000000000000000e+00,-2.118643342378865625e-03,0.000000000000000000e+00,-2.992290439943937599e+03,0.000000000000000000e+00,5.012092348281528757e+03,0.000000000000000000e+00,0.000000000000000000e+00,6.979830294668029637e+03,-6.979830294668029637e+03,6.928347441844230161e+03,0.000000000000000000e+00,0.000000000000000000e+00,0.000000000000000000e+00,0.000000000000000000e+00,-4.936143785923620271e+03,0.000000000000000000e+00,4.929855355096476160e+03,0.000000000000000000e+00,-5.000000000000000000e-01,0.000000000000000000e+00,9.874289476213775743e+02,0.000000000000000000e+00,0.000000000000000000e+00,-7.203389841962437590e-02,0.000000000000000000e+00,0.000000000000000000e+00,-5.013609811063075767e+02,0.000000000000000000e+00,0.000000000000000000e+00,0.000000000000000000e+00,0.000000000000000000e+00,-4.005028435905194861e+00,0.000000000000000000e+00,0.000000000000000000e+00,-3.765098521543413512e-01,0.000000000000000000e+00,0.000000000000000000e+00,0.000000000000000000e+00,0.000000000000000000e+00,0.000000000000000000e+00,2.252612995032429399e+00
7.575355416952977805e+01,-2.118643342378865625e-03,0.000000000000000000e+00,-1.161094914538345790e+02,0.000000000000000000e+00,1.163569709926399156e+02,0.000000000000000000e+00,0.000000000000000000e+00,2.089824294529465192e+02,-2.089824294529465192e+02,2.883020045592065799e+02,0.000000000000000000e+00,0.000000000000000000e+00,0.000000000000000000e+00,0.000000000000000000e+00,-1.952026897118226714e+02,0.000000000000000000e+00,2.232584522362087398e+02,0.000000000000000000e+00,-5.000000000000000000e-01,0.000000000000000000e+00,0.000000000000000000e+00,0.000000000000000000e+00,0.000000000000000000e+00,-7.203389841962437590e-02,0.000000000000000000e+00,0.000000000000000000e+00,-1.282267739786868788e+01,0.000000000000000000e+00,0.000000000000000000e+00,0.000000000000000000e+00,0.000000000000000000e+00,-4.005028435905194861e+00,1.035234020449977521e+01,0.000000000000000000e+00,-3.765098521543413512e-01,0.000000000000000000e+00,0.000000000000000000e+00,0.000000000000000000e+00,0.000000000000000000e+00,0.000000000000000000e+00,2.252612995032429399e+00
0.000000000000000000e+00,-2.118643342378865625e-03,0.000000000000000000e+00,-2.311267532147009831e+02,0.000000000000000000e+00,1.215832476259140975e+02,0.000000000000000000e+00,0.000000000000000000e+00,4.780987777225777222e+02,-4.780987777225777222e+02,3.486376645874688052e+02,0.000000000000000000e+00,0.000000000000000000e+00,1.165890936281831891e+01,1.347596197702796061e+01,-3.779275413608879148e+02,0.000000000000000000e+00,5.341514333517650357e+02,0.000000000000000000e+00,-5.000000000000000000e-01,0.000000000000000000e+00,0.000000000000000000e+00,0.000000000000000000e+00,2.011231561348959644e+02,-7.203389841962437590e-02,0.000000000000000000e+00,0.000000000000000000e+00,-1.347596197702796061e+01,0.000000000000000000e+00,0.000000000000000000e+00,0.000000000000000000e+00,0.000000000000000000e+00,-4.005028435905194861e+00,0.000000000000000000e+00,0.000000000000000000e+00,-3.765098521543413512e-01,0.000000000000000000e+00,0.000000000000000000e+00,0.000000000000000000e+00,0.000000000000000000e+00,0.000000000000000000e+00,2.252612995032429399e+00
0.000000000000000000e+00,-2.118643342378865625e-03,0.000000000000000000e+00,-5.680792092096658052e+01,0.000000000000000000e+00,1.215832476259140975e+02,0.000000000000000000e+00,0.000000000000000000e+00,1.524011771484984138e+03,-1.524011771484984138e+03,0.000000000000000000e+00,0.000000000000000000e+00,0.000000000000000000e+00,1.165890936281831891e+01,-6.837993671979096462e+02,-2.928987677341913454e+01,0.000000000000000000e+00,1.405745594820436963e+03,0.000000000000000000e+00,-5.000000000000000000e-01,0.000000000000000000e+00,0.000000000000000000e+00,0.000000000000000000e+00,2.680432384116156541e+01,-7.203389841962437590e-02,0.000000000000000000e+00,0.000000000000000000e+00,-1.347596197702796061e+01,0.000000000000000000e+00,0.000000000000000000e+00,0.000000000000000000e+00,0.000000000000000000e+00,-4.005028435905194861e+00,0.000000000000000000e+00,0.000000000000000000e+00,-3.765098521543413512e-01,0.000000000000000000e+00,0.000000000000000000e+00,0.000000000000000000e+00,0.000000000000000000e+00,0.000000000000000000e+00,2.252612995032429399e+00
7.038567406349285704e+01,-2.118643342378865625e-03,0.000000000000000000e+00,-1.210939515522974261e+02,0.000000000000000000e+00,1.370616514016394660e+02,0.000000000000000000e+00,0.000000000000000000e+00,2.396560300588718064e+02,-2.396560300588718064e+02,2.978875047485582286e+02,0.000000000000000000e+00,0.000000000000000000e+00,0.000000000000000000e+00,0.000000000000000000e+00,-2.101560700072112411e+02,0.000000000000000000e+00,2.431962926300601850e+02,1.035234020449977521e+01,-5.000000000000000000e-01,0.000000000000000000e+00,0.000000000000000000e+00,0.000000000000000000e+00,0.000000000000000000e+00,-7.203389841962437590e-02,0.000000000000000000e+00,0.000000000000000000e+00,-1.282267739786868788e+01,0.000000000000000000e+00,0.000000000000000000e+00,0.000000000000000000e+00,0.000000000000000000e+00,-4.005028435905194861e+00,0.000000000000000000e+00,0.000000000000000000e+00,-3.765098521543413512e-01,0.000000000000000000e+00,0.000000000000000000e+00,0.000000000000000000e+00,0.000000000000000000e+00,0.000000000000000000e+00,2.252612995032429399e+00
0.000000000000000000e+00,-2.118643342378865625e-03,0.000000000000000000e+00,-2.831953288415809311e+02,0.000000000000000000e+00,1.583375363037117154e+02,0.000000000000000000e+00,0.000000000000000000e+00,5.454816402985400146e+02,-5.454816402985400146e+02,4.068319549939816966e+02,0.000000000000000000e+00,0.000000000000000000e+00,1.165890936281831891e+01,1.807024806175266107e+01,-4.361218317674008631e+02,0.000000000000000000e+00,5.892828663684614412e+02,0.000000000000000000e+00,-5.000000000000000000e-01,0.000000000000000000e+00,0.000000000000000000e+00,0.000000000000000000e+00,2.440031595923265400e+02,-7.203389841962437590e-02,0.000000000000000000e+00,0.000000000000000000e+00,-1.807024806175266107e+01,0.000000000000000000e+00,0.000000000000000000e+00,0.000000000000000000e+00,0.000000000000000000e+00,-4.005028435905194861e+00,9.188572169449406246e+00,0.000000000000000000e+00,-3.765098521543413512e-01,0.000000000000000000e+00,0.000000000000000000e+00,0.000000000000000000e+00,0.000000000000000000e+00,0.000000000000000000e+00,2.252612995032429399e+00
0.000000000000000000e+00,-2.118643342378865625e-03,0.000000000000000000e+00,-2.277577627204439921e+02,0.000000000000000000e+00,1.215832476259140975e+02,0.000000000000000000e+00,0.000000000000000000e+00,4.983127206881196685e+02,-4.983127206881196685e+02,3.418996835989548231e+02,0.000000000000000000e+00,0.000000000000000000e+00,1.165890936281831891e+01,0.000000000000000000e+00,-3.711895603723739328e+02,0.000000000000000000e+00,5.509963858230499909e+02,0.000000000000000000e+00,-5.000000000000000000e-01,0.000000000000000000e+00,0.000000000000000000e+00,0.000000000000000000e+00,1.977541656406389734e+02,-7.203389841962437590e-02,0.000000000000000000e+00,0.000000000000000000e+00,-1.347596197702796061e+01,0.000000000000000000e+00,0.000000000000000000e+00,0.000000000000000000e+00,0.000000000000000000e+00,-4.005028435905194861e+00,0.000000000000000000e+00,0.000000000000000000e+00,-3.765098521543413512e-01,0.000000000000000000e+00,0.000000000000000000e+00,0.000000000000000000e+00,0.000000000000000000e+00,0.000000000000000000e+00,2.252612995032429399e+00
0.000000000000000000e+00,-2.118643342378865625e-03,0.000000000000000000e+00,-4.789563495105681454e+02,0.000000000000000000e+00,3.028995207977330324e+02,0.000000000000000000e+00,0.000000000000000000e+00,8.647226893895037847e+02,-8.647226893895037847e+02,6.176515157144294790e+02,0.000000000000000000e+00,0.000000000000000000e+00,1.165890936281831891e+01,0.000000000000000000e+00,-6.469413924878485886e+02,0.000000000000000000e+00,8.513014632638751209e+02,0.000000000000000000e+00,-5.000000000000000000e-01,0.000000000000000000e+00,0.000000000000000000e+00,0.000000000000000000e+00,4.036236841378083682e+02,-7.203389841962437590e-02,0.000000000000000000e+00,0.000000000000000000e+00,-3.614049612350532215e+01,0.000000000000000000e+00,0.000000000000000000e+00,0.000000000000000000e+00,0.000000000000000000e+00,-4.005028435905194861e+00,4.532906829295473017e+01,0.000000000000000000e+00,-3.765098521543413512e-01,0.000000000000000000e+00,0.000000000000000000e+00,0.000000000000000000e+00,0.000000000000000000e+00,0.000000000000000000e+00,2.252612995032429399e+00
0.000000000000000000e+00,-2.118643342378865625e-03,0.000000000000000000e+00,-1.997187985285423224e+02,0.000000000000000000e+00,1.002407530336670050e+02,0.000000000000000000e+00,0.000000000000000000e+00,4.305758829414979800e+02,-4.305758829414979800e+02,3.032136015406194929e+02,0.000000000000000000e+00,0.000000000000000000e+00,0.000000000000000000e+00,0.000000000000000000e+00,-3.179781004698954234e+02,0.000000000000000000e+00,4.862466637062025256e+02,0.000000000000000000e+00,-5.000000000000000000e-01,0.000000000000000000e+00,0.000000000000000000e+00,0.000000000000000000e+00,1.765323181968412314e+02,-7.203389841962437590e-02,0.000000000000000000e+00,0.000000000000000000e+00,-7.646507295618800271e+00,0.000000000000000000e+00,0.000000000000000000e+00,0.000000000000000000e+00,0.000000000000000000e+00,-4.005028435905194861e+00,0.000000000000000000e+00,0.000000000000000000e+00,-3.765098521543413512e-01,0.000000000000000000e+00,0.000000000000000000e+00,0.000000000000000000e+00,0.000000000000000000e+00,0.000000000000000000e+00,2.252612995032429399e+00
0.000000000000000000e+00,-2.118643342378865625e-03,0.000000000000000000e+00,-2.016304253524470198e+02,0.000000000000000000e+00,1.002407530336670050e+02,0.000000000000000000e+00,0.000000000000000000e+00,4.191061219980697956e+02,-4.191061219980697956e+02,3.070368551884288877e+02,0.000000000000000000e+00,0.000000000000000000e+00,0.000000000000000000e+00,7.646507295618800271e+00,-3.218013541177048182e+02,0.000000000000000000e+00,4.766885295866790671e+02,0.000000000000000000e+00,-5.000000000000000000e-01,0.000000000000000000e+00,0.000000000000000000e+00,0.000000000000000000e+00,1.784439450207459288e+02,-7.203389841962437590e-02,0.000000000000000000e+00,0.000000000000000000e+00,-7.646507295618800271e+00,0.000000000000000000e+00,0.000000000000000000e+00,0.000000000000000000e+00,0.000000000000000000e+00,-4.005028435905194861e+00,0.000000000000000000e+00,0.000000000000000000e+00,-3.765098521543413512e-01,0.000000000000000000e+00,0.000000000000000000e+00,0.000000000000000000e+00,0.000000000000000000e+00,0.000000000000000000e+00,2.252612995032429399e+00
2.118387818362094549e+03,-2.118643342378865625e-03,0.000000000000000000e+00,-1.435445025906430828e+03,0.000000000000000000e+00,3.630887116970491661e+03,0.000000000000000000e+00,0.000000000000000000e+00,7.138803974421464773e+03,-7.138803974421464773e+03,6.562782379343019556e+02,0.000000000000000000e+00,0.000000000000000000e+00,0.000000000000000000e+00,0.000000000000000000e+00,-2.789430555225672833e+03,0.000000000000000000e+00,5.605683891414598293e+03,0.000000000000000000e+00,-5.000000000000000000e-01,0.000000000000000000e+00,0.000000000000000000e+00,0.000000000000000000e+00,0.000000000000000000e+00,-7.203389841962437590e-02,0.000000000000000000e+00,0.000000000000000000e+00,-7.646507295618800271e+00,0.000000000000000000e+00,0.000000000000000000e+00,0.000000000000000000e+00,0.000000000000000000e+00,-4.005028435905194861e+00,0.000000000000000000e+00,0.000000000000000000e+00,-3.765098521543413512e-01,0.000000000000000000e+00,0.000000000000000000e+00,0.000000000000000000e+00,0.000000000000000000e+00,0.000000000000000000e+00,2.252612995032429399e+00
1.495531045591889665e+02,-2.118643342378865625e-03,0.000000000000000000e+00,-1.228885500378270734e+02,0.000000000000000000e+00,3.494959272989819397e+02,0.000000000000000000e+00,0.000000000000000000e+00,1.888578070947049355e+03,-1.888578070947049355e+03,0.000000000000000000e+00,0.000000000000000000e+00,0.000000000000000000e+00,0.000000000000000000e+00,-6.562782379343019556e+02,-1.643176034884649539e+02,0.000000000000000000e+00,1.668014463808786559e+03,0.000000000000000000e+00,-5.000000000000000000e-01,0.000000000000000000e+00,0.000000000000000000e+00,0.000000000000000000e+00,0.000000000000000000e+00,-7.203389841962437590e-02,0.000000000000000000e+00,0.000000000000000000e+00,-7.646507295618800271e+00,0.000000000000000000e+00,0.000000000000000000e+00,0.000000000000000000e+00,0.000000000000000000e+00,-4.005028435905194861e+00,0.000000000000000000e+00,0.000000000000000000e+00,-3.765098521543413512e-01,0.000000000000000000e+00,0.000000000000000000e+00,0.000000000000000000e+00,0.000000000000000000e+00,0.000000000000000000e+00,2.252612995032429399e+00
2.141327340248951259e+03,-2.118643342378865625e-03,0.000000000000000000e+00,-1.450738040497668635e+03,0.000000000000000000e+00,3.669119653448585723e+03,0.000000000000000000e+00,0.000000000000000000e+00,7.199976032786415090e+03,-7.199976032786415090e+03,6.639247452299207453e+02,0.000000000000000000e+00,0.000000000000000000e+00,0.000000000000000000e+00,7.646507295618800271e+00,-2.820016584408147992e+03,0.000000000000000000e+00,5.651562935188310803e+03,0.000000000000000000e+00,-5.000000000000000000e-01,0.000000000000000000e+00,0.000000000000000000e+00,0.000000000000000000e+00,0.000000000000000000e+00,-7.203389841962437590e-02,0.000000000000000000e+00,0.000000000000000000e+00,-7.646507295618800271e+00,0.000000000000000000e+00,0.000000000000000000e+00,0.000000000000000000e+00,0.000000000000000000e+00,-4.005028435905194861e+00,0.000000000000000000e+00,0.000000000000000000e+00,-3.765098521543413512e-01,0.000000000000000000e+00,0.000000000000000000e+00,0.000000000000000000e+00,0.000000000000000000e+00,0.000000000000000000e+00,2.252612995032429399e+00
0.000000000000000000e+00,-2.118643342378865625e-03,0.000000000000000000e+00,-4.811199775823258307e+01,0.000000000000000000e+00,1.002407530336670050e+02,0.000000000000000000e+00,0.000000000000000000e+00,1.340216687563356345e+03,-1.340216687563356345e+03,0.000000000000000000e+00,0.000000000000000000e+00,0.000000000000000000e+00,0.000000000000000000e+00,-6.064272030812389858e+02,-1.476449892927597674e+01,0.000000000000000000e+00,1.244280667557751258e+03,0.000000000000000000e+00,-5.000000000000000000e-01,0.000000000000000000e+00,0.000000000000000000e+00,0.000000000000000000e+00,2.492551742653149560e+01,-7.203389841962437590e-02,0.000000000000000000e+00,0.000000000000000000e+00,-7.646507295618800271e+00,0.000000000000000000e+00,0.000000000000000000e+00,0.000000000000000000e+00,0.000000000000000000e+00,-4.005028435905194861e+00,0.000000000000000000e+00,0.000000000000000000e+00,-3.765098521543413512e-01,0.000000000000000000e+00,0.000000000000000000e+00,0.000000000000000000e+00,0.000000000000000000e+00,0.000000000000000000e+00,2.252612995032429399e+00
0.000000000000000000e+00,-2.118643342378865625e-03,0.000000000000000000e+00,-2.536990009793269962e+02,0.000000000000000000e+00,1.369950417114646086e+02,0.000000000000000000e+00,0.000000000000000000e+00,4.864889845740320879e+02,-4.864889845740320879e+02,3.652311455949417791e+02,0.000000000000000000e+00,0.000000000000000000e+00,0.000000000000000000e+00,1.224079338034350428e+01,-3.799956445242177665e+02,0.000000000000000000e+00,5.318199626033754157e+02,0.000000000000000000e+00,-5.000000000000000000e-01,0.000000000000000000e+00,0.000000000000000000e+00,0.000000000000000000e+00,2.213239484781765043e+02,-7.203389841962437590e-02,0.000000000000000000e+00,0.000000000000000000e+00,-1.224079338034350428e+01,0.000000000000000000e+00,0.000000000000000000e+00,0.000000000000000000e+00,0.000000000000000000e+00,-4.005028435905194861e+00,9.188572169449406246e+00,0.000000000000000000e+00,-3.765098521543413512e-01,0.000000000000000000e+00,0.000000000000000000e+00,0.000000000000000000e+00,0.000000000000000000e+00,0.000000000000000000e+00,2.252612995032429399e+00
0.000000000000000000e+00,-2.118643342378865625e-03,0.000000000000000000e+00,-3.863075959330482760e+02,0.000000000000000000e+00,2.349213887542126429e+02,0.000000000000000000e+00,0.000000000000000000e+00,7.027430009601006304e+02,-7.027430009601006304e+02,5.080404016989493243e+02,0.000000000000000000e+00,0.000000000000000000e+00,0.000000000000000000e+00,0.000000000000000000e+00,-5.228049006282252549e+02,0.000000000000000000e+00,7.093114666183562349e+02,0.000000000000000000e+00,-5.000000000000000000e-01,0.000000000000000000e+00,0.000000000000000000e+00,0.000000000000000000e+00,3.294509566712107471e+02,-7.203389841962437590e-02,0.000000000000000000e+00,0.000000000000000000e+00,-2.448158676068700856e+01,0.000000000000000000e+00,0.000000000000000000e+00,0.000000000000000000e+00,0.000000000000000000e+00,-4.005028435905194861e+00,3.367015893013640948e+01,0.000000000000000000e+00,-3.765098521543413512e-01,0.000000000000000000e+00,0.000000000000000000e+00,0.000000000000000000e+00,0.000000000000000000e+00,0.000000000000000000e+00,2.252612995032429399e+00
0.000000000000000000e+00,-2.118643342378865625e-03,0.000000000000000000e+00,-7.878902312470027880e+01,0.000000000000000000e+00,1.479605702703945269e+02,0.000000000000000000e+00,0.000000000000000000e+00,1.919671611152190735e+03,-1.919671611152190735e+03,0.000000000000000000e+00,0.000000000000000000e+00,0.000000000000000000e+00,2.045135024431179716e+01,-8.552519643870324444e+02,-5.566719941789956749e+01,0.000000000000000000e+00,1.779424332283909962e+03,0.000000000000000000e+00,-5.000000000000000000e-01,0.000000000000000000e+00,0.000000000000000000e+00,0.000000000000000000e+00,4.878542604489526013e+01,-7.203389841962437590e-02,0.000000000000000000e+00,0.000000000000000000e+00,-1.787218241777469885e+01,0.000000000000000000e+00,0.000000000000000000e+00,0.000000000000000000e+00,0.000000000000000000e+00,-4.005028435905194861e+00,0.000000000000000000e+00,0.000000000000000000e+00,-3.765098521543413512e-01,0.000000000000000000e+00,0.000000000000000000e+00,0.000000000000000000e+00,0.000000000000000000e+00,0.000000000000000000e+00,2.252612995032429399e+00
0.000000000000000000e+00,-2.118643342378865625e-03,0.000000000000000000e+00,-2.970700598259020353e+02,0.000000000000000000e+00,1.479605702703945269e+02,0.000000000000000000e+00,0.000000000000000000e+00,6.099853909449798266e+02,-6.099853909449798266e+02,4.365620734024035983e+02,0.000000000000000000e+00,0.000000000000000000e+00,2.045135024431179716e+01,1.787218241777469885e+01,-4.922292728203031515e+02,0.000000000000000000e+00,6.880191487779009094e+02,0.000000000000000000e+00,-5.000000000000000000e-01,0.000000000000000000e+00,0.000000000000000000e+00,0.000000000000000000e+00,2.670664627460970451e+02,-7.203389841962437590e-02,0.000000000000000000e+00,0.000000000000000000e+00,-1.787218241777469885e+01,0.000000000000000000e+00,0.000000000000000000e+00,0.000000000000000000e+00,0.000000000000000000e+00,-4.005028435905194861e+00,0.000000000000000000e+00,0.000000000000000000e+00,-3.765098521543413512e-01,0.000000000000000000e+00,0.000000000000000000e+00,0.000000000000000000e+00,0.000000000000000000e+00,0.000000000000000000e+00,2.252612995032429399e+00
0.000000000000000000e+00,-2.118643342378865625e-03,0.000000000000000000e+00,-2.926020142214583757e+02,0.000000000000000000e+00,1.479605702703945269e+02,0.000000000000000000e+00,0.000000000000000000e+00,6.367936645716418980e+02,-6.367936645716418980e+02,4.276259821935162222e+02,0.000000000000000000e+00,0.000000000000000000e+00,2.045135024431179716e+01,0.000000000000000000e+00,-4.832931816114158323e+02,0.000000000000000000e+00,7.103593768001193212e+02,0.000000000000000000e+00,-5.000000000000000000e-01,0.000000000000000000e+00,0.000000000000000000e+00,0.000000000000000000e+00,2.625984171416533854e+02,-7.203389841962437590e-02,0.000000000000000000e+00,0.000000000000000000e+00,-1.787218241777469885e+01,0.000000000000000000e+00,0.000000000000000000e+00,0.000000000000000000e+00,0.000000000000000000e+00,-4.005028435905194861e+00,0.000000000000000000e+00,0.000000000000000000e+00,-3.765098521543413512e-01,0.000000000000000000e+00,0.000000000000000000e+00,0.000000000000000000e+00,0.000000000000000000e+00,0.000000000000000000e+00,2.252612995032429399e+00
0.000000000000000000e+00,-2.118643342378865625e-03,0.000000000000000000e+00,-3.491386354527820117e+02,0.000000000000000000e+00,1.847148589481921590e+02,0.000000000000000000e+00,0.000000000000000000e+00,6.773682535209421758e+02,-6.773682535209421758e+02,4.947563638089164897e+02,0.000000000000000000e+00,0.000000000000000000e+00,2.045135024431179716e+01,2.246646850249940286e+01,-5.504235632268159861e+02,0.000000000000000000e+00,7.431505817945973149e+02,0.000000000000000000e+00,-5.000000000000000000e-01,0.000000000000000000e+00,0.000000000000000000e+00,0.000000000000000000e+00,3.099464662035276206e+02,-7.203389841962437590e-02,0.000000000000000000e+00,0.000000000000000000e+00,-2.246646850249940286e+01,0.000000000000000000e+00,0.000000000000000000e+00,0.000000000000000000e+00,0.000000000000000000e+00,-4.005028435905194861e+00,9.188572169449406246e+00,0.000000000000000000e+00,-3.765098521543413512e-01,0.000000000000000000e+00,0.000000000000000000e+00,0.000000000000000000e+00,0.000000000000000000e+00,0.000000000000000000e+00,2.252612995032429399e+00
0.000000000000000000e+00,-2.118643342378865625e-03,0.000000000000000000e+00,-3.100454926307237358e+01,0.000000000000000000e+00,6.815707365968204101e+01,0.000000000000000000e+00,0.000000000000000000e+00,1.115017919511596574e+03,-1.115017919511596574e+03,2.663867765098129325e+01,0.000000000000000000e+00,0.000000000000000000e+00,0.000000000000000000e+00,-5.316368558406478542e+02,0.000000000000000000e+00,0.000000000000000000e+00,1.047191887789390421e+03,0.000000000000000000e+00,-5.000000000000000000e-01,0.000000000000000000e+00,0.000000000000000000e+00,0.000000000000000000e+00,0.000000000000000000e+00,-7.203389841962437590e-02,0.000000000000000000e+00,0.000000000000000000e+00,-7.896745341435638998e+00,0.000000000000000000e+00,0.000000000000000000e+00,0.000000000000000000e+00,0.000000000000000000e+00,-4.005028435905194861e+00,0.000000000000000000e+00,0.000000000000000000e+00,-3.765098521543413512e-01,0.000000000000000000e+00,0.000000000000000000e+00,0.000000000000000000e+00,5.004760916336775667e-01,0.000000000000000000e+00,2.252612995032429399e+00
0.000000000000000000e+00,-2.118643342378865625e-03,0.000000000000000000e+00,-5.925253775631922508e+02,0.000000000000000000e+00,3.644466069681873819e+02,0.000000000000000000e+00,0.000000000000000000e+00,1.074275863731764957e+03,-1.074275863731764957e+03,7.568651630047428398e+02,0.000000000000000000e+00,0.000000000000000000e+00,2.045135024431179716e+01,0.000000000000000000e+00,-8.125323624226424499e+02,0.000000000000000000e+00,1.068914375080838681e+03,0.000000000000000000e+00,-5.000000000000000000e-01,0.000000000000000000e+00,0.000000000000000000e+00,0.000000000000000000e+00,5.084002713089390113e+02,-7.203389841962437590e-02,0.000000000000000000e+00,0.000000000000000000e+00,-4.493293700499880572e+01,0.000000000000000000e+00,0.000000000000000000e+00,0.000000000000000000e+00,0.000000000000000000e+00,-4.005028435905194861e+00,5.412150917444820664e+01,0.000000000000000000e+00,-3.765098521543413512e-01,0.000000000000000000e+00,0.000000000000000000e+00,0.000000000000000000e+00,0.000000000000000000e+00,0.000000000000000000e+00,2.252612995032429399e+00
0.000000000000000000e+00,-2.118643342378865625e-03,0.000000000000000000e+00,-3.000359707980501867e+01,0.000000000000000000e+00,6.615516929314733829e+01,0.000000000000000000e+00,0.000000000000000000e+00,1.108011254228725193e+03,-1.108011254228725193e+03,2.513724937608026266e+01,0.000000000000000000e+00,0.000000000000000000e+00,0.000000000000000000e+00,-5.288842373366626362e+02,1.000952183267355133e+00,0.000000000000000000e+00,1.041686650781419985e+03,0.000000000000000000e+00,-5.000000000000000000e-01,0.000000000000000000e+00,0.000000000000000000e+00,0.000000000000000000e+00,0.000000000000000000e+00,-7.203389841962437590e-02,0.000000000000000000e+00,0.000000000000000000e+00,-7.646507295618800271e+00,0.000000000000000000e+00,0.000000000000000000e+00,0.000000000000000000e+00,0.000000000000000000e+00,-4.005028435905194861e+00,0.000000000000000000e+00,0.000000000000000000e+00,-3.765098521543413512e-01,0.000000000000000000e+00,0.000000000000000000e+00,0.000000000000000000e+00,0.000000000000000000e+00,0.000000000000000000e+00,2.252612995032429399e+00
0.000000000000000000e+00,-2.118643342378865625e-03,0.000000000000000000e+00,-3.050407317143869790e+01,0.000000000000000000e+00,6.615516929314733829e+01,0.000000000000000000e+00,0.000000000000000000e+00,1.105008397678923075e+03,-1.105008397678923075e+03,2.613820155934761758e+01,0.000000000000000000e+00,0.000000000000000000e+00,0.000000000000000000e+00,-5.268823329701280045e+02,0.000000000000000000e+00,0.000000000000000000e+00,1.039184270323251440e+03,0.000000000000000000e+00,-5.000000000000000000e-01,0.000000000000000000e+00,0.000000000000000000e+00,0.000000000000000000e+00,5.004760916336775667e-01,-7.203389841962437590e-02,0.000000000000000000e+00,0.000000000000000000e+00,-7.646507295618800271e+00,0.000000000000000000e+00,0.000000000000000000e+00,0.000000000000000000e+00,0.000000000000000000e+00,-4.005028435905194861e+00,0.000000000000000000e+00,0.000000000000000000e+00,-3.765098521543413512e-01,0.000000000000000000e+00,0.000000000000000000e+00,0.000000000000000000e+00,0.000000000000000000e+00,0.000000000000000000e+00,2.252612995032429399e+00
3.336507277557850260e-01,-2.118643342378865625e-03,0.000000000000000000e+00,-3.033724780756080364e+01,0.000000000000000000e+00,6.615516929314733829e+01,0.000000000000000000e+00,0.000000000000000000e+00,1.102672842584632690e+03,-1.102672842584632690e+03,2.647185228710340255e+01,0.000000000000000000e+00,0.000000000000000000e+00,0.000000000000000000e+00,-5.258813807868606318e+02,0.000000000000000000e+00,0.000000000000000000e+00,1.037015540592838988e+03,0.000000000000000000e+00,-5.000000000000000000e-01,0.000000000000000000e+00,0.000000000000000000e+00,0.000000000000000000e+00,0.000000000000000000e+00,-7.203389841962437590e-02,0.000000000000000000e+00,0.000000000000000000e+00,-7.646507295618800271e+00,0.000000000000000000e+00,0.000000000000000000e+00,0.000000000000000000e+00,0.000000000000000000e+00,-4.005028435905194861e+00,0.000000000000000000e+00,0.000000000000000000e+00,-3.765098521543413512e-01,0.000000000000000000e+00,0.000000000000000000e+00,0.000000000000000000e+00,0.000000000000000000e+00,0.000000000000000000e+00,2.252612995032429399e+00
0.000000000000000000e+00,-2.118643342378865625e-03,0.000000000000000000e+00,-3.060416838976543019e+01,0.000000000000000000e+00,6.715612147641469676e+01,0.000000000000000000e+00,0.000000000000000000e+00,1.109212396848645994e+03,-1.109212396848645994e+03,2.653858243265455741e+01,0.000000000000000000e+00,0.000000000000000000e+00,0.000000000000000000e+00,-5.287841421183359216e+02,0.000000000000000000e+00,0.000000000000000000e+00,1.042487412528033701e+03,0.000000000000000000e+00,-5.000000000000000000e-01,0.000000000000000000e+00,2.001904366534710267e-01,0.000000000000000000e+00,0.000000000000000000e+00,-7.203389841962437590e-02,0.000000000000000000e+00,0.000000000000000000e+00,-7.746602513945536117e+00,0.000000000000000000e+00,0.000000000000000000e+00,0.000000000000000000e+00,0.000000000000000000e+00,-4.005028435905194861e+00,0.000000000000000000e+00,0.000000000000000000e+00,-3.765098521543413512e-01,0.000000000000000000e+00,0.000000000000000000e+00,0.000000000000000000e+00,0.000000000000000000e+00,0.000000000000000000e+00,2.252612995032429399e+00
0.000000000000000000e+00,-2.118643342378865625e-03,0.000000000000000000e+00,-8.428190456503496364e+01,0.000000000000000000e+00,2.546278172165511080e+02,0.000000000000000000e+00,0.000000000000000000e+00,2.819893289174399342e+03,-2.819893289174399342e+03,0.000000000000000000e+00,0.000000000000000000e+00,0.000000000000000000e+00,0.000000000000000000e+00,-1.330797185370086709e+03,0.000000000000000000e+00,0.000000000000000000e+00,2.538957836244342616e+03,0.000000000000000000e+00,-5.000000000000000000e-01,0.000000000000000000e+00,0.000000000000000000e+00,2.663867765098129325e+01,0.000000000000000000e+00,-7.203389841962437590e-02,0.000000000000000000e+00,0.000000000000000000e+00,-3.453542299241693314e+01,0.000000000000000000e+00,0.000000000000000000e+00,0.000000000000000000e+00,0.000000000000000000e+00,-4.005028435905194861e+00,0.000000000000000000e+00,0.000000000000000000e+00,-3.765098521543413512e-01,0.000000000000000000e+00,0.000000000000000000e+00,0.000000000000000000e+00,5.004760916336775667e-01,0.000000000000000000e+00,2.252612995032429399e+00
3.336507277557850260e-01,-2.118643342378865625e-03,0.000000000000000000e+00,-8.328095238176760517e+01,0.000000000000000000e+00,2.514581353028711419e+02,0.000000000000000000e+00,0.000000000000000000e+00,2.796871388959250453e+03,-2.796871388959250453e+03,0.000000000000000000e+00,0.000000000000000000e+00,0.000000000000000000e+00,0.000000000000000000e+00,-1.320036949399962623e+03,0.000000000000000000e+00,0.000000000000000000e+00,2.519439268670629190e+03,0.000000000000000000e+00,-5.000000000000000000e-01,0.000000000000000000e+00,0.000000000000000000e+00,2.647185228710340255e+01,0.000000000000000000e+00,-7.203389841962437590e-02,0.000000000000000000e+00,0.000000000000000000e+00,-3.411835958272219926e+01,0.000000000000000000e+00,0.000000000000000000e+00,0.000000000000000000e+00,0.000000000000000000e+00,-4.005028435905194861e+00,0.000000000000000000e+00,0.000000000000000000e+00,-3.765098521543413512e-01,0.000000000000000000e+00,0.000000000000000000e+00,0.000000000000000000e+00,0.000000000000000000e+00,0.000000000000000000e+00,2.252612995032429399e+00
0.000000000000000000e+00,-2.118643342378865625e-03,0.000000000000000000e+00,-8.278047629013393305e+01,0.000000000000000000e+00,2.491225802085806436e+02,0.000000000000000000e+00,0.000000000000000000e+00,2.777853297477170599e+03,-2.777853297477170599e+03,0.000000000000000000e+00,0.000000000000000000e+00,0.000000000000000000e+00,0.000000000000000000e+00,-1.311028379750556496e+03,0.000000000000000000e+00,0.000000000000000000e+00,2.502923557646718109e+03,0.000000000000000000e+00,-5.000000000000000000e-01,0.000000000000000000e+00,0.000000000000000000e+00,2.613820155934761758e+01,5.004760916336775667e-01,-7.203389841962437590e-02,0.000000000000000000e+00,0.000000000000000000e+00,-3.378470885496641785e+01,0.000000000000000000e+00,0.000000000000000000e+00,0.000000000000000000e+00,0.000000000000000000e+00,-4.005028435905194861e+00,0.000000000000000000e+00,0.000000000000000000e+00,-3.765098521543413512e-01,0.000000000000000000e+00,0.000000000000000000e+00,0.000000000000000000e+00,0.000000000000000000e+00,0.000000000000000000e+00,2.252612995032429399e+00
0.000000000000000000e+00,-2.118643342378865625e-03,0.000000000000000000e+00,-8.027809583196554399e+01,0.000000000000000000e+00,2.421159149257091769e+02,0.000000000000000000e+00,0.000000000000000000e+00,2.716795214297862003e+03,-2.716795214297862003e+03,0.000000000000000000e+00,0.000000000000000000e+00,0.000000000000000000e+00,0.000000000000000000e+00,-1.283001718619070516e+03,1.000952183267355133e+00,0.000000000000000000e+00,2.449372615841914467e+03,0.000000000000000000e+00,-5.000000000000000000e-01,0.000000000000000000e+00,0.000000000000000000e+00,2.513724937608026266e+01,0.000000000000000000e+00,-7.203389841962437590e-02,0.000000000000000000e+00,0.000000000000000000e+00,-3.278375667169905938e+01,0.000000000000000000e+00,0.000000000000000000e+00,0.000000000000000000e+00,0.000000000000000000e+00,-4.005028435905194861e+00,0.000000000000000000e+00,0.000000000000000000e+00,-3.765098521543413512e-01,0.000000000000000000e+00,0.000000000000000000e+00,0.000000000000000000e+00,0.000000000000000000e+00,0.000000000000000000e+00,2.252612995032429399e+00
0.000000000000000000e+00,-2.118643342378865625e-03,0.000000000000000000e+00,-8.368133325507454856e+01,0.000000000000000000e+00,2.529261985049966199e+02,0.000000000000000000e+00,0.000000000000000000e+00,2.807681672538537896e+03,-2.807681672538537896e+03,0.000000000000000000e+00,0.000000000000000000e+00,0.000000000000000000e+00,0.000000000000000000e+00,-1.324941615097972772e+03,0.000000000000000000e+00,0.000000000000000000e+00,2.528648028756689200e+03,0.000000000000000000e+00,-5.000000000000000000e-01,0.000000000000000000e+00,2.001904366534710267e-01,2.653858243265455741e+01,0.000000000000000000e+00,-7.203389841962437590e-02,0.000000000000000000e+00,0.000000000000000000e+00,-3.428518494660008997e+01,0.000000000000000000e+00,0.000000000000000000e+00,0.000000000000000000e+00,0.000000000000000000e+00,-4.005028435905194861e+00,0.000000000000000000e+00,0.000000000000000000e+00,-3.765098521543413512e-01,0.000000000000000000e+00,0.000000000000000000e+00,0.000000000000000000e+00,0.000000000000000000e+00,0.000000000000000000e+00,2.252612995032429399e+00
0.000000000000000000e+00,-2.118643342378865625e-03,0.000000000000000000e+00,-2.373443407244809293e+02,0.000000000000000000e+00,1.112062815925968948e+02,0.000000000000000000e+00,0.000000000000000000e+00,4.721568084032388128e+02,-4.721568084032388128e+02,3.722420682162577350e+02,0.000000000000000000e+00,0.000000000000000000e+00,1.126277807486239091e+01,1.327789633304999661e+01,-3.911549789563596846e+02,0.000000000000000000e+00,5.455962801514351668e+02,0.000000000000000000e+00,-5.000000000000000000e-01,0.000000000000000000e+00,0.000000000000000000e+00,0.000000000000000000e+00,2.073407436446759107e+02,-7.203389841962437590e-02,0.000000000000000000e+00,0.000000000000000000e+00,-1.327789633304999661e+01,0.000000000000000000e+00,0.000000000000000000e+00,0.000000000000000000e+00,0.000000000000000000e+00,-4.005028435905194861e+00,0.000000000000000000e+00,0.000000000000000000e+00,-3.765098521543413512e-01,0.000000000000000000e+00,0.000000000000000000e+00,0.000000000000000000e+00,0.000000000000000000e+00,0.000000000000000000e+00,2.252612995032429399e+00
0.000000000000000000e+00,-2.118643342378865625e-03,0.000000000000000000e+00,-4.876366769705990123e+01,0.000000000000000000e+00,1.391935473956321516e+02,0.000000000000000000e+00,0.000000000000000000e+00,1.718827946267172592e+03,-1.718827946267172592e+03,0.000000000000000000e+00,0.000000000000000000e+00,0.000000000000000000e+00,8.879559216993763826e+00,-8.069031915674546553e+02,0.000000000000000000e+00,0.000000000000000000e+00,1.571085881592022588e+03,0.000000000000000000e+00,-5.000000000000000000e-01,0.000000000000000000e+00,0.000000000000000000e+00,0.000000000000000000e+00,0.000000000000000000e+00,-7.203389841962437590e-02,0.000000000000000000e+00,0.000000000000000000e+00,-1.677630455842940194e+01,0.000000000000000000e+00,0.000000000000000000e+00,0.000000000000000000e+00,0.000000000000000000e+00,-4.005028435905194861e+00,0.000000000000000000e+00,0.000000000000000000e+00,-3.765098521543413512e-01,0.000000000000000000e+00,0.000000000000000000e+00,0.000000000000000000e+00,9.380035308627441282e+00,0.000000000000000000e+00,2.252612995032429399e+00
9.215144161985595872e+01,-2.118643342378865625e-03,0.000000000000000000e+00,-1.221550386996609774e+02,0.000000000000000000e+00,1.112062815925968948e+02,0.000000000000000000e+00,0.000000000000000000e+00,2.417782043535988805e+02,-2.417782043535988805e+02,3.261663474063297485e+02,0.000000000000000000e+00,0.000000000000000000e+00,1.126277807486239091e+01,1.327789633304999661e+01,-2.529278165265757536e+02,0.000000000000000000e+00,2.921798156968312696e+02,0.000000000000000000e+00,-5.000000000000000000e-01,0.000000000000000000e+00,0.000000000000000000e+00,0.000000000000000000e+00,0.000000000000000000e+00,-7.203389841962437590e-02,0.000000000000000000e+00,0.000000000000000000e+00,-1.327789633304999661e+01,0.000000000000000000e+00,0.000000000000000000e+00,0.000000000000000000e+00,0.000000000000000000e+00,-4.005028435905194861e+00,0.000000000000000000e+00,0.000000000000000000e+00,-3.765098521543413512e-01,0.000000000000000000e+00,0.000000000000000000e+00,0.000000000000000000e+00,0.000000000000000000e+00,0.000000000000000000e+00,2.252612995032429399e+00
0.000000000000000000e+00,-2.118643342378865625e-03,0.000000000000000000e+00,-3.838268020516510148e+01,0.000000000000000000e+00,9.967150179458768378e+01,0.000000000000000000e+00,0.000000000000000000e+00,1.404072191324781670e+03,-1.404072191324781670e+03,0.000000000000000000e+00,0.000000000000000000e+00,0.000000000000000000e+00,0.000000000000000000e+00,-6.811042474473708808e+02,2.613820155934761758e+01,0.000000000000000000e+00,1.287473089125315937e+03,0.000000000000000000e+00,-5.000000000000000000e-01,0.000000000000000000e+00,0.000000000000000000e+00,0.000000000000000000e+00,0.000000000000000000e+00,-7.203389841962437590e-02,0.000000000000000000e+00,0.000000000000000000e+00,-1.183604885829884346e+01,0.000000000000000000e+00,0.000000000000000000e+00,0.000000000000000000e+00,0.000000000000000000e+00,-4.005028435905194861e+00,8.379083125360086370e+00,0.000000000000000000e+00,-3.765098521543413512e-01,0.000000000000000000e+00,0.000000000000000000e+00,0.000000000000000000e+00,0.000000000000000000e+00,0.000000000000000000e+00,2.252612995032429399e+00
0.000000000000000000e+00,-2.118643342378865625e-03,0.000000000000000000e+00,-1.613205887191597867e+02,0.000000000000000000e+00,6.615516929314733829e+01,0.000000000000000000e+00,0.000000000000000000e+00,3.201093043925965276e+02,-3.201093043925965276e+02,2.877712326547897987e+02,0.000000000000000000e+00,0.000000000000000000e+00,0.000000000000000000e+00,-3.616270779243589750e+00,-2.616330310954421634e+02,0.000000000000000000e+00,3.851016925846460595e+02,0.000000000000000000e+00,-5.000000000000000000e-01,0.000000000000000000e+00,0.000000000000000000e+00,0.000000000000000000e+00,1.313169916393547680e+02,-7.203389841962437590e-02,0.000000000000000000e+00,0.000000000000000000e+00,-7.646507295618800271e+00,0.000000000000000000e+00,0.000000000000000000e+00,0.000000000000000000e+00,0.000000000000000000e+00,-4.005028435905194861e+00,0.000000000000000000e+00,0.000000000000000000e+00,-3.765098521543413512e-01,0.000000000000000000e+00,0.000000000000000000e+00,0.000000000000000000e+00,0.000000000000000000e+00,0.000000000000000000e+00,2.252612995032429399e+00
0.000000000000000000e+00,-2.118643342378865625e-03,0.000000000000000000e+00,-1.775938072257559384e+02,0.000000000000000000e+00,7.579855803779690859e+01,0.000000000000000000e+00,0.000000000000000000e+00,3.526557414057888309e+02,-3.526557414057888309e+02,3.058525865510077324e+02,0.000000000000000000e+00,0.000000000000000000e+00,2.410847186162393019e+00,0.000000000000000000e+00,-2.893577737363096958e+02,0.000000000000000000e+00,4.194562649874602016e+02,0.000000000000000000e+00,-5.000000000000000000e-01,0.000000000000000000e+00,0.000000000000000000e+00,0.000000000000000000e+00,1.475902101459509197e+02,-7.203389841962437590e-02,0.000000000000000000e+00,0.000000000000000000e+00,-8.851930888699996558e+00,0.000000000000000000e+00,0.000000000000000000e+00,0.000000000000000000e+00,0.000000000000000000e+00,-4.005028435905194861e+00,0.000000000000000000e+00,0.000000000000000000e+00,-3.765098521543413512e-01,0.000000000000000000e+00,0.000000000000000000e+00,0.000000000000000000e+00,0.000000000000000000e+00,0.000000000000000000e+00,2.252612995032429399e+00
0.000000000000000000e+00,-2.118643342378865625e-03,0.000000000000000000e+00,-1.830182133946213412e+02,0.000000000000000000e+00,1.023178770855832340e+02,0.000000000000000000e+00,0.000000000000000000e+00,3.635045537435195797e+02,-3.635045537435195797e+02,3.383990235642000926e+02,0.000000000000000000e+00,0.000000000000000000e+00,0.000000000000000000e+00,0.000000000000000000e+00,-2.977957388878780876e+02,0.000000000000000000e+00,4.140318588185947988e+02,0.000000000000000000e+00,-5.000000000000000000e-01,0.000000000000000000e+00,7.232541558487179501e+00,0.000000000000000000e+00,1.313169916393547680e+02,-7.203389841962437590e-02,0.000000000000000000e+00,0.000000000000000000e+00,-1.126277807486239091e+01,0.000000000000000000e+00,0.000000000000000000e+00,0.000000000000000000e+00,0.000000000000000000e+00,-4.005028435905194861e+00,0.000000000000000000e+00,0.000000000000000000e+00,-3.765098521543413512e-01,0.000000000000000000e+00,0.000000000000000000e+00,0.000000000000000000e+00,0.000000000000000000e+00,0.000000000000000000e+00,2.252612995032429399e+00
0.000000000000000000e+00,-2.118643342378865625e-03,0.000000000000000000e+00,-3.703862356127559963e+01,0.000000000000000000e+00,9.229337085249495942e+01,0.000000000000000000e+00,0.000000000000000000e+00,1.418666816391094471e+03,-1.418666816391094471e+03,0.000000000000000000e+00,0.000000000000000000e+00,0.000000000000000000e+00,6.534550389836904394e+00,-6.673751663516213739e+02,0.000000000000000000e+00,0.000000000000000000e+00,1.320169937086238406e+03,0.000000000000000000e+00,-5.000000000000000000e-01,0.000000000000000000e+00,0.000000000000000000e+00,0.000000000000000000e+00,7.035026481470581849e+00,-7.203389841962437590e-02,0.000000000000000000e+00,0.000000000000000000e+00,-1.091378249053725291e+01,0.000000000000000000e+00,0.000000000000000000e+00,0.000000000000000000e+00,0.000000000000000000e+00,-4.005028435905194861e+00,0.000000000000000000e+00,0.000000000000000000e+00,-3.765098521543413512e-01,0.000000000000000000e+00,0.000000000000000000e+00,0.000000000000000000e+00,0.000000000000000000e+00,0.000000000000000000e+00,2.252612995032429399e+00
5.836310739526879132e+01,-2.118643342378865625e-03,0.000000000000000000e+00,-8.836670447507380288e+01,0.000000000000000000e+00,6.615516929314733829e+01,0.000000000000000000e+00,0.000000000000000000e+00,1.742015359044245315e+02,-1.742015359044245315e+02,2.585896789571553995e+02,0.000000000000000000e+00,0.000000000000000000e+00,0.000000000000000000e+00,-3.616270779243589750e+00,-1.740883700025390226e+02,0.000000000000000000e+00,2.246031472476569206e+02,0.000000000000000000e+00,-5.000000000000000000e-01,0.000000000000000000e+00,0.000000000000000000e+00,0.000000000000000000e+00,0.000000000000000000e+00,-7.203389841962437590e-02,0.000000000000000000e+00,0.000000000000000000e+00,-7.646507295618800271e+00,0.000000000000000000e+00,0.000000000000000000e+00,0.000000000000000000e+00,0.000000000000000000e+00,-4.005028435905194861e+00,0.000000000000000000e+00,0.000000000000000000e+00,-3.765098521543413512e-01,0.000000000000000000e+00,0.000000000000000000e+00,0.000000000000000000e+00,0.000000000000000000e+00,0.000000000000000000e+00,2.252612995032429399e+00
6.559564895375596905e+01,-2.118643342378865625e-03,0.000000000000000000e+00,-9.559924603356098771e+01,0.000000000000000000e+00,7.579855803779690859e+01,0.000000000000000000e+00,0.000000000000000000e+00,1.886666190213989012e+02,-1.886666190213989012e+02,2.730547620741297692e+02,0.000000000000000000e+00,0.000000000000000000e+00,2.410847186162393019e+00,0.000000000000000000e+00,-1.909643003056757777e+02,0.000000000000000000e+00,2.390682303646312619e+02,0.000000000000000000e+00,-5.000000000000000000e-01,0.000000000000000000e+00,0.000000000000000000e+00,0.000000000000000000e+00,0.000000000000000000e+00,-7.203389841962437590e-02,0.000000000000000000e+00,0.000000000000000000e+00,-8.851930888699996558e+00,0.000000000000000000e+00,0.000000000000000000e+00,0.000000000000000000e+00,0.000000000000000000e+00,-4.005028435905194861e+00,0.000000000000000000e+00,0.000000000000000000e+00,-3.765098521543413512e-01,0.000000000000000000e+00,0.000000000000000000e+00,0.000000000000000000e+00,0.000000000000000000e+00,0.000000000000000000e+00,2.252612995032429399e+00
5.836310739526879132e+01,-2.118643342378865625e-03,0.000000000000000000e+00,-1.100643291505353432e+02,0.000000000000000000e+00,1.023178770855832340e+02,0.000000000000000000e+00,0.000000000000000000e+00,2.175967852553476121e+02,-2.175967852553476121e+02,3.092174698665656933e+02,0.000000000000000000e+00,0.000000000000000000e+00,0.000000000000000000e+00,0.000000000000000000e+00,-2.102510777949749183e+02,0.000000000000000000e+00,2.535333134816056315e+02,0.000000000000000000e+00,-5.000000000000000000e-01,0.000000000000000000e+00,7.232541558487179501e+00,0.000000000000000000e+00,0.000000000000000000e+00,-7.203389841962437590e-02,0.000000000000000000e+00,0.000000000000000000e+00,-1.126277807486239091e+01,0.000000000000000000e+00,0.000000000000000000e+00,0.000000000000000000e+00,0.000000000000000000e+00,-4.005028435905194861e+00,0.000000000000000000e+00,0.000000000000000000e+00,-3.765098521543413512e-01,0.000000000000000000e+00,0.000000000000000000e+00,0.000000000000000000e+00,0.000000000000000000e+00,0.000000000000000000e+00,2.252612995032429399e+00
0.000000000000000000e+00,-2.118643342378865625e-03,0.000000000000000000e+00,-3.203309021099781148e+03,0.000000000000000000e+00,5.354997542659773899e+03,0.000000000000000000e+00,0.000000000000000000e+00,7.454622102268677736e+03,-7.454622102268677736e+03,7.429516572089358306e+03,0.000000000000000000e+00,0.000000000000000000e+00,0.000000000000000000e+00,0.000000000000000000e+00,-5.287841421183359671e+03,0.000000000000000000e+00,5.272760549474721302e+03,0.000000000000000000e+00,-5.000000000000000000e-01,0.000000000000000000e+00,1.057768474673325272e+03,0.000000000000000000e+00,0.000000000000000000e+00,-7.203389841962437590e-02,0.000000000000000000e+00,0.000000000000000000e+00,-5.365307446322814258e+02,0.000000000000000000e+00,0.000000000000000000e+00,0.000000000000000000e+00,0.000000000000000000e+00,-4.005028435905194861e+00,0.000000000000000000e+00,0.000000000000000000e+00,-3.765098521543413512e-01,0.000000000000000000e+00,0.000000000000000000e+00,0.000000000000000000e+00,0.000000000000000000e+00,0.000000000000000000e+00,2.252612995032429399e+00
5.628021185176465657e+00,-2.118643342378865625e-03,0.000000000000000000e+00,-3.563161826498148343e+01,0.000000000000000000e+00,9.792139203767142419e+01,0.000000000000000000e+00,0.000000000000000000e+00,1.446806922316976852e+03,-1.446806922316976852e+03,0.000000000000000000e+00,0.000000000000000000e+00,0.000000000000000000e+00,7.941555686131020586e+00,-6.807417166664155275e+02,0.000000000000000000e+00,0.000000000000000000e+00,1.344089027123238338e+03,0.000000000000000000e+00,-5.000000000000000000e-01,0.000000000000000000e+00,0.000000000000000000e+00,0.000000000000000000e+00,0.000000000000000000e+00,-7.203389841962437590e-02,0.000000000000000000e+00,0.000000000000000000e+00,-1.161728513868431101e+01,0.000000000000000000e+00,0.000000000000000000e+00,0.000000000000000000e+00,0.000000000000000000e+00,-4.005028435905194861e+00,0.000000000000000000e+00,0.000000000000000000e+00,-3.765098521543413512e-01,0.000000000000000000e+00,0.000000000000000000e+00,0.000000000000000000e+00,0.000000000000000000e+00,0.000000000000000000e+00,2.252612995032429399e+00
0.000000000000000000e+00,-2.118643342378865625e-03,0.000000000000000000e+00,-3.000359707980501867e+01,0.000000000000000000e+00,8.291333554386750393e+01,0.000000000000000000e+00,0.000000000000000000e+00,1.334246498613447557e+03,-1.334246498613447557e+03,0.000000000000000000e+00,0.000000000000000000e+00,0.000000000000000000e+00,4.189541562680043185e+00,-6.357175471850038093e+02,9.380035308627441282e+00,0.000000000000000000e+00,1.242784645790062086e+03,0.000000000000000000e+00,-5.000000000000000000e-01,0.000000000000000000e+00,0.000000000000000000e+00,0.000000000000000000e+00,0.000000000000000000e+00,-7.203389841962437590e-02,0.000000000000000000e+00,0.000000000000000000e+00,-9.741278076958822751e+00,0.000000000000000000e+00,0.000000000000000000e+00,0.000000000000000000e+00,0.000000000000000000e+00,-4.005028435905194861e+00,0.000000000000000000e+00,0.000000000000000000e+00,-3.765098521543413512e-01,0.000000000000000000e+00,0.000000000000000000e+00,0.000000000000000000e+00,0.000000000000000000e+00,0.000000000000000000e+00,2.252612995032429399e+00
0.000000000000000000e+00,-2.118643342378865625e-03,0.000000000000000000e+00,-4.055613680201089011e+01,0.000000000000000000e+00,1.169159635376419857e+02,0.000000000000000000e+00,0.000000000000000000e+00,1.576954912224182635e+03,-1.576954912224182635e+03,0.000000000000000000e+00,0.000000000000000000e+00,0.000000000000000000e+00,8.293307010204548746e+00,-7.386048094765110363e+02,0.000000000000000000e+00,0.000000000000000000e+00,1.453835440234179487e+03,0.000000000000000000e+00,-5.000000000000000000e-01,0.000000000000000000e+00,3.517513240735290925e+00,0.000000000000000000e+00,0.000000000000000000e+00,-7.203389841962437590e-02,0.000000000000000000e+00,0.000000000000000000e+00,-1.355191742108872077e+01,0.000000000000000000e+00,0.000000000000000000e+00,0.000000000000000000e+00,0.000000000000000000e+00,-4.005028435905194861e+00,0.000000000000000000e+00,0.000000000000000000e+00,-3.765098521543413512e-01,0.000000000000000000e+00,0.000000000000000000e+00,0.000000000000000000e+00,0.000000000000000000e+00,0.000000000000000000e+00,2.252612995032429399e+00
0.000000000000000000e+00,-2.118643342378865625e-03,0.000000000000000000e+00,-1.688544861759172591e+02,0.000000000000000000e+00,7.218228725855331618e+01,0.000000000000000000e+00,0.000000000000000000e+00,3.351770993061114723e+02,-3.351770993061114723e+02,2.919902152305739946e+02,0.000000000000000000e+00,0.000000000000000000e+00,0.000000000000000000e+00,0.000000000000000000e+00,-2.730845552297135441e+02,0.000000000000000000e+00,3.992654198033501416e+02,0.000000000000000000e+00,-5.000000000000000000e-01,0.000000000000000000e+00,0.000000000000000000e+00,0.000000000000000000e+00,1.400563126891934473e+02,-7.203389841962437590e-02,0.000000000000000000e+00,0.000000000000000000e+00,-7.646507295618800271e+00,0.000000000000000000e+00,0.000000000000000000e+00,0.000000000000000000e+00,0.000000000000000000e+00,-4.005028435905194861e+00,0.000000000000000000e+00,0.000000000000000000e+00,-3.765098521543413512e-01,0.000000000000000000e+00,0.000000000000000000e+00,0.000000000000000000e+00,0.000000000000000000e+00,0.000000000000000000e+00,2.252612995032429399e+00
0.000000000000000000e+00,-2.118643342378865625e-03,0.000000000000000000e+00,-1.586083856347270853e+02,0.000000000000000000e+00,6.977144007239093071e+01,0.000000000000000000e+00,0.000000000000000000e+00,3.146848982237311247e+02,-3.146848982237311247e+02,2.787305557066808319e+02,0.000000000000000000e+00,0.000000000000000000e+00,0.000000000000000000e+00,0.000000000000000000e+00,-2.562086249265768174e+02,0.000000000000000000e+00,3.733488125521043912e+02,0.000000000000000000e+00,-5.000000000000000000e-01,0.000000000000000000e+00,0.000000000000000000e+00,0.000000000000000000e+00,1.286047885549220666e+02,-7.203389841962437590e-02,0.000000000000000000e+00,0.000000000000000000e+00,-7.646507295618800271e+00,0.000000000000000000e+00,0.000000000000000000e+00,0.000000000000000000e+00,0.000000000000000000e+00,-4.005028435905194861e+00,0.000000000000000000e+00,0.000000000000000000e+00,-3.765098521543413512e-01,0.000000000000000000e+00,0.000000000000000000e+00,0.000000000000000000e+00,0.000000000000000000e+00,0.000000000000000000e+00,2.252612995032429399e+00
6.224725008408597660e+01,-2.118643342378865625e-03,0.000000000000000000e+00,-9.104542357080980253e+01,0.000000000000000000e+00,7.218228725855331618e+01,0.000000000000000000e+00,0.000000000000000000e+00,1.795589740958965308e+02,-1.795589740958965308e+02,2.608665901885310063e+02,0.000000000000000000e+00,0.000000000000000000e+00,0.000000000000000000e+00,0.000000000000000000e+00,-1.797136801035846077e+02,0.000000000000000000e+00,2.280854820721137060e+02,0.000000000000000000e+00,-5.000000000000000000e-01,0.000000000000000000e+00,0.000000000000000000e+00,0.000000000000000000e+00,0.000000000000000000e+00,-7.203389841962437590e-02,0.000000000000000000e+00,0.000000000000000000e+00,-7.646507295618800271e+00,0.000000000000000000e+00,0.000000000000000000e+00,0.000000000000000000e+00,0.000000000000000000e+00,-4.005028435905194861e+00,0.000000000000000000e+00,0.000000000000000000e+00,-3.765098521543413512e-01,0.000000000000000000e+00,0.000000000000000000e+00,0.000000000000000000e+00,0.000000000000000000e+00,0.000000000000000000e+00,2.252612995032429399e+00
5.715768380218759148e+01,-2.118643342378865625e-03,0.000000000000000000e+00,-8.716128088199261015e+01,0.000000000000000000e+00,6.977144007239093071e+01,0.000000000000000000e+00,0.000000000000000000e+00,1.717906887182621460e+02,-1.717906887182621460e+02,2.501517138055870362e+02,0.000000000000000000e+00,0.000000000000000000e+00,0.000000000000000000e+00,0.000000000000000000e+00,-1.704720992232954302e+02,0.000000000000000000e+00,2.161651820960885289e+02,0.000000000000000000e+00,-5.000000000000000000e-01,0.000000000000000000e+00,0.000000000000000000e+00,0.000000000000000000e+00,0.000000000000000000e+00,-7.203389841962437590e-02,0.000000000000000000e+00,0.000000000000000000e+00,-7.646507295618800271e+00,0.000000000000000000e+00,0.000000000000000000e+00,0.000000000000000000e+00,0.000000000000000000e+00,-4.005028435905194861e+00,0.000000000000000000e+00,0.000000000000000000e+00,-3.765098521543413512e-01,0.000000000000000000e+00,0.000000000000000000e+00,0.000000000000000000e+00,0.000000000000000000e+00,0.000000000000000000e+00,2.252612995032429399e+00
0.000000000000000000e+00,-2.118643342378865625e-03,0.000000000000000000e+00,-1.748068826976441414e+02,0.000000000000000000e+00,9.437912577933801117e+01,0.000000000000000000e+00,0.000000000000000000e+00,3.807520512797016181e+02,-3.807520512797016181e+02,2.709746516418100555e+02,0.000000000000000000e+00,0.000000000000000000e+00,0.000000000000000000e+00,0.000000000000000000e+00,-2.769467096895925238e+02,0.000000000000000000e+00,4.232341707221659703e+02,0.000000000000000000e+00,-5.000000000000000000e-01,0.000000000000000000e+00,0.000000000000000000e+00,0.000000000000000000e+00,1.486895887387785535e+02,-7.203389841962437590e-02,0.000000000000000000e+00,0.000000000000000000e+00,-7.646507295618800271e+00,0.000000000000000000e+00,0.000000000000000000e+00,0.000000000000000000e+00,0.000000000000000000e+00,-4.005028435905194861e+00,0.000000000000000000e+00,0.000000000000000000e+00,-3.765098521543413512e-01,0.000000000000000000e+00,0.000000000000000000e+00,0.000000000000000000e+00,0.000000000000000000e+00,0.000000000000000000e+00,2.252612995032429399e+00
1.784275064865342756e+03,-2.118643342378865625e-03,0.000000000000000000e+00,-1.215634003869093931e+03,0.000000000000000000e+00,3.068170900554909167e+03,0.000000000000000000e+00,0.000000000000000000e+00,6.030956423353286482e+03,-6.030956423353286482e+03,5.683538291193671057e+02,0.000000000000000000e+00,0.000000000000000000e+00,0.000000000000000000e+00,0.000000000000000000e+00,-2.358600952032492387e+03,0.000000000000000000e+00,4.735232244146744051e+03,0.000000000000000000e+00,-5.000000000000000000e-01,0.000000000000000000e+00,0.000000000000000000e+00,0.000000000000000000e+00,0.000000000000000000e+00,-7.203389841962437590e-02,0.000000000000000000e+00,0.000000000000000000e+00,-7.646507295618800271e+00,0.000000000000000000e+00,0.000000000000000000e+00,0.000000000000000000e+00,0.000000000000000000e+00,-4.005028435905194861e+00,0.000000000000000000e+00,0.000000000000000000e+00,-3.765098521543413512e-01,0.000000000000000000e+00,0.000000000000000000e+00,0.000000000000000000e+00,0.000000000000000000e+00,0.000000000000000000e+00,2.252612995032429399e+00
0.000000000000000000e+00,-2.118643342378865625e-03,0.000000000000000000e+00,-3.931955687673910660e+01,0.000000000000000000e+00,9.437912577933801117e+01,0.000000000000000000e+00,0.000000000000000000e+00,1.193676006205131671e+03,-1.193676006205131671e+03,0.000000000000000000e+00,0.000000000000000000e+00,0.000000000000000000e+00,0.000000000000000000e+00,-5.419493032836201110e+02,-5.972058047782498491e+00,0.000000000000000000e+00,1.100670799826691109e+03,0.000000000000000000e+00,-5.000000000000000000e-01,0.000000000000000000e+00,0.000000000000000000e+00,0.000000000000000000e+00,1.320226291787352579e+01,-7.203389841962437590e-02,0.000000000000000000e+00,0.000000000000000000e+00,-7.646507295618800271e+00,0.000000000000000000e+00,0.000000000000000000e+00,0.000000000000000000e+00,0.000000000000000000e+00,-4.005028435905194861e+00,0.000000000000000000e+00,0.000000000000000000e+00,-3.765098521543413512e-01,0.000000000000000000e+00,0.000000000000000000e+00,0.000000000000000000e+00,0.000000000000000000e+00,0.000000000000000000e+00,2.252612995032429399e+00
0.000000000000000000e+00,-2.118643342378865625e-03,0.000000000000000000e+00,-3.703862356127559963e+01,0.000000000000000000e+00,8.793700392593702020e+01,0.000000000000000000e+00,0.000000000000000000e+00,1.283619441667798355e+03,-1.283619441667798355e+03,0.000000000000000000e+00,0.000000000000000000e+00,0.000000000000000000e+00,0.000000000000000000e+00,-5.965842037950549184e+02,0.000000000000000000e+00,0.000000000000000000e+00,1.193835296216058168e+03,0.000000000000000000e+00,-5.000000000000000000e-01,0.000000000000000000e+00,0.000000000000000000e+00,0.000000000000000000e+00,1.139139340802851841e+01,-7.203389841962437590e-02,0.000000000000000000e+00,0.000000000000000000e+00,-7.646507295618800271e+00,0.000000000000000000e+00,0.000000000000000000e+00,0.000000000000000000e+00,0.000000000000000000e+00,-4.005028435905194861e+00,0.000000000000000000e+00,0.000000000000000000e+00,-3.765098521543413512e-01,0.000000000000000000e+00,0.000000000000000000e+00,0.000000000000000000e+00,0.000000000000000000e+00,0.000000000000000000e+00,2.252612995032429399e+00
0.000000000000000000e+00,-2.118643342378865625e-03,0.000000000000000000e+00,-3.484051334090222696e+01,0.000000000000000000e+00,8.940241073951926865e+01,0.000000000000000000e+00,0.000000000000000000e+00,1.170783117021965381e+03,-1.170783117021965381e+03,0.000000000000000000e+00,0.000000000000000000e+00,0.000000000000000000e+00,0.000000000000000000e+00,-5.379679312517650942e+02,0.000000000000000000e+00,0.000000000000000000e+00,1.080266268163434233e+03,0.000000000000000000e+00,-5.000000000000000000e-01,0.000000000000000000e+00,0.000000000000000000e+00,0.000000000000000000e+00,7.727876374072901733e+00,-7.203389841962437590e-02,0.000000000000000000e+00,0.000000000000000000e+00,-7.646507295618800271e+00,0.000000000000000000e+00,0.000000000000000000e+00,0.000000000000000000e+00,0.000000000000000000e+00,-4.005028435905194861e+00,0.000000000000000000e+00,0.000000000000000000e+00,-3.765098521543413512e-01,0.000000000000000000e+00,0.000000000000000000e+00,0.000000000000000000e+00,0.000000000000000000e+00,0.000000000000000000e+00,2.252612995032429399e+00
0.000000000000000000e+00,-2.118643342378865625e-03,0.000000000000000000e+00,-6.144875229276528472e+01,0.000000000000000000e+00,1.823228350210304427e+02,0.000000000000000000e+00,0.000000000000000000e+00,1.807623538437110255e+03,-1.807623538437110255e+03,0.000000000000000000e+00,0.000000000000000000e+00,0.000000000000000000e+00,0.000000000000000000e+00,-8.341761234482212330e+02,0.000000000000000000e+00,0.000000000000000000e+00,1.621826219974843980e+03,0.000000000000000000e+00,-5.000000000000000000e-01,0.000000000000000000e+00,0.000000000000000000e+00,0.000000000000000000e+00,0.000000000000000000e+00,-7.203389841962437590e-02,0.000000000000000000e+00,0.000000000000000000e+00,-1.741055878821467218e+01,0.000000000000000000e+00,0.000000000000000000e+00,0.000000000000000000e+00,0.000000000000000000e+00,-4.005028435905194861e+00,0.000000000000000000e+00,0.000000000000000000e+00,-3.765098521543413512e-01,0.000000000000000000e+00,0.000000000000000000e+00,0.000000000000000000e+00,1.952810298519174381e+01,0.000000000000000000e+00,2.252612995032429399e+00
0.000000000000000000e+00,-2.118643342378865625e-03,0.000000000000000000e+00,-5.140024842820130857e+01,0.000000000000000000e+00,1.534333864104090139e+02,0.000000000000000000e+00,0.000000000000000000e+00,1.526265430229319009e+03,-1.526265430229319009e+03,0.000000000000000000e+00,0.000000000000000000e+00,0.000000000000000000e+00,0.000000000000000000e+00,-6.991493527681427622e+02,0.000000000000000000e+00,0.000000000000000000e+00,1.370613623360744668e+03,0.000000000000000000e+00,-5.000000000000000000e-01,0.000000000000000000e+00,0.000000000000000000e+00,0.000000000000000000e+00,0.000000000000000000e+00,-7.203389841962437590e-02,0.000000000000000000e+00,0.000000000000000000e+00,-1.427040133053843185e+01,0.000000000000000000e+00,0.000000000000000000e+00,0.000000000000000000e+00,0.000000000000000000e+00,-4.005028435905194861e+00,0.000000000000000000e+00,0.000000000000000000e+00,-3.765098521543413512e-01,0.000000000000000000e+00,0.000000000000000000e+00,0.000000000000000000e+00,1.324778806983926138e+01,0.000000000000000000e+00,2.252612995032429399e+00
7.921357750724115476e+01,-2.118643342378865625e-03,0.000000000000000000e+00,-7.892634563035967687e+01,0.000000000000000000e+00,2.264017549580732691e+02,0.000000000000000000e+00,0.000000000000000000e+00,1.484125790398349409e+03,-1.484125790398349409e+03,0.000000000000000000e+00,0.000000000000000000e+00,0.000000000000000000e+00,0.000000000000000000e+00,-5.683538291193671057e+02,-8.518563555502365148e+01,0.000000000000000000e+00,1.325109269430540962e+03,0.000000000000000000e+00,-5.000000000000000000e-01,0.000000000000000000e+00,0.000000000000000000e+00,0.000000000000000000e+00,0.000000000000000000e+00,-7.203389841962437590e-02,0.000000000000000000e+00,0.000000000000000000e+00,-7.646507295618800271e+00,0.000000000000000000e+00,0.000000000000000000e+00,0.000000000000000000e+00,0.000000000000000000e+00,-4.005028435905194861e+00,0.000000000000000000e+00,0.000000000000000000e+00,-3.765098521543413512e-01,0.000000000000000000e+00,0.000000000000000000e+00,0.000000000000000000e+00,0.000000000000000000e+00,0.000000000000000000e+00,2.252612995032429399e+00
0.000000000000000000e+00,-2.118643342378865625e-03,0.000000000000000000e+00,-4.387345960609270890e+01,0.000000000000000000e+00,1.335025775580510867e+02,0.000000000000000000e+00,0.000000000000000000e+00,1.520560424554791553e+03,-1.520560424554791553e+03,0.000000000000000000e+00,0.000000000000000000e+00,0.000000000000000000e+00,0.000000000000000000e+00,-6.979676051265087153e+02,0.000000000000000000e+00,0.000000000000000000e+00,1.387488984152543026e+03,0.000000000000000000e+00,-5.000000000000000000e-01,0.000000000000000000e+00,6.834836044817111045e+00,0.000000000000000000e+00,0.000000000000000000e+00,-7.203389841962437590e-02,0.000000000000000000e+00,0.000000000000000000e+00,-1.106392531802735490e+01,0.000000000000000000e+00,0.000000000000000000e+00,0.000000000000000000e+00,0.000000000000000000e+00,-4.005028435905194861e+00,0.000000000000000000e+00,0.000000000000000000e+00,-3.765098521543413512e-01,0.000000000000000000e+00,0.000000000000000000e+00,0.000000000000000000e+00,0.000000000000000000e+00,0.000000000000000000e+00,2.252612995032429399e+00
0.000000000000000000e+00,-2.118643342378865625e-03,0.000000000000000000e+00,-1.767185095215488388e+02,0.000000000000000000e+00,9.437912577933801117e+01,0.000000000000000000e+00,0.000000000000000000e+00,3.692822903362733769e+02,-3.692822903362733769e+02,2.747979052896194503e+02,0.000000000000000000e+00,0.000000000000000000e+00,0.000000000000000000e+00,7.646507295618800271e+00,-2.807699633374019186e+02,0.000000000000000000e+00,4.136760366026424549e+02,0.000000000000000000e+00,-5.000000000000000000e-01,0.000000000000000000e+00,0.000000000000000000e+00,0.000000000000000000e+00,1.506012155626832509e+02,-7.203389841962437590e-02,0.000000000000000000e+00,0.000000000000000000e+00,-7.646507295618800271e+00,0.000000000000000000e+00,0.000000000000000000e+00,0.000000000000000000e+00,0.000000000000000000e+00,-4.005028435905194861e+00,0.000000000000000000e+00,0.000000000000000000e+00,-3.765098521543413512e-01,0.000000000000000000e+00,0.000000000000000000e+00,0.000000000000000000e+00,0.000000000000000000e+00,0.000000000000000000e+00,2.252612995032429399e+00
0.000000000000000000e+00,-2.118643342378865625e-03,0.000000000000000000e+00,-3.947723916534597066e+01,0.000000000000000000e+00,1.203139162358108791e+02,0.000000000000000000e+00,0.000000000000000000e+00,1.331522945602681830e+03,-1.331522945602681830e+03,0.000000000000000000e+00,0.000000000000000000e+00,0.000000000000000000e+00,0.000000000000000000e+00,-6.067460309810139734e+02,0.000000000000000000e+00,0.000000000000000000e+00,1.211640166522673553e+03,0.000000000000000000e+00,-5.000000000000000000e-01,0.000000000000000000e+00,4.636725824443741040e+00,0.000000000000000000e+00,0.000000000000000000e+00,-7.203389841962437590e-02,0.000000000000000000e+00,0.000000000000000000e+00,-9.964870207840670346e+00,0.000000000000000000e+00,0.000000000000000000e+00,0.000000000000000000e+00,0.000000000000000000e+00,-4.005028435905194861e+00,0.000000000000000000e+00,0.000000000000000000e+00,-3.765098521543413512e-01,0.000000000000000000e+00,0.000000000000000000e+00,0.000000000000000000e+00,0.000000000000000000e+00,0.000000000000000000e+00,2.252612995032429399e+00
1.051513237664170930e+01,-2.118643342378865625e-03,0.000000000000000000e+00,-3.440984046711517408e+01,0.000000000000000000e+00,9.669961423980511483e+01,0.000000000000000000e+00,0.000000000000000000e+00,1.281866919605024805e+03,-1.281866919605024805e+03,0.000000000000000000e+00,0.000000000000000000e+00,0.000000000000000000e+00,0.000000000000000000e+00,-5.930791596695077033e+02,0.000000000000000000e+00,0.000000000000000000e+00,1.187701468996350513e+03,0.000000000000000000e+00,-5.000000000000000000e-01,0.000000000000000000e+00,0.000000000000000000e+00,0.000000000000000000e+00,0.000000000000000000e+00,-7.203389841962437590e-02,0.000000000000000000e+00,0.000000000000000000e+00,-7.646507295618800271e+00,0.000000000000000000e+00,0.000000000000000000e+00,0.000000000000000000e+00,0.000000000000000000e+00,-4.005028435905194861e+00,0.000000000000000000e+00,0.000000000000000000e+00,-3.765098521543413512e-01,0.000000000000000000e+00,0.000000000000000000e+00,0.000000000000000000e+00,0.000000000000000000e+00,0.000000000000000000e+00,2.252612995032429399e+00
0.000000000000000000e+00,-2.118643342378865625e-03,0.000000000000000000e+00,-1.847847097084564325e+02,0.000000000000000000e+00,8.492646608458466062e+01,0.000000000000000000e+00,0.000000000000000000e+00,3.670375463711898192e+02,-3.670375463711898192e+02,3.009111404087959158e+02,0.000000000000000000e+00,0.000000000000000000e+00,0.000000000000000000e+00,7.646507295618800271e+00,-2.972984949991731014e+02,0.000000000000000000e+00,4.292142400445237627e+02,0.000000000000000000e+00,-5.000000000000000000e-01,0.000000000000000000e+00,0.000000000000000000e+00,0.000000000000000000e+00,1.585353719869388840e+02,-7.203389841962437590e-02,0.000000000000000000e+00,0.000000000000000000e+00,-7.646507295618800271e+00,0.000000000000000000e+00,0.000000000000000000e+00,0.000000000000000000e+00,0.000000000000000000e+00,-4.005028435905194861e+00,0.000000000000000000e+00,0.000000000000000000e+00,-3.765098521543413512e-01,0.000000000000000000e+00,0.000000000000000000e+00,0.000000000000000000e+00,0.000000000000000000e+00,0.000000000000000000e+00,2.252612995032429399e+00
7.133424345298063685e+00,-2.118643342378865625e-03,0.000000000000000000e+00,-3.305715725457771015e+01,0.000000000000000000e+00,9.534693102726764380e+01,0.000000000000000000e+00,0.000000000000000000e+00,1.169594212964415874e+03,-1.169594212964415874e+03,0.000000000000000000e+00,0.000000000000000000e+00,0.000000000000000000e+00,0.000000000000000000e+00,-5.355901231366657385e+02,0.000000000000000000e+00,0.000000000000000000e+00,1.076105103962010389e+03,0.000000000000000000e+00,-5.000000000000000000e-01,0.000000000000000000e+00,0.000000000000000000e+00,0.000000000000000000e+00,0.000000000000000000e+00,-7.203389841962437590e-02,0.000000000000000000e+00,0.000000000000000000e+00,-7.646507295618800271e+00,0.000000000000000000e+00,0.000000000000000000e+00,0.000000000000000000e+00,0.000000000000000000e+00,-4.005028435905194861e+00,0.000000000000000000e+00,0.000000000000000000e+00,-3.765098521543413512e-01,0.000000000000000000e+00,0.000000000000000000e+00,0.000000000000000000e+00,0.000000000000000000e+00,0.000000000000000000e+00,2.252612995032429399e+00
0.000000000000000000e+00,-2.118643342378865625e-03,0.000000000000000000e+00,-2.771839259107045095e+01,0.000000000000000000e+00,7.758119173682018754e+01,0.000000000000000000e+00,0.000000000000000000e+00,1.235982705597861013e+03,-1.235982705597861013e+03,0.000000000000000000e+00,0.000000000000000000e+00,0.000000000000000000e+00,0.000000000000000000e+00,-5.882995540437615318e+02,1.242697462694020061e+01,0.000000000000000000e+00,1.151376466240679292e+03,0.000000000000000000e+00,-5.000000000000000000e-01,0.000000000000000000e+00,0.000000000000000000e+00,0.000000000000000000e+00,0.000000000000000000e+00,-7.203389841962437590e-02,0.000000000000000000e+00,0.000000000000000000e+00,-7.646507295618800271e+00,0.000000000000000000e+00,0.000000000000000000e+00,0.000000000000000000e+00,0.000000000000000000e+00,-4.005028435905194861e+00,0.000000000000000000e+00,0.000000000000000000e+00,-3.765098521543413512e-01,0.000000000000000000e+00,0.000000000000000000e+00,0.000000000000000000e+00,0.000000000000000000e+00,0.000000000000000000e+00,2.252612995032429399e+00
0.000000000000000000e+00,-2.118643342378865625e-03,0.000000000000000000e+00,-2.851770539847894881e+01,0.000000000000000000e+00,8.237706858127117471e+01,0.000000000000000000e+00,0.000000000000000000e+00,1.138466543094024246e+03,-1.138466543094024246e+03,0.000000000000000000e+00,0.000000000000000000e+00,0.000000000000000000e+00,0.000000000000000000e+00,-5.323476575251665963e+02,8.430410589897711304e+00,0.000000000000000000e+00,1.051462365314617045e+03,0.000000000000000000e+00,-5.000000000000000000e-01,0.000000000000000000e+00,0.000000000000000000e+00,0.000000000000000000e+00,0.000000000000000000e+00,-7.203389841962437590e-02,0.000000000000000000e+00,0.000000000000000000e+00,-7.646507295618800271e+00,0.000000000000000000e+00,0.000000000000000000e+00,0.000000000000000000e+00,0.000000000000000000e+00,-4.005028435905194861e+00,0.000000000000000000e+00,0.000000000000000000e+00,-3.765098521543413512e-01,0.000000000000000000e+00,0.000000000000000000e+00,0.000000000000000000e+00,0.000000000000000000e+00,0.000000000000000000e+00,2.252612995032429399e+00
0.000000000000000000e+00,-2.118643342378865625e-03,0.000000000000000000e+00,-1.598727938775582516e+02,0.000000000000000000e+00,7.906483883025566684e+01,0.000000000000000000e+00,0.000000000000000000e+00,3.172137147093934573e+02,-3.172137147093934573e+02,2.686721905099865353e+02,0.000000000000000000e+00,0.000000000000000000e+00,0.000000000000000000e+00,7.646507295618800271e+00,-2.562671042188702017e+02,0.000000000000000000e+00,3.662017470604872074e+02,0.000000000000000000e+00,-5.000000000000000000e-01,0.000000000000000000e+00,0.000000000000000000e+00,0.000000000000000000e+00,1.306926425288762061e+02,-7.203389841962437590e-02,0.000000000000000000e+00,0.000000000000000000e+00,-7.646507295618800271e+00,0.000000000000000000e+00,0.000000000000000000e+00,0.000000000000000000e+00,0.000000000000000000e+00,-4.005028435905194861e+00,0.000000000000000000e+00,0.000000000000000000e+00,-3.765098521543413512e-01,0.000000000000000000e+00,0.000000000000000000e+00,0.000000000000000000e+00,0.000000000000000000e+00,0.000000000000000000e+00,2.252612995032429399e+00
1.807214586752199011e+03,-2.118643342378865625e-03,0.000000000000000000e+00,-1.230927018460331510e+03,0.000000000000000000e+00,3.106403437033003229e+03,0.000000000000000000e+00,0.000000000000000000e+00,6.092128481718236799e+03,-6.092128481718236799e+03,5.760003364149858953e+02,0.000000000000000000e+00,0.000000000000000000e+00,0.000000000000000000e+00,7.646507295618800271e+00,-2.389186981214967545e+03,0.000000000000000000e+00,4.781111287920456562e+03,0.000000000000000000e+00,-5.000000000000000000e-01,0.000000000000000000e+00,0.000000000000000000e+00,0.000000000000000000e+00,0.000000000000000000e+00,-7.203389841962437590e-02,0.000000000000000000e+00,0.000000000000000000e+00,-7.646507295618800271e+00,0.000000000000000000e+00,0.000000000000000000e+00,0.000000000000000000e+00,0.000000000000000000e+00,-4.005028435905194861e+00,0.000000000000000000e+00,0.000000000000000000e+00,-3.765098521543413512e-01,0.000000000000000000e+00,0.000000000000000000e+00,0.000000000000000000e+00,0.000000000000000000e+00,0.000000000000000000e+00,2.252612995032429399e+00
7.046016532752838657e+01,-2.118643342378865625e-03,0.000000000000000000e+00,-9.670950304904594930e+01,0.000000000000000000e+00,8.492646608458466062e+01,0.000000000000000000e+00,0.000000000000000000e+00,1.908871330523688243e+02,-1.908871330523688243e+02,2.656810577450317510e+02,0.000000000000000000e+00,0.000000000000000000e+00,0.000000000000000000e+00,7.646507295618800271e+00,-1.916082470078805216e+02,0.000000000000000000e+00,2.354487853938206854e+02,0.000000000000000000e+00,-5.000000000000000000e-01,0.000000000000000000e+00,0.000000000000000000e+00,0.000000000000000000e+00,0.000000000000000000e+00,-7.203389841962437590e-02,0.000000000000000000e+00,0.000000000000000000e+00,-7.646507295618800271e+00,0.000000000000000000e+00,0.000000000000000000e+00,0.000000000000000000e+00,0.000000000000000000e+00,-4.005028435905194861e+00,0.000000000000000000e+00,0.000000000000000000e+00,-3.765098521543413512e-01,0.000000000000000000e+00,0.000000000000000000e+00,0.000000000000000000e+00,0.000000000000000000e+00,0.000000000000000000e+00,2.252612995032429399e+00
5.808561890172276065e+01,-2.118643342378865625e-03,0.000000000000000000e+00,-8.726577025040479896e+01,0.000000000000000000e+00,7.906483883025566684e+01,0.000000000000000000e+00,0.000000000000000000e+00,1.719996674550865521e+02,-1.719996674550865521e+02,2.396293810591251372e+02,0.000000000000000000e+00,0.000000000000000000e+00,0.000000000000000000e+00,7.646507295618800271e+00,-1.691386758662860643e+02,0.000000000000000000e+00,2.064662950807496031e+02,0.000000000000000000e+00,-5.000000000000000000e-01,0.000000000000000000e+00,0.000000000000000000e+00,0.000000000000000000e+00,0.000000000000000000e+00,-7.203389841962437590e-02,0.000000000000000000e+00,0.000000000000000000e+00,-7.646507295618800271e+00,0.000000000000000000e+00,0.000000000000000000e+00,0.000000000000000000e+00,0.000000000000000000e+00,-4.005028435905194861e+00,0.000000000000000000e+00,0.000000000000000000e+00,-3.765098521543413512e-01,0.000000000000000000e+00,0.000000000000000000e+00,0.000000000000000000e+00,0.000000000000000000e+00,0.000000000000000000e+00,2.252612995032429399e+00
0.000000000000000000e+00,-2.118643342378865625e-03,0.000000000000000000e+00,-3.613956801021500951e+02,0.000000000000000000e+00,2.290597614998836775e+02,0.000000000000000000e+00,0.000000000000000000e+00,6.529191692983042685e+02,-6.529191692983042685e+02,4.758014518001398869e+02,0.000000000000000000e+00,0.000000000000000000e+00,0.000000000000000000e+00,0.000000000000000000e+00,-4.817735098479224121e+02,0.000000000000000000e+00,6.462989736343196228e+02,0.000000000000000000e+00,-5.000000000000000000e-01,0.000000000000000000e+00,0.000000000000000000e+00,0.000000000000000000e+00,3.016082272131480977e+02,-7.203389841962437590e-02,0.000000000000000000e+00,0.000000000000000000e+00,-2.448158676068700856e+01,0.000000000000000000e+00,0.000000000000000000e+00,0.000000000000000000e+00,0.000000000000000000e+00,-4.005028435905194861e+00,3.367015893013640948e+01,0.000000000000000000e+00,-3.765098521543413512e-01,0.000000000000000000e+00,0.000000000000000000e+00,0.000000000000000000e+00,0.000000000000000000e+00,0.000000000000000000e+00,2.252612995032429399e+00
0.000000000000000000e+00,-2.118643342378865625e-03,0.000000000000000000e+00,-2.287870851484287869e+02,0.000000000000000000e+00,1.311334144571356433e+02,0.000000000000000000e+00,0.000000000000000000e+00,4.366651529122357260e+02,-4.366651529122357260e+02,3.329921956961323417e+02,0.000000000000000000e+00,0.000000000000000000e+00,0.000000000000000000e+00,1.224079338034350428e+01,-3.389642537439148668e+02,0.000000000000000000e+00,4.688074696193389173e+02,0.000000000000000000e+00,-5.000000000000000000e-01,0.000000000000000000e+00,0.000000000000000000e+00,0.000000000000000000e+00,1.934812190201138264e+02,-7.203389841962437590e-02,0.000000000000000000e+00,0.000000000000000000e+00,-1.224079338034350428e+01,0.000000000000000000e+00,0.000000000000000000e+00,0.000000000000000000e+00,0.000000000000000000e+00,-4.005028435905194861e+00,9.188572169449406246e+00,0.000000000000000000e+00,-3.765098521543413512e-01,0.000000000000000000e+00,0.000000000000000000e+00,0.000000000000000000e+00,0.000000000000000000e+00,0.000000000000000000e+00,2.252612995032429399e+00
0.000000000000000000e+00,-2.118643342378865625e-03,0.000000000000000000e+00,-1.427746331694824676e+03,0.000000000000000000e+00,4.600973316216237663e+02,0.000000000000000000e+00,0.000000000000000000e+00,2.785620472483653430e+03,-2.785620472483653430e+03,1.915390044620268782e+03,0.000000000000000000e+00,0.000000000000000000e+00,0.000000000000000000e+00,0.000000000000000000e+00,-2.267918457850661071e+03,0.000000000000000000e+00,3.383275788168863073e+03,0.000000000000000000e+00,-5.000000000000000000e-01,0.000000000000000000e+00,0.000000000000000000e+00,0.000000000000000000e+00,1.483477663866692637e+03,-7.203389841962437590e-02,0.000000000000000000e+00,0.000000000000000000e+00,-2.448158676068700856e+01,0.000000000000000000e+00,0.000000000000000000e+00,0.000000000000000000e+00,0.000000000000000000e+00,-4.005028435905194861e+00,3.367015893013640948e+01,0.000000000000000000e+00,-3.765098521543413512e-01,0.000000000000000000e+00,0.000000000000000000e+00,0.000000000000000000e+00,0.000000000000000000e+00,0.000000000000000000e+00,2.252612995032429399e+00
0.000000000000000000e+00,-2.118643342378865625e-03,0.000000000000000000e+00,-6.701677557667552492e+02,0.000000000000000000e+00,2.019594464905779034e+02,0.000000000000000000e+00,0.000000000000000000e+00,1.371473797417923834e+03,-1.371473797417923834e+03,9.389554356463127078e+02,0.000000000000000000e+00,0.000000000000000000e+00,0.000000000000000000e+00,0.000000000000000000e+00,-1.106297974760954958e+03,0.000000000000000000e+00,1.694156148507019680e+03,0.000000000000000000e+00,-5.000000000000000000e-01,0.000000000000000000e+00,0.000000000000000000e+00,0.000000000000000000e+00,6.978406221635096927e+02,-7.203389841962437590e-02,0.000000000000000000e+00,0.000000000000000000e+00,-7.646507295618800271e+00,0.000000000000000000e+00,0.000000000000000000e+00,0.000000000000000000e+00,0.000000000000000000e+00,-4.005028435905194861e+00,0.000000000000000000e+00,0.000000000000000000e+00,-3.765098521543413512e-01,0.000000000000000000e+00,0.000000000000000000e+00,0.000000000000000000e+00,0.000000000000000000e+00,0.000000000000000000e+00,2.252612995032429399e+00
0.000000000000000000e+00,-2.118643342378865625e-03,0.000000000000000000e+00,-7.667434891562753592e+02,0.000000000000000000e+00,2.479235796956697016e+02,0.000000000000000000e+00,0.000000000000000000e+00,1.512577960927928871e+03,-1.512577960927928871e+03,1.058534507996223283e+03,0.000000000000000000e+00,0.000000000000000000e+00,0.000000000000000000e+00,1.224079338034350428e+01,-1.239691813901806881e+03,0.000000000000000000e+00,1.849096351165810574e+03,0.000000000000000000e+00,-5.000000000000000000e-01,0.000000000000000000e+00,0.000000000000000000e+00,0.000000000000000000e+00,7.898327056472273853e+02,-7.203389841962437590e-02,0.000000000000000000e+00,0.000000000000000000e+00,-1.224079338034350428e+01,0.000000000000000000e+00,0.000000000000000000e+00,0.000000000000000000e+00,0.000000000000000000e+00,-4.005028435905194861e+00,9.188572169449406246e+00,0.000000000000000000e+00,-3.765098521543413512e-01,0.000000000000000000e+00,0.000000000000000000e+00,0.000000000000000000e+00,0.000000000000000000e+00,0.000000000000000000e+00,2.252612995032429399e+00
0.000000000000000000e+00,-2.118643342378865625e-03,0.000000000000000000e+00,-6.013491901061860290e+02,0.000000000000000000e+00,1.866664318993403242e+02,0.000000000000000000e+00,0.000000000000000000e+00,1.218543651505547814e+03,-1.218543651505547814e+03,8.471973480988871188e+02,0.000000000000000000e+00,0.000000000000000000e+00,0.000000000000000000e+00,7.646507295618800271e+00,-9.916003653266729998e+02,0.000000000000000000e+00,1.502993466116549598e+03,0.000000000000000000e+00,-5.000000000000000000e-01,0.000000000000000000e+00,0.000000000000000000e+00,0.000000000000000000e+00,6.213755492073216828e+02,-7.203389841962437590e-02,0.000000000000000000e+00,0.000000000000000000e+00,-7.646507295618800271e+00,0.000000000000000000e+00,0.000000000000000000e+00,0.000000000000000000e+00,0.000000000000000000e+00,-4.005028435905194861e+00,0.000000000000000000e+00,0.000000000000000000e+00,-3.765098521543413512e-01,0.000000000000000000e+00,0.000000000000000000e+00,0.000000000000000000e+00,0.000000000000000000e+00,0.000000000000000000e+00,2.252612995032429399e+00
0.000000000000000000e+00,-2.118643342378865625e-03,0.000000000000000000e+00,-7.762434891562753592e+02,0.000000000000000000e+00,2.499235796956697016e+02,0.000000000000000000e+00,0.000000000000000000e+00,1.531577960927928871e+03,-1.531577960927928871e+03,1.071534507996223283e+03,0.000000000000000000e+00,0.000000000000000000e+00,0.000000000000000000e+00,1.224079338034350428e+01,-1.255691813901806881e+03,0.000000000000000000e+00,1.873596351165810574e+03,0.000000000000000000e+00,-5.000000000000000000e-01,0.000000000000000000e+00,0.000000000000000000e+00,0.000000000000000000e+00,8.003327056472273853e+02,-7.203389841962437590e-02,0.000000000000000000e+00,0.000000000000000000e+00,-1.224079338034350428e+01,0.000000000000000000e+00,0.000000000000000000e+00,0.000000000000000000e+00,0.000000000000000000e+00,-4.005028435905194861e+00,9.188572169449406246e+00,0.000000000000000000e+00,-3.765098521543413512e-01,0.000000000000000000e+00,0.000000000000000000e+00,0.000000000000000000e+00,0.000000000000000000e+00,0.000000000000000000e+00,2.252612995032429399e+00
0.000000000000000000e+00,-2.118643342378865625e-03,0.000000000000000000e+00,-6.108491901061860290e+02,0.000000000000000000e+00,1.886664318993403242e+02,0.000000000000000000e+00,0.000000000000000000e+00,1.237543651505547814e+03,-1.237543651505547814e+03,8.601973480988871188e+02,0.000000000000000000e+00,0.000000000000000000e+00,0.000000000000000000e+00,7.646507295618800271e+00,-1.007600365326673000e+03,0.000000000000000000e+00,1.527493466116549598e+03,0.000000000000000000e+00,-5.000000000000000000e-01,0.000000000000000000e+00,0.000000000000000000e+00,0.000000000000000000e+00,6.318755492073216828e+02,-7.203389841962437590e-02,0.000000000000000000e+00,0.000000000000000000e+00,-7.646507295618800271e+00,0.000000000000000000e+00,0.000000000000000000e+00,0.000000000000000000e+00,0.000000000000000000e+00,-4.005028435905194861e+00,0.000000000000000000e+00,0.000000000000000000e+00,-3.765098521543413512e-01,0.000000000000000000e+00,0.000000000000000000e+00,0.000000000000000000e+00,0.000000000000000000e+00,0.000000000000000000e+00,2.252612995032429399e+00
0.000000000000000000e+00,-2.118643342378865625e-03,0.000000000000000000e+00,-1.437246331694824676e+03,0.000000000000000000e+00,4.620973316216237663e+02,0.000000000000000000e+00,0.000000000000000000e+00,2.804620472483653430e+03,-2.804620472483653430e+03,1.928390044620268782e+03,0.000000000000000000e+00,0.000000000000000000e+00,0.000000000000000000e+00,0.000000000000000000e+00,-2.283918457850661071e+03,0.000000000000000000e+00,3.407775788168863073e+03,0.000000000000000000e+00,-5.000000000000000000e-01,0.000000000000000000e+00,0.000000000000000000e+00,0.000000000000000000e+00,1.493977663866692637e+03,-7.203389841962437590e-02,0.000000000000000000e+00,0.000000000000000000e+00,-2.448158676068700856e+01,0.000000000000000000e+00,0.000000000000000000e+00,0.000000000000000000e+00,0.000000000000000000e+00,-4.005028435905194861e+00,3.367015893013640948e+01,0.000000000000000000e+00,-3.765098521543413512e-01,0.000000000000000000e+00,0.000000000000000000e+00,0.000000000000000000e+00,0.000000000000000000e+00,0.000000000000000000e+00,2.252612995032429399e+00
0.000000000000000000e+00,0.000000000000000000e+00,0.000000000000000000e+00,-5.192307692307691624e-01,0.000000000000000000e+00,1.858974358974358754e-01,0.000000000000000000e+00,0.000000000000000000e+00,1.000000000000000000e+00,-1.000000000000000000e+00,6.538461538461537437e-01,0.000000000000000000e+00,0.000000000000000000e+00,0.000000000000000000e+00,9.615384615384614184e-03,-8.076923076923075984e-01,0.000000000000000000e+00,1.185897435897435681e+00,0.000000000000000000e+00,0.000000000000000000e+00,0.000000000000000000e+00,0.000000000000000000e+00,0.000000000000000000e+00,5.448717948717948234e-01,0.000000000000000000e+00,0.000000000000000000e+00,0.000000000000000000e+00,-9.615384615384614184e-03,0.000000000000000000e+00,0.000000000000000000e+00,0.000000000000000000e+00,0.000000000000000000e+00,0.000000000000000000e+00,1.923076923076922837e-02,0.000000000000000000e+00,0.000000000000000000e+00,0.000000000000000000e+00,0.000000000000000000e+00,0.000000000000000000e+00,0.000000000000000000e+00,0.000000000000000000e+00,0.000000000000000000e+00
0.000000000000000000e+00,-2.118643342378865625e-03,0.000000000000000000e+00,-6.796677557667552492e+02,0.000000000000000000e+00,2.039594464905779034e+02,0.000000000000000000e+00,0.000000000000000000e+00,1.390473797417923834e+03,-1.390473797417923834e+03,9.519554356463127078e+02,0.000000000000000000e+00,0.000000000000000000e+00,0.000000000000000000e+00,0.000000000000000000e+00,-1.122297974760954958e+03,0.000000000000000000e+00,1.718656148507019680e+03,0.000000000000000000e+00,-5.000000000000000000e-01,0.000000000000000000e+00,0.000000000000000000e+00,0.000000000000000000e+00,7.083406221635096927e+02,-7.203389841962437590e-02,0.000000000000000000e+00,0.000000000000000000e+00,-7.646507295618800271e+00,0.000000000000000000e+00,0.000000000000000000e+00,0.000000000000000000e+00,0.000000000000000000e+00,-4.005028435905194861e+00,0.000000000000000000e+00,0.000000000000000000e+00,-3.765098521543413512e-01,0.000000000000000000e+00,0.000000000000000000e+00,0.000000000000000000e+00,0.000000000000000000e+00,0.000000000000000000e+00,2.252612995032429399e+00
0.000000000000000000e+00,0.000000000000000000e+00,0.000000000000000000e+00,-4.499999999999999556e-01,0.000000000000000000e+00,1.499999999999999944e-01,0.000000000000000000e+00,0.000000000000000000e+00,1.000000000000000000e+00,-1.000000000000000000e+00,5.499999999999999334e-01,0.000000000000000000e+00,0.000000000000000000e+00,0.000000000000000000e+00,0.000000000000000000e+00,-7.500000000000000000e-01,0.000000000000000000e+00,1.199999999999999956e+00,0.000000000000000000e+00,0.000000000000000000e+00,0.000000000000000000e+00,0.000000000000000000e+00,0.000000000000000000e+00,5.000000000000000000e-01,0.000000000000000000e+00,0.000000000000000000e+00,0.000000000000000000e+00,0.000000000000000000e+00,0.000000000000000000e+00,0.000000000000000000e+00,0.000000000000000000e+00,0.000000000000000000e+00,0.000000000000000000e+00,0.000000000000000000e+00,0.000000000000000000e+00,0.000000000000000000e+00,0.000000000000000000e+00,0.000000000000000000e+00,0.000000000000000000e+00,0.000000000000000000e+00,0.000000000000000000e+00,0.000000000000000000e+00
0.000000000000000000e+00,0.000000000000000000e+00,0.000000000000000000e+00,-1.145038167938931296e-02,0.000000000000000000e+00,0.000000000000000000e+00,0.000000000000000000e+00,0.000000000000000000e+00,1.028625954198473247e+00,-1.028625954198473247e+00,0.000000000000000000e+00,0.000000000000000000e+00,0.000000000000000000e+00,0.000000000000000000e+00,-5.715648854961831171e-01,4.293893129770991884e-02,0.000000000000000000e+00,1.000000000000000000e+00,0.000000000000000000e+00,0.000000000000000000e+00,0.000000000000000000e+00,0.000000000000000000e+00,0.000000000000000000e+00,2.862595419847328241e-03,0.000000000000000000e+00,0.000000000000000000e+00,0.000000000000000000e+00,-5.725190839694656482e-03,0.000000000000000000e+00,0.000000000000000000e+00,0.000000000000000000e+00,0.000000000000000000e+00,0.000000000000000000e+00,1.145038167938931296e-02,0.000000000000000000e+00,0.000000000000000000e+00,0.000000000000000000e+00,0.000000000000000000e+00,0.000000000000000000e+00,0.000000000000000000e+00,0.000000000000000000e+00,0.000000000000000000e+00
0.000000000000000000e+00,0.000000000000000000e+00,0.000000000000000000e+00,-1.000000000000000000e+00,0.000000000000000000e+00,3.395061728395061262e-01,0.000000000000000000e+00,0.000000000000000000e+00,1.925925925925925819e+00,-1.925925925925925819e+00,1.277777777777777679e+00,0.000000000000000000e+00,0.000000000000000000e+00,0.000000000000000000e+00,0.000000000000000000e+00,-1.555555555555555358e+00,0.000000000000000000e+00,2.302469135802468703e+00,0.000000000000000000e+00,0.000000000000000000e+00,0.000000000000000000e+00,0.000000000000000000e+00,0.000000000000000000e+00,1.049382716049382713e+00,0.000000000000000000e+00,0.000000000000000000e+00,0.000000000000000000e+00,-1.851851851851851749e-02,0.000000000000000000e+00,0.000000000000000000e+00,0.000000000000000000e+00,0.000000000000000000e+00,0.000000000000000000e+00,3.703703703703703498e-02,0.000000000000000000e+00,0.000000000000000000e+00,0.000000000000000000e+00,0.000000000000000000e+00,0.000000000000000000e+00,0.000000000000000000e+00,0.000000000000000000e+00,0.000000000000000000e+00
0.000000000000000000e+00,0.000000000000000000e+00,0.000000000000000000e+00,-2.142857142857142738e-01,0.000000000000000000e+00,0.000000000000000000e+00,0.000000000000000000e+00,0.000000000000000000e+00,2.407142857142856940e+01,-2.407142857142856940e+01,0.000000000000000000e+00,0.000000000000000000e+00,0.000000000000000000e+00,0.000000000000000000e+00,-1.337500000000000000e+01,1.000000000000000000e+00,0.000000000000000000e+00,2.342857142857142705e+01,3.571428571428571230e-02,0.000000000000000000e+00,0.000000000000000000e+00,0.000000000000000000e+00,0.000000000000000000e+00,0.000000000000000000e+00,0.000000000000000000e+00,0.000000000000000000e+00,0.000000000000000000e+00,-1.250000000000000000e-01,0.000000000000000000e+00,0.000000000000000000e+00,0.000000000000000000e+00,0.000000000000000000e+00,0.000000000000000000e+00,2.142857142857142738e-01,0.000000000000000000e+00,0.000000000000000000e+00,0.000000000000000000e+00,0.000000000000000000e+00,0.000000000000000000e+00,0.000000000000000000e+00,0.000000000000000000e+00,0.000000000000000000e+00
0.000000000000000000e+00,0.000000000000000000e+00,0.000000000000000000e+00,-1.000000000000000000e+00,0.000000000000000000e+00,0.000000000000000000e+00,0.000000000000000000e+00,0.000000000000000000e+00,1.193333333333333286e+02,-1.193333333333333286e+02,0.000000000000000000e+00,0.000000000000000000e+00,0.000000000000000000e+00,0.000000000000000000e+00,-6.600000000000000000e+01,4.666666666666666075e+00,0.000000000000000000e+00,1.161666666666666572e+02,0.000000000000000000e+00,0.000000000000000000e+00,0.000000000000000000e+00,0.000000000000000000e+00,1.666666666666666574e-01,0.000000000000000000e+00,0.000000000000000000e+00,0.000000000000000000e+00,0.000000000000000000e+00,-6.666666666666666297e-01,0.000000000000000000e+00,0.000000000000000000e+00,0.000000000000000000e+00,0.000000000000000000e+00,0.000000000000000000e+00,1.000000000000000000e+00,0.000000000000000000e+00,0.000000000000000000e+00,0.000000000000000000e+00,0.000000000000000000e+00,0.000000000000000000e+00,0.000000000000000000e+00,0.000000000000000000e+00,0.000000000000000000e+00
0.000000000000000000e+00,0.000000000000000000e+00,0.000000000000000000e+00,-1.570680628272251231e-02,0.000000000000000000e+00,0.000000000000000000e+00,0.000000000000000000e+00,0.000000000000000000e+00,1.805235602094240832e+00,-1.805235602094240832e+00,0.000000000000000000e+00,0.000000000000000000e+00,0.000000000000000000e+00,0.000000000000000000e+00,-1.000000000000000000e+00,7.225130890052355870e-02,0.000000000000000000e+00,1.758115183246073077e+00,0.000000000000000000e+00,0.000000000000000000e+00,0.000000000000000000e+00,0.000000000000000000e+00,0.000000000000000000e+00,0.000000000000000000e+00,0.000000000000000000e+00,0.000000000000000000e+00,0.000000000000000000e+00,-9.424083769633507732e-03,0.000000000000000000e+00,0.000000000000000000e+00,0.000000000000000000e+00,0.000000000000000000e+00,0.000000000000000000e+00,1.570680628272251231e-02,0.000000000000000000e+00,0.000000000000000000e+00,0.000000000000000000e+00,0.000000000000000000e+00,0.000000000000000000e+00,3.141361256544502288e-03,0.000000000000000000e+00,0.000000000000000000e+00
1.250000000000000000e-01,0.000000000000000000e+00,0.000000000000000000e+00,-2.500000000000000000e-01,0.000000000000000000e+00,0.000000000000000000e+00,0.000000000000000000e+00,0.000000000000000000e+00,2.683333333333333215e+01,-2.683333333333333215e+01,0.000000000000000000e+00,0.000000000000000000e+00,0.000000000000000000e+00,0.000000000000000000e+00,-1.479166666666666607e+01,1.000000000000000000e+00,0.000000000000000000e+00,2.620833333333333215e+01,0.000000000000000000e+00,0.000000000000000000e+00,0.000000000000000000e+00,0.000000000000000000e+00,0.000000000000000000e+00,0.000000000000000000e+00,0.000000000000000000e+00,0.000000000000000000e+00,0.000000000000000000e+00,-1.250000000000000000e-01,0.000000000000000000e+00,0.000000000000000000e+00,0.000000000000000000e+00,0.000000000000000000e+00,0.000000000000000000e+00,2.500000000000000000e-01,0.000000000000000000e+00,0.000000000000000000e+00,0.000000000000000000e+00,0.000000000000000000e+00,0.000000000000000000e+00,0.000000000000000000e+00,0.000000000000000000e+00,0.000000000000000000e+00
0.000000000000000000e+00,0.000000000000000000e+00,0.000000000000000000e+00,-1.000000000000000000e+00,0.000000000000000000e+00,0.000000000000000000e+00,0.000000000000000000e+00,0.000000000000000000e+00,1.230000000000000000e+02,-1.230000000000000000e+02,0.000000000000000000e+00,0.000000000000000000e+00,0.000000000000000000e+00,0.000000000000000000e+00,-6.775000000000000000e+01,4.666666666666666075e+00,0.000000000000000000e+00,1.200000000000000000e+02,0.000000000000000000e+00,0.000000000000000000e+00,0.000000000000000000e+00,1.666666666666666574e-01,0.000000000000000000e+00,0.000000000000000000e+00,0.000000000000000000e+00,0.000000000000000000e+00,0.000000000000000000e+00,-5.833333333333332593e-01,0.000000000000000000e+00,0.000000000000000000e+00,0.000000000000000000e+00,0.000000000000000000e+00,0.000000000000000000e+00,1.000000000000000000e+00,0.000000000000000000e+00,0.000000000000000000e+00,0.000000000000000000e+00,0.000000000000000000e+00,0.000000000000000000e+00,0.000000000000000000e+00,0.000000000000000000e+00,0.000000000000000000e+00
0.000000000000000000e+00,0.000000000000000000e+00,0.000000000000000000e+00,-1.000000000000000000e+00,0.000000000000000000e+00,0.000000000000000000e+00,0.000000000000000000e+00,0.000000000000000000e+00,5.275000000000000000e+01,-5.275000000000000000e+01,2.875000000000000000e+00,0.000000000000000000e+00,0.000000000000000000e+00,0.000000000000000000e+00,-2.868750000000000000e+01,0.000000000000000000e+00,0.000000000000000000e+00,5.262500000000000000e+01,0.000000000000000000e+00,0.000000000000000000e+00,0.000000000000000000e+00,0.000000000000000000e+00,0.000000000000000000e+00,0.000000000000000000e+00,0.000000000000000000e+00,0.000000000000000000e+00,0.000000000000000000e+00,-3.125000000000000000e-01,0.000000000000000000e+00,0.000000000000000000e+00,0.000000000000000000e+00,0.000000000000000000e+00,0.000000000000000000e+00,0.000000000000000000e+00,0.000000000000000000e+00,0.000000000000000000e+00,0.000000000000000000e+00,0.000000000000000000e+00,0.000000000000000000e+00,6.250000000000000000e-01,0.000000000000000000e+00,0.000000000000000000e+00
2.500000000000000000e+00,0.000000000000000000e+00,0.000000000000000000e+00,-1.000000000000000000e+00,0.000000000000000000e+00,0.000000000000000000e+00,0.000000000000000000e+00,0.000000000000000000e+00,1.040000000000000000e+02,-1.040000000000000000e+02,1.000000000000000000e+00,0.000000000000000000e+00,0.000000000000000000e+00,0.000000000000000000e+00,-5.400000000000000000e+01,0.000000000000000000e+00,0.000000000000000000e+00,1.045000000000000000e+02,0.000000000000000000e+00,0.000000000000000000e+00,0.000000000000000000e+00,0.000000000000000000e+00,0.000000000000000000e+00,0.000000000000000000e+00,0.000000000000000000e+00,0.000000000000000000e+00,0.000000000000000000e+00,0.000000000000000000e+00,0.000000000000000000e+00,0.000000000000000000e+00,0.000000000000000000e+00,0.000000000000000000e+00,0.000000000000000000e+00,0.000000000000000000e+00,0.000000000000000000e+00,0.000000000000000000e+00,0.000000000000000000e+00,0.000000000000000000e+00,0.000000000000000000e+00,0.000000000000000000e+00,0.000000000000000000e+00,0.000000000000000000e+00
0.000000000000000000e+00,0.000000000000000000e+00,0.000000000000000000e+00,-1.000000000000000000e+00,0.000000000000000000e+00,0.000000000000000000e+00,0.000000000000000000e+00,0.000000000000000000e+00,7.100000000000000000e+01,-7.100000000000000000e+01,3.000000000000000000e+00,0.000000000000000000e+00,0.000000000000000000e+00,0.000000000000000000e+00,-3.775000000000000000e+01,0.000000000000000000e+00,0.000000000000000000e+00,7.100000000000000000e+01,0.000000000000000000e+00,0.000000000000000000e+00,0.000000000000000000e+00,5.000000000000000000e-01,0.000000000000000000e+00,0.000000000000000000e+00,0.000000000000000000e+00,0.000000000000000000e+00,0.000000000000000000e+00,-2.500000000000000000e-01,0.000000000000000000e+00,0.000000000000000000e+00,0.000000000000000000e+00,0.000000000000000000e+00,0.000000000000000000e+00,0.000000000000000000e+00,0.000000000000000000e+00,0.000000000000000000e+00,0.000000000000000000e+00,0.000000000000000000e+00,0.000000000000000000e+00,0.000000000000000000e+00,0.000000000000000000e+00,0.000000000000000000e+00
1.518518518518518379e+00,0.000000000000000000e+00,0.000000000000000000e+00,-1.000000000000000000e+00,0.000000000000000000e+00,2.555555555555555358e+00,0.000000000000000000e+00,0.000000000000000000e+00,5.037037037037036313e+00,-5.037037037037036313e+00,4.074074074074073848e-01,0.000000000000000000e+00,0.000000000000000000e+00,0.000000000000000000e+00,0.000000000000000000e+00,-1.962962962962962798e+00,0.000000000000000000e+00,3.962962962962962798e+00,0.000000000000000000e+00,0.000000000000000000e+00,0.000000000000000000e+00,0.000000000000000000e+00,0.000000000000000000e+00,0.000000000000000000e+00,0.000000000000000000e+00,0.000000000000000000e+00,0.000000000000000000e+00,0.000000000000000000e+00,0.000000000000000000e+00,0.000000000000000000e+00,0.000000000000000000e+00,0.000000000000000000e+00,0.000000000000000000e+00,0.000000000000000000e+00,0.000000000000000000e+00,0.000000000000000000e+00,0.000000000000000000e+00,0.000000000000000000e+00,0.000000000000000000e+00,0.000000000000000000e+00,0.000000000000000000e+00,0.000000000000000000e+00
1.224999999999999867e+00,0.000000000000000000e+00,0.000000000000000000e+00,-1.000000000000000000e+00,0.000000000000000000e+00,0.000000000000000000e+00,0.000000000000000000e+00,0.000000000000000000e+00,2.000000000000000000e+00,-2.000000000000000000e+00,3.549999999999999822e+00,0.000000000000000000e+00,0.000000000000000000e+00,0.000000000000000000e+00,-4.499999999999999556e-01,-2.549999999999999822e+00,0.000000000000000000e+00,3.774999999999999911e+00,0.000000000000000000e+00,0.000000000000000000e+00,0.000000000000000000e+00,0.000000000000000000e+00,0.000000000000000000e+00,0.000000000000000000e+00,0.000000000000000000e+00,0.000000000000000000e+00,0.000000000000000000e+00,0.000000000000000000e+00,0.000000000000000000e+00,0.000000000000000000e+00,0.000000000000000000e+00,0.000000000000000000e+00,0.000000000000000000e+00,0.000000000000000000e+00,0.000000000000000000e+00,0.000000000000000000e+00,0.000000000000000000e+00,0.000000000000000000e+00,0.000000000000000000e+00,0.000000000000000000e+00,0.000000000000000000e+00,0.000000000000000000e+00
1.281250000000000000e+00,0.000000000000000000e+00,0.000000000000000000e+00,-1.000000000000000000e+00,0.000000000000000000e+00,5.625000000000000000e-01,0.000000000000000000e+00,0.000000000000000000e+00,2.000000000000000000e+00,-2.000000000000000000e+00,2.875000000000000000e+00,0.000000000000000000e+00,0.000000000000000000e+00,0.000000000000000000e+00,0.000000000000000000e+00,-2.437500000000000000e+00,0.000000000000000000e+00,3.156250000000000000e+00,0.000000000000000000e+00,0.000000000000000000e+00,0.000000000000000000e+00,0.000000000000000000e+00,0.000000000000000000e+00,0.000000000000000000e+00,0.000000000000000000e+00,0.000000000000000000e+00,0.000000000000000000e+00,0.000000000000000000e+00,0.000000000000000000e+00,0.000000000000000000e+00,0.000000000000000000e+00,0.000000000000000000e+00,0.000000000000000000e+00,0.000000000000000000e+00,0.000000000000000000e+00,0.000000000000000000e+00,0.000000000000000000e+00,0.000000000000000000e+00,0.000000000000000000e+00,0.000000000000000000e+00,0.000000000000000000e+00,0.000000000000000000e+00
0.000000000000000000e+00,0.000000000000000000e+00,0.000000000000000000e+00,-5.847953216374268681e-03,0.000000000000000000e+00,0.000000000000000000e+00,0.000000000000000000e+00,0.000000000000000000e+00,1.017543859649122640e+00,-1.017543859649122640e+00,0.000000000000000000e+00,0.000000000000000000e+00,0.000000000000000000e+00,0.000000000000000000e+00,-5.526315789473683626e-01,2.923976608187134341e-02,0.000000000000000000e+00,1.000000000000000000e+00,5.847953216374268681e-03,0.000000000000000000e+00,0.000000000000000000e+00,0.000000000000000000e+00,0.000000000000000000e+00,0.000000000000000000e+00,0.000000000000000000e+00,0.000000000000000000e+00,0.000000000000000000e+00,-2.923976608187134341e-03,0.000000000000000000e+00,0.000000000000000000e+00,0.000000000000000000e+00,0.000000000000000000e+00,0.000000000000000000e+00,0.000000000000000000e+00,0.000000000000000000e+00,0.000000000000000000e+00,0.000000000000000000e+00,0.000000000000000000e+00,0.000000000000000000e+00,0.000000000000000000e+00,0.000000000000000000e+00,0.000000000000000000e+00
0.000000000000000000e+00,0.000000000000000000e+00,0.000000000000000000e+00,-1.000000000000000000e+00,0.000000000000000000e+00,0.000000000000000000e+00,0.000000000000000000e+00,0.000000000000000000e+00,1.895999999999999943e+02,-1.895999999999999943e+02,0.000000000000000000e+00,0.000000000000000000e+00,0.000000000000000000e+00,0.000000000000000000e+00,-1.020000000000000000e+02,4.599999999999999645e+00,0.000000000000000000e+00,1.865999999999999943e+02,0.000000000000000000e+00,0.000000000000000000e+00,0.000000000000000000e+00,0.000000000000000000e+00,0.000000000000000000e+00,0.000000000000000000e+00,0.000000000000000000e+00,0.000000000000000000e+00,0.000000000000000000e+00,-5.999999999999999778e-01,0.000000000000000000e+00,0.000000000000000000e+00,0.000000000000000000e+00,0.000000000000000000e+00,0.000000000000000000e+00,0.000000000000000000e+00,0.000000000000000000e+00,0.000000000000000000e+00,0.000000000000000000e+00,0.000000000000000000e+00,0.000000000000000000e+00,1.199999999999999956e+00,0.000000000000000000e+00,0.000000000000000000e+00
2.083333333333333218e-02,0.000000000000000000e+00,0.000000000000000000e+00,-6.944444444444444059e-03,0.000000000000000000e+00,0.000000000000000000e+00,0.000000000000000000e+00,0.000000000000000000e+00,1.000000000000000000e+00,-1.000000000000000000e+00,0.000000000000000000e+00,0.000000000000000000e+00,0.000000000000000000e+00,0.000000000000000000e+00,-5.208333333333332593e-01,6.944444444444444059e-03,0.000000000000000000e+00,1.000000000000000000e+00,0.000000000000000000e+00,0.000000000000000000e+00,0.000000000000000000e+00,0.000000000000000000e+00,0.000000000000000000e+00,0.000000000000000000e+00,0.000000000000000000e+00,0.000000000000000000e+00,0.000000000000000000e+00,0.000000000000000000e+00,0.000000000000000000e+00,0.000000000000000000e+00,0.000000000000000000e+00,0.000000000000000000e+00,0.000000000000000000e+00,0.000000000000000000e+00,0.000000000000000000e+00,0.000000000000000000e+00,0.000000000000000000e+00,0.000000000000000000e+00,0.000000000000000000e+00,0.000000000000000000e+00,0.000000000000000000e+00,0.000000000000000000e+00
0.000000000000000000e+00,0.000000000000000000e+00,0.000000000000000000e+00,-4.629629629629629373e-03,0.000000000000000000e+00,0.000000000000000000e+00,0.000000000000000000e+00,0.000000000000000000e+00,1.000000000000000000e+00,-1.000000000000000000e+00,0.000000000000000000e+00,0.000000000000000000e+00,0.000000000000000000e+00,0.000000000000000000e+00,-5.370370370370369795e-01,2.314814814814814686e-02,0.000000000000000000e+00,9.814814814814813992e-01,0.000000000000000000e+00,0.000000000000000000e+00,0.000000000000000000e+00,0.000000000000000000e+00,4.629629629629629373e-03,0.000000000000000000e+00,0.000000000000000000e+00,0.000000000000000000e+00,0.000000000000000000e+00,-4.629629629629629373e-03,0.000000000000000000e+00,0.000000000000000000e+00,0.000000000000000000e+00,0.000000000000000000e+00,0.000000000000000000e+00,0.000000000000000000e+00,0.000000000000000000e+00,0.000000000000000000e+00,0.000000000000000000e+00,0.000000000000000000e+00,0.000000000000000000e+00,0.000000000000000000e+00,0.000000000000000000e+00,0.000000000000000000e+00
0.000000000000000000e+00,0.000000000000000000e+00,0.000000000000000000e+00,-1.000000000000000000e+00,0.000000000000000000e+00,0.000000000000000000e+00,0.000000000000000000e+00,0.000000000000000000e+00,2.380000000000000000e+02,-2.380000000000000000e+02,0.000000000000000000e+00,0.000000000000000000e+00,0.000000000000000000e+00,0.000000000000000000e+00,-1.265000000000000000e+02,5.000000000000000000e+00,0.000000000000000000e+00,2.350000000000000000e+02,0.000000000000000000e+00,0.000000000000000000e+00,0.000000000000000000e+00,1.000000000000000000e+00,0.000000000000000000e+00,0.000000000000000000e+00,0.000000000000000000e+00,0.000000000000000000e+00,0.000000000000000000e+00,-5.000000000000000000e-01,0.000000000000000000e+00,0.000000000000000000e+00,0.000000000000000000e+00,0.000000000000000000e+00,0.000000000000000000e+00,0.000000000000000000e+00,0.000000000000000000e+00,0.000000000000000000e+00,0.000000000000000000e+00,0.000000000000000000e+00,0.000000000000000000e+00,0.000000000000000000e+00,0.000000000000000000e+00,0.000000000000000000e+00
8.888888888888888395e-01,0.000000000000000000e+00,0.000000000000000000e+00,-5.555555555555554692e-01,0.000000000000000000e+00,1.555555555555555358e+00,0.000000000000000000e+00,0.000000000000000000e+00,5.333333333333333037e+00,-5.333333333333333037e+00,0.000000000000000000e+00,0.000000000000000000e+00,0.000000000000000000e+00,0.000000000000000000e+00,-1.222222222222222099e+00,-1.000000000000000000e+00,0.000000000000000000e+00,4.555555555555555358e+00,0.000000000000000000e+00,0.000000000000000000e+00,0.000000000000000000e+00,0.000000000000000000e+00,0.000000000000000000e+00,0.000000000000000000e+00,0.000000000000000000e+00,0.000000000000000000e+00,0.000000000000000000e+00,0.000000000000000000e+00,0.000000000000000000e+00,0.000000000000000000e+00,0.000000000000000000e+00,0.000000000000000000e+00,0.000000000000000000e+00,0.000000000000000000e+00,0.000000000000000000e+00,0.000000000000000000e+00,0.000000000000000000e+00,0.000000000000000000e+00,0.000000000000000000e+00,0.000000000000000000e+00,0.000000000000000000e+00,0.000000000000000000e+00
0.000000000000000000e+00,0.000000000000000000e+00,0.000000000000000000e+00,-1.000000000000000000e+00,0.000000000000000000e+00,2.875000000000000000e+00,0.000000000000000000e+00,0.000000000000000000e+00,2.975000000000000000e+01,-2.975000000000000000e+01,0.000000000000000000e+00,0.000000000000000000e+00,0.000000000000000000e+00,0.000000000000000000e+00,-1.431250000000000000e+01,0.000000000000000000e+00,0.000000000000000000e+00,2.675000000000000000e+01,0.000000000000000000e+00,0.000000000000000000e+00,0.000000000000000000e+00,0.000000000000000000e+00,0.000000000000000000e+00,0.000000000000000000e+00,0.000000000000000000e+00,0.000000000000000000e+00,0.000000000000000000e+00,-3.125000000000000000e-01,0.000000000000000000e+00,0.000000000000000000e+00,0.000000000000000000e+00,0.000000000000000000e+00,0.000000000000000000e+00,0.000000000000000000e+00,0.000000000000000000e+00,0.000000000000000000e+00,0.000000000000000000e+00,0.000000000000000000e+00,0.000000000000000000e+00,6.250000000000000000e-01,0.000000000000000000e+00,0.000000000000000000e+00
2.500000000000000000e+00,0.000000000000000000e+00,0.000000000000000000e+00,-1.000000000000000000e+00,0.000000000000000000e+00,1.000000000000000000e+00,0.000000000000000000e+00,0.000000000000000000e+00,9.600000000000000000e+01,-9.600000000000000000e+01,0.000000000000000000e+00,0.000000000000000000e+00,0.000000000000000000e+00,0.000000000000000000e+00,-4.900000000000000000e+01,0.000000000000000000e+00,0.000000000000000000e+00,9.550000000000000000e+01,0.000000000000000000e+00,0.000000000000000000e+00,0.000000000000000000e+00,0.000000000000000000e+00,0.000000000000000000e+00,0.000000000000000000e+00,0.000000000000000000e+00,0.000000000000000000e+00,0.000000000000000000e+00,0.000000000000000000e+00,0.000000000000000000e+00,0.000000000000000000e+00,0.000000000000000000e+00,0.000000000000000000e+00,0.000000000000000000e+00,0.000000000000000000e+00,0.000000000000000000e+00,0.000000000000000000e+00,0.000000000000000000e+00,0.000000000000000000e+00,0.000000000000000000e+00,0.000000000000000000e+00,0.000000000000000000e+00,0.000000000000000000e+00
0.000000000000000000e+00,0.000000000000000000e+00,0.000000000000000000e+00,-1.000000000000000000e+00,0.000000000000000000e+00,3.000000000000000000e+00,0.000000000000000000e+00,0.000000000000000000e+00,4.700000000000000000e+01,-4.700000000000000000e+01,0.000000000000000000e+00,0.000000000000000000e+00,0.000000000000000000e+00,0.000000000000000000e+00,-2.275000000000000000e+01,0.000000000000000000e+00,0.000000000000000000e+00,4.400000000000000000e+01,0.000000000000000000e+00,0.000000000000000000e+00,0.000000000000000000e+00,5.000000000000000000e-01,0.000000000000000000e+00,0.000000000000000000e+00,0.000000000000000000e+00,0.000000000000000000e+00,0.000000000000000000e+00,-2.500000000000000000e-01,0.000000000000000000e+00,0.000000000000000000e+00,0.000000000000000000e+00,0.000000000000000000e+00,0.000000000000000000e+00,0.000000000000000000e+00,0.000000000000000000e+00,0.000000000000000000e+00,0.000000000000000000e+00,0.000000000000000000e+00,0.000000000000000000e+00,0.000000000000000000e+00,0.000000000000000000e+00,0.000000000000000000e+00
0.000000000000000000e+00,0.000000000000000000e+00,0.000000000000000000e+00,-2.564102564102564014e-02,0.000000000000000000e+00,0.000000000000000000e+00,0.000000000000000000e+00,0.000000000000000000e+00,1.000000000000000000e+00,-1.000000000000000000e+00,0.000000000000000000e+00,0.000000000000000000e+00,0.000000000000000000e+00,0.000000000000000000e+00,-5.000000000000000000e-01,-1.282051282051282007e-02,0.000000000000000000e+00,1.000000000000000000e+00,0.000000000000000000e+00,0.000000000000000000e+00,0.000000000000000000e+00,0.000000000000000000e+00,0.000000000000000000e+00,3.846153846153845673e-02,0.000000000000000000e+00,0.000000000000000000e+00,0.000000000000000000e+00,0.000000000000000000e+00,0.000000000000000000e+00,0.000000000000000000e+00,0.000000000000000000e+00,0.000000000000000000e+00,0.000000000000000000e+00,0.000000000000000000e+00,0.000000000000000000e+00,0.000000000000000000e+00,0.000000000000000000e+00,0.000000000000000000e+00,0.000000000000000000e+00,0.000000000000000000e+00,0.000000000000000000e+00,0.000000000000000000e+00
0.000000000000000000e+00,0.000000000000000000e+00,0.000000000000000000e+00,-5.454545454545454281e-02,0.000000000000000000e+00,3.636363636363636187e-02,0.000000000000000000e+00,0.000000000000000000e+00,1.018181818181818077e+00,-1.018181818181818077e+00,0.000000000000000000e+00,0.000000000000000000e+00,0.000000000000000000e+00,0.000000000000000000e+00,-4.545454545454545303e-01,-5.454545454545454281e-02,0.000000000000000000e+00,1.000000000000000000e+00,0.000000000000000000e+00,0.000000000000000000e+00,0.000000000000000000e+00,0.000000000000000000e+00,0.000000000000000000e+00,7.272727272727272374e-02,0.000000000000000000e+00,0.000000000000000000e+00,0.000000000000000000e+00,0.000000000000000000e+00,0.000000000000000000e+00,0.000000000000000000e+00,0.000000000000000000e+00,0.000000000000000000e+00,0.000000000000000000e+00,0.000000000000000000e+00,0.000000000000000000e+00,0.000000000000000000e+00,0.000000000000000000e+00,0.000000000000000000e+00,0.000000000000000000e+00,0.000000000000000000e+00,0.000000000000000000e+00,0.000000000000000000e+00
0.000000000000000000e+00,0.000000000000000000e+00,0.000000000000000000e+00,-2.223190932868351899e-02,0.000000000000000000e+00,0.000000000000000000e+00,0.000000000000000000e+00,0.000000000000000000e+00,1.000000000000000000e+00,-1.000000000000000000e+00,0.000000000000000000e+00,0.000000000000000000e+00,0.000000000000000000e+00,0.000000000000000000e+00,-5.130775937227549655e-01,0.000000000000000000e+00,0.000000000000000000e+00,9.934612031386224063e-01,0.000000000000000000e+00,0.000000000000000000e+00,0.000000000000000000e+00,0.000000000000000000e+00,0.000000000000000000e+00,3.007846556233652671e-02,0.000000000000000000e+00,0.000000000000000000e+00,0.000000000000000000e+00,-1.307759372275501143e-03,0.000000000000000000e+00,0.000000000000000000e+00,0.000000000000000000e+00,0.000000000000000000e+00,0.000000000000000000e+00,2.615518744551002285e-03,0.000000000000000000e+00,0.000000000000000000e+00,0.000000000000000000e+00,0.000000000000000000e+00,0.000000000000000000e+00,0.000000000000000000e+00,0.000000000000000000e+00,0.000000000000000000e+00
0.000000000000000000e+00,0.000000000000000000e+00,0.000000000000000000e+00,-1.827242524916943348e-02,0.000000000000000000e+00,0.000000000000000000e+00,0.000000000000000000e+00,0.000000000000000000e+00,1.006644518272425071e+00,-1.006644518272425071e+00,0.000000000000000000e+00,0.000000000000000000e+00,0.000000000000000000e+00,0.000000000000000000e+00,-5.166112956810631207e-01,0.000000000000000000e+00,0.000000000000000000e+00,1.000000000000000000e+00,0.000000000000000000e+00,0.000000000000000000e+00,0.000000000000000000e+00,0.000000000000000000e+00,1.661129568106312114e-03,2.491694352159468107e-02,0.000000000000000000e+00,0.000000000000000000e+00,0.000000000000000000e+00,-1.661129568106312114e-03,0.000000000000000000e+00,0.000000000000000000e+00,0.000000000000000000e+00,0.000000000000000000e+00,0.000000000000000000e+00,0.000000000000000000e+00,0.000000000000000000e+00,0.000000000000000000e+00,0.000000000000000000e+00,0.000000000000000000e+00,0.000000000000000000e+00,0.000000000000000000e+00,0.000000000000000000e+00,0.000000000000000000e+00
0.000000000000000000e+00,0.000000000000000000e+00,0.000000000000000000e+00,-1.950354609929077707e-02,0.000000000000000000e+00,0.000000000000000000e+00,0.000000000000000000e+00,0.000000000000000000e+00,1.000000000000000000e+00,-1.000000000000000000e+00,0.000000000000000000e+00,0.000000000000000000e+00,0.000000000000000000e+00,0.000000000000000000e+00,-5.132978723404254540e-01,0.000000000000000000e+00,0.000000000000000000e+00,9.946808510638297518e-01,1.773049645390070879e-03,0.000000000000000000e+00,0.000000000000000000e+00,0.000000000000000000e+00,0.000000000000000000e+00,2.659574468085106058e-02,0.000000000000000000e+00,0.000000000000000000e+00,0.000000000000000000e+00,-8.865248226950354395e-04,0.000000000000000000e+00,0.000000000000000000e+00,0.000000000000000000e+00,0.000000000000000000e+00,0.000000000000000000e+00,0.000000000000000000e+00,0.000000000000000000e+00,0.000000000000000000e+00,0.000000000000000000e+00,0.000000000000000000e+00,0.000000000000000000e+00,0.000000000000000000e+00,0.000000000000000000e+00,0.000000000000000000e+00
0.000000000000000000e+00,0.000000000000000000e+00,0.000000000000000000e+00,-1.751592356687898047e-02,0.000000000000000000e+00,0.000000000000000000e+00,0.000000000000000000e+00,0.000000000000000000e+00,1.000000000000000000e+00,-1.000000000000000000e+00,0.000000000000000000e+00,0.000000000000000000e+00,0.000000000000000000e+00,0.000000000000000000e+00,-5.119426751592356384e-01,0.000000000000000000e+00,0.000000000000000000e+00,9.952229299363056780e-01,0.000000000000000000e+00,0.000000000000000000e+00,0.000000000000000000e+00,1.592356687898089035e-03,0.000000000000000000e+00,2.388535031847133575e-02,0.000000000000000000e+00,0.000000000000000000e+00,0.000000000000000000e+00,-7.961783439490445176e-04,0.000000000000000000e+00,0.000000000000000000e+00,0.000000000000000000e+00,0.000000000000000000e+00,0.000000000000000000e+00,0.000000000000000000e+00,0.000000000000000000e+00,0.000000000000000000e+00,0.000000000000000000e+00,0.000000000000000000e+00,0.000000000000000000e+00,0.000000000000000000e+00,0.000000000000000000e+00,0.000000000000000000e+00
0.000000000000000000e+00,0.000000000000000000e+00,0.000000000000000000e+00,-1.870187018701870152e-02,0.000000000000000000e+00,0.000000000000000000e+00,0.000000000000000000e+00,0.000000000000000000e+00,1.005500550055005382e+00,-1.005500550055005382e+00,0.000000000000000000e+00,0.000000000000000000e+00,0.000000000000000000e+00,0.000000000000000000e+00,-5.159515951595159411e-01,0.000000000000000000e+00,0.000000000000000000e+00,1.000000000000000000e+00,0.000000000000000000e+00,0.000000000000000000e+00,0.000000000000000000e+00,0.000000000000000000e+00,0.000000000000000000e+00,2.530253025302530226e-02,0.000000000000000000e+00,0.000000000000000000e+00,0.000000000000000000e+00,-1.100110011001100051e-03,0.000000000000000000e+00,0.000000000000000000e+00,0.000000000000000000e+00,0.000000000000000000e+00,0.000000000000000000e+00,0.000000000000000000e+00,0.000000000000000000e+00,0.000000000000000000e+00,0.000000000000000000e+00,0.000000000000000000e+00,0.000000000000000000e+00,2.200220022002200102e-03,0.000000000000000000e+00,0.000000000000000000e+00
1.351351351351351253e-02,0.000000000000000000e+00,0.000000000000000000e+00,-1.351351351351351253e-02,0.000000000000000000e+00,0.000000000000000000e+00,0.000000000000000000e+00,0.000000000000000000e+00,1.000000000000000000e+00,-1.000000000000000000e+00,0.000000000000000000e+00,0.000000000000000000e+00,0.000000000000000000e+00,0.000000000000000000e+00,-5.135135135135134865e-01,0.000000000000000000e+00,0.000000000000000000e+00,1.000000000000000000e+00,0.000000000000000000e+00,0.000000000000000000e+00,0.000000000000000000e+00,0.000000000000000000e+00,0.000000000000000000e+00,1.351351351351351253e-02,0.000000000000000000e+00,0.000000000000000000e+00,0.000000000000000000e+00,0.000000000000000000e+00,0.000000000000000000e+00,0.000000000000000000e+00,0.000000000000000000e+00,0.000000000000000000e+00,0.000000000000000000e+00,0.000000000000000000e+00,0.000000000000000000e+00,0.000000000000000000e+00,0.000000000000000000e+00,0.000000000000000000e+00,0.000000000000000000e+00,0.000000000000000000e+00,0.000000000000000000e+00,0.000000000000000000e+00
0.000000000000000000e+00,0.000000000000000000e+00,0.000000000000000000e+00,-4.583333333333333148e-01,0.000000000000000000e+00,0.000000000000000000e+00,0.000000000000000000e+00,0.000000000000000000e+00,1.000000000000000000e+00,-1.000000000000000000e+00,7.500000000000000000e-01,0.000000000000000000e+00,0.000000000000000000e+00,0.000000000000000000e+00,-1.250000000000000000e-01,-7.916666666666666297e-01,0.000000000000000000e+00,1.375000000000000000e+00,0.000000000000000000e+00,0.000000000000000000e+00,0.000000000000000000e+00,0.000000000000000000e+00,0.000000000000000000e+00,5.000000000000000000e-01,0.000000000000000000e+00,0.000000000000000000e+00,0.000000000000000000e+00,0.000000000000000000e+00,0.000000000000000000e+00,0.000000000000000000e+00,0.000000000000000000e+00,0.000000000000000000e+00,0.000000000000000000e+00,0.000000000000000000e+00,0.000000000000000000e+00,0.000000000000000000e+00,0.000000000000000000e+00,0.000000000000000000e+00,0.000000000000000000e+00,0.000000000000000000e+00,0.000000000000000000e+00,0.000000000000000000e+00
4.999999999999999584e-02,0.000000000000000000e+00,0.000000000000000000e+00,-5.000000000000000000e-01,0.000000000000000000e+00,0.000000000000000000e+00,0.000000000000000000e+00,0.000000000000000000e+00,1.000000000000000000e+00,-1.000000000000000000e+00,8.999999999999999112e-01,0.000000000000000000e+00,0.000000000000000000e+00,0.000000000000000000e+00,-9.999999999999999167e-02,-8.999999999999999112e-01,0.000000000000000000e+00,1.449999999999999956e+00,0.000000000000000000e+00,0.000000000000000000e+00,0.000000000000000000e+00,0.000000000000000000e+00,0.000000000000000000e+00,5.000000000000000000e-01,0.000000000000000000e+00,0.000000000000000000e+00,0.000000000000000000e+00,0.000000000000000000e+00,0.000000000000000000e+00,0.000000000000000000e+00,0.000000000000000000e+00,0.000000000000000000e+00,0.000000000000000000e+00,0.000000000000000000e+00,0.000000000000000000e+00,0.000000000000000000e+00,0.000000000000000000e+00,0.000000000000000000e+00,0.000000000000000000e+00,0.000000000000000000e+00,0.000000000000000000e+00,0.000000000000000000e+00
0.000000000000000000e+00,0.000000000000000000e+00,0.000000000000000000e+00,-5.000000000000000000e-01,0.000000000000000000e+00,0.000000000000000000e+00,0.000000000000000000e+00,0.000000000000000000e+00,1.000000000000000000e+00,-1.000000000000000000e+00,8.636363636363635354e-01,0.000000000000000000e+00,0.000000000000000000e+00,2.272727272727272443e-02,-1.022727272727272652e-01,-8.863636363636363535e-01,0.000000000000000000e+00,1.409090909090908950e+00,0.000000000000000000e+00,0.000000000000000000e+00,0.000000000000000000e+00,0.000000000000000000e+00,0.000000000000000000e+00,5.227272727272727071e-01,0.000000000000000000e+00,0.000000000000000000e+00,0.000000000000000000e+00,-1.136363636363636222e-02,0.000000000000000000e+00,0.000000000000000000e+00,0.000000000000000000e+00,0.000000000000000000e+00,0.000000000000000000e+00,0.000000000000000000e+00,0.000000000000000000e+00,0.000000000000000000e+00,0.000000000000000000e+00,0.000000000000000000e+00,0.000000000000000000e+00,0.000000000000000000e+00,0.000000000000000000e+00,0.000000000000000000e+00
0.000000000000000000e+00,0.000000000000000000e+00,0.000000000000000000e+00,-5.000000000000000000e-01,0.000000000000000000e+00,1.285714285714285587e-01,0.000000000000000000e+00,0.000000000000000000e+00,1.000000000000000000e+00,-1.000000000000000000e+00,6.999999999999999556e-01,0.000000000000000000e+00,0.000000000000000000e+00,2.857142857142857054e-02,0.000000000000000000e+00,-8.571428571428570953e-01,0.000000000000000000e+00,1.257142857142857117e+00,0.000000000000000000e+00,0.000000000000000000e+00,0.000000000000000000e+00,0.000000000000000000e+00,0.000000000000000000e+00,5.285714285714284699e-01,0.000000000000000000e+00,0.000000000000000000e+00,0.000000000000000000e+00,-1.428571428571428527e-02,0.000000000000000000e+00,0.000000000000000000e+00,0.000000000000000000e+00,0.000000000000000000e+00,0.000000000000000000e+00,0.000000000000000000e+00,0.000000000000000000e+00,0.000000000000000000e+00,0.000000000000000000e+00,0.000000000000000000e+00,0.000000000000000000e+00,0.000000000000000000e+00,0.000000000000000000e+00,0.000000000000000000e+00
0.000000000000000000e+00,0.000000000000000000e+00,0.000000000000000000e+00,-5.000000000000000000e-01,0.000000000000000000e+00,1.964285714285714246e-01,0.000000000000000000e+00,0.000000000000000000e+00,1.000000000000000000e+00,-1.000000000000000000e+00,6.964285714285713969e-01,0.000000000000000000e+00,0.000000000000000000e+00,0.000000000000000000e+00,0.000000000000000000e+00,-8.214285714285713969e-01,0.000000000000000000e+00,1.178571428571428381e+00,0.000000000000000000e+00,0.000000000000000000e+00,0.000000000000000000e+00,0.000000000000000000e+00,1.785714285714285615e-02,5.000000000000000000e-01,0.000000000000000000e+00,0.000000000000000000e+00,0.000000000000000000e+00,-1.785714285714285615e-02,0.000000000000000000e+00,0.000000000000000000e+00,0.000000000000000000e+00,0.000000000000000000e+00,0.000000000000000000e+00,0.000000000000000000e+00,0.000000000000000000e+00,0.000000000000000000e+00,0.000000000000000000e+00,0.000000000000000000e+00,0.000000000000000000e+00,0.000000000000000000e+00,0.000000000000000000e+00,0.000000000000000000e+00
0.000000000000000000e+00,0.000000000000000000e+00,0.000000000000000000e+00,-5.000000000000000000e-01,0.000000000000000000e+00,1.543209876543209791e-01,0.000000000000000000e+00,0.000000000000000000e+00,1.000000000000000000e+00,-1.000000000000000000e+00,7.222222222222222099e-01,0.000000000000000000e+00,0.000000000000000000e+00,0.000000000000000000e+00,0.000000000000000000e+00,-8.395061728395061262e-01,0.000000000000000000e+00,1.246913580246913567e+00,0.000000000000000000e+00,0.000000000000000000e+00,0.000000000000000000e+00,1.234567901234567833e-02,0.000000000000000000e+00,5.123456790123456228e-01,0.000000000000000000e+00,0.000000000000000000e+00,0.000000000000000000e+00,-6.172839506172839164e-03,0.000000000000000000e+00,0.000000000000000000e+00,0.000000000000000000e+00,0.000000000000000000e+00,0.000000000000000000e+00,0.000000000000000000e+00,0.000000000000000000e+00,0.000000000000000000e+00,0.000000000000000000e+00,0.000000000000000000e+00,0.000000000000000000e+00,0.000000000000000000e+00,0.000000000000000000e+00,0.000000000000000000e+00
0.000000000000000000e+00,0.000000000000000000e+00,0.000000000000000000e+00,-5.000000000000000000e-01,0.000000000000000000e+00,1.923076923076922906e-01,0.000000000000000000e+00,0.000000000000000000e+00,1.000000000000000000e+00,-1.000000000000000000e+00,6.538461538461537437e-01,0.000000000000000000e+00,0.000000000000000000e+00,0.000000000000000000e+00,0.000000000000000000e+00,-7.999999999999999334e-01,0.000000000000000000e+00,1.184615384615384404e+00,1.538461538461538373e-02,0.000000000000000000e+00,0.000000000000000000e+00,0.000000000000000000e+00,0.000000000000000000e+00,5.153846153846153300e-01,0.000000000000000000e+00,0.000000000000000000e+00,0.000000000000000000e+00,-7.692307692307691867e-03,0.000000000000000000e+00,0.000000000000000000e+00,0.000000000000000000e+00,0.000000000000000000e+00,0.000000000000000000e+00,0.000000000000000000e+00,0.000000000000000000e+00,0.000000000000000000e+00,0.000000000000000000e+00,0.000000000000000000e+00,0.000000000000000000e+00,0.000000000000000000e+00,0.000000000000000000e+00,0.000000000000000000e+00
0.000000000000000000e+00,0.000000000000000000e+00,0.000000000000000000e+00,-1.000000000000000000e+00,0.000000000000000000e+00,3.442622950819672067e-01,0.000000000000000000e+00,0.000000000000000000e+00,2.000000000000000000e+00,-2.000000000000000000e+00,1.360655737704917989e+00,0.000000000000000000e+00,0.000000000000000000e+00,0.000000000000000000e+00,0.000000000000000000e+00,-1.639344262295081789e+00,0.000000000000000000e+00,2.426229508196720897e+00,0.000000000000000000e+00,0.000000000000000000e+00,0.000000000000000000e+00,0.000000000000000000e+00,0.000000000000000000e+00,1.032786885245901454e+00,0.000000000000000000e+00,0.000000000000000000e+00,0.000000000000000000e+00,-1.639344262295081706e-02,0.000000000000000000e+00,0.000000000000000000e+00,0.000000000000000000e+00,0.000000000000000000e+00,0.000000000000000000e+00,0.000000000000000000e+00,0.000000000000000000e+00,0.000000000000000000e+00,0.000000000000000000e+00,0.000000000000000000e+00,0.000000000000000000e+00,3.278688524590163411e-02,0.000000000000000000e+00,0.000000000000000000e+00
0.000000000000000000e+00,0.000000000000000000e+00,0.000000000000000000e+00,-5.000000000000000000e-01,0.000000000000000000e+00,1.624999999999999778e-01,0.000000000000000000e+00,0.000000000000000000e+00,1.000000000000000000e+00,-1.000000000000000000e+00,7.124999999999999112e-01,0.000000000000000000e+00,0.000000000000000000e+00,0.000000000000000000e+00,6.249999999999999480e-03,-8.374999999999999112e-01,0.000000000000000000e+00,1.237499999999999822e+00,0.000000000000000000e+00,0.000000000000000000e+00,0.000000000000000000e+00,1.249999999999999896e-02,0.000000000000000000e+00,5.124999999999999556e-01,0.000000000000000000e+00,0.000000000000000000e+00,0.000000000000000000e+00,-6.249999999999999480e-03,0.000000000000000000e+00,0.000000000000000000e+00,0.000000000000000000e+00,0.000000000000000000e+00,0.000000000000000000e+00,0.000000000000000000e+00,0.000000000000000000e+00,0.000000000000000000e+00,0.000000000000000000e+00,0.000000000000000000e+00,0.000000000000000000e+00,0.000000000000000000e+00,0.000000000000000000e+00,0.000000000000000000e+00
6.250000000000000000e-02,0.000000000000000000e+00,0.000000000000000000e+00,-5.000000000000000000e-01,0.000000000000000000e+00,1.250000000000000000e-01,0.000000000000000000e+00,0.000000000000000000e+00,1.000000000000000000e+00,-1.000000000000000000e+00,7.500000000000000000e-01,0.000000000000000000e+00,0.000000000000000000e+00,0.000000000000000000e+00,0.000000000000000000e+00,-8.750000000000000000e-01,0.000000000000000000e+00,1.312500000000000000e+00,0.000000000000000000e+00,0.000000000000000000e+00,0.000000000000000000e+00,0.000000000000000000e+00,0.000000000000000000e+00,5.000000000000000000e-01,0.000000000000000000e+00,0.000000000000000000e+00,0.000000000000000000e+00,0.000000000000000000e+00,0.000000000000000000e+00,0.000000000000000000e+00,0.000000000000000000e+00,0.000000000000000000e+00,0.000000000000000000e+00,0.000000000000000000e+00,0.000000000000000000e+00,0.000000000000000000e+00,0.000000000000000000e+00,0.000000000000000000e+00,0.000000000000000000e+00,0.000000000000000000e+00,0.000000000000000000e+00,0.000000000000000000e+00
0.000000000000000000e+00,0.000000000000000000e+00,0.000000000000000000e+00,-4.166666666666666297e-01,0.000000000000000000e+00,1.527777777777777624e-01,0.000000000000000000e+00,0.000000000000000000e+00,8.333333333333332593e-01,-8.333333333333332593e-01,5.555555555555554692e-01,0.000000000000000000e+00,0.000000000000000000e+00,0.000000000000000000e+00,6.944444444444444059e-03,-6.805555555555554692e-01,0.000000000000000000e+00,1.000000000000000000e+00,0.000000000000000000e+00,0.000000000000000000e+00,0.000000000000000000e+00,0.000000000000000000e+00,0.000000000000000000e+00,4.305555555555555247e-01,0.000000000000000000e+00,0.000000000000000000e+00,0.000000000000000000e+00,-6.944444444444444059e-03,0.000000000000000000e+00,0.000000000000000000e+00,0.000000000000000000e+00,0.000000000000000000e+00,0.000000000000000000e+00,0.000000000000000000e+00,0.000000000000000000e+00,0.000000000000000000e+00,0.000000000000000000e+00,0.000000000000000000e+00,0.000000000000000000e+00,1.388888888888888812e-02,0.000000000000000000e+00,0.000000000000000000e+00
0.000000000000000000e+00,0.000000000000000000e+00,0.000000000000000000e+00,-5.144230769230768718e-01,0.000000000000000000e+00,0.000000000000000000e+00,0.000000000000000000e+00,0.000000000000000000e+00,1.000000000000000000e+00,-1.000000000000000000e+00,8.798076923076922906e-01,0.000000000000000000e+00,0.000000000000000000e+00,0.000000000000000000e+00,-1.322115384615384359e-01,-8.557692307692307265e-01,0.000000000000000000e+00,1.403846153846153744e+00,0.000000000000000000e+00,0.000000000000000000e+00,0.000000000000000000e+00,0.000000000000000000e+00,0.000000000000000000e+00,5.336538461538461453e-01,0.000000000000000000e+00,0.000000000000000000e+00,0.000000000000000000e+00,-7.211538461538461071e-03,0.000000000000000000e+00,0.000000000000000000e+00,0.000000000000000000e+00,0.000000000000000000e+00,0.000000000000000000e+00,1.442307692307692214e-02,0.000000000000000000e+00,0.000000000000000000e+00,0.000000000000000000e+00,0.000000000000000000e+00,0.000000000000000000e+00,0.000000000000000000e+00,0.000000000000000000e+00,0.000000000000000000e+00
0.000000000000000000e+00,0.000000000000000000e+00,0.000000000000000000e+00,-5.000000000000000000e-01,0.000000000000000000e+00,0.000000000000000000e+00,0.000000000000000000e+00,0.000000000000000000e+00,1.000000000000000000e+00,-1.000000000000000000e+00,8.888888888888888395e-01,0.000000000000000000e+00,0.000000000000000000e+00,0.000000000000000000e+00,-1.388888888888888673e-01,-8.555555555555555136e-01,0.000000000000000000e+00,1.411111111111110983e+00,1.111111111111110980e-02,0.000000000000000000e+00,0.000000000000000000e+00,0.000000000000000000e+00,0.000000000000000000e+00,5.111111111111110716e-01,0.000000000000000000e+00,0.000000000000000000e+00,0.000000000000000000e+00,-5.555555555555554900e-03,0.000000000000000000e+00,0.000000000000000000e+00,0.000000000000000000e+00,0.000000000000000000e+00,0.000000000000000000e+00,0.000000000000000000e+00,0.000000000000000000e+00,0.000000000000000000e+00,0.000000000000000000e+00,0.000000000000000000e+00,0.000000000000000000e+00,0.000000000000000000e+00,0.000000000000000000e+00,0.000000000000000000e+00
0.000000000000000000e+00,0.000000000000000000e+00,0.000000000000000000e+00,-1.000000000000000000e+00,0.000000000000000000e+00,0.000000000000000000e+00,0.000000000000000000e+00,0.000000000000000000e+00,2.000000000000000000e+00,-2.000000000000000000e+00,1.780487804878048586e+00,0.000000000000000000e+00,0.000000000000000000e+00,0.000000000000000000e+00,-2.560975609756097060e-01,-1.731707317073170715e+00,0.000000000000000000e+00,2.829268292682926678e+00,0.000000000000000000e+00,0.000000000000000000e+00,0.000000000000000000e+00,0.000000000000000000e+00,0.000000000000000000e+00,1.024390243902438824e+00,0.000000000000000000e+00,0.000000000000000000e+00,0.000000000000000000e+00,-1.219512195121951088e-02,0.000000000000000000e+00,0.000000000000000000e+00,0.000000000000000000e+00,0.000000000000000000e+00,0.000000000000000000e+00,0.000000000000000000e+00,0.000000000000000000e+00,0.000000000000000000e+00,0.000000000000000000e+00,0.000000000000000000e+00,0.000000000000000000e+00,2.439024390243902177e-02,0.000000000000000000e+00,0.000000000000000000e+00
0.000000000000000000e+00,0.000000000000000000e+00,0.000000000000000000e+00,-5.000000000000000000e-01,0.000000000000000000e+00,0.000000000000000000e+00,0.000000000000000000e+00,0.000000000000000000e+00,1.000000000000000000e+00,-1.000000000000000000e+00,9.230769230769230171e-01,0.000000000000000000e+00,0.000000000000000000e+00,0.000000000000000000e+00,-1.410256410256410242e-01,-8.717948717948716952e-01,0.000000000000000000e+00,1.410256410256410131e+00,0.000000000000000000e+00,0.000000000000000000e+00,0.000000000000000000e+00,0.000000000000000000e+00,1.282051282051282007e-02,5.000000000000000000e-01,0.000000000000000000e+00,0.000000000000000000e+00,0.000000000000000000e+00,-1.282051282051282007e-02,0.000000000000000000e+00,0.000000000000000000e+00,0.000000000000000000e+00,0.000000000000000000e+00,0.000000000000000000e+00,0.000000000000000000e+00,0.000000000000000000e+00,0.000000000000000000e+00,0.000000000000000000e+00,0.000000000000000000e+00,0.000000000000000000e+00,0.000000000000000000e+00,0.000000000000000000e+00,0.000000000000000000e+00
0.000000000000000000e+00,0.000000000000000000e+00,0.000000000000000000e+00,-5.000000000000000000e-01,0.000000000000000000e+00,0.000000000000000000e+00,0.000000000000000000e+00,0.000000000000000000e+00,1.000000000000000000e+00,-1.000000000000000000e+00,9.056603773584904760e-01,0.000000000000000000e+00,0.000000000000000000e+00,0.000000000000000000e+00,-1.179245283018867801e-01,-8.773584905660376521e-01,0.000000000000000000e+00,1.424528301886792248e+00,0.000000000000000000e+00,0.000000000000000000e+00,0.000000000000000000e+00,9.433962264150943036e-03,0.000000000000000000e+00,5.094339622641509413e-01,0.000000000000000000e+00,0.000000000000000000e+00,0.000000000000000000e+00,-4.716981132075471518e-03,0.000000000000000000e+00,0.000000000000000000e+00,0.000000000000000000e+00,0.000000000000000000e+00,0.000000000000000000e+00,0.000000000000000000e+00,0.000000000000000000e+00,0.000000000000000000e+00,0.000000000000000000e+00,0.000000000000000000e+00,0.000000000000000000e+00,0.000000000000000000e+00,0.000000000000000000e+00,0.000000000000000000e+00
0.000000000000000000e+00,0.000000000000000000e+00,0.000000000000000000e+00,-5.000000000000000000e-01,0.000000000000000000e+00,5.227272727272727071e-01,0.000000000000000000e+00,0.000000000000000000e+00,1.000000000000000000e+00,-1.000000000000000000e+00,5.227272727272727071e-01,0.000000000000000000e+00,0.000000000000000000e+00,0.000000000000000000e+00,3.409090909090908839e-02,-6.590909090909090606e-01,0.000000000000000000e+00,7.954545454545454142e-01,6.818181818181817677e-02,0.000000000000000000e+00,0.000000000000000000e+00,0.000000000000000000e+00,0.000000000000000000e+00,3.863636363636363535e-01,0.000000000000000000e+00,0.000000000000000000e+00,0.000000000000000000e+00,-3.409090909090908839e-02,0.000000000000000000e+00,0.000000000000000000e+00,0.000000000000000000e+00,0.000000000000000000e+00,0.000000000000000000e+00,0.000000000000000000e+00,0.000000000000000000e+00,0.000000000000000000e+00,0.000000000000000000e+00,0.000000000000000000e+00,0.000000000000000000e+00,0.000000000000000000e+00,0.000000000000000000e+00,0.000000000000000000e+00
0.000000000000000000e+00,0.000000000000000000e+00,0.000000000000000000e+00,-5.000000000000000000e-01,0.000000000000000000e+00,3.741007194244603817e-01,0.000000000000000000e+00,0.000000000000000000e+00,1.000000000000000000e+00,-1.000000000000000000e+00,6.546762589928056819e-01,0.000000000000000000e+00,0.000000000000000000e+00,0.000000000000000000e+00,4.316546762589927588e-02,-7.841726618705034957e-01,0.000000000000000000e+00,9.676258992805755188e-01,0.000000000000000000e+00,0.000000000000000000e+00,0.000000000000000000e+00,0.000000000000000000e+00,4.316546762589927588e-02,4.280575539568344801e-01,0.000000000000000000e+00,0.000000000000000000e+00,0.000000000000000000e+00,-4.316546762589927588e-02,0.000000000000000000e+00,0.000000000000000000e+00,0.000000000000000000e+00,0.000000000000000000e+00,0.000000000000000000e+00,0.000000000000000000e+00,0.000000000000000000e+00,0.000000000000000000e+00,0.000000000000000000e+00,0.000000000000000000e+00,0.000000000000000000e+00,0.000000000000000000e+00,0.000000000000000000e+00,0.000000000000000000e+00
0.000000000000000000e+00,0.000000000000000000e+00,0.000000000000000000e+00,-1.000000000000000000e+00,0.000000000000000000e+00,1.041420118343195256e+00,0.000000000000000000e+00,0.000000000000000000e+00,2.426035502958579837e+00,-2.426035502958579837e+00,1.005917159763313418e+00,0.000000000000000000e+00,0.000000000000000000e+00,0.000000000000000000e+00,0.000000000000000000e+00,-1.431952662721893477e+00,0.000000000000000000e+00,2.053254437869822091e+00,0.000000000000000000e+00,0.000000000000000000e+00,0.000000000000000000e+00,0.000000000000000000e+00,0.000000000000000000e+00,8.106508875739644182e-01,0.000000000000000000e+00,0.000000000000000000e+00,0.000000000000000000e+00,-7.100591715976330154e-02,0.000000000000000000e+00,0.000000000000000000e+00,0.000000000000000000e+00,0.000000000000000000e+00,0.000000000000000000e+00,0.000000000000000000e+00,0.000000000000000000e+00,0.000000000000000000e+00,0.000000000000000000e+00,0.000000000000000000e+00,0.000000000000000000e+00,1.420118343195266031e-01,0.000000000000000000e+00,0.000000000000000000e+00
0.000000000000000000e+00,0.000000000000000000e+00,0.000000000000000000e+00,-7.727272727272727071e-01,0.000000000000000000e+00,5.909090909090908283e-01,0.000000000000000000e+00,0.000000000000000000e+00,1.681818181818181657e+00,-1.681818181818181657e+00,1.000000000000000000e+00,0.000000000000000000e+00,0.000000000000000000e+00,0.000000000000000000e+00,0.000000000000000000e+00,-1.204545454545454364e+00,0.000000000000000000e+00,1.613636363636363535e+00,0.000000000000000000e+00,0.000000000000000000e+00,0.000000000000000000e+00,0.000000000000000000e+00,6.818181818181817677e-02,6.590909090909090606e-01,0.000000000000000000e+00,0.000000000000000000e+00,0.000000000000000000e+00,-6.818181818181817677e-02,0.000000000000000000e+00,0.000000000000000000e+00,0.000000000000000000e+00,0.000000000000000000e+00,0.000000000000000000e+00,0.000000000000000000e+00,0.000000000000000000e+00,0.000000000000000000e+00,0.000000000000000000e+00,0.000000000000000000e+00,0.000000000000000000e+00,0.000000000000000000e+00,0.000000000000000000e+00,0.000000000000000000e+00
0.000000000000000000e+00,0.000000000000000000e+00,0.000000000000000000e+00,-8.375000000000000000e+00,0.000000000000000000e+00,1.000000000000000000e+01,0.000000000000000000e+00,0.000000000000000000e+00,2.375000000000000000e+01,-2.375000000000000000e+01,8.750000000000000000e+00,0.000000000000000000e+00,0.000000000000000000e+00,0.000000000000000000e+00,0.000000000000000000e+00,-1.275000000000000000e+01,0.000000000000000000e+00,2.012500000000000000e+01,0.000000000000000000e+00,0.000000000000000000e+00,0.000000000000000000e+00,1.000000000000000000e+00,0.000000000000000000e+00,6.375000000000000000e+00,0.000000000000000000e+00,0.000000000000000000e+00,0.000000000000000000e+00,-5.000000000000000000e-01,0.000000000000000000e+00,0.000000000000000000e+00,0.000000000000000000e+00,0.000000000000000000e+00,0.000000000000000000e+00,0.000000000000000000e+00,0.000000000000000000e+00,0.000000000000000000e+00,0.000000000000000000e+00,0.000000000000000000e+00,0.000000000000000000e+00,0.000000000000000000e+00,0.000000000000000000e+00,0.000000000000000000e+00
0.000000000000000000e+00,0.000000000000000000e+00,0.000000000000000000e+00,-4.675675675675675658e-01,0.000000000000000000e+00,4.972972972972972694e-01,0.000000000000000000e+00,0.000000000000000000e+00,1.000000000000000000e+00,-1.000000000000000000e+00,4.810810810810810523e-01,0.000000000000000000e+00,0.000000000000000000e+00,0.000000000000000000e+00,0.000000000000000000e+00,-6.108108108108107892e-01,0.000000000000000000e+00,7.972972972972972583e-01,6.486486486486485459e-02,0.000000000000000000e+00,0.000000000000000000e+00,0.000000000000000000e+00,0.000000000000000000e+00,3.594594594594594517e-01,0.000000000000000000e+00,0.000000000000000000e+00,0.000000000000000000e+00,-3.243243243243242729e-02,0.000000000000000000e+00,0.000000000000000000e+00,0.000000000000000000e+00,0.000000000000000000e+00,0.000000000000000000e+00,0.000000000000000000e+00,0.000000000000000000e+00,0.000000000000000000e+00,0.000000000000000000e+00,0.000000000000000000e+00,0.000000000000000000e+00,0.000000000000000000e+00,0.000000000000000000e+00,0.000000000000000000e+00
0.000000000000000000e+00,0.000000000000000000e+00,0.000000000000000000e+00,-2.980769230769230393e+00,0.000000000000000000e+00,5.096153846153845812e+00,0.000000000000000000e+00,0.000000000000000000e+00,7.076923076923076650e+00,-7.076923076923076650e+00,6.788461538461538325e+00,0.000000000000000000e+00,0.000000000000000000e+00,0.000000000000000000e+00,0.000000000000000000e+00,-4.903846153846153300e+00,0.000000000000000000e+00,4.923076923076922462e+00,0.000000000000000000e+00,0.000000000000000000e+00,0.000000000000000000e+00,1.000000000000000000e+00,0.000000000000000000e+00,0.000000000000000000e+00,0.000000000000000000e+00,0.000000000000000000e+00,0.000000000000000000e+00,-5.000000000000000000e-01,0.000000000000000000e+00,0.000000000000000000e+00,0.000000000000000000e+00,0.000000000000000000e+00,0.000000000000000000e+00,0.000000000000000000e+00,0.000000000000000000e+00,0.000000000000000000e+00,0.000000000000000000e+00,0.000000000000000000e+00,0.000000000000000000e+00,0.000000000000000000e+00,0.000000000000000000e+00,0.000000000000000000e+00
0.000000000000000000e+00,0.000000000000000000e+00,0.000000000000000000e+00,-9.772727272727271819e-01,0.000000000000000000e+00,1.000000000000000000e+00,0.000000000000000000e+00,0.000000000000000000e+00,2.227272727272727071e+00,-2.227272727272727071e+00,1.000000000000000000e+00,0.000000000000000000e+00,0.000000000000000000e+00,0.000000000000000000e+00,6.818181818181817677e-02,-1.409090909090908950e+00,0.000000000000000000e+00,1.886363636363636243e+00,0.000000000000000000e+00,0.000000000000000000e+00,0.000000000000000000e+00,0.000000000000000000e+00,0.000000000000000000e+00,7.954545454545454142e-01,0.000000000000000000e+00,0.000000000000000000e+00,0.000000000000000000e+00,-6.818181818181817677e-02,0.000000000000000000e+00,0.000000000000000000e+00,0.000000000000000000e+00,0.000000000000000000e+00,0.000000000000000000e+00,0.000000000000000000e+00,0.000000000000000000e+00,0.000000000000000000e+00,0.000000000000000000e+00,0.000000000000000000e+00,0.000000000000000000e+00,1.363636363636363535e-01,0.000000000000000000e+00,0.000000000000000000e+00
0.000000000000000000e+00,0.000000000000000000e+00,0.000000000000000000e+00,-8.500000000000000000e+00,0.000000000000000000e+00,1.000000000000000000e+01,0.000000000000000000e+00,0.000000000000000000e+00,2.300000000000000000e+01,-2.300000000000000000e+01,9.000000000000000000e+00,0.000000000000000000e+00,0.000000000000000000e+00,0.000000000000000000e+00,5.000000000000000000e-01,-1.300000000000000000e+01,0.000000000000000000e+00,1.950000000000000000e+01,0.000000000000000000e+00,0.000000000000000000e+00,0.000000000000000000e+00,1.000000000000000000e+00,0.000000000000000000e+00,6.500000000000000000e+00,0.000000000000000000e+00,0.000000000000000000e+00,0.000000000000000000e+00,-5.000000000000000000e-01,0.000000000000000000e+00,0.000000000000000000e+00,0.000000000000000000e+00,0.000000000000000000e+00,0.000000000000000000e+00,0.000000000000000000e+00,0.000000000000000000e+00,0.000000000000000000e+00,0.000000000000000000e+00,0.000000000000000000e+00,0.000000000000000000e+00,0.000000000000000000e+00,0.000000000000000000e+00,0.000000000000000000e+00
1.459821428571428381e+00,0.000000000000000000e+00,0.000000000000000000e+00,-1.000000000000000000e+00,0.000000000000000000e+00,2.540178571428571175e+00,0.000000000000000000e+00,0.000000000000000000e+00,4.839285714285713524e+00,-4.839285714285713524e+00,4.062500000000000000e-01,0.000000000000000000e+00,0.000000000000000000e+00,0.000000000000000000e+00,0.000000000000000000e+00,-1.866071428571428381e+00,0.000000000000000000e+00,3.705357142857142794e+00,0.000000000000000000e+00,0.000000000000000000e+00,0.000000000000000000e+00,0.000000000000000000e+00,0.000000000000000000e+00,0.000000000000000000e+00,0.000000000000000000e+00,0.000000000000000000e+00,0.000000000000000000e+00,-1.339285714285714211e-02,0.000000000000000000e+00,0.000000000000000000e+00,0.000000000000000000e+00,0.000000000000000000e+00,0.000000000000000000e+00,2.678571428571428423e-02,0.000000000000000000e+00,0.000000000000000000e+00,0.000000000000000000e+00,0.000000000000000000e+00,0.000000000000000000e+00,0.000000000000000000e+00,0.000000000000000000e+00,0.000000000000000000e+00
2.970588235294117641e-01,0.000000000000000000e+00,0.000000000000000000e+00,-1.999999999999999833e-01,0.000000000000000000e+00,5.088235294117646745e-01,0.000000000000000000e+00,0.000000000000000000e+00,1.000000000000000000e+00,-1.000000000000000000e+00,8.529411764705881194e-02,0.000000000000000000e+00,0.000000000000000000e+00,5.882352941176470507e-03,0.000000000000000000e+00,-3.941176470588235170e-01,0.000000000000000000e+00,7.823529411764705843e-01,0.000000000000000000e+00,0.000000000000000000e+00,0.000000000000000000e+00,0.000000000000000000e+00,0.000000000000000000e+00,0.000000000000000000e+00,0.000000000000000000e+00,0.000000000000000000e+00,0.000000000000000000e+00,-2.941176470588235253e-03,0.000000000000000000e+00,0.000000000000000000e+00,0.000000000000000000e+00,0.000000000000000000e+00,0.000000000000000000e+00,0.000000000000000000e+00,0.000000000000000000e+00,0.000000000000000000e+00,0.000000000000000000e+00,0.000000000000000000e+00,0.000000000000000000e+00,0.000000000000000000e+00,0.000000000000000000e+00,0.000000000000000000e+00
2.942477876106194268e-01,0.000000000000000000e+00,0.000000000000000000e+00,-2.035398230088495408e-01,0.000000000000000000e+00,5.243362831858406903e-01,0.000000000000000000e+00,0.000000000000000000e+00,1.000000000000000000e+00,-1.000000000000000000e+00,8.185840707964600615e-02,0.000000000000000000e+00,0.000000000000000000e+00,0.000000000000000000e+00,0.000000000000000000e+00,-3.849557522123893682e-01,0.000000000000000000e+00,7.654867256637167827e-01,4.424778761061946841e-03,0.000000000000000000e+00,0.000000000000000000e+00,0.000000000000000000e+00,0.000000000000000000e+00,0.000000000000000000e+00,0.000000000000000000e+00,0.000000000000000000e+00,0.000000000000000000e+00,-2.212389380530973421e-03,0.000000000000000000e+00,0.000000000000000000e+00,0.000000000000000000e+00,0.000000000000000000e+00,0.000000000000000000e+00,0.000000000000000000e+00,0.000000000000000000e+00,0.000000000000000000e+00,0.000000000000000000e+00,0.000000000000000000e+00,0.000000000000000000e+00,0.000000000000000000e+00,0.000000000000000000e+00,0.000000000000000000e+00
2.875939849624060130e-01,0.000000000000000000e+00,0.000000000000000000e+00,-1.992481203007518686e-01,0.000000000000000000e+00,5.169172932330826642e-01,0.000000000000000000e+00,0.000000000000000000e+00,1.000000000000000000e+00,-1.000000000000000000e+00,8.082706766917292784e-02,0.000000000000000000e+00,0.000000000000000000e+00,0.000000000000000000e+00,0.000000000000000000e+00,-3.834586466165413321e-01,0.000000000000000000e+00,7.706766917293232932e-01,0.000000000000000000e+00,0.000000000000000000e+00,0.000000000000000000e+00,3.759398496240601295e-03,0.000000000000000000e+00,0.000000000000000000e+00,0.000000000000000000e+00,0.000000000000000000e+00,0.000000000000000000e+00,-1.879699248120300648e-03,0.000000000000000000e+00,0.000000000000000000e+00,0.000000000000000000e+00,0.000000000000000000e+00,0.000000000000000000e+00,0.000000000000000000e+00,0.000000000000000000e+00,0.000000000000000000e+00,0.000000000000000000e+00,0.000000000000000000e+00,0.000000000000000000e+00,0.000000000000000000e+00,0.000000000000000000e+00,0.000000000000000000e+00
7.611111111111110716e-01,0.000000000000000000e+00,0.000000000000000000e+00,-5.222222222222221433e-01,0.000000000000000000e+00,1.349999999999999867e+00,0.000000000000000000e+00,0.000000000000000000e+00,2.599999999999999645e+00,-2.599999999999999645e+00,2.055555555555555469e-01,0.000000000000000000e+00,0.000000000000000000e+00,0.000000000000000000e+00,0.000000000000000000e+00,-1.000000000000000000e+00,0.000000000000000000e+00,2.000000000000000000e+00,0.000000000000000000e+00,0.000000000000000000e+00,0.000000000000000000e+00,0.000000000000000000e+00,0.000000000000000000e+00,0.000000000000000000e+00,0.000000000000000000e+00,0.000000000000000000e+00,0.000000000000000000e+00,-5.555555555555554900e-03,0.000000000000000000e+00,0.000000000000000000e+00,0.000000000000000000e+00,0.000000000000000000e+00,0.000000000000000000e+00,0.000000000000000000e+00,0.000000000000000000e+00,0.000000000000000000e+00,0.000000000000000000e+00,0.000000000000000000e+00,0.000000000000000000e+00,1.111111111111110980e-02,0.000000000000000000e+00,0.000000000000000000e+00
2.959183673469387710e-01,0.000000000000000000e+00,0.000000000000000000e+00,-2.015306122448979331e-01,0.000000000000000000e+00,5.153061224489795533e-01,0.000000000000000000e+00,0.000000000000000000e+00,1.000000000000000000e+00,-1.000000000000000000e+00,8.673469387755101956e-02,0.000000000000000000e+00,0.000000000000000000e+00,0.000000000000000000e+00,0.000000000000000000e+00,-3.903061224489795533e-01,0.000000000000000000e+00,7.755102040816326259e-01,0.000000000000000000e+00,0.000000000000000000e+00,0.000000000000000000e+00,0.000000000000000000e+00,2.551020408163265103e-03,0.000000000000000000e+00,0.000000000000000000e+00,0.000000000000000000e+00,0.000000000000000000e+00,-2.551020408163265103e-03,0.000000000000000000e+00,0.000000000000000000e+00,0.000000000000000000e+00,0.000000000000000000e+00,0.000000000000000000e+00,0.000000000000000000e+00,0.000000000000000000e+00,0.000000000000000000e+00,0.000000000000000000e+00,0.000000000000000000e+00,0.000000000000000000e+00,0.000000000000000000e+00,0.000000000000000000e+00,0.000000000000000000e+00
2.988505747126436463e-01,0.000000000000000000e+00,0.000000000000000000e+00,-2.011494252873562982e-01,0.000000000000000000e+00,5.114942528735632044e-01,0.000000000000000000e+00,0.000000000000000000e+00,1.000000000000000000e+00,-1.000000000000000000e+00,8.620689655172412980e-02,0.000000000000000000e+00,0.000000000000000000e+00,5.747126436781609116e-03,2.873563218390804558e-03,-3.965517241379309943e-01,0.000000000000000000e+00,7.816091954022987842e-01,0.000000000000000000e+00,0.000000000000000000e+00,0.000000000000000000e+00,0.000000000000000000e+00,0.000000000000000000e+00,0.000000000000000000e+00,0.000000000000000000e+00,0.000000000000000000e+00,0.000000000000000000e+00,-2.873563218390804558e-03,0.000000000000000000e+00,0.000000000000000000e+00,0.000000000000000000e+00,0.000000000000000000e+00,0.000000000000000000e+00,0.000000000000000000e+00,0.000000000000000000e+00,0.000000000000000000e+00,0.000000000000000000e+00,0.000000000000000000e+00,0.000000000000000000e+00,0.000000000000000000e+00,0.000000000000000000e+00,0.000000000000000000e+00
1.000000000000000000e+00,0.000000000000000000e+00,0.000000000000000000e+00,-6.845238095238094234e-01,0.000000000000000000e+00,1.738095238095237915e+00,0.000000000000000000e+00,0.000000000000000000e+00,3.297619047619047450e+00,-3.297619047619047450e+00,2.797619047619047117e-01,0.000000000000000000e+00,0.000000000000000000e+00,0.000000000000000000e+00,8.928571428571428076e-03,-1.279761904761904656e+00,0.000000000000000000e+00,2.523809523809523725e+00,0.000000000000000000e+00,0.000000000000000000e+00,0.000000000000000000e+00,0.000000000000000000e+00,0.000000000000000000e+00,0.000000000000000000e+00,0.000000000000000000e+00,0.000000000000000000e+00,0.000000000000000000e+00,-8.928571428571428076e-03,0.000000000000000000e+00,0.000000000000000000e+00,0.000000000000000000e+00,0.000000000000000000e+00,0.000000000000000000e+00,1.785714285714285615e-02,0.000000000000000000e+00,0.000000000000000000e+00,0.000000000000000000e+00,0.000000000000000000e+00,0.000000000000000000e+00,0.000000000000000000e+00,0.000000000000000000e+00,0.000000000000000000e+00
2.956521739130434367e-01,0.000000000000000000e+00,0.000000000000000000e+00,-2.043478260869565077e-01,0.000000000000000000e+00,5.260869565217390909e-01,0.000000000000000000e+00,0.000000000000000000e+00,1.000000000000000000e+00,-1.000000000000000000e+00,8.260869565217390798e-02,0.000000000000000000e+00,0.000000000000000000e+00,0.000000000000000000e+00,2.173913043478260462e-03,-3.869565217391304213e-01,0.000000000000000000e+00,7.652173913043477382e-01,4.347826086956520925e-03,0.000000000000000000e+00,0.000000000000000000e+00,0.000000000000000000e+00,0.000000000000000000e+00,0.000000000000000000e+00,0.000000000000000000e+00,0.000000000000000000e+00,0.000000000000000000e+00,-2.173913043478260462e-03,0.000000000000000000e+00,0.000000000000000000e+00,0.000000000000000000e+00,0.000000000000000000e+00,0.000000000000000000e+00,0.000000000000000000e+00,0.000000000000000000e+00,0.000000000000000000e+00,0.000000000000000000e+00,0.000000000000000000e+00,0.000000000000000000e+00,0.000000000000000000e+00,0.000000000000000000e+00,0.000000000000000000e+00
1.458333333333333259e+00,0.000000000000000000e+00,0.000000000000000000e+00,-1.000000000000000000e+00,0.000000000000000000e+00,2.583333333333333037e+00,0.000000000000000000e+00,0.000000000000000000e+00,4.958333333333333037e+00,-4.958333333333333037e+00,3.958333333333333148e-01,0.000000000000000000e+00,0.000000000000000000e+00,0.000000000000000000e+00,1.041666666666666609e-02,-1.916666666666666519e+00,0.000000000000000000e+00,3.812500000000000000e+00,0.000000000000000000e+00,0.000000000000000000e+00,0.000000000000000000e+00,0.000000000000000000e+00,0.000000000000000000e+00,0.000000000000000000e+00,0.000000000000000000e+00,0.000000000000000000e+00,0.000000000000000000e+00,-1.041666666666666609e-02,0.000000000000000000e+00,0.000000000000000000e+00,0.000000000000000000e+00,0.000000000000000000e+00,0.000000000000000000e+00,0.000000000000000000e+00,0.000000000000000000e+00,0.000000000000000000e+00,0.000000000000000000e+00,0.000000000000000000e+00,0.000000000000000000e+00,2.083333333333333218e-02,0.000000000000000000e+00,0.000000000000000000e+00
2.974999999999999867e-01,0.000000000000000000e+00,0.000000000000000000e+00,-2.024999999999999856e-01,0.000000000000000000e+00,5.174999999999999600e-01,0.000000000000000000e+00,0.000000000000000000e+00,1.000000000000000000e+00,-1.000000000000000000e+00,8.749999999999999445e-02,0.000000000000000000e+00,0.000000000000000000e+00,0.000000000000000000e+00,2.499999999999999618e-03,-3.924999999999999600e-01,0.000000000000000000e+00,7.749999999999999112e-01,0.000000000000000000e+00,0.000000000000000000e+00,0.000000000000000000e+00,0.000000000000000000e+00,2.499999999999999618e-03,0.000000000000000000e+00,0.000000000000000000e+00,0.000000000000000000e+00,0.000000000000000000e+00,-2.499999999999999618e-03,0.000000000000000000e+00,0.000000000000000000e+00,0.000000000000000000e+00,0.000000000000000000e+00,0.000000000000000000e+00,0.000000000000000000e+00,0.000000000000000000e+00,0.000000000000000000e+00,0.000000000000000000e+00,0.000000000000000000e+00,0.000000000000000000e+00,0.000000000000000000e+00,0.000000000000000000e+00,0.000000000000000000e+00
2.888888888888888618e-01,0.000000000000000000e+00,0.000000000000000000e+00,-1.999999999999999833e-01,0.000000000000000000e+00,5.185185185185184897e-01,0.000000000000000000e+00,0.000000000000000000e+00,1.000000000000000000e+00,-1.000000000000000000e+00,8.148148148148147418e-02,0.000000000000000000e+00,0.000000000000000000e+00,0.000000000000000000e+00,1.851851851851851706e-03,-3.851851851851851305e-01,0.000000000000000000e+00,7.703703703703702610e-01,0.000000000000000000e+00,0.000000000000000000e+00,0.000000000000000000e+00,3.703703703703703411e-03,0.000000000000000000e+00,0.000000000000000000e+00,0.000000000000000000e+00,0.000000000000000000e+00,0.000000000000000000e+00,-1.851851851851851706e-03,0.000000000000000000e+00,0.000000000000000000e+00,0.000000000000000000e+00,0.000000000000000000e+00,0.000000000000000000e+00,0.000000000000000000e+00,0.000000000000000000e+00,0.000000000000000000e+00,0.000000000000000000e+00,0.000000000000000000e+00,0.000000000000000000e+00,0.000000000000000000e+00,0.000000000000000000e+00,0.000000000000000000e+00
0.000000000000000000e+00,0.000000000000000000e+00,0.000000000000000000e+00,-1.000000000000000000e+00,0.000000000000000000e+00,1.126213592233009653e+00,0.000000000000000000e+00,0.000000000000000000e+00,2.000000000000000000e+00,-2.000000000000000000e+00,1.417475728155339620e+00,0.000000000000000000e+00,0.000000000000000000e+00,0.000000000000000000e+00,0.000000000000000000e+00,-1.417475728155339620e+00,0.000000000000000000e+00,1.563106796116504826e+00,0.000000000000000000e+00,0.000000000000000000e+00,0.000000000000000000e+00,0.000000000000000000e+00,0.000000000000000000e+00,5.728155339805824919e-01,0.000000000000000000e+00,0.000000000000000000e+00,0.000000000000000000e+00,-1.165048543689320287e-01,0.000000000000000000e+00,0.000000000000000000e+00,0.000000000000000000e+00,0.000000000000000000e+00,0.000000000000000000e+00,0.000000000000000000e+00,0.000000000000000000e+00,0.000000000000000000e+00,0.000000000000000000e+00,0.000000000000000000e+00,0.000000000000000000e+00,2.330097087378640575e-01,0.000000000000000000e+00,0.000000000000000000e+00
0.000000000000000000e+00,0.000000000000000000e+00,0.000000000000000000e+00,-6.291666666666666075e+00,0.000000000000000000e+00,6.833333333333333037e+00,0.000000000000000000e+00,0.000000000000000000e+00,1.258333333333333215e+01,-1.258333333333333215e+01,7.083333333333333037e+00,0.000000000000000000e+00,0.000000000000000000e+00,0.000000000000000000e+00,0.000000000000000000e+00,-8.083333333333332149e+00,0.000000000000000000e+00,9.708333333333332149e+00,1.000000000000000000e+00,0.000000000000000000e+00,0.000000000000000000e+00,0.000000000000000000e+00,0.000000000000000000e+00,4.458333333333333037e+00,0.000000000000000000e+00,0.000000000000000000e+00,0.000000000000000000e+00,-5.000000000000000000e-01,0.000000000000000000e+00,0.000000000000000000e+00,0.000000000000000000e+00,0.000000000000000000e+00,0.000000000000000000e+00,0.000000000000000000e+00,0.000000000000000000e+00,0.000000000000000000e+00,0.000000000000000000e+00,0.000000000000000000e+00,0.000000000000000000e+00,0.000000000000000000e+00,0.000000000000000000e+00,0.000000000000000000e+00
1.981481481481481399e+00,0.000000000000000000e+00,0.000000000000000000e+00,-3.814814814814814437e+00,0.000000000000000000e+00,6.833333333333333037e+00,0.000000000000000000e+00,0.000000000000000000e+00,7.629629629629628873e+00,-7.629629629629628873e+00,6.092592592592592560e+00,0.000000000000000000e+00,0.000000000000000000e+00,0.000000000000000000e+00,0.000000000000000000e+00,-5.111111111111110716e+00,0.000000000000000000e+00,4.259259259259258634e+00,1.000000000000000000e+00,0.000000000000000000e+00,0.000000000000000000e+00,0.000000000000000000e+00,0.000000000000000000e+00,0.000000000000000000e+00,0.000000000000000000e+00,0.000000000000000000e+00,0.000000000000000000e+00,-5.000000000000000000e-01,0.000000000000000000e+00,0.000000000000000000e+00,0.000000000000000000e+00,0.000000000000000000e+00,0.000000000000000000e+00,0.000000000000000000e+00,0.000000000000000000e+00,0.000000000000000000e+00,0.000000000000000000e+00,0.000000000000000000e+00,0.000000000000000000e+00,0.000000000000000000e+00,0.000000000000000000e+00,0.000000000000000000e+00
1.867088607594936667e-01,0.000000000000000000e+00,0.000000000000000000e+00,-5.000000000000000000e-01,0.000000000000000000e+00,8.259493670886075556e-01,0.000000000000000000e+00,0.000000000000000000e+00,1.000000000000000000e+00,-1.000000000000000000e+00,9.462025316455695556e-01,0.000000000000000000e+00,0.000000000000000000e+00,0.000000000000000000e+00,0.000000000000000000e+00,-7.594936708860758889e-01,0.000000000000000000e+00,6.329113924050632223e-01,0.000000000000000000e+00,0.000000000000000000e+00,0.000000000000000000e+00,0.000000000000000000e+00,0.000000000000000000e+00,0.000000000000000000e+00,0.000000000000000000e+00,0.000000000000000000e+00,0.000000000000000000e+00,-8.544303797468354167e-02,0.000000000000000000e+00,0.000000000000000000e+00,0.000000000000000000e+00,0.000000000000000000e+00,0.000000000000000000e+00,0.000000000000000000e+00,0.000000000000000000e+00,0.000000000000000000e+00,0.000000000000000000e+00,0.000000000000000000e+00,0.000000000000000000e+00,1.708860759493670833e-01,0.000000000000000000e+00,0.000000000000000000e+00
7.500000000000000000e-01,0.000000000000000000e+00,0.000000000000000000e+00,-1.000000000000000000e+00,0.000000000000000000e+00,1.449999999999999956e+00,0.000000000000000000e+00,0.000000000000000000e+00,1.399999999999999911e+00,-1.399999999999999911e+00,1.549999999999999822e+00,0.000000000000000000e+00,0.000000000000000000e+00,0.000000000000000000e+00,0.000000000000000000e+00,-1.099999999999999867e+00,0.000000000000000000e+00,6.999999999999999556e-01,0.000000000000000000e+00,0.000000000000000000e+00,0.000000000000000000e+00,0.000000000000000000e+00,0.000000000000000000e+00,0.000000000000000000e+00,0.000000000000000000e+00,0.000000000000000000e+00,0.000000000000000000e+00,-1.499999999999999944e-01,0.000000000000000000e+00,0.000000000000000000e+00,0.000000000000000000e+00,0.000000000000000000e+00,0.000000000000000000e+00,2.999999999999999889e-01,0.000000000000000000e+00,0.000000000000000000e+00,0.000000000000000000e+00,0.000000000000000000e+00,0.000000000000000000e+00,0.000000000000000000e+00,0.000000000000000000e+00,0.000000000000000000e+00
0.000000000000000000e+00,0.000000000000000000e+00,0.000000000000000000e+00,-7.999999999999999334e-01,0.000000000000000000e+00,8.499999999999999778e-01,0.000000000000000000e+00,0.000000000000000000e+00,1.599999999999999867e+00,-1.599999999999999867e+00,1.000000000000000000e+00,0.000000000000000000e+00,0.000000000000000000e+00,0.000000000000000000e+00,7.499999999999999722e-02,-1.149999999999999911e+00,0.000000000000000000e+00,1.299999999999999822e+00,0.000000000000000000e+00,0.000000000000000000e+00,0.000000000000000000e+00,0.000000000000000000e+00,0.000000000000000000e+00,5.499999999999999334e-01,0.000000000000000000e+00,0.000000000000000000e+00,0.000000000000000000e+00,-7.499999999999999722e-02,0.000000000000000000e+00,0.000000000000000000e+00,0.000000000000000000e+00,0.000000000000000000e+00,0.000000000000000000e+00,0.000000000000000000e+00,0.000000000000000000e+00,0.000000000000000000e+00,0.000000000000000000e+00,0.000000000000000000e+00,0.000000000000000000e+00,1.499999999999999944e-01,0.000000000000000000e+00,0.000000000000000000e+00
8.199999999999999512e-01,0.000000000000000000e+00,0.000000000000000000e+00,-1.000000000000000000e+00,0.000000000000000000e+00,1.529999999999999805e+00,0.000000000000000000e+00,0.000000000000000000e+00,1.459999999999999964e+00,-1.459999999999999964e+00,1.479999999999999982e+00,0.000000000000000000e+00,0.000000000000000000e+00,0.000000000000000000e+00,1.349999999999999811e-01,-1.199999999999999956e+00,0.000000000000000000e+00,7.599999999999998979e-01,0.000000000000000000e+00,0.000000000000000000e+00,0.000000000000000000e+00,0.000000000000000000e+00,0.000000000000000000e+00,0.000000000000000000e+00,0.000000000000000000e+00,0.000000000000000000e+00,0.000000000000000000e+00,-1.349999999999999811e-01,0.000000000000000000e+00,0.000000000000000000e+00,0.000000000000000000e+00,0.000000000000000000e+00,0.000000000000000000e+00,2.699999999999999623e-01,0.000000000000000000e+00,0.000000000000000000e+00,0.000000000000000000e+00,0.000000000000000000e+00,0.000000000000000000e+00,0.000000000000000000e+00,0.000000000000000000e+00,0.000000000000000000e+00
2.518518518518518157e+00,0.000000000000000000e+00,0.000000000000000000e+00,-4.185185185185185119e+00,0.000000000000000000e+00,7.666666666666666075e+00,0.000000000000000000e+00,0.000000000000000000e+00,8.370370370370370239e+00,-8.370370370370370239e+00,6.407407407407406552e+00,0.000000000000000000e+00,0.000000000000000000e+00,0.000000000000000000e+00,5.000000000000000000e-01,-5.888888888888888395e+00,0.000000000000000000e+00,4.740740740740740478e+00,1.000000000000000000e+00,0.000000000000000000e+00,0.000000000000000000e+00,0.000000000000000000e+00,0.000000000000000000e+00,0.000000000000000000e+00,0.000000000000000000e+00,0.000000000000000000e+00,0.000000000000000000e+00,-5.000000000000000000e-01,0.000000000000000000e+00,0.000000000000000000e+00,0.000000000000000000e+00,0.000000000000000000e+00,0.000000000000000000e+00,0.000000000000000000e+00,0.000000000000000000e+00,0.000000000000000000e+00,0.000000000000000000e+00,0.000000000000000000e+00,0.000000000000000000e+00,0.000000000000000000e+00,0.000000000000000000e+00,0.000000000000000000e+00
1.000000000000000000e+00,0.000000000000000000e+00,0.000000000000000000e+00,-2.022727272727272485e+00,0.000000000000000000e+00,3.477272727272727071e+00,0.000000000000000000e+00,0.000000000000000000e+00,4.045454545454544970e+00,-4.045454545454544970e+00,3.590909090909090828e+00,0.000000000000000000e+00,0.000000000000000000e+00,0.000000000000000000e+00,3.068181818181817677e-01,-3.204545454545454142e+00,0.000000000000000000e+00,2.568181818181817899e+00,0.000000000000000000e+00,0.000000000000000000e+00,0.000000000000000000e+00,0.000000000000000000e+00,0.000000000000000000e+00,0.000000000000000000e+00,0.000000000000000000e+00,0.000000000000000000e+00,0.000000000000000000e+00,-3.068181818181817677e-01,0.000000000000000000e+00,0.000000000000000000e+00,0.000000000000000000e+00,0.000000000000000000e+00,0.000000000000000000e+00,0.000000000000000000e+00,0.000000000000000000e+00,0.000000000000000000e+00,0.000000000000000000e+00,0.000000000000000000e+00,0.000000000000000000e+00,6.136363636363635354e-01,0.000000000000000000e+00,0.000000000000000000e+00
3.814102564102563875e-01,0.000000000000000000e+00,0.000000000000000000e+00,-5.256410256410255499e-01,0.000000000000000000e+00,7.500000000000000000e-01,0.000000000000000000e+00,0.000000000000000000e+00,1.051282051282051100e+00,-1.051282051282051100e+00,1.121794871794871584e+00,0.000000000000000000e+00,0.000000000000000000e+00,0.000000000000000000e+00,8.653846153846153633e-02,-1.000000000000000000e+00,0.000000000000000000e+00,8.910256410256409687e-01,0.000000000000000000e+00,0.000000000000000000e+00,0.000000000000000000e+00,0.000000000000000000e+00,8.653846153846153633e-02,0.000000000000000000e+00,0.000000000000000000e+00,0.000000000000000000e+00,0.000000000000000000e+00,-8.653846153846153633e-02,0.000000000000000000e+00,0.000000000000000000e+00,0.000000000000000000e+00,0.000000000000000000e+00,0.000000000000000000e+00,0.000000000000000000e+00,0.000000000000000000e+00,0.000000000000000000e+00,0.000000000000000000e+00,0.000000000000000000e+00,0.000000000000000000e+00,0.000000000000000000e+00,0.000000000000000000e+00,0.000000000000000000e+00
0.000000000000000000e+00,0.000000000000000000e+00,0.000000000000000000e+00,-9.292035398230087673e-02,0.000000000000000000e+00,2.035398230088495408e-01,0.000000000000000000e+00,0.000000000000000000e+00,1.000000000000000000e+00,-1.000000000000000000e+00,0.000000000000000000e+00,0.000000000000000000e+00,0.000000000000000000e+00,0.000000000000000000e+00,-3.938053097345132203e-01,-5.309734513274336209e-02,0.000000000000000000e+00,8.185840707964601171e-01,2.654867256637168105e-02,0.000000000000000000e+00,0.000000000000000000e+00,0.000000000000000000e+00,0.000000000000000000e+00,4.867256637168141525e-02,0.000000000000000000e+00,0.000000000000000000e+00,0.000000000000000000e+00,-1.327433628318584052e-02,0.000000000000000000e+00,0.000000000000000000e+00,0.000000000000000000e+00,0.000000000000000000e+00,0.000000000000000000e+00,0.000000000000000000e+00,0.000000000000000000e+00,0.000000000000000000e+00,0.000000000000000000e+00,0.000000000000000000e+00,0.000000000000000000e+00,0.000000000000000000e+00,0.000000000000000000e+00,0.000000000000000000e+00
0.000000000000000000e+00,0.000000000000000000e+00,0.000000000000000000e+00,-9.130434782608694289e-02,0.000000000000000000e+00,1.913043478260869346e-01,0.000000000000000000e+00,0.000000000000000000e+00,1.000000000000000000e+00,-1.000000000000000000e+00,0.000000000000000000e+00,0.000000000000000000e+00,0.000000000000000000e+00,0.000000000000000000e+00,-3.695652173913043237e-01,-7.826086956521738358e-02,0.000000000000000000e+00,8.391304347826086252e-01,0.000000000000000000e+00,0.000000000000000000e+00,0.000000000000000000e+00,0.000000000000000000e+00,0.000000000000000000e+00,5.652173913043478243e-02,0.000000000000000000e+00,0.000000000000000000e+00,0.000000000000000000e+00,-1.304347826086956451e-02,0.000000000000000000e+00,0.000000000000000000e+00,0.000000000000000000e+00,0.000000000000000000e+00,0.000000000000000000e+00,0.000000000000000000e+00,0.000000000000000000e+00,0.000000000000000000e+00,0.000000000000000000e+00,0.000000000000000000e+00,0.000000000000000000e+00,2.608695652173912902e-02,0.000000000000000000e+00,0.000000000000000000e+00
0.000000000000000000e+00,0.000000000000000000e+00,0.000000000000000000e+00,-1.000000000000000000e+00,0.000000000000000000e+00,2.166666666666666519e+00,0.000000000000000000e+00,0.000000000000000000e+00,1.716666666666666430e+01,-1.716666666666666430e+01,0.000000000000000000e+00,0.000000000000000000e+00,0.000000000000000000e+00,0.000000000000000000e+00,-7.333333333333333037e+00,-7.500000000000000000e-01,0.000000000000000000e+00,1.508333333333333215e+01,0.000000000000000000e+00,0.000000000000000000e+00,0.000000000000000000e+00,0.000000000000000000e+00,2.500000000000000000e-01,5.833333333333332593e-01,0.000000000000000000e+00,0.000000000000000000e+00,0.000000000000000000e+00,-2.500000000000000000e-01,0.000000000000000000e+00,0.000000000000000000e+00,0.000000000000000000e+00,0.000000000000000000e+00,0.000000000000000000e+00,0.000000000000000000e+00,0.000000000000000000e+00,0.000000000000000000e+00,0.000000000000000000e+00,0.000000000000000000e+00,0.000000000000000000e+00,0.000000000000000000e+00,0.000000000000000000e+00,0.000000000000000000e+00
0.000000000000000000e+00,0.000000000000000000e+00,0.000000000000000000e+00,-9.523809523809523281e-02,0.000000000000000000e+00,2.380952380952380820e-01,0.000000000000000000e+00,0.000000000000000000e+00,1.190476190476190466e+00,-1.190476190476190466e+00,0.000000000000000000e+00,0.000000000000000000e+00,0.000000000000000000e+00,0.000000000000000000e+00,-4.166666666666666297e-01,-9.523809523809523281e-02,0.000000000000000000e+00,1.000000000000000000e+00,0.000000000000000000e+00,0.000000000000000000e+00,0.000000000000000000e+00,2.380952380952380820e-02,0.000000000000000000e+00,4.761904761904761640e-02,0.000000000000000000e+00,0.000000000000000000e+00,0.000000000000000000e+00,-1.190476190476190410e-02,0.000000000000000000e+00,0.000000000000000000e+00,0.000000000000000000e+00,0.000000000000000000e+00,0.000000000000000000e+00,0.000000000000000000e+00,0.000000000000000000e+00,0.000000000000000000e+00,0.000000000000000000e+00,0.000000000000000000e+00,0.000000000000000000e+00,0.000000000000000000e+00,0.000000000000000000e+00,0.000000000000000000e+00
1.000000000000000000e+00,0.000000000000000000e+00,0.000000000000000000e+00,-7.777777777777776791e-01,0.000000000000000000e+00,2.111111111111110716e+00,0.000000000000000000e+00,0.000000000000000000e+00,6.592592592592592560e+00,-6.592592592592592560e+00,0.000000000000000000e+00,0.000000000000000000e+00,0.000000000000000000e+00,0.000000000000000000e+00,-1.685185185185185119e+00,-1.000000000000000000e+00,0.000000000000000000e+00,5.259259259259258634e+00,0.000000000000000000e+00,0.000000000000000000e+00,0.000000000000000000e+00,0.000000000000000000e+00,0.000000000000000000e+00,0.000000000000000000e+00,0.000000000000000000e+00,0.000000000000000000e+00,0.000000000000000000e+00,-5.555555555555555247e-02,0.000000000000000000e+00,0.000000000000000000e+00,0.000000000000000000e+00,0.000000000000000000e+00,0.000000000000000000e+00,1.111111111111111049e-01,0.000000000000000000e+00,0.000000000000000000e+00,0.000000000000000000e+00,0.000000000000000000e+00,0.000000000000000000e+00,0.000000000000000000e+00,0.000000000000000000e+00,0.000000000000000000e+00
0.000000000000000000e+00,0.000000000000000000e+00,0.000000000000000000e+00,-1.000000000000000000e+00,0.000000000000000000e+00,3.461538461538461231e+00,0.000000000000000000e+00,0.000000000000000000e+00,1.761538461538461320e+01,-1.761538461538461320e+01,0.000000000000000000e+00,0.000000000000000000e+00,0.000000000000000000e+00,0.000000000000000000e+00,-6.788461538461538325e+00,-7.692307692307691624e-01,0.000000000000000000e+00,1.461538461538461497e+01,0.000000000000000000e+00,0.000000000000000000e+00,0.000000000000000000e+00,4.230769230769230727e-01,0.000000000000000000e+00,0.000000000000000000e+00,0.000000000000000000e+00,0.000000000000000000e+00,0.000000000000000000e+00,-2.115384615384615363e-01,0.000000000000000000e+00,0.000000000000000000e+00,0.000000000000000000e+00,0.000000000000000000e+00,0.000000000000000000e+00,0.000000000000000000e+00,0.000000000000000000e+00,0.000000000000000000e+00,0.000000000000000000e+00,0.000000000000000000e+00,0.000000000000000000e+00,0.000000000000000000e+00,0.000000000000000000e+00,0.000000000000000000e+00
1.296296296296296224e-01,0.000000000000000000e+00,0.000000000000000000e+00,-9.259259259259258745e-02,0.000000000000000000e+00,2.592592592592592449e-01,0.000000000000000000e+00,0.000000000000000000e+00,1.000000000000000000e+00,-1.000000000000000000e+00,0.000000000000000000e+00,0.000000000000000000e+00,0.000000000000000000e+00,1.851851851851851749e-02,-2.685185185185184897e-01,-1.666666666666666574e-01,0.000000000000000000e+00,8.518518518518517491e-01,0.000000000000000000e+00,0.000000000000000000e+00,0.000000000000000000e+00,0.000000000000000000e+00,0.000000000000000000e+00,0.000000000000000000e+00,0.000000000000000000e+00,0.000000000000000000e+00,0.000000000000000000e+00,-9.259259259259258745e-03,0.000000000000000000e+00,0.000000000000000000e+00,0.000000000000000000e+00,0.000000000000000000e+00,0.000000000000000000e+00,0.000000000000000000e+00,0.000000000000000000e+00,0.000000000000000000e+00,0.000000000000000000e+00,0.000000000000000000e+00,0.000000000000000000e+00,0.000000000000000000e+00,0.000000000000000000e+00,0.000000000000000000e+00
1.410256410256410242e-01,0.000000000000000000e+00,0.000000000000000000e+00,-1.153846153846153771e-01,0.000000000000000000e+00,3.333333333333333148e-01,0.000000000000000000e+00,0.000000000000000000e+00,1.000000000000000000e+00,-1.000000000000000000e+00,0.000000000000000000e+00,0.000000000000000000e+00,0.000000000000000000e+00,0.000000000000000000e+00,-2.371794871794871695e-01,-1.666666666666666574e-01,0.000000000000000000e+00,7.948717948717948234e-01,1.282051282051282007e-02,0.000000000000000000e+00,0.000000000000000000e+00,0.000000000000000000e+00,0.000000000000000000e+00,0.000000000000000000e+00,0.000000000000000000e+00,0.000000000000000000e+00,0.000000000000000000e+00,-6.410256410256410034e-03,0.000000000000000000e+00,0.000000000000000000e+00,0.000000000000000000e+00,0.000000000000000000e+00,0.000000000000000000e+00,0.000000000000000000e+00,0.000000000000000000e+00,0.000000000000000000e+00,0.000000000000000000e+00,0.000000000000000000e+00,0.000000000000000000e+00,0.000000000000000000e+00,0.000000000000000000e+00,0.000000000000000000e+00
1.272727272727272707e+00,0.000000000000000000e+00,0.000000000000000000e+00,-1.000000000000000000e+00,0.000000000000000000e+00,2.909090909090908728e+00,0.000000000000000000e+00,0.000000000000000000e+00,1.090909090909090828e+01,-1.090909090909090828e+01,0.000000000000000000e+00,0.000000000000000000e+00,0.000000000000000000e+00,0.000000000000000000e+00,-3.090909090909090828e+00,-1.545454545454545414e+00,0.000000000000000000e+00,9.090909090909089940e+00,0.000000000000000000e+00,0.000000000000000000e+00,0.000000000000000000e+00,0.000000000000000000e+00,9.090909090909089774e-02,0.000000000000000000e+00,0.000000000000000000e+00,0.000000000000000000e+00,0.000000000000000000e+00,-9.090909090909089774e-02,0.000000000000000000e+00,0.000000000000000000e+00,0.000000000000000000e+00,0.000000000000000000e+00,0.000000000000000000e+00,0.000000000000000000e+00,0.000000000000000000e+00,0.000000000000000000e+00,0.000000000000000000e+00,0.000000000000000000e+00,0.000000000000000000e+00,0.000000000000000000e+00,0.000000000000000000e+00,0.000000000000000000e+00
1.276595744680850963e-01,0.000000000000000000e+00,0.000000000000000000e+00,-1.063829787234042423e-01,0.000000000000000000e+00,3.191489361702127270e-01,0.000000000000000000e+00,0.000000000000000000e+00,1.000000000000000000e+00,-1.000000000000000000e+00,0.000000000000000000e+00,0.000000000000000000e+00,0.000000000000000000e+00,0.000000000000000000e+00,-2.287234042553191460e-01,-1.702127659574468044e-01,0.000000000000000000e+00,8.085106382978722861e-01,0.000000000000000000e+00,0.000000000000000000e+00,0.000000000000000000e+00,1.063829787234042527e-02,0.000000000000000000e+00,0.000000000000000000e+00,0.000000000000000000e+00,0.000000000000000000e+00,0.000000000000000000e+00,-5.319148936170212637e-03,0.000000000000000000e+00,0.000000000000000000e+00,0.000000000000000000e+00,0.000000000000000000e+00,0.000000000000000000e+00,0.000000000000000000e+00,0.000000000000000000e+00,0.000000000000000000e+00,0.000000000000000000e+00,0.000000000000000000e+00,0.000000000000000000e+00,0.000000000000000000e+00,0.000000000000000000e+00,0.000000000000000000e+00
1.884057971014492516e-01,0.000000000000000000e+00,0.000000000000000000e+00,-1.449275362318840354e-01,0.000000000000000000e+00,4.202898550724637472e-01,0.000000000000000000e+00,0.000000000000000000e+00,1.246376811594202882e+00,-1.246376811594202882e+00,0.000000000000000000e+00,0.000000000000000000e+00,0.000000000000000000e+00,0.000000000000000000e+00,-2.681159420289854767e-01,-2.318840579710144678e-01,0.000000000000000000e+00,1.000000000000000000e+00,0.000000000000000000e+00,0.000000000000000000e+00,0.000000000000000000e+00,0.000000000000000000e+00,0.000000000000000000e+00,0.000000000000000000e+00,0.000000000000000000e+00,0.000000000000000000e+00,0.000000000000000000e+00,-7.246376811594202119e-03,0.000000000000000000e+00,0.000000000000000000e+00,0.000000000000000000e+00,0.000000000000000000e+00,0.000000000000000000e+00,0.000000000000000000e+00,0.000000000000000000e+00,0.000000000000000000e+00,0.000000000000000000e+00,0.000000000000000000e+00,0.000000000000000000e+00,1.449275362318840424e-02,0.000000000000000000e+00,0.000000000000000000e+00
0.000000000000000000e+00,0.000000000000000000e+00,0.000000000000000000e+00,-1.000000000000000000e+00,0.000000000000000000e+00,2.875000000000000000e+00,0.000000000000000000e+00,0.000000000000000000e+00,1.668333333333333002e+01,-1.668333333333333002e+01,0.000000000000000000e+00,0.000000000000000000e+00,0.000000000000000000e+00,0.000000000000000000e+00,-7.604166666666666075e+00,0.000000000000000000e+00,0.000000000000000000e+00,1.368333333333333179e+01,0.000000000000000000e+00,0.000000000000000000e+00,0.000000000000000000e+00,0.000000000000000000e+00,0.000000000000000000e+00,0.000000000000000000e+00,0.000000000000000000e+00,0.000000000000000000e+00,0.000000000000000000e+00,-3.125000000000000000e-01,0.000000000000000000e+00,0.000000000000000000e+00,0.000000000000000000e+00,0.000000000000000000e+00,0.000000000000000000e+00,1.749999999999999889e-01,0.000000000000000000e+00,0.000000000000000000e+00,0.000000000000000000e+00,0.000000000000000000e+00,0.000000000000000000e+00,4.499999999999999556e-01,0.000000000000000000e+00,0.000000000000000000e+00
0.000000000000000000e+00,0.000000000000000000e+00,0.000000000000000000e+00,-7.169811320754716777e-02,0.000000000000000000e+00,2.226415094339622425e-01,0.000000000000000000e+00,0.000000000000000000e+00,1.215094339622641462e+00,-1.215094339622641462e+00,0.000000000000000000e+00,0.000000000000000000e+00,0.000000000000000000e+00,0.000000000000000000e+00,-5.226415094339622591e-01,-2.641509433962263911e-02,0.000000000000000000e+00,1.000000000000000000e+00,0.000000000000000000e+00,0.000000000000000000e+00,0.000000000000000000e+00,0.000000000000000000e+00,0.000000000000000000e+00,0.000000000000000000e+00,0.000000000000000000e+00,0.000000000000000000e+00,0.000000000000000000e+00,-2.075471698113207433e-02,0.000000000000000000e+00,0.000000000000000000e+00,0.000000000000000000e+00,0.000000000000000000e+00,0.000000000000000000e+00,0.000000000000000000e+00,0.000000000000000000e+00,0.000000000000000000e+00,0.000000000000000000e+00,0.000000000000000000e+00,0.000000000000000000e+00,4.150943396226414867e-02,0.000000000000000000e+00,0.000000000000000000e+00
0.000000000000000000e+00,0.000000000000000000e+00,0.000000000000000000e+00,-3.777777777777777679e+00,0.000000000000000000e+00,1.111111111111111072e+01,0.000000000000000000e+00,0.000000000000000000e+00,6.392592592592592382e+01,-6.392592592592592382e+01,0.000000000000000000e+00,0.000000000000000000e+00,0.000000000000000000e+00,0.000000000000000000e+00,-2.835185185185185119e+01,0.000000000000000000e+00,0.000000000000000000e+00,5.259259259259258812e+01,0.000000000000000000e+00,0.000000000000000000e+00,0.000000000000000000e+00,1.000000000000000000e+00,0.000000000000000000e+00,0.000000000000000000e+00,0.000000000000000000e+00,0.000000000000000000e+00,0.000000000000000000e+00,-1.055555555555555358e+00,0.000000000000000000e+00,0.000000000000000000e+00,0.000000000000000000e+00,0.000000000000000000e+00,0.000000000000000000e+00,1.111111111111110938e+00,0.000000000000000000e+00,0.000000000000000000e+00,0.000000000000000000e+00,0.000000000000000000e+00,0.000000000000000000e+00,0.000000000000000000e+00,0.000000000000000000e+00,0.000000000000000000e+00
6.428571428571427937e-01,0.000000000000000000e+00,0.000000000000000000e+00,-1.000000000000000000e+00,0.000000000000000000e+00,2.392857142857142794e+00,0.000000000000000000e+00,0.000000000000000000e+00,1.211904761904761862e+01,-1.211904761904761862e+01,0.000000000000000000e+00,0.000000000000000000e+00,0.000000000000000000e+00,0.000000000000000000e+00,-5.434523809523809312e+00,0.000000000000000000e+00,0.000000000000000000e+00,9.761904761904760974e+00,0.000000000000000000e+00,0.000000000000000000e+00,0.000000000000000000e+00,0.000000000000000000e+00,0.000000000000000000e+00,0.000000000000000000e+00,0.000000000000000000e+00,0.000000000000000000e+00,0.000000000000000000e+00,-2.321428571428571230e-01,0.000000000000000000e+00,0.000000000000000000e+00,0.000000000000000000e+00,0.000000000000000000e+00,0.000000000000000000e+00,4.642857142857142461e-01,0.000000000000000000e+00,0.000000000000000000e+00,0.000000000000000000e+00,0.000000000000000000e+00,0.000000000000000000e+00,0.000000000000000000e+00,0.000000000000000000e+00,0.000000000000000000e+00
0.000000000000000000e+00,0.000000000000000000e+00,0.000000000000000000e+00,-5.725806451612902581e-01,0.000000000000000000e+00,4.677419354838709409e-01,0.000000000000000000e+00,0.000000000000000000e+00,1.000000000000000000e+00,-1.000000000000000000e+00,6.129032258064515126e-01,0.000000000000000000e+00,0.000000000000000000e+00,0.000000000000000000e+00,0.000000000000000000e+00,-6.854838709677418818e-01,0.000000000000000000e+00,8.306451612903225090e-01,0.000000000000000000e+00,0.000000000000000000e+00,0.000000000000000000e+00,0.000000000000000000e+00,0.000000000000000000e+00,4.677419354838709409e-01,0.000000000000000000e+00,0.000000000000000000e+00,0.000000000000000000e+00,-4.838709677419354704e-02,0.000000000000000000e+00,0.000000000000000000e+00,0.000000000000000000e+00,0.000000000000000000e+00,0.000000000000000000e+00,7.258064516129031363e-02,0.000000000000000000e+00,0.000000000000000000e+00,0.000000000000000000e+00,0.000000000000000000e+00,0.000000000000000000e+00,2.419354838709677352e-02,0.000000000000000000e+00,0.000000000000000000e+00
0.000000000000000000e+00,0.000000000000000000e+00,0.000000000000000000e+00,-2.241666666666666430e+01,0.000000000000000000e+00,1.666666666666666430e+01,0.000000000000000000e+00,0.000000000000000000e+00,4.083333333333332860e+01,-4.083333333333332860e+01,2.683333333333333215e+01,0.000000000000000000e+00,0.000000000000000000e+00,0.000000000000000000e+00,0.000000000000000000e+00,-2.983333333333333215e+01,0.000000000000000000e+00,3.691666666666666430e+01,0.000000000000000000e+00,0.000000000000000000e+00,0.000000000000000000e+00,0.000000000000000000e+00,1.000000000000000000e+00,1.875000000000000000e+01,0.000000000000000000e+00,0.000000000000000000e+00,0.000000000000000000e+00,-2.000000000000000000e+00,0.000000000000000000e+00,0.000000000000000000e+00,0.000000000000000000e+00,0.000000000000000000e+00,0.000000000000000000e+00,2.000000000000000000e+00,0.000000000000000000e+00,0.000000000000000000e+00,0.000000000000000000e+00,0.000000000000000000e+00,0.000000000000000000e+00,0.000000000000000000e+00,0.000000000000000000e+00,0.000000000000000000e+00
7.499999999999999722e-02,0.000000000000000000e+00,0.000000000000000000e+00,-8.750000000000000000e-01,0.000000000000000000e+00,7.249999999999999778e-01,0.000000000000000000e+00,0.000000000000000000e+00,1.449999999999999956e+00,-1.449999999999999956e+00,9.249999999999999334e-01,0.000000000000000000e+00,0.000000000000000000e+00,0.000000000000000000e+00,0.000000000000000000e+00,-1.000000000000000000e+00,0.000000000000000000e+00,1.174999999999999822e+00,0.000000000000000000e+00,0.000000000000000000e+00,0.000000000000000000e+00,0.000000000000000000e+00,0.000000000000000000e+00,6.749999999999999334e-01,0.000000000000000000e+00,0.000000000000000000e+00,0.000000000000000000e+00,-7.499999999999999722e-02,0.000000000000000000e+00,0.000000000000000000e+00,0.000000000000000000e+00,0.000000000000000000e+00,0.000000000000000000e+00,1.499999999999999944e-01,0.000000000000000000e+00,0.000000000000000000e+00,0.000000000000000000e+00,0.000000000000000000e+00,0.000000000000000000e+00,0.000000000000000000e+00,0.000000000000000000e+00,0.000000000000000000e+00
0.000000000000000000e+00,0.000000000000000000e+00,0.000000000000000000e+00,-5.871369294605808253e-01,0.000000000000000000e+00,4.730290456431535118e-01,0.000000000000000000e+00,0.000000000000000000e+00,1.000000000000000000e+00,-1.000000000000000000e+00,6.390041493775933112e-01,0.000000000000000000e+00,0.000000000000000000e+00,0.000000000000000000e+00,0.000000000000000000e+00,-6.887966804979253066e-01,0.000000000000000000e+00,8.278008298755186178e-01,0.000000000000000000e+00,0.000000000000000000e+00,0.000000000000000000e+00,1.244813278008298670e-02,0.000000000000000000e+00,4.751037344398340023e-01,0.000000000000000000e+00,0.000000000000000000e+00,0.000000000000000000e+00,-4.979253112033194678e-02,0.000000000000000000e+00,0.000000000000000000e+00,0.000000000000000000e+00,0.000000000000000000e+00,0.000000000000000000e+00,8.713692946058090860e-02,0.000000000000000000e+00,0.000000000000000000e+00,0.000000000000000000e+00,0.000000000000000000e+00,0.000000000000000000e+00,0.000000000000000000e+00,0.000000000000000000e+00,0.000000000000000000e+00
0.000000000000000000e+00,0.000000000000000000e+00,0.000000000000000000e+00,-8.225806451612902581e-01,0.000000000000000000e+00,7.526881720430107503e-01,0.000000000000000000e+00,0.000000000000000000e+00,1.516129032258064502e+00,-1.516129032258064502e+00,8.709677419354837635e-01,0.000000000000000000e+00,0.000000000000000000e+00,0.000000000000000000e+00,0.000000000000000000e+00,-1.000000000000000000e+00,0.000000000000000000e+00,1.220430107526881525e+00,6.451612903225806273e-02,0.000000000000000000e+00,0.000000000000000000e+00,0.000000000000000000e+00,0.000000000000000000e+00,6.505376344086021279e-01,0.000000000000000000e+00,0.000000000000000000e+00,0.000000000000000000e+00,-6.451612903225806273e-02,0.000000000000000000e+00,0.000000000000000000e+00,0.000000000000000000e+00,0.000000000000000000e+00,0.000000000000000000e+00,6.451612903225806273e-02,0.000000000000000000e+00,0.000000000000000000e+00,0.000000000000000000e+00,0.000000000000000000e+00,0.000000000000000000e+00,0.000000000000000000e+00,0.000000000000000000e+00,0.000000000000000000e+00
0.000000000000000000e+00,0.000000000000000000e+00,0.000000000000000000e+00,-5.422535211267605071e-01,0.000000000000000000e+00,4.788732394366196909e-01,0.000000000000000000e+00,0.000000000000000000e+00,1.000000000000000000e+00,-1.000000000000000000e+00,5.774647887323942630e-01,0.000000000000000000e+00,0.000000000000000000e+00,0.000000000000000000e+00,4.225352112676056260e-02,-7.042253521126760063e-01,0.000000000000000000e+00,8.380281690140845008e-01,0.000000000000000000e+00,0.000000000000000000e+00,0.000000000000000000e+00,0.000000000000000000e+00,0.000000000000000000e+00,4.436619718309858795e-01,0.000000000000000000e+00,0.000000000000000000e+00,0.000000000000000000e+00,-4.225352112676056260e-02,0.000000000000000000e+00,0.000000000000000000e+00,0.000000000000000000e+00,0.000000000000000000e+00,0.000000000000000000e+00,4.225352112676056260e-02,0.000000000000000000e+00,0.000000000000000000e+00,0.000000000000000000e+00,0.000000000000000000e+00,0.000000000000000000e+00,4.225352112676056260e-02,0.000000000000000000e+00,0.000000000000000000e+00
9.523809523809523281e-02,0.000000000000000000e+00,0.000000000000000000e+00,-5.952380952380952328e-01,0.000000000000000000e+00,5.396825396825396526e-01,0.000000000000000000e+00,0.000000000000000000e+00,1.000000000000000000e+00,-1.000000000000000000e+00,6.190476190476189577e-01,0.000000000000000000e+00,0.000000000000000000e+00,0.000000000000000000e+00,4.761904761904761640e-02,-7.142857142857141906e-01,0.000000000000000000e+00,8.015873015873015150e-01,0.000000000000000000e+00,0.000000000000000000e+00,0.000000000000000000e+00,0.000000000000000000e+00,0.000000000000000000e+00,4.365079365079364559e-01,0.000000000000000000e+00,0.000000000000000000e+00,0.000000000000000000e+00,-4.761904761904761640e-02,0.000000000000000000e+00,0.000000000000000000e+00,0.000000000000000000e+00,0.000000000000000000e+00,0.000000000000000000e+00,9.523809523809523281e-02,0.000000000000000000e+00,0.000000000000000000e+00,0.000000000000000000e+00,0.000000000000000000e+00,0.000000000000000000e+00,0.000000000000000000e+00,0.000000000000000000e+00,0.000000000000000000e+00
0.000000000000000000e+00,0.000000000000000000e+00,0.000000000000000000e+00,-1.000000000000000000e+00,0.000000000000000000e+00,8.627450980392156188e-01,0.000000000000000000e+00,0.000000000000000000e+00,1.764705882352941124e+00,-1.764705882352941124e+00,1.098039215686274384e+00,0.000000000000000000e+00,0.000000000000000000e+00,0.000000000000000000e+00,7.843137254901960675e-02,-1.254901960784313708e+00,0.000000000000000000e+00,1.470588235294117530e+00,0.000000000000000000e+00,0.000000000000000000e+00,0.000000000000000000e+00,3.921568627450980338e-02,0.000000000000000000e+00,8.039215686274508998e-01,0.000000000000000000e+00,0.000000000000000000e+00,0.000000000000000000e+00,-7.843137254901960675e-02,0.000000000000000000e+00,0.000000000000000000e+00,0.000000000000000000e+00,0.000000000000000000e+00,0.000000000000000000e+00,1.176470588235294101e-01,0.000000000000000000e+00,0.000000000000000000e+00,0.000000000000000000e+00,0.000000000000000000e+00,0.000000000000000000e+00,0.000000000000000000e+00,0.000000000000000000e+00,0.000000000000000000e+00
4.133333333333333304e-01,0.000000000000000000e+00,0.000000000000000000e+00,-4.133333333333333304e-01,0.000000000000000000e+00,3.599999999999999867e-01,0.000000000000000000e+00,0.000000000000000000e+00,8.266666666666666607e-01,-8.266666666666666607e-01,1.053333333333333233e+00,0.000000000000000000e+00,0.000000000000000000e+00,1.199999999999999956e-01,5.999999999999999778e-02,-1.000000000000000000e+00,0.000000000000000000e+00,1.053333333333333233e+00,0.000000000000000000e+00,0.000000000000000000e+00,0.000000000000000000e+00,0.000000000000000000e+00,0.000000000000000000e+00,0.000000000000000000e+00,0.000000000000000000e+00,0.000000000000000000e+00,0.000000000000000000e+00,-5.999999999999999778e-02,0.000000000000000000e+00,0.000000000000000000e+00,0.000000000000000000e+00,0.000000000000000000e+00,0.000000000000000000e+00,0.000000000000000000e+00,0.000000000000000000e+00,0.000000000000000000e+00,0.000000000000000000e+00,0.000000000000000000e+00,0.000000000000000000e+00,0.000000000000000000e+00,0.000000000000000000e+00,0.000000000000000000e+00
0.000000000000000000e+00,0.000000000000000000e+00,0.000000000000000000e+00,-6.875000000000000000e-01,0.000000000000000000e+00,2.083333333333333148e-01,0.000000000000000000e+00,0.000000000000000000e+00,1.375000000000000000e+00,-1.375000000000000000e+00,1.000000000000000000e+00,0.000000000000000000e+00,0.000000000000000000e+00,8.333333333333332871e-02,0.000000000000000000e+00,-1.208333333333333259e+00,0.000000000000000000e+00,1.687500000000000000e+00,0.000000000000000000e+00,0.000000000000000000e+00,0.000000000000000000e+00,0.000000000000000000e+00,0.000000000000000000e+00,6.875000000000000000e-01,0.000000000000000000e+00,0.000000000000000000e+00,0.000000000000000000e+00,-4.166666666666666435e-02,0.000000000000000000e+00,0.000000000000000000e+00,0.000000000000000000e+00,0.000000000000000000e+00,0.000000000000000000e+00,0.000000000000000000e+00,0.000000000000000000e+00,0.000000000000000000e+00,0.000000000000000000e+00,0.000000000000000000e+00,0.000000000000000000e+00,0.000000000000000000e+00,0.000000000000000000e+00,0.000000000000000000e+00
0.000000000000000000e+00,0.000000000000000000e+00,0.000000000000000000e+00,-1.000000000000000000e+00,0.000000000000000000e+00,0.000000000000000000e+00,0.000000000000000000e+00,0.000000000000000000e+00,8.000000000000000000e+01,-8.000000000000000000e+01,0.000000000000000000e+00,0.000000000000000000e+00,0.000000000000000000e+00,1.000000000000000000e+00,-4.150000000000000000e+01,0.000000000000000000e+00,0.000000000000000000e+00,7.900000000000000000e+01,0.000000000000000000e+00,0.000000000000000000e+00,0.000000000000000000e+00,0.000000000000000000e+00,0.000000000000000000e+00,1.000000000000000000e+00,0.000000000000000000e+00,0.000000000000000000e+00,0.000000000000000000e+00,-5.000000000000000000e-01,0.000000000000000000e+00,0.000000000000000000e+00,0.000000000000000000e+00,0.000000000000000000e+00,0.000000000000000000e+00,0.000000000000000000e+00,0.000000000000000000e+00,0.000000000000000000e+00,0.000000000000000000e+00,0.000000000000000000e+00,0.000000000000000000e+00,0.000000000000000000e+00,0.000000000000000000e+00,0.000000000000000000e+00
5.000000000000000000e-01,0.000000000000000000e+00,0.000000000000000000e+00,-5.000000000000000000e-01,0.000000000000000000e+00,3.409090909090908839e-01,0.000000000000000000e+00,0.000000000000000000e+00,1.000000000000000000e+00,-1.000000000000000000e+00,1.386363636363636243e+00,0.000000000000000000e+00,0.000000000000000000e+00,1.363636363636363535e-01,0.000000000000000000e+00,-1.227272727272727071e+00,0.000000000000000000e+00,1.386363636363636243e+00,0.000000000000000000e+00,0.000000000000000000e+00,0.000000000000000000e+00,0.000000000000000000e+00,0.000000000000000000e+00,0.000000000000000000e+00,0.000000000000000000e+00,0.000000000000000000e+00,0.000000000000000000e+00,-6.818181818181817677e-02,0.000000000000000000e+00,0.000000000000000000e+00,0.000000000000000000e+00,0.000000000000000000e+00,0.000000000000000000e+00,0.000000000000000000e+00,0.000000000000000000e+00,0.000000000000000000e+00,0.000000000000000000e+00,0.000000000000000000e+00,0.000000000000000000e+00,0.000000000000000000e+00,0.000000000000000000e+00,0.000000000000000000e+00
5.000000000000000000e-01,0.000000000000000000e+00,0.000000000000000000e+00,-5.000000000000000000e-01,0.000000000000000000e+00,0.000000000000000000e+00,0.000000000000000000e+00,0.000000000000000000e+00,1.000000000000000000e+00,-1.000000000000000000e+00,1.790697674418604501e+00,0.000000000000000000e+00,0.000000000000000000e+00,1.046511627906976660e-01,-2.616279069767441512e-01,-1.290697674418604501e+00,0.000000000000000000e+00,1.790697674418604501e+00,0.000000000000000000e+00,0.000000000000000000e+00,0.000000000000000000e+00,0.000000000000000000e+00,0.000000000000000000e+00,0.000000000000000000e+00,0.000000000000000000e+00,0.000000000000000000e+00,0.000000000000000000e+00,-5.232558139534883301e-02,0.000000000000000000e+00,0.000000000000000000e+00,0.000000000000000000e+00,0.000000000000000000e+00,0.000000000000000000e+00,0.000000000000000000e+00,0.000000000000000000e+00,0.000000000000000000e+00,0.000000000000000000e+00,0.000000000000000000e+00,0.000000000000000000e+00,0.000000000000000000e+00,0.000000000000000000e+00,0.000000000000000000e+00
0.000000000000000000e+00,0.000000000000000000e+00,0.000000000000000000e+00,-5.512820512820512109e-01,0.000000000000000000e+00,0.000000000000000000e+00,0.000000000000000000e+00,0.000000000000000000e+00,1.102564102564102422e+00,-1.102564102564102422e+00,1.000000000000000000e+00,0.000000000000000000e+00,0.000000000000000000e+00,5.128205128205128027e-02,-1.282051282051281937e-01,-1.000000000000000000e+00,0.000000000000000000e+00,1.551282051282051100e+00,0.000000000000000000e+00,0.000000000000000000e+00,0.000000000000000000e+00,0.000000000000000000e+00,0.000000000000000000e+00,5.512820512820512109e-01,0.000000000000000000e+00,0.000000000000000000e+00,0.000000000000000000e+00,-2.564102564102564014e-02,0.000000000000000000e+00,0.000000000000000000e+00,0.000000000000000000e+00,0.000000000000000000e+00,0.000000000000000000e+00,0.000000000000000000e+00,0.000000000000000000e+00,0.000000000000000000e+00,0.000000000000000000e+00,0.000000000000000000e+00,0.000000000000000000e+00,0.000000000000000000e+00,0.000000000000000000e+00,0.000000000000000000e+00
0.000000000000000000e+00,0.000000000000000000e+00,0.000000000000000000e+00,-1.000000000000000000e+00,0.000000000000000000e+00,3.000000000000000000e+00,0.000000000000000000e+00,0.000000000000000000e+00,3.600000000000000000e+01,-3.600000000000000000e+01,0.000000000000000000e+00,0.000000000000000000e+00,0.000000000000000000e+00,0.000000000000000000e+00,-1.750000000000000000e+01,0.000000000000000000e+00,0.000000000000000000e+00,3.250000000000000000e+01,0.000000000000000000e+00,0.000000000000000000e+00,0.000000000000000000e+00,0.000000000000000000e+00,5.000000000000000000e-01,0.000000000000000000e+00,0.000000000000000000e+00,0.000000000000000000e+00,0.000000000000000000e+00,-5.000000000000000000e-01,0.000000000000000000e+00,0.000000000000000000e+00,0.000000000000000000e+00,0.000000000000000000e+00,0.000000000000000000e+00,0.000000000000000000e+00,0.000000000000000000e+00,0.000000000000000000e+00,0.000000000000000000e+00,0.000000000000000000e+00,0.000000000000000000e+00,0.000000000000000000e+00,0.000000000000000000e+00,0.000000000000000000e+00
0.000000000000000000e+00,0.000000000000000000e+00,0.000000000000000000e+00,-3.500000000000000000e+00,0.000000000000000000e+00,4.500000000000000000e+00,0.000000000000000000e+00,0.000000000000000000e+00,7.000000000000000000e+00,-7.000000000000000000e+00,8.500000000000000000e+00,0.000000000000000000e+00,0.000000000000000000e+00,0.000000000000000000e+00,0.000000000000000000e+00,-6.000000000000000000e+00,0.000000000000000000e+00,6.000000000000000000e+00,0.000000000000000000e+00,0.000000000000000000e+00,0.000000000000000000e+00,1.000000000000000000e+00,0.000000000000000000e+00,5.000000000000000000e-01,0.000000000000000000e+00,0.000000000000000000e+00,0.000000000000000000e+00,-5.000000000000000000e-01,0.000000000000000000e+00,0.000000000000000000e+00,0.000000000000000000e+00,0.000000000000000000e+00,0.000000000000000000e+00,0.000000000000000000e+00,0.000000000000000000e+00,0.000000000000000000e+00,0.000000000000000000e+00,0.000000000000000000e+00,0.000000000000000000e+00,0.000000000000000000e+00,0.000000000000000000e+00,0.000000000000000000e+00
0.000000000000000000e+00,0.000000000000000000e+00,0.000000000000000000e+00,-2.564102564102564014e-02,0.000000000000000000e+00,0.000000000000000000e+00,0.000000000000000000e+00,0.000000000000000000e+00,1.000000000000000000e+00,-1.000000000000000000e+00,7.692307692307691347e-02,0.000000000000000000e+00,0.000000000000000000e+00,0.000000000000000000e+00,-5.576923076923075984e-01,0.000000000000000000e+00,0.000000000000000000e+00,1.000000000000000000e+00,1.282051282051282007e-02,0.000000000000000000e+00,0.000000000000000000e+00,0.000000000000000000e+00,0.000000000000000000e+00,0.000000000000000000e+00,0.000000000000000000e+00,0.000000000000000000e+00,0.000000000000000000e+00,-6.410256410256410034e-03,0.000000000000000000e+00,0.000000000000000000e+00,0.000000000000000000e+00,0.000000000000000000e+00,0.000000000000000000e+00,0.000000000000000000e+00,0.000000000000000000e+00,0.000000000000000000e+00,0.000000000000000000e+00,0.000000000000000000e+00,0.000000000000000000e+00,0.000000000000000000e+00,0.000000000000000000e+00,0.000000000000000000e+00
0.000000000000000000e+00,0.000000000000000000e+00,0.000000000000000000e+00,-1.000000000000000000e+00,0.000000000000000000e+00,0.000000000000000000e+00,0.000000000000000000e+00,0.000000000000000000e+00,6.000000000000000000e+01,-6.000000000000000000e+01,3.000000000000000000e+00,0.000000000000000000e+00,0.000000000000000000e+00,0.000000000000000000e+00,-3.250000000000000000e+01,0.000000000000000000e+00,0.000000000000000000e+00,5.950000000000000000e+01,0.000000000000000000e+00,0.000000000000000000e+00,0.000000000000000000e+00,0.000000000000000000e+00,5.000000000000000000e-01,0.000000000000000000e+00,0.000000000000000000e+00,0.000000000000000000e+00,0.000000000000000000e+00,-5.000000000000000000e-01,0.000000000000000000e+00,0.000000000000000000e+00,0.000000000000000000e+00,0.000000000000000000e+00,0.000000000000000000e+00,0.000000000000000000e+00,0.000000000000000000e+00,0.000000000000000000e+00,0.000000000000000000e+00,0.000000000000000000e+00,0.000000000000000000e+00,0.000000000000000000e+00,0.000000000000000000e+00,0.000000000000000000e+00
2.222222222222222099e-01,0.000000000000000000e+00,0.000000000000000000e+00,-3.222222222222221877e+00,0.000000000000000000e+00,4.500000000000000000e+00,0.000000000000000000e+00,0.000000000000000000e+00,6.444444444444443754e+00,-6.444444444444443754e+00,8.388888888888887507e+00,0.000000000000000000e+00,0.000000000000000000e+00,0.000000000000000000e+00,0.000000000000000000e+00,-5.666666666666666075e+00,0.000000000000000000e+00,5.388888888888888395e+00,0.000000000000000000e+00,0.000000000000000000e+00,0.000000000000000000e+00,1.000000000000000000e+00,0.000000000000000000e+00,0.000000000000000000e+00,0.000000000000000000e+00,0.000000000000000000e+00,0.000000000000000000e+00,-5.000000000000000000e-01,0.000000000000000000e+00,0.000000000000000000e+00,0.000000000000000000e+00,0.000000000000000000e+00,0.000000000000000000e+00,0.000000000000000000e+00,0.000000000000000000e+00,0.000000000000000000e+00,0.000000000000000000e+00,0.000000000000000000e+00,0.000000000000000000e+00,0.000000000000000000e+00,0.000000000000000000e+00,0.000000000000000000e+00
7.890625000000000000e-01,0.000000000000000000e+00,0.000000000000000000e+00,-1.000000000000000000e+00,0.000000000000000000e+00,0.000000000000000000e+00,0.000000000000000000e+00,0.000000000000000000e+00,1.578125000000000000e+00,-1.578125000000000000e+00,3.367187500000000000e+00,0.000000000000000000e+00,0.000000000000000000e+00,0.000000000000000000e+00,-9.492187500000000000e-01,-1.734375000000000000e+00,0.000000000000000000e+00,2.734375000000000000e+00,0.000000000000000000e+00,0.000000000000000000e+00,0.000000000000000000e+00,0.000000000000000000e+00,0.000000000000000000e+00,0.000000000000000000e+00,0.000000000000000000e+00,0.000000000000000000e+00,0.000000000000000000e+00,-1.054687500000000000e-01,0.000000000000000000e+00,0.000000000000000000e+00,0.000000000000000000e+00,0.000000000000000000e+00,0.000000000000000000e+00,2.109375000000000000e-01,0.000000000000000000e+00,0.000000000000000000e+00,0.000000000000000000e+00,0.000000000000000000e+00,0.000000000000000000e+00,0.000000000000000000e+00,0.000000000000000000e+00,0.000000000000000000e+00
4.111111111111110716e+00,0.000000000000000000e+00,0.000000000000000000e+00,-6.111111111111110716e+00,0.000000000000000000e+00,0.000000000000000000e+00,0.000000000000000000e+00,0.000000000000000000e+00,1.222222222222222143e+01,-1.222222222222222143e+01,2.244444444444444287e+01,0.000000000000000000e+00,0.000000000000000000e+00,0.000000000000000000e+00,-6.500000000000000000e+00,-1.233333333333333215e+01,0.000000000000000000e+00,2.044444444444444287e+01,1.000000000000000000e+00,0.000000000000000000e+00,0.000000000000000000e+00,0.000000000000000000e+00,0.000000000000000000e+00,0.000000000000000000e+00,0.000000000000000000e+00,0.000000000000000000e+00,0.000000000000000000e+00,-5.000000000000000000e-01,0.000000000000000000e+00,0.000000000000000000e+00,0.000000000000000000e+00,0.000000000000000000e+00,0.000000000000000000e+00,0.000000000000000000e+00,0.000000000000000000e+00,0.000000000000000000e+00,0.000000000000000000e+00,0.000000000000000000e+00,0.000000000000000000e+00,0.000000000000000000e+00,0.000000000000000000e+00,0.000000000000000000e+00
2.692307692307692180e-01,0.000000000000000000e+00,0.000000000000000000e+00,-5.000000000000000000e-01,0.000000000000000000e+00,0.000000000000000000e+00,0.000000000000000000e+00,0.000000000000000000e+00,1.000000000000000000e+00,-1.000000000000000000e+00,1.884615384615384581e+00,0.000000000000000000e+00,0.000000000000000000e+00,0.000000000000000000e+00,-5.192307692307691624e-01,-1.038461538461538325e+00,0.000000000000000000e+00,1.653846153846153744e+00,0.000000000000000000e+00,0.000000000000000000e+00,0.000000000000000000e+00,0.000000000000000000e+00,0.000000000000000000e+00,0.000000000000000000e+00,0.000000000000000000e+00,0.000000000000000000e+00,0.000000000000000000e+00,-5.769230769230768857e-02,0.000000000000000000e+00,0.000000000000000000e+00,0.000000000000000000e+00,0.000000000000000000e+00,0.000000000000000000e+00,0.000000000000000000e+00,0.000000000000000000e+00,0.000000000000000000e+00,0.000000000000000000e+00,0.000000000000000000e+00,0.000000000000000000e+00,1.153846153846153771e-01,0.000000000000000000e+00,0.000000000000000000e+00
2.222222222222221877e+00,0.000000000000000000e+00,0.000000000000000000e+00,-5.222222222222221433e+00,0.000000000000000000e+00,0.000000000000000000e+00,0.000000000000000000e+00,0.000000000000000000e+00,1.044444444444444287e+01,-1.044444444444444287e+01,2.088888888888888573e+01,0.000000000000000000e+00,0.000000000000000000e+00,0.000000000000000000e+00,-4.500000000000000000e+00,-1.166666666666666607e+01,0.000000000000000000e+00,1.788888888888888573e+01,0.000000000000000000e+00,0.000000000000000000e+00,0.000000000000000000e+00,1.000000000000000000e+00,0.000000000000000000e+00,0.000000000000000000e+00,0.000000000000000000e+00,0.000000000000000000e+00,0.000000000000000000e+00,-5.000000000000000000e-01,0.000000000000000000e+00,0.000000000000000000e+00,0.000000000000000000e+00,0.000000000000000000e+00,0.000000000000000000e+00,0.000000000000000000e+00,0.000000000000000000e+00,0.000000000000000000e+00,0.000000000000000000e+00,0.000000000000000000e+00,0.000000000000000000e+00,0.000000000000000000e+00,0.000000000000000000e+00,0.000000000000000000e+00
0.000000000000000000e+00,0.000000000000000000e+00,0.000000000000000000e+00,-5.594059405940593477e-01,0.000000000000000000e+00,0.000000000000000000e+00,0.000000000000000000e+00,0.000000000000000000e+00,1.000000000000000000e+00,-1.000000000000000000e+00,1.059405940594059237e+00,0.000000000000000000e+00,0.000000000000000000e+00,0.000000000000000000e+00,-2.673267326732672866e-01,-8.217821782178217349e-01,0.000000000000000000e+00,1.381188118811881083e+00,0.000000000000000000e+00,0.000000000000000000e+00,0.000000000000000000e+00,0.000000000000000000e+00,0.000000000000000000e+00,5.000000000000000000e-01,0.000000000000000000e+00,0.000000000000000000e+00,0.000000000000000000e+00,-2.970297029702970160e-02,0.000000000000000000e+00,0.000000000000000000e+00,0.000000000000000000e+00,0.000000000000000000e+00,0.000000000000000000e+00,5.940594059405940319e-02,0.000000000000000000e+00,0.000000000000000000e+00,0.000000000000000000e+00,0.000000000000000000e+00,0.000000000000000000e+00,0.000000000000000000e+00,0.000000000000000000e+00,0.000000000000000000e+00
3.815789473684210176e-01,0.000000000000000000e+00,0.000000000000000000e+00,-5.000000000000000000e-01,0.000000000000000000e+00,0.000000000000000000e+00,0.000000000000000000e+00,0.000000000000000000e+00,1.000000000000000000e+00,-1.000000000000000000e+00,1.881578947368421018e+00,0.000000000000000000e+00,0.000000000000000000e+00,0.000000000000000000e+00,-4.144736842105262720e-01,-1.144736842105263053e+00,0.000000000000000000e+00,1.703947368421052433e+00,0.000000000000000000e+00,0.000000000000000000e+00,0.000000000000000000e+00,0.000000000000000000e+00,5.921052631578947040e-02,0.000000000000000000e+00,0.000000000000000000e+00,0.000000000000000000e+00,0.000000000000000000e+00,-5.921052631578947040e-02,0.000000000000000000e+00,0.000000000000000000e+00,0.000000000000000000e+00,0.000000000000000000e+00,0.000000000000000000e+00,0.000000000000000000e+00,0.000000000000000000e+00,0.000000000000000000e+00,0.000000000000000000e+00,0.000000000000000000e+00,0.000000000000000000e+00,0.000000000000000000e+00,0.000000000000000000e+00,0.000000000000000000e+00
0.000000000000000000e+00,0.000000000000000000e+00,0.000000000000000000e+00,-5.000000000000000000e-01,0.000000000000000000e+00,0.000000000000000000e+00,0.000000000000000000e+00,0.000000000000000000e+00,1.000000000000000000e+00,-1.000000000000000000e+00,1.088888888888888795e+00,0.000000000000000000e+00,0.000000000000000000e+00,0.000000000000000000e+00,-2.888888888888888618e-01,-8.222222222222221877e-01,0.000000000000000000e+00,1.411111111111110983e+00,4.444444444444443920e-02,0.000000000000000000e+00,0.000000000000000000e+00,0.000000000000000000e+00,0.000000000000000000e+00,4.111111111111110938e-01,0.000000000000000000e+00,0.000000000000000000e+00,0.000000000000000000e+00,-2.222222222222221960e-02,0.000000000000000000e+00,0.000000000000000000e+00,0.000000000000000000e+00,0.000000000000000000e+00,0.000000000000000000e+00,0.000000000000000000e+00,0.000000000000000000e+00,0.000000000000000000e+00,0.000000000000000000e+00,0.000000000000000000e+00,0.000000000000000000e+00,0.000000000000000000e+00,0.000000000000000000e+00,0.000000000000000000e+00
0.000000000000000000e+00,0.000000000000000000e+00,0.000000000000000000e+00,-5.000000000000000000e-01,0.000000000000000000e+00,0.000000000000000000e+00,0.000000000000000000e+00,0.000000000000000000e+00,1.000000000000000000e+00,-1.000000000000000000e+00,1.206896551724137900e+00,0.000000000000000000e+00,0.000000000000000000e+00,0.000000000000000000e+00,-3.103448275862068506e-01,-8.620689655172413257e-01,0.000000000000000000e+00,1.431034482758620552e+00,0.000000000000000000e+00,0.000000000000000000e+00,0.000000000000000000e+00,0.000000000000000000e+00,0.000000000000000000e+00,3.620689655172413257e-01,0.000000000000000000e+00,0.000000000000000000e+00,0.000000000000000000e+00,-3.448275862068965469e-02,0.000000000000000000e+00,0.000000000000000000e+00,0.000000000000000000e+00,0.000000000000000000e+00,0.000000000000000000e+00,0.000000000000000000e+00,0.000000000000000000e+00,0.000000000000000000e+00,0.000000000000000000e+00,0.000000000000000000e+00,0.000000000000000000e+00,6.896551724137930939e-02,0.000000000000000000e+00,0.000000000000000000e+00
0.000000000000000000e+00,0.000000000000000000e+00,0.000000000000000000e+00,-3.333333333333333148e-01,0.000000000000000000e+00,0.000000000000000000e+00,0.000000000000000000e+00,0.000000000000000000e+00,6.666666666666666297e-01,-6.666666666666666297e-01,9.166666666666666297e-01,0.000000000000000000e+00,0.000000000000000000e+00,0.000000000000000000e+00,-1.875000000000000000e-01,-6.250000000000000000e-01,0.000000000000000000e+00,1.000000000000000000e+00,0.000000000000000000e+00,0.000000000000000000e+00,0.000000000000000000e+00,4.166666666666666435e-02,0.000000000000000000e+00,2.083333333333333148e-01,0.000000000000000000e+00,0.000000000000000000e+00,0.000000000000000000e+00,-2.083333333333333218e-02,0.000000000000000000e+00,0.000000000000000000e+00,0.000000000000000000e+00,0.000000000000000000e+00,0.000000000000000000e+00,0.000000000000000000e+00,0.000000000000000000e+00,0.000000000000000000e+00,0.000000000000000000e+00,0.000000000000000000e+00,0.000000000000000000e+00,0.000000000000000000e+00,0.000000000000000000e+00,0.000000000000000000e+00
0.000000000000000000e+00,0.000000000000000000e+00,0.000000000000000000e+00,-1.000000000000000000e+00,0.000000000000000000e+00,0.000000000000000000e+00,0.000000000000000000e+00,0.000000000000000000e+00,1.103333333333333286e+02,-1.103333333333333286e+02,0.000000000000000000e+00,0.000000000000000000e+00,0.000000000000000000e+00,5.000000000000000000e-01,-6.091666666666666430e+01,4.000000000000000000e+00,0.000000000000000000e+00,1.073333333333333286e+02,0.000000000000000000e+00,0.000000000000000000e+00,0.000000000000000000e+00,0.000000000000000000e+00,0.000000000000000000e+00,0.000000000000000000e+00,0.000000000000000000e+00,0.000000000000000000e+00,0.000000000000000000e+00,-7.500000000000000000e-01,0.000000000000000000e+00,0.000000000000000000e+00,0.000000000000000000e+00,0.000000000000000000e+00,0.000000000000000000e+00,1.000000000000000000e+00,0.000000000000000000e+00,0.000000000000000000e+00,0.000000000000000000e+00,0.000000000000000000e+00,0.000000000000000000e+00,0.000000000000000000e+00,0.000000000000000000e+00,0.000000000000000000e+00
0.000000000000000000e+00,0.000000000000000000e+00,0.000000000000000000e+00,-3.333333333333333148e-01,0.000000000000000000e+00,0.000000000000000000e+00,0.000000000000000000e+00,0.000000000000000000e+00,2.244444444444444287e+01,-2.244444444444444287e+01,3.333333333333333148e-01,0.000000000000000000e+00,0.000000000000000000e+00,0.000000000000000000e+00,-1.272222222222222143e+01,1.000000000000000000e+00,0.000000000000000000e+00,2.177777777777777501e+01,0.000000000000000000e+00,0.000000000000000000e+00,0.000000000000000000e+00,0.000000000000000000e+00,0.000000000000000000e+00,0.000000000000000000e+00,0.000000000000000000e+00,0.000000000000000000e+00,0.000000000000000000e+00,-1.666666666666666574e-01,0.000000000000000000e+00,0.000000000000000000e+00,0.000000000000000000e+00,0.000000000000000000e+00,0.000000000000000000e+00,3.333333333333333148e-01,0.000000000000000000e+00,0.000000000000000000e+00,0.000000000000000000e+00,0.000000000000000000e+00,0.000000000000000000e+00,0.000000000000000000e+00,0.000000000000000000e+00,0.000000000000000000e+00
0.000000000000000000e+00,0.000000000000000000e+00,0.000000000000000000e+00,-1.000000000000000000e+00,0.000000000000000000e+00,0.000000000000000000e+00,0.000000000000000000e+00,0.000000000000000000e+00,2.000000000000000000e+00,-2.000000000000000000e+00,2.121212121212121104e+00,0.000000000000000000e+00,0.000000000000000000e+00,0.000000000000000000e+00,-4.242424242424241987e-01,-1.757575757575757569e+00,0.000000000000000000e+00,2.818181818181817899e+00,0.000000000000000000e+00,0.000000000000000000e+00,0.000000000000000000e+00,0.000000000000000000e+00,6.060606060606060080e-02,8.787878787878787845e-01,0.000000000000000000e+00,0.000000000000000000e+00,0.000000000000000000e+00,-6.060606060606060080e-02,0.000000000000000000e+00,0.000000000000000000e+00,0.000000000000000000e+00,0.000000000000000000e+00,0.000000000000000000e+00,0.000000000000000000e+00,0.000000000000000000e+00,0.000000000000000000e+00,0.000000000000000000e+00,0.000000000000000000e+00,0.000000000000000000e+00,0.000000000000000000e+00,0.000000000000000000e+00,0.000000000000000000e+00
0.000000000000000000e+00,0.000000000000000000e+00,0.000000000000000000e+00,-3.333333333333333148e-01,0.000000000000000000e+00,3.333333333333333148e-01,0.000000000000000000e+00,0.000000000000000000e+00,1.977777777777777501e+01,-1.977777777777777501e+01,0.000000000000000000e+00,0.000000000000000000e+00,0.000000000000000000e+00,0.000000000000000000e+00,-1.105555555555555536e+01,1.000000000000000000e+00,0.000000000000000000e+00,1.877777777777777501e+01,0.000000000000000000e+00,0.000000000000000000e+00,0.000000000000000000e+00,0.000000000000000000e+00,0.000000000000000000e+00,0.000000000000000000e+00,0.000000000000000000e+00,0.000000000000000000e+00,0.000000000000000000e+00,-1.666666666666666574e-01,0.000000000000000000e+00,0.000000000000000000e+00,0.000000000000000000e+00,0.000000000000000000e+00,0.000000000000000000e+00,3.333333333333333148e-01,0.000000000000000000e+00,0.000000000000000000e+00,0.000000000000000000e+00,0.000000000000000000e+00,0.000000000000000000e+00,0.000000000000000000e+00,0.000000000000000000e+00,0.000000000000000000e+00
0.000000000000000000e+00,0.000000000000000000e+00,0.000000000000000000e+00,-5.740740740740740700e-01,0.000000000000000000e+00,2.222222222222222099e-01,0.000000000000000000e+00,0.000000000000000000e+00,1.148148148148148140e+00,-1.148148148148148140e+00,7.777777777777776791e-01,0.000000000000000000e+00,0.000000000000000000e+00,7.407407407407406996e-02,3.703703703703703498e-02,-1.000000000000000000e+00,0.000000000000000000e+00,1.351851851851851638e+00,0.000000000000000000e+00,0.000000000000000000e+00,0.000000000000000000e+00,0.000000000000000000e+00,0.000000000000000000e+00,5.740740740740740700e-01,0.000000000000000000e+00,0.000000000000000000e+00,0.000000000000000000e+00,-3.703703703703703498e-02,0.000000000000000000e+00,0.000000000000000000e+00,0.000000000000000000e+00,0.000000000000000000e+00,0.000000000000000000e+00,0.000000000000000000e+00,0.000000000000000000e+00,0.000000000000000000e+00,0.000000000000000000e+00,0.000000000000000000e+00,0.000000000000000000e+00,0.000000000000000000e+00,0.000000000000000000e+00,0.000000000000000000e+00
0.000000000000000000e+00,0.000000000000000000e+00,0.000000000000000000e+00,-1.000000000000000000e+00,0.000000000000000000e+00,5.316455696202531112e-01,0.000000000000000000e+00,0.000000000000000000e+00,1.848101265822784667e+00,-1.848101265822784667e+00,1.240506329113924000e+00,0.000000000000000000e+00,0.000000000000000000e+00,7.594936708860758334e-02,0.000000000000000000e+00,-1.468354430379746667e+00,0.000000000000000000e+00,1.936708860759493556e+00,0.000000000000000000e+00,0.000000000000000000e+00,0.000000000000000000e+00,0.000000000000000000e+00,0.000000000000000000e+00,9.240506329113923334e-01,0.000000000000000000e+00,0.000000000000000000e+00,0.000000000000000000e+00,-7.594936708860758334e-02,0.000000000000000000e+00,0.000000000000000000e+00,0.000000000000000000e+00,0.000000000000000000e+00,0.000000000000000000e+00,7.594936708860758334e-02,0.000000000000000000e+00,0.000000000000000000e+00,0.000000000000000000e+00,0.000000000000000000e+00,0.000000000000000000e+00,0.000000000000000000e+00,0.000000000000000000e+00,0.000000000000000000e+00
0.000000000000000000e+00,0.000000000000000000e+00,0.000000000000000000e+00,-1.000000000000000000e+00,0.000000000000000000e+00,1.199999999999999956e+00,0.000000000000000000e+00,0.000000000000000000e+00,1.879999999999999716e+01,-1.879999999999999716e+01,0.000000000000000000e+00,0.000000000000000000e+00,0.000000000000000000e+00,3.999999999999999667e-01,-8.199999999999999289e+00,-1.199999999999999956e+00,0.000000000000000000e+00,1.779999999999999716e+01,0.000000000000000000e+00,0.000000000000000000e+00,0.000000000000000000e+00,0.000000000000000000e+00,0.000000000000000000e+00,1.000000000000000000e+00,0.000000000000000000e+00,0.000000000000000000e+00,0.000000000000000000e+00,-1.999999999999999833e-01,0.000000000000000000e+00,0.000000000000000000e+00,0.000000000000000000e+00,0.000000000000000000e+00,0.000000000000000000e+00,0.000000000000000000e+00,0.000000000000000000e+00,0.000000000000000000e+00,0.000000000000000000e+00,0.000000000000000000e+00,0.000000000000000000e+00,0.000000000000000000e+00,0.000000000000000000e+00,0.000000000000000000e+00
0.000000000000000000e+00,0.000000000000000000e+00,0.000000000000000000e+00,-7.439024390243902385e-01,0.000000000000000000e+00,2.926829268292682751e-01,0.000000000000000000e+00,0.000000000000000000e+00,1.585365853658536439e+00,-1.585365853658536439e+00,1.000000000000000000e+00,0.000000000000000000e+00,0.000000000000000000e+00,9.756097560975608707e-02,0.000000000000000000e+00,-1.292682926829268109e+00,0.000000000000000000e+00,1.841463414634146201e+00,0.000000000000000000e+00,0.000000000000000000e+00,0.000000000000000000e+00,0.000000000000000000e+00,0.000000000000000000e+00,7.439024390243902385e-01,0.000000000000000000e+00,0.000000000000000000e+00,0.000000000000000000e+00,-4.878048780487804353e-02,0.000000000000000000e+00,0.000000000000000000e+00,0.000000000000000000e+00,0.000000000000000000e+00,0.000000000000000000e+00,0.000000000000000000e+00,0.000000000000000000e+00,0.000000000000000000e+00,0.000000000000000000e+00,0.000000000000000000e+00,0.000000000000000000e+00,0.000000000000000000e+00,0.000000000000000000e+00,0.000000000000000000e+00
0.000000000000000000e+00,0.000000000000000000e+00,0.000000000000000000e+00,-1.000000000000000000e+00,0.000000000000000000e+00,0.000000000000000000e+00,0.000000000000000000e+00,0.000000000000000000e+00,6.600000000000000000e+01,-6.600000000000000000e+01,2.500000000000000000e+00,0.000000000000000000e+00,0.000000000000000000e+00,5.000000000000000000e-01,-3.550000000000000000e+01,0.000000000000000000e+00,0.000000000000000000e+00,6.550000000000000000e+01,0.000000000000000000e+00,0.000000000000000000e+00,0.000000000000000000e+00,0.000000000000000000e+00,0.000000000000000000e+00,0.000000000000000000e+00,0.000000000000000000e+00,0.000000000000000000e+00,0.000000000000000000e+00,-5.000000000000000000e-01,0.000000000000000000e+00,0.000000000000000000e+00,0.000000000000000000e+00,0.000000000000000000e+00,0.000000000000000000e+00,0.000000000000000000e+00,0.000000000000000000e+00,0.000000000000000000e+00,0.000000000000000000e+00,0.000000000000000000e+00,0.000000000000000000e+00,5.000000000000000000e-01,0.000000000000000000e+00,0.000000000000000000e+00
1.000000000000000000e+00,0.000000000000000000e+00,0.000000000000000000e+00,-1.000000000000000000e+00,0.000000000000000000e+00,0.000000000000000000e+00,0.000000000000000000e+00,0.000000000000000000e+00,1.130000000000000000e+02,-1.130000000000000000e+02,1.000000000000000000e+00,0.000000000000000000e+00,0.000000000000000000e+00,1.500000000000000000e+00,-5.925000000000000000e+01,0.000000000000000000e+00,0.000000000000000000e+00,1.120000000000000000e+02,0.000000000000000000e+00,0.000000000000000000e+00,0.000000000000000000e+00,0.000000000000000000e+00,0.000000000000000000e+00,0.000000000000000000e+00,0.000000000000000000e+00,0.000000000000000000e+00,0.000000000000000000e+00,-7.500000000000000000e-01,0.000000000000000000e+00,0.000000000000000000e+00,0.000000000000000000e+00,0.000000000000000000e+00,0.000000000000000000e+00,0.000000000000000000e+00,0.000000000000000000e+00,0.000000000000000000e+00,0.000000000000000000e+00,0.000000000000000000e+00,0.000000000000000000e+00,0.000000000000000000e+00,0.000000000000000000e+00,0.000000000000000000e+00
0.000000000000000000e+00,0.000000000000000000e+00,0.000000000000000000e+00,-1.149425287356321823e-02,0.000000000000000000e+00,0.000000000000000000e+00,0.000000000000000000e+00,0.000000000000000000e+00,1.000000000000000000e+00,-1.000000000000000000e+00,2.681992337164750689e-02,0.000000000000000000e+00,0.000000000000000000e+00,9.578544061302681281e-03,-5.296934865900382317e-01,0.000000000000000000e+00,0.000000000000000000e+00,9.923371647509577897e-01,0.000000000000000000e+00,0.000000000000000000e+00,0.000000000000000000e+00,3.831417624521072599e-03,0.000000000000000000e+00,0.000000000000000000e+00,0.000000000000000000e+00,0.000000000000000000e+00,0.000000000000000000e+00,-6.704980842911876723e-03,0.000000000000000000e+00,0.000000000000000000e+00,0.000000000000000000e+00,0.000000000000000000e+00,0.000000000000000000e+00,0.000000000000000000e+00,0.000000000000000000e+00,0.000000000000000000e+00,0.000000000000000000e+00,0.000000000000000000e+00,0.000000000000000000e+00,0.000000000000000000e+00,0.000000000000000000e+00,0.000000000000000000e+00
0.000000000000000000e+00,0.000000000000000000e+00,0.000000000000000000e+00,-1.000000000000000000e+00,0.000000000000000000e+00,0.000000000000000000e+00,0.000000000000000000e+00,0.000000000000000000e+00,1.680000000000000000e+02,-1.680000000000000000e+02,0.000000000000000000e+00,0.000000000000000000e+00,0.000000000000000000e+00,1.500000000000000000e+00,-9.000000000000000000e+01,3.000000000000000000e+00,0.000000000000000000e+00,1.650000000000000000e+02,5.000000000000000000e-01,0.000000000000000000e+00,0.000000000000000000e+00,0.000000000000000000e+00,0.000000000000000000e+00,0.000000000000000000e+00,0.000000000000000000e+00,0.000000000000000000e+00,0.000000000000000000e+00,-1.000000000000000000e+00,0.000000000000000000e+00,0.000000000000000000e+00,0.000000000000000000e+00,0.000000000000000000e+00,0.000000000000000000e+00,0.000000000000000000e+00,0.000000000000000000e+00,0.000000000000000000e+00,0.000000000000000000e+00,0.000000000000000000e+00,0.000000000000000000e+00,0.000000000000000000e+00,0.000000000000000000e+00,0.000000000000000000e+00
0.000000000000000000e+00,0.000000000000000000e+00,0.000000000000000000e+00,-1.000000000000000000e+00,0.000000000000000000e+00,0.000000000000000000e+00,0.000000000000000000e+00,0.000000000000000000e+00,1.735000000000000000e+02,-1.735000000000000000e+02,0.000000000000000000e+00,0.000000000000000000e+00,0.000000000000000000e+00,1.750000000000000000e+00,-9.237500000000000000e+01,2.500000000000000000e+00,0.000000000000000000e+00,1.705000000000000000e+02,0.000000000000000000e+00,0.000000000000000000e+00,0.000000000000000000e+00,0.000000000000000000e+00,0.000000000000000000e+00,0.000000000000000000e+00,0.000000000000000000e+00,0.000000000000000000e+00,0.000000000000000000e+00,-1.125000000000000000e+00,0.000000000000000000e+00,0.000000000000000000e+00,0.000000000000000000e+00,0.000000000000000000e+00,0.000000000000000000e+00,0.000000000000000000e+00,0.000000000000000000e+00,0.000000000000000000e+00,0.000000000000000000e+00,0.000000000000000000e+00,0.000000000000000000e+00,5.000000000000000000e-01,0.000000000000000000e+00,0.000000000000000000e+00
0.000000000000000000e+00,0.000000000000000000e+00,0.000000000000000000e+00,-5.291005291005290712e-03,0.000000000000000000e+00,0.000000000000000000e+00,0.000000000000000000e+00,0.000000000000000000e+00,1.000000000000000000e+00,-1.000000000000000000e+00,0.000000000000000000e+00,0.000000000000000000e+00,0.000000000000000000e+00,7.936507936507936067e-03,-5.330687830687830253e-01,1.587301587301587213e-02,0.000000000000000000e+00,9.814814814814813992e-01,0.000000000000000000e+00,0.000000000000000000e+00,0.000000000000000000e+00,0.000000000000000000e+00,2.645502645502645356e-03,0.000000000000000000e+00,0.000000000000000000e+00,0.000000000000000000e+00,0.000000000000000000e+00,-6.613756613756613389e-03,0.000000000000000000e+00,0.000000000000000000e+00,0.000000000000000000e+00,0.000000000000000000e+00,0.000000000000000000e+00,0.000000000000000000e+00,0.000000000000000000e+00,0.000000000000000000e+00,0.000000000000000000e+00,0.000000000000000000e+00,0.000000000000000000e+00,0.000000000000000000e+00,0.000000000000000000e+00,0.000000000000000000e+00
1.000000000000000000e+00,0.000000000000000000e+00,0.000000000000000000e+00,-1.000000000000000000e+00,0.000000000000000000e+00,0.000000000000000000e+00,0.000000000000000000e+00,0.000000000000000000e+00,1.560000000000000000e+02,-1.560000000000000000e+02,0.000000000000000000e+00,0.000000000000000000e+00,0.000000000000000000e+00,2.000000000000000000e+00,-8.200000000000000000e+01,1.000000000000000000e+00,0.000000000000000000e+00,1.540000000000000000e+02,0.000000000000000000e+00,0.000000000000000000e+00,0.000000000000000000e+00,0.000000000000000000e+00,0.000000000000000000e+00,0.000000000000000000e+00,0.000000000000000000e+00,0.000000000000000000e+00,0.000000000000000000e+00,-1.000000000000000000e+00,0.000000000000000000e+00,0.000000000000000000e+00,0.000000000000000000e+00,0.000000000000000000e+00,0.000000000000000000e+00,0.000000000000000000e+00,0.000000000000000000e+00,0.000000000000000000e+00,0.000000000000000000e+00,0.000000000000000000e+00,0.000000000000000000e+00,0.000000000000000000e+00,0.000000000000000000e+00,0.000000000000000000e+00
0.000000000000000000e+00,0.000000000000000000e+00,0.000000000000000000e+00,-5.000000000000000000e-01,0.000000000000000000e+00,0.000000000000000000e+00,0.000000000000000000e+00,0.000000000000000000e+00,9.366666666666665719e+01,-9.366666666666665719e+01,0.000000000000000000e+00,0.000000000000000000e+00,0.000000000000000000e+00,1.000000000000000000e+00,-4.958333333333332860e+01,1.166666666666666519e+00,0.000000000000000000e+00,9.216666666666665719e+01,0.000000000000000000e+00,0.000000000000000000e+00,0.000000000000000000e+00,1.666666666666666574e-01,0.000000000000000000e+00,0.000000000000000000e+00,0.000000000000000000e+00,0.000000000000000000e+00,0.000000000000000000e+00,-5.833333333333332593e-01,0.000000000000000000e+00,0.000000000000000000e+00,0.000000000000000000e+00,0.000000000000000000e+00,0.000000000000000000e+00,0.000000000000000000e+00,0.000000000000000000e+00,0.000000000000000000e+00,0.000000000000000000e+00,0.000000000000000000e+00,0.000000000000000000e+00,0.000000000000000000e+00,0.000000000000000000e+00,0.000000000000000000e+00
0.000000000000000000e+00,0.000000000000000000e+00,0.000000000000000000e+00,-1.000000000000000000e+00,0.000000000000000000e+00,2.500000000000000000e+00,0.000000000000000000e+00,0.000000000000000000e+00,4.600000000000000000e+01,-4.600000000000000000e+01,0.000000000000000000e+00,0.000000000000000000e+00,0.000000000000000000e+00,5.000000000000000000e-01,-2.300000000000000000e+01,0.000000000000000000e+00,0.000000000000000000e+00,4.300000000000000000e+01,0.000000000000000000e+00,0.000000000000000000e+00,0.000000000000000000e+00,0.000000000000000000e+00,0.000000000000000000e+00,0.000000000000000000e+00,0.000000000000000000e+00,0.000000000000000000e+00,0.000000000000000000e+00,-5.000000000000000000e-01,0.000000000000000000e+00,0.000000000000000000e+00,0.000000000000000000e+00,0.000000000000000000e+00,0.000000000000000000e+00,0.000000000000000000e+00,0.000000000000000000e+00,0.000000000000000000e+00,0.000000000000000000e+00,0.000000000000000000e+00,0.000000000000000000e+00,5.000000000000000000e-01,0.000000000000000000e+00,0.000000000000000000e+00
1.000000000000000000e+00,0.000000000000000000e+00,0.000000000000000000e+00,-1.000000000000000000e+00,0.000000000000000000e+00,1.000000000000000000e+00,0.000000000000000000e+00,0.000000000000000000e+00,1.050000000000000000e+02,-1.050000000000000000e+02,0.000000000000000000e+00,0.000000000000000000e+00,0.000000000000000000e+00,1.500000000000000000e+00,-5.425000000000000000e+01,0.000000000000000000e+00,0.000000000000000000e+00,1.030000000000000000e+02,0.000000000000000000e+00,0.000000000000000000e+00,0.000000000000000000e+00,0.000000000000000000e+00,0.000000000000000000e+00,0.000000000000000000e+00,0.000000000000000000e+00,0.000000000000000000e+00,0.000000000000000000e+00,-7.500000000000000000e-01,0.000000000000000000e+00,0.000000000000000000e+00,0.000000000000000000e+00,0.000000000000000000e+00,0.000000000000000000e+00,0.000000000000000000e+00,0.000000000000000000e+00,0.000000000000000000e+00,0.000000000000000000e+00,0.000000000000000000e+00,0.000000000000000000e+00,0.000000000000000000e+00,0.000000000000000000e+00,0.000000000000000000e+00
0.000000000000000000e+00,0.000000000000000000e+00,0.000000000000000000e+00,-1.000000000000000000e+00,0.000000000000000000e+00,2.333333333333333037e+00,0.000000000000000000e+00,0.000000000000000000e+00,6.833333333333332860e+01,-6.833333333333332860e+01,0.000000000000000000e+00,0.000000000000000000e+00,0.000000000000000000e+00,8.333333333333332593e-01,-3.441666666666666430e+01,0.000000000000000000e+00,0.000000000000000000e+00,6.533333333333332860e+01,0.000000000000000000e+00,0.000000000000000000e+00,0.000000000000000000e+00,3.333333333333333148e-01,0.000000000000000000e+00,0.000000000000000000e+00,0.000000000000000000e+00,0.000000000000000000e+00,0.000000000000000000e+00,-5.833333333333332593e-01,0.000000000000000000e+00,0.000000000000000000e+00,0.000000000000000000e+00,0.000000000000000000e+00,0.000000000000000000e+00,0.000000000000000000e+00,0.000000000000000000e+00,0.000000000000000000e+00,0.000000000000000000e+00,0.000000000000000000e+00,0.000000000000000000e+00,0.000000000000000000e+00,0.000000000000000000e+00,0.000000000000000000e+00
0.000000000000000000e+00,0.000000000000000000e+00,0.000000000000000000e+00,-4.285714285714285060e-02,0.000000000000000000e+00,0.000000000000000000e+00,0.000000000000000000e+00,0.000000000000000000e+00,1.000000000000000000e+00,-1.000000000000000000e+00,6.857142857142856096e-02,0.000000000000000000e+00,0.000000000000000000e+00,0.000000000000000000e+00,-5.514285714285713791e-01,0.000000000000000000e+00,0.000000000000000000e+00,9.914285714285713258e-01,0.000000000000000000e+00,0.000000000000000000e+00,0.000000000000000000e+00,0.000000000000000000e+00,0.000000000000000000e+00,2.571428571428571383e-02,0.000000000000000000e+00,0.000000000000000000e+00,0.000000000000000000e+00,-8.571428571428570120e-03,0.000000000000000000e+00,0.000000000000000000e+00,0.000000000000000000e+00,0.000000000000000000e+00,0.000000000000000000e+00,1.714285714285714024e-02,0.000000000000000000e+00,0.000000000000000000e+00,0.000000000000000000e+00,0.000000000000000000e+00,0.000000000000000000e+00,0.000000000000000000e+00,0.000000000000000000e+00,0.000000000000000000e+00
0.000000000000000000e+00,0.000000000000000000e+00,0.000000000000000000e+00,-1.000000000000000000e+00,0.000000000000000000e+00,0.000000000000000000e+00,0.000000000000000000e+00,0.000000000000000000e+00,3.408333333333332860e+01,-3.408333333333332860e+01,2.875000000000000000e+00,0.000000000000000000e+00,0.000000000000000000e+00,0.000000000000000000e+00,-1.910416666666666430e+01,0.000000000000000000e+00,0.000000000000000000e+00,3.395833333333332860e+01,0.000000000000000000e+00,0.000000000000000000e+00,0.000000000000000000e+00,0.000000000000000000e+00,0.000000000000000000e+00,0.000000000000000000e+00,0.000000000000000000e+00,0.000000000000000000e+00,0.000000000000000000e+00,-3.125000000000000000e-01,0.000000000000000000e+00,0.000000000000000000e+00,0.000000000000000000e+00,0.000000000000000000e+00,0.000000000000000000e+00,2.500000000000000000e-01,0.000000000000000000e+00,0.000000000000000000e+00,0.000000000000000000e+00,0.000000000000000000e+00,0.000000000000000000e+00,3.750000000000000000e-01,0.000000000000000000e+00,0.000000000000000000e+00
5.000000000000000000e-01,0.000000000000000000e+00,0.000000000000000000e+00,-1.000000000000000000e+00,0.000000000000000000e+00,0.000000000000000000e+00,0.000000000000000000e+00,0.000000000000000000e+00,2.566666666666666430e+01,-2.566666666666666430e+01,2.500000000000000000e+00,0.000000000000000000e+00,0.000000000000000000e+00,0.000000000000000000e+00,-1.458333333333333215e+01,0.000000000000000000e+00,0.000000000000000000e+00,2.566666666666666430e+01,0.000000000000000000e+00,0.000000000000000000e+00,0.000000000000000000e+00,0.000000000000000000e+00,0.000000000000000000e+00,0.000000000000000000e+00,0.000000000000000000e+00,0.000000000000000000e+00,0.000000000000000000e+00,-2.500000000000000000e-01,0.000000000000000000e+00,0.000000000000000000e+00,0.000000000000000000e+00,0.000000000000000000e+00,0.000000000000000000e+00,5.000000000000000000e-01,0.000000000000000000e+00,0.000000000000000000e+00,0.000000000000000000e+00,0.000000000000000000e+00,0.000000000000000000e+00,0.000000000000000000e+00,0.000000000000000000e+00,0.000000000000000000e+00
0.000000000000000000e+00,0.000000000000000000e+00,0.000000000000000000e+00,-1.000000000000000000e+00,0.000000000000000000e+00,0.000000000000000000e+00,0.000000000000000000e+00,0.000000000000000000e+00,3.390476190476189799e+01,-3.390476190476189799e+01,2.928571428571428381e+00,0.000000000000000000e+00,0.000000000000000000e+00,0.000000000000000000e+00,-1.888095238095237960e+01,0.000000000000000000e+00,0.000000000000000000e+00,3.383333333333332860e+01,0.000000000000000000e+00,0.000000000000000000e+00,0.000000000000000000e+00,2.142857142857142738e-01,0.000000000000000000e+00,0.000000000000000000e+00,0.000000000000000000e+00,0.000000000000000000e+00,0.000000000000000000e+00,-2.857142857142856984e-01,0.000000000000000000e+00,0.000000000000000000e+00,0.000000000000000000e+00,0.000000000000000000e+00,0.000000000000000000e+00,3.571428571428570953e-01,0.000000000000000000e+00,0.000000000000000000e+00,0.000000000000000000e+00,0.000000000000000000e+00,0.000000000000000000e+00,0.000000000000000000e+00,0.000000000000000000e+00,0.000000000000000000e+00
0.000000000000000000e+00,0.000000000000000000e+00,0.000000000000000000e+00,-1.000000000000000000e+00,0.000000000000000000e+00,0.000000000000000000e+00,0.000000000000000000e+00,0.000000000000000000e+00,2.300000000000000000e+01,-2.300000000000000000e+01,3.500000000000000000e+00,0.000000000000000000e+00,0.000000000000000000e+00,0.000000000000000000e+00,-1.275000000000000000e+01,-1.000000000000000000e+00,0.000000000000000000e+00,2.350000000000000000e+01,0.000000000000000000e+00,0.000000000000000000e+00,0.000000000000000000e+00,0.000000000000000000e+00,0.000000000000000000e+00,0.000000000000000000e+00,0.000000000000000000e+00,0.000000000000000000e+00,0.000000000000000000e+00,-2.500000000000000000e-01,0.000000000000000000e+00,0.000000000000000000e+00,0.000000000000000000e+00,0.000000000000000000e+00,0.000000000000000000e+00,0.000000000000000000e+00,0.000000000000000000e+00,0.000000000000000000e+00,0.000000000000000000e+00,0.000000000000000000e+00,0.000000000000000000e+00,5.000000000000000000e-01,0.000000000000000000e+00,0.000000000000000000e+00
0.000000000000000000e+00,0.000000000000000000e+00,0.000000000000000000e+00,-6.521739130434782428e-02,0.000000000000000000e+00,0.000000000000000000e+00,0.000000000000000000e+00,0.000000000000000000e+00,1.000000000000000000e+00,-1.000000000000000000e+00,2.608695652173912971e-01,0.000000000000000000e+00,0.000000000000000000e+00,0.000000000000000000e+00,-5.326086956521738358e-01,-1.086956521739130405e-01,0.000000000000000000e+00,1.065217391304347672e+00,0.000000000000000000e+00,0.000000000000000000e+00,0.000000000000000000e+00,2.173913043478260809e-02,0.000000000000000000e+00,0.000000000000000000e+00,0.000000000000000000e+00,0.000000000000000000e+00,0.000000000000000000e+00,-1.086956521739130405e-02,0.000000000000000000e+00,0.000000000000000000e+00,0.000000000000000000e+00,0.000000000000000000e+00,0.000000000000000000e+00,0.000000000000000000e+00,0.000000000000000000e+00,0.000000000000000000e+00,0.000000000000000000e+00,0.000000000000000000e+00,0.000000000000000000e+00,0.000000000000000000e+00,0.000000000000000000e+00,0.000000000000000000e+00
0.000000000000000000e+00,0.000000000000000000e+00,0.000000000000000000e+00,-4.411764705882352811e-01,0.000000000000000000e+00,7.205882352941176405e-01,0.000000000000000000e+00,0.000000000000000000e+00,1.000000000000000000e+00,-1.000000000000000000e+00,1.044117647058823373e+00,0.000000000000000000e+00,0.000000000000000000e+00,0.000000000000000000e+00,0.000000000000000000e+00,-7.352941176470587648e-01,0.000000000000000000e+00,7.205882352941176405e-01,0.000000000000000000e+00,0.000000000000000000e+00,0.000000000000000000e+00,1.470588235294117418e-01,0.000000000000000000e+00,0.000000000000000000e+00,0.000000000000000000e+00,0.000000000000000000e+00,0.000000000000000000e+00,-7.352941176470587092e-02,0.000000000000000000e+00,0.000000000000000000e+00,0.000000000000000000e+00,0.000000000000000000e+00,0.000000000000000000e+00,0.000000000000000000e+00,0.000000000000000000e+00,0.000000000000000000e+00,0.000000000000000000e+00,0.000000000000000000e+00,0.000000000000000000e+00,0.000000000000000000e+00,0.000000000000000000e+00,0.000000000000000000e+00
3.921568627450980338e-01,0.000000000000000000e+00,0.000000000000000000e+00,-5.686274509803921351e-01,0.000000000000000000e+00,8.823529411764705621e-01,0.000000000000000000e+00,0.000000000000000000e+00,1.137254901960784270e+00,-1.137254901960784270e+00,1.039215686274509665e+00,0.000000000000000000e+00,0.000000000000000000e+00,8.823529411764705066e-02,8.823529411764705066e-02,-1.000000000000000000e+00,0.000000000000000000e+00,8.627450980392156188e-01,8.823529411764705066e-02,0.000000000000000000e+00,0.000000000000000000e+00,0.000000000000000000e+00,0.000000000000000000e+00,0.000000000000000000e+00,0.000000000000000000e+00,0.000000000000000000e+00,0.000000000000000000e+00,-8.823529411764705066e-02,0.000000000000000000e+00,0.000000000000000000e+00,0.000000000000000000e+00,0.000000000000000000e+00,0.000000000000000000e+00,0.000000000000000000e+00,0.000000000000000000e+00,0.000000000000000000e+00,0.000000000000000000e+00,0.000000000000000000e+00,0.000000000000000000e+00,0.000000000000000000e+00,0.000000000000000000e+00,0.000000000000000000e+00
6.333333333333333037e+00,0.000000000000000000e+00,0.000000000000000000e+00,-8.333333333333332149e+00,0.000000000000000000e+00,1.100000000000000000e+01,0.000000000000000000e+00,0.000000000000000000e+00,1.666666666666666430e+01,-1.666666666666666430e+01,1.833333333333333215e+01,0.000000000000000000e+00,0.000000000000000000e+00,1.000000000000000000e+00,1.500000000000000000e+00,-1.700000000000000000e+01,0.000000000000000000e+00,1.533333333333333215e+01,0.000000000000000000e+00,0.000000000000000000e+00,0.000000000000000000e+00,0.000000000000000000e+00,1.000000000000000000e+00,0.000000000000000000e+00,0.000000000000000000e+00,0.000000000000000000e+00,0.000000000000000000e+00,-1.500000000000000000e+00,0.000000000000000000e+00,0.000000000000000000e+00,0.000000000000000000e+00,0.000000000000000000e+00,0.000000000000000000e+00,0.000000000000000000e+00,0.000000000000000000e+00,0.000000000000000000e+00,0.000000000000000000e+00,0.000000000000000000e+00,0.000000000000000000e+00,0.000000000000000000e+00,0.000000000000000000e+00,0.000000000000000000e+00
1.000000000000000000e+00,0.000000000000000000e+00,0.000000000000000000e+00,-1.337499999999999911e+00,0.000000000000000000e+00,1.799999999999999822e+00,0.000000000000000000e+00,0.000000000000000000e+00,2.000000000000000000e+00,-2.000000000000000000e+00,2.312500000000000000e+00,0.000000000000000000e+00,0.000000000000000000e+00,1.124999999999999889e-01,0.000000000000000000e+00,-1.762499999999999956e+00,0.000000000000000000e+00,1.299999999999999822e+00,0.000000000000000000e+00,0.000000000000000000e+00,0.000000000000000000e+00,0.000000000000000000e+00,0.000000000000000000e+00,0.000000000000000000e+00,0.000000000000000000e+00,0.000000000000000000e+00,0.000000000000000000e+00,-2.249999999999999778e-01,0.000000000000000000e+00,0.000000000000000000e+00,0.000000000000000000e+00,0.000000000000000000e+00,0.000000000000000000e+00,3.374999999999999667e-01,0.000000000000000000e+00,0.000000000000000000e+00,0.000000000000000000e+00,0.000000000000000000e+00,0.000000000000000000e+00,0.000000000000000000e+00,0.000000000000000000e+00,0.000000000000000000e+00
3.333333333333333148e-01,0.000000000000000000e+00,0.000000000000000000e+00,-5.208333333333332593e-01,0.000000000000000000e+00,7.500000000000000000e-01,0.000000000000000000e+00,0.000000000000000000e+00,1.041666666666666519e+00,-1.041666666666666519e+00,1.052083333333333259e+00,0.000000000000000000e+00,0.000000000000000000e+00,9.375000000000000000e-02,9.375000000000000000e-02,-1.000000000000000000e+00,0.000000000000000000e+00,8.645833333333332593e-01,0.000000000000000000e+00,0.000000000000000000e+00,0.000000000000000000e+00,0.000000000000000000e+00,0.000000000000000000e+00,0.000000000000000000e+00,0.000000000000000000e+00,0.000000000000000000e+00,0.000000000000000000e+00,-9.375000000000000000e-02,0.000000000000000000e+00,0.000000000000000000e+00,0.000000000000000000e+00,0.000000000000000000e+00,0.000000000000000000e+00,0.000000000000000000e+00,0.000000000000000000e+00,0.000000000000000000e+00,0.000000000000000000e+00,0.000000000000000000e+00,0.000000000000000000e+00,9.375000000000000000e-02,0.000000000000000000e+00,0.000000000000000000e+00
8.322981366459626384e-01,0.000000000000000000e+00,0.000000000000000000e+00,-1.000000000000000000e+00,0.000000000000000000e+00,1.341614906832298004e+00,0.000000000000000000e+00,0.000000000000000000e+00,1.664596273291925277e+00,-1.664596273291925277e+00,1.819875776397515521e+00,0.000000000000000000e+00,0.000000000000000000e+00,1.677018633540372505e-01,1.677018633540372505e-01,-1.658385093167701774e+00,0.000000000000000000e+00,1.316770186335403547e+00,0.000000000000000000e+00,0.000000000000000000e+00,0.000000000000000000e+00,0.000000000000000000e+00,0.000000000000000000e+00,0.000000000000000000e+00,0.000000000000000000e+00,0.000000000000000000e+00,0.000000000000000000e+00,-1.677018633540372505e-01,0.000000000000000000e+00,0.000000000000000000e+00,0.000000000000000000e+00,0.000000000000000000e+00,0.000000000000000000e+00,1.677018633540372505e-01,0.000000000000000000e+00,0.000000000000000000e+00,0.000000000000000000e+00,0.000000000000000000e+00,0.000000000000000000e+00,0.000000000000000000e+00,0.000000000000000000e+00,0.000000000000000000e+00
5.499999999999999334e-01,0.000000000000000000e+00,0.000000000000000000e+00,-1.000000000000000000e+00,0.000000000000000000e+00,1.649999999999999911e+00,0.000000000000000000e+00,0.000000000000000000e+00,2.000000000000000000e+00,-2.000000000000000000e+00,1.750000000000000000e+00,0.000000000000000000e+00,0.000000000000000000e+00,7.499999999999999722e-02,0.000000000000000000e+00,-1.500000000000000000e+00,0.000000000000000000e+00,1.299999999999999822e+00,2.249999999999999778e-01,0.000000000000000000e+00,0.000000000000000000e+00,0.000000000000000000e+00,0.000000000000000000e+00,0.000000000000000000e+00,0.000000000000000000e+00,0.000000000000000000e+00,0.000000000000000000e+00,-1.499999999999999944e-01,0.000000000000000000e+00,0.000000000000000000e+00,0.000000000000000000e+00,0.000000000000000000e+00,0.000000000000000000e+00,0.000000000000000000e+00,0.000000000000000000e+00,0.000000000000000000e+00,0.000000000000000000e+00,0.000000000000000000e+00,0.000000000000000000e+00,0.000000000000000000e+00,0.000000000000000000e+00,0.000000000000000000e+00
0.000000000000000000e+00,0.000000000000000000e+00,0.000000000000000000e+00,-5.000000000000000000e-01,0.000000000000000000e+00,4.888888888888888729e-01,0.000000000000000000e+00,0.000000000000000000e+00,1.000000000000000000e+00,-1.000000000000000000e+00,5.999999999999999778e-01,0.000000000000000000e+00,0.000000000000000000e+00,2.222222222222221960e-02,0.000000000000000000e+00,-6.888888888888888840e-01,0.000000000000000000e+00,8.333333333333332593e-01,6.666666666666666574e-02,0.000000000000000000e+00,0.000000000000000000e+00,0.000000000000000000e+00,0.000000000000000000e+00,3.666666666666666408e-01,0.000000000000000000e+00,0.000000000000000000e+00,0.000000000000000000e+00,-4.444444444444443920e-02,0.000000000000000000e+00,0.000000000000000000e+00,0.000000000000000000e+00,0.000000000000000000e+00,0.000000000000000000e+00,0.000000000000000000e+00,0.000000000000000000e+00,0.000000000000000000e+00,0.000000000000000000e+00,0.000000000000000000e+00,0.000000000000000000e+00,0.000000000000000000e+00,0.000000000000000000e+00,0.000000000000000000e+00
2.592592592592592449e-01,0.000000000000000000e+00,0.000000000000000000e+00,-5.925925925925925597e-01,0.000000000000000000e+00,8.888888888888888395e-01,0.000000000000000000e+00,0.000000000000000000e+00,1.185185185185185119e+00,-1.185185185185185119e+00,1.203703703703703498e+00,0.000000000000000000e+00,0.000000000000000000e+00,5.555555555555555247e-02,0.000000000000000000e+00,-1.000000000000000000e+00,0.000000000000000000e+00,8.703703703703703498e-01,0.000000000000000000e+00,0.000000000000000000e+00,0.000000000000000000e+00,0.000000000000000000e+00,0.000000000000000000e+00,0.000000000000000000e+00,0.000000000000000000e+00,0.000000000000000000e+00,0.000000000000000000e+00,-1.111111111111111049e-01,0.000000000000000000e+00,0.000000000000000000e+00,0.000000000000000000e+00,0.000000000000000000e+00,0.000000000000000000e+00,0.000000000000000000e+00,0.000000000000000000e+00,0.000000000000000000e+00,0.000000000000000000e+00,0.000000000000000000e+00,0.000000000000000000e+00,1.666666666666666574e-01,0.000000000000000000e+00,0.000000000000000000e+00
0.000000000000000000e+00,0.000000000000000000e+00,0.000000000000000000e+00,-5.000000000000000000e-01,0.000000000000000000e+00,3.999999999999999667e-01,0.000000000000000000e+00,0.000000000000000000e+00,1.000000000000000000e+00,-1.000000000000000000e+00,6.499999999999999112e-01,0.000000000000000000e+00,0.000000000000000000e+00,4.999999999999999584e-02,4.999999999999999584e-02,-7.999999999999999334e-01,0.000000000000000000e+00,9.499999999999999556e-01,0.000000000000000000e+00,0.000000000000000000e+00,0.000000000000000000e+00,0.000000000000000000e+00,0.000000000000000000e+00,3.999999999999999667e-01,0.000000000000000000e+00,0.000000000000000000e+00,0.000000000000000000e+00,-4.999999999999999584e-02,0.000000000000000000e+00,0.000000000000000000e+00,0.000000000000000000e+00,0.000000000000000000e+00,0.000000000000000000e+00,0.000000000000000000e+00,0.000000000000000000e+00,0.000000000000000000e+00,0.000000000000000000e+00,0.000000000000000000e+00,0.000000000000000000e+00,4.999999999999999584e-02,0.000000000000000000e+00,0.000000000000000000e+00
0.000000000000000000e+00,0.000000000000000000e+00,0.000000000000000000e+00,-1.125000000000000000e+00,0.000000000000000000e+00,3.625000000000000000e+00,0.000000000000000000e+00,0.000000000000000000e+00,2.587500000000000000e+01,-2.587500000000000000e+01,0.000000000000000000e+00,0.000000000000000000e+00,0.000000000000000000e+00,4.375000000000000000e-01,-1.096875000000000000e+01,-1.000000000000000000e+00,0.000000000000000000e+00,2.250000000000000000e+01,0.000000000000000000e+00,0.000000000000000000e+00,0.000000000000000000e+00,3.750000000000000000e-01,0.000000000000000000e+00,0.000000000000000000e+00,0.000000000000000000e+00,0.000000000000000000e+00,0.000000000000000000e+00,-4.062500000000000000e-01,0.000000000000000000e+00,0.000000000000000000e+00,0.000000000000000000e+00,0.000000000000000000e+00,0.000000000000000000e+00,0.000000000000000000e+00,0.000000000000000000e+00,0.000000000000000000e+00,0.000000000000000000e+00,0.000000000000000000e+00,0.000000000000000000e+00,0.000000000000000000e+00,0.000000000000000000e+00,0.000000000000000000e+00
0.000000000000000000e+00,0.000000000000000000e+00,0.000000000000000000e+00,-6.875000000000000000e-01,0.000000000000000000e+00,6.666666666666666297e-01,0.000000000000000000e+00,0.000000000000000000e+00,1.375000000000000000e+00,-1.375000000000000000e+00,1.000000000000000000e+00,0.000000000000000000e+00,0.000000000000000000e+00,4.166666666666666435e-02,0.000000000000000000e+00,-1.041666666666666519e+00,0.000000000000000000e+00,1.187500000000000000e+00,0.000000000000000000e+00,0.000000000000000000e+00,0.000000000000000000e+00,0.000000000000000000e+00,0.000000000000000000e+00,4.375000000000000000e-01,0.000000000000000000e+00,0.000000000000000000e+00,0.000000000000000000e+00,-8.333333333333332871e-02,0.000000000000000000e+00,0.000000000000000000e+00,0.000000000000000000e+00,0.000000000000000000e+00,0.000000000000000000e+00,0.000000000000000000e+00,0.000000000000000000e+00,0.000000000000000000e+00,0.000000000000000000e+00,0.000000000000000000e+00,0.000000000000000000e+00,1.250000000000000000e-01,0.000000000000000000e+00,0.000000000000000000e+00
0.000000000000000000e+00,0.000000000000000000e+00,0.000000000000000000e+00,-1.000000000000000000e+00,0.000000000000000000e+00,3.000000000000000000e+00,0.000000000000000000e+00,0.000000000000000000e+00,2.050000000000000000e+01,-2.050000000000000000e+01,0.000000000000000000e+00,0.000000000000000000e+00,0.000000000000000000e+00,2.500000000000000000e-01,-9.125000000000000000e+00,-5.000000000000000000e-01,0.000000000000000000e+00,1.750000000000000000e+01,0.000000000000000000e+00,0.000000000000000000e+00,0.000000000000000000e+00,0.000000000000000000e+00,0.000000000000000000e+00,0.000000000000000000e+00,0.000000000000000000e+00,0.000000000000000000e+00,0.000000000000000000e+00,-3.750000000000000000e-01,0.000000000000000000e+00,0.000000000000000000e+00,0.000000000000000000e+00,0.000000000000000000e+00,0.000000000000000000e+00,0.000000000000000000e+00,0.000000000000000000e+00,0.000000000000000000e+00,0.000000000000000000e+00,0.000000000000000000e+00,0.000000000000000000e+00,5.000000000000000000e-01,0.000000000000000000e+00,0.000000000000000000e+00
1.000000000000000000e+00,0.000000000000000000e+00,0.000000000000000000e+00,-1.833333333333333259e+00,0.000000000000000000e+00,4.333333333333333037e+00,0.000000000000000000e+00,0.000000000000000000e+00,2.694444444444444287e+01,-2.694444444444444287e+01,0.000000000000000000e+00,0.000000000000000000e+00,0.000000000000000000e+00,2.500000000000000000e-01,-1.251388888888888751e+01,0.000000000000000000e+00,0.000000000000000000e+00,2.244444444444444287e+01,0.000000000000000000e+00,0.000000000000000000e+00,0.000000000000000000e+00,0.000000000000000000e+00,0.000000000000000000e+00,0.000000000000000000e+00,0.000000000000000000e+00,0.000000000000000000e+00,0.000000000000000000e+00,-5.416666666666666297e-01,0.000000000000000000e+00,0.000000000000000000e+00,0.000000000000000000e+00,0.000000000000000000e+00,0.000000000000000000e+00,8.333333333333332593e-01,0.000000000000000000e+00,0.000000000000000000e+00,0.000000000000000000e+00,0.000000000000000000e+00,0.000000000000000000e+00,0.000000000000000000e+00,0.000000000000000000e+00,0.000000000000000000e+00
0.000000000000000000e+00,0.000000000000000000e+00,0.000000000000000000e+00,-4.333333333333333037e+00,0.000000000000000000e+00,1.233333333333333215e+01,0.000000000000000000e+00,0.000000000000000000e+00,8.011111111111110006e+01,-8.011111111111110006e+01,0.000000000000000000e+00,0.000000000000000000e+00,0.000000000000000000e+00,5.000000000000000000e-01,-3.647222222222222143e+01,0.000000000000000000e+00,0.000000000000000000e+00,6.711111111111110006e+01,0.000000000000000000e+00,0.000000000000000000e+00,0.000000000000000000e+00,1.000000000000000000e+00,0.000000000000000000e+00,0.000000000000000000e+00,0.000000000000000000e+00,0.000000000000000000e+00,0.000000000000000000e+00,-1.416666666666666519e+00,0.000000000000000000e+00,0.000000000000000000e+00,0.000000000000000000e+00,0.000000000000000000e+00,0.000000000000000000e+00,1.333333333333333259e+00,0.000000000000000000e+00,0.000000000000000000e+00,0.000000000000000000e+00,0.000000000000000000e+00,0.000000000000000000e+00,0.000000000000000000e+00,0.000000000000000000e+00,0.000000000000000000e+00
0.000000000000000000e+00,0.000000000000000000e+00,0.000000000000000000e+00,-1.000000000000000000e+00,0.000000000000000000e+00,2.799999999999999822e+00,0.000000000000000000e+00,0.000000000000000000e+00,1.806666666666666643e+01,-1.806666666666666643e+01,0.000000000000000000e+00,0.000000000000000000e+00,0.000000000000000000e+00,9.999999999999999167e-02,-8.383333333333332860e+00,0.000000000000000000e+00,0.000000000000000000e+00,1.506666666666666643e+01,0.000000000000000000e+00,0.000000000000000000e+00,0.000000000000000000e+00,0.000000000000000000e+00,0.000000000000000000e+00,0.000000000000000000e+00,0.000000000000000000e+00,0.000000000000000000e+00,0.000000000000000000e+00,-3.499999999999999778e-01,0.000000000000000000e+00,0.000000000000000000e+00,0.000000000000000000e+00,0.000000000000000000e+00,0.000000000000000000e+00,1.999999999999999833e-01,0.000000000000000000e+00,0.000000000000000000e+00,0.000000000000000000e+00,0.000000000000000000e+00,0.000000000000000000e+00,3.999999999999999667e-01,0.000000000000000000e+00,0.000000000000000000e+00
1.000000000000000000e+00,0.000000000000000000e+00,0.000000000000000000e+00,-1.000000000000000000e+00,0.000000000000000000e+00,2.666666666666666519e+00,0.000000000000000000e+00,0.000000000000000000e+00,2.000000000000000000e+01,-2.000000000000000000e+01,0.000000000000000000e+00,0.000000000000000000e+00,0.000000000000000000e+00,6.666666666666666297e-01,-8.000000000000000000e+00,-1.666666666666666519e+00,0.000000000000000000e+00,1.800000000000000000e+01,0.000000000000000000e+00,0.000000000000000000e+00,0.000000000000000000e+00,0.000000000000000000e+00,0.000000000000000000e+00,0.000000000000000000e+00,0.000000000000000000e+00,0.000000000000000000e+00,0.000000000000000000e+00,-3.333333333333333148e-01,0.000000000000000000e+00,0.000000000000000000e+00,0.000000000000000000e+00,0.000000000000000000e+00,0.000000000000000000e+00,0.000000000000000000e+00,0.000000000000000000e+00,0.000000000000000000e+00,0.000000000000000000e+00,0.000000000000000000e+00,0.000000000000000000e+00,0.000000000000000000e+00,0.000000000000000000e+00,0.000000000000000000e+00
0.000000000000000000e+00,0.000000000000000000e+00,0.000000000000000000e+00,-6.071428571428570953e-01,0.000000000000000000e+00,1.027777777777777679e+00,0.000000000000000000e+00,0.000000000000000000e+00,1.428571428571428381e+00,-1.428571428571428381e+00,1.392857142857142794e+00,0.000000000000000000e+00,0.000000000000000000e+00,3.968253968253968034e-03,0.000000000000000000e+00,-1.003968253968253954e+00,0.000000000000000000e+00,1.000000000000000000e+00,0.000000000000000000e+00,0.000000000000000000e+00,0.000000000000000000e+00,2.023809523809523558e-01,0.000000000000000000e+00,0.000000000000000000e+00,0.000000000000000000e+00,0.000000000000000000e+00,0.000000000000000000e+00,-1.031746031746031689e-01,0.000000000000000000e+00,0.000000000000000000e+00,0.000000000000000000e+00,0.000000000000000000e+00,0.000000000000000000e+00,0.000000000000000000e+00,0.000000000000000000e+00,0.000000000000000000e+00,0.000000000000000000e+00,0.000000000000000000e+00,0.000000000000000000e+00,0.000000000000000000e+00,0.000000000000000000e+00,0.000000000000000000e+00
3.269230769230768718e-01,0.000000000000000000e+00,0.000000000000000000e+00,-3.269230769230768718e-01,0.000000000000000000e+00,4.615384615384615086e-01,0.000000000000000000e+00,0.000000000000000000e+00,1.000000000000000000e+00,-1.000000000000000000e+00,6.153846153846153078e-01,0.000000000000000000e+00,0.000000000000000000e+00,1.153846153846153771e-01,0.000000000000000000e+00,-7.500000000000000000e-01,0.000000000000000000e+00,9.615384615384614531e-01,0.000000000000000000e+00,0.000000000000000000e+00,0.000000000000000000e+00,0.000000000000000000e+00,0.000000000000000000e+00,0.000000000000000000e+00,0.000000000000000000e+00,0.000000000000000000e+00,0.000000000000000000e+00,-5.769230769230768857e-02,0.000000000000000000e+00,0.000000000000000000e+00,0.000000000000000000e+00,0.000000000000000000e+00,0.000000000000000000e+00,0.000000000000000000e+00,0.000000000000000000e+00,0.000000000000000000e+00,0.000000000000000000e+00,0.000000000000000000e+00,0.000000000000000000e+00,0.000000000000000000e+00,0.000000000000000000e+00,0.000000000000000000e+00
3.714285714285713857e-01,0.000000000000000000e+00,0.000000000000000000e+00,-3.714285714285713857e-01,0.000000000000000000e+00,5.142857142857142350e-01,0.000000000000000000e+00,0.000000000000000000e+00,1.000000000000000000e+00,-1.000000000000000000e+00,7.142857142857141906e-01,0.000000000000000000e+00,0.000000000000000000e+00,1.285714285714285587e-01,6.428571428571427937e-02,-8.571428571428570953e-01,0.000000000000000000e+00,9.714285714285714191e-01,0.000000000000000000e+00,0.000000000000000000e+00,0.000000000000000000e+00,0.000000000000000000e+00,0.000000000000000000e+00,0.000000000000000000e+00,0.000000000000000000e+00,0.000000000000000000e+00,0.000000000000000000e+00,-6.428571428571427937e-02,0.000000000000000000e+00,0.000000000000000000e+00,0.000000000000000000e+00,0.000000000000000000e+00,0.000000000000000000e+00,0.000000000000000000e+00,0.000000000000000000e+00,0.000000000000000000e+00,0.000000000000000000e+00,0.000000000000000000e+00,0.000000000000000000e+00,0.000000000000000000e+00,0.000000000000000000e+00,0.000000000000000000e+00
0.000000000000000000e+00,0.000000000000000000e+00,0.000000000000000000e+00,-6.666666666666666574e-02,0.000000000000000000e+00,1.999999999999999833e-01,0.000000000000000000e+00,0.000000000000000000e+00,1.000000000000000000e+00,-1.000000000000000000e+00,0.000000000000000000e+00,0.000000000000000000e+00,0.000000000000000000e+00,0.000000000000000000e+00,-4.499999999999999556e-01,0.000000000000000000e+00,0.000000000000000000e+00,7.999999999999999334e-01,3.333333333333333287e-02,0.000000000000000000e+00,0.000000000000000000e+00,0.000000000000000000e+00,0.000000000000000000e+00,0.000000000000000000e+00,0.000000000000000000e+00,0.000000000000000000e+00,0.000000000000000000e+00,-1.666666666666666644e-02,0.000000000000000000e+00,0.000000000000000000e+00,0.000000000000000000e+00,0.000000000000000000e+00,0.000000000000000000e+00,0.000000000000000000e+00,0.000000000000000000e+00,0.000000000000000000e+00,0.000000000000000000e+00,0.000000000000000000e+00,0.000000000000000000e+00,0.000000000000000000e+00,0.000000000000000000e+00,0.000000000000000000e+00
0.000000000000000000e+00,0.000000000000000000e+00,0.000000000000000000e+00,-3.000000000000000000e+00,0.000000000000000000e+00,5.000000000000000000e+00,0.000000000000000000e+00,0.000000000000000000e+00,6.000000000000000000e+00,-6.000000000000000000e+00,7.000000000000000000e+00,0.000000000000000000e+00,0.000000000000000000e+00,0.000000000000000000e+00,5.000000000000000000e-01,-5.000000000000000000e+00,0.000000000000000000e+00,4.000000000000000000e+00,0.000000000000000000e+00,0.000000000000000000e+00,0.000000000000000000e+00,1.000000000000000000e+00,0.000000000000000000e+00,0.000000000000000000e+00,0.000000000000000000e+00,0.000000000000000000e+00,0.000000000000000000e+00,-5.000000000000000000e-01,0.000000000000000000e+00,0.000000000000000000e+00,0.000000000000000000e+00,0.000000000000000000e+00,0.000000000000000000e+00,0.000000000000000000e+00,0.000000000000000000e+00,0.000000000000000000e+00,0.000000000000000000e+00,0.000000000000000000e+00,0.000000000000000000e+00,0.000000000000000000e+00,0.000000000000000000e+00,0.000000000000000000e+00
0.000000000000000000e+00,0.000000000000000000e+00,0.000000000000000000e+00,-5.000000000000000000e-01,0.000000000000000000e+00,3.684210526315789269e-01,0.000000000000000000e+00,0.000000000000000000e+00,1.000000000000000000e+00,-1.000000000000000000e+00,7.368421052631578538e-01,0.000000000000000000e+00,0.000000000000000000e+00,0.000000000000000000e+00,0.000000000000000000e+00,-7.894736842105262165e-01,0.000000000000000000e+00,9.736842105263157077e-01,0.000000000000000000e+00,0.000000000000000000e+00,0.000000000000000000e+00,0.000000000000000000e+00,5.263157894736841813e-02,3.947368421052631082e-01,0.000000000000000000e+00,0.000000000000000000e+00,0.000000000000000000e+00,-5.263157894736841813e-02,0.000000000000000000e+00,0.000000000000000000e+00,0.000000000000000000e+00,0.000000000000000000e+00,0.000000000000000000e+00,0.000000000000000000e+00,0.000000000000000000e+00,0.000000000000000000e+00,0.000000000000000000e+00,0.000000000000000000e+00,0.000000000000000000e+00,0.000000000000000000e+00,0.000000000000000000e+00,0.000000000000000000e+00
3.125000000000000000e-01,0.000000000000000000e+00,0.000000000000000000e+00,-5.000000000000000000e-01,0.000000000000000000e+00,6.562500000000000000e-01,0.000000000000000000e+00,0.000000000000000000e+00,1.000000000000000000e+00,-1.000000000000000000e+00,1.156250000000000000e+00,0.000000000000000000e+00,0.000000000000000000e+00,0.000000000000000000e+00,0.000000000000000000e+00,-9.375000000000000000e-01,0.000000000000000000e+00,8.750000000000000000e-01,0.000000000000000000e+00,0.000000000000000000e+00,0.000000000000000000e+00,0.000000000000000000e+00,9.375000000000000000e-02,0.000000000000000000e+00,0.000000000000000000e+00,0.000000000000000000e+00,0.000000000000000000e+00,-9.375000000000000000e-02,0.000000000000000000e+00,0.000000000000000000e+00,0.000000000000000000e+00,0.000000000000000000e+00,0.000000000000000000e+00,0.000000000000000000e+00,0.000000000000000000e+00,0.000000000000000000e+00,0.000000000000000000e+00,0.000000000000000000e+00,0.000000000000000000e+00,0.000000000000000000e+00,0.000000000000000000e+00,0.000000000000000000e+00
0.000000000000000000e+00,0.000000000000000000e+00,0.000000000000000000e+00,-7.769230769230768274e-01,0.000000000000000000e+00,8.307692307692307043e-01,0.000000000000000000e+00,0.000000000000000000e+00,1.369230769230769029e+00,-1.369230769230769029e+00,1.184615384615384404e+00,0.000000000000000000e+00,0.000000000000000000e+00,0.000000000000000000e+00,0.000000000000000000e+00,-1.000000000000000000e+00,0.000000000000000000e+00,1.038461538461538325e+00,0.000000000000000000e+00,0.000000000000000000e+00,0.000000000000000000e+00,9.230769230769229894e-02,0.000000000000000000e+00,4.076923076923076872e-01,0.000000000000000000e+00,0.000000000000000000e+00,0.000000000000000000e+00,-9.230769230769229894e-02,0.000000000000000000e+00,0.000000000000000000e+00,0.000000000000000000e+00,0.000000000000000000e+00,0.000000000000000000e+00,9.230769230769229894e-02,0.000000000000000000e+00,0.000000000000000000e+00,0.000000000000000000e+00,0.000000000000000000e+00,0.000000000000000000e+00,0.000000000000000000e+00,0.000000000000000000e+00,0.000000000000000000e+00
0.000000000000000000e+00,0.000000000000000000e+00,0.000000000000000000e+00,-8.250000000000000000e+00,0.000000000000000000e+00,1.100000000000000000e+01,0.000000000000000000e+00,0.000000000000000000e+00,1.650000000000000000e+01,-1.650000000000000000e+01,1.350000000000000000e+01,0.000000000000000000e+00,0.000000000000000000e+00,0.000000000000000000e+00,0.000000000000000000e+00,-1.150000000000000000e+01,0.000000000000000000e+00,1.175000000000000000e+01,1.000000000000000000e+00,0.000000000000000000e+00,0.000000000000000000e+00,1.000000000000000000e+00,0.000000000000000000e+00,3.250000000000000000e+00,0.000000000000000000e+00,0.000000000000000000e+00,0.000000000000000000e+00,-1.000000000000000000e+00,0.000000000000000000e+00,0.000000000000000000e+00,0.000000000000000000e+00,0.000000000000000000e+00,0.000000000000000000e+00,0.000000000000000000e+00,0.000000000000000000e+00,0.000000000000000000e+00,0.000000000000000000e+00,0.000000000000000000e+00,0.000000000000000000e+00,0.000000000000000000e+00,0.000000000000000000e+00,0.000000000000000000e+00
0.000000000000000000e+00,0.000000000000000000e+00,0.000000000000000000e+00,-7.142857142857141906e-01,0.000000000000000000e+00,1.028571428571428470e+00,0.000000000000000000e+00,0.000000000000000000e+00,1.428571428571428381e+00,-1.428571428571428381e+00,1.428571428571428381e+00,0.000000000000000000e+00,0.000000000000000000e+00,0.000000000000000000e+00,0.000000000000000000e+00,-1.085714285714285632e+00,0.000000000000000000e+00,1.000000000000000000e+00,0.000000000000000000e+00,0.000000000000000000e+00,0.000000000000000000e+00,1.142857142857142821e-01,0.000000000000000000e+00,1.428571428571428492e-01,0.000000000000000000e+00,0.000000000000000000e+00,0.000000000000000000e+00,-1.142857142857142821e-01,0.000000000000000000e+00,0.000000000000000000e+00,0.000000000000000000e+00,0.000000000000000000e+00,0.000000000000000000e+00,0.000000000000000000e+00,0.000000000000000000e+00,0.000000000000000000e+00,0.000000000000000000e+00,0.000000000000000000e+00,0.000000000000000000e+00,1.142857142857142821e-01,0.000000000000000000e+00,0.000000000000000000e+00
3.291925465838508869e-01,0.000000000000000000e+00,0.000000000000000000e+00,-1.000000000000000000e+00,0.000000000000000000e+00,1.509316770186335255e+00,0.000000000000000000e+00,0.000000000000000000e+00,1.664596273291925277e+00,-1.664596273291925277e+00,1.987577639751552772e+00,0.000000000000000000e+00,0.000000000000000000e+00,0.000000000000000000e+00,0.000000000000000000e+00,-1.322981366459627273e+00,0.000000000000000000e+00,9.813664596273291574e-01,0.000000000000000000e+00,0.000000000000000000e+00,0.000000000000000000e+00,1.677018633540372505e-01,0.000000000000000000e+00,0.000000000000000000e+00,0.000000000000000000e+00,0.000000000000000000e+00,0.000000000000000000e+00,-1.677018633540372505e-01,0.000000000000000000e+00,0.000000000000000000e+00,0.000000000000000000e+00,0.000000000000000000e+00,0.000000000000000000e+00,1.677018633540372505e-01,0.000000000000000000e+00,0.000000000000000000e+00,0.000000000000000000e+00,0.000000000000000000e+00,0.000000000000000000e+00,0.000000000000000000e+00,0.000000000000000000e+00,0.000000000000000000e+00
1.547619047619047394e-01,0.000000000000000000e+00,0.000000000000000000e+00,-6.904761904761904656e-01,0.000000000000000000e+00,1.178571428571428381e+00,0.000000000000000000e+00,0.000000000000000000e+00,1.380952380952380931e+00,-1.380952380952380931e+00,1.369047619047618847e+00,0.000000000000000000e+00,0.000000000000000000e+00,0.000000000000000000e+00,0.000000000000000000e+00,-1.000000000000000000e+00,0.000000000000000000e+00,8.333333333333332593e-01,1.071428571428571369e-01,0.000000000000000000e+00,0.000000000000000000e+00,1.071428571428571369e-01,0.000000000000000000e+00,0.000000000000000000e+00,0.000000000000000000e+00,0.000000000000000000e+00,0.000000000000000000e+00,-1.071428571428571369e-01,0.000000000000000000e+00,0.000000000000000000e+00,0.000000000000000000e+00,0.000000000000000000e+00,0.000000000000000000e+00,0.000000000000000000e+00,0.000000000000000000e+00,0.000000000000000000e+00,0.000000000000000000e+00,0.000000000000000000e+00,0.000000000000000000e+00,0.000000000000000000e+00,0.000000000000000000e+00,0.000000000000000000e+00
6.410256410256409687e-02,0.000000000000000000e+00,0.000000000000000000e+00,-6.410256410256409687e-01,0.000000000000000000e+00,1.038461538461538325e+00,0.000000000000000000e+00,0.000000000000000000e+00,1.282051282051281937e+00,-1.282051282051281937e+00,1.410256410256410131e+00,0.000000000000000000e+00,0.000000000000000000e+00,0.000000000000000000e+00,0.000000000000000000e+00,-1.000000000000000000e+00,0.000000000000000000e+00,8.333333333333332593e-01,0.000000000000000000e+00,0.000000000000000000e+00,0.000000000000000000e+00,1.153846153846153771e-01,0.000000000000000000e+00,0.000000000000000000e+00,0.000000000000000000e+00,0.000000000000000000e+00,0.000000000000000000e+00,-1.153846153846153771e-01,0.000000000000000000e+00,0.000000000000000000e+00,0.000000000000000000e+00,0.000000000000000000e+00,0.000000000000000000e+00,0.000000000000000000e+00,0.000000000000000000e+00,0.000000000000000000e+00,0.000000000000000000e+00,0.000000000000000000e+00,0.000000000000000000e+00,1.153846153846153771e-01,0.000000000000000000e+00,0.000000000000000000e+00
0.000000000000000000e+00,0.000000000000000000e+00,0.000000000000000000e+00,-5.000000000000000000e-01,0.000000000000000000e+00,5.714285714285713969e-01,0.000000000000000000e+00,0.000000000000000000e+00,1.000000000000000000e+00,-1.000000000000000000e+00,6.190476190476189577e-01,0.000000000000000000e+00,0.000000000000000000e+00,0.000000000000000000e+00,-4.761904761904761640e-02,-6.190476190476189577e-01,0.000000000000000000e+00,7.380952380952380265e-01,9.523809523809523281e-02,0.000000000000000000e+00,0.000000000000000000e+00,0.000000000000000000e+00,0.000000000000000000e+00,3.095238095238094789e-01,0.000000000000000000e+00,0.000000000000000000e+00,0.000000000000000000e+00,-4.761904761904761640e-02,0.000000000000000000e+00,0.000000000000000000e+00,0.000000000000000000e+00,0.000000000000000000e+00,0.000000000000000000e+00,0.000000000000000000e+00,0.000000000000000000e+00,0.000000000000000000e+00,0.000000000000000000e+00,0.000000000000000000e+00,0.000000000000000000e+00,0.000000000000000000e+00,0.000000000000000000e+00,0.000000000000000000e+00
0.000000000000000000e+00,0.000000000000000000e+00,0.000000000000000000e+00,-5.909090909090908283e-01,0.000000000000000000e+00,7.272727272727271819e-01,0.000000000000000000e+00,0.000000000000000000e+00,1.181818181818181657e+00,-1.181818181818181657e+00,1.000000000000000000e+00,0.000000000000000000e+00,0.000000000000000000e+00,0.000000000000000000e+00,-9.090909090909089774e-02,-8.181818181818181213e-01,0.000000000000000000e+00,8.636363636363635354e-01,0.000000000000000000e+00,0.000000000000000000e+00,0.000000000000000000e+00,0.000000000000000000e+00,0.000000000000000000e+00,2.272727272727272652e-01,0.000000000000000000e+00,0.000000000000000000e+00,0.000000000000000000e+00,-9.090909090909089774e-02,0.000000000000000000e+00,0.000000000000000000e+00,0.000000000000000000e+00,0.000000000000000000e+00,0.000000000000000000e+00,0.000000000000000000e+00,0.000000000000000000e+00,0.000000000000000000e+00,0.000000000000000000e+00,0.000000000000000000e+00,0.000000000000000000e+00,1.818181818181817955e-01,0.000000000000000000e+00,0.000000000000000000e+00
6.624999999999999778e-01,0.000000000000000000e+00,0.000000000000000000e+00,-1.000000000000000000e+00,0.000000000000000000e+00,1.349999999999999867e+00,0.000000000000000000e+00,0.000000000000000000e+00,1.324999999999999956e+00,-1.324999999999999956e+00,1.637499999999999956e+00,0.000000000000000000e+00,0.000000000000000000e+00,0.000000000000000000e+00,-1.687499999999999833e-01,-9.749999999999999778e-01,0.000000000000000000e+00,6.250000000000000000e-01,0.000000000000000000e+00,0.000000000000000000e+00,0.000000000000000000e+00,0.000000000000000000e+00,0.000000000000000000e+00,0.000000000000000000e+00,0.000000000000000000e+00,0.000000000000000000e+00,0.000000000000000000e+00,-1.687499999999999833e-01,0.000000000000000000e+00,0.000000000000000000e+00,0.000000000000000000e+00,0.000000000000000000e+00,0.000000000000000000e+00,3.374999999999999667e-01,0.000000000000000000e+00,0.000000000000000000e+00,0.000000000000000000e+00,0.000000000000000000e+00,0.000000000000000000e+00,0.000000000000000000e+00,0.000000000000000000e+00,0.000000000000000000e+00
1.444444444444444420e+00,0.000000000000000000e+00,0.000000000000000000e+00,-3.444444444444444198e+00,0.000000000000000000e+00,6.000000000000000000e+00,0.000000000000000000e+00,0.000000000000000000e+00,6.888888888888888395e+00,-6.888888888888888395e+00,5.777777777777777679e+00,0.000000000000000000e+00,0.000000000000000000e+00,0.000000000000000000e+00,-5.000000000000000000e-01,-4.333333333333333037e+00,0.000000000000000000e+00,3.777777777777777679e+00,1.000000000000000000e+00,0.000000000000000000e+00,0.000000000000000000e+00,0.000000000000000000e+00,0.000000000000000000e+00,0.000000000000000000e+00,0.000000000000000000e+00,0.000000000000000000e+00,0.000000000000000000e+00,-5.000000000000000000e-01,0.000000000000000000e+00,0.000000000000000000e+00,0.000000000000000000e+00,0.000000000000000000e+00,0.000000000000000000e+00,0.000000000000000000e+00,0.000000000000000000e+00,0.000000000000000000e+00,0.000000000000000000e+00,0.000000000000000000e+00,0.000000000000000000e+00,0.000000000000000000e+00,0.000000000000000000e+00,0.000000000000000000e+00
0.000000000000000000e+00,0.000000000000000000e+00,0.000000000000000000e+00,-1.428571428571428492e-01,0.000000000000000000e+00,2.857142857142856984e-01,0.000000000000000000e+00,0.000000000000000000e+00,1.000000000000000000e+00,-1.000000000000000000e+00,2.142857142857142738e-01,0.000000000000000000e+00,0.000000000000000000e+00,0.000000000000000000e+00,-3.928571428571428492e-01,-1.428571428571428492e-01,0.000000000000000000e+00,7.857142857142856984e-01,0.000000000000000000e+00,0.000000000000000000e+00,0.000000000000000000e+00,0.000000000000000000e+00,0.000000000000000000e+00,0.000000000000000000e+00,0.000000000000000000e+00,0.000000000000000000e+00,0.000000000000000000e+00,-3.571428571428571230e-02,0.000000000000000000e+00,0.000000000000000000e+00,0.000000000000000000e+00,0.000000000000000000e+00,0.000000000000000000e+00,0.000000000000000000e+00,0.000000000000000000e+00,0.000000000000000000e+00,0.000000000000000000e+00,0.000000000000000000e+00,0.000000000000000000e+00,7.142857142857142461e-02,0.000000000000000000e+00,0.000000000000000000e+00
1.515151515151514916e-01,0.000000000000000000e+00,0.000000000000000000e+00,-6.969696969696969058e-01,0.000000000000000000e+00,1.090909090909090828e+00,0.000000000000000000e+00,0.000000000000000000e+00,1.393939393939393812e+00,-1.393939393939393812e+00,1.424242424242424088e+00,0.000000000000000000e+00,0.000000000000000000e+00,0.000000000000000000e+00,-1.363636363636363535e-01,-1.000000000000000000e+00,0.000000000000000000e+00,8.787878787878787845e-01,0.000000000000000000e+00,0.000000000000000000e+00,0.000000000000000000e+00,0.000000000000000000e+00,0.000000000000000000e+00,0.000000000000000000e+00,0.000000000000000000e+00,0.000000000000000000e+00,0.000000000000000000e+00,-1.363636363636363535e-01,0.000000000000000000e+00,0.000000000000000000e+00,0.000000000000000000e+00,0.000000000000000000e+00,0.000000000000000000e+00,0.000000000000000000e+00,0.000000000000000000e+00,0.000000000000000000e+00,0.000000000000000000e+00,0.000000000000000000e+00,0.000000000000000000e+00,2.727272727272727071e-01,0.000000000000000000e+00,0.000000000000000000e+00
0.000000000000000000e+00,0.000000000000000000e+00,0.000000000000000000e+00,-4.098360655737704611e-02,0.000000000000000000e+00,1.147540983606557263e-01,0.000000000000000000e+00,0.000000000000000000e+00,1.000000000000000000e+00,-1.000000000000000000e+00,0.000000000000000000e+00,0.000000000000000000e+00,0.000000000000000000e+00,0.000000000000000000e+00,-4.590163934426229053e-01,-1.639344262295081706e-02,0.000000000000000000e+00,8.770491803278688270e-01,0.000000000000000000e+00,0.000000000000000000e+00,0.000000000000000000e+00,0.000000000000000000e+00,1.639344262295081706e-02,8.196721311475408528e-03,0.000000000000000000e+00,0.000000000000000000e+00,0.000000000000000000e+00,-1.639344262295081706e-02,0.000000000000000000e+00,0.000000000000000000e+00,0.000000000000000000e+00,0.000000000000000000e+00,0.000000000000000000e+00,0.000000000000000000e+00,0.000000000000000000e+00,0.000000000000000000e+00,0.000000000000000000e+00,0.000000000000000000e+00,0.000000000000000000e+00,0.000000000000000000e+00,0.000000000000000000e+00,0.000000000000000000e+00
2.500000000000000000e-01,0.000000000000000000e+00,0.000000000000000000e+00,-1.000000000000000000e+00,0.000000000000000000e+00,2.750000000000000000e+00,0.000000000000000000e+00,0.000000000000000000e+00,2.083333333333333215e+01,-2.083333333333333215e+01,0.000000000000000000e+00,0.000000000000000000e+00,0.000000000000000000e+00,0.000000000000000000e+00,-9.791666666666666075e+00,0.000000000000000000e+00,0.000000000000000000e+00,1.783333333333333215e+01,0.000000000000000000e+00,0.000000000000000000e+00,0.000000000000000000e+00,0.000000000000000000e+00,2.500000000000000000e-01,0.000000000000000000e+00,0.000000000000000000e+00,0.000000000000000000e+00,0.000000000000000000e+00,-3.750000000000000000e-01,0.000000000000000000e+00,0.000000000000000000e+00,0.000000000000000000e+00,0.000000000000000000e+00,0.000000000000000000e+00,2.500000000000000000e-01,0.000000000000000000e+00,0.000000000000000000e+00,0.000000000000000000e+00,0.000000000000000000e+00,0.000000000000000000e+00,0.000000000000000000e+00,0.000000000000000000e+00,0.000000000000000000e+00
1.111111111111111049e-01,0.000000000000000000e+00,0.000000000000000000e+00,-1.000000000000000000e+00,0.000000000000000000e+00,3.111111111111110716e+00,0.000000000000000000e+00,0.000000000000000000e+00,2.666666666666666430e+01,-2.666666666666666430e+01,0.000000000000000000e+00,0.000000000000000000e+00,0.000000000000000000e+00,0.000000000000000000e+00,-1.233333333333333215e+01,-3.333333333333333148e-01,0.000000000000000000e+00,2.333333333333333215e+01,0.000000000000000000e+00,0.000000000000000000e+00,0.000000000000000000e+00,0.000000000000000000e+00,4.444444444444444198e-01,0.000000000000000000e+00,0.000000000000000000e+00,0.000000000000000000e+00,0.000000000000000000e+00,-4.444444444444444198e-01,0.000000000000000000e+00,0.000000000000000000e+00,0.000000000000000000e+00,0.000000000000000000e+00,0.000000000000000000e+00,0.000000000000000000e+00,0.000000000000000000e+00,0.000000000000000000e+00,0.000000000000000000e+00,0.000000000000000000e+00,0.000000000000000000e+00,0.000000000000000000e+00,0.000000000000000000e+00,0.000000000000000000e+00
1.000000000000000000e+00,0.000000000000000000e+00,0.000000000000000000e+00,-2.333333333333333037e+00,0.000000000000000000e+00,5.333333333333333037e+00,0.000000000000000000e+00,0.000000000000000000e+00,3.111111111111111072e+01,-3.111111111111111072e+01,0.000000000000000000e+00,0.000000000000000000e+00,0.000000000000000000e+00,0.000000000000000000e+00,-1.522222222222222143e+01,1.000000000000000000e+00,0.000000000000000000e+00,2.511111111111111072e+01,0.000000000000000000e+00,0.000000000000000000e+00,0.000000000000000000e+00,0.000000000000000000e+00,0.000000000000000000e+00,0.000000000000000000e+00,0.000000000000000000e+00,0.000000000000000000e+00,0.000000000000000000e+00,-6.666666666666666297e-01,0.000000000000000000e+00,0.000000000000000000e+00,0.000000000000000000e+00,0.000000000000000000e+00,0.000000000000000000e+00,1.333333333333333259e+00,0.000000000000000000e+00,0.000000000000000000e+00,0.000000000000000000e+00,0.000000000000000000e+00,0.000000000000000000e+00,0.000000000000000000e+00,0.000000000000000000e+00,0.000000000000000000e+00
0.000000000000000000e+00,0.000000000000000000e+00,0.000000000000000000e+00,-2.428571428571428381e+00,0.000000000000000000e+00,7.714285714285713524e+00,0.000000000000000000e+00,0.000000000000000000e+00,6.485714285714284699e+01,-6.485714285714284699e+01,0.000000000000000000e+00,0.000000000000000000e+00,0.000000000000000000e+00,0.000000000000000000e+00,-2.992857142857142705e+01,-7.142857142857141906e-01,0.000000000000000000e+00,5.657142857142856940e+01,0.000000000000000000e+00,0.000000000000000000e+00,0.000000000000000000e+00,1.428571428571428492e-01,1.000000000000000000e+00,0.000000000000000000e+00,0.000000000000000000e+00,0.000000000000000000e+00,0.000000000000000000e+00,-1.071428571428571397e+00,0.000000000000000000e+00,0.000000000000000000e+00,0.000000000000000000e+00,0.000000000000000000e+00,0.000000000000000000e+00,0.000000000000000000e+00,0.000000000000000000e+00,0.000000000000000000e+00,0.000000000000000000e+00,0.000000000000000000e+00,0.000000000000000000e+00,0.000000000000000000e+00,0.000000000000000000e+00,0.000000000000000000e+00
0.000000000000000000e+00,0.000000000000000000e+00,0.000000000000000000e+00,-5.333333333333333037e+00,0.000000000000000000e+00,1.433333333333333215e+01,0.000000000000000000e+00,0.000000000000000000e+00,8.844444444444444287e+01,-8.844444444444444287e+01,0.000000000000000000e+00,0.000000000000000000e+00,0.000000000000000000e+00,0.000000000000000000e+00,-4.188888888888888573e+01,2.000000000000000000e+00,0.000000000000000000e+00,7.244444444444444287e+01,0.000000000000000000e+00,0.000000000000000000e+00,0.000000000000000000e+00,1.000000000000000000e+00,0.000000000000000000e+00,0.000000000000000000e+00,0.000000000000000000e+00,0.000000000000000000e+00,0.000000000000000000e+00,-1.666666666666666519e+00,0.000000000000000000e+00,0.000000000000000000e+00,0.000000000000000000e+00,0.000000000000000000e+00,0.000000000000000000e+00,2.333333333333333037e+00,0.000000000000000000e+00,0.000000000000000000e+00,0.000000000000000000e+00,0.000000000000000000e+00,0.000000000000000000e+00,0.000000000000000000e+00,0.000000000000000000e+00,0.000000000000000000e+00
0.000000000000000000e+00,0.000000000000000000e+00,0.000000000000000000e+00,-2.666666666666666519e+00,0.000000000000000000e+00,8.333333333333332149e+00,0.000000000000000000e+00,0.000000000000000000e+00,6.866666666666665719e+01,-6.866666666666665719e+01,0.000000000000000000e+00,0.000000000000000000e+00,0.000000000000000000e+00,0.000000000000000000e+00,-3.183333333333333215e+01,-6.666666666666666297e-01,0.000000000000000000e+00,5.966666666666666430e+01,0.000000000000000000e+00,0.000000000000000000e+00,0.000000000000000000e+00,0.000000000000000000e+00,1.000000000000000000e+00,0.000000000000000000e+00,0.000000000000000000e+00,0.000000000000000000e+00,0.000000000000000000e+00,-1.166666666666666519e+00,0.000000000000000000e+00,0.000000000000000000e+00,0.000000000000000000e+00,0.000000000000000000e+00,0.000000000000000000e+00,0.000000000000000000e+00,0.000000000000000000e+00,0.000000000000000000e+00,0.000000000000000000e+00,0.000000000000000000e+00,0.000000000000000000e+00,3.333333333333333148e-01,0.000000000000000000e+00,0.000000000000000000e+00
0.000000000000000000e+00,0.000000000000000000e+00,0.000000000000000000e+00,-8.666666666666666075e+00,0.000000000000000000e+00,2.566666666666666430e+01,0.000000000000000000e+00,0.000000000000000000e+00,1.928888888888888857e+02,-1.928888888888888857e+02,0.000000000000000000e+00,0.000000000000000000e+00,0.000000000000000000e+00,0.000000000000000000e+00,-8.977777777777777146e+01,0.000000000000000000e+00,0.000000000000000000e+00,1.648888888888888857e+02,0.000000000000000000e+00,0.000000000000000000e+00,0.000000000000000000e+00,1.000000000000000000e+00,2.000000000000000000e+00,0.000000000000000000e+00,0.000000000000000000e+00,0.000000000000000000e+00,0.000000000000000000e+00,-3.333333333333333037e+00,0.000000000000000000e+00,0.000000000000000000e+00,0.000000000000000000e+00,0.000000000000000000e+00,0.000000000000000000e+00,1.666666666666666519e+00,0.000000000000000000e+00,0.000000000000000000e+00,0.000000000000000000e+00,0.000000000000000000e+00,0.000000000000000000e+00,0.000000000000000000e+00,0.000000000000000000e+00,0.000000000000000000e+00
0.000000000000000000e+00,0.000000000000000000e+00,0.000000000000000000e+00,-6.081081081081080725e-02,0.000000000000000000e+00,1.621621621621621434e-01,0.000000000000000000e+00,0.000000000000000000e+00,1.000000000000000000e+00,-1.000000000000000000e+00,0.000000000000000000e+00,0.000000000000000000e+00,0.000000000000000000e+00,0.000000000000000000e+00,-4.797297297297297147e-01,2.027027027027026793e-02,0.000000000000000000e+00,8.175675675675675436e-01,0.000000000000000000e+00,0.000000000000000000e+00,0.000000000000000000e+00,0.000000000000000000e+00,0.000000000000000000e+00,0.000000000000000000e+00,0.000000000000000000e+00,0.000000000000000000e+00,0.000000000000000000e+00,-2.027027027027026793e-02,0.000000000000000000e+00,0.000000000000000000e+00,0.000000000000000000e+00,0.000000000000000000e+00,0.000000000000000000e+00,2.027027027027026793e-02,0.000000000000000000e+00,0.000000000000000000e+00,0.000000000000000000e+00,0.000000000000000000e+00,0.000000000000000000e+00,2.027027027027026793e-02,0.000000000000000000e+00,0.000000000000000000e+00
0.000000000000000000e+00,0.000000000000000000e+00,0.000000000000000000e+00,-4.666666666666666075e+00,0.000000000000000000e+00,1.366666666666666607e+01,0.000000000000000000e+00,0.000000000000000000e+00,1.015555555555555429e+02,-1.015555555555555429e+02,0.000000000000000000e+00,0.000000000000000000e+00,0.000000000000000000e+00,0.000000000000000000e+00,-4.761111111111110716e+01,0.000000000000000000e+00,0.000000000000000000e+00,8.655555555555554292e+01,0.000000000000000000e+00,0.000000000000000000e+00,0.000000000000000000e+00,0.000000000000000000e+00,1.000000000000000000e+00,0.000000000000000000e+00,0.000000000000000000e+00,0.000000000000000000e+00,0.000000000000000000e+00,-1.833333333333333259e+00,0.000000000000000000e+00,0.000000000000000000e+00,0.000000000000000000e+00,0.000000000000000000e+00,0.000000000000000000e+00,6.666666666666666297e-01,0.000000000000000000e+00,0.000000000000000000e+00,0.000000000000000000e+00,0.000000000000000000e+00,0.000000000000000000e+00,1.000000000000000000e+00,0.000000000000000000e+00,0.000000000000000000e+00
5.000000000000000000e-01,0.000000000000000000e+00,0.000000000000000000e+00,-1.000000000000000000e+00,0.000000000000000000e+00,2.000000000000000000e+00,0.000000000000000000e+00,0.000000000000000000e+00,9.666666666666666075e+00,-9.666666666666666075e+00,5.000000000000000000e-01,0.000000000000000000e+00,0.000000000000000000e+00,0.000000000000000000e+00,-4.583333333333333037e+00,0.000000000000000000e+00,0.000000000000000000e+00,7.666666666666666075e+00,0.000000000000000000e+00,0.000000000000000000e+00,0.000000000000000000e+00,0.000000000000000000e+00,0.000000000000000000e+00,0.000000000000000000e+00,0.000000000000000000e+00,0.000000000000000000e+00,0.000000000000000000e+00,-2.500000000000000000e-01,0.000000000000000000e+00,0.000000000000000000e+00,0.000000000000000000e+00,0.000000000000000000e+00,0.000000000000000000e+00,5.000000000000000000e-01,0.000000000000000000e+00,0.000000000000000000e+00,0.000000000000000000e+00,0.000000000000000000e+00,0.000000000000000000e+00,0.000000000000000000e+00,0.000000000000000000e+00,0.000000000000000000e+00
0.000000000000000000e+00,0.000000000000000000e+00,0.000000000000000000e+00,-1.000000000000000000e+00,0.000000000000000000e+00,2.500000000000000000e+00,0.000000000000000000e+00,0.000000000000000000e+00,1.390476190476190332e+01,-1.390476190476190332e+01,4.285714285714285476e-01,0.000000000000000000e+00,0.000000000000000000e+00,0.000000000000000000e+00,-6.380952380952380487e+00,0.000000000000000000e+00,0.000000000000000000e+00,1.133333333333333215e+01,0.000000000000000000e+00,0.000000000000000000e+00,0.000000000000000000e+00,2.142857142857142738e-01,0.000000000000000000e+00,0.000000000000000000e+00,0.000000000000000000e+00,0.000000000000000000e+00,0.000000000000000000e+00,-2.857142857142856984e-01,0.000000000000000000e+00,0.000000000000000000e+00,0.000000000000000000e+00,0.000000000000000000e+00,0.000000000000000000e+00,3.571428571428570953e-01,0.000000000000000000e+00,0.000000000000000000e+00,0.000000000000000000e+00,0.000000000000000000e+00,0.000000000000000000e+00,0.000000000000000000e+00,0.000000000000000000e+00,0.000000000000000000e+00
0.000000000000000000e+00,0.000000000000000000e+00,0.000000000000000000e+00,-1.000000000000000000e+00,0.000000000000000000e+00,2.500000000000000000e+00,0.000000000000000000e+00,0.000000000000000000e+00,1.408333333333333215e+01,-1.408333333333333215e+01,3.750000000000000000e-01,0.000000000000000000e+00,0.000000000000000000e+00,0.000000000000000000e+00,-6.604166666666666075e+00,0.000000000000000000e+00,0.000000000000000000e+00,1.145833333333333215e+01,0.000000000000000000e+00,0.000000000000000000e+00,0.000000000000000000e+00,0.000000000000000000e+00,0.000000000000000000e+00,0.000000000000000000e+00,0.000000000000000000e+00,0.000000000000000000e+00,0.000000000000000000e+00,-3.125000000000000000e-01,0.000000000000000000e+00,0.000000000000000000e+00,0.000000000000000000e+00,0.000000000000000000e+00,0.000000000000000000e+00,2.500000000000000000e-01,0.000000000000000000e+00,0.000000000000000000e+00,0.000000000000000000e+00,0.000000000000000000e+00,0.000000000000000000e+00,3.750000000000000000e-01,0.000000000000000000e+00,0.000000000000000000e+00
0.000000000000000000e+00,0.000000000000000000e+00,0.000000000000000000e+00,-6.156716417910447214e-01,0.000000000000000000e+00,1.039179104477611748e+00,0.000000000000000000e+00,0.000000000000000000e+00,1.417910447761193904e+00,-1.417910447761193904e+00,1.406716417910447658e+00,0.000000000000000000e+00,0.000000000000000000e+00,0.000000000000000000e+00,0.000000000000000000e+00,-1.000000000000000000e+00,0.000000000000000000e+00,9.776119402985073981e-01,0.000000000000000000e+00,0.000000000000000000e+00,0.000000000000000000e+00,2.033582089552238570e-01,0.000000000000000000e+00,0.000000000000000000e+00,0.000000000000000000e+00,0.000000000000000000e+00,0.000000000000000000e+00,-1.044776119402985037e-01,0.000000000000000000e+00,0.000000000000000000e+00,0.000000000000000000e+00,0.000000000000000000e+00,0.000000000000000000e+00,5.597014925373134005e-03,0.000000000000000000e+00,0.000000000000000000e+00,0.000000000000000000e+00,0.000000000000000000e+00,0.000000000000000000e+00,0.000000000000000000e+00,0.000000000000000000e+00,0.000000000000000000e+00
0.000000000000000000e+00,0.000000000000000000e+00,0.000000000000000000e+00,-4.292452830188678847e-01,0.000000000000000000e+00,7.240566037735848282e-01,0.000000000000000000e+00,0.000000000000000000e+00,1.000000000000000000e+00,-1.000000000000000000e+00,9.882075471698112956e-01,0.000000000000000000e+00,0.000000000000000000e+00,0.000000000000000000e+00,0.000000000000000000e+00,-7.075471698113207086e-01,0.000000000000000000e+00,6.981132075471697673e-01,0.000000000000000000e+00,0.000000000000000000e+00,0.000000000000000000e+00,1.415094339622641473e-01,2.358490566037735759e-03,0.000000000000000000e+00,0.000000000000000000e+00,0.000000000000000000e+00,0.000000000000000000e+00,-7.311320754716980896e-02,0.000000000000000000e+00,0.000000000000000000e+00,0.000000000000000000e+00,0.000000000000000000e+00,0.000000000000000000e+00,0.000000000000000000e+00,0.000000000000000000e+00,0.000000000000000000e+00,0.000000000000000000e+00,0.000000000000000000e+00,0.000000000000000000e+00,0.000000000000000000e+00,0.000000000000000000e+00,0.000000000000000000e+00
0.000000000000000000e+00,0.000000000000000000e+00,0.000000000000000000e+00,-3.074074074074073959e+00,0.000000000000000000e+00,5.222222222222221433e+00,0.000000000000000000e+00,0.000000000000000000e+00,7.111111111111110716e+00,-7.111111111111110716e+00,7.000000000000000000e+00,0.000000000000000000e+00,0.000000000000000000e+00,0.000000000000000000e+00,0.000000000000000000e+00,-5.000000000000000000e+00,0.000000000000000000e+00,4.888888888888888395e+00,3.703703703703703498e-02,0.000000000000000000e+00,0.000000000000000000e+00,1.000000000000000000e+00,0.000000000000000000e+00,0.000000000000000000e+00,0.000000000000000000e+00,0.000000000000000000e+00,0.000000000000000000e+00,-5.185185185185184897e-01,0.000000000000000000e+00,0.000000000000000000e+00,0.000000000000000000e+00,0.000000000000000000e+00,0.000000000000000000e+00,0.000000000000000000e+00,0.000000000000000000e+00,0.000000000000000000e+00,0.000000000000000000e+00,0.000000000000000000e+00,0.000000000000000000e+00,0.000000000000000000e+00,0.000000000000000000e+00,0.000000000000000000e+00
0.000000000000000000e+00,0.000000000000000000e+00,0.000000000000000000e+00,-1.000000000000000000e+00,0.000000000000000000e+00,1.685714285714285499e+00,0.000000000000000000e+00,0.000000000000000000e+00,2.285714285714285587e+00,-2.285714285714285587e+00,2.285714285714285587e+00,0.000000000000000000e+00,0.000000000000000000e+00,0.000000000000000000e+00,0.000000000000000000e+00,-1.628571428571428559e+00,0.000000000000000000e+00,1.571428571428571397e+00,0.000000000000000000e+00,0.000000000000000000e+00,0.000000000000000000e+00,3.142857142857142794e-01,0.000000000000000000e+00,0.000000000000000000e+00,0.000000000000000000e+00,0.000000000000000000e+00,0.000000000000000000e+00,-1.714285714285714024e-01,0.000000000000000000e+00,0.000000000000000000e+00,0.000000000000000000e+00,0.000000000000000000e+00,0.000000000000000000e+00,0.000000000000000000e+00,0.000000000000000000e+00,0.000000000000000000e+00,0.000000000000000000e+00,0.000000000000000000e+00,0.000000000000000000e+00,2.857142857142857054e-02,0.000000000000000000e+00,0.000000000000000000e+00
0.000000000000000000e+00,0.000000000000000000e+00,0.000000000000000000e+00,-5.000000000000000000e-01,0.000000000000000000e+00,3.384615384615384248e-01,0.000000000000000000e+00,0.000000000000000000e+00,1.000000000000000000e+00,-1.000000000000000000e+00,6.615384615384615197e-01,0.000000000000000000e+00,0.000000000000000000e+00,3.076923076923076747e-02,4.615384615384614947e-02,-8.153846153846153744e-01,0.000000000000000000e+00,1.007692307692307665e+00,0.000000000000000000e+00,0.000000000000000000e+00,0.000000000000000000e+00,0.000000000000000000e+00,3.076923076923076747e-02,4.384615384615384581e-01,0.000000000000000000e+00,0.000000000000000000e+00,0.000000000000000000e+00,-4.615384615384614947e-02,0.000000000000000000e+00,0.000000000000000000e+00,0.000000000000000000e+00,0.000000000000000000e+00,0.000000000000000000e+00,0.000000000000000000e+00,0.000000000000000000e+00,0.000000000000000000e+00,0.000000000000000000e+00,0.000000000000000000e+00,0.000000000000000000e+00,0.000000000000000000e+00,0.000000000000000000e+00,0.000000000000000000e+00
0.000000000000000000e+00,0.000000000000000000e+00,0.000000000000000000e+00,-5.000000000000000000e-01,0.000000000000000000e+00,4.166666666666666297e-01,0.000000000000000000e+00,0.000000000000000000e+00,1.000000000000000000e+00,-1.000000000000000000e+00,5.833333333333332593e-01,0.000000000000000000e+00,0.000000000000000000e+00,4.166666666666666435e-02,4.166666666666666435e-02,-7.500000000000000000e-01,0.000000000000000000e+00,9.166666666666666297e-01,4.166666666666666435e-02,0.000000000000000000e+00,0.000000000000000000e+00,0.000000000000000000e+00,0.000000000000000000e+00,4.166666666666666297e-01,0.000000000000000000e+00,0.000000000000000000e+00,0.000000000000000000e+00,-4.166666666666666435e-02,0.000000000000000000e+00,0.000000000000000000e+00,0.000000000000000000e+00,0.000000000000000000e+00,0.000000000000000000e+00,0.000000000000000000e+00,0.000000000000000000e+00,0.000000000000000000e+00,0.000000000000000000e+00,0.000000000000000000e+00,0.000000000000000000e+00,0.000000000000000000e+00,0.000000000000000000e+00,0.000000000000000000e+00
0.000000000000000000e+00,0.000000000000000000e+00,0.000000000000000000e+00,-3.250000000000000000e+00,0.000000000000000000e+00,6.000000000000000000e+00,0.000000000000000000e+00,0.000000000000000000e+00,4.750000000000000000e+01,-4.750000000000000000e+01,0.000000000000000000e+00,0.000000000000000000e+00,0.000000000000000000e+00,1.000000000000000000e+00,-1.925000000000000000e+01,-3.500000000000000000e+00,0.000000000000000000e+00,4.225000000000000000e+01,0.000000000000000000e+00,0.000000000000000000e+00,0.000000000000000000e+00,0.000000000000000000e+00,0.000000000000000000e+00,2.250000000000000000e+00,0.000000000000000000e+00,0.000000000000000000e+00,0.000000000000000000e+00,-7.500000000000000000e-01,0.000000000000000000e+00,0.000000000000000000e+00,0.000000000000000000e+00,0.000000000000000000e+00,0.000000000000000000e+00,0.000000000000000000e+00,0.000000000000000000e+00,0.000000000000000000e+00,0.000000000000000000e+00,0.000000000000000000e+00,0.000000000000000000e+00,5.000000000000000000e-01,0.000000000000000000e+00,0.000000000000000000e+00
1.000000000000000000e+00,0.000000000000000000e+00,0.000000000000000000e+00,-2.000000000000000000e+00,0.000000000000000000e+00,4.000000000000000000e+00,0.000000000000000000e+00,0.000000000000000000e+00,3.200000000000000000e+01,-3.200000000000000000e+01,0.000000000000000000e+00,0.000000000000000000e+00,0.000000000000000000e+00,1.000000000000000000e+00,-1.250000000000000000e+01,-3.000000000000000000e+00,0.000000000000000000e+00,2.900000000000000000e+01,0.000000000000000000e+00,0.000000000000000000e+00,0.000000000000000000e+00,0.000000000000000000e+00,0.000000000000000000e+00,1.000000000000000000e+00,0.000000000000000000e+00,0.000000000000000000e+00,0.000000000000000000e+00,-5.000000000000000000e-01,0.000000000000000000e+00,0.000000000000000000e+00,0.000000000000000000e+00,0.000000000000000000e+00,0.000000000000000000e+00,0.000000000000000000e+00,0.000000000000000000e+00,0.000000000000000000e+00,0.000000000000000000e+00,0.000000000000000000e+00,0.000000000000000000e+00,0.000000000000000000e+00,0.000000000000000000e+00,0.000000000000000000e+00
0.000000000000000000e+00,0.000000000000000000e+00,0.000000000000000000e+00,-6.296296296296295669e-02,0.000000000000000000e+00,1.259259259259259134e-01,0.000000000000000000e+00,0.000000000000000000e+00,1.000000000000000000e+00,-1.000000000000000000e+00,0.000000000000000000e+00,0.000000000000000000e+00,0.000000000000000000e+00,2.222222222222221960e-02,-3.999999999999999667e-01,-7.407407407407406996e-02,0.000000000000000000e+00,8.925925925925924931e-01,0.000000000000000000e+00,0.000000000000000000e+00,0.000000000000000000e+00,7.407407407407406823e-03,0.000000000000000000e+00,4.074074074074073709e-02,0.000000000000000000e+00,0.000000000000000000e+00,0.000000000000000000e+00,-1.481481481481481365e-02,0.000000000000000000e+00,0.000000000000000000e+00,0.000000000000000000e+00,0.000000000000000000e+00,0.000000000000000000e+00,0.000000000000000000e+00,0.000000000000000000e+00,0.000000000000000000e+00,0.000000000000000000e+00,0.000000000000000000e+00,0.000000000000000000e+00,0.000000000000000000e+00,0.000000000000000000e+00,0.000000000000000000e+00
1.599999999999999756e-01,0.000000000000000000e+00,0.000000000000000000e+00,-8.199999999999999512e-01,0.000000000000000000e+00,6.399999999999999023e-01,0.000000000000000000e+00,0.000000000000000000e+00,2.119999999999999662e+00,-2.119999999999999662e+00,1.000000000000000000e+00,0.000000000000000000e+00,0.000000000000000000e+00,1.599999999999999756e-01,0.000000000000000000e+00,-1.479999999999999982e+00,0.000000000000000000e+00,2.139999999999999680e+00,0.000000000000000000e+00,0.000000000000000000e+00,0.000000000000000000e+00,0.000000000000000000e+00,0.000000000000000000e+00,6.599999999999999201e-01,0.000000000000000000e+00,0.000000000000000000e+00,0.000000000000000000e+00,-7.999999999999998779e-02,0.000000000000000000e+00,0.000000000000000000e+00,0.000000000000000000e+00,0.000000000000000000e+00,0.000000000000000000e+00,0.000000000000000000e+00,0.000000000000000000e+00,0.000000000000000000e+00,0.000000000000000000e+00,0.000000000000000000e+00,0.000000000000000000e+00,0.000000000000000000e+00,0.000000000000000000e+00,0.000000000000000000e+00
0.000000000000000000e+00,0.000000000000000000e+00,0.000000000000000000e+00,-4.074074074074073848e-01,0.000000000000000000e+00,3.148148148148147696e-01,0.000000000000000000e+00,0.000000000000000000e+00,1.000000000000000000e+00,-1.000000000000000000e+00,5.000000000000000000e-01,0.000000000000000000e+00,0.000000000000000000e+00,5.555555555555555247e-02,0.000000000000000000e+00,-6.851851851851851194e-01,0.000000000000000000e+00,9.814814814814813992e-01,0.000000000000000000e+00,0.000000000000000000e+00,0.000000000000000000e+00,1.851851851851851749e-02,0.000000000000000000e+00,3.518518518518518046e-01,0.000000000000000000e+00,0.000000000000000000e+00,0.000000000000000000e+00,-3.703703703703703498e-02,0.000000000000000000e+00,0.000000000000000000e+00,0.000000000000000000e+00,0.000000000000000000e+00,0.000000000000000000e+00,0.000000000000000000e+00,0.000000000000000000e+00,0.000000000000000000e+00,0.000000000000000000e+00,0.000000000000000000e+00,0.000000000000000000e+00,0.000000000000000000e+00,0.000000000000000000e+00,0.000000000000000000e+00
1.000000000000000000e+00,0.000000000000000000e+00,0.000000000000000000e+00,-5.250000000000000000e+00,0.000000000000000000e+00,4.000000000000000000e+00,0.000000000000000000e+00,0.000000000000000000e+00,1.250000000000000000e+01,-1.250000000000000000e+01,6.500000000000000000e+00,0.000000000000000000e+00,0.000000000000000000e+00,1.000000000000000000e+00,5.000000000000000000e-01,-9.500000000000000000e+00,0.000000000000000000e+00,1.275000000000000000e+01,0.000000000000000000e+00,0.000000000000000000e+00,0.000000000000000000e+00,0.000000000000000000e+00,0.000000000000000000e+00,4.250000000000000000e+00,0.000000000000000000e+00,0.000000000000000000e+00,0.000000000000000000e+00,-5.000000000000000000e-01,0.000000000000000000e+00,0.000000000000000000e+00,0.000000000000000000e+00,0.000000000000000000e+00,0.000000000000000000e+00,0.000000000000000000e+00,0.000000000000000000e+00,0.000000000000000000e+00,0.000000000000000000e+00,0.000000000000000000e+00,0.000000000000000000e+00,0.000000000000000000e+00,0.000000000000000000e+00,0.000000000000000000e+00
0.000000000000000000e+00,0.000000000000000000e+00,0.000000000000000000e+00,-1.000000000000000000e+00,0.000000000000000000e+00,7.441860465116278966e-01,0.000000000000000000e+00,0.000000000000000000e+00,2.310077519379844624e+00,-2.310077519379844624e+00,1.193798449612403001e+00,0.000000000000000000e+00,0.000000000000000000e+00,1.240310077519379828e-01,0.000000000000000000e+00,-1.627906976744185830e+00,0.000000000000000000e+00,2.255813953488371659e+00,0.000000000000000000e+00,0.000000000000000000e+00,0.000000000000000000e+00,0.000000000000000000e+00,0.000000000000000000e+00,8.759689922480619062e-01,0.000000000000000000e+00,0.000000000000000000e+00,0.000000000000000000e+00,-9.302325581395348708e-02,0.000000000000000000e+00,0.000000000000000000e+00,0.000000000000000000e+00,0.000000000000000000e+00,0.000000000000000000e+00,0.000000000000000000e+00,0.000000000000000000e+00,0.000000000000000000e+00,0.000000000000000000e+00,0.000000000000000000e+00,0.000000000000000000e+00,6.201550387596899139e-02,0.000000000000000000e+00,0.000000000000000000e+00
0.000000000000000000e+00,0.000000000000000000e+00,0.000000000000000000e+00,-4.607843137254901689e-01,0.000000000000000000e+00,3.921568627450980338e-01,0.000000000000000000e+00,0.000000000000000000e+00,1.000000000000000000e+00,-1.000000000000000000e+00,5.294117647058822484e-01,0.000000000000000000e+00,0.000000000000000000e+00,3.921568627450980338e-02,0.000000000000000000e+00,-6.862745098039214620e-01,0.000000000000000000e+00,9.117647058823529216e-01,3.921568627450980338e-02,0.000000000000000000e+00,0.000000000000000000e+00,0.000000000000000000e+00,0.000000000000000000e+00,3.823529411764705621e-01,0.000000000000000000e+00,0.000000000000000000e+00,0.000000000000000000e+00,-3.921568627450980338e-02,0.000000000000000000e+00,0.000000000000000000e+00,0.000000000000000000e+00,0.000000000000000000e+00,0.000000000000000000e+00,0.000000000000000000e+00,0.000000000000000000e+00,0.000000000000000000e+00,0.000000000000000000e+00,0.000000000000000000e+00,0.000000000000000000e+00,0.000000000000000000e+00,0.000000000000000000e+00,0.000000000000000000e+00
0.000000000000000000e+00,0.000000000000000000e+00,0.000000000000000000e+00,-4.714285714285714191e-01,0.000000000000000000e+00,3.428571428571428048e-01,0.000000000000000000e+00,0.000000000000000000e+00,1.000000000000000000e+00,-1.000000000000000000e+00,5.714285714285713969e-01,0.000000000000000000e+00,0.000000000000000000e+00,5.714285714285714107e-02,4.285714285714285060e-02,-7.714285714285713524e-01,0.000000000000000000e+00,9.857142857142856540e-01,0.000000000000000000e+00,0.000000000000000000e+00,0.000000000000000000e+00,0.000000000000000000e+00,0.000000000000000000e+00,4.142857142857142572e-01,0.000000000000000000e+00,0.000000000000000000e+00,0.000000000000000000e+00,-4.285714285714285060e-02,0.000000000000000000e+00,0.000000000000000000e+00,0.000000000000000000e+00,0.000000000000000000e+00,0.000000000000000000e+00,0.000000000000000000e+00,0.000000000000000000e+00,0.000000000000000000e+00,0.000000000000000000e+00,0.000000000000000000e+00,0.000000000000000000e+00,2.857142857142857054e-02,0.000000000000000000e+00,0.000000000000000000e+00
0.000000000000000000e+00,0.000000000000000000e+00,0.000000000000000000e+00,-8.896103896103895181e-01,0.000000000000000000e+00,7.012987012987011992e-01,0.000000000000000000e+00,0.000000000000000000e+00,1.623376623376623362e+00,-1.623376623376623362e+00,1.000000000000000000e+00,0.000000000000000000e+00,0.000000000000000000e+00,3.896103896103896014e-02,0.000000000000000000e+00,-1.155844155844155674e+00,0.000000000000000000e+00,1.422077922077922052e+00,3.896103896103896014e-02,0.000000000000000000e+00,0.000000000000000000e+00,0.000000000000000000e+00,0.000000000000000000e+00,7.337662337662337331e-01,0.000000000000000000e+00,0.000000000000000000e+00,0.000000000000000000e+00,-7.792207792207792028e-02,0.000000000000000000e+00,0.000000000000000000e+00,0.000000000000000000e+00,0.000000000000000000e+00,0.000000000000000000e+00,7.792207792207792028e-02,0.000000000000000000e+00,0.000000000000000000e+00,0.000000000000000000e+00,0.000000000000000000e+00,0.000000000000000000e+00,0.000000000000000000e+00,0.000000000000000000e+00,0.000000000000000000e+00
0.000000000000000000e+00,0.000000000000000000e+00,0.000000000000000000e+00,-7.735294117647057988e-01,0.000000000000000000e+00,5.647058823529411686e-01,0.000000000000000000e+00,0.000000000000000000e+00,1.370588235294117441e+00,-1.370588235294117441e+00,8.764705882352941124e-01,0.000000000000000000e+00,0.000000000000000000e+00,3.529411764705882304e-02,0.000000000000000000e+00,-1.000000000000000000e+00,0.000000000000000000e+00,1.226470588235293979e+00,0.000000000000000000e+00,0.000000000000000000e+00,0.000000000000000000e+00,0.000000000000000000e+00,0.000000000000000000e+00,6.499999999999999112e-01,0.000000000000000000e+00,0.000000000000000000e+00,0.000000000000000000e+00,-7.058823529411764608e-02,0.000000000000000000e+00,0.000000000000000000e+00,0.000000000000000000e+00,0.000000000000000000e+00,0.000000000000000000e+00,8.823529411764705066e-02,0.000000000000000000e+00,0.000000000000000000e+00,0.000000000000000000e+00,0.000000000000000000e+00,0.000000000000000000e+00,1.764705882352941152e-02,0.000000000000000000e+00,0.000000000000000000e+00
1.000000000000000000e+00,0.000000000000000000e+00,0.000000000000000000e+00,-2.175000000000000000e+01,0.000000000000000000e+00,1.600000000000000000e+01,0.000000000000000000e+00,0.000000000000000000e+00,3.750000000000000000e+01,-3.750000000000000000e+01,2.450000000000000000e+01,0.000000000000000000e+00,0.000000000000000000e+00,1.000000000000000000e+00,0.000000000000000000e+00,-2.750000000000000000e+01,0.000000000000000000e+00,3.325000000000000000e+01,0.000000000000000000e+00,0.000000000000000000e+00,0.000000000000000000e+00,0.000000000000000000e+00,0.000000000000000000e+00,1.775000000000000000e+01,0.000000000000000000e+00,0.000000000000000000e+00,0.000000000000000000e+00,-2.000000000000000000e+00,0.000000000000000000e+00,0.000000000000000000e+00,0.000000000000000000e+00,0.000000000000000000e+00,0.000000000000000000e+00,3.000000000000000000e+00,0.000000000000000000e+00,0.000000000000000000e+00,0.000000000000000000e+00,0.000000000000000000e+00,0.000000000000000000e+00,0.000000000000000000e+00,0.000000000000000000e+00,0.000000000000000000e+00
1.000000000000000000e+00,0.000000000000000000e+00,0.000000000000000000e+00,-1.091666666666666607e+01,0.000000000000000000e+00,8.000000000000000000e+00,0.000000000000000000e+00,0.000000000000000000e+00,1.983333333333333215e+01,-1.983333333333333215e+01,1.283333333333333215e+01,0.000000000000000000e+00,0.000000000000000000e+00,1.000000000000000000e+00,1.000000000000000000e+00,-1.583333333333333215e+01,0.000000000000000000e+00,1.875000000000000000e+01,0.000000000000000000e+00,0.000000000000000000e+00,0.000000000000000000e+00,0.000000000000000000e+00,0.000000000000000000e+00,8.916666666666666075e+00,0.000000000000000000e+00,0.000000000000000000e+00,0.000000000000000000e+00,-1.000000000000000000e+00,0.000000000000000000e+00,0.000000000000000000e+00,0.000000000000000000e+00,0.000000000000000000e+00,0.000000000000000000e+00,1.000000000000000000e+00,0.000000000000000000e+00,0.000000000000000000e+00,0.000000000000000000e+00,0.000000000000000000e+00,0.000000000000000000e+00,0.000000000000000000e+00,0.000000000000000000e+00,0.000000000000000000e+00
0.000000000000000000e+00,0.000000000000000000e+00,0.000000000000000000e+00,-5.500000000000000000e+00,0.000000000000000000e+00,1.100000000000000000e+01,0.000000000000000000e+00,0.000000000000000000e+00,9.700000000000000000e+01,-9.700000000000000000e+01,0.000000000000000000e+00,0.000000000000000000e+00,0.000000000000000000e+00,1.000000000000000000e+00,-4.150000000000000000e+01,-5.000000000000000000e+00,0.000000000000000000e+00,8.650000000000000000e+01,0.000000000000000000e+00,0.000000000000000000e+00,0.000000000000000000e+00,0.000000000000000000e+00,1.000000000000000000e+00,3.500000000000000000e+00,0.000000000000000000e+00,0.000000000000000000e+00,0.000000000000000000e+00,-1.500000000000000000e+00,0.000000000000000000e+00,0.000000000000000000e+00,0.000000000000000000e+00,0.000000000000000000e+00,0.000000000000000000e+00,0.000000000000000000e+00,0.000000000000000000e+00,0.000000000000000000e+00,0.000000000000000000e+00,0.000000000000000000e+00,0.000000000000000000e+00,0.000000000000000000e+00,0.000000000000000000e+00,0.000000000000000000e+00
0.000000000000000000e+00,0.000000000000000000e+00,0.000000000000000000e+00,-1.108333333333333215e+01,0.000000000000000000e+00,8.000000000000000000e+00,0.000000000000000000e+00,0.000000000000000000e+00,2.116666666666666430e+01,-2.116666666666666430e+01,1.316666666666666607e+01,0.000000000000000000e+00,0.000000000000000000e+00,1.000000000000000000e+00,1.000000000000000000e+00,-1.666666666666666430e+01,0.000000000000000000e+00,2.025000000000000000e+01,0.000000000000000000e+00,0.000000000000000000e+00,0.000000000000000000e+00,0.000000000000000000e+00,0.000000000000000000e+00,9.583333333333332149e+00,0.000000000000000000e+00,0.000000000000000000e+00,0.000000000000000000e+00,-1.000000000000000000e+00,0.000000000000000000e+00,0.000000000000000000e+00,0.000000000000000000e+00,0.000000000000000000e+00,0.000000000000000000e+00,5.000000000000000000e-01,0.000000000000000000e+00,0.000000000000000000e+00,0.000000000000000000e+00,0.000000000000000000e+00,0.000000000000000000e+00,5.000000000000000000e-01,0.000000000000000000e+00,0.000000000000000000e+00
0.000000000000000000e+00,0.000000000000000000e+00,0.000000000000000000e+00,-7.575757575757574580e-02,0.000000000000000000e+00,1.515151515151514916e-01,0.000000000000000000e+00,0.000000000000000000e+00,1.000000000000000000e+00,-1.000000000000000000e+00,0.000000000000000000e+00,0.000000000000000000e+00,0.000000000000000000e+00,1.515151515151515020e-02,-4.090909090909090606e-01,-6.060606060606060080e-02,0.000000000000000000e+00,8.636363636363635354e-01,1.515151515151515020e-02,0.000000000000000000e+00,0.000000000000000000e+00,0.000000000000000000e+00,0.000000000000000000e+00,4.545454545454544887e-02,0.000000000000000000e+00,0.000000000000000000e+00,0.000000000000000000e+00,-1.515151515151515020e-02,0.000000000000000000e+00,0.000000000000000000e+00,0.000000000000000000e+00,0.000000000000000000e+00,0.000000000000000000e+00,0.000000000000000000e+00,0.000000000000000000e+00,0.000000000000000000e+00,0.000000000000000000e+00,0.000000000000000000e+00,0.000000000000000000e+00,0.000000000000000000e+00,0.000000000000000000e+00,0.000000000000000000e+00
0.000000000000000000e+00,0.000000000000000000e+00,0.000000000000000000e+00,-6.165048543689319871e-01,0.000000000000000000e+00,4.271844660194174526e-01,0.000000000000000000e+00,0.000000000000000000e+00,1.349514563106795961e+00,-1.349514563106795961e+00,8.058252427184465772e-01,0.000000000000000000e+00,0.000000000000000000e+00,3.883495145631067624e-02,0.000000000000000000e+00,-1.000000000000000000e+00,0.000000000000000000e+00,1.344660194174757128e+00,0.000000000000000000e+00,0.000000000000000000e+00,0.000000000000000000e+00,0.000000000000000000e+00,3.883495145631067624e-02,5.388349514563106624e-01,0.000000000000000000e+00,0.000000000000000000e+00,0.000000000000000000e+00,-5.825242718446601436e-02,0.000000000000000000e+00,0.000000000000000000e+00,0.000000000000000000e+00,0.000000000000000000e+00,0.000000000000000000e+00,0.000000000000000000e+00,0.000000000000000000e+00,0.000000000000000000e+00,0.000000000000000000e+00,0.000000000000000000e+00,0.000000000000000000e+00,0.000000000000000000e+00,0.000000000000000000e+00,0.000000000000000000e+00
0.000000000000000000e+00,0.000000000000000000e+00,0.000000000000000000e+00,-4.411764705882352811e-01,0.000000000000000000e+00,3.333333333333333148e-01,0.000000000000000000e+00,0.000000000000000000e+00,1.000000000000000000e+00,-1.000000000000000000e+00,5.490196078431371918e-01,0.000000000000000000e+00,0.000000000000000000e+00,5.882352941176470507e-02,3.921568627450980338e-02,-7.450980392156861809e-01,0.000000000000000000e+00,9.901960784313724728e-01,0.000000000000000000e+00,0.000000000000000000e+00,0.000000000000000000e+00,1.960784313725490169e-02,0.000000000000000000e+00,3.823529411764705621e-01,0.000000000000000000e+00,0.000000000000000000e+00,0.000000000000000000e+00,-3.921568627450980338e-02,0.000000000000000000e+00,0.000000000000000000e+00,0.000000000000000000e+00,0.000000000000000000e+00,0.000000000000000000e+00,0.000000000000000000e+00,0.000000000000000000e+00,0.000000000000000000e+00,0.000000000000000000e+00,0.000000000000000000e+00,0.000000000000000000e+00,0.000000000000000000e+00,0.000000000000000000e+00,0.000000000000000000e+00
0.000000000000000000e+00,0.000000000000000000e+00,0.000000000000000000e+00,-3.250000000000000000e+01,0.000000000000000000e+00,2.300000000000000000e+01,0.000000000000000000e+00,0.000000000000000000e+00,5.900000000000000000e+01,-5.900000000000000000e+01,3.900000000000000000e+01,0.000000000000000000e+00,0.000000000000000000e+00,1.000000000000000000e+00,0.000000000000000000e+00,-4.400000000000000000e+01,0.000000000000000000e+00,5.450000000000000000e+01,0.000000000000000000e+00,0.000000000000000000e+00,0.000000000000000000e+00,0.000000000000000000e+00,1.000000000000000000e+00,2.750000000000000000e+01,0.000000000000000000e+00,0.000000000000000000e+00,0.000000000000000000e+00,-3.000000000000000000e+00,0.000000000000000000e+00,0.000000000000000000e+00,0.000000000000000000e+00,0.000000000000000000e+00,0.000000000000000000e+00,3.000000000000000000e+00,0.000000000000000000e+00,0.000000000000000000e+00,0.000000000000000000e+00,0.000000000000000000e+00,0.000000000000000000e+00,0.000000000000000000e+00,0.000000000000000000e+00,0.000000000000000000e+00
0.000000000000000000e+00,0.000000000000000000e+00,0.000000000000000000e+00,-6.491963661774982075e-01,0.000000000000000000e+00,4.779874213836477481e-01,0.000000000000000000e+00,0.000000000000000000e+00,1.130677847658979607e+00,-1.130677847658979607e+00,7.365478686233403183e-01,0.000000000000000000e+00,0.000000000000000000e+00,2.515723270440251361e-02,0.000000000000000000e+00,-8.204053109713486114e-01,0.000000000000000000e+00,1.000000000000000000e+00,0.000000000000000000e+00,0.000000000000000000e+00,0.000000000000000000e+00,8.385744234800837291e-03,0.000000000000000000e+00,5.401816911250872932e-01,0.000000000000000000e+00,0.000000000000000000e+00,0.000000000000000000e+00,-5.870020964360586624e-02,0.000000000000000000e+00,0.000000000000000000e+00,0.000000000000000000e+00,0.000000000000000000e+00,0.000000000000000000e+00,8.385744234800837638e-02,0.000000000000000000e+00,0.000000000000000000e+00,0.000000000000000000e+00,0.000000000000000000e+00,0.000000000000000000e+00,0.000000000000000000e+00,0.000000000000000000e+00,0.000000000000000000e+00
0.000000000000000000e+00,0.000000000000000000e+00,0.000000000000000000e+00,-1.316666666666666607e+01,0.000000000000000000e+00,9.666666666666666075e+00,0.000000000000000000e+00,0.000000000000000000e+00,2.433333333333333215e+01,-2.433333333333333215e+01,1.566666666666666607e+01,0.000000000000000000e+00,0.000000000000000000e+00,1.000000000000000000e+00,1.166666666666666519e+00,-1.900000000000000000e+01,0.000000000000000000e+00,2.283333333333333215e+01,0.000000000000000000e+00,0.000000000000000000e+00,0.000000000000000000e+00,3.333333333333333148e-01,0.000000000000000000e+00,1.116666666666666607e+01,0.000000000000000000e+00,0.000000000000000000e+00,0.000000000000000000e+00,-1.166666666666666519e+00,0.000000000000000000e+00,0.000000000000000000e+00,0.000000000000000000e+00,0.000000000000000000e+00,0.000000000000000000e+00,1.000000000000000000e+00,0.000000000000000000e+00,0.000000000000000000e+00,0.000000000000000000e+00,0.000000000000000000e+00,0.000000000000000000e+00,0.000000000000000000e+00,0.000000000000000000e+00,0.000000000000000000e+00
0.000000000000000000e+00,0.000000000000000000e+00,0.000000000000000000e+00,-1.000000000000000000e+00,0.000000000000000000e+00,7.384615384615383915e-01,0.000000000000000000e+00,0.000000000000000000e+00,1.630769230769230749e+00,-1.630769230769230749e+00,1.076923076923076872e+00,0.000000000000000000e+00,0.000000000000000000e+00,0.000000000000000000e+00,-9.230769230769229894e-02,-1.076923076923076872e+00,0.000000000000000000e+00,1.338461538461538369e+00,0.000000000000000000e+00,0.000000000000000000e+00,0.000000000000000000e+00,0.000000000000000000e+00,0.000000000000000000e+00,8.153846153846153744e-01,0.000000000000000000e+00,0.000000000000000000e+00,0.000000000000000000e+00,-9.230769230769229894e-02,0.000000000000000000e+00,0.000000000000000000e+00,0.000000000000000000e+00,0.000000000000000000e+00,0.000000000000000000e+00,1.846153846153845979e-01,0.000000000000000000e+00,0.000000000000000000e+00,0.000000000000000000e+00,0.000000000000000000e+00,0.000000000000000000e+00,0.000000000000000000e+00,0.000000000000000000e+00,0.000000000000000000e+00
0.000000000000000000e+00,0.000000000000000000e+00,0.000000000000000000e+00,-1.000000000000000000e+00,0.000000000000000000e+00,1.599999999999999867e+00,0.000000000000000000e+00,0.000000000000000000e+00,1.053333333333333321e+01,-1.053333333333333321e+01,0.000000000000000000e+00,0.000000000000000000e+00,0.000000000000000000e+00,0.000000000000000000e+00,-4.866666666666666252e+00,0.000000000000000000e+00,0.000000000000000000e+00,8.733333333333332504e+00,0.000000000000000000e+00,0.000000000000000000e+00,0.000000000000000000e+00,0.000000000000000000e+00,0.000000000000000000e+00,5.999999999999999778e-01,0.000000000000000000e+00,0.000000000000000000e+00,0.000000000000000000e+00,-1.999999999999999833e-01,0.000000000000000000e+00,0.000000000000000000e+00,0.000000000000000000e+00,0.000000000000000000e+00,0.000000000000000000e+00,3.999999999999999667e-01,0.000000000000000000e+00,0.000000000000000000e+00,0.000000000000000000e+00,0.000000000000000000e+00,0.000000000000000000e+00,0.000000000000000000e+00,0.000000000000000000e+00,0.000000000000000000e+00
0.000000000000000000e+00,0.000000000000000000e+00,0.000000000000000000e+00,-5.000000000000000000e-01,0.000000000000000000e+00,2.031250000000000000e-01,0.000000000000000000e+00,0.000000000000000000e+00,1.000000000000000000e+00,-1.000000000000000000e+00,6.406250000000000000e-01,0.000000000000000000e+00,0.000000000000000000e+00,0.000000000000000000e+00,7.812500000000000000e-03,-7.968750000000000000e-01,0.000000000000000000e+00,1.171875000000000000e+00,1.562500000000000000e-02,0.000000000000000000e+00,0.000000000000000000e+00,0.000000000000000000e+00,0.000000000000000000e+00,5.156250000000000000e-01,0.000000000000000000e+00,0.000000000000000000e+00,0.000000000000000000e+00,-7.812500000000000000e-03,0.000000000000000000e+00,0.000000000000000000e+00,0.000000000000000000e+00,0.000000000000000000e+00,0.000000000000000000e+00,0.000000000000000000e+00,0.000000000000000000e+00,0.000000000000000000e+00,0.000000000000000000e+00,0.000000000000000000e+00,0.000000000000000000e+00,0.000000000000000000e+00,0.000000000000000000e+00,0.000000000000000000e+00
0.000000000000000000e+00,0.000000000000000000e+00,0.000000000000000000e+00,-5.000000000000000000e-01,0.000000000000000000e+00,2.222222222222222099e-01,0.000000000000000000e+00,0.000000000000000000e+00,1.000000000000000000e+00,-1.000000000000000000e+00,6.666666666666666297e-01,0.000000000000000000e+00,0.000000000000000000e+00,0.000000000000000000e+00,1.851851851851851749e-02,-8.148148148148147696e-01,0.000000000000000000e+00,1.148148148148148140e+00,0.000000000000000000e+00,0.000000000000000000e+00,0.000000000000000000e+00,0.000000000000000000e+00,1.851851851851851749e-02,5.000000000000000000e-01,0.000000000000000000e+00,0.000000000000000000e+00,0.000000000000000000e+00,-1.851851851851851749e-02,0.000000000000000000e+00,0.000000000000000000e+00,0.000000000000000000e+00,0.000000000000000000e+00,0.000000000000000000e+00,0.000000000000000000e+00,0.000000000000000000e+00,0.000000000000000000e+00,0.000000000000000000e+00,0.000000000000000000e+00,0.000000000000000000e+00,0.000000000000000000e+00,0.000000000000000000e+00,0.000000000000000000e+00
0.000000000000000000e+00,0.000000000000000000e+00,0.000000000000000000e+00,-5.000000000000000000e-01,0.000000000000000000e+00,1.470588235294117418e-01,0.000000000000000000e+00,0.000000000000000000e+00,1.000000000000000000e+00,-1.000000000000000000e+00,6.764705882352940458e-01,0.000000000000000000e+00,0.000000000000000000e+00,2.941176470588235253e-02,1.470588235294117627e-02,-8.529411764705882026e-01,0.000000000000000000e+00,1.235294117647058654e+00,0.000000000000000000e+00,0.000000000000000000e+00,0.000000000000000000e+00,0.000000000000000000e+00,0.000000000000000000e+00,5.294117647058822484e-01,0.000000000000000000e+00,0.000000000000000000e+00,0.000000000000000000e+00,-1.470588235294117627e-02,0.000000000000000000e+00,0.000000000000000000e+00,0.000000000000000000e+00,0.000000000000000000e+00,0.000000000000000000e+00,0.000000000000000000e+00,0.000000000000000000e+00,0.000000000000000000e+00,0.000000000000000000e+00,0.000000000000000000e+00,0.000000000000000000e+00,0.000000000000000000e+00,0.000000000000000000e+00,0.000000000000000000e+00
0.000000000000000000e+00,0.000000000000000000e+00,0.000000000000000000e+00,-4.499999999999999556e-01,0.000000000000000000e+00,9.999999999999999167e-02,0.000000000000000000e+00,0.000000000000000000e+00,1.000000000000000000e+00,-1.000000000000000000e+00,5.999999999999999778e-01,0.000000000000000000e+00,0.000000000000000000e+00,0.000000000000000000e+00,-4.999999999999999584e-02,-7.500000000000000000e-01,0.000000000000000000e+00,1.250000000000000000e+00,0.000000000000000000e+00,0.000000000000000000e+00,0.000000000000000000e+00,0.000000000000000000e+00,0.000000000000000000e+00,5.000000000000000000e-01,0.000000000000000000e+00,0.000000000000000000e+00,0.000000000000000000e+00,0.000000000000000000e+00,0.000000000000000000e+00,0.000000000000000000e+00,0.000000000000000000e+00,0.000000000000000000e+00,0.000000000000000000e+00,0.000000000000000000e+00,0.000000000000000000e+00,0.000000000000000000e+00,0.000000000000000000e+00,0.000000000000000000e+00,0.000000000000000000e+00,0.000000000000000000e+00,0.000000000000000000e+00,0.000000000000000000e+00
0.000000000000000000e+00,0.000000000000000000e+00,0.000000000000000000e+00,-4.886363636363635909e-01,0.000000000000000000e+00,1.363636363636363535e-01,0.000000000000000000e+00,0.000000000000000000e+00,1.000000000000000000e+00,-1.000000000000000000e+00,6.590909090909090606e-01,0.000000000000000000e+00,0.000000000000000000e+00,2.272727272727272443e-02,0.000000000000000000e+00,-8.295454545454544748e-01,0.000000000000000000e+00,1.238636363636363535e+00,0.000000000000000000e+00,0.000000000000000000e+00,0.000000000000000000e+00,0.000000000000000000e+00,0.000000000000000000e+00,5.227272727272727071e-01,0.000000000000000000e+00,0.000000000000000000e+00,0.000000000000000000e+00,-1.136363636363636222e-02,0.000000000000000000e+00,0.000000000000000000e+00,0.000000000000000000e+00,0.000000000000000000e+00,0.000000000000000000e+00,0.000000000000000000e+00,0.000000000000000000e+00,0.000000000000000000e+00,0.000000000000000000e+00,0.000000000000000000e+00,0.000000000000000000e+00,0.000000000000000000e+00,0.000000000000000000e+00,0.000000000000000000e+00
6.250000000000000000e-02,0.000000000000000000e+00,0.000000000000000000e+00,-1.000000000000000000e+00,0.000000000000000000e+00,3.125000000000000000e-01,0.000000000000000000e+00,0.000000000000000000e+00,2.125000000000000000e+00,-2.125000000000000000e+00,1.312500000000000000e+00,0.000000000000000000e+00,0.000000000000000000e+00,0.000000000000000000e+00,0.000000000000000000e+00,-1.687500000000000000e+00,0.000000000000000000e+00,2.625000000000000000e+00,0.000000000000000000e+00,0.000000000000000000e+00,0.000000000000000000e+00,0.000000000000000000e+00,0.000000000000000000e+00,1.062500000000000000e+00,0.000000000000000000e+00,0.000000000000000000e+00,0.000000000000000000e+00,0.000000000000000000e+00,0.000000000000000000e+00,0.000000000000000000e+00,0.000000000000000000e+00,0.000000000000000000e+00,0.000000000000000000e+00,0.000000000000000000e+00,0.000000000000000000e+00,0.000000000000000000e+00,0.000000000000000000e+00,0.000000000000000000e+00,0.000000000000000000e+00,0.000000000000000000e+00,0.000000000000000000e+00,0.000000000000000000e+00
0.000000000000000000e+00,0.000000000000000000e+00,0.000000000000000000e+00,-7.777777777777776791e-01,0.000000000000000000e+00,2.870370370370370350e-01,0.000000000000000000e+00,0.000000000000000000e+00,1.527777777777777679e+00,-1.527777777777777679e+00,1.000000000000000000e+00,0.000000000000000000e+00,0.000000000000000000e+00,0.000000000000000000e+00,1.388888888888888812e-02,-1.236111111111110938e+00,0.000000000000000000e+00,1.814814814814814659e+00,0.000000000000000000e+00,0.000000000000000000e+00,0.000000000000000000e+00,0.000000000000000000e+00,0.000000000000000000e+00,8.101851851851851194e-01,0.000000000000000000e+00,0.000000000000000000e+00,0.000000000000000000e+00,-1.388888888888888812e-02,0.000000000000000000e+00,0.000000000000000000e+00,0.000000000000000000e+00,0.000000000000000000e+00,0.000000000000000000e+00,1.388888888888888812e-02,0.000000000000000000e+00,0.000000000000000000e+00,0.000000000000000000e+00,0.000000000000000000e+00,0.000000000000000000e+00,1.388888888888888812e-02,0.000000000000000000e+00,0.000000000000000000e+00
0.000000000000000000e+00,0.000000000000000000e+00,0.000000000000000000e+00,-5.130434782608694899e-01,0.000000000000000000e+00,1.826086956521738858e-01,0.000000000000000000e+00,0.000000000000000000e+00,1.000000000000000000e+00,-1.000000000000000000e+00,6.652173913043477604e-01,0.000000000000000000e+00,0.000000000000000000e+00,0.000000000000000000e+00,8.695652173913041849e-03,-8.130434782608695343e-01,0.000000000000000000e+00,1.195652173913043459e+00,0.000000000000000000e+00,0.000000000000000000e+00,0.000000000000000000e+00,4.347826086956520925e-03,0.000000000000000000e+00,5.347826086956520841e-01,0.000000000000000000e+00,0.000000000000000000e+00,0.000000000000000000e+00,-8.695652173913041849e-03,0.000000000000000000e+00,0.000000000000000000e+00,0.000000000000000000e+00,0.000000000000000000e+00,0.000000000000000000e+00,1.304347826086956451e-02,0.000000000000000000e+00,0.000000000000000000e+00,0.000000000000000000e+00,0.000000000000000000e+00,0.000000000000000000e+00,0.000000000000000000e+00,0.000000000000000000e+00,0.000000000000000000e+00
0.000000000000000000e+00,0.000000000000000000e+00,0.000000000000000000e+00,-5.192307692307691624e-01,0.000000000000000000e+00,1.666666666666666574e-01,0.000000000000000000e+00,0.000000000000000000e+00,1.000000000000000000e+00,-1.000000000000000000e+00,6.730769230769230171e-01,0.000000000000000000e+00,0.000000000000000000e+00,0.000000000000000000e+00,-9.615384615384614184e-03,-8.076923076923075984e-01,0.000000000000000000e+00,1.205128205128205066e+00,0.000000000000000000e+00,0.000000000000000000e+00,0.000000000000000000e+00,0.000000000000000000e+00,0.000000000000000000e+00,5.448717948717948234e-01,0.000000000000000000e+00,0.000000000000000000e+00,0.000000000000000000e+00,-9.615384615384614184e-03,0.000000000000000000e+00,0.000000000000000000e+00,0.000000000000000000e+00,0.000000000000000000e+00,0.000000000000000000e+00,1.923076923076922837e-02,0.000000000000000000e+00,0.000000000000000000e+00,0.000000000000000000e+00,0.000000000000000000e+00,0.000000000000000000e+00,0.000000000000000000e+00,0.000000000000000000e+00,0.000000000000000000e+00
1.515151515151515020e-02,0.000000000000000000e+00,0.000000000000000000e+00,-5.151515151515151381e-01,0.000000000000000000e+00,1.767676767676767402e-01,0.000000000000000000e+00,0.000000000000000000e+00,1.000000000000000000e+00,-1.000000000000000000e+00,6.666666666666666297e-01,0.000000000000000000e+00,0.000000000000000000e+00,0.000000000000000000e+00,7.575757575757575100e-03,-8.181818181818181213e-01,0.000000000000000000e+00,1.207070707070706961e+00,0.000000000000000000e+00,0.000000000000000000e+00,0.000000000000000000e+00,0.000000000000000000e+00,0.000000000000000000e+00,5.353535353535352481e-01,0.000000000000000000e+00,0.000000000000000000e+00,0.000000000000000000e+00,-7.575757575757575100e-03,0.000000000000000000e+00,0.000000000000000000e+00,0.000000000000000000e+00,0.000000000000000000e+00,0.000000000000000000e+00,1.515151515151515020e-02,0.000000000000000000e+00,0.000000000000000000e+00,0.000000000000000000e+00,0.000000000000000000e+00,0.000000000000000000e+00,0.000000000000000000e+00,0.000000000000000000e+00,0.000000000000000000e+00
0.000000000000000000e+00,0.000000000000000000e+00,0.000000000000000000e+00,-5.116279069767440957e-01,0.000000000000000000e+00,1.589147286821705196e-01,0.000000000000000000e+00,0.000000000000000000e+00,1.000000000000000000e+00,-1.000000000000000000e+00,6.744186046511627675e-01,0.000000000000000000e+00,0.000000000000000000e+00,1.162790697674418589e-02,0.000000000000000000e+00,-8.255813953488371215e-01,0.000000000000000000e+00,1.217054263565891414e+00,0.000000000000000000e+00,0.000000000000000000e+00,0.000000000000000000e+00,0.000000000000000000e+00,0.000000000000000000e+00,5.387596899224805780e-01,0.000000000000000000e+00,0.000000000000000000e+00,0.000000000000000000e+00,-1.162790697674418589e-02,0.000000000000000000e+00,0.000000000000000000e+00,0.000000000000000000e+00,0.000000000000000000e+00,0.000000000000000000e+00,1.162790697674418589e-02,0.000000000000000000e+00,0.000000000000000000e+00,0.000000000000000000e+00,0.000000000000000000e+00,0.000000000000000000e+00,0.000000000000000000e+00,0.000000000000000000e+00,0.000000000000000000e+00
1.639344262295081706e-02,0.000000000000000000e+00,0.000000000000000000e+00,-1.000000000000000000e+00,0.000000000000000000e+00,3.333333333333333148e-01,0.000000000000000000e+00,0.000000000000000000e+00,1.934426229508196649e+00,-1.934426229508196649e+00,1.295081967213114638e+00,0.000000000000000000e+00,0.000000000000000000e+00,0.000000000000000000e+00,0.000000000000000000e+00,-1.573770491803278659e+00,0.000000000000000000e+00,2.333333333333333037e+00,0.000000000000000000e+00,0.000000000000000000e+00,0.000000000000000000e+00,0.000000000000000000e+00,0.000000000000000000e+00,1.043715846994535346e+00,0.000000000000000000e+00,0.000000000000000000e+00,0.000000000000000000e+00,-1.639344262295081706e-02,0.000000000000000000e+00,0.000000000000000000e+00,0.000000000000000000e+00,0.000000000000000000e+00,0.000000000000000000e+00,3.278688524590163411e-02,0.000000000000000000e+00,0.000000000000000000e+00,0.000000000000000000e+00,0.000000000000000000e+00,0.000000000000000000e+00,0.000000000000000000e+00,0.000000000000000000e+00,0.000000000000000000e+00
0.000000000000000000e+00,0.000000000000000000e+00,0.000000000000000000e+00,-5.159817351598172674e-01,0.000000000000000000e+00,1.750380517503805078e-01,0.000000000000000000e+00,0.000000000000000000e+00,1.000000000000000000e+00,-1.000000000000000000e+00,6.689497716894976520e-01,0.000000000000000000e+00,0.000000000000000000e+00,0.000000000000000000e+00,0.000000000000000000e+00,-8.105022831050228138e-01,0.000000000000000000e+00,1.200152207001522031e+00,0.000000000000000000e+00,0.000000000000000000e+00,0.000000000000000000e+00,2.283105022831050102e-03,0.000000000000000000e+00,5.395738203957382018e-01,0.000000000000000000e+00,0.000000000000000000e+00,0.000000000000000000e+00,-9.132420091324200406e-03,0.000000000000000000e+00,0.000000000000000000e+00,0.000000000000000000e+00,0.000000000000000000e+00,0.000000000000000000e+00,1.598173515981735071e-02,0.000000000000000000e+00,0.000000000000000000e+00,0.000000000000000000e+00,0.000000000000000000e+00,0.000000000000000000e+00,0.000000000000000000e+00,0.000000000000000000e+00,0.000000000000000000e+00
0.000000000000000000e+00,0.000000000000000000e+00,0.000000000000000000e+00,-5.140186915887849928e-01,0.000000000000000000e+00,1.775700934579439172e-01,0.000000000000000000e+00,0.000000000000000000e+00,1.000000000000000000e+00,-1.000000000000000000e+00,6.635514018691588412e-01,0.000000000000000000e+00,0.000000000000000000e+00,0.000000000000000000e+00,0.000000000000000000e+00,-8.084112149532709513e-01,0.000000000000000000e+00,1.196261682242990565e+00,0.000000000000000000e+00,0.000000000000000000e+00,0.000000000000000000e+00,0.000000000000000000e+00,0.000000000000000000e+00,5.373831775700933511e-01,0.000000000000000000e+00,0.000000000000000000e+00,0.000000000000000000e+00,-9.345794392523363789e-03,0.000000000000000000e+00,0.000000000000000000e+00,0.000000000000000000e+00,0.000000000000000000e+00,0.000000000000000000e+00,1.401869158878504655e-02,0.000000000000000000e+00,0.000000000000000000e+00,0.000000000000000000e+00,0.000000000000000000e+00,0.000000000000000000e+00,4.672897196261681894e-03,0.000000000000000000e+00,0.000000000000000000e+00
0.000000000000000000e+00,0.000000000000000000e+00,0.000000000000000000e+00,-1.000000000000000000e+00,0.000000000000000000e+00,3.621399176954732124e-01,0.000000000000000000e+00,0.000000000000000000e+00,1.950617283950617065e+00,-1.950617283950617065e+00,1.308641975308641792e+00,0.000000000000000000e+00,0.000000000000000000e+00,0.000000000000000000e+00,0.000000000000000000e+00,-1.580246913580246826e+00,0.000000000000000000e+00,2.312757201646090444e+00,0.000000000000000000e+00,0.000000000000000000e+00,0.000000000000000000e+00,0.000000000000000000e+00,1.234567901234567833e-02,1.032921810699588328e+00,0.000000000000000000e+00,0.000000000000000000e+00,0.000000000000000000e+00,-2.469135802469135665e-02,0.000000000000000000e+00,0.000000000000000000e+00,0.000000000000000000e+00,0.000000000000000000e+00,0.000000000000000000e+00,2.469135802469135665e-02,0.000000000000000000e+00,0.000000000000000000e+00,0.000000000000000000e+00,0.000000000000000000e+00,0.000000000000000000e+00,0.000000000000000000e+00,0.000000000000000000e+00,0.000000000000000000e+00
0.000000000000000000e+00,0.000000000000000000e+00,0.000000000000000000e+00,-5.086206896551723755e-01,0.000000000000000000e+00,1.867816091954022928e-01,0.000000000000000000e+00,0.000000000000000000e+00,1.000000000000000000e+00,-1.000000000000000000e+00,6.551724137931034253e-01,0.000000000000000000e+00,0.000000000000000000e+00,0.000000000000000000e+00,0.000000000000000000e+00,-8.017241379310344751e-01,0.000000000000000000e+00,1.186781609195402210e+00,8.620689655172413673e-03,0.000000000000000000e+00,0.000000000000000000e+00,0.000000000000000000e+00,0.000000000000000000e+00,5.287356321839079554e-01,0.000000000000000000e+00,0.000000000000000000e+00,0.000000000000000000e+00,-8.620689655172413673e-03,0.000000000000000000e+00,0.000000000000000000e+00,0.000000000000000000e+00,0.000000000000000000e+00,0.000000000000000000e+00,8.620689655172413673e-03,0.000000000000000000e+00,0.000000000000000000e+00,0.000000000000000000e+00,0.000000000000000000e+00,0.000000000000000000e+00,0.000000000000000000e+00,0.000000000000000000e+00,0.000000000000000000e+00
0.000000000000000000e+00,0.000000000000000000e+00,0.000000000000000000e+00,-4.871794871794871695e-01,0.000000000000000000e+00,1.794871794871794601e-01,0.000000000000000000e+00,0.000000000000000000e+00,1.000000000000000000e+00,-1.000000000000000000e+00,6.282051282051281937e-01,0.000000000000000000e+00,0.000000000000000000e+00,0.000000000000000000e+00,6.410256410256410034e-03,-7.948717948717948234e-01,0.000000000000000000e+00,1.192307692307692291e+00,0.000000000000000000e+00,0.000000000000000000e+00,0.000000000000000000e+00,0.000000000000000000e+00,0.000000000000000000e+00,5.128205128205127750e-01,0.000000000000000000e+00,0.000000000000000000e+00,0.000000000000000000e+00,-6.410256410256410034e-03,0.000000000000000000e+00,0.000000000000000000e+00,0.000000000000000000e+00,0.000000000000000000e+00,0.000000000000000000e+00,0.000000000000000000e+00,0.000000000000000000e+00,0.000000000000000000e+00,0.000000000000000000e+00,0.000000000000000000e+00,0.000000000000000000e+00,1.282051282051282007e-02,0.000000000000000000e+00,0.000000000000000000e+00
0.000000000000000000e+00,0.000000000000000000e+00,0.000000000000000000e+00,-4.776119402985074536e-01,0.000000000000000000e+00,1.641791044776119146e-01,0.000000000000000000e+00,0.000000000000000000e+00,1.000000000000000000e+00,-1.000000000000000000e+00,6.268656716417909669e-01,0.000000000000000000e+00,0.000000000000000000e+00,0.000000000000000000e+00,3.731343283582089481e-03,-7.910447761194029370e-01,0.000000000000000000e+00,1.208955223880596952e+00,0.000000000000000000e+00,0.000000000000000000e+00,0.000000000000000000e+00,7.462686567164178962e-03,0.000000000000000000e+00,5.074626865671640896e-01,0.000000000000000000e+00,0.000000000000000000e+00,0.000000000000000000e+00,-3.731343283582089481e-03,0.000000000000000000e+00,0.000000000000000000e+00,0.000000000000000000e+00,0.000000000000000000e+00,0.000000000000000000e+00,0.000000000000000000e+00,0.000000000000000000e+00,0.000000000000000000e+00,0.000000000000000000e+00,0.000000000000000000e+00,0.000000000000000000e+00,0.000000000000000000e+00,0.000000000000000000e+00,0.000000000000000000e+00
0.000000000000000000e+00,0.000000000000000000e+00,0.000000000000000000e+00,-7.727272727272727071e-01,0.000000000000000000e+00,2.727272727272727071e-01,0.000000000000000000e+00,0.000000000000000000e+00,1.599999999999999867e+00,-1.599999999999999867e+00,1.000000000000000000e+00,0.000000000000000000e+00,0.000000000000000000e+00,0.000000000000000000e+00,0.000000000000000000e+00,-1.263636363636363447e+00,0.000000000000000000e+00,1.918181818181817988e+00,0.000000000000000000e+00,0.000000000000000000e+00,0.000000000000000000e+00,0.000000000000000000e+00,0.000000000000000000e+00,8.181818181818181213e-01,0.000000000000000000e+00,0.000000000000000000e+00,0.000000000000000000e+00,-9.090909090909090468e-03,0.000000000000000000e+00,0.000000000000000000e+00,0.000000000000000000e+00,0.000000000000000000e+00,0.000000000000000000e+00,0.000000000000000000e+00,0.000000000000000000e+00,0.000000000000000000e+00,0.000000000000000000e+00,0.000000000000000000e+00,0.000000000000000000e+00,1.818181818181818094e-02,0.000000000000000000e+00,0.000000000000000000e+00
0.000000000000000000e+00,0.000000000000000000e+00,0.000000000000000000e+00,-4.756944444444444198e-01,0.000000000000000000e+00,1.597222222222222099e-01,0.000000000000000000e+00,0.000000000000000000e+00,1.000000000000000000e+00,-1.000000000000000000e+00,6.250000000000000000e-01,0.000000000000000000e+00,0.000000000000000000e+00,0.000000000000000000e+00,0.000000000000000000e+00,-7.881944444444444198e-01,0.000000000000000000e+00,1.211805555555555358e+00,0.000000000000000000e+00,0.000000000000000000e+00,0.000000000000000000e+00,6.944444444444444059e-03,0.000000000000000000e+00,5.069444444444444198e-01,0.000000000000000000e+00,0.000000000000000000e+00,0.000000000000000000e+00,-3.472222222222222029e-03,0.000000000000000000e+00,0.000000000000000000e+00,0.000000000000000000e+00,0.000000000000000000e+00,0.000000000000000000e+00,0.000000000000000000e+00,0.000000000000000000e+00,0.000000000000000000e+00,0.000000000000000000e+00,0.000000000000000000e+00,0.000000000000000000e+00,0.000000000000000000e+00,0.000000000000000000e+00,0.000000000000000000e+00
0.000000000000000000e+00,0.000000000000000000e+00,0.000000000000000000e+00,-4.864864864864864580e-01,0.000000000000000000e+00,1.891891891891891719e-01,0.000000000000000000e+00,0.000000000000000000e+00,1.000000000000000000e+00,-1.000000000000000000e+00,6.486486486486485736e-01,0.000000000000000000e+00,0.000000000000000000e+00,0.000000000000000000e+00,0.000000000000000000e+00,-7.972972972972972583e-01,0.000000000000000000e+00,1.175675675675675658e+00,0.000000000000000000e+00,0.000000000000000000e+00,0.000000000000000000e+00,0.000000000000000000e+00,1.351351351351351253e-02,5.000000000000000000e-01,0.000000000000000000e+00,0.000000000000000000e+00,0.000000000000000000e+00,-1.351351351351351253e-02,0.000000000000000000e+00,0.000000000000000000e+00,0.000000000000000000e+00,0.000000000000000000e+00,0.000000000000000000e+00,0.000000000000000000e+00,0.000000000000000000e+00,0.000000000000000000e+00,0.000000000000000000e+00,0.000000000000000000e+00,0.000000000000000000e+00,0.000000000000000000e+00,0.000000000000000000e+00,0.000000000000000000e+00
0.000000000000000000e+00,0.000000000000000000e+00,0.000000000000000000e+00,-4.932432432432432012e-01,0.000000000000000000e+00,1.891891891891891719e-01,0.000000000000000000e+00,0.000000000000000000e+00,1.000000000000000000e+00,-1.000000000000000000e+00,6.351351351351350871e-01,0.000000000000000000e+00,0.000000000000000000e+00,0.000000000000000000e+00,0.000000000000000000e+00,-7.905405405405404595e-01,0.000000000000000000e+00,1.182432432432432234e+00,1.351351351351351253e-02,0.000000000000000000e+00,0.000000000000000000e+00,0.000000000000000000e+00,0.000000000000000000e+00,5.135135135135134865e-01,0.000000000000000000e+00,0.000000000000000000e+00,0.000000000000000000e+00,-6.756756756756756264e-03,0.000000000000000000e+00,0.000000000000000000e+00,0.000000000000000000e+00,0.000000000000000000e+00,0.000000000000000000e+00,0.000000000000000000e+00,0.000000000000000000e+00,0.000000000000000000e+00,0.000000000000000000e+00,0.000000000000000000e+00,0.000000000000000000e+00,0.000000000000000000e+00,0.000000000000000000e+00,0.000000000000000000e+00
