,M_ac_e,M_ca2_e,M_co2_e,M_fe2_e,M_fe3_e,M_for_e,M_gly_e,M_h2_e,M_h2o_e,M_h_e,M_ile__45__L_e,M_k_e,M_leu__45__L_e,M_lys__45__L_e,M_mal__45__L_e,M_mg2_e,M_n2_e,M_pi_e,M_pro__45__L_e,M_so4_e,M_val__45__L_e,objective,virtual_tag_R_constraint_reaction,M_cit_e
0,0.0,-0.00012240092948637027,18.519654016764026,168.49216770189673,-168.49216770189673,0.0,0.0,-80.72513393307293,2.353619767767005,146.96004882656717,0.0,-0.02888662924948364,0.0,0.0,4.275856840330149,-0.004161633034085311,-2.3668382130788403,-0.2313835431232495,3.8501491409496706,-0.02175220101592072,0.0,0.1301407928600975,1.0,-10.0
52,4.741139213953033,-0.00012240092948636612,7.408868394268683,19.853725444043036,-19.853725444043036,22.29830772069858,1.0724527353258717,0.9779900102669432,-19.493359680282055,23.579073357358865,0.0,-0.028886629249479934,0.0,0.0,3.384866767326543,-0.004161633034085169,-0.9779900102669432,-0.23138354312324852,0.0,-0.021752201015911563,0.0,0.1301407928601313,1.0,-10.0
71,0.849800762271928,-0.00012240092948636553,5.463199168428112,19.85372544404294,-19.85372544404294,17.758412860403887,0.4238963267123456,0.6537118059601815,-16.89913404582791,22.93051694874525,0.0,-0.02888662924947298,0.0,0.0,7.276205219007609,-0.00416163303408515,-0.6537118059601815,-0.23138354312325518,0.0,-0.021752201015916912,0.0,0.1301407928601312,1.0,-10.0
74,0.0,-0.0001224009294863654,5.083244837593338,22.559827310302698,-22.559827310302698,23.259958448247072,0.0,0.7223618404080201,-19.833885945154226,27.87887230984023,0.0,-0.028886629249476665,0.0,0.28059819780401646,6.211758652541596,-0.004161633034085145,-0.7223618404080201,-0.23138354312325288,0.0,-0.021752201015911563,0.0,0.13014079286013341,1.0,-10.0
75,0.0,-0.00012240092948636515,5.598274926786418,21.224564116098367,-21.224564116098367,20.03625159366811,0.0,0.7032866519193871,-17.907291907802296,24.750541397704428,0.0,-0.028886629249475545,0.0,0.2615230093153841,6.917540626620984,-0.004161633034085136,-0.7032866519193871,-0.23138354312324416,0.0,-0.02175220101591491,0.0,0.13014079286013389,1.0,-10.0
76,0.0,-0.0001224009294863655,5.279134145494267,21.99863091469467,-21.99863091469467,23.000537472918836,0.0,0.7117732291701349,-19.034445796693735,26.862365631003044,0.0,-0.028886629249470618,0.0,0.0,5.973514899689118,-0.0041616330340851476,-0.7117732291701349,-0.2313835431232455,0.5400191731322675,-0.02175220101590988,0.0,0.13014079286013,1.0,-10.0
77,0.0,-0.0001224009294863657,5.7808475936670005,20.701518097467666,-20.701518097467666,19.7944661699615,0.0,0.6934178591150368,-17.162198051073617,23.8031372884865,0.0,-0.028886629249481207,0.0,0.0,6.695492788523043,-0.0041616330340851545,-0.6934178591150368,-0.23138354312324955,0.5033084330220677,-0.021752201015918272,0.0,0.13014079286012578,1.0,-10.0
78,0.0,-0.0001224009294863659,7.094198588522215,21.99863091469474,-21.99863091469474,24.33558487316259,0.0,0.8392777561597009,-19.319455915846934,25.587320361107476,0.0,-0.02888662924947129,0.7950282271114011,0.0,4.668468564619478,-0.004161633034085161,-0.8392777561597009,-0.23138354312324522,0.0,-0.02175220101590833,0.0,0.13014079286012972,1.0,-10.0
79,0.0,-0.00012240092948636615,7.472523160213442,20.701518097467755,-20.701518097467755,21.0387564627106,0.0,0.8122545724674746,-17.42783305739088,22.61477015496225,0.0,-0.028886629249478706,0.7409818597269362,0.0,5.4791640753863815,-0.00416163303408517,-0.8122545724674746,-0.23138354312325762,0.0,-0.02175220101591962,0.0,0.13014079286013558,1.0,-10.0
101,0.0,-0.00012240092948636596,6.486235826613492,23.121023705910854,-23.121023705910854,23.540556646051204,0.0,0.7223618404080246,-19.553287747350307,27.31767591423231,0.5611963956080472,-0.028886629249477193,0.0,0.0,5.3699640591295505,-0.004161633034085164,-0.7223618404080246,-0.23138354312325513,0.0,-0.021752201015910494,0.0,0.130140792860126,1.0,-10.0
102,0.0,-0.00012240092948636572,6.905889973363406,21.747610134729253,-21.747610134729253,20.297774602983594,0.0,0.7032866519193965,-17.645768898486985,24.22749537907376,0.5230460186307763,-0.028886629249473047,0.0,0.0,6.132971598674845,-0.004161633034085156,-0.7032866519193965,-0.2313835431232522,0.0,-0.02175220101591806,0.0,0.13014079286012775,1.0,-10.0
103,0.0,-0.00012240092948636612,5.57377876504546,21.5242238481668,-21.5242238481668,20.955261638275104,0.0,0.0,-17.766392668446244,25.340685614168255,0.40912021868004067,-0.028886629249474365,0.0,0.0,6.472516341857605,-0.004161633034085169,-0.6463237519440247,-0.23138354312325116,0.0,-0.021752201015918928,0.0,0.13014079286013203,1.0,-10.0
104,0.0,-0.0001224009294863661,6.017527886728383,20.192976483118006,-20.192976483118006,17.780748690851052,0.0,0.0,-15.906059812160098,22.302710858031258,0.37498567085827067,-0.028886629249480985,0.0,0.0,7.206409120025534,-0.0041616330340851675,-0.629256478033145,-0.23138354312325476,0.0,-0.021752201015917693,0.0,0.13014079286012994,1.0,-10.0
112,1.2203751769920288,-0.00012240092948636612,4.800895033556823,19.853725444043036,-19.853725444043036,19.16873968784436,0.42045939514790087,0.0,-17.276582323676976,23.970269361465643,0.0,-0.0288866292494791,0.0,0.0,6.905630804287546,-0.004161633034085169,-0.6519933401779613,-0.23138354312324647,0.0,-0.021752201015911212,0.0,0.1301407928601328,1.0,-10.0
139,0.0,-0.00012240092948636528,4.550978218345312,21.11510362948662,-21.11510362948662,20.75070152893495,0.0,0.0,-17.970952777786145,25.749805832848118,0.0,-0.028886629249479455,0.0,0.20456010934000865,7.086196669877618,-0.0041616330340851415,-0.6463237519440221,-0.2313835431232512,0.0,-0.021752201015917693,0.0,0.1301407928601317,1.0,-10.0
140,0.0,-0.0001224009294863663,5.150592588102389,19.85372544404307,-19.85372544404307,17.680711664786358,0.0,0.0,-16.117062273762492,22.673934988701863,0.0,-0.028886629249479677,0.0,0.17714859991291176,7.700239517887133,-0.004161633034085177,-0.636779558408577,-0.23138354312325482,0.0,-0.021752201015913908,0.035734631783296764,0.13014079286013092,1.0,-10.0
141,0.0,-0.0001224009294863663,5.093542561922012,19.78225618047646,-19.78225618047646,17.578523156353388,0.0,0.0,-16.04245839337279,22.61249649896916,0.0,-0.028886629249478178,0.0,0.1689985961728606,7.752274157150544,-0.004161633034085176,-0.6286295546685204,-0.23138354312325632,0.0357346317833051,-0.021752201015910046,0.0,0.1301407928601363,1.0,-10.0
142,0.0,-0.00012240092948636555,5.169400289040935,19.853725444042947,-19.853725444042947,17.611123171313494,0.0,0.0,-16.075685331697517,22.641961897106132,0.035734631783298686,-0.028886629249477613,0.0,0.16962551953747718,7.715285678637955,-0.00416163303408515,-0.6292564780331397,-0.2313835431232461,0.0,-0.021752201015918203,0.0,0.1301407928601284,1.0,-10.0
143,0.0,-0.00012240092948636566,5.093229100239684,19.853725444042965,-19.853725444042965,17.655321268519177,0.0,0.01786731589165081,-16.139631514888706,22.730358091517488,0.0,-0.0288866292494774,0.0,0.1893736055229864,7.747258770233553,-0.0041616330340851545,-0.6311372481270008,-0.2313835431232475,0.0,-0.02175220101591491,0.0,0.13014079286013056,1.0,-10.0
144,0.0,-0.00012240092948636615,5.096520447903956,19.889460075826342,-19.889460075826342,17.65297030590192,0.0,0.0,-16.137750744794914,22.761390798066238,0.0,-0.028886629249482355,0.0,0.1898437980464579,7.746318385186654,-0.004161633034085171,-0.6316074406504636,-0.23138354312325685,0.0,-0.021752201015910477,0.0,0.13014079286013702,1.0,-10.0
145,0.0,-0.00012240092948636542,5.065487741355264,19.85372544404293,-19.85372544404293,17.680241472262768,0.0,0.0,-16.145273825170253,22.762331183113044,0.0,-0.028886629249474337,0.0,0.18796302795259792,7.750079925374321,-0.004161633034085147,-0.6297266705566084,-0.2313835431232499,0.0,-0.02175220101591243,0.0,0.13014079286013158,1.0,-10.0
146,0.0,-0.0001224009294863653,4.700064399728719,20.719851892795745,-20.719851892795745,20.58774686556239,0.0,0.0,-17.405812136728123,25.028644769412136,0.0,-0.02888662924947287,0.0,0.0,6.902439283521339,-0.004161633034085142,-0.6393895109494487,-0.2313835431232508,0.39525173669088126,-0.021752201015908305,0.0,0.13014079286013608,1.0,-10.0
147,0.0,-0.00012240092948636637,5.2167110303191935,19.45571652007465,-19.45571652007465,17.443897156012305,0.0,0.0,-15.575563966657922,22.01670483788516,0.0,-0.02888662924947341,0.0,0.0,7.600461858893566,-0.004161633034085179,-0.6229007886965682,-0.2313835431232533,0.3622742921851177,-0.021752201015913016,0.0,0.13014079286013716,1.0,-10.0
148,0.0,-0.0001224009294863653,5.895230365436875,20.55986904699228,-20.55986904699228,21.218267493140715,0.0,0.0,-17.401106758910373,23.90876484878795,0.0,-0.02888662924947068,0.5552345824943296,0.0,6.107230432321808,-0.0041616330340851415,-0.7193809338511735,-0.23138354312324436,0.0,-0.021752201015908572,0.0,0.13014079286012786,1.0,-10.0
149,0.0,-0.0001224009294863654,5.627310405279841,19.400754399016773,-19.400754399016773,17.660512574298508,0.0,0.0,-15.573947433685516,21.631969990480872,0.0,-0.028886629249482224,0.19075089072976928,0.0,7.3272677865771465,-0.004161633034085144,-0.6503818492254233,-0.23138354312325438,0.22648552251306786,-0.021752201015915656,0.0,0.13014079286013516,1.0,-10.0
150,0.0,-0.00012240092948636637,6.130611566420064,19.853725444043082,-19.853725444043082,17.873271701507907,0.0,0.0,-15.777555630692342,21.798974466677564,0.23106098761435012,-0.028886629249474164,0.19532635583103736,0.0,7.077904938557751,-0.004161633034085178,-0.654957314326701,-0.2313835431232509,0.0,-0.021752201015910667,0.0,0.13014079286013575,1.0,-10.0
151,0.0,-0.00012240092948636645,6.766029282359529,19.853725444043086,-19.853725444043086,19.20187238029044,0.0,0.31770885796972553,-16.297442852824638,21.6256787259668,0.0,-0.02888662924947938,0.5996830841561576,0.0,6.3269567288111075,-0.00416163303408518,-0.7416051846820805,-0.23138354312325424,0.0,-0.021752201015918494,0.0,0.13014079286013613,1.0,-10.0
152,0.0,-0.00012240092948636588,6.3339452355206625,19.853725444043,-19.853725444043,18.566454664350886,0.0,0.0,-16.01785905781121,21.7527622691546,0.0,-0.028886629249474813,0.2692658718676334,0.0,6.708207358374765,-0.004161633034085162,-0.7288968303632976,-0.23138354312325596,0.0,-0.02175220101591779,0.3050005036509434,0.13014079286013613,1.0,-10.0
153,0.0,-0.00012240092948636515,6.904163568433256,20.516770017197096,-20.516770017197096,19.229499237505,0.0,0.0,-16.269815995609708,22.150589013047004,0.0,-0.028886629249476912,0.6273099413709123,0.0,6.244076157166763,-0.004161633034085137,-0.7554186132894581,-0.2313835431232478,0.0,-0.021752201015908974,0.0,0.1301407928601338,1.0,-10.0
154,0.0,-0.00012240092948636607,6.130611566420048,19.85372544404303,-19.85372544404303,19.413678285603538,0.0,0.0,-16.36804482126232,22.261096441906208,0.0,-0.028886629249472183,0.5290811157184364,0.0,6.538762634124254,-0.0041616330340851675,-0.7063042004632218,-0.23138354312324774,0.0,-0.021752201015909203,0.0,0.13014079286012675,1.0,-10.0
168,1.9772020882582602,-0.0001224009294863663,9.425948380183828,19.853725444043057,-19.853725444043057,24.46652806670804,0.0,0.0,-17.612949839795323,20.942961716400735,0.0,-0.028886629249481204,1.2613781854437218,0.0,2.3646693366901403,-0.0041616330340851744,-1.0724527353258633,-0.23138354312324846,0.0,-0.021752201015910175,0.0,0.13014079286012809,1.0,-10.0
179,0.0,-0.00012240092948636593,5.945706236572758,21.821765825388624,-21.821765825388624,22.48016427153706,0.0,0.0,-18.43586211719538,25.675420338542796,0.0,-0.028886629249479344,0.0,0.0,5.728661398802972,-0.004161633034085163,-0.7950947405549533,-0.2313835431232536,0.0,-0.021752201015919032,0.7066621959018861,0.13014079286013222,1.0,-10.0
180,0.0,-0.0001224009294863657,6.358423951144978,20.465693334651228,-20.465693334651228,19.178422554959127,0.0,0.0,-16.51967272810996,22.60951731600614,0.0,-0.0288866292494792,0.0,0.0,6.524616991192272,-0.0041616330340851545,-0.765614903799788,-0.23138354312325413,0.0,-0.021752201015917162,0.6477025223915639,0.13014079286012858,1.0,-10.0
209,0.0,-0.0001224009294863739,19.163190176698375,201.30467081496096,-201.30467081496096,0.0,3.3028782719846013,-86.1185824066238,-9.724845465853601,184.073706658577,0.0,-0.028886629249484493,0.5665239271588414,0.0,6.426434199803357,-0.004161633034085433,-2.376464742175772,-0.23138354312324044,0.0,-0.02175220101592136,0.0,0.13014079286009622,1.0,-10.0
210,0.0,-0.00012240092948636626,18.422351195027957,195.20364390708383,-195.20364390708383,0.0,3.084984453846382,-84.04859113430724,-9.24547906594935,178.40846738697704,0.0,-0.028886629249482695,0.0,0.0,6.644328017941003,-0.0041616330340851744,-2.354675360361814,-0.23138354312323903,0.0,-0.021752201015920007,0.7408389816692524,0.13014079286010313,1.0,-10.0
212,0.0,-0.00012240092948636843,24.77354232179517,165.56731592669797,-165.56731592669797,0.0,0.0,-65.12184440160758,-8.073406329860926,144.7373399438554,0.0,-0.028886629249483202,1.9320952691238795,0.0,4.626928286573428,-0.004161633034085247,-1.4078112771659461,-0.23138354312321346,0.0,-0.021752201015920385,0.0,0.13014079286013064,1.0,-10.0
213,0.0,-0.00012240092948636588,3.119057452965194,17.228461552026307,-17.228461552026307,16.625481812731024,0.0,-0.6306890927218556,-14.271862044964042,21.334754717335993,0.0,-0.028886629249476974,0.0,0.0,6.813374035271219,-0.0041616330340851606,-0.44176364260400236,-0.23138354312324996,0.0,-0.021752201015912083,0.0,0.1301407928601336,1.0,-8.68736805399166
214,0.0,-0.00012240092948636553,4.734604463436982,19.85372544404294,-19.85372544404294,18.84685895212971,0.0,-0.8326324690308307,-16.089352431744786,23.253216792271193,0.0,-0.028886629249472995,0.0,0.0,7.318232476043636,-0.004161633034085149,-0.6437070189129711,-0.231383543123253,0.0,-0.021752201015916607,0.40388675261794643,0.13014079286012561,1.0,-10.0
215,0.0,-0.00012240092948636585,4.088385659248269,19.369061340901453,-19.369061340901453,18.039085446893857,0.0,-0.751855118507241,-15.685465679126878,23.09166209122408,0.0,-0.028886629249473748,0.0,0.0,7.883673929708785,-0.0041616330340851606,-0.5629296683893855,-0.23138354312324805,0.2423320515707703,-0.02175220101591165,0.0,0.1301407928601274,1.0,-10.0
216,0.0,-0.00012240092948636553,4.086259939497645,19.853725444042936,-19.853725444042936,18.559886785795896,0.0,-0.6306890927218523,-16.344438801819273,23.89093271745744,0.0,-0.028886629249476343,0.0,0.1381717837903405,7.849662413698838,-0.00416163303408515,-0.5799354263943565,-0.2313835431232535,0.0,-0.02175220101591507,0.0,0.1301407928601342,1.0,-10.0
217,0.0,-0.00012240092948636637,5.306777362979115,19.85372544404307,-19.85372544404307,19.688289686750565,0.0,-0.41191710172046536,-16.459581954978013,23.08493064534721,0.0,-0.028886629249475354,0.43754398200277683,0.0,6.8133740352712415,-0.004161633034085178,-0.6605356336053962,-0.23138354312324821,0.0,-0.02175220101591118,0.0,0.13014079286012975,1.0,-10.0
218,0.0,-0.00012240092948636547,4.619208248403275,19.85372544404293,-19.85372544404293,18.25064517445558,0.0,-0.7557016590083658,-15.89702540668861,23.272449494776794,0.25002513257301534,-0.028886629249482043,0.0,0.0,7.625955716133501,-0.0041616330340851476,-0.5667762088905098,-0.23138354312324788,0.0,-0.021752201015910154,0.0,0.13014079286013583,1.0,-10.0
219,0.0,-0.0001224009294863653,3.8969134209701095,19.853725444042905,-19.853725444042905,18.083961752740215,0.19446399200122502,-0.3389931047200039,-16.508197952978183,24.105866603353483,0.0,-0.0288866292494736,0.0,0.0,8.126005981279521,-0.0041616330340851415,-0.5389956386046169,-0.2313835431232556,0.0,-0.021752201015910456,0.0,0.13014079286012528,1.0,-10.0
220,0.0,-0.00012240092948636534,1.8064255069568447,19.853725444042905,-19.853725444042905,20.563377650755957,0.0,-1.943321038730187,-16.89712593698065,26.585282501369242,0.0,-0.028886629249474,0.0,0.0,8.126005981279526,-0.004161633034085142,-0.4417636426039993,-0.23138354312324694,0.0,-0.021752201015908912,0.0,0.13014079286013353,1.0,-10.0
221,0.0,-0.0001224009294863655,9.532283414996616,95.9312203634008,-95.9312203634008,9.630906761700464,1.6033064905078471,-36.264476816639,-13.690512955964925,91.73030653167166,0.0,-0.02888662924948251,0.0,0.0,8.126005981279516,-0.0041616330340851476,-1.2434168878579077,-0.23138354312324036,0.0,-0.021752201015919872,0.0,0.13014079286013586,1.0,-10.0
224,0.0,-0.00012240092948636564,5.452589630556026,22.59226601152875,-22.59226601152875,15.456762152990859,0.0,-0.3966528859568837,-15.80178740635622,24.947433258172925,0.0,-0.0288866292494773,0.0,0.0,8.491118824821033,-0.004161633034085154,-0.44176364260400564,-0.23138354312324722,0.0,-0.02175220101591458,0.0,0.13014079286013017,1.0,-10.0
225,0.0,-0.00012240092948636737,8.5481642738859,78.21707582340666,-78.21707582340666,10.896202800271729,1.1815411443174932,-27.618287219736914,-14.112278302155513,75.56263492770877,0.0,-0.02888662924948296,0.0,0.0,8.266594430009771,-0.004161633034085212,-1.032534214762754,-0.2313835431232417,0.0,-0.021752201015920205,0.0,0.1301407928601191,1.0,-10.0
226,0.0,-0.00012240092948636542,7.024260394235604,47.738998230402,-47.738998230402,13.436042599688514,0.6735731844340874,-12.633232403176473,-15.128214221922084,47.624397134121125,0.0,-0.02888662924946342,0.0,0.0,8.266594430009643,-0.004161633034085147,-0.7785502348210512,-0.23138354312324708,0.0,-0.021752201015912388,0.0,0.1301407928601193,1.0,-10.0
227,0.0,-0.0001224009294863689,18.311953021534176,155.84656170965474,-155.84656170965474,0.0,0.0,-72.94061843134183,1.002121115502876,135.3049253311675,0.0,-0.028886629249483313,0.0,0.0,4.77109808875111,-0.004161633034085264,-2.1895118132333504,-0.23138354312323142,3.4954963412587103,-0.021752201015920472,0.0,0.13014079286013072,1.0,-10.0
229,0.0,-0.00012240092948636653,17.510256129131545,147.56236048816146,-147.56236048816146,1.0021211155028305,0.0,-68.49788148594442,0.0,128.42369367137863,0.0,-0.028886629249482758,0.0,0.0,4.971522311851596,-0.004161633034085183,-2.0892997016830535,-0.23138354312324466,3.295072118158056,-0.021752201015920052,0.0,0.13014079286012056,1.0,-10.0
230,0.0,-0.00012240092948637173,17.656660101916305,156.9525423640907,-156.9525423640907,0.0,0.0,-72.71938248479114,0.0,137.61713527201024,0.0,-0.028886629249483986,0.0,0.0,5.374212731954817,-0.00416163303408536,-2.0137952479137895,-0.23138354312323423,3.1440632106195907,-0.021752201015920975,0.0,0.13014079286010555,1.0,-10.0
233,0.0,-0.0001224009294863683,17.81799935294907,150.36816647625648,-150.36816647625648,0.0,0.0,-68.92163176421785,-0.3450252533653486,131.08386670871303,0.0,-0.028886629249483167,0.0,0.0,5.399766394222949,-0.004161633034085243,-1.9874398579031196,-0.23138354312321452,3.091352430598234,-0.021752201015920368,0.0,0.13014079286011307,1.0,-10.0
234,0.0,-0.00012240092948637051,17.944508612516742,151.7712691732784,-151.7712691732784,0.0,0.0,-69.95095710342582,0.0,132.16494583592691,0.0,-0.0288866292494837,0.0,0.0,5.238754609319201,-0.004161633034085318,-2.039193645907973,-0.23138354312325937,3.194860006607865,-0.02175220101592076,0.0,0.13014079286009841,1.0,-10.0
235,0.0,-0.000122400929486371,22.74062665571675,215.44332588405283,-215.44332588405283,0.0,0.0,-101.13422525330972,0.0,190.1682350954529,0.0,-0.02888662924948381,0.0,1.5100890753862928,3.15941542138821,-0.004161633034085335,-2.9953531469149066,-0.23138354312324705,2.0870008578491626,-0.02175220101592085,0.0,0.13014079286009825,1.0,-10.0
236,0.0,-0.00012240092948636775,18.210359429557332,163.09357127065647,-163.09357127065647,0.0,0.0,-77.22448155969114,1.5100890753862495,142.34874770821608,0.0,-0.028886629249483046,0.0,0.0,4.669504496774435,-0.004161633034085225,-2.2403086092216533,-0.231383543123228,3.5970899332353476,-0.021752201015920267,0.0,0.13014079286011973,1.0,-10.0
237,0.0,-0.00012240092948637038,17.908341614480477,164.75466925358495,-164.75466925358495,0.0,0.37752226884655105,-76.80920706396158,0.0,144.91589913637586,0.0,-0.028886629249483667,0.0,0.0,5.122531219390411,-0.004161633034085315,-2.202556382337093,-0.23138354312322226,3.1440632106195148,-0.021752201015920736,0.0,0.13014079286013766,1.0,-10.0
238,0.0,-0.0001224009294863696,17.00228816924859,150.61016824746562,-150.61016824746562,1.5100890753862606,0.0,-70.52975332547975,0.0,131.9794693905657,0.0,-0.02888662924948348,0.0,0.0,4.971522311851729,-0.004161633034085288,-2.0892997016830734,-0.23138354312322423,3.295072118158153,-0.0217522010159206,0.0,0.1301407928601189,1.0,-10.0
239,0.0,-0.00012240092948636772,17.265126514103315,168.29235230565354,-168.29235230565354,0.0,1.1815411443175161,-75.92478630094182,-3.2160755018837897,150.38322748957515,0.0,-0.02888662924948304,0.0,0.0,6.087353869955414,-0.004161633034085224,-2.122154494789894,-0.23138354312323162,2.1792405600543256,-0.021752201015920264,0.0,0.13014079286009497,1.0,-10.0
240,0.0,-0.0001224009294863711,18.51237724463512,147.56236048816697,-147.56236048816697,0.0,0.0,-67.49576037044406,0.0,127.42157255588052,0.0,-0.028886629249483837,0.0,0.0,4.971522311851804,-0.004161633034085338,-2.089299701683099,-0.23138354312325163,3.295072118158166,-0.021752201015920868,0.0,0.13014079286013006,1.0,-10.0
241,0.0,-0.00012240092948636732,4.329967656499233,60.79212804333215,-60.79212804333215,1.0021211155028498,0.0,-28.407837381687816,0.0,56.481285758260675,0.0,-0.02888662924946747,0.0,0.0,0.028914134614488798,-0.004161633034085211,-0.44176364260399975,-0.2313835431232507,0.0,-0.021752201015920198,0.0,0.13014079286012697,1.0,-1.7623197046047334
243,0.0,-0.0001224009294863715,21.645388076547466,153.60672616545867,-153.60672616545867,0.0,0.0,-62.5917196444231,-6.969351890361761,134.61684091511455,0.0,-0.02888662924948393,0.0,0.0,5.546973652823034,-0.004161633034085353,-1.5458180821033756,-0.23138354312322412,0.0,-0.021752201015920937,2.208108878998781,0.13014079286014033,1.0,-10.0
244,2.4077266904251906,-0.00012240092948637211,19.1631901766981,201.87119474211698,-201.87119474211698,0.0,4.011033180933134,-85.62287397035851,-11.282786265540393,185.63164745826128,0.0,-0.028886629249484073,0.0,0.0,5.718279290854705,-0.004161633034085373,-2.447280233070614,-0.2313835431232374,0.0,-0.021752201015921045,0.0,0.13014079286010796,1.0,-10.0
264,0.0,-0.00012240092948637344,19.16319017669833,209.75102754714726,-209.75102754714726,0.0,2.4788434688444103,-91.8610749410068,-8.437291085947015,191.5415220620344,0.0,-0.02888662924948439,0.0,0.8755369783364125,6.374932024607124,-0.004161633034085417,-2.5567223553626643,-0.2313835431232429,0.0,-0.021752201015921277,0.0,0.13014079286007815,1.0,-10.0
265,0.0,-0.00012240092948636696,30.07010143961217,301.9640045881441,-301.9640045881441,0.0,0.0,-141.68582866477232,-1.4965293731824818,268.88143828996647,0.0,-0.028886629249482865,0.0,3.850149140949563,0.42570769938046443,-0.004161633034085198,-4.291912783553508,-0.23138354312325227,0.0,-0.021752201015920132,0.0,0.1301407928600768,1.0,-10.0
268,0.0,-0.0001224009294863674,25.58051332006459,250.08431965114914,-250.08431965114914,0.0,0.0,-117.99078025604868,0.0,221.49134147251905,0.0,-0.028886629249482966,0.0,2.353619767766969,1.922237072563042,-0.0041616330340852135,-3.5436480969622486,-0.23138354312321238,1.4965293731825233,-0.021752201015920212,0.0,0.13014079286008473,1.0,-10.0
275,0.0,-0.00012240092948636618,11.34481546501916,124.9278794355143,-124.9278794355143,0.0,0.0,-58.47147084677323,0.0,112.60006822642005,0.0,-0.02888662924948267,0.0,1.0021211155028245,0.028914134614504323,-0.004161633034085171,-1.4438847581068381,-0.23138354312325057,0.0,-0.02175220101591999,0.0,0.13014079286011312,1.0,-3.7665619356105475
276,0.0,-0.00012240092948637304,21.318316368043572,190.5867603804276,-190.5867603804276,0.0,0.0,-88.80753609347369,0.0,167.0387606554309,0.0,-0.028886629249484284,0.0,1.002121115502852,3.768976973248362,-0.004161633034085403,-2.690572370984868,-0.23138354312325995,2.4933752257558934,-0.021752201015921204,0.0,0.13014079286008495,1.0,-10.0
277,0.0,-0.00012240092948637043,30.04512965818867,218.42945040136428,-218.42945040136428,0.0,0.0,-100.54717778140575,0.0,187.40132499910047,3.116719032194779,-0.02888662924948368,0.0,1.0021211155028724,0.028914134614505333,-0.004161633034085317,-3.002244274204327,-0.23138354312324919,0.0,-0.02175220101592075,0.0,0.13014079286008895,1.0,-10.0
278,0.0,-0.00012240092948637374,28.798442045311546,277.023768206635,-277.023768206635,0.0,0.0,-128.28597716794346,-2.493375225755933,245.99564280437028,0.0,-0.028886629249484454,0.0,3.4954963412587765,1.2756017474923884,-0.004161633034085428,-3.9372599838628926,-0.23138354312322051,0.0,-0.021752201015921336,0.0,0.1301407928601406,1.0,-10.0
281,0.0,-0.00012240092948636545,30.045129658187374,348.31571383376706,-348.31571383376706,0.0,0.0,-167.04866901370494,0.0,314.1708693993098,0.0,-0.028886629249482494,0.0,4.118840147697508,0.02891413461450415,-0.004161633034085146,-4.5606037903014975,-0.23138354312320336,0.0,-0.021752201015919854,0.0,0.13014079286009866,1.0,-10.0
282,0.0,-0.0001224009294863705,22.197415296296967,201.63309428368092,-201.63309428368092,0.0,0.0,-87.98497175290856,-6.141311060737133,180.1590865444633,0.0,-0.028886629249483695,0.0,1.9320952691239137,5.270960042948149,-0.004161633034085318,-2.3738589117279054,-0.23138354312325557,0.0,-0.02175220101592076,0.0,0.13014079286013103,1.0,-10.0
283,0.0,-0.00012240092948636913,29.00162922926382,287.7926889561528,-287.7926889561528,0.0,0.0,-134.17840550258612,-2.087000857849054,256.25659559400594,0.0,-0.028886629249483372,0.0,3.597089933235361,1.0724145635390017,-0.004161633034085272,-4.0388535758394175,-0.231383543123181,0.0,-0.021752201015920514,0.0,0.13014079286010252,1.0,-10.0
313,0.0,-0.0001224009294863656,19.163190176697107,188.38792527572556,-188.38792527572556,0.0,2.5663971666779117,-81.52973859663126,-7.911968898944612,170.70374197761566,0.9630906761700259,-0.02888662924948254,0.0,0.0,6.199824628939406,-0.004161633034085152,-2.206507564027944,-0.23138354312322365,0.0,-0.02175220101591989,0.0,0.13014079286011873,1.0,-10.0
332,0.0,-0.00012240092948636761,29.053151300378445,206.1898552983544,-206.1898552983544,0.0,0.5884049419417058,-94.88118611360198,0.0,176.6377186518271,3.930079013274316,-0.028886629249483004,0.0,0.0,0.2658479547309302,-0.0041616330340852195,-2.7010056202120087,-0.2313835431231979,0.0,-0.021752201015920247,0.0,0.1301407928601298,1.0,-10.0
350,0.0,-0.0001224009294863681,29.043008542685275,184.35733247426245,-184.35733247426245,1.0021211155028296,0.0,-84.01217937560645,0.0,155.333449303005,4.1188401476976155,-0.028886629249483133,0.0,0.0,0.028914134614504778,-0.004161633034085237,-2.50118371645282,-0.23138354312322823,0.0,-0.021752201015920333,0.0,0.1301407928601319,1.0,-10.0
351,0.0,-0.00012240092948636924,28.660881339084316,192.0612482160057,-192.0612482160057,0.0,0.0,-87.52268010145661,0.0,163.2936514920669,3.9300790132743524,-0.02888662924948339,0.0,0.0,0.658117916025391,-0.004161633034085275,-2.4068031492411848,-0.23138354312323,0.0,-0.021752201015920535,0.0,0.1301407928600815,1.0,-10.0
354,0.0,-0.00012240092948636813,30.04512965818812,184.35733247426253,-184.35733247426253,0.0,0.0,-83.01005826010359,0.0,154.33132818750218,4.118840147697666,-0.02888662924948313,0.0,0.0,0.02891413461450478,-0.004161633034085238,-2.501183716452821,-0.23138354312320836,0.0,-0.021752201015920337,0.0,0.13014079286008282,1.0,-10.0
355,0.0,-0.00012240092948636802,29.126518635643805,187.44720591372953,-187.44720591372953,0.0,0.0,-84.99342296786965,0.0,158.25630255655497,3.9935750082597847,-0.028886629249483108,0.0,0.0,0.4464645994073229,-0.004161633034085233,-2.438551146733904,-0.23138354312323697,0.0,-0.021752201015920316,0.0,0.13014079286012925,1.0,-10.0
356,0.0,-0.00012240092948637377,30.045129658189477,238.74816879670726,-238.74816879670726,0.0,0.0,-110.96052095901872,0.0,207.21207543455918,2.6087510723114744,-0.028886629249484465,0.0,1.5100890753862983,0.028914134614506114,-0.0041616330340854294,-3.2562282541460887,-0.23138354312320106,0.0,-0.02175220101592134,0.0,0.1301407928600769,1.0,-10.0
357,0.0,-0.00012240092948637358,28.912562851649696,199.8633751055086,-199.8633751055086,0.0,0.3775222688465226,-91.61250468063106,0.0,170.59241535644006,3.930079013274514,-0.028886629249484416,0.0,0.0,0.4064364034610394,-0.0041616330340854225,-2.595564283664556,-0.23138354312323325,0.0,-0.021752201015921305,0.0,0.13014079286012278,1.0,-10.0
358,0.0,-0.00012240092948637176,28.53504058280271,187.40514023356843,-187.40514023356843,1.5100890753862566,0.0,-86.04405121514264,0.0,158.88922502219356,4.118840147697769,-0.028886629249483986,0.0,0.0,0.028914134614505642,-0.004161633034085361,-2.5011837164528865,-0.23138354312326195,0.0,-0.02175220101592098,0.0,0.13014079286009256,1.0,-10.0
359,0.0,-0.00012240092948636848,22.381424369546544,152.13465357945566,-152.13465357945566,0.0,0.0,-64.06379223042074,-4.761243011362826,131.67269574311288,2.2081088789987127,-0.028886629249483212,0.0,0.0,4.810937359823292,-0.004161633034085249,-1.5458180821033372,-0.23138354312323062,0.0,-0.0217522010159204,0.0,0.13014079286011748,1.0,-10.0
360,0.0,-0.00012240092948636642,4.35006890139577,21.383125190479557,-21.383125190479557,20.463028024974882,0.30775286210762987,0.5956400736578243,-18.575719832420216,26.484932875588218,0.0,-0.028886629249472266,0.0,0.0,7.361306108061369,-0.0041616330340851805,-0.5956400736578243,-0.2313835431232571,0.0,-0.021752201015915545,0.0,0.13014079286013044,1.0,-10.0
362,0.0,-0.00012240092948636604,4.061273714167722,20.40844143358486,-20.40844143358486,18.946853292027612,0.2355540653006196,0.0,-17.25809179069224,24.968758142640933,0.0,-0.02888662924947427,0.0,0.0,7.84864798650866,-0.0041616330340851675,-0.5595406752543168,-0.23138354312325707,0.0,-0.021752201015912444,0.0,0.130140792860132,1.0,-10.0
379,3.35901064992214,-0.00012240092948636713,20.460302993924365,195.53546682697842,-195.53546682697842,0.0,4.032583834356244,-81.49295072658124,-11.76920357200007,178.62581248108668,0.0,-0.0288866292494829,0.0,0.0,4.907583780087591,-0.004161633034085204,-2.4580555597821365,-0.2313835431231914,0.0,-0.021752201015920163,0.0,0.13014079286010005,1.0,-10.0
380,2.7240507000678678,-0.00012240092948636732,19.444367074157576,198.07530662639567,-198.07530662639567,0.0,3.90559184438539,-83.4613265711295,-11.388227602087529,181.80061223035813,0.0,-0.028886629249482938,0.0,0.0,5.542543729941789,-0.004161633034085209,-2.394559564796726,-0.23138354312321197,0.0,-0.021752201015920188,0.0,0.13014079286008345,1.0,-10.0
410,0.0,-0.00012240092948636526,3.1190574529651696,17.22846155202623,-17.22846155202623,18.77038728338267,0.0,0.4417636426040003,-15.34431478028984,22.40720745266175,0.0,-0.028886629249478765,0.0,0.0,4.668468564619458,-0.00416163303408514,-0.4417636426040003,-0.23138354312325526,0.0,-0.021752201015914303,0.0,0.13014079286013203,1.0,-7.61491531866581
414,0.0,-0.00012240092948636667,7.359207997559391,24.118706186991965,-24.118706186991965,26.72066955449697,0.0,0.971782460678277,-21.17452177910702,28.50242386051614,0.0,-0.028886629249474067,0.0,0.0,3.873440337508098,-0.004161633034085188,-0.971782460678277,-0.23138354312325793,0.0,-0.021752201015913252,1.060037636148545,0.13014079286012528,1.0,-10.0
421,0.0,-0.00012240092948636528,3.119057452965173,17.228461552026232,-17.228461552026232,17.886859998174664,0.0,0.0,-14.902551137685833,21.96544381005775,0.0,-0.02888662924948007,0.0,0.0,5.551995849827468,-0.004161633034085141,-0.4417636426040032,-0.2313835431232479,0.0,-0.02175220101591175,0.0,0.13014079286012867,1.0,-8.056678961269816
480,0.0,-0.00012240092948637027,18.6493652984867,159.23942960567692,-159.23942960567692,0.0,0.0,-75.25564155376537,1.7050633591535227,137.96673329379277,0.0,-0.028886629249483636,0.0,0.0,4.40556812205288,-0.00416163303408531,-2.3019825722174896,-0.23138354312323925,3.720437859226971,-0.021752201015920715,0.0,0.13014079286010177,1.0,-10.0
483,0.0,-0.00012240092948636566,5.706499032475034,19.853725444042965,-19.853725444042965,17.04205133628383,0.0,0.6311372481270008,-16.139631514888706,22.117088159282137,0.0,-0.0288866292494774,0.0,0.1893736055229864,7.747258770233553,-0.0041616330340851545,-0.6311372481270008,-0.2313835431232475,0.0,-0.02175220101591491,0.0,0.13014079286013056,1.0,-10.0
484,0.0,-0.00012240092948636572,5.852171036723497,19.189461104670002,-19.189461104670002,16.185499951302898,0.0,0.6078297274472425,-15.236465088548266,20.878876123170237,0.0,-0.028886629249480093,0.0,0.0,7.793873811593063,-0.004161633034085156,-0.6078297274472425,-0.2313835431232505,0.3321321696864858,-0.021752201015913162,0.0,0.13014079286013655,1.0,-10.0
485,0.0,-0.00012240092948636642,6.590242524915727,19.853725444043086,-19.853725444043086,16.464912728975737,0.0,0.6131016666486269,-15.526421744623862,21.11611338723214,0.34267604808923263,-0.02888662924947336,0.0,0.0,7.440653885101127,-0.00416163303408518,-0.6131016666486269,-0.2313835431232523,0.0,-0.021752201015911753,0.0,0.13014079286013414,1.0,-10.0
486,0.0,-0.00012240092948636542,5.823670150114084,19.853725444042915,-19.853725444042915,17.231485103777196,0.0,-0.15347070815295247,-15.52642174462374,21.88268576203355,0.34267604808922714,-0.028886629249475014,0.0,0.0,7.440653885101064,-0.004161633034085145,-0.6131016666486144,-0.2313835431232495,0.0,-0.021752201015915015,0.0,0.1301407928601308,1.0,-10.0
487,0.0,-0.00012240092948636642,5.9771408582670995,19.853725444043086,-19.853725444043086,17.078014395624376,0.0,0.0,-15.526421744623862,21.72921505388077,0.34267604808923263,-0.02888662924947336,0.0,0.0,7.440653885101127,-0.00416163303408518,-0.6131016666486269,-0.2313835431232523,0.0,-0.021752201015911753,0.0,0.13014079286013414,1.0,-10.0
488,3.2184222011920056,-0.00012240092948636596,20.460302993924174,198.62841269903922,-198.62841269903922,0.0,4.173172283086348,-83.10971788697685,-11.769203572000011,181.5781699044175,0.0,-0.02888662924948262,0.0,0.0,4.9075837800875,-0.004161633034085163,-2.528349784147195,-0.23138354312322842,0.0,-0.02175220101591995,0.0,0.13014079286010802,1.0,-10.0
489,0.0,-0.00012240092948636536,5.096142540324638,19.189461104669938,-19.189461104669938,16.94152844770168,0.0,-0.14819876895158557,-15.236465088548222,21.634904619569017,0.0,-0.02888662924947934,0.0,0.0,7.793873811593039,-0.004161633034085144,-0.60782972744724,-0.23138354312324874,0.33213216968648146,-0.021752201015912506,0.0,0.1301407928601306,1.0,-10.0
490,0.0,-0.00012240092948636572,5.244341309276244,19.189461104670002,-19.189461104670002,16.793329678750137,0.0,0.0,-15.236465088548266,21.48670585061749,0.0,-0.028886629249480093,0.0,0.0,7.793873811593063,-0.004161633034085156,-0.6078297274472425,-0.2313835431232505,0.3321321696864858,-0.021752201015913162,0.0,0.13014079286013655,1.0,-10.0
491,0.0,-0.0001224009294863693,20.460302993924753,197.8711368869994,-197.8711368869994,0.0,3.22657751802995,-83.77233422251871,-9.686695088875998,179.49566142129814,0.0,-0.028886629249483396,0.7572758120451647,0.0,5.854178545144163,-0.004161633034085277,-2.4336903076415872,-0.2313835431232231,0.0,-0.02175220101592054,0.0,0.1301407928601314,1.0,-10.0
492,0.0,-0.0001224009294863654,5.981828326155264,19.853725444042922,-19.853725444042922,18.048635679989975,0.0,-0.2589094921804148,-15.790018704692379,21.856326066026686,0.0,-0.02888662924948051,0.0,0.0,7.018898748991242,-0.004161633034085145,-0.718540450676079,-0.23138354312324616,0.0,-0.021752201015911767,0.553553616144136,0.13014079286013122,1.0,-10.0
493,0.0,-0.0001224009294863671,19.470019239711423,189.71585891112466,-189.71585891112466,0.0,2.9353175903201905,-81.00536490927517,-9.04592324791449,171.9229033008431,0.0,-0.028886629249482893,0.0,0.0,6.145438472853738,-0.004161633034085203,-2.4045643148705658,-0.2313835431232138,0.0,-0.02175220101592016,0.9902837542129066,0.13014079286007446,1.0,-10.0
495,0.0,-0.00012240092948636832,20.46030299392456,209.16143081203538,-209.16143081203538,0.0,2.12508542778234,-91.4483572264307,-7.965613697864133,189.47793348916522,0.0,-0.028886629249483178,0.0,1.170335345887973,5.785335289503633,-0.004161633034085245,-2.6746417023832203,-0.231383543123244,0.0,-0.02175220101592037,0.0,0.13014079286011265,1.0,-10.0
496,0.0,-0.00012240092948636818,29.81067887616713,288.21460872554036,-288.21460872554036,0.0,0.0,-134.1625743248568,-2.0153745000733654,255.7805988359759,0.0,-0.028886629249483146,0.0,3.720437859226824,0.6851302628258702,-0.004161633034085239,-4.162201501830852,-0.23138354312324838,0.0,-0.021752201015920344,0.0,0.1301407928601012,1.0,-10.0
497,0.0,-0.00012240092948636805,23.764555375946873,218.34829272299527,-218.34829272299527,0.0,0.0,-102.2524780736944,0.0,191.960406333651,0.0,-0.028886629249483126,0.0,1.705063359153481,2.7005047628993024,-0.004161633034085236,-3.154514251794148,-0.23138354312322412,2.015374500073336,-0.021752201015920326,0.0,0.1301407928601322,1.0,-10.0
501,0.0,-0.000122400929486369,20.46030299392469,180.60524837236838,-180.60524837236838,0.0,2.242118962371182,-77.63840014495239,-7.263412490331353,161.623952257031,1.287368880476786,-0.028886629249483337,0.0,0.0,5.5512682203260875,-0.004161633034085266,-2.206507564028029,-0.2313835431232405,0.0,-0.02175220101592049,0.0,0.13014079286013852,1.0,-10.0
503,0.0,-0.0001224009294863703,29.539568606839214,196.94792647561607,-196.94792647561607,0.0,0.42626583978837834,-89.8954087223875,0.0,167.07151162478127,4.011148564351106,-0.02888662924948364,0.0,0.0,0.10370885257751963,-0.004161633034085311,-2.660470844673762,-0.2313835431232062,0.0,-0.02175220101592072,0.0,0.13014079286008015,1.0,-10.0
518,0.0,-0.00012240092948636593,4.191510188291059,19.853725444043008,-19.853725444043008,18.178292969421843,0.0,0.44176364260400747,-16.897125936980736,24.200197820035154,0.0,-0.02888662924948156,0.0,0.0,8.126005981279562,-0.004161633034085163,-0.44176364260400747,-0.2313835431232518,0.0,-0.021752201015909793,0.0,0.13014079286013175,1.0,-10.0
519,0.0,-0.0001224009294863655,4.472687085751291,17.731805650772273,-17.731805650772273,15.212842483770395,0.0,0.4417636426040056,-14.35344079751965,20.454964335208597,0.0,-0.028886629249477814,0.0,0.0,7.205634533374331,-0.004161633034085149,-0.4417636426040056,-0.23138354312325576,0.0,-0.021752201015918095,0.0,0.13014079286013241,1.0,-8.939040103364672
520,0.0,-0.00012240092948636572,5.366126998707373,19.85372544404297,-19.85372544404297,16.664682342324035,0.0,0.5534436317235111,-16.02864063431231,22.409364144800037,0.0,-0.028886629249481943,0.0,0.11167998911950444,8.043234451770655,-0.004161633034085156,-0.5534436317235111,-0.23138354312324666,0.0,-0.0217522010159189,0.0,0.1301407928601271,1.0,-10.0
521,0.0,-0.00012240092948636607,5.452034682645469,19.461986405285366,-19.461986405285366,16.159545160768143,0.0,0.5396984022934156,-15.496012993896228,21.679148831326387,0.0,-0.028886629249476332,0.0,0.0,8.070724910630869,-0.004161633034085168,-0.5396984022934156,-0.23138354312325687,0.1958695193788267,-0.02175220101591282,0.0,0.13014079286013322,1.0,-10.0
522,0.0,-0.00012240092948636583,5.887300281265084,19.853725444042986,-19.853725444042986,16.324324280245545,0.0,0.542807442283558,-15.667010193353905,21.81905563088264,0.20208759935910858,-0.028886629249472644,0.0,0.0,7.86241923129146,-0.00416163303408516,-0.542807442283558,-0.23138354312324774,0.0,-0.021752201015912024,0.0,0.1301407928601307,1.0,-10.0
523,0.0,-0.00012240092948636574,6.240953580143528,19.853725444042983,-19.853725444042983,17.688415575919535,0.0,0.6185902920432224,-16.121707291911903,21.869577530722417,0.0,-0.02888662924947837,0.35365329887844404,0.0,7.205634533374337,-0.004161633034085157,-0.6185902920432224,-0.23138354312325243,0.0,-0.021752201015911587,0.0,0.13014079286013108,1.0,-10.0
524,0.0,-0.00012240092948636558,6.104933080574885,19.85372544404295,-19.85372544404295,16.68186387911163,0.0,0.6049882420863645,-15.822462192860893,21.6791488313263,0.0,-0.028886629249474608,0.0,0.0,7.6136960320802265,-0.004161633034085152,-0.6049882420863645,-0.23138354312324758,0.0,-0.02175220101591138,0.3264491989647078,0.1301407928601286,1.0,-10.0
525,0.0,-0.00012240092948636547,4.567833371919368,18.326469939322724,-18.326469939322724,15.522067913816624,0.0,0.4417636426040006,-14.805385656817995,21.15666819569813,0.0,-0.028886629249473994,0.0,0.0,7.550539820733586,-0.0041616330340851476,-0.4417636426040006,-0.23138354312325424,0.0,-0.021752201015913696,0.0,0.13014079286013416,1.0,-9.236372247639904
526,0.0,-0.0001224009294863664,5.139180754980194,19.85372544404308,-19.85372544404308,16.521925834173132,0.0,0.5076883406494856,-16.00301767131094,22.634480176884395,0.0,-0.028886629249472873,0.0,0.06592469804546978,8.204293076351291,-0.004161633034085178,-0.5076883406494856,-0.23138354312325693,0.0,-0.021752201015914102,0.0,0.13014079286012728,1.0,-10.0
527,0.0,-0.00012240092948636526,5.14479656259143,19.650091376746865,-19.650091376746865,16.23478714935269,0.0,0.49267215942800296,-15.721738959650093,22.293625071434242,0.0,-0.028886629249474292,0.0,0.0,8.246289550661674,-0.00416163303408514,-0.49267215942800296,-0.23138354312324858,0.10181703364801213,-0.021752201015918793,0.0,0.13014079286013386,1.0,-10.0
528,0.0,-0.00012240092948636536,5.3661714766594635,19.853725444042908,-19.853725444042908,16.320406018556714,0.0,0.49382917117400826,-15.811985875838115,22.371530528998264,0.10413105714001156,-0.0288866292494812,0.0,0.0,8.140615811193666,-0.004161633034085144,-0.49382917117400826,-0.23138354312325501,0.0,-0.021752201015911406,0.0,0.13014079286013563,1.0,-10.0
529,0.0,-0.00012240092948636585,5.840546292519554,19.853725444042997,-19.853725444042997,17.30386600265692,0.0,0.569034934664025,-16.078098577418217,22.174838532178327,0.0,-0.028886629249472454,0.2545425841200257,0.0,7.55053982073361,-0.0041616330340851606,-0.569034934664025,-0.23138354312325563,0.0,-0.021752201015909533,0.0,0.13014079286013128,1.0,-10.0
530,0.0,-0.00012240092948636645,5.262040419519499,20.686773901163203,-20.686773901163203,15.799750732856788,0.0,0.44176364260400763,-15.916116932978264,23.3087100432586,0.0,-0.028886629249481727,0.0,0.0,8.453008982613776,-0.004161633034085181,-0.44176364260400763,-0.2313835431232567,0.0,-0.02175220101591748,0.0,0.13014079286013283,1.0,-10.0
531,0.0,-0.00012240092948636517,5.379187858801961,19.853725444042883,-19.853725444042883,16.476602604266713,0.0,0.5133537443877602,-15.903100550835603,22.39756329328324,0.0,-0.0288866292494788,0.0,0.0,8.075533900481137,-0.004161633034085138,-0.5133537443877602,-0.2313835431232462,0.0,-0.02175220101591256,0.1431802035675081,0.13014079286012686,1.0,-10.0
532,0.0,-0.00012240092948636612,4.747510490121761,19.853725444043036,-19.853725444043036,16.510292063929786,0.0,0.44176364260400114,-16.06312548423472,23.0881972163738,0.0,-0.028886629249474827,0.0,0.0,8.404006132194924,-0.004161633034085169,-0.44176364260400114,-0.23138354312325496,0.0,-0.021752201015909876,0.0,0.1301407928601327,1.0,-10.0
533,0.0,-0.00012240092948636553,4.900845373507624,19.658517945675765,-19.658517945675765,16.42595763241333,0.1427194292521052,0.5131233572300514,-15.994714233918918,22.631435631303283,0.0,-0.028886629249477786,0.0,0.0,8.168990680826074,-0.00416163303408515,-0.5131233572300514,-0.2313835431232562,0.0,-0.021752201015910546,0.0,0.1301407928601353,1.0,-9.90239625081641
534,0.0,-0.00012240092948636553,4.966915603724203,19.85372544404294,-19.85372544404294,16.55509490056392,0.14872581381724648,0.5221329340777683,-16.153883424895234,22.828144725811732,0.0,-0.02888662924947492,0.0,0.006006384565143959,8.254581660879367,-0.004161633034085148,-0.5221329340777683,-0.23138354312325468,0.0,-0.02175220101591392,0.0,0.13014079286013278,1.0,-10.0
535,0.0,-0.0001224009294863661,4.96502318119001,19.837680992122444,-19.837680992122444,16.532920645217345,0.1507416552123992,0.5211455831903501,-16.13376615056411,22.80391348944973,0.0,-0.028886629249474386,0.0,0.0,8.258572204049402,-0.004161633034085169,-0.5211455831903501,-0.23138354312325526,0.008022225960295053,-0.02175220101591176,0.0,0.1301407928601267,1.0,-10.0
536,0.0,-0.00012240092948636547,4.982181831160609,19.853725444042933,-19.853725444042933,16.53982867312751,0.15085307501740206,0.5212570029953597,-16.14111985769429,22.810375838139848,0.008133645765299109,-0.028886629249474844,0.0,0.0,8.250327138479056,-0.0041616330340851476,-0.5212570029953597,-0.23138354312325213,0.0,-0.021752201015909137,0.0,0.1301407928601298,1.0,-10.0
537,0.0,-0.00012240092948636536,5.063518288813598,19.853725444042908,-19.853725444042908,16.65369971384168,0.1427194292521097,0.5293906487606557,-16.15738714922488,22.761573963548027,0.0,-0.028886629249476534,0.03253458306119146,0.0,8.168990680826058,-0.004161633034085143,-0.5293906487606557,-0.2313835431232501,0.0,-0.021752201015910654,0.0,0.13014079286013108,1.0,-10.0
538,0.0,-0.0001224009294863653,4.960909219159056,19.883757366868632,-19.883757366868632,16.531069362303313,0.15773539066496878,0.5206313379364861,-16.159889809460342,22.864183033202565,0.0,-0.028886629249472173,0.0,0.0,8.266594430009642,-0.004161633034085142,-0.5206313379364861,-0.2313835431232483,0.0,-0.021752201015910154,0.0,0.1301407928601362,1.0,-10.0
539,0.0,-0.00012240092948636528,4.978928372854485,19.853725444042897,-19.853725444042897,16.55284250635197,0.15247980417046078,0.5228837321484194,-16.15088023261263,22.816882754752044,0.0,-0.028886629249473588,0.0,0.0,8.247073680172925,-0.0041616330340851415,-0.5228837321484194,-0.23138354312325415,0.0,-0.021752201015909755,0.009760374918358915,0.13014079286013466,1.0,-10.0
540,0.0,-0.0001224009294863658,4.948168403414829,19.853725444042983,-19.853725444042983,16.57384210087335,0.16638094420569885,0.5249541147068558,-16.17809097480934,22.853262333993307,0.0,-0.028886629249478196,0.0,0.0,8.254763672532878,-0.004161633034085159,-0.5249541147068558,-0.23138354312325243,0.0,-0.02175220101591615,0.0,0.13014079286012908,1.0,-10.0
541,0.0,-0.00012240092948636577,4.939886873181069,19.85372544404299,-19.85372544404299,16.556095964658155,0.15573326247658226,0.5196302738422969,-16.16389406583718,22.859177712731707,0.0,-0.028886629249474924,0.0,0.0,8.266594430009679,-0.00416163303408516,-0.5196302738422969,-0.23138354312325535,0.0,-0.021752201015915244,0.0,0.13014079286013436,1.0,-10.0
542,0.0,-0.00012240092948636593,3.749746545687052,19.853725444043008,-19.853725444043008,18.62005661202585,0.0,0.0,-16.897125936980736,24.64196146263917,0.0,-0.02888662924948156,0.0,0.0,8.126005981279562,-0.004161633034085163,-0.44176364260400747,-0.2313835431232518,0.0,-0.021752201015909793,0.0,0.13014079286013175,1.0,-10.0
543,0.0,-0.00012240092948636574,4.2714719221241335,19.853725444042976,-19.853725444042976,17.257412445292932,0.06751065419277417,0.0,-16.232681517162458,23.632266036861356,0.0,-0.02888662924948207,0.0,0.0,8.302480351757119,-0.004161633034085157,-0.4755189697003894,-0.23138354312325102,0.0,-0.02175220101591168,0.0,0.13014079286012623,1.0,-10.0
544,0.0,-0.0001224009294863653,4.170205940834943,19.364273201145217,-19.364273201145217,16.869226183684365,0.0,0.0,-15.776984601361113,23.0668643079967,0.0,-0.028886629249481155,0.0,0.0,8.091509557404631,-0.004161633034085142,-0.44176364260399575,-0.23138354312325168,0.0,-0.021752201015918814,0.0,0.1301407928601351,1.0,-9.755273878551167
545,0.0,-0.00012240092948636515,4.3505304513761915,19.853725444042883,-19.853725444042883,17.22987520476684,0.0,0.0,-16.163394266806623,23.543436228712835,0.0,-0.02888662924947572,0.0,0.025760644363030268,8.284714390127396,-0.004161633034085137,-0.4675242869670376,-0.23138354312325426,0.0,-0.0217522010159108,0.0,0.13014079286013,1.0,-10.0
546,0.0,-0.0001224009294863654,4.353355812370849,19.777939290303927,-19.777939290303927,17.112373426930322,0.0,0.0,-16.058024921476562,23.41579639083669,0.0,-0.02888662924947473,0.0,0.0,8.304658114795567,-0.004161633034085146,-0.46071018103874906,-0.23138354312324713,0.03789307686949681,-0.021752201015911056,0.0,0.13014079286013305,1.0,-10.0
547,0.0,-0.0001224009294863662,4.436001198567493,19.853725444043047,-19.853725444043047,17.144745658163316,0.0,0.0,-16.091400942825302,23.444488058311975,0.03889686698524568,-0.028886629249473165,0.0,0.0,8.264924756047249,-0.004161633034085173,-0.4612120760966328,-0.23138354312325016,0.0,-0.02175220101591515,0.0,0.13014079286013297,1.0,-10.0
548,0.0,-0.00012240092948636637,4.690899816258056,19.85372544404308,-19.85372544404308,17.671094751836037,0.0,0.0,-16.203953579208168,23.322004306954213,0.0,-0.02888662924947977,0.12496653010153097,0.0,7.940508333532013,-0.004161633034085178,-0.504246907654776,-0.2313835431232574,0.0,-0.02175220101591136,0.0,0.13014079286013572,1.0,-10.0
549,0.0,-0.00012240092948636588,4.3926842330611775,20.120699394714457,-20.120699394714457,16.958217500574925,0.0,0.0,-16.132949868923134,23.756547013898093,0.0,-0.028886629249475024,0.0,0.0,8.380731337298755,-0.004161633034085161,-0.4417636426040041,-0.2313835431232471,0.0,-0.02175220101591874,0.0,0.13014079286012675,1.0,-10.0
550,0.0,-0.00012240092948636629,4.445819825185133,19.853725444043064,-19.853725444043064,17.216119520883833,0.0,0.0,-16.123877938560568,23.449397371620805,0.0,-0.028886629249473654,0.0,0.0,8.23169248134141,-0.004161633034085175,-0.4702754237436811,-0.23138354312325282,0.0,-0.02175220101591707,0.05702356227933902,0.13014079286013455,1.0,-10.0
551,0.0,-0.00012240092948636547,4.365986837994019,19.853725444042936,-19.853725444042936,17.00627281169573,0.0,0.11746853829543429,-16.148968305963376,23.526949416320562,0.0,-0.02888662924948098,0.0,0.0,8.375391858285296,-0.0041616330340851476,-0.44176364260400275,-0.23138354312324658,0.0,-0.02175220101591361,0.0,0.13014079286012967,1.0,-10.0
552,0.0,-0.0001224009294863664,4.2231196968239155,19.853725444043075,-19.853725444043075,17.199937158615377,0.0,0.0,-16.18706621027553,23.695215160365567,0.0,-0.028886629249475035,0.0,0.0,8.36269255684802,-0.004161633034085179,-0.44176364260400414,-0.23138354312325196,0.0,-0.021752201015914813,0.0,0.13014079286013078,1.0,-10.0
553,0.0,-0.000122400929486366,3.1420157698930096,19.853725444043018,-19.853725444043018,18.665433592899415,0.0,-0.8889076732542751,-16.475360590790384,24.968515340972974,0.0,-0.02888662924947279,0.0,0.0,8.26659443000969,-0.004161633034085165,-0.4417636426040013,-0.2313835431232519,0.0,-0.021752201015918314,0.0,0.13014079286013153,1.0,-10.0
554,0.0,-0.0001224009294863661,4.0309234431473016,18.18037197080021,-18.18037197080021,16.103172446402322,0.0,0.0,-14.80200711754757,21.569577457854475,0.0,-0.028886629249477862,0.0,0.0,7.42991769338829,-0.004161633034085169,-0.44176364260400086,-0.23138354312325685,0.0,-0.021752201015911913,0.0,0.13014079286012784,1.0,-9.163323263378592
555,0.0,-0.00012240092948636553,3.8219996966157908,18.49375759059736,-18.49375759059736,16.625481812730982,0.0,-0.20892374653148926,-15.115392737344738,22.24857963408173,0.0,-0.0288866292494812,0.0,0.0,7.586610503286868,-0.004161633034085149,-0.4417636426040044,-0.23138354312325024,0.0,-0.021752201015916954,0.0,0.13014079286012958,1.0,-9.32001607327722
556,0.0,-0.00012240092948636634,5.340504422206912,19.853725444043075,-19.853725444043075,17.339998926625316,0.0,0.0,-15.893324600097268,22.47900869331257,0.0,-0.028886629249474705,0.0,0.0,7.684558439316556,-0.004161633034085177,-0.5872726402772953,-0.2313835431232522,0.0,-0.021752201015912537,0.29101799534657335,0.13014079286013452,1.0,-10.0
557,0.0,-0.0001224009294863663,4.658902991043868,19.853725444043068,-19.853725444043068,17.776223842569664,0.0,-0.3135366583349956,-16.056908943576392,23.242402296215182,0.0,-0.02888662924947715,0.0,0.0,7.848142782795689,-0.004161633034085176,-0.5463765544075094,-0.2313835431232577,0.0,-0.02175220101591361,0.20922582360700379,0.13014079286012928,1.0,-10.0
558,0.0,-0.0001224009294863657,4.777709290710199,19.521820622903896,-19.521820622903896,16.863787661512642,0.0,0.0,-15.645598537942652,22.503059767308038,0.0,-0.02888662924947458,0.0,0.0,8.10064201944013,-0.0041616330340851545,-0.524739847888767,-0.23138354312324705,0.16595241056952784,-0.021752201015914636,0.0,0.1301407928601268,1.0,-10.0
559,0.0,-0.0001224009294863653,4.324141673272611,19.602654455714493,-19.602654455714493,17.357772195355494,0.0,-0.2716914936135897,-15.84768311996925,23.15871196677219,0.0,-0.028886629249473418,0.0,0.0,8.141058935845436,-0.004161633034085142,-0.504531389686102,-0.23138354312324566,0.12553549416419738,-0.021752201015915032,0.0,0.1301407928601271,1.0,-10.0
560,0.0,-0.00012240092948636607,4.647422091184132,19.853725444043025,-19.853725444043025,17.33616974247597,0.0,0.0,-16.123075649055046,23.198895313380362,0.0,-0.028886629249481814,0.0,0.08807123543382855,8.090451959142026,-0.004161633034085166,-0.529834878037833,-0.23138354312325282,0.0,-0.02175220101591869,0.0,0.13014079286012656,1.0,-10.0
561,0.0,-0.00012240092948636566,4.323040484727326,19.853725444042958,-19.853725444042958,17.627563388954062,0.0,-0.20892374653149068,-16.189051569012317,23.57275885980508,0.0,-0.028886629249471572,0.0,0.07157725544450103,8.123439919120656,-0.0041616330340851545,-0.5133408980485072,-0.23138354312324624,0.0,-0.021752201015910116,0.0,0.1301407928601287,1.0,-10.0
562,0.45884684197292963,-0.00012240092948636517,5.911237161930707,19.853725444042887,-19.853725444042887,19.320990843185363,0.0,0.0,-16.51635993970022,22.658140790908035,0.0,-0.028886629249478084,0.41784749306297664,0.0,6.554205108847745,-0.004161633034085138,-0.650687389135498,-0.2313835431232543,0.0,-0.02175220101591067,0.0,0.13014079286012825,1.0,-10.0
563,0.0,-0.0001224009294863652,5.146492425309151,19.85372544404289,-19.85372544404289,18.148382247032313,0.0,0.0,-16.227456372532078,22.964038685556655,0.0,-0.028886629249472585,0.24790421825818837,0.0,7.522881775235054,-0.004161633034085138,-0.5657157517330956,-0.2313835431232524,0.0,-0.021752201015915712,0.0,0.1301407928601272,1.0,-10.0
564,0.0,-0.00012240092948636583,4.955306241153785,19.85372544404299,-19.85372544404299,18.212110975084197,0.0,-0.09559309207769495,-16.248699281882754,23.155224869712164,0.0,-0.0288866292494818,0.22666130890759628,0.0,7.5866105032868925,-0.00416163303408516,-0.5550942970577979,-0.23138354312324963,0.0,-0.02175220101591254,0.0,0.13014079286013291,1.0,-10.0
565,0.0,-0.00012240092948636604,5.146492425309182,19.853725444043025,-19.853725444043025,17.0042089319946,0.0,0.0,-15.788856601767682,22.620786691045467,0.17162599725566804,-0.028886629249480805,0.0,0.0,7.923342435498345,-0.004161633034085167,-0.5275766412318416,-0.23138354312325696,0.0,-0.021752201015914414,0.0,0.13014079286013563,1.0,-10.0
566,0.0,-0.0001224009294863654,4.599124184298969,19.85372544404292,-19.85372544404292,17.467366674387744,0.0,-0.27368412050508184,-15.957277599001507,23.252365430672473,0.12952074794719443,-0.028886629249481127,0.0,0.0,8.007552934115257,-0.004161633034085144,-0.5065240165775979,-0.23138354312325607,0.0,-0.02175220101591968,0.0,0.13014079286012825,1.0,-10.0
567,0.20813834613513693,-0.0001224009294863658,4.379129687366451,19.853725444042986,-19.853725444042986,17.566031372320914,0.13928249768765943,0.0,-16.404933941550176,23.66097477425931,0.0,-0.028886629249474372,0.0,0.0,8.058456083874528,-0.004161633034085157,-0.511404891447835,-0.23138354312324835,0.0,-0.02175220101591481,0.0,0.13014079286012822,1.0,-10.0
568,0.0,-0.00012240092948636602,4.296535105566797,19.853725444043018,-19.853725444043018,17.29842492729004,0.10624466496778846,0.0,-16.26287126085478,23.601506675363602,0.0,-0.028886629249479837,0.0,0.0,8.266594430009695,-0.004161633034085166,-0.4948859750879065,-0.23138354312325513,0.0,-0.021752201015916926,0.0,0.1301407928601332,1.0,-10.0
569,0.0,-0.0001224009294863659,4.224953134673749,19.853725444043,-19.853725444043,17.381019509089686,0.1007383595144779,-0.05781620725975801,-16.273883871761395,23.68410125716324,0.0,-0.028886629249475264,0.0,0.0,8.266594430009688,-0.004161633034085161,-0.4921328223612519,-0.23138354312325118,0.0,-0.021752201015910983,0.0,0.1301407928601333,1.0,-10.0
570,0.0,-0.00012240092948636572,5.362441247384017,21.690782179808554,-21.690782179808554,15.619029242700499,0.0,0.0,-15.85587643625944,24.172157162893566,0.0,-0.028886629249474816,0.0,0.0,8.473089148186634,-0.004161633034085155,-0.44176364260400475,-0.2313835431232536,0.0,-0.021752201015910407,0.0,0.13014079286013167,1.0,-10.0
571,0.0,-0.00012240092948636515,4.3299676564991705,18.18037197080007,-18.18037197080007,15.206039806346512,0.0,0.0,-14.20391869084366,20.97148903115051,0.0,-0.028886629249477023,0.0,0.0,7.130873480036336,-0.004161633034085137,-0.4417636426040012,-0.23138354312325188,0.0,-0.02175220101591082,0.0,0.13014079286013489,1.0,-8.864279050026703
572,0.0,-0.0001224009294863655,4.329967656499181,17.731805650772273,-17.731805650772273,15.355561913022505,0.0,0.29904421335189657,-14.35344079751965,20.597683764460708,0.0,-0.028886629249477814,0.0,0.0,7.205634533374331,-0.004161633034085149,-0.4417636426040056,-0.23138354312325576,0.0,-0.021752201015918095,0.0,0.13014079286013241,1.0,-8.939040103364672
573,0.7062619921215971,-0.0001224009294863662,6.722321363314399,19.85372544404305,-19.85372544404305,18.291917263832676,0.0,0.0,-15.985445729504411,21.496383312969453,0.0,-0.028886629249476742,0.0,0.0,6.364155584480509,-0.004161633034085173,-0.7408078559559004,-0.23138354312325085,0.0,-0.021752201015918918,0.5980884267037934,0.13014079286013314,1.0,-10.0
574,0.0,-0.0001224009294863659,5.676007300912001,20.11530395964359,-20.11530395964359,17.14097179519002,0.0,0.0,-15.802340768583957,22.35959241445135,0.0,-0.028886629249478178,0.0,0.0,7.5935746078032755,-0.004161633034085162,-0.6100185981556032,-0.23138354312325055,0.0,-0.021752201015909856,0.33650991110319384,0.1301407928601318,1.0,-10.0
575,0.0,-0.00012240092948636558,5.635764452358051,19.85372544404295,-19.85372544404295,17.151032507328456,0.0,0.1358196138695307,-15.822462192860893,22.148317459543126,0.0,-0.028886629249474608,0.0,0.0,7.6136960320802265,-0.004161633034085152,-0.6049882420863645,-0.23138354312324758,0.0,-0.02175220101591138,0.3264491989647078,0.1301407928601286,1.0,-10.0
576,0.0,-0.00012240092948636618,5.754839182325898,19.85372544404305,-19.85372544404305,17.459882588182566,0.0,0.0,-15.811298936926477,22.047848156132883,0.0,-0.028886629249474317,0.0,0.0,7.409036339948084,-0.004161633034085172,-0.6440596378570536,-0.23138354312325166,0.0,-0.02175220101590993,0.4045919905060923,0.13014079286012625,1.0,-10.0
577,1.7429485984081796,-0.00012240092948636602,6.722321363314385,18.65754859063543,-18.65754859063543,17.972936769590614,0.0,0.0,-15.227867055679582,20.14071621244081,0.0,-0.028886629249478973,0.0,0.0,5.925557404897713,-0.004161633034085166,-0.7408078559559057,-0.231383543123253,0.5980884267037897,-0.021752201015913925,0.0,0.13014079286013194,1.0,-10.0
578,0.0,-0.0001224009294863662,5.149736161743103,19.836987491813925,-19.836987491813925,16.452771074738397,0.0,0.0,-15.45064995923554,22.329230617960896,0.0,-0.028886629249480503,0.0,0.0,8.061652303698727,-0.004161633034085173,-0.5442347057594938,-0.23138354312324771,0.20494212631097,-0.021752201015914286,0.0,0.1301407928601263,1.0,-10.0
579,0.0,-0.00012240092948636607,5.1134457340145305,19.461986405285366,-19.461986405285366,16.498134109399093,0.0,0.2011094536624771,-15.496012993896228,22.017737779957326,0.0,-0.028886629249476332,0.0,0.0,8.070724910630869,-0.004161633034085168,-0.5396984022934156,-0.23138354312325687,0.1958695193788267,-0.02175220101591282,0.0,0.13014079286013322,1.0,-10.0
580,0.0,-0.00012240092948636634,5.1034836558145384,19.30508367363542,-19.30508367363542,16.753412363274098,0.0,0.0,-15.34658182089628,21.797326799782397,0.0,-0.028886629249480655,0.0,0.0,7.911331659430894,-0.004161633034085178,-0.578924085205912,-0.23138354312325413,0.2743208852038195,-0.021752201015913023,0.0,0.13014079286013516,1.0,-10.0
581,0.0,-0.00012240092948636572,5.166814672268998,20.451813870746765,-20.451813870746765,16.879733837886192,0.0,0.0,-15.997162296064735,23.18315614425652,0.0,-0.028886629249481682,0.0,0.11954957368139411,8.027495282646871,-0.004161633034085155,-0.5613132162854048,-0.2313835431232551,0.0,-0.021752201015912385,0.0,0.13014079286013183,1.0,-10.0
582,0.0,-0.00012240092948636572,5.111727580335748,19.85372544404297,-19.85372544404297,16.91908176069565,0.0,0.29904421335189674,-16.02864063431231,22.66376356317166,0.0,-0.028886629249481943,0.0,0.11167998911950444,8.043234451770655,-0.004161633034085156,-0.5534436317235111,-0.23138354312324666,0.0,-0.0217522010159189,0.0,0.1301407928601271,1.0,-10.0
583,0.0,-0.00012240092948636615,6.305134526018002,20.846847244650604,-20.846847244650604,17.87251508019702,0.0,0.0,-16.08032721688664,22.798518385455576,0.0,-0.02888662924947587,0.3950333739037493,0.0,7.081494308298415,-0.004161633034085171,-0.6392803295558815,-0.23138354312324902,0.0,-0.02175220101591843,0.0,0.13014079286012958,1.0,-10.0
584,0.0,-0.00012240092948636574,6.0982341508914155,19.853725444042983,-19.853725444042983,17.83113500517165,0.0,0.47587086279111995,-16.121707291911903,22.01229695997452,0.0,-0.02888662924947837,0.35365329887844404,0.0,7.205634533374337,-0.004161633034085157,-0.6185902920432224,-0.23138354312325243,0.0,-0.021752201015911587,0.0,0.13014079286013108,1.0,-10.0
585,1.6632034748476752,-0.00012240092948636648,7.918498216722005,19.853725444043096,-19.853725444043096,18.411534949173472,0.0,0.0,-15.746210358822925,20.659059515584175,0.598088426703789,-0.0288866292494817,0.0,0.0,5.407214101754445,-0.004161633034085183,-0.7408078559559058,-0.2313835431232472,0.0,-0.02175220101591387,0.0,0.1301407928601363,1.0,-10.0
586,0.0,-0.00012240092948636577,5.597749182050787,20.24051694982151,-20.24051694982151,16.632294022592127,0.0,0.0,-15.630172907089285,22.47697959274314,0.2112969209252628,-0.028886629249477727,0.0,0.0,7.84400058815914,-0.004161633034085156,-0.5474121030666358,-0.23138354312325163,0.0,-0.021752201015911084,0.0,0.1301407928601279,1.0,-10.0
587,0.0,-0.00012240092948636583,5.542493252653859,19.853725444042986,-19.853725444042986,16.66913130885677,0.0,0.19800041367233398,-15.667010193353905,22.163862659493866,0.20208759935910858,-0.028886629249472644,0.0,0.0,7.86241923129146,-0.00416163303408516,-0.542807442283558,-0.23138354312324774,0.0,-0.021752201015912024,0.0,0.1301407928601307,1.0,-10.0
588,0.0,-0.00012240092948636515,5.7008935835917,19.85372544404288,-19.85372544404288,16.98593197073242,0.0,0.0,-15.587810027884888,22.005462328555875,0.28128776482803636,-0.02888662924947618,0.0,0.0,7.624818734884605,-0.004161633034085135,-0.5824075250180225,-0.23138354312324913,0.0,-0.02175220101591406,0.0,0.1301407928601325,1.0,-10.0
589,0.0,-0.00012240092948636566,5.042576880011848,20.986270788381255,-20.986270788381255,16.408567871024193,0.1781523058781605,0.0,-16.119055979033995,23.84419496343603,0.0,-0.02888662924947569,0.0,0.0,8.266594430009665,-0.004161633034085154,-0.5308397955430847,-0.23138354312324969,0.0,-0.021752201015915764,0.0,0.13014079286012908,1.0,-10.0
592,0.0,-0.00012240092948637152,10.604843681553495,212.20972997865948,-212.20972997865948,0.0,0.0,-95.20538486952171,-8.073406329861163,204.26038912330938,0.0,-0.028886629249483934,0.0,0.0,11.067245850320019,-0.004161633034085353,-0.4417636426040288,-0.2313835431232213,0.0,-0.021752201015920944,0.0,0.13014079286009533,1.0,-10.0
593,0.0,-0.0001224009294863669,5.791234937145011,77.42868513522531,-77.42868513522531,0.0,0.0,-35.03527556441718,-0.8529932132487427,71.88614865207957,0.0,-0.028886629249479656,0.0,0.0,1.4400283615034668,-0.004161633034085196,-0.44176364260399087,-0.23138354312325396,0.0,-0.02175220101592012,0.0,0.1301407928601327,1.0,-2.77958688338789
594,0.0,-0.0001224009294863702,20.91971956242806,156.50940022193365,-156.50940022193365,0.0,0.0,-64.26075722689649,-7.041918741773592,138.24518348570888,0.0,-0.02888662924948362,0.0,0.0,5.909807909882525,-0.004161633034085308,-1.473251230691462,-0.23138354312321663,0.0,-0.021752201015920708,2.062975176174912,0.13014079286013666,1.0,-10.0
595,0.0,-0.00012240092948636862,17.343895923724645,153.48370329687506,-153.48370329687506,0.0,0.0,-70.1746193985971,-0.8529932132487489,134.9444232038272,0.0,-0.028886629249483247,0.0,0.0,5.772276231470783,-0.004161633034085254,-1.8858462659264381,-0.23138354312324613,2.888165246644846,-0.02175220101592042,0.0,0.13014079286011979,1.0,-10.0
596,0.0,-0.00012240092948637027,21.43546335647184,201.37911030373886,-201.37911030373886,0.0,0.0,-87.98497175290845,-6.268303050707977,180.79404649431723,0.0,-0.02888662924948364,0.0,1.805103279153063,5.651936012860691,-0.004161633034085311,-2.2468669217570825,-0.23138354312321588,0.0,-0.02175220101592072,0.0,0.13014079286010324,1.0,-10.0
597,0.0,-0.00012240092948636653,23.842267728675193,167.68384909287627,-167.68384909287627,0.0,0.0,-66.62458294959497,-8.073406329860797,147.70048637650632,0.0,-0.028886629249482758,1.8051032791530168,0.0,5.050234919809483,-0.004161633034085184,-1.3443152821805069,-0.23138354312325704,0.0,-0.021752201015920052,0.0,0.1301407928601053,1.0,-10.0
598,0.0,-0.00012240092948636913,21.607377954486214,155.1340834378157,-155.1340834378157,0.0,0.0,-65.63607401101257,-4.978943565598626,135.49454991747447,2.0629751761748873,-0.028886629249483375,0.0,0.0,5.222149517824156,-0.0041616330340852725,-1.4732512306914674,-0.2313835431232468,0.0,-0.02175220101592052,0.0,0.13014079286009264,1.0,-10.0
599,0.0,-0.00012240092948636618,5.7912349371449805,34.10620643555243,-34.10620643555243,14.440826233224142,0.0,-6.153623097968675,-15.293819446472902,35.78408306901877,0.0,-0.028886629249474313,0.0,0.0,8.66044147811553,-0.004161633034085171,-0.4417636426040087,-0.2313835431232528,0.0,-0.02175220101591829,0.0,0.1301407928601326,1.0,-10.0
600,0.0,-0.00012240092948637412,15.085885954049772,213.32999054678794,-213.32999054678794,0.0,3.3607817043719925,-94.08512430139966,-9.753797182047345,199.77934685081757,0.0,-0.02888662924948454,0.0,0.0,8.266594430010187,-0.004161633034085441,-2.122154494790041,-0.2313835431232575,0.0,-0.021752201015921402,0.0,0.13014079286008398,1.0,-10.0
601,0.0,-0.0001224009294863658,20.460302993924184,47.78227275666172,-47.78227275666172,0.0,0.6748845337146874,0.7792059094613526,-15.127558547281836,34.23031771141169,0.0,-0.02888662924946949,0.0,0.0,8.265938755369376,-0.004161633034085158,-0.7792059094613526,-0.23138354312324932,0.0,-0.021752201015906972,0.0,0.13014079286013583,1.0,-10.0
602,0.0,-0.00012240092948636707,19.990663032133842,47.624502176736826,-47.624502176736826,0.0,0.3620972073531406,0.6228122462805832,-14.931722239119868,34.620154438743484,0.0,-0.02888662924948047,0.0,0.0,8.539742408997888,-0.004161633034085202,-0.6228122462805832,-0.23138354312325413,0.0,-0.0217522010159075,0.0,0.13014079286013228,1.0,-10.0
603,0.0,-0.00012240092948636596,20.32832423162862,47.48677195062661,-47.48677195062661,0.0,0.0,0.5861582344932966,-14.57184648702642,34.098112452681896,0.0,-0.028886629249480288,0.0,0.14439459188928505,8.419783824966705,-0.004161633034085165,-0.5861582344932966,-0.23138354312325388,0.0,-0.021752201015914827,0.0,0.13014079286013125,1.0,-10.0
604,0.0,-0.00012240092948636677,19.94849106822519,45.827103990839156,-45.827103990839156,0.0,0.0,0.5835486936760109,-13.875968935752821,32.49701418679322,0.0,-0.02888662924948104,0.0,0.0,8.376871375971554,-0.004161633034085193,-0.5835486936760109,-0.2313835431232518,0.28357010214401546,-0.021752201015912645,0.0,0.1301407928601286,1.0,-10.0
605,2.353631847795452,-0.00012240092948636732,21.80114906889962,49.79708542085581,-49.79708542085581,0.0,0.0,0.4417636426039953,-15.293819446473034,36.24959187183273,0.0,-0.028886629249468956,0.0,0.0,7.091353579585316,-0.004161633034085211,-0.4417636426039953,-0.2313835431232594,0.0,-0.02175220101591005,0.0,0.13014079286013652,1.0,-10.0
606,0.0,-0.00012240092948636558,20.60565352716195,47.929123636890466,-47.929123636890466,0.0,0.0,0.5351617318022331,-14.546634732886963,34.41898932354685,0.0,-0.028886629249482088,0.18679617839645224,0.0,8.286849121322575,-0.00416163303408515,-0.5351617318022331,-0.23138354312324055,0.0,-0.021752201015913252,0.0,0.13014079286013397,1.0,-10.0
607,0.0,-0.0001224009294863671,20.376014188583067,46.774072038366135,-46.774072038366135,0.0,0.0,0.5497284062643473,-14.214171809869589,33.29135734753928,0.21592952732067824,-0.028886629249473144,0.0,0.0,8.30055893258112,-0.004161633034085203,-0.5497284062643473,-0.2313835431232531,0.0,-0.021752201015919466,0.0,0.13014079286012883,1.0,-10.0
608,0.0,-0.00012240092948636677,12.386621677717743,34.1062064355526,-34.1062064355526,7.845439492651488,0.0,0.44176364260401113,-15.293819446472977,29.188696328446206,0.0,-0.028886629249479066,0.0,0.0,8.660441478115581,-0.004161633034085192,-0.44176364260401113,-0.23138354312324683,0.0,-0.021752201015906823,0.0,0.1301407928601369,1.0,-10.0
609,0.0,-0.00012240092948636718,20.305383034786594,47.1574983018328,-47.1574983018328,0.0,0.0,0.5517464392299629,-14.41395707346537,33.807973786736454,0.0,-0.02888662924946605,0.0,0.0,8.367154020446389,-0.004161633034085206,-0.5517464392299629,-0.23138354312325632,0.0,-0.021752201015917006,0.21996559325190265,0.13014079286012295,1.0,-10.0
610,0.0,-0.00012240092948636574,17.61691467281858,41.951645928203746,-41.951645928203746,0.0,0.0,0.4417636426039982,-12.678672948922364,30.49626957722121,0.0,-0.02888662924947604,0.0,0.0,7.352868229340269,-0.004161633034085158,-0.4417636426039982,-0.23138354312324863,0.0,-0.021752201015912093,0.0,0.13014079286012153,1.0,-8.692426751224772
611,0.0,-0.0001224009294863662,19.502252845471325,47.60766044616192,-47.60766044616192,0.0,0.0,0.4417636426039966,-14.746463202799541,35.209615008853,0.0,-0.028886629249481436,0.0,0.0,8.842893559339997,-0.004161633034085173,-0.4417636426039966,-0.23138354312325676,0.0,-0.021752201015904717,0.0,0.13014079286013458,1.0,-10.0
612,0.0,-0.000122400929486366,16.036569908736954,37.21061163595881,-37.21061163595881,0.0,0.0,0.44176364260400786,-10.929005531546265,26.545407667017088,0.0,-0.028886629249471846,0.0,0.0,6.054727887416054,-0.004161633034085164,-0.44176364260400786,-0.2313835431232551,0.0,-0.02175220101591872,0.0,0.1301407928601296,1.0,-7.563609062595011
613,0.0,-0.0001224009294863652,20.38097784531441,44.43172212513481,-44.43172212513481,0.0,0.0,0.7059506117201935,-13.159917715194135,30.273379342323352,0.0,-0.028886629249477876,0.0,0.0,7.96274488658859,-0.004161633034085138,-0.7059506117201935,-0.2313835431232462,0.5283739382324012,-0.021752201015913287,0.0,0.13014079286012917,1.0,-10.0
614,0.0,-0.0001224009294863665,21.088717987527772,47.52416836485136,-47.52416836485136,0.0,0.0,0.7108129485751049,-14.456540876500803,33.256693132629785,0.0,-0.02888662924947839,0.0,0.2690493059710887,8.042703314869252,-0.004161633034085183,-0.7108129485751049,-0.23138354312325346,0.0,-0.02175220101590699,0.0,0.1301407928601229,1.0,-10.0
615,0.0,-0.00012240092948636515,21.1775783087657,46.196200230791625,-46.196200230791625,0.0,0.0,0.6429335365181686,-13.790088467214423,31.75347269835051,0.40233978782833446,-0.028886629249477574,0.0,0.0,7.82055251177376,-0.004161633034085136,-0.6429335365181686,-0.2313835431232439,0.0,-0.021752201015909554,0.0,0.1301407928601331,1.0,-10.0
616,0.0,-0.00012240092948636694,20.45891671039918,47.78058673615854,-47.78058673615854,0.0,0.6742663261967059,0.7788968057023568,-15.126827938397078,34.229943040188985,0.0,-0.028886629249472936,0.0,0.0,8.26659443000975,-0.004161633034085197,-0.7788968057023568,-0.23138354312325418,0.0,-0.02175220101591588,0.0,0.1301407928601308,1.0,-10.0
617,0.0,-0.0001224009294863658,6.291006159116937,22.592266011528782,-22.592266011528782,14.618345624429974,0.0,0.4417636426040058,-15.801787406356244,24.109016729612065,0.0,-0.028886629249471732,0.0,0.0,8.491118824821049,-0.004161633034085159,-0.4417636426040058,-0.23138354312325243,0.0,-0.02175220101591282,0.0,0.13014079286013103,1.0,-10.0
618,0.0,-0.00012240092948636715,20.45221634002742,47.763258192093645,-47.763258192093645,0.0,0.6735731844341092,0.7785502348210696,-15.120127568025303,34.21665782307255,0.0,-0.02888662924946934,0.0,0.0,8.262551103061273,-0.004161633034085205,-0.7785502348210696,-0.23138354312325096,0.0,-0.02175220101590385,0.0,0.13014079286013294,1.0,-9.995956673051504
619,0.0,-0.00012240092948636558,14.614582074931565,32.94464813454269,-32.94464813454269,0.0,0.0,0.4417636426039983,-9.282493302929518,22.99043808250367,0.0,-0.028886629249476253,0.0,0.0,4.670160786079267,-0.004161633034085151,-0.4417636426039983,-0.23138354312324985,0.0,-0.021752201015913585,0.0,0.13014079286013622,1.0,-6.4035663560696
620,0.0,-0.0001224009294863667,26.123169735509077,48.76895616783688,-48.76895616783688,0.0,0.0,1.161050371390083,-13.598213675646118,29.464018641578647,0.0,-0.028886629249473043,0.0,0.0,5.389447514865395,-0.004161633034085189,-1.161050371390083,-0.23138354312324272,0.0,-0.021752201015917502,1.43857345757216,0.1301407928601284,1.0,-10.0
621,0.0,-0.00012240092948636677,21.045971836111846,46.91063536805753,-46.91063536805753,0.0,0.0,0.6466937214511502,-14.16234677557916,32.71608004119258,0.0,-0.02888662924946872,0.0,0.0,7.944638614562048,-0.004161633034085191,-0.6466937214511502,-0.23138354312325496,0.0,-0.021752201015909443,0.40986015769429535,0.1301407928601342,1.0,-10.0
622,0.0,-0.0001224009294863667,20.459995905801662,47.78014803884035,-47.78014803884035,0.0,0.6741873606794428,0.7790108670050612,-15.126371693186224,34.22827599038013,0.0,-0.028886629249473043,0.0,0.0,8.265980253764386,-0.004161633034085189,-0.7790108670050612,-0.23138354312324272,0.0,-0.021752201015917502,0.0003070881226705924,0.1301407928601284,1.0,-10.0
623,0.0,-0.00012240092948636696,20.459426127839155,47.775242028591535,-47.775242028591535,0.0,0.6735731844341101,0.778988667863669,-15.123829891496204,34.22284460045152,0.0,-0.028886629249477717,0.0,0.0,8.265717563924529,-0.004161633034085199,-0.778988667863669,-0.231383543123242,0.0008768660852160306,-0.021752201015906275,0.0,0.13014079286013625,1.0,-10.0
624,0.0,-0.00012240092948636702,21.027499897843846,43.60395748884293,-43.60395748884293,0.0,0.0,0.8317383750783889,-12.575613266046664,28.493414862975822,0.0,-0.02888662924947734,0.0,0.0,7.486644965060989,-0.0041616330340852005,-0.8317383750783889,-0.23138354312325068,0.7799494649487633,-0.021752201015918588,0.0,0.13014079286012917,1.0,-10.0
625,0.0,-0.0001224009294863656,20.460302993924152,47.780495533294534,-47.780495533294534,0.0,0.673892394456353,0.7790290498544233,-15.126298961788606,34.22825578721387,0.0,-0.02888662924946845,0.0,0.00031921002224969184,8.26595600996516,-0.004161633034085152,-0.7790290498544233,-0.23138354312324297,0.0,-0.021752201015915514,0.0,0.1301407928601191,1.0,-10.0
626,0.0,-0.00012240092948636677,22.788294902046328,48.638176762603074,-48.638176762603074,0.0,0.0,0.9321864122308856,-14.513669512282972,32.63541921849914,0.0,-0.0288866292494705,0.0,0.49042276962686326,7.285748890755977,-0.004161633034085191,-0.9321864122308856,-0.23138354312324566,0.0,-0.021752201015919414,0.0,0.13014079286012029,1.0,-10.0
627,0.0,-0.00012240092948636723,33.577595833837755,58.44663215514085,-58.44663215514085,0.0,0.0,1.422609181857759,-14.51366951228303,33.12584198812614,0.0,-0.028886629249480943,1.961691078507517,0.0,2.3815211944872248,-0.004161633034085207,-1.422609181857759,-0.23138354312325482,0.0,-0.021752201015910164,0.0,0.13014079286012248,1.0,-10.0
628,0.0,-0.0001224009294863665,21.605463479948472,48.348398778381885,-48.348398778381885,0.0,0.0,0.6157915667043634,-14.409564013553478,33.85458047923225,0.0,-0.028886629249476704,0.34805584820069957,0.0,7.795007128419659,-0.004161633034085183,-0.6157915667043634,-0.23138354312325665,0.0,-0.021752201015903302,0.0,0.13014079286012017,1.0,-10.0
629,0.0,-0.00012240092948636637,20.46030299392427,47.78116975259416,-47.78116975259416,0.0,0.6742533702759113,0.7790036920489238,-15.126627121624658,34.229165684941044,0.0,-0.028886629249467118,0.000226728613934362,0.0,8.26591424416791,-0.004161633034085178,-0.7790036920489238,-0.23138354312324144,0.0,-0.0217522010159056,0.0,0.13014079286013427,1.0,-10.0
630,0.0,-0.00012240092948636515,20.46030299392408,47.77915264975248,-47.77915264975248,0.0,0.6739914596356579,0.7789685100226147,-15.125704570712635,34.226835852976826,0.00041827520156856014,-0.028886629249468308,0.0,0.0,8.265757879606495,-0.004161633034085136,-0.7789685100226147,-0.23138354312323808,0.0,-0.021752201015909873,0.0,0.13014079286011845,1.0,-10.0
631,0.0,-0.00012240092948636702,23.46734181383744,46.22378774290163,-46.22378774290163,0.0,0.0,0.8567367553652127,-13.155575688700871,29.35335914484242,0.8299462255224068,-0.028886629249476065,0.0,0.0,6.606701978964931,-0.0041616330340852005,-0.8567367553652127,-0.23138354312324896,0.0,-0.021752201015917783,0.0,0.13014079286012245,1.0,-10.0
632,0.0,-0.00012240092948636612,20.436043032233258,47.73899823040228,-47.73899823040228,0.02425996169097109,0.6735731844340981,0.7785502348210502,-15.128214221922173,34.21261449612378,0.0,-0.028886629249481544,0.0,0.0,8.266594430009693,-0.00416163303408517,-0.7785502348210502,-0.23138354312324766,0.0,-0.021752201015918755,0.0,0.13014079286012642,1.0,-10.0
633,4.385503687329024,-0.00012240092948636677,23.8330209084331,51.82895726038916,-51.82895726038916,0.0,0.0,0.44176364260399825,-15.801787406356372,37.26552779159935,0.0,-0.028886629249479906,0.0,0.0,5.567449699935092,-0.004161633034085192,-0.44176364260399825,-0.23138354312323986,0.0,-0.021752201015902608,0.0,0.1301407928601294,1.0,-10.0
634,0.0009703984676390625,-0.00012240092948636553,20.46030299392414,47.78169576297816,-47.78169576297816,0.0,0.6745435829017299,0.7790354340548713,-15.127243823454467,34.230081668541104,0.0,-0.028886629249466386,0.0,0.0,8.265624031542023,-0.004161633034085149,-0.7790354340548713,-0.23138354312324236,0.0,-0.021752201015914647,0.0,0.13014079286012262,1.0,-10.0
635,0.0,-0.00012240092948636555,20.46030299392414,49.21081692400746,-49.21081692400746,0.0,0.7181737509069804,0.0,-15.10591393868566,35.615572661565146,0.0,-0.0288866292494799,0.0,0.0,8.244294146773216,-0.00416163303408515,-0.8008505180575046,-0.2313835431232543,0.0,-0.021752201015908135,0.0,0.13014079286013017,1.0,-10.0
636,0.0,-0.00012240092948636702,19.97104689839271,48.72300566623957,-48.72300566623957,0.0,0.3915214079648226,0.0,-14.902298038508183,35.69904179450511,0.0,-0.028886629249482258,0.0,0.0,8.529934342127323,-0.0041616330340852005,-0.6375243465864121,-0.23138354312325737,0.0,-0.02175220101591072,0.0,0.1301407928601354,1.0,-10.0
637,0.0,-0.00012240092948636593,20.335651209559785,48.505221883058695,-48.505221883058695,0.0,0.0,0.0,-14.516894152542669,35.0689370285614,0.0,-0.028886629249469047,0.0,0.15538505878603862,8.401466380138782,-0.004161633034085162,-0.5971487013900413,-0.2313835431232572,0.0,-0.021752201015916614,0.0,0.13014079286013158,1.0,-10.0
638,0.0,-0.00012240092948636715,19.927010748212638,46.714957218027365,-46.714957218027365,0.0,0.0,0.0,-13.768567335689783,33.341906773956154,0.0,-0.028886629249477946,0.0,0.0,8.355391055958963,-0.004161633034085205,-0.5942888536823234,-0.23138354312325898,0.3050504221566356,-0.02175220101590529,0.0,0.13014079286013458,1.0,-10.0
639,2.486160940576635,-0.00012240092948636656,21.889501797420284,50.6806127060635,-50.6806127060635,0.0,0.0,0.0,-15.293819446472943,37.08894279278011,0.0,-0.028886629249476502,0.0,0.0,7.00300085106447,-0.004161633034085184,-0.44176364260400697,-0.23138354312324053,0.0,-0.021752201015915955,0.0,0.13014079286012598,1.0,-10.0
640,0.0,-0.00012240092948636658,20.631444453995964,48.88338792974306,-48.88338792974306,0.0,0.0,0.0,-14.495052879219399,35.32167176273166,0.0,-0.028886629249479115,0.19969164181337296,0.0,8.261058194488788,-0.004161633034085186,-0.5416094635106935,-0.23138354312324477,0.0,-0.02175220101591529,0.0,0.13014079286013738,1.0,-10.0
641,0.0,-0.00012240092948636534,20.3862416938156,47.674092498854066,-47.674092498854066,0.0,0.0,0.0,-14.137465520623206,34.14024028186329,0.23127078516990698,-0.028886629249476065,0.0,0.0,8.274990169498945,-0.004161633034085143,-0.5573990351889557,-0.2313835431232404,0.0,-0.02175220101591918,0.0,0.1301407928601246,1.0,-10.0
642,0.0,-0.00012240092948636677,11.944858035113732,34.1062064355526,-34.1062064355526,8.2872031352555,0.0,0.0,-15.293819446472977,29.630459971050215,0.0,-0.028886629249479066,0.0,0.0,8.660441478115581,-0.004161633034085192,-0.44176364260401113,-0.23138354312324683,0.0,-0.021752201015906823,0.0,0.1301407928601369,1.0,-10.0
643,0.0,-0.00012240092948636577,20.310612858854896,48.088406986030684,-48.088406986030684,0.0,0.0,0.0,-14.351199184642848,34.697043878386246,0.0,-0.028886629249481224,0.0,0.0,8.346234724172163,-0.004161633034085157,-0.5595911753327539,-0.2313835431232539,0.0,-0.02175220101590775,0.23565506545749157,0.13014079286013158,1.0,-10.0
644,0.0,-0.00012240092948636656,17.469660125284033,42.39340957080802,-42.39340957080802,0.0,0.0,0.0,-12.531418401387777,31.011660493592757,0.0,-0.028886629249475142,0.0,0.0,7.279240955572976,-0.004161633034085185,-0.4417636426040006,-0.2313835431232512,0.0,-0.021752201015910903,0.0,0.13014079286013294,1.0,-8.618799477457424
645,0.0,-0.00012240092948636547,19.461158553135952,48.367904854363886,-48.367904854363886,0.0,0.0,0.0,-14.715642483548018,35.99040656322268,0.0,-0.02888662924948178,0.0,0.0,8.853167132423742,-0.004161633034085148,-0.4417636426040034,-0.23138354312324472,0.0,-0.021752201015918245,0.0,0.13014079286012767,1.0,-10.0
646,0.0,-0.00012240092948636566,15.889315361202236,37.65237527856273,-37.65237527856273,0.0,0.0,0.0,-10.78175098401157,27.060798583388376,0.0,-0.028886629249469005,0.0,0.0,5.98110061364871,-0.0041616330340851545,-0.4417636426039996,-0.23138354312324488,0.0,-0.021752201015915296,0.0,0.1301407928601284,1.0,-7.489981788827682
647,0.0,-0.00012240092948636694,20.354991933226845,45.50580649143369,-45.50580649143369,0.0,0.0,0.0,-13.02998815475502,31.2954918844463,0.0,-0.0288866292494666,0.0,0.0,7.936758974500851,-0.004161633034085198,-0.7189435677641385,-0.23138354312324577,0.5543598503202594,-0.02175220101591306,0.0,0.13014079286012664,1.0,-10.0
648,0.0,-0.00012240092948636629,21.097603149384938,48.759205863000545,-48.759205863000545,0.0,0.0,0.0,-14.389902162571854,34.433977078707265,0.0,-0.02888662924946919,0.0,0.28237704875687214,8.020490410226268,-0.004161633034085175,-0.7241406913608961,-0.23138354312325074,0.0,-0.021752201015914283,0.0,0.1301407928601197,1.0,-10.0
649,0.0,-0.00012240092948636618,21.189539862933664,47.248816997556666,-47.248816997556666,0.0,0.0,0.0,-13.70037681095619,32.74628169427654,0.4202821190800142,-0.028886629249467548,0.0,0.0,7.790648626354368,-0.004161633034085171,-0.6519047021440122,-0.2313835431232511,0.0,-0.021752201015912256,0.0,0.13014079286012215,1.0,-10.0
650,0.0,-0.00012240092948636696,20.413763272387442,49.13518987651051,-49.13518987651051,0.0,0.6968430452025727,0.0,-15.081674500385352,35.58454618054094,0.0,-0.02888662924947633,0.0,0.0,8.266594430009755,-0.004161633034085198,-0.7901851652052965,-0.23138354312325257,0.0,-0.021752201015906688,0.0,0.13014079286012897,1.0,-10.0
651,0.0,-0.00012240092948636843,19.44436707415781,78.21707582340733,-78.21707582340733,0.0,1.1815411443174983,-16.722084419465315,-14.112278302155648,64.6664321274376,0.0,-0.02888662924946793,0.0,0.0,8.266594430009835,-0.004161633034085247,-1.032534214762758,-0.2313835431232411,0.0,-0.021752201015920385,0.0,0.13014079286011657,1.0,-10.0
652,0.0,-0.0001224009294863658,5.8492425165129305,22.592266011528782,-22.592266011528782,15.06010926703399,0.0,0.0,-15.801787406356244,24.550780372216067,0.0,-0.028886629249471732,0.0,0.0,8.491118824821049,-0.004161633034085159,-0.4417636426040058,-0.23138354312325243,0.0,-0.02175220101591282,0.0,0.13014079286013103,1.0,-10.0
653,0.0,-0.0001224009294863666,20.192699595086978,48.54180842691452,-48.54180842691452,0.0,0.6735731844341025,0.0,-14.860610823084889,35.12496643036366,0.0,-0.028886629249477883,0.0,0.0,8.132792730591055,-0.004161633034085187,-0.7785502348210586,-0.23138354312324655,0.0,-0.021752201015917343,0.0,0.1301407928601303,1.0,-9.86619830058133
654,0.0,-0.0001224009294863654,14.46732752739687,33.38641177714665,-33.38641177714665,0.0,0.0,0.0,-9.135238755394841,23.50582899887498,0.0,-0.02888662924947403,0.0,0.0,4.596533512311916,-0.004161633034085145,-0.4417636426040054,-0.23138354312325032,0.0,-0.021752201015912912,0.0,0.1301407928601356,1.0,-6.329939082302282
655,0.0,-0.00012240092948636623,26.363387053727624,50.850839592398245,-50.850839592398245,0.0,0.0,0.0,-13.43806879683364,31.225612308515228,0.0,-0.028886629249479323,0.0,0.0,5.229302636052945,-0.004161633034085173,-1.2010865910931905,-0.23138354312324613,0.0,-0.021752201015911424,1.5186458969783752,0.13014079286012434,1.0,-10.0
656,0.0,-0.0001224009294863664,21.052101634419394,48.00173946680912,-48.00173946680912,0.0,0.0,0.0,-14.08878919588799,33.75814575348346,0.0,-0.028886629249467565,0.0,0.0,7.92011942133165,-0.004161633034085179,-0.6558884189125367,-0.2313835431232412,0.0,-0.02175220101590493,0.4282495526170772,0.13014079286012756,1.0,-10.0
657,0.0,-0.00012240092948636705,20.44994415267907,49.12708295727507,-49.12708295727507,0.0,0.6942908669247354,0.0,-15.066061174450383,35.53500389632422,0.0,-0.02888662924946712,0.0,0.0,8.245876747519127,-0.0041616330340852005,-0.7940884966890308,-0.23138354312324944,0.0,-0.02175220101591468,0.010358841245316735,0.13014079286013544,1.0,-10.0
658,0.0,-0.00012240092948636723,20.430751698347283,48.96045178092411,-48.96045178092411,0.0,0.673573184434116,0.0,-14.980457744036658,35.350705493800255,0.0,-0.028886629249476534,0.0,0.0,8.237043134432637,-0.004161633034085208,-0.7933258826096198,-0.2313835431232425,0.02955129557711827,-0.021752201015904582,0.0,0.13014079286013808,1.0,-10.0
659,0.0,-0.00012240092948636656,20.996883761337813,44.86942446442217,-44.86942446442217,0.0,0.0,0.0,-12.422532583516855,29.6976495655432,0.0,-0.028886629249481696,0.0,0.0,7.456028828554999,-0.004161633034085184,-0.8470464433313706,-0.2313835431232499,0.8105656014547106,-0.021752201015906653,0.0,0.13014079286012398,1.0,-10.0
660,0.0,-0.0001224009294863652,20.46030299392409,49.13987508337595,-49.13987508337595,0.0,0.684349160226204,0.0,-15.06355836716941,35.53535150844603,0.0,-0.02888662924947331,0.0,0.01077597579210785,8.245042478425425,-0.004161633034085139,-0.794714198509204,-0.2313835431232511,0.0,-0.02175220101590183,0.0,0.1301407928601277,1.0,-10.0
661,0.0,-0.00012240092948636536,22.83165240959168,50.28576204933617,-50.28576204933617,0.0,0.0,0.0,-14.426954497191566,34.17461073636837,0.0,-0.028886629249478712,0.0,0.5121015233996691,7.242391383210272,-0.004161633034085145,-0.9538651660036876,-0.23138354312325138,0.0,-0.021752201015904093,0.0,0.13014079286012192,1.0,-10.0
662,0.0,-0.00012240092948636515,34.390515366327314,61.69831028510042,-61.69831028510042,0.0,0.0,0.0,-14.378182923534418,35.56460058559601,0.0,-0.02888662924948231,2.097177667255825,0.0,1.9750614282421133,-0.004161633034085136,-1.490352476231917,-0.2313835431232419,0.0,-0.021752201015915976,0.0,0.13014079286013136,1.0,-10.0
663,0.0,-0.00012240092948636637,21.635140181958302,49.446436752746244,-49.446436752746244,0.0,0.0,0.0,-14.350210609533752,34.89326504957692,0.0,-0.02888662924947529,0.3628941992056315,0.0,7.765330426409806,-0.004161633034085178,-0.6232107422068135,-0.23138354312325338,0.0,-0.021752201015910484,0.0,0.13014079286013344,1.0,-10.0
664,0.0,-0.00012240092948636675,20.460302993924333,49.16111914993812,-49.16111914993812,0.0,0.6965106186201702,0.0,-15.07469354215478,35.564600585596466,0.0,-0.02888662924946648,0.007645811395352809,0.0,8.243656995823672,-0.004161633034085191,-0.7938418576117582,-0.23138354312324383,0.0,-0.02175220101590865,0.0,0.1301407928601267,1.0,-10.0
665,0.0,-0.00012240092948636528,20.460302993924103,49.09109961400115,-49.09109961400115,0.0,0.6876575738465873,0.0,-15.043707885447116,35.4841183603818,0.014084389412491849,-0.02888662924947978,0.0,0.0,8.238425651184661,-0.004161633034085141,-0.7926346242335364,-0.2313835431232512,0.0,-0.02175220101591439,0.0,0.13014079286013389,1.0,-10.0
666,0.0,-0.00012240092948636686,23.534536853473888,47.6348835752678,-47.6348835752678,0.0,0.0,0.0,-13.02118560942788,30.630064897935632,0.8635437453406426,-0.028886629249476582,0.0,0.0,6.539506939328446,-0.004161633034085195,-0.8735355152743374,-0.23138354312325388,0.0,-0.02175220101590587,0.0,0.1301407928601345,1.0,-10.0
667,0.0,-0.00012240092948636612,19.657492797412203,47.73899823040228,-47.73899823040228,0.802810196512039,0.6735731844340981,0.0,-15.128214221922173,34.991164730944845,0.0,-0.028886629249481544,0.0,0.0,8.266594430009693,-0.00416163303408517,-0.7785502348210502,-0.23138354312324766,0.0,-0.021752201015918755,0.0,0.13014079286012642,1.0,-10.0
668,4.518032780110209,-0.00012240092948636634,23.921373636953817,52.71248454559699,-52.71248454559699,0.0,0.0,0.0,-15.801787406356311,38.10487871254683,0.0,-0.02888662924948196,0.0,0.0,5.479096971414274,-0.004161633034085176,-0.44176364260399753,-0.23138354312325177,0.0,-0.02175220101590879,0.0,0.13014079286012223,1.0,-10.0
669,0.032767763122927326,-0.00012240092948636558,20.46030299392414,49.18077980781143,-49.18077980781143,0.0,0.7063409475570355,0.0,-15.095446458799161,35.597368348719066,0.0,-0.02888662924948203,0.0,0.0,8.23382666688672,-0.004161633034085151,-0.7949341163825157,-0.2313835431232501,0.0,-0.021752201015914963,0.0,0.13014079286011887,1.0,-10.0
675,0.0,-0.00012240092948636626,7.71951711345576,22.677469723406286,-22.677469723406286,23.261702041891457,0.0,0.9357515490886339,-19.156790730087106,25.331703640627733,0.0,-0.02888662924947142,0.0,0.0,4.738182215659447,-0.004161633034085173,-0.9357515490886339,-0.23138354312325637,0.0,-0.02175220101590937,0.9879758129692549,0.13014079286013291,1.0,-10.0
686,0.0,-0.00012240092948636547,3.7676138615786905,16.255626939105994,-16.255626939105994,15.8518834446219,0.0,0.4417636426040001,-13.722923758756087,19.650842716054363,0.0,-0.02888662924947548,0.0,0.0,5.479164075386352,-0.0041616330340851476,-0.4417636426040001,-0.23138354312324752,0.0,-0.021752201015912083,0.0,0.13014079286013377,1.0,-7.77705442081918
687,0.0,-0.0001224009294863653,4.9149406121236305,20.12785472219514,-20.12785472219514,17.42945772662117,0.2868316876362303,0.5851794864221235,-16.734656478936532,23.451362577234452,0.0,-0.028886629249475358,0.0,0.0,7.988941342203401,-0.004161633034085142,-0.5851794864221235,-0.23138354312325513,0.0,-0.021752201015912444,0.0,0.1301407928601349,1.0,-10.0
688,0.0,-0.00012240092948636558,4.9910876338325885,19.85372544404294,-19.85372544404294,16.84566389351922,0.2665258151805115,0.5750265501942635,-16.364074306619656,22.86756874413252,0.0,-0.02888662924947243,0.0,0.0,8.12600598127954,-0.004161633034085151,-0.5750265501942635,-0.23138354312325643,0.0,-0.021752201015909717,0.0,0.130140792860136,1.0,-10.0
689,0.0,-0.00012240092948636517,4.19151018829104,16.255626939105948,-16.255626939105948,14.580194464484807,0.0,0.4417636426040026,-13.299027432043703,18.803050062629612,0.0,-0.028886629249479028,0.0,0.0,6.326956728811052,-0.004161633034085137,-0.4417636426040026,-0.2313835431232528,0.0,-0.02175220101591694,0.0,0.1301407928601277,1.0,-8.20095074753154
690,0.0,-0.00012240092948636558,3.9105523887119253,16.571282853191875,-16.571282853191875,15.21254280993316,0.0,0.0,-13.507479450779703,19.486022469771,0.0,-0.02888662924947746,0.0,0.0,6.484784685854009,-0.004161633034085152,-0.4596309584956561,-0.23138354312325102,0.035734631783297596,-0.021752201015914185,0.0,0.13014079286012795,1.0,-8.394513336357779
691,0.0,-0.0001224009294863658,3.910552388711927,16.487902045697524,-16.487902045697524,15.200631266005413,0.0,0.0,-13.459833275068643,19.39668589031276,0.0,-0.028886629249473234,0.0,0.0,6.371625018540214,-0.004161633034085159,-0.45963095849565666,-0.23138354312325474,0.0,-0.021752201015917294,0.035734631783304105,0.13014079286013455,1.0,-8.317088300827274
692,0.0,-0.00012240092948636517,3.7676138615786883,16.255626939105948,-16.255626939105948,15.004090791197159,0.0,0.017867315891650627,-13.299027432043703,19.226946389341965,0.0,-0.028886629249479028,0.0,0.0,6.326956728811052,-0.004161633034085137,-0.4417636426040026,-0.2313835431232528,0.0,-0.02175220101591694,0.0,0.1301407928601277,1.0,-8.20095074753154
693,0.0,-0.0001224009294863661,3.9820216522785477,16.630840572830788,-16.630840572830788,15.236365897788755,0.0,0.0,-13.531302538635288,19.50388978566273,0.035734631783304105,-0.028886629249481065,0.0,0.0,6.443094282106837,-0.004161633034085168,-0.45963095849565844,-0.231383543123256,0.0,-0.021752201015914595,0.0,0.13014079286012803,1.0,-8.388557564393881
694,0.0,-0.00012240092948636618,3.7676138615787136,16.28242791294356,-16.28242791294356,14.995157133251451,0.0,0.0,-13.290093774097981,19.249280534206683,0.0,-0.028886629249481842,0.0,0.0,6.322489899838188,-0.004161633034085171,-0.44176364260400847,-0.23138354312325207,0.0,-0.0217522010159178,0.0,0.13014079286013372,1.0,-8.196483918558613
695,0.0,-0.00012240092948636528,3.749746545687037,16.282427912943447,-16.282427912943447,15.048759080926308,0.0,0.0,-13.325828405881193,19.28501516598985,0.0,-0.028886629249474802,0.0,0.0,6.340357215729798,-0.0041616330340851415,-0.4417636426040061,-0.2313835431232493,0.0,-0.021752201015916912,0.0,0.13014079286013297,1.0,-8.214351234450275
696,0.0,-0.00012240092948636553,5.027412676463034,19.363433572569654,-19.363433572569654,16.95763700954427,0.06980376798443656,0.0,-15.531788722328587,21.998958117210996,0.0,-0.028886629249480395,0.0,0.0,7.880860045542898,-0.004161633034085148,-0.5992384944645496,-0.2313835431232531,0.24514593573663468,-0.021752201015910588,0.0,0.1301407928601347,1.0,-10.0
697,0.0,-0.00012240092948636572,5.5424667636673,19.85372544404297,-19.85372544404297,17.64850282843847,0.10199464843470173,0.0,-16.009699485936405,22.303533370702016,0.0,-0.028886629249482314,0.0,0.0,7.442568827104669,-0.004161633034085157,-0.6636202553650719,-0.23138354312325338,0.0,-0.02175220101591598,0.3417185770874301,0.1301407928601312,1.0,-10.0
698,0.0,-0.00012240092948636558,4.833717122300752,19.85372544404294,-19.85372544404294,17.003034405051068,0.2665258151805115,0.4176560386624161,-16.364074306619656,23.024939255664354,0.0,-0.02888662924947243,0.0,0.0,8.12600598127954,-0.004161633034085151,-0.5750265501942635,-0.23138354312325643,0.0,-0.021752201015909717,0.0,0.130140792860136,1.0,-10.0
699,0.0,-0.00012240092948636629,5.55765425598232,19.85372544404306,-19.85372544404306,17.17009682051613,0.07161966380470997,0.0,-15.751512116581532,22.189627178339638,0.2505936231974524,-0.028886629249474806,0.0,0.0,7.6248187348846725,-0.0041616330340851744,-0.6028702861050957,-0.23138354312325107,0.0,-0.021752201015911535,0.0,0.13014079286013291,1.0,-10.0
700,0.0,-0.00012240092948636545,4.899231795032105,20.73817352591629,-20.73817352591629,16.904762395954002,0.28290448336334356,0.0,-16.331316970253962,23.81111532844066,0.0,-0.028886629249476006,0.0,0.0,8.126005981279537,-0.004161633034085147,-0.5832158842856828,-0.2313835431232532,0.0,-0.02175220101591059,0.0,0.13014079286012922,1.0,-10.0
701,0.0,-0.0001224009294863662,4.316619169671111,19.85372544404305,-19.85372544404305,17.59968588885462,0.22674904959361283,0.0,-16.44362783779354,23.62159073946794,0.0,-0.02888662924947661,0.0,0.0,8.126005981279585,-0.004161633034085173,-0.5551381674008151,-0.2313835431232557,0.0,-0.021752201015914283,0.0,0.13014079286013017,1.0,-10.0
702,0.0,-0.00012240092948636675,7.58661418915617,57.01783584659067,-57.01783584659067,12.87368880476817,0.9547500818943414,-17.132062762540563,-14.987625773192116,56.05970405792905,0.0,-0.028886629249460304,0.0,0.0,8.126005981279624,-0.004161633034085191,-0.9191386835511827,-0.23138354312324877,0.0,-0.021752201015920094,0.0,0.13014079286013702,1.0,-10.0
795,0.0,-0.00012240092948636645,7.189925609071884,19.853725444043086,-19.853725444043086,18.777976053578076,0.0,0.7416051846820805,-16.297442852824638,21.201782399254448,0.0,-0.02888662924947938,0.5996830841561576,0.0,6.3269567288111075,-0.00416163303408518,-0.7416051846820805,-0.23138354312325424,0.0,-0.021752201015918494,0.0,0.13014079286013613,1.0,-10.0
796,0.0,-0.00012240092948636634,36.210434055510724,60.82385501548616,-60.82385501548616,0.0,0.0,1.5951495507538136,-14.590354120681166,33.15140352425867,0.0,-0.028886629249476468,2.306771816299613,0.0,1.2056905323807128,-0.004161633034085178,-1.5951495507538136,-0.23138354312324008,0.0,-0.02175220101590146,0.0,0.13014079286012234,1.0,-10.0
797,0.0,-0.00012240092948636648,37.121948084512944,64.46991113149494,-64.46991113149494,0.0,0.0,0.0,-14.438435115847483,35.88594561126526,0.0,-0.028886629249480815,2.458690821133321,0.0,0.7499335178796175,-0.004161633034085181,-1.671109053170669,-0.23138354312323914,0.0,-0.021752201015920042,0.0,0.130140792860116,1.0,-10.0
860,0.54049184051427,-0.00012240092948636629,4.9064786785083205,19.853725444043057,-19.853725444043057,17.114371179798695,0.0,0.4417636426039991,-16.365165042169185,23.310752680115,0.0,-0.02888662924947816,0.0,0.0,7.942998385873933,-0.0041616330340851744,-0.4417636426039991,-0.23138354312324966,0.0,-0.021752201015919802,0.0,0.13014079286013613,1.0,-10.0
863,2.969724759953479,-0.00012240092948636602,6.424749253157824,19.853725444043025,-19.853725444043025,20.020774851270588,0.6506873891354978,0.7671073371717577,-18.143710572472855,23.35413183939065,0.0,-0.028886629249473182,0.0,0.0,5.296869670056211,-0.004161633034085167,-0.7671073371717577,-0.23138354312325474,0.0,-0.021752201015909956,0.0,0.1301407928601299,1.0,-10.0
946,0.0,-0.00012240092948636593,6.959278269011803,19.853725444043015,-19.853725444043015,17.07118573713355,0.0,0.7185404506760747,-15.790018704692448,20.878876123170283,0.0,-0.02888662924947303,0.0,0.0,7.018898748991274,-0.004161633034085164,-0.7185404506760747,-0.2313835431232472,0.0,-0.02175220101591275,0.5535536161441447,0.13014079286012795,1.0,-10.0
947,0.0,-0.00012240092948636555,27.444701153571973,49.44378072174103,-49.44378072174103,0.0,0.0,1.2875799752471915,-13.513860606407915,28.84542946716584,0.0,-0.028886629249475448,0.0,0.0,4.742740650706784,-0.00416163303408515,-1.2875799752471915,-0.23138354312324363,0.0,-0.02175220101591366,1.691632665286373,0.1301407928601287,1.0,-10.0
948,0.0,-0.00012240092948636593,6.240737818335717,19.853725444043015,-19.853725444043015,17.789726187809638,0.0,0.0,-15.790018704692448,21.59741657384636,0.0,-0.02888662924947303,0.0,0.0,7.018898748991274,-0.004161633034085164,-0.7185404506760747,-0.2313835431232472,0.0,-0.02175220101591275,0.5535536161441447,0.13014079286012795,1.0,-10.0
949,0.0,-0.00012240092948636715,27.71109701052003,51.752544815288395,-51.752544815288395,0.0,0.0,0.0,-13.336263368442975,30.798999084782675,0.0,-0.028886629249481148,0.0,0.0,4.565143412741712,-0.004161633034085205,-1.3319792847384848,-0.23138354312324455,0.0,-0.02175220101591616,1.7804312842689496,0.13014079286013747,1.0,-10.0
950,0.0,-0.0001224009294863665,13.91163983128106,30.835821403591094,-30.835821403591094,0.0,0.0,0.4417636426040006,-8.43896261054886,21.23308247337731,0.0,-0.028886629249472048,0.0,0.0,3.8969243180636184,-0.004161633034085183,-0.4417636426040006,-0.23138354312325574,0.0,-0.021752201015915223,0.0,0.13014079286012792,1.0,-5.770918336784022
951,0.0,-0.00012240092948636637,13.764385283746375,31.277585046195068,-31.277585046195068,0.0,0.0,0.0,-8.291708063014175,21.748473389748625,0.0,-0.02888662924947589,0.0,0.0,3.82329704429628,-0.004161633034085179,-0.44176364260400086,-0.23138354312325626,0.0,-0.021752201015911403,0.0,0.13014079286013155,1.0,-5.697291063016692
952,0.0,-0.0001224009294863722,17.8855652329715,163.44032996601476,-163.44032996601476,0.0,0.9547500818943457,-74.20541646368274,-2.1139369684240026,144.4590338506769,0.0,-0.028886629249484087,0.0,0.0,5.551268220326232,-0.004161633034085376,-2.206507564028087,-0.23138354312325013,2.5747377609537248,-0.02175220101592105,0.0,0.13014079286010627,1.0,-10.0
953,0.0,-0.00012240092948636517,18.308352626655235,161.11499930073907,-161.11499930073907,0.0,0.42626583978832977,-74.78674912999506,0.0,140.86534100434793,0.0,-0.02888662924948244,0.0,0.0,4.917087129798733,-0.004161633034085137,-2.2593559882385215,-0.23138354312320095,3.2089188514807487,-0.021752201015919816,0.0,0.13014079286010283,1.0,-10.0
955,0.0,-0.00012240092948636702,7.586614189156193,95.63890226089538,-95.63890226089538,0.0,0.9547500818943498,-42.87944037207699,-2.113936968423934,88.24392606984965,0.0,-0.028886629249482876,0.0,0.0,1.6891615788955099,-0.0041616330340852005,-0.9191386835511604,-0.23138354312325463,0.0,-0.021752201015920142,0.0,0.1301407928601176,1.0,-3.5631555976159177
956,0.0,-0.00012240092948636623,5.472677220732184,76.61346954507914,-76.61346954507914,0.0,0.4262658397883427,-35.74490310364586,0.0,70.80394608035144,0.0,-0.028886629249463704,0.0,0.0,0.10370885257754595,-0.004161633034085172,-0.6548965624981842,-0.23138354312323225,0.0,-0.021752201015919993,0.0,0.13014079286012004,1.0,-1.9777028712980051
958,0.0,-0.00012240092948637726,33.33399179869526,365.98636716105807,-365.98636716105807,0.0,7.391594484279016,-149.08737301142708,-21.42447017557799,339.2808577628578,0.0,-0.028886629249485284,0.0,0.0,1.6891615788956518,-0.004161633034085547,-4.137560884743581,-0.2313835431231618,0.0,-0.021752201015921954,0.0,0.13014079286004504,1.0,-10.0
959,0.0,-0.00012240092948637016,17.285314611163884,145.14423917000764,-145.14423917000764,1.7050633591535198,0.0,-67.69652732818469,0.0,126.25863156093845,0.0,-0.028886629249483608,0.0,0.0,4.7465807938835365,-0.004161633034085305,-2.1314762363021194,-0.2313835431232281,3.3794251873962637,-0.021752201015920698,0.0,0.13014079286011918,1.0,-10.0
963,0.0,-0.00012240092948636648,23.52318906586283,49.28999593398808,-49.28999593398808,0.0,0.0,1.0184565966789048,-14.590354120681187,32.57471057018378,0.0,-0.028886629249468835,0.0,0.5766929540748967,6.97262007312979,-0.004161633034085182,-1.0184565966789048,-0.23138354312325193,0.0,-0.021752201015903923,0.0,0.13014079286013208,1.0,-10.0
964,0.0,-0.000122400929486366,23.570559140126853,51.09005875602502,-51.09005875602502,0.0,0.0,0.0,-14.495613972152844,34.256348206560475,0.0,-0.028886629249466434,0.0,0.6003779912069689,6.925249998865623,-0.004161633034085165,-1.0421416338109684,-0.23138354312323978,0.0,-0.021752201015917252,0.0,0.13014079286012728,1.0,-10.0
965,0.0,-0.00012240092948637079,18.990377970317525,145.1442391700084,-145.1442391700084,0.0,0.0,-65.99146396903153,0.0,124.55356820178557,0.0,-0.028886629249483764,0.0,0.0,4.7465807938836,-0.004161633034085328,-2.131476236302144,-0.23138354312322648,3.3794251873962615,-0.02175220101592081,0.0,0.13014079286012536,1.0,-10.0
967,0.0,-0.0001224009294863659,5.0804072594376555,74.15887781777113,-74.15887781777113,0.0,0.0,-34.46661342225104,0.0,68.97175517347902,0.0,-0.028886629249475396,0.0,0.0,0.6581179160254139,-0.004161633034085161,-0.44176364260398776,-0.23138354312324372,0.0,-0.02175220101591994,0.0,0.1301407928601262,1.0,-2.139841973451393
970,0.0,-0.00012240092948636789,5.4525896305561306,68.96255247050262,-68.96255247050262,0.0,0.0,-31.310177191939182,-0.34502525336535556,63.58933864065126,0.0,-0.02888662924947282,0.0,0.0,0.7627377483255994,-0.00416163303408523,-0.44176364260400747,-0.2313835431232435,0.0,-0.0217522010159203,0.0,0.1301407928601338,1.0,-2.271618923504432
971,0.0,-0.00012240092948636588,5.165068586084891,67.63995566593427,-67.63995566593427,0.0,0.0,-31.080160356361752,0.0,62.41050235831857,0.0,-0.028886629249460588,0.0,0.0,0.44646459940733785,-0.004161633034085161,-0.4417636426039927,-0.23138354312325363,0.0,-0.02175220101591994,0.0,0.13014079286013233,1.0,-2.0128499834805327
972,0.0,-0.0001224009294863719,14.392623224320209,160.48563662735933,-160.48563662735933,0.0,0.0,-75.74238148281212,0.0,144.6020496990806,0.0,-0.02888662924948402,0.0,1.5100890753862857,0.028914134614505673,-0.004161633034085365,-1.951852717990305,-0.23138354312323417,0.0,-0.021752201015921003,0.0,0.13014079286013805,1.0,-4.782497855377082
973,0.0,-0.00012240092948636694,5.332088772002088,81.96100470726742,-81.96100470726742,0.0,0.37752226884653567,-38.556438001422464,0.0,76.27051903784653,0.0,-0.028886629249482855,0.0,0.0,0.40643640346106374,-0.004161633034085197,-0.6305247770272797,-0.2313835431232514,0.0,-0.021752201015920125,0.0,0.1301407928601092,1.0,-2.1398419734513308
974,0.0,-0.00012240092948636734,3.8219996966158414,63.839935802632546,-63.839935802632546,1.5100890753862435,0.0,-30.439709221221424,0.0,60.037061477444475,0.0,-0.028886629249466774,0.0,0.0,0.028914134614495355,-0.004161633034085212,-0.44176364260401213,-0.2313835431232452,0.0,-0.021752201015920205,0.0,0.13014079286011668,1.0,-1.7623197046047299
975,0.0,-0.00012240092948636767,8.548164273885929,110.90568422422216,-110.90568422422216,0.0,1.1815411443174815,-49.41069282028054,-3.2160755018838003,102.80314192838843,0.0,-0.028886629249483032,0.0,0.0,2.818493029873925,-0.004161633034085222,-1.0325342147627454,-0.23138354312325501,0.0,-0.021752201015920257,0.0,0.13014079286013097,1.0,-4.551898599864121
976,0.0,-0.0001224009294863653,5.332088772002028,60.792128043331125,-60.792128043331125,0.0,0.0,-27.40571626618451,0.0,55.4791646427569,0.0,-0.02888662924947023,0.0,0.0,0.028914134614488034,-0.004161633034085142,-0.44176364260398754,-0.23138354312325027,0.0,-0.021752201015919837,0.0,0.13014079286013455,1.0,-1.7623197046048737
981,0.0,-0.00012240092948636713,24.32168700227436,46.4508921600811,-46.4508921600811,0.0,0.0,0.9297346037443089,-12.993358247858428,28.715303877528807,0.9759419222806084,-0.028886629249472672,0.0,0.0,6.174122136718402,-0.004161633034085204,-0.9297346037443089,-0.23138354312324874,0.0,-0.021752201015914366,0.0,0.13014079286013497,1.0,-10.0
982,0.0,-0.0001224009294863669,24.39460736335231,47.98221974271871,-47.98221974271871,0.0,0.0,0.0,-12.847517525702449,30.10079073801047,1.0124021028195975,-0.028886629249481398,0.0,0.0,6.10120177564041,-0.004161633034085196,-0.9479646940138003,-0.23138354312324877,0.0,-0.02175220101590371,0.0,0.13014079286013502,1.0,-10.0
983,0.0,-0.00012240092948636588,21.452652917497403,43.37020801986956,-43.37020801986956,0.0,0.0,0.9003387627117506,-12.311374735903183,27.704086946008847,0.0,-0.02888662924946964,0.0,0.0,7.2088557410640455,-0.004161633034085162,-0.9003387627117506,-0.23138354312324239,0.9171502402155058,-0.021752201015918723,0.0,0.13014079286012886,1.0,-10.0
984,0.0,-0.00012240092948636555,20.78389753400686,48.280783264356636,-48.280783264356636,0.0,0.7929528118529795,0.8382400485304946,-15.311220313274703,34.448962670926974,0.0,-0.028886629249475448,0.0,0.0,8.12600598127953,-0.00416163303408515,-0.8382400485304946,-0.23138354312324363,0.0,-0.02175220101591366,0.0,0.1301407928601287,1.0,-10.0
986,0.0,-0.00012240092948636702,19.163190176697345,95.931220363402,-95.931220363402,0.0,1.6033064905078485,-26.63357005493885,-13.69051295596512,82.09939976997221,0.0,-0.028886629249482876,0.0,0.0,8.126005981279626,-0.0041616330340852005,-1.2434168878579426,-0.23138354312325154,0.0,-0.021752201015920142,0.0,0.13014079286010438,1.0,-10.0
987,0.0,-0.00012240092948636629,20.730675943624096,49.71776620469494,-49.71776620469494,0.0,0.8195636070444325,0.0,-15.257998722891912,35.8859456112652,0.0,-0.028886629249472308,0.0,0.0,8.126005981279592,-0.004161633034085177,-0.8515454461262159,-0.231383543123244,0.0,-0.021752201015917776,0.0,0.13014079286012964,1.0,-10.0
988,0.0,-0.0001224009294863654,20.460302993924106,57.01783584659003,-57.01783584659003,0.0,0.9547500818943361,-4.258373957772348,-14.987625773191954,43.18601525316038,0.0,-0.028886629249475382,0.0,0.0,8.126005981279523,-0.004161633034085145,-0.9191386835511778,-0.23138354312325451,0.0,-0.021752201015908374,0.0,0.13014079286013527,1.0,-10.0
990,0.0,-0.0001224009294863652,21.419511613348376,44.740048591357144,-44.740048591357144,0.0,0.0,0.0,-12.145668215158622,29.007644909198717,0.0,-0.02888662924946813,0.0,0.0,7.175714436915104,-0.004161633034085137,-0.9169094147862049,-0.2313835431232497,0.950291544364393,-0.021752201015910928,0.0,0.1301407928601345,1.0,-10.0
991,0.0,-0.00012240092948636897,17.237008824357446,175.54671626012973,-175.54671626012973,0.0,1.6033064905079017,-78.96149679351336,-4.059606194264544,157.8625329620194,0.0,-0.028886629249483334,0.0,0.0,6.199824628939603,-0.004161633034085266,-2.206507564028009,-0.23138354312325582,1.9261813523401472,-0.021752201015920486,0.0,0.13014079286008146,1.0,-10.0
992,0.0,-0.00012240092948637135,18.04893006321073,171.08114944644205,-171.08114944644205,0.0,0.58840494194173,-80.07788849693766,0.0,150.96120243177253,0.0,-0.028886629249483896,0.0,0.0,4.981942770660298,-0.004161633034085348,-2.3079977188846774,-0.23138354312325524,3.1440632106195596,-0.02175220101592091,0.0,0.13014079286008387,1.0,-10.0
996,0.0,-0.00012240092948636753,9.532283414996753,124.8239406485043,-124.8239406485043,0.0,1.6033064905078522,-55.526290340040845,-4.059606194264506,115.80757343592471,0.0,-0.028886629249482987,0.0,0.0,3.310552600429314,-0.004161633034085216,-1.243416887857955,-0.23138354312323905,0.0,-0.021752201015920226,0.0,0.1301407928601368,1.0,-5.1845466191497245
997,0.0,-0.00012240092948636745,5.472677220732234,88.28748490012337,-88.28748490012337,0.0,0.5884049419417298,-41.82511943439801,0.0,82.31582233324221,0.0,-0.028886629249482976,0.0,0.0,0.2658479547309277,-0.004161633034085215,-0.7359661135748711,-0.23138354312325657,0.0,-0.02175220101592022,0.0,0.13014079286011618,1.0,-2.1398419734513006
998,0.0,-0.00012240092948637103,28.794096938398877,327.072982644227,-327.072982644227,0.0,6.418759871358321,-134.98127112407496,-18.50596633681601,303.6102552890958,0.0,-0.028886629249483816,0.0,0.0,3.310552600429429,-0.004161633034085336,-3.651143578283183,-0.23138354312319562,0.0,-0.021752201015920854,0.0,0.13014079286007788,1.0,-10.0
1005,0.0,-0.00012240092948637065,15.310827472017564,215.35446420849573,-215.35446420849573,0.0,3.529487842848104,-95.01300806301592,-9.838150251285155,201.52264361506556,0.0,-0.028886629249483726,0.0,0.0,8.126005981279826,-0.004161633034085323,-2.2065075640280547,-0.2313835431232434,0.0,-0.021752201015920784,0.0,0.1301407928601321,1.0,-10.0
1006,0.0,-0.0001224009294863682,5.472677220732245,717.1001270240254,-717.1001270240254,0.0,8.448562968490519,-368.02167753617215,0.0,703.2683064305955,0.0,-0.02888662924948315,0.0,0.0,8.126005981279487,-0.0041616330340852395,-4.66604512684908,-0.23138354312326156,0.0,-0.02175220101592035,0.0,0.13014079286013927,1.0,-10.0
1007,0.0,-0.00012240092948636726,5.332088772002088,72.81758142936648,-72.81758142936648,0.0,0.25053027887570906,-33.79423837751569,0.0,67.25408774991644,0.0,-0.02888662924945999,0.0,0.0,0.27944441349019794,-0.004161633034085208,-0.5670287820418497,-0.23138354312324086,0.0,-0.021752201015920184,0.0,0.1301407928601292,1.0,-2.0128499834804394
1008,0.0,-0.0001224009294863676,7.024260394235708,88.04712602946908,-88.04712602946908,0.0,0.6735731844340893,-39.50531760255421,-1.692171622233574,81.21450363334385,0.0,-0.028886629249483004,0.0,0.0,1.548573130165419,-0.004161633034085219,-0.7785502348210522,-0.2313835431232382,0.0,-0.02175220101592024,0.0,0.1301407928601247,1.0,-3.281978700155647
1009,0.0,-0.0001224009294863728,19.426761255487694,186.23359118104872,-186.23359118104872,0.0,2.7406566613093664,-79.29667453240502,-8.926963791297142,168.54878053132794,0.0,-0.02888662924948424,0.0,0.0,6.199510953134818,-0.0041616330340853965,-2.328862842477534,-0.23138354312320597,0.0,-0.021752201015921166,1.0335417384376364,0.13014079286011607,1.0,-10.0
1010,0.0,-0.00012240092948636718,18.60619762798284,190.53178161082272,-190.53178161082272,0.0,2.8578800366669497,-81.68021649800812,-9.083261625107017,173.6284601301542,0.0,-0.028886629249482914,0.0,0.0,6.590255537660217,-0.004161633034085206,-2.2897883840248845,-0.23138354312325426,0.0,-0.02175220101592017,0.8381694461746899,0.13014079286009606,1.0,-10.0
1011,0.0,-0.00012240092948637092,18.111528798433937,156.9488949367105,-156.9488949367105,0.0,0.2505302788756779,-72.6650351245797,0.0,137.00853122752466,0.0,-0.02888662924948379,0.0,0.0,5.0717344234020745,-0.004161633034085331,-2.1644587853458006,-0.23138354312323062,3.1948600066078963,-0.021752201015920833,0.0,0.13014079286011987,1.0,-10.0
1012,0.0,-0.00012240092948636832,17.773094473986827,158.81028372116418,-158.81028372116418,0.0,0.6735731844340689,-72.19968792846396,-1.6921716222336016,139.8852229853189,0.0,-0.028886629249483185,0.0,0.0,5.579385910072055,-0.004161633034085245,-2.1221544947899607,-0.2313835431232452,2.6872085199377604,-0.02175220101592037,0.0,0.1301407928600899,1.0,-10.0
1013,0.0,-0.00012240092948637154,20.460302993925144,206.52859259036754,-206.52859259036754,0.0,1.8950316025876643,-90.19584195592834,-7.799463713001456,186.87065680362963,0.0,-0.02888662924948394,0.0,1.2214584181535408,5.82367759370291,-0.004161633034085354,-2.6107378620513866,-0.23138354312325826,0.0,-0.021752201015920947,0.0,0.1301407928600754,1.0,-10.0
1014,0.0,-0.0001224009294863656,19.444367074157345,206.990381644797,-206.990381644797,0.0,2.172105035251214,-90.51909429403159,-8.168894956552602,188.48691849415863,0.0,-0.028886629249482546,0.0,0.9905638909337755,6.285466648142048,-0.004161633034085153,-2.5183800511634127,-0.2313835431232317,0.0,-0.02175220101591989,0.0,0.13014079286012067,1.0,-10.0
1015,0.0,-0.0001224009294863689,20.460302993924657,194.74511137994065,-194.74511137994065,0.0,3.044639525555689,-82.18451174274287,-9.59572609263881,176.45233500172773,0.0,-0.028886629249483306,0.7903554470405205,0.0,5.895528088888291,-0.004161633034085263,-2.3592611289021144,-0.23138354312324766,0.0,-0.02175220101592047,0.0,0.13014079286012956,1.0,-10.0
1016,0.0,-0.00012240092948636577,19.444367074157345,197.43435352049488,-197.43435352049488,0.0,3.1044004620124612,-84.02216053878952,-9.625606560867018,180.0379911891355,0.0,-0.028886629249482584,0.6409531058982962,0.0,6.343735112314675,-0.004161633034085159,-2.314440426559397,-0.23138354312323237,0.0,-0.02175220101591992,0.0,0.13014079286010558,1.0,-10.0
1017,0.0,-0.00012240092948637252,29.29353882156201,192.6248316771681,-192.6248316771681,0.0,0.2505302788756715,-87.70750098902647,0.0,163.09988794815814,3.9935750082599037,-0.028886629249484163,0.0,0.0,0.2794444134901932,-0.004161633034085386,-2.5638162861718103,-0.23138354312325288,0.0,-0.021752201015921114,0.0,0.13014079286013688,1.0,-10.0
1018,0.0,-0.00012240092948637016,20.460302993924877,176.72500718741864,-176.72500718741864,0.0,2.0171774444029986,-75.78263262171541,-7.066588662109247,157.79994645157308,1.3436042599688693,-0.028886629249483615,0.0,0.0,5.579385910072143,-0.004161633034085307,-2.12215449478998,-0.23138354312324932,0.0,-0.021752201015920698,0.0,0.13014079286013622,1.0,-10.0
1019,0.0,-0.00012240092948636835,19.4443670741578,182.8206227060168,-182.8206227060168,0.0,2.271161424344705,-78.8304403810147,-7.574556621992501,164.91149788993835,1.089620280027154,-0.028886629249483188,0.0,0.0,6.087353869955438,-0.0041616330340852456,-2.122154494789907,-0.23138354312321233,0.0,-0.021752201015920375,0.0,0.13014079286011548,1.0,-10.0
1023,0.0,-0.00012240092948639467,5.332088772003101,710.7736468313235,-710.7736468313235,0.0,8.237680295396927,-364.7529961032755,0.0,697.2230031353508,0.0,-0.028886629249489388,0.0,0.0,8.26659443001141,-0.004161633034086139,-4.5606037903024506,-0.23138354312331152,0.0,-0.02175220101592505,0.0,0.1301407928601674,1.0,-10.0
1043,0.0,-0.0001224009294863675,16.636758202549963,149.03557762168558,-149.03557762168558,2.3536197677669843,0.0,-70.29075296263734,0.0,130.79852642123038,0.0,-0.028886629249482987,0.0,0.0,4.746580793883479,-0.004161633034085216,-2.1314762363020767,-0.2313835431232185,3.3794251873961625,-0.021752201015920222,0.0,0.13014079286012736,1.0,-10.0
