M_ac_e,M_ca2_e,M_cd2_e,M_cit_e,M_cl_e,M_co2_e,M_cobalt2_e,M_cu2_e,M_fe2_e,M_fe3_e,M_for_e,M_fum_e,M_gln__45__L_e,M_gly_e,M_h2_e,M_h2o_e,M_h2s_e,M_h_e,M_ile__45__L_e,M_k_e,M_lac__45__L_e,M_leu__45__L_e,M_lys__45__L_e,M_mg2_e,M_mn2_e,M_mobd_e,M_n2_e,M_na1_e,M_nh4_e,M_ni2_e,M_oxa_e,M_pi_e,M_pro__45__L_e,M_s_e,M_so4_e,M_ss_e,M_succ_e,M_ura_e,M_val__45__L_e,M_zn2_e,M_fixed_uptake,objective,virtual_tag_R_constraint_reaction
0.0,-3.902073978658074e-07,0.0,0.0,0.0,0.020100099135476317,0.0,0.0,0.2808698411982386,-0.2808698411982386,0.015032438555766097,0.0,0.0,0.0,-0.13142899115597317,0.0,0.0,0.26354983165791007,0.0,-9.20889774273363e-05,0.0,0.0,0.0,-1.3267056091135651e-05,0.0,0.0,-0.0026779076219605336,0.0,0.0,0.0,0.0,-0.0007376379464598269,0.002539179092944259,0.0,-6.934481455242173e-05,0.0,0.0,0.0,0.0,0.0,0.0,0.00041488165450413164,0.0016042597270595382
0.0,-4.096897539546329e-07,0.0,0.0,0.0,0.023274452712411152,0.0,0.0,0.281868419135676,-0.281868419135676,0.013612189625100055,0.0,0.0,0.0,-0.1293078385587491,0.0,0.0,0.26151286090972875,0.0,-9.668681503858571e-05,0.0,0.0,0.0,-1.392945642601299e-05,0.0,0.0,-0.0028116107504746603,0.0,0.0,0.0,0.0,-0.0007744668872132837,0.002665955754618555,0.0,-7.280707687090412e-05,0.0,0.0,0.0,0.0,0.0,0.0,0.00043559595200843025,0.0016843575402544701
0.0,-4.4317108235370505e-07,0.0,0.0,0.0,0.02282832857092372,0.0,0.0,0.27938834372791094,-0.27938834372791094,0.017649589044759405,0.0,0.0,0.0,-0.13206129293087732,0.0,0.0,0.2602942177176599,0.0,-0.00010458841124625097,0.0,0.0023070618405794437,0.0,-1.5067821983164687e-05,0.0,0.0,-0.0027530030195529968,0.0,0.0,0.0,0.0,-0.0008377591222147637,0.0,0.0,-7.875713451076681e-05,0.0,0.0,0.0,0.0,0.0,0.0,0.00047119442860620167,0.0018220093301817286
0.0,-4.684725946148418e-07,0.0,0.0,0.0,0.02661390270363239,0.0,0.0,0.28044561736376433,-0.28044561736376433,0.016174979164093446,0.0,0.0,0.0,-0.1296718938437331,0.0,0.0,0.25777911021925715,0.0,-0.00011055957018438718,0.0,0.0024387765570194333,0.0,-1.592807369595896e-05,0.0,0.0,-0.002910177398540508,0.0,0.0,0.0,0.0,-0.0008855884448998537,0.0,0.0,-8.32535348487423e-05,0.0,0.0,0.0,0.0,0.0,0.0,0.0004980958490451011,0.0019260314409265478
0.0,-4.057293722599754e-07,0.0,0.0,0.0,0.023011804197615025,0.0,0.0,0.28112973816771153,-0.28112973816771153,0.014046299903803931,0.0,0.0,0.0,-0.13146471320505082,0.0,0.0,0.26153664904687157,0.0021121476324038758,-9.575216463862489e-05,0.0,0.0,0.0,-1.3794803402075712e-05,0.0,0.0,-0.0025204130671630134,0.0,0.0,0.0,0.0,-0.0007669802843543372,0.0,0.0,-7.210326670309362e-05,0.0,0.0,0.0,0.0,0.0,0.0,0.00043138514073490225,0.001668075222463284
0.0,-4.268344414348499e-07,0.0,0.0,0.0,0.026470457966920102,0.0,0.0,0.2821836237891288,-0.2821836237891288,0.012515319859951989,0.0,0.0,0.0,-0.12925665283765897,0.0,0.0,0.2593097142606224,0.002222016488190999,-0.00010073296266930645,0.0,0.0,0.0,-1.4512376000857273e-05,0.0,0.0,-0.0026515189120157956,0.0,0.0,0.0,0.0,-0.0008068767598470977,0.0,0.0,-7.585390576337872e-05,0.0,0.0,0.0,0.0,0.0,0.0,0.0004538247614739927,0.0017548444961860256
0.0,-3.4176593854723406e-07,0.0,0.0,0.0,0.023456490502960087,0.0,0.0,0.2808358277411565,-0.2808358277411565,0.0,0.0,0.0,0.0,-0.14133709873228728,0.01170335000712016,0.0,0.25249970482719536,0.0,-8.0656789113804e-05,0.0,0.0,0.0,-1.1620045907753646e-05,0.0,0.0,-0.0030769239073011627,0.0,0.0,0.0,0.0,-0.0006460654678991872,0.0,0.0,-6.0736151488964476e-05,0.0,0.0,0.0,0.0036868769090027675,0.0,0.0,0.0003633770625906902,0.0014051023488811122
0.0,-3.668635746329862e-07,0.0,0.0,0.0,0.026258950426782557,0.0,0.0,0.2815883613233038,-0.2815883613233038,0.0,0.0,0.0,0.0,-0.1388650582205881,0.010834901279955686,0.0,0.25117137071375323,0.0,-8.657983325807509e-05,0.0,0.0,0.0,-1.2473365828200397e-05,0.0,0.0,-0.00319488542300681,0.0,0.0,0.0,0.0,-0.0006935093883490421,0.0,0.0,-6.519632043909077e-05,0.0,0.0,0.0,0.003741637539368298,0.0,0.0,0.00039006171500976177,0.001508286263478792
0.0,-2.835444850166769e-07,0.0,0.0018614569274996728,0.0,0.01813233782073153,0.0,0.0,0.2863413126726022,-0.2863413126726022,0.0,0.0,0.0,0.0027267429042043914,-0.13166291061501723,0.0,0.0,0.2684167538842922,0.0,-6.691652137596364e-05,0.0,0.0,0.0,-9.640515806781579e-06,0.0,0.0,-0.0023867267898996705,0.0,0.0,0.0,0.0,-0.0005360051418851845,0.0,0.0,-5.03894591398938e-05,0.0,0.0,0.0,0.0,0.0,0.0,0.00030147405126772214,0.001165736479190291
0.0,-3.164261210393274e-07,0.0,0.0022636148266824015,0.0,0.02004878852218603,0.0,0.0,0.2865737050995183,-0.2865737050995183,0.0,0.0,0.0,0.002577224935490285,-0.130025439170125,0.0,0.0,0.2671293738418314,0.0,-7.467659013433479e-05,0.0,0.0,0.0,-1.0758491816121196e-05,0.0,0.0,-0.0024306426502933944,0.0,0.0,0.0,0.0,-0.0005981637339688964,0.0,0.0,-5.6232943821737487e-05,0.0,0.0,0.0,0.0,0.0,0.0,0.0003364349147226262,0.0013009227537701222
0.0,-3.7133745414011446e-07,0.0,0.0038662200876221726,0.0,0.0,0.0,0.0,0.27500655425178616,-0.27500655425178616,0.02231818917701752,0.0,0.0,0.0,-0.1415367001927318,0.0,0.0,0.2781354796878934,0.0,-8.76356691832726e-05,0.0,0.0,0.0,-1.262547778376733e-05,0.0,0.0,-0.0013402135675326591,0.0,0.0,0.0,0.0,-0.0007019666941571746,0.0,0.0,-6.599138569528147e-05,0.0,0.0,0.0,0.0,0.0,0.0,0.0003948184944612057,0.0015266797248951003
0.0,-5.185379227913103e-07,0.0,0.0053988136961083035,0.0,0.013213539958513813,0.0,0.0,0.2783125373874509,-0.2783125373874509,0.017951717753269453,0.0,0.0,0.0,-0.13157502570794827,0.0,0.0,0.26946824830336075,0.0,-0.00012237499167960068,0.0,0.0,0.0,-1.7630295439501472e-05,0.0,0.0,-0.0018714825333587136,0.0,0.0,0.0,0.0,-0.0009802306430409249,0.0,0.0,-9.215078004935043e-05,0.0,0.0,0.0,0.0,0.0,0.0,0.000551326993048908,0.002131865031357729
0.0,-4.237652902196049e-07,0.0,0.0,0.0,0.0,0.0,0.0,0.26088882945925107,-0.26088882945925107,0.051941685288232606,0.0,0.0,0.0,-0.12181106815978228,-0.02206039088189957,0.0,0.27769575146072745,0.0,-0.00010000864273450353,0.0,0.0,0.0,-1.4408024823643468e-05,0.0,0.0,-0.0015294336325886307,0.0,0.0,0.0,0.0,-0.0008010749159759402,0.0,0.0,-7.530847858024854e-05,0.0,0.0,0.0,0.0,0.0,0.0,0.00045056153647859645,0.001742226294384104
0.0,-6.26830424597923e-07,0.0,0.0,0.0,0.015973082196285678,0.0,0.0,0.25812013340032686,-0.25812013340032686,0.060858667347623185,0.0,0.0,0.0,-0.10031660330236068,-0.03263156398706276,0.0,0.2670077236034019,0.0,-0.00014793203085661932,0.0,0.0,0.0,-2.1312241767468914e-05,0.0,0.0,-0.0022623267064016904,0.0,0.0,0.0,0.0,-0.0011849439803239303,0.0,0.0,-0.00011139573413343444,0.0,0.0,0.0,0.0,0.0,0.0,0.0006664672301783182,0.002577088008525929
0.0,-4.24326350096213e-07,0.0,0.0,0.0,0.02185761148911339,0.0,0.0,0.27965733845197216,-0.27965733845197216,0.01634684483252017,0.0,0.0,0.0,-0.1327964791955238,0.0,0.0,0.2608229020161806,0.0,-0.00010014105291071992,0.0,0.0,0.0,-1.442710086601006e-05,0.0,0.0,-0.0029120584933454265,0.0,0.0,0.0,0.0,-0.0008021355290178399,0.0,0.0,-7.540818605199047e-05,0.0,0.0,0.0,0.0027611998199997805,0.0,0.0,0.0004511580742458356,0.0017445329799298786
0.0,-4.4746567046139143e-07,0.0,0.0,0.0,0.025420500481284334,0.0,0.0,0.28068187134681766,-0.28068187134681766,0.014867317276666578,0.0,0.0,0.0,-0.13055431499092518,0.0,0.0,0.25844940538625083,0.0,-0.00010560193438669242,0.0,0.0,0.0,-1.5213838029053683e-05,0.0,0.0,-0.0030708585640560485,0.0,0.0,0.0,0.0,-0.0008458775002105955,0.0,0.0,-7.952033740629204e-05,0.0,0.0,0.0,0.0029117732812348907,0.0,0.0,0.00047576057940005065,0.0018396656708435206
0.0,-5.535164854135076e-07,0.0,0.005762996786012997,0.0,0.017037749564545224,0.0,0.0,0.2794891728224897,-0.2794891728224897,0.016229795888586626,0.0,0.0,0.0,-0.12871906678809392,0.0,0.0,0.26711540689656105,0.0,-0.00013062993528490863,0.0,0.0,0.0,-1.8819566977750435e-05,0.0,0.0,-0.0019977255063645316,0.0,0.0,0.0,0.0,-0.001046353210793029,0.0,0.0,-9.836691524210427e-05,0.0,0.0,0.0,0.0,0.0,0.0,0.0005885173795260611,0.0022756724005468677
0.0,-3.060359088958329e-07,0.0,0.0,0.0,0.021004224180718782,0.0,0.0,0.2822891137459742,-0.2822891137459742,0.0,0.0,0.0,0.0,-0.13866621407838983,0.010479819527305135,0.0,0.25691539988958406,0.0,-7.222449922888109e-05,0.0,0.0,0.0,-1.040522448172292e-05,0.0,0.0,-0.0027552459106280638,0.0,0.0,0.0,0.0,-0.0005785223463613631,0.0033014311801519126,0.0,-5.438647105317472e-05,0.0,0.0,0.0,0.0,0.0,0.0,0.00032538769104537447,0.0012582054731942536
0.0,-3.28000386884051e-07,0.0,0.0,0.0,0.023477244661779976,0.0,0.0,0.282981227534548,-0.282981227534548,0.0,0.0,0.0,0.0,-0.1364205779389171,0.00968712092834856,0.0,0.25578641895274207,0.0,-7.740811780895691e-05,0.0,0.0,0.0,-1.115201699020944e-05,0.0,0.0,-0.0028564396338469997,0.0,0.0,0.0,0.0,-0.0006200434259895436,0.003345272317428765,0.0,-5.828983798359242e-05,0.0,0.0,0.0,0.0,0.0,0.0,0.0003487410641949152,0.0013485080344862923
0.0,-2.434227535314341e-07,0.0,0.0,0.0,0.0,0.0,0.0,0.27552702111476907,-0.27552702111476907,0.021916701503158532,0.0,0.0,0.0,-0.14468437712583623,0.0,0.0,0.27726132207373677,0.0,-5.74477895033793e-05,0.0,0.0,0.0,-8.276376467036776e-06,0.0,0.0,-0.0016705568643899061,0.0,0.0,0.0,0.0,-0.00046016006108186015,0.0015840139625607603,0.0,-4.325931746502213e-05,0.0,0.0,0.0,0.0,0.0,0.0,0.0002588152743423996,0.0010007839991663036
0.0,-1.7199847075875855e-07,0.0,0.0,0.0,0.0,0.0,0.0,0.276454658794228,-0.276454658794228,0.010332289126941886,0.0,0.0,0.0,-0.15084803034275066,0.008245900466453217,0.0,0.272526399227667,0.0,-4.0591652997534346e-05,0.0,0.0,0.0,-5.847950017418062e-06,0.0,0.0,-0.0016957564866381411,0.0,0.0,0.0,0.0,-0.0003251414490310428,0.0021499754901287897,0.0,-3.056631453760397e-05,0.0,0.0,0.0,0.0,0.0,0.0,0.00018287457006418588,0.0007071373358456842
0.0,-6.704699957549772e-08,0.0,0.0,0.0,0.0,0.0,0.0,0.28095401964964206,-0.28095401964964206,0.0,0.0,0.0,0.0020138230928797834,-0.15043126322182335,0.007241993863590489,0.0,0.27539509230580134,0.0,-1.5823097317601288e-05,0.0,0.0,0.0,-2.2795987697198444e-06,0.0,0.0,-0.001667937100552182,0.0,0.0,0.0,0.0,-0.00012674390940217673,0.0008380853919112826,0.0,-1.1915104063347634e-05,0.0,0.0,0.0,0.0,0.0,0.0,7.128662927858288e-05,0.0002756503383263358
0.0,-2.492618294708612e-07,0.0,0.0,0.0,0.014973652260058097,0.0,0.0,0.2808515185074967,-0.2808515185074967,0.0,0.0,0.0,0.0,-0.1437421475564714,0.011950037851124858,0.0,0.26018499489876973,0.0,-5.8825811896915075e-05,0.0,0.0,0.0,-8.474905117268624e-06,0.0,0.0,-0.0024575065250978627,0.0,0.0,0.0,0.0,-0.00047119809882470995,0.0031157650508338835,0.0,-4.429699548033318e-05,0.0,0.0,0.0,0.0,0.0,0.0,0.0002650235766446484,0.0010247901928574
0.0,-6.700271090700334e-08,0.0,0.0,0.0,0.0,0.0,0.0,0.2809351759198012,-0.2809351759198012,0.0,0.0,0.0,0.0019162945580283885,-0.15046336510046376,0.007352648018007634,0.0,0.27537992058950134,0.0,-1.5812645188257834e-05,0.0,0.0,0.0,-2.2780929544730547e-06,0.0,0.0,-0.0016379758412347106,0.0,0.0,0.0,0.0,-0.00012666018725170417,0.0008760110972608527,0.0,-1.1907233404000032e-05,0.0,0.0,0.0,0.0,0.0,0.0,7.123954007381324e-05,0.00027546825431762866
0.0,-2.201248231737252e-07,0.0,0.0,0.0,0.012591251757566736,0.0,0.0,0.2808059195364946,-0.2808059195364946,0.0,0.0,0.0,0.0,-0.1449118918421044,0.011564492434171637,0.0,0.2625551714590861,0.0,-5.1949476056353e-05,0.0,0.0,0.0,-7.4842465623920835e-06,0.0,0.0,-0.0022334490652914374,0.0,0.0,0.0,0.0,-0.0004161182576721397,0.002877969939908965,0.0,-3.9118979098945935e-05,0.0,0.0,0.0,0.0,0.0,0.0,0.00023404412969933367,0.0009049992149691475
0.0,-1.5977268147915745e-07,0.0,0.0,0.0,0.0,0.0,0.0,0.27692932724512126,-0.27692932724512126,0.009139078580419362,0.0,0.0,0.0,-0.1508764497407345,0.008393828281214844,0.0,0.27282150837305835,0.0,-3.770636573963427e-05,0.0,0.0,0.0,-5.432273038924041e-06,0.0,0.0,-0.0016210990698995588,0.0,0.0,0.0,0.0,-0.00030203013400375336,0.0020889101369215802,0.0,-2.839363637981445e-05,0.0,0.0,0.0,0.0,0.0,0.0,0.00016987569892109152,0.0006568734467445212
0.0,-6.156768200942393e-08,0.0,0.0,0.0,0.0,0.0,0.0,0.28092036052029196,-0.28092036052029196,0.0,0.0,0.0,0.0,-0.15052556009762522,0.008869248181716456,0.0,0.2758157283490389,0.0,-1.4529977929247448e-05,0.0,0.0,0.0,-2.09330190838959e-06,0.0,0.0,-0.0009768534832505062,0.0,0.0,0.0,0.0,-0.00011638594955942182,0.0015092926375363295,0.0,-1.09413596838936e-05,0.0,0.0,0.0,0.0,0.0,0.0,6.546083420191439e-05,0.0002531232192837465
0.0,-4.211554496388906e-07,0.0,0.0,0.0,0.03791896255487938,0.0,0.0,0.28975687005644357,-0.28975687005644357,0.0,0.0,0.0,0.0,-0.11893354075266885,0.0,0.0,0.25483849101147377,0.0,-9.93927201465648e-05,0.0,0.0,0.0,-1.4319290213375607e-05,0.0,0.0,-0.0028902973003245244,0.0,0.0,0.0,0.0,-0.0007961413410179183,0.0027405659617206267,0.0,-7.484467673520188e-05,0.0,0.0,0.0,0.0,0.0,0.0,0.0004477866660275469,0.0017314964564553892
0.0,-2.4207492370111385e-07,0.0,0.0,0.0,0.020435007250588038,0.0,0.0,0.2868105054059122,-0.2868105054059122,0.0,0.0,0.0,0.002094237888063962,-0.1325288788816325,0.0,0.0,0.2658985075969925,0.0,-5.712970155451131e-05,0.0,0.0,0.0008413470543697226,-8.23055023704225e-06,0.0,0.0,-0.0027621513578678946,0.0,0.0,0.0,0.0,-0.00045761215852119,0.0,0.0,-4.30197909718214e-05,0.0,0.0,0.0,0.0,0.0,0.0,0.0002573822162480331,0.0009952426662045543
0.0,-3.253327331084833e-07,0.0,0.0,0.0,0.02014555630965899,0.0,0.0,0.2830059636645446,-0.2830059636645446,0.009569359876907298,0.0,0.0,0.0,-0.1333592431959752,0.0,0.0,0.2639080740675521,0.0,-7.677855130236113e-05,0.0,0.0,0.001693618478127499,-1.1061316730640404e-05,0.0,0.0,-0.0028677939834885926,0.0,0.0,0.0,0.0,-0.0006150005624671244,0.0,0.0,-5.781576199895302e-05,0.0,0.0,0.0,0.0,0.0,0.0,0.0003459047248069256,0.0013375405091618406
0.0,-2.6584341106902693e-07,0.0,0.0,0.0,0.020672322942624166,0.0,0.0,0.28418863073509976,-0.28418863073509976,0.0,0.0,0.0,0.0,-0.1378457265232614,0.006015028290284701,0.0,0.2601618816565122,0.0,-6.27390664939695e-05,0.0,0.0,0.0019854315501658397,-9.038679085537319e-06,0.0,0.0,-0.0029449010094987414,0.0,0.0,0.0,0.0,-0.0005025434907009894,0.0,0.0,-4.7243753299891705e-05,0.0,0.0,0.0,0.0,0.0,0.0,0.0002826536729610388,0.0010929620515007282
0.0,-2.618729690796342e-07,0.0,0.0,0.0,0.02243276607149814,0.0,0.0,0.2870867230191509,-0.2870867230191509,0.0,0.0,0.0,0.0018574069764125702,-0.13132854732737134,0.0,0.0,0.2643828204426231,0.0,-6.180204186363822e-05,0.0,0.0,0.000991777982640238,-8.90368401146138e-06,0.0,0.0,-0.0028656209988354195,0.0,0.0,0.0,0.0,-0.0004950378701217488,0.0,0.0,-4.6538155289829695e-05,0.0,0.0,0.0,0.0,0.0,0.0,0.0002784321652431394,0.001076638372818451
0.0,-3.4439093005657154e-07,0.0,0.0,0.0,0.0314556347412857,0.0,0.0,0.2886358450322641,-0.2886358450322641,0.0,0.0,0.0,0.0,-0.12556717950647614,0.0,0.0,0.2582892499812582,0.0,-8.127628732212208e-05,0.0,0.0,0.0017928317180701038,-1.1709295649771894e-05,0.0,0.0,-0.0030357911660089366,0.0,0.0,0.0,0.0,-0.0006510276837797996,0.0,0.0,-6.120264584661191e-05,0.0,0.0,0.0,0.0,0.0,0.0,0.0003661680420196034,0.0014158944768247028
0.0,-3.387639649064742e-07,0.0,0.0,0.0,0.02277224016111825,0.0,0.0,0.2839198560229175,-0.2839198560229175,0.00816944445832676,0.0,0.0,0.0,-0.1316849957672691,0.0,0.0,0.2622385350757754,0.0,-7.99483230920079e-05,0.0,0.0,0.0017635388397823032,-1.1517978768858017e-05,0.0,0.0,-0.0029861897113733584,0.0,0.0,0.0,0.0,-0.0006403906147728552,0.0,0.0,-6.0202662614718835e-05,0.0,0.0,0.0,0.0,0.0,0.0,0.0003601852630562166,0.0013927603342501606
0.0,-2.8442718909043287e-07,0.0,0.0,0.0,0.02281299316878269,0.0,0.0,0.28481067425747864,-0.28481067425747864,0.0,0.0,0.0,0.0,-0.13588896364021877,0.005276222167876126,0.0,0.2592202644480984,0.0,-6.712483960869763e-05,0.0,0.0,0.0020082944458706697,-9.670527755613009e-06,0.0,0.0,-0.0030348355974409665,0.0,0.0,0.0,0.0,-0.0005376737827768186,0.0,0.0,-5.054632687390925e-05,0.0,0.0,0.0,0.0,0.0,0.0,0.00030241257198403967,0.001169365540566839
0.0,-2.0277953617480267e-07,0.0,0.0,0.0,0.0,0.0,0.0,0.2768509325872656,-0.2768509325872656,0.018521274709163066,0.0,0.0,0.0,-0.1459061861025656,0.0,0.0,0.2775039421016493,0.0,-4.7855986923008176e-05,0.0,0.0,0.0010556305422155328,-6.894506601565688e-06,0.0,0.0,-0.0017874928485071726,0.0,0.0,0.0,0.0,-0.0003833291769099098,0.0,0.0,-3.6036501122163804e-05,0.0,0.0,0.0,0.0,0.0,0.0,0.00021560203606574047,0.0008336875342094959
0.0,-1.1519855216231236e-07,0.0,0.0,0.0,0.0,0.0,0.0,0.278278244779349,-0.278278244779349,0.005480227121442673,0.0,0.0,0.0,-0.15263194990574835,0.008402771931220437,0.0,0.2727672775149386,0.0,-2.7186867619012395e-05,0.0,0.0,0.0014399782890783773,-3.916752120831428e-06,0.0,0.0,-0.0018557474522659788,0.0,0.0,0.0,0.0,-0.0002177683557946696,0.0,0.0,-2.0472247015548017e-05,0.0,0.0,0.0,0.0,0.0,0.0,0.00012248298258562738,0.0004736158229196899
0.0,-6.294127832842544e-08,0.0,0.0,0.0,0.0,0.0,0.0,0.2807959420847195,-0.2807959420847195,0.0,0.0,0.0,0.0014971216828650168,-0.15151288016044215,0.007585283764467371,0.0,0.2747906597958668,0.0,-1.4854146771526299e-05,0.0,0.0,0.0007867640050898425,-2.140004199300634e-06,0.0,0.0,-0.0017624895298396876,0.0,0.0,0.0,0.0,-0.00011898256042214435,0.0,0.0,-1.1185465209652509e-05,0.0,0.0,0.0,0.0,0.0,0.0,6.69212880953183e-05,0.000258770486013859
0.0,-1.3786439866101708e-07,0.0,0.0,0.0,0.006558487085488429,0.0,0.0,0.28056287633217397,-0.28056287633217397,0.0,0.0,0.0,0.0,-0.14987055464699922,0.010056056067016855,0.0,0.2674091137533096,0.0,-3.253600922423768e-05,0.0,0.0,0.0017233006594475052,-4.687391166877399e-06,0.0,0.0,-0.002220874323254413,0.0,0.0,0.0,0.0,-0.0002606152842678913,0.0,0.0,-2.4500256045420037e-05,0.0,0.0,0.0,0.0,0.0,0.0,0.00014658207437002563,0.0005668019206627427
0.0,-6.272588072851973e-08,0.0,0.0,0.0,0.0,0.0,0.0,0.2807716043218151,-0.2807716043218151,0.0,0.0,0.0,0.0013839287818440496,-0.15158875487214735,0.007703418014479591,0.0,0.2747508501551902,0.0,-1.4803312920543183e-05,0.0,0.0,0.0008200946925850508,-2.132680678384642e-06,0.0,0.0,-0.0017384463639995985,0.0,0.0,0.0,0.0,-0.00011857537838475647,0.0,0.0,-1.1147186318216332e-05,0.0,0.0,0.0,0.0,0.0,0.0,6.669227010869408e-05,0.00025788492183254416
0.0,-1.0802336300380227e-07,0.0,0.0,0.0,0.0,0.0,0.0,0.2785641523249514,-0.2785641523249514,0.004766665352044316,0.0,0.0,0.0,-0.15261690725284263,0.008499774447338258,0.0,0.27296217708806786,0.0,-2.5493522397807393e-05,0.0,0.0,0.0014123259115009512,-3.672795605524154e-06,0.0,0.0,-0.0018021987215126624,0.0,0.0,0.0,0.0,-0.0002042045642692092,0.0,0.0,-1.9197124697783704e-05,0.0,0.0,0.0,0.0,0.0,0.0,0.00011485407968490248,0.00044411646677219174
0.0,-1.2604825908124447e-07,0.0,0.0,0.0,0.005562036327520418,0.0,0.0,0.2805493797480774,-0.2805493797480774,0.0,0.0,0.0,0.0,-0.15027254908526427,0.009918056074893013,0.0,0.2684506164904709,0.0,-2.9747399328599198e-05,0.0,0.0,0.0016479881522829516,-4.285642282968635e-06,0.0,0.0,-0.002102915564266591,0.0,0.0,0.0,0.0,-0.0002382783604105338,0.0,0.0,-2.2400377846374078e-05,0.0,0.0,0.0,0.0,0.0,0.0,0.00013401875659204305,0.0005182222244273001
0.0,-5.759779091539903e-08,0.0,0.0,0.0,0.0,0.0,0.0,0.2806915787766057,-0.2806915787766057,0.0,0.0,0.0,0.0,-0.15211544119248427,0.008768015815835238,0.0,0.27473944946657414,0.0,-1.3593083310267498e-05,0.0,0.0,0.0011766443980796924,-1.958325564762601e-06,0.0,0.0,-0.0013845236194835217,0.0,0.0,0.0,0.0,-0.0001088813703784993,0.0,0.0,-1.0235859574940924e-05,0.0,0.0,0.0,0.0,0.0,0.0,6.123991221453401e-05,0.00023680180549766883
0.0,-3.681602307745643e-07,0.0,0.0,0.0,0.024721541320287015,0.0,0.0,0.28045906858865327,-0.28045906858865327,0.0019965649613405277,0.0,0.0,0.0,-0.14022142453903028,0.011514241840618378,0.0,0.2519311360075959,0.0,-8.688584421226481e-05,0.0,0.0030679942254279815,0.0,-1.2517452152179187e-05,0.0,0.0,-0.0028627435960241537,0.0,0.0,0.0,0.0,-0.0006959605534954987,0.0,0.0,-6.542675271732992e-05,0.0,0.0,0.0,0.0,0.0,0.0,0.00039144036351382186,0.0015136172060471683
0.0,-3.533452203636259e-07,0.0,0.0,0.0,0.024493218947271383,0.0,0.0,0.28067054199050384,-0.28067054199050384,0.0,0.0,0.0,0.0,-0.14128559851734523,0.01258387865450456,0.0,0.25137437035372556,0.0,-8.338950055814516e-05,0.0,0.002178047366705195,0.0,-1.2013741624937278e-05,0.0,0.0,-0.002939167093438245,0.0,0.0,0.0,0.0,-0.000667954641982607,0.0,0.0,-6.27939370527432e-05,0.0,0.0,0.0,0.001149733122587835,0.0,0.0,0.0003756885452130836,0.0014527082517622734
0.0,-4.423468684767533e-07,0.0,0.0,0.0,0.017708662017714847,0.0,0.0,0.27940010877616783,-0.27940010877616783,0.0,0.0,0.0,0.0,-0.140889753241213,0.01143554955369456,0.0,0.25711804334968,0.0,-0.00010439389670468913,0.0,0.0012873291033263378,0.0,-1.5039798701708676e-05,0.0,0.0,-0.0022401619372041308,0.0,0.0,0.0,0.0,-0.0008362010496744592,0.0,0.0,-7.861066122819619e-05,0.0,0.0,0.0,0.0,0.0,-0.0071966566554565225,0.00047031809663811174,0.0018186207395591285
0.0,-3.4093247724458194e-07,0.0,0.0,0.0,0.023632791191553884,0.0,0.0,0.2811646801870817,-0.2811646801870817,0.0,0.0,0.0,0.0,-0.14038993945689693,0.012141816772306635,0.0,0.2528976603031544,0.0,-8.046009217902963e-05,0.0,0.002101534254581591,0.0,-1.159170821371567e-05,0.0,0.0,-0.002835916436538878,0.0,0.0,0.0,0.0,-0.0006444899142651337,0.0011093438910837199,0.0,-6.058803482130225e-05,0.0,0.0,0.0,0.0,0.0,0.0,0.0003624908984479786,0.0014016757393159928
0.0,-3.432470161456231e-07,0.0,0.0,0.0,0.0242531203581136,0.0,0.0,0.2811901066330628,-0.2811901066330628,0.0,0.0,0.0,0.0,-0.14069698989899318,0.011830054528471747,0.0,0.25240269357226935,0.0,-8.10063235467034e-05,0.0,0.002641389514893915,0.0003284926642877996,-1.167040256342092e-05,0.0,0.0,-0.0028880183097170064,0.0,0.0,0.0,0.0,-0.0006488652585853674,0.0,0.0,-6.099935780427209e-05,0.0,0.0,0.0,0.0,0.0,0.0,0.0003649517942022112,0.0014111915034095525
0.0,-3.546558762466153e-07,0.0,0.0,0.0,0.024913784779485765,0.0,0.0,0.2808873430953166,-0.2808873430953166,0.0,0.0,0.0,0.0,-0.14077931099053043,0.01246569893795149,0.0,0.2514825037944752,0.00041214207254141103,-8.36988154524392e-05,0.0,0.0026806968383571534,0.0,-1.2058303940287786e-05,0.0,0.0,-0.002826426661432738,0.0,0.0,0.0,0.0,-0.0006704322718772002,0.0,0.0,-6.302685726298277e-05,0.0,0.0,0.0,0.0,0.0,0.0,0.0003770820787139713,0.0014580967514693872
0.0,-3.4702788730248136e-07,0.0,0.0,0.0,0.024557170075512683,0.0,0.0,0.2812984208338413,-0.2812984208338413,0.0,0.0,0.0,0.0003136604040304511,-0.14017107555434807,0.011480646848825899,0.0,0.25252602499189486,0.0,-8.189860944523813e-05,0.0,0.0028918918050070993,0.0,-1.1798952226973548e-05,0.0,0.0,-0.0028552527337668714,0.0,0.0,0.0,0.0,-0.0006560125193785449,0.0,0.0,-6.16712666677455e-05,0.0,0.0,0.0,0.0,0.0,0.0,0.0003689717438228582,0.0014267357995026643
0.0,-3.8489125523098795e-07,0.0,0.0,0.0,0.02791634103251847,0.0,0.0,0.2813993004950212,-0.2813993004950212,0.0,0.0,0.0,7.98416929058524e-06,-0.1386398019440092,0.012053474360741537,0.0,0.24948761859045732,0.0,-9.083436733594395e-05,0.0,0.003207419079410196,0.0,-1.3086307179376468e-05,0.0,0.0,-0.0029968329294048175,0.0,0.0,0.0,0.0,-0.000727588448275827,0.0,0.0,-6.840006843237878e-05,0.0,0.0,0.0,0.0,0.0,0.0,0.0004092293525129932,0.0015824034691336493
0.0,-3.8510209319484346e-07,0.0,0.0,0.0,0.027927068326041898,0.0,0.0,0.281389111295977,-0.281389111295977,0.0,0.0,0.0,0.0,-0.1386541209563083,0.012078336609467813,0.0,0.2494599486252369,1.0270983735181426e-05,-9.088412511245077e-05,0.0,0.00320232873554389,0.0,-1.3093475672613426e-05,0.0,0.0,-0.0029961921110961093,0.0,0.0,0.0,0.0,-0.0007279870108954615,0.0,0.0,-6.843753701853101e-05,0.0,0.0,0.0,0.0,0.0,0.0,0.00040945352254091955,0.0015832702872826609
0.0,-3.854914318571313e-07,0.0,0.0,0.0,0.02797586535989102,0.0,0.0,0.28140628045293076,-0.28140628045293076,0.0,0.0,0.0,0.0,-0.13860409513053443,0.012056276596065002,0.0,0.24944483736174666,0.0,-9.097600906821152e-05,0.0,0.0032124205387459065,0.0,-1.3106713191684752e-05,0.0,0.0,-0.0029975077035056764,0.0,0.0,0.0,0.0,-0.000728723006606712,0.0,0.0,-6.850672744772868e-05,0.0,0.0,0.0,0.0,0.0,0.0,0.0004098674805264829,0.0015848709753770226
0.0,-3.8506649808919394e-07,0.0,0.0,0.0,0.027916270990966097,0.0,0.0,0.28138364248210984,-0.28138364248210984,0.0,0.0,0.0,0.0,-0.13866698019896218,0.01208132821883117,0.0,0.24945743103375637,0.0,-9.087572466464119e-05,0.0,0.0031897087020458844,0.0,-1.3092265438605037e-05,0.0,0.0,-0.0029989961824475574,0.0,0.0,0.0,0.0,-0.0007279197228307581,0.0,0.0,-6.843121131580539e-05,0.0,0.0,0.0,2.875609627793357e-05,0.0,0.0,0.0004094156766251197,0.001583123945120041
0.0,-3.847833676544062e-07,0.0,0.0,0.0,0.02790757684587473,0.0,0.0,0.28139648551088897,-0.28139648551088897,0.0,0.0,0.0,0.0,-0.13865376189023798,0.012062303351375427,0.0,0.24948529720618354,0.0,-9.08089058591527e-05,0.0,0.0032008857140984628,8.451456643985738e-06,-1.3082639000510882e-05,0.0,0.0,-0.002997636236011561,0.0,0.0,0.0,0.0,-0.0007273845003986889,0.0,0.0,-6.83808954386542e-05,0.0,0.0,0.0,0.0,0.0,0.0,0.0004091146428060079,0.0015819599109256123
0.0,-3.8701407554220515e-07,0.0,0.0,0.0,0.02779735120327244,0.0,0.0,0.28136173908838985,-0.28136173908838985,0.0,0.0,0.0,0.0,-0.1386457873235549,0.012055728174010044,0.0,0.2495630676125837,0.0,-9.133535310092733e-05,0.0,0.0031769399743278737,0.0,-1.3158483094785448e-05,0.0,0.0,-0.002985262874832257,0.0,0.0,0.0,0.0,-0.0007316013727453113,0.0,0.0,-6.877732058498943e-05,0.0,0.0,0.0,0.0,0.0,-0.00014450768987216936,0.0004114864066020488,0.0015911310205632123
0.0,-3.8545444386764546e-07,0.0,0.0,0.0,0.027925205957001965,0.0,0.0,0.28137927945710445,-0.28137927945710445,4.797511232310106e-05,0.0,0.0,0.0,-0.1386387711487929,0.012055119793617213,0.0,0.24946887818588806,0.0,-9.096727989970401e-05,0.0,0.003212112306273556,0.0,-1.3105455599609636e-05,0.0,0.0,-0.0029972200919681463,0.0,0.0,0.0,0.0,-0.0007286530854705232,0.0,0.0,-6.850015421184029e-05,0.0,0.0,0.0,0.0,0.0,0.0,0.00040982815364965116,0.0015847189066509
0.0,-3.8471617180545025e-07,0.0,0.0,0.0,0.027890873290774634,0.0,0.0,0.28139579097288553,-0.28139579097288553,0.0,0.0,0.0,0.0,-0.1386461666722638,0.012070336852824019,0.0,0.24949862539340462,0.0,-9.07930476333693e-05,0.0,0.003186806764844498,0.0,-1.3080354340860486e-05,0.0,0.0,-0.0029962677519225138,0.0,0.0,0.0,0.0,-0.0007272574751082778,2.8729934520434506e-05,0.0,-6.836895388216391e-05,0.0,0.0,0.0,0.0,0.0,0.0,0.0004090431979150522,0.0015816836486228082
0.0,-2.6303298212531033e-07,0.0,0.0,0.0,0.0,0.0,0.0,0.27421729618265916,-0.27421729618265916,0.02402464376540283,0.0,0.0,0.0,-0.1461275227249129,0.0,0.0,0.27643363762393075,0.0,-6.207580503615353e-05,0.0,0.0013692981785999989,0.0,-8.943124468581382e-06,0.0,0.0,-0.001633975281480716,0.0,0.0,0.0,0.0,-0.0004972307287030036,0.0,0.0,-4.6744304353047774e-05,0.0,0.0,0.0,0.0,0.0,0.0,0.00027966553020307796,0.0010814075346083614
0.0,-2.1138634379464956e-07,0.0,0.0,0.0,0.0,0.0,0.0,0.2745858419895991,-0.2745858419895991,0.015340719414771475,0.0,0.0,0.0,-0.1514826175031699,0.006611125485050226,0.0,0.27240032855167745,0.0,-4.988719421677167e-05,0.0,0.0017615484451753147,0.0,-7.187138161302008e-06,0.0,0.0,-0.0016436998116606508,0.0,0.0,0.0,0.0,-0.0003995992628513915,0.0,0.0,-3.756604023790324e-05,0.0,0.0,0.0,0.0,0.0,0.0,0.0002247530839568131,0.0008690727035286535
0.0,-6.359168981179328e-08,0.0,0.0,0.0,0.0,0.0,0.0,0.2810479345833419,-0.2810479345833419,0.0,0.0,0.0,0.0023074865031527045,-0.15056139250532308,0.006603808394652746,0.0,0.27577549009553515,0.0,-1.5007643934158105e-05,0.0,0.0005299294188221384,0.0,-2.162118197342074e-06,0.0,0.0,-0.0016482200786526,0.0,0.0,0.0,0.0,-0.00012021208142448665,0.0,0.0,-1.1301051597669734e-05,0.0,0.0,0.0,0.0,0.0,0.0,6.761282750180833e-05,0.0002614445228324611
0.0,-3.8505205557530416e-07,0.0,0.0,0.0,0.0279314767842072,0.0,0.0,0.2813980931171453,-0.2813980931171453,0.0,0.0,0.0,0.0,-0.13863677491639811,0.012063372035678043,0.0,0.24947307911067415,0.0,-9.087231623019617e-05,0.0,0.0032108427758547973,0.0,-1.3091774392963871e-05,0.0,0.0,-0.0029951330459753464,0.0,0.0,0.0,0.0,-0.0007278924210770097,0.0,0.0,-6.842864469750743e-05,0.0,0.0,0.0,0.0,0.0,0.0,0.00040940032085767255,0.0015830645676107535
0.0,-3.563391447615228e-07,0.0,0.0,0.0,0.025414275116507033,0.0,0.0,0.28126488004318434,-0.28126488004318434,0.0,0.0,0.0,0.0,-0.13991850016855498,0.011887789539780884,0.0,0.2517204794281336,0.0,-8.409606695797516e-05,0.0,0.003043810737229437,0.0,-1.2115535089481426e-05,0.0,0.0,-0.002807987747668727,0.0,0.0,0.0,0.0,-0.0006736142790289557,0.0,0.0,-6.332599547421765e-05,0.0,0.0,0.0,0.0,0.0,0.0,0.00037887178652130433,0.0014650171735399653
0.0,-6.340182220105471e-08,0.0,0.0,0.0,0.0,0.0,0.0,0.28103412507384,-0.28103412507384,0.0,0.0,0.0,0.0022277742907668594,-0.15059734139072337,0.006681188114230546,0.0,0.2757774226812758,0.0,-1.4962835162681405e-05,0.0,0.0005526214196693358,0.0,-2.1556626963563524e-06,0.0,0.0,-0.0016190247116872674,0.0,0.0,0.0,0.0,-0.00011985316061660231,0.0,0.0,-1.1267309709821912e-05,0.0,0.0,0.0,0.0,0.0,0.0,6.741095385996861e-05,0.0002606639200990253
0.0,-1.9509190032488644e-07,0.0,0.0,0.0,0.0,0.0,0.0,0.275230253662529,-0.275230253662529,0.013710038758898722,0.0,0.0,0.0,-0.1514953108250464,0.006848450577573354,0.0,0.2727650466066368,0.0,-4.604170424122267e-05,0.0,0.0017004552736929667,0.0,-6.633126892757247e-06,0.0,0.0,-0.001554344091612948,0.0,0.0,0.0,0.0,-0.00036879666944726727,0.0,0.0,-3.4670310513593325e-05,0.0,0.0,0.0,0.0,0.0,0.0,0.00020742828257443586,0.000802081355911049
0.0,-3.313950835062694e-07,0.0,0.0,0.0,0.02328871384108333,0.0,0.0,0.2812133014725249,-0.2812133014725249,0.0,0.0,0.0,0.0,-0.14089566988174412,0.011633198750250585,0.0,0.25373703552503857,0.0,-7.82092664861115e-05,0.0,0.002888497761750863,0.0,-1.126743671506778e-05,0.0,0.0,-0.0026403043344175245,0.0,0.0,0.0,0.0,-0.0006264606724563275,0.0,0.0,-5.889311872357066e-05,0.0,0.0,0.0,0.0,0.0,0.0,0.00035235042003713813,0.0013624646511634648
0.0,-5.281286028768558e-08,0.0,0.0,0.0,0.0,0.0,0.0,0.28110883964509,-0.28110883964509,0.0,0.0,0.0,0.0,-0.15080686160688825,0.008039613792863741,0.0,0.2767300776569555,0.0,-1.2463839295477165e-05,0.0,0.001078894784269526,0.0,-1.79563786745785e-06,0.0,0.0,-0.0007300570683433359,0.0,0.0,0.0,0.0,-9.983606159787724e-05,0.0,0.0,-9.385516580831157e-06,0.0,0.0,0.0,0.0,0.0,0.0,5.6152412729975414e-05,0.0002171295195676766
0.0,-4.841343196817928e-07,0.0,0.0,0.0,0.044219376866660706,0.0,0.0,0.28982132515515346,-0.28982132515515346,0.0,0.0,0.0,0.0,-0.11729128279016095,0.0,0.0,0.24968131106339148,0.0,-0.00011425573856574526,0.0,0.0025203084296942196,0.0,-1.6460572531408108e-05,0.0,0.0,-0.003007468891865681,0.0,0.0,0.0,0.0,-0.0009151949638423193,0.0,0.0,-8.603682247034766e-05,0.0,0.0,0.0,0.0,0.0,0.0,0.0005147479229004515,0.001990421493290007
0.0,-3.328684132643781e-07,0.0,0.0,0.0,0.02464127128516578,0.0,0.0,0.2825017874657083,-0.2825017874657083,0.0,0.0,0.0,0.0,-0.13810639409933176,0.009603218879559946,0.0,0.254903366416119,0.0026931696407873898,-7.855697242807868e-05,0.0,0.0,0.0,-1.1317529944074907e-05,0.0,0.0,-0.0025479577459797524,0.0,0.0,0.0,0.0,-0.0006292458168261509,0.0,0.0,-5.9154948149177155e-05,0.0,0.0,0.0,0.0,0.0,0.0,0.00035391691388378865,0.0013685219519951242
0.0,-3.571745463745283e-07,0.0,0.0,0.0,0.027386849627738394,0.0,0.0,0.2832585370488527,-0.2832585370488527,0.0,0.0,0.0,0.0,-0.13565292340170382,0.008727337151073482,0.0,0.2536448725308827,0.0027321144355065977,-8.429322180614971e-05,0.0,0.0,0.0,-1.2143938754094113e-05,0.0,0.0,-0.002655154688777174,0.0,0.0,0.0,0.0,-0.000675193500575387,0.0,0.0,-6.347445695969308e-05,0.0,0.0,0.0,0.0,0.0,0.0,0.0003797600136673677,0.0014684517603033003
0.0,-2.4002625605869587e-07,0.0,0.0,0.0,0.0,0.0,0.0,0.2752229042497831,-0.2752229042497831,0.02192327840242604,0.0,0.0,0.0,-0.1458414721576281,0.0,0.0,0.2772453887838432,0.0012495296695559275,-5.6646215825356514e-05,0.0,0.0,0.0,-8.1608955132397e-06,0.0,0.0,-0.0014910562399335352,0.0,0.0,0.0,0.0,-0.00045373941033395143,0.0,0.0,-4.265571669101579e-05,0.0,0.0,0.0,0.0,0.0,0.0,0.0002552040037752195,0.000986819978652148
0.0,-1.4613112160548656e-07,0.0,0.0,0.0,0.0,0.0,0.0,0.2762815542977001,-0.2762815542977001,0.00695175174407461,0.0,0.0,0.0,-0.15434331756522687,0.010659044439848935,0.0,0.27111744265009335,0.0018266344369856967,-3.448695650713132e-05,0.0,0.0,0.0,-4.968459843673404e-06,0.0,0.0,-0.0014407267475637841,0.0,0.0,0.0,0.0,-0.0002762424829577733,0.0,0.0,-2.5969357791506432e-05,0.0,0.0,0.0,0.0,0.0,0.0,0.00015537153277416445,0.0006007888998105144
0.0,-7.117270876203618e-08,0.0,0.0,0.0,0.0,0.0,0.0,0.2801527234448927,-0.2801527234448927,0.0,0.0,0.0,0.001692914544250041,-0.1522000450530692,0.008577283566260595,0.0,0.2742517298228443,0.000889656627349172,-1.6796765019005433e-05,0.0,0.0,0.0,-2.4198729303146755e-06,0.0,0.0,-0.001548158758320846,0.0,0.0,0.0,0.0,-0.00013454304306466884,0.0,0.0,-1.2648295027953898e-05,0.0,0.0,0.0,0.0,0.0,0.0,7.567322231263555e-05,0.0002926123670570146
0.0,-1.8463780764504272e-07,0.0,0.0,0.0,0.008783592346494014,0.0,0.0,0.27881515189995054,-0.27881515189995054,0.0,0.0,0.0,0.0,-0.15109601931970945,0.013467785474732836,0.0,0.2635066643595189,0.0023079668048021956,-4.357453752402864e-05,0.0,0.0,0.0,-6.277687619375981e-06,0.0,0.0,-0.0018203694405624982,0.0,0.0,0.0,0.0,-0.0003490345237303053,0.0,0.0,-3.281248536173165e-05,0.0,0.0,0.0,0.0,0.0,0.0,0.0001963131389583103,0.0007591014432775402
0.0,-7.132430531155279e-08,0.0,0.0,0.0,0.0,0.0,0.0,0.2800940646412635,-0.2800940646412635,0.0,0.0,0.0,0.001573636875549053,-0.152319422417152,0.008759397748200011,0.0,0.2741805020122547,0.0009325127612233779,-1.683254181694123e-05,0.0,0.0,0.0,-2.425027214771249e-06,0.0,0.0,-0.0015104951260003147,0.0,0.0,0.0,0.0,-0.00013482961725082586,0.0,0.0,-1.2675235661756624e-05,0.0,0.0,0.0,0.0,0.0,0.0,7.58344048725372e-05,0.00029323562597132743
0.0,-1.3632633330745784e-07,0.0,0.0,0.0,0.0,0.0,0.0,0.2766907611680923,-0.2766907611680923,0.00601556914613954,0.0,0.0,0.0,-0.1542828590468153,0.010726782171235148,0.0,0.2714033907836564,0.001782366402935084,-3.217302567651316e-05,0.0,0.0,0.0,-4.635096926867833e-06,0.0,0.0,-0.0013832057525827199,0.0,0.0,0.0,0.0,-0.0002577077654070864,0.0,0.0,-2.4226922281643602e-05,0.0,0.0,0.0,0.0,0.0,0.0,0.00014494675145685114,0.0005604784723688453
0.0,-1.6634637736491118e-07,0.0,0.0,0.0,0.007340240956907641,0.0,0.0,0.2788981392385506,-0.2788981392385506,0.0,0.0,0.0,0.0,-0.15155585509000438,0.013088897146108955,0.0,0.26510621071770174,0.0021748563690662916,-3.9257758499864656e-05,0.0,0.0,0.0,-5.655778775922793e-06,0.0,0.0,-0.0016877976580908578,0.0,0.0,0.0,0.0,-0.0003144568782437136,0.0,0.0,-2.956186569738976e-05,0.0,0.0,0.0,0.0,0.0,0.0,0.00017686507390527988,0.0006838998835192501
0.0,-6.964386169480127e-08,0.0,0.0,0.0,0.0,0.0,0.0,0.27964112384918743,-0.27964112384918743,0.0,0.0,0.0,0.0,-0.15334036815688926,0.010601769114943652,0.0,0.27386688831952816,0.0014227292127260414,-1.6435956987598346e-05,0.0,0.0,0.0,-2.36789211214795e-06,0.0,0.0,-0.0009627199363953158,0.0,0.0,0.0,0.0,-0.00013165295021329212,0.0,0.0,-1.2376599470831536e-05,0.0,0.0,0.0,0.0,0.0,0.0,7.40477005921162e-05,0.00028632681790491594
0.0,-4.377926720817421e-07,0.0,0.0,0.0,0.03998666975100836,0.0,0.0,0.2894281967056494,-0.2894281967056494,0.0,0.0,0.0,0.0,-0.11973846331352272,0.0,0.0,0.25313041050825386,0.0022790628902970267,-0.00010331910598746116,0.0,0.0,0.0,-1.4884955971014368e-05,0.0,0.0,-0.0027195920405683814,0.0,0.0,0.0,0.0,-0.0008275919149041694,0.0,0.0,-7.780132264011547e-05,0.0,0.0,0.0,0.0,0.0,0.0,0.0004654759215649759,0.0017998970713109194
0.0,-2.5673430355106173e-07,0.0,0.0,0.0,0.02113711608902209,0.0,0.0,0.2865709591129711,-0.2865709591129711,0.0,0.0,0.0,0.0026374641891445077,-0.13210738164866528,0.0,0.0,0.2652848859232999,0.0,-6.0589316383661354e-05,0.0,0.0,0.0,-8.728969323390292e-06,0.0,0.0,-0.002750960177838939,0.0,0.0,0.0,0.0,-0.00048532387005724046,0.0,0.0,-4.56249491074899e-05,0.0,0.0,0.0,0.0010112695674764818,0.0,0.0,0.0002729685628919337,0.001055511776543224
0.0,-2.807713114346326e-07,0.0,0.0,0.0,0.023413640161667852,0.0,0.0,0.2868211890396226,-0.2868211890396226,0.0,0.0,0.0,0.00248767906000042,-0.13073962551298882,0.0,0.0,0.2635421857973898,0.0,-6.626205218651278e-05,0.0,0.0,0.0,-9.546227872558223e-06,0.0,0.0,-0.0028597514572889335,0.0,0.0,0.0,0.0,-0.0005307628064568354,0.0,0.0,-4.989663094437437e-05,0.0,0.0,0.0,0.001205130792710072,0.0,0.0,0.00029852551966571146,0.0011543351302713526
0.0,-2.2262631771703386e-07,0.0,0.0,0.0,0.02008281982888262,0.0,0.0,0.28620659894983,-0.28620659894983,0.0,0.0,0.0,0.003602447190683722,-0.12749104409634704,-0.004384595609402264,0.0,0.2677484496985389,0.0,-5.253982897070902e-05,0.0,0.0,0.0,-7.569297406120985e-06,0.0,0.0,-0.002604715966412042,0.0,0.0,0.0,0.0,-0.0004208470180905704,0.0,0.0,-3.9563526475952075e-05,0.0,0.0,0.0,0.0,0.0,0.0,0.00023670380299240093,0.0009152836098197787
0.0,-2.3742321778930846e-07,0.0,0.0,0.0,0.021836966951290546,0.0,0.0,0.286359131706147,-0.286359131706147,0.0,0.0,0.0,0.0036322151577196254,-0.1255861268516379,-0.005095357306987887,0.0,0.26667415809378625,0.0,-5.60318985834406e-05,0.0,0.0,0.0,-8.072392181636511e-06,0.0,0.0,-0.002673004221471115,0.0,0.0,0.0,0.0,-0.0004488186942888712,0.0,0.0,-4.219312370315654e-05,0.0,0.0,0.0,0.0,0.0,0.0,0.0002524363657707949,0.0009761181070669017
0.0,-2.48767876429109e-07,0.0,0.0,0.0,0.020481234531464824,0.0,0.0,0.2868243452434753,-0.2868243452434753,0.0,0.0,0.0,0.0025556240689932046,-0.13160103939995324,0.0,0.0,0.26619877572796286,0.0,-5.87092389391473e-05,0.0,0.0,0.0,-8.458110708071987e-06,0.0,0.0,-0.002665598294097566,0.0,0.0,0.0,0.0,-0.00047026434280327494,0.000979890023728259,0.0,-4.4209213746144505e-05,0.0,0.0,0.0,0.0,0.0,0.0,0.00026449838912557427,0.001022759403650748
0.0,-2.7045026011647675e-07,0.0,0.0,0.0,0.022552963262668976,0.0,0.0,0.2871121655681353,-0.2871121655681353,0.0,0.0,0.0,0.0023962328822902607,-0.13019006336773037,0.0,0.0,0.2646888900206977,0.0,-6.382628324142761e-05,0.0,0.0,0.0,-9.195312007030342e-06,0.0,0.0,-0.0027546280335422678,0.0,0.0,0.0,0.0,-0.0005112521586801136,0.0011608306229630421,0.0,-4.8062448933582056e-05,0.0,0.0,0.0,0.0,0.0,0.0,0.0002875518301085208,0.0011119021906059537
0.0,-2.5864784112839347e-07,0.0,0.0,0.0,0.021455523239740593,0.0,0.0,0.2866692666536164,-0.2866692666536164,0.0,0.0,0.0,0.0027107436222605754,-0.13183192445934624,0.0,0.0,0.2652245403336121,0.0,-6.104091140653649e-05,0.0,0.0008043212691367667,0.0,-8.794029623399483e-06,0.0,0.0,-0.0026910319945012756,0.0,0.0,0.0,0.0,-0.0004889411718734969,0.0,0.0,-4.596500905808262e-05,0.0,0.0,0.0,0.0,0.0,0.0,0.00027500310052597476,0.0010633789038409591
0.0,-2.832687455618198e-07,0.0,0.0,0.0,0.02381387863115284,0.0,0.0,0.2869407356199291,-0.2869407356199291,0.0,0.0,0.0,0.0025737988507031693,-0.13039872718957496,0.0,0.0,0.2634546678565848,0.0,-6.685144684233604e-05,0.0,0.0009598818288635495,0.0,-9.631140662091507e-06,0.0,0.0,-0.0027892004917885495,0.0,0.0,0.0,0.0,-0.0005354838911699207,0.0,0.0,-5.0340456733823514e-05,0.0,0.0,0.0,0.0,0.0,0.0,0.0003011808757875317,0.0011646028315326403
0.0,-2.5874033461920135e-07,0.0,0.0,0.0,0.02164199779694196,0.0,0.0,0.2867717807170026,-0.2867717807170026,0.0,0.0,0.0,0.002488210523343036,-0.1316108651109932,0.0,0.0,0.2653193856780633,0.0008493093919145846,-6.106273987784117e-05,0.0,0.0,0.0,-8.797174403168716e-06,0.0,0.0,-0.0026025933295615814,0.0,0.0,0.0,0.0,-0.0004891160191700719,0.0,0.0,-4.598144632708997e-05,0.0,0.0,0.0,0.0,0.0,0.0,0.0002751014427222199,0.0010637591723420942
0.0,-2.8338964359265215e-07,0.0,0.0,0.0,0.02403744041635276,0.0,0.0,0.2870632008422508,-0.2870632008422508,0.0,0.0,0.0,0.0023081496986650926,-0.13013428370628347,0.0,0.0,0.263567109313881,0.0010136410307365886,-6.687997878738172e-05,0.0,0.0,0.0,-9.635251196553777e-06,0.0,0.0,-0.0026836918561579308,0.0,0.0,0.0,0.0,-0.0005357124336724001,0.0,0.0,-5.0361941850645165e-05,0.0,0.0,0.0,0.0,0.0,0.0,0.0003013094186478986,0.0011650998796229786
0.004377741821671843,-2.963710920370833e-07,0.0,0.0,0.0,0.020898247353144835,0.0,0.0,0.28470196611120846,-0.28470196611120846,0.0,0.0,0.0,0.0033365074188043153,-0.13251153620141157,0.0,0.0,0.2645073127790343,0.0,-6.99436016692433e-05,0.0,0.0,0.0,-1.0076620595489885e-05,0.0,0.0,-0.002737902230293606,0.0,0.0,0.0,0.0,-0.0005602522271898909,0.0,0.0,-5.266891024725788e-05,0.0,0.0,0.0,0.0,0.0,0.0,0.0003151117320790188,0.0012184705103496225
0.005376070832287729,-3.340044565182267e-07,0.0,0.0,0.0,0.023551918310903367,0.0,0.0,0.28457342121051604,-0.28457342121051604,0.0,0.0,0.0,0.0033177380250517946,-0.13097662489922773,0.0,0.0,0.26225688062007935,0.0,-7.882507872778578e-05,0.0,0.0,0.0,-1.1356155427992435e-05,0.0,0.0,-0.002864342091665378,0.0,0.0,0.0,0.0,-0.0006313933635344955,0.0,0.0,-5.93568374757059e-05,0.0,0.0,0.0,0.0,0.0,0.0,0.0003551247933533292,0.0013731925667766864
0.0,-9.859527372759147e-08,0.0,0.0,0.0,0.0,0.0,0.0,0.28140475456440905,-0.28140475456440905,0.006952325896725492,0.0,0.0,0.002566338404463695,-0.14510954729302938,0.0,0.0,0.28018245718838686,0.0,-2.3268492566777715e-05,0.0,0.0,0.0,-3.352240459866102e-06,0.0,0.0,-0.001639014598571683,0.0,0.0,0.0,0.0,-0.0001863819487811868,0.0,0.0,-1.752163339234374e-05,0.0,0.0,0.0,0.0,0.0,0.0,0.00010482981746147795,0.000405354762069329
0.0,-1.2457860573180747e-07,0.0,0.0,0.0,0.008784508973525193,0.0,0.0,0.2852887605261187,-0.2852887605261187,0.0,0.0,0.0,0.003242659086757105,-0.13942848603559727,0.0,0.0,0.2749598357085318,0.0,-2.9400561019375605e-05,0.0,0.0,0.0,-4.235674051899341e-06,0.0,0.0,-0.002070952752038435,0.0,0.0,0.0,0.0,-0.00023550016582833027,0.0,0.0,-2.2139201765319603e-05,0.0,0.0,0.0,0.0,0.0,0.0,0.00013245617162697878,0.0005121800384151046
0.0,-4.80184874226426e-08,0.0,0.0,0.0,0.0,0.0,0.0,0.28264801222429514,-0.28264801222429514,0.0,0.0,0.0,0.002942856835244017,-0.14770287024015263,0.003385965280165369,0.0,0.2786667560244107,0.0,-1.1332366911914074e-05,0.0,0.0,0.0,-1.6326291339734619e-06,0.0,0.0,-0.0016447344701591685,0.0,0.0,0.0,0.0,-9.077290345665402e-05,0.0,0.0,-8.533495581127037e-06,0.0,0.0,0.0,0.0,0.0,0.0,5.105487394050634e-05,0.000197418413766088
0.0,-3.0684887213273616e-07,0.0,0.0,0.0,0.018011066736633236,0.0,0.0,0.2857021794273558,-0.2857021794273558,0.0,0.0,0.0,0.002547962775446605,-0.13221053208712213,0.0,0.0,0.2675130791451537,0.0,-7.241635861848237e-05,0.0,0.0,0.0,-1.0432865241285701e-05,0.0,0.0,-0.002381445816720048,0.0,0.0,0.0,0.0,-0.0005800591509834603,0.0,0.0,-5.453094495400113e-05,0.0,0.0,0.0,0.0,0.0,-0.0036260085455304372,0.00032625206095384415,0.001261547809058917
0.0,-5.389040196048226e-07,0.0,0.0,0.0,0.01373251498852837,0.0,0.0,0.27802182630078226,-0.27802182630078226,0.014916217788775827,0.0,0.0,0.0,-0.13300219508424233,0.0,0.0,0.26695988305647195,0.0,-0.00012718139217328755,0.0,0.0,0.0,-1.8322742969354017e-05,0.0,0.0,-0.0019449868862399984,0.0,0.0,0.0,0.0,-0.0010187301843440542,0.0,0.0,-9.577009432789562e-05,0.0,0.0,0.0,0.0,0.0,-0.009351429194958683,0.0005729809134717266,0.0022155961679123197
0.0,-4.997671800712878e-07,0.0,0.0,0.0,0.012735218223341862,0.0,0.0,0.27858047596516083,-0.27858047596516083,0.0,0.0,0.0,0.0,-0.14063436966595777,0.01037471771006479,0.0,0.2614054060168654,0.0,-0.00011794509488089124,0.0,0.0,0.0,-1.699208996748616e-05,0.0,0.0,-0.0018037360569783732,0.0,0.0,0.0,0.0,-0.0009447469177470113,0.0,0.0,-8.881498047186825e-05,0.0,0.0,0.0,0.0,0.0,-0.012130539365063461,0.000531369306858057,0.0020546928743011782
0.0,-3.816667065536959e-07,0.0,0.0,0.0,0.0,0.0,0.0,0.2747087042508777,-0.2747087042508777,0.02028982358318405,0.0,0.0,0.0,-0.1428245583703577,0.0,0.0,0.27660007689823424,0.0,-9.007337358754092e-05,0.0,0.0,0.0,-1.2976672486635603e-05,0.0,0.0,-0.001377493416556259,0.0,0.0,0.0,0.0,-0.0007214928450720266,0.0,0.0,-6.782702514497558e-05,0.0,0.0,0.0,0.0,0.0,-0.006622940361489967,0.000405800903699411,0.0015691463817252202
0.0,-3.596243347032999e-07,0.0,0.0,0.0,0.0,0.0,0.0,0.27534430886317607,-0.27534430886317607,0.008117468029113954,0.0,0.0,0.0,-0.1483267195829453,0.008250419044343002,0.0,0.2716261698292694,0.0,-8.487137204969683e-05,0.0,0.0,0.0,-1.222723158592402e-05,0.0,0.0,-0.001297939131134369,0.0,0.0,0.0,0.0,-0.0006798245169066504,0.0,0.0,-6.390981548513492e-05,0.0,0.0,0.0,0.0,0.0,-0.008990585809921741,0.00038236471117075846,0.0014785235753871865
0.0,-1.612812423902756e-07,0.0,0.0,0.0,0.0,0.0,0.0,0.2800235179857279,-0.2800235179857279,0.0,0.0,0.0,0.001820226278456605,-0.1493405928397321,0.007340529846760247,0.0,0.2747155862709791,0.0,-3.8062386236558574e-05,0.0,0.0,0.0,-5.4835641275455395e-06,0.0,0.0,-0.001492201767321314,0.0,0.0,0.0,0.0,-0.0003048818784316472,0.0,0.0,-2.8661726829136217e-05,0.0,0.0,0.0,0.0,0.0,-0.004032020943290341,0.00017147965171683066,0.0006630755934202626
0.0,-4.7539426780795274e-07,0.0,0.0,0.0,0.010730635826796519,0.0,0.0,0.2781378074105556,-0.2781378074105556,0.0,0.0,0.0,0.0,-0.1424227407858013,0.010906386309842342,0.0,0.26249209267206497,0.0,-0.00011219308561727244,0.0,0.0,0.0,-1.6163410665477648e-05,0.0,0.0,-0.001715770495380917,0.0,0.0,0.0,0.0,-0.0008986729964182446,0.0,0.0,-8.448360415699723e-05,0.0,0.0,0.0,0.0,0.0,-0.01188482687579678,0.0005054552052285077,0.0019544885168515775
0.0,-1.721221185514157e-07,0.0,0.0,0.0,0.0,0.0,0.0,0.2798669406431711,-0.2798669406431711,0.0,0.0,0.0,0.0015471814317728934,-0.14929626932598503,0.007636242134397299,0.0,0.2745976199242687,0.0,-4.062083388659288e-05,0.0,0.0,0.0,-5.8521540438145364e-06,0.0,0.0,-0.0013948057212223506,0.0,0.0,0.0,0.0,-0.00032537518961197167,0.0,0.0,-3.0588288322054294e-05,0.0,0.0,0.0,0.0,0.0,-0.004500739862432286,0.0001830060365639856,0.0007076456890321809
0.0,-3.24022616679905e-07,0.0,0.0,0.0,0.0,0.0,0.0,0.2763709051085801,-0.2763709051085801,0.005825187142951204,0.0,0.0,0.0,-0.1485295861719438,0.008550159725961737,0.0,0.27227651246809764,0.0,-7.64693637193517e-05,0.0,0.0,0.0,-1.1016772756746183e-05,0.0,0.0,-0.001169447095142701,0.0,0.0,0.0,0.0,-0.0006125239523431613,0.0,0.0,-5.758293765661934e-05,0.0,0.0,0.0,0.0,0.0,-0.008472714137464176,0.0003445117648721461,0.0013321542273137194
0.0,-3.9263837754019615e-07,0.0,0.0,0.0,0.007058741923980693,0.0,0.0,0.2784258965504873,-0.2784258965504873,0.0,0.0,0.0,0.0,-0.14468883705794244,0.01036076085339306,0.0,0.2664057241564858,0.0,-9.266268882692919e-05,0.0,0.0,0.0,-1.3349709428496563e-05,0.0,0.0,-0.0014170918522935377,0.0,0.0,0.0,0.0,-0.000742233407398572,0.0,0.0,-6.977683054090171e-05,0.0,0.0,0.0,0.0,0.0,-0.010266915212224847,0.00041746635401237407,0.0016142542141201434
0.0,-2.2212598768372324e-07,0.0,0.0,0.0,0.0,0.0,0.0,0.2793091536694521,-0.2793091536694521,0.0,0.0,0.0,0.0,-0.148742410426441,0.008856347094115462,0.0,0.2745056811558189,0.0,-5.242175104241816e-05,0.0,0.0,0.0,-7.552286179136778e-06,0.0,0.0,-0.0008016866035899259,0.0,0.0,0.0,0.0,-0.00041990120716965505,0.0,0.0,-3.947461146930511e-05,0.0,0.0,0.0,0.0,0.0,-0.006806596961154331,0.00023617183524101193,0.0009132266028868793
0.0,-4.959799837697833e-07,0.0,0.006199734241795335,0.0,0.012638711743369701,0.0,0.0,0.27863453541318955,-0.27863453541318955,0.01095605492451464,0.0,0.0,0.0,-0.1351731862037557,0.0051789248444514355,0.0,0.26706764425356905,0.0,-0.0001170513162477089,0.0,0.0,0.0,-1.6863325248941587e-05,0.0,0.0,-0.0017900674872997793,0.0,0.0,0.0,0.0,-0.000937587700064412,0.0,0.0,-8.814194754979188e-05,0.0,0.0,0.0,0.0,0.0,0.0,0.0005273426321304793,0.002039122573640036
0.0,-3.72264093005024e-07,0.0,0.001912220638535148,0.0,0.02045042144507668,0.0,0.0,0.28040048896686914,-0.28040048896686914,0.0,0.0,0.0,0.0,-0.14120145461075906,0.012110314540710506,0.0,0.2552723984127467,0.0,-8.7854356030269e-05,0.0,0.0,0.0,-1.2656983516011825e-05,0.0,0.0,-0.002714092373064143,0.0,0.0,0.0,0.0,-0.0007037183882387328,0.0,0.0,-6.61560612001429e-05,0.0,0.0,0.0,0.0027410688487789115,0.0,0.0,0.0003958037281279793,0.0015304894153843971
0.0,-4.959799837697833e-07,0.0,0.0007217067795380147,0.0,0.012638711743369701,0.0,0.0,0.27863453541318955,-0.27863453541318955,0.0,0.0,0.0,0.0,-0.14065121366601302,0.010656952306708755,0.0,0.2615896167913117,0.0,-0.0001170513162477089,0.0,0.0,0.0,-1.6863325248941587e-05,0.0,0.0,-0.0017900674872997793,0.0,0.0,0.0,0.0,-0.000937587700064412,0.0,0.0,-8.814194754979188e-05,0.0,0.0,0.0,0.0,0.0,-0.01095605492451464,0.0005273426321304793,0.002039122573640036
0.0,-3.4253212835800216e-07,0.0,0.0017594955235145453,0.0,0.01881708849987234,0.0,0.0,0.2815455038976328,-0.2815455038976328,0.0,0.0,0.0,0.0,-0.13917185215187045,0.011143088717553127,0.0,0.2584243420643855,0.0,-8.08376099710578e-05,0.0,0.0,0.0,-1.1646096370280788e-05,0.0,0.0,-0.0024973234179030395,0.0,0.0,0.0,0.0,-0.0006475138532493997,0.002522145338189756,0.0,-6.087231315742658e-05,0.0,0.0,0.0,0.0,0.0,0.0,0.0003641917014163359,0.0014082523851526472
0.0,-3.517415200356811e-07,0.0,0.0032867767084090263,0.0,0.01673305247032124,0.0,0.0,0.28196198364775904,-0.28196198364775904,0.0,0.0,0.0,0.0,-0.13915205301765812,0.009222721650668128,0.0,0.2615491251196743,0.0,-8.301102715116196e-05,0.0,0.0,0.0011099812604338432,-1.1959215795030964e-05,0.0,0.0,-0.0023794701098901836,0.0,0.0,0.0,0.0,-0.0006649230484682036,0.0,0.0,-6.2508939119728e-05,0.0,0.0,0.0,0.0,0.0,0.0,0.00037398343698339455,0.001446114958389402
0.0,-3.921499270638483e-07,0.0,0.0034581153076103646,0.0,0.018655361769990577,0.0,0.0,0.2809416312681693,-0.2809416312681693,0.0,0.0,0.0,0.0,-0.1393598893019209,0.01131348434736151,0.0,0.2588024722430919,0.0014437464817633242,-9.25474144750415e-05,0.0,0.0,0.0,-1.3333102106588029e-05,0.0,0.0,-0.0021372022008297855,0.0,0.0,0.0,0.0,-0.0007413100532840905,0.0,0.0,-6.969002668252886e-05,0.0,0.0,0.0,0.0,0.0,0.0,0.0004169470170062617,0.0016122460476113746
0.0,-3.717545905412624e-07,0.0,0.0046469207224964695,0.0,0.014947797276782231,0.0,0.0,0.2827540336788562,-0.2827540336788562,0.0,0.0,0.0,0.001368658630620952,-0.13621789281407648,0.006619105131711021,0.0,0.26587228668646734,0.0,-8.773411340765054e-05,0.0,0.0,0.0,-1.263966042628501e-05,0.0,0.0,-0.00202604839180297,0.0,0.0,0.0,0.0,-0.0007027552379931432,0.0,0.0,-6.606551613601344e-05,0.0,0.0,0.0,0.0,0.0,0.0,0.000395262007939445,0.0015283946978369573
0.0,-3.596243347032999e-07,0.0,0.004495292904960871,0.0,0.0,0.0,0.0,0.27534430886317607,-0.27534430886317607,0.017108053839035693,0.0,0.0,0.0,-0.14383142667798443,0.0037551261393821314,0.0,0.27612146273423027,0.0,-8.487137204969683e-05,0.0,0.0,0.0,-1.222723158592402e-05,0.0,0.0,-0.001297939131134369,0.0,0.0,0.0,0.0,-0.0006798245169066504,0.0,0.0,-6.390981548513492e-05,0.0,0.0,0.0,0.0,0.0,0.0,0.00038236471117075846,0.0014785235753871865
0.0,-1.0012175246399258e-07,0.0,0.0012515187657002136,0.0,0.0,0.0,0.0,0.28146636149419774,-0.28146636149419774,0.0,0.0,0.0,0.00238149669852816,-0.14840170392421653,0.005808444923879363,0.0,0.27691973278661197,0.0,-2.362874167191665e-05,0.0,0.0,0.0,-3.4041407547567794e-06,0.0,0.0,-0.0015521030404252855,0.0,0.0,0.0,0.0,-0.0001892675646013685,0.0,0.0,-1.7792908066972926e-05,0.0,0.0,0.0,0.0,0.0,0.0,0.0001064528210928475,0.0004116305743025537
0.0,-1.0234020949811401e-07,0.0,0.0013380228650864594,0.0,0.0,0.0,0.0,0.28147299221461214,-0.28147299221461214,0.0,0.0,0.0,0.0022579445648181033,-0.14831045474715937,0.005878372625998214,0.0,0.277001941527049,0.0,-2.4152297711233418e-05,0.0,0.0,0.0,-3.4795683198630292e-06,0.0,0.0,-0.001498333723718859,0.0,0.0,0.0,0.0,-0.00019346127825187558,0.0,0.0,-1.8187156080888262e-05,0.0,0.0,0.0,0.0,0.0,0.0,0.00010881155936843281,0.00042075131700379
0.0,-1.2954273973128983e-07,0.0,0.002646381685724792,0.0,0.0,0.0,0.0,0.2819788454712023,-0.2819788454712023,0.0,0.0,0.0,0.0,-0.14628940079746156,0.006488167163492318,0.0,0.27917748487342303,0.0,-3.057209704438407e-05,0.0,0.0,0.0,-4.404454665940122e-06,0.0,0.0,-0.00046753952618449755,0.0,0.0,0.0,0.0,-0.0002448842360160227,0.0,0.0,-2.3021391476458447e-05,0.0,0.0,0.0,0.0,0.0,0.0,0.00013773420617514418,0.0005325890831914297
0.0,-3.24022616679905e-07,0.0,0.004236357068732088,0.0,0.0,0.0,0.0,0.2763709051085801,-0.2763709051085801,0.01429790128041538,0.0,0.0,0.0,-0.14429322910321174,0.004313802657229649,0.0,0.27651286953682974,0.0,-7.64693637193517e-05,0.0,0.0,0.0,-1.1016772756746183e-05,0.0,0.0,-0.001169447095142701,0.0,0.0,0.0,0.0,-0.0006125239523431613,0.0,0.0,-5.758293765661934e-05,0.0,0.0,0.0,0.0,0.0,0.0,0.0003445117648721461,0.0013321542273137194
0.0,-3.932476043867257e-07,0.0,0.005141422798432028,0.0,0.01566144501740657,0.0,0.0,0.28284098947578834,-0.28284098947578834,0.0,0.0,0.0,0.0008455475058613272,-0.13528557541817726,0.006926509064404294,0.0,0.2656607435040596,0.0,-9.28064664119392e-05,0.0,0.0,0.0,-1.3370423148403823e-05,0.0,0.0,-0.0018420643979296524,0.0,0.0,0.0,0.0,-0.0007433850740313938,0.0,0.0,-6.988509789545216e-05,0.0,0.0,0.0,0.0,0.0,0.0,0.0004181141045251499,0.0016167589285358012
0.0,-4.063024285809836e-07,0.0,0.004438487468918035,0.0,0.017928600396381528,0.0,0.0,0.28174718327325843,-0.28174718327325843,0.0,0.0,0.0,0.0,-0.1371558611607037,0.009777304240131311,0.0,0.2613757440377633,0.0008736175409073832,-9.588740597668909e-05,0.0,0.0,0.0,-1.3814287323692211e-05,0.0,0.0,-0.0019032162691711213,0.0,0.0,0.0,0.0,-0.000768063575163651,0.0,0.0,-7.220510609549303e-05,0.0,0.0,0.0,0.0,0.0,0.0,0.00043199443352608016,0.0016704312289925263
0.0,-3.715692236927004e-07,0.0,0.0012627846572566088,0.0,0.023586373057043038,0.0,0.0,0.2816297808272162,-0.2816297808272162,0.0,0.0,0.0,0.0,-0.13861337726306308,0.01093881924489969,0.0,0.2546109945720897,0.0,-8.769036681641119e-05,0.0,0.002396806186561459,0.0,-1.263335795126593e-05,0.0,0.0,-0.0025394531525150836,0.0,0.0,0.0,0.0,-0.0007024048253093683,0.0,0.0,-6.603257409081389e-05,0.0,0.0,0.0,0.0,0.0,0.0,0.0003950649196596168,0.0015276325990876602
0.0,-3.7989409236299784e-07,0.0,0.004266690970088123,0.0,0.01676329968961702,0.0,0.0,0.28233843416733956,-0.28233843416733956,0.0,0.0,0.0,0.0,-0.13716801862529568,0.008558357523963176,0.0,0.2629409999701868,0.0,-8.965503649529873e-05,0.0,0.0,0.0007001444935653482,-1.2916403583420133e-05,0.0,0.0,-0.0020712402748658916,0.0,0.0,0.0,0.0,-0.000718141941171579,0.0,0.0,-6.751200907147401e-05,0.0,0.0,0.0,0.0,0.0,0.0,0.00040391620055883336,0.0015618586327658089
0.0,-3.9358039530833456e-07,0.0,0.003453247671665271,0.0,0.0190597509657433,0.0,0.0,0.28138782123449024,-0.28138782123449024,0.0,0.0,0.0,0.0,-0.13836198331859295,0.010317422959099586,0.0,0.25911545788631485,0.0,-9.288500509633033e-05,0.0,0.0,0.0,-1.3381738043630704e-05,0.0,0.0,-0.0022667547997276246,0.0,0.0,0.0,0.0,-0.0007440141733600039,0.0,0.0,-6.994423907234915e-05,0.0,0.0,0.0,0.0016925261229645322,0.0,0.0,0.0004184679390472943,0.0016181271318963426
0.0,-4.652359845062501e-07,0.0,0.0030816144964765447,0.0,0.014527110203323321,0.0,0.0,0.2806001413471302,-0.2806001413471302,0.0,0.0,0.0,0.0,-0.13754359066206573,0.009194818607337079,0.0,0.26327586220668203,0.0,-0.00010979572993722281,0.0,0.0,0.0,-1.581802891441284e-05,0.0,0.0,-0.0016791076999855316,0.0,0.0,0.0,0.0,-0.0008794700410790893,0.0,0.0,-8.267834809168351e-05,0.0,0.0,0.0,0.0,0.0,-0.006002006704397016,0.0004946545761113185,0.0019127247653540024
0.0,-4.652359845062501e-07,0.0,0.006082617848675052,0.0,0.014527110203323321,0.0,0.0,0.2806001413471302,-0.2806001413471302,0.006002006704397016,0.0,0.0,0.0,-0.13454258730986723,0.006193815255138572,0.0,0.2662768655588805,0.0,-0.00010979572993722281,0.0,0.0,0.0,-1.581802891441284e-05,0.0,0.0,-0.0016791076999855316,0.0,0.0,0.0,0.0,-0.0008794700410790893,0.0,0.0,-8.267834809168351e-05,0.0,0.0,0.0,0.0,0.0,0.0,0.0004946545761113185,0.0019127247653540024
0.0,-3.7355888647078525e-07,0.0,0.0032775803122117382,0.0,0.01809017784434033,0.0,0.0,0.2820668884403846,-0.2820668884403846,0.0,0.0,0.0,0.0,-0.1372137155021119,0.009792573709953126,0.0,0.26092752441058037,0.0,-8.815992739281544e-05,0.0,0.0,0.0,-1.2701006508991057e-05,0.0,0.0,-0.0021514445561374943,0.0,0.0,0.0,0.0,-0.0007061660322311263,0.0016064270003134406,0.0,-6.638616245721281e-05,0.0,0.0,0.0,0.0,0.0,0.0,0.00039718039617234305,0.0015358126999334381
0.0,-4.139878534031651e-07,0.0,0.005746389708141532,0.0,0.016264908758178476,0.0,0.0,0.28307093875937805,-0.28307093875937805,0.0,0.0,0.0,0.0,-0.13407557834981018,0.007180551866148571,0.0,0.2659860007220887,0.0,-9.770116685575051e-05,0.0,0.0,0.0,-1.4075591857531812e-05,0.0,0.0,-0.0014941453703059323,0.0,0.0,0.0,0.0,-0.0007825919029567979,0.0,0.0,-7.357090377633054e-05,0.0,0.0,0.0,0.0,0.0,0.0,0.0004401658361781906,0.0017020283170923515
0.0,-4.308672743595592e-07,0.0,0.00563327227624246,0.0,0.017755720610661194,0.0,0.0,0.2830770078454182,-0.2830770078454182,0.0,0.0,0.0,0.0006284170911025805,-0.13347560797279476,0.006993089299488252,0.0,0.2642532294623059,0.0,-0.00010168471156541397,0.0,0.0,0.0,-1.4649492367463671e-05,0.0,0.0,-0.001869274323226953,0.0,0.0,0.0,0.0,-0.0008145003226326016,0.0,0.0,-7.657059143570173e-05,0.0,0.0,0.0,0.0,0.0,0.0,0.0004581126053367518,0.001771424682729018
0.0,-4.414080317080194e-07,0.0,0.005127294198752964,0.0,0.019477678831223165,0.0,0.0,0.2822767285362295,-0.2822767285362295,0.0,0.0,0.0,0.0,-0.1348095894003886,0.009095540715865425,0.0,0.26106107220027136,0.0006437907164975084,-0.00010417233115140451,0.0,0.0,0.0,-1.5007878240591491e-05,0.0,0.0,-0.0019150043385504187,0.0,0.0,0.0,0.0,-0.0008344262969918152,0.0,0.0,-7.844381800077681e-05,0.0,0.0,0.0,0.0,0.0,0.0,0.00046931989374895077,0.0018147608998262065
0.0,-4.1296096509817156e-07,0.0,0.0026888066160589688,0.0,0.02364312431761996,0.0,0.0,0.28215409408689934,-0.28215409408689934,0.0,0.0,0.0,0.0,-0.13605958889868902,0.010015119897167746,0.0,0.2559815470110141,0.0,-9.745882113279354e-05,0.0,0.0018069025697877287,0.0,-1.4040677643151986e-05,0.0,0.0,-0.0023938904585224918,0.0,0.0,0.0,0.0,-0.0007806506999332726,0.0,0.0,-7.3388412671689e-05,0.0,0.0,0.0,0.0,0.0,0.0,0.0004390740139285439,0.001697806471066623
0.0,-4.1989778230405375e-07,0.0,0.004964924396174927,0.0,0.01852851230190389,0.0,0.0,0.28269421068859446,-0.28269421068859446,0.0,0.0,0.0,0.0,-0.13493304053948382,0.00821486449018046,0.0,0.26224994931725454,0.0,-9.909591055391654e-05,0.0,0.0,0.0005249298505302669,-1.4276529509282016e-05,0.0,0.0,-0.0020404050565632887,0.0,0.0,0.0,0.0,-0.000793763879300707,0.0,0.0,-7.46211732635099e-05,0.0,0.0,0.0,0.0,0.0,0.0,0.0004464494717366474,0.0017263258085733855
0.0,-4.3113820897870876e-07,0.0,0.004379190051911107,0.0,0.020282134615107694,0.0,0.0,0.2819973856399955,-0.2819973856399955,0.0,0.0,0.0,0.0,-0.13576038193595696,0.009512735629551324,0.0,0.2593888971496964,0.0,-0.00010174865215742634,0.0,0.0,0.0,-1.4658704147683491e-05,0.0,0.0,-0.002184855869548263,0.0,0.0,0.0,0.0,-0.000815012490411038,0.0,0.0,-7.661873996139221e-05,0.0,0.0,0.0,0.0012576244949319656,0.0,0.0,0.0004584006721537061,0.0017725385762649816
0.0,-4.868558575011083e-07,0.0,0.004235053548748272,0.0,0.01722266428206983,0.0,0.0,0.281517036351486,-0.281517036351486,0.0,0.0,0.0,0.0,-0.13484324023424882,0.008611874816337984,0.0,0.26237745060989665,0.0,-0.00011489802171101963,0.0,0.0,0.0,-1.655310484909477e-05,0.0,0.0,-0.001757137122530958,0.0,0.0,0.0,0.0,-0.0009203396883637722,0.0,0.0,-8.652047433448462e-05,0.0,0.0,0.0,0.0,0.0,-0.004260456432369258,0.0005176415536195221,0.0020016105520907286
0.0,-4.868558575011083e-07,0.0,0.006365281764932901,0.0,0.01722266428206983,0.0,0.0,0.281517036351486,-0.281517036351486,0.004260456432369258,0.0,0.0,0.0,-0.13271301201806418,0.006481646600153356,0.0,0.2645076788260813,0.0,-0.00011489802171101963,0.0,0.0,0.0,-1.655310484909477e-05,0.0,0.0,-0.001757137122530958,0.0,0.0,0.0,0.0,-0.0009203396883637722,0.0,0.0,-8.652047433448462e-05,0.0,0.0,0.0,0.0,0.0,0.0,0.0005176415536195221,0.0020016105520907286
0.0,-4.146258283754872e-07,0.0,0.004211469234398111,0.0,0.019505338870179943,0.0,0.0,0.2824853005346901,-0.2824853005346901,0.0,0.0,0.0,0.0,-0.13499550600713123,0.009148402550223774,0.0,0.2607427059944997,0.0,-9.785172900077058e-05,0.0,0.0,0.0,-1.4097283014052244e-05,0.0,0.0,-0.0021011769681430177,0.0,0.0,0.0,0.0,-0.0007837979143011504,0.0012094580975128113,0.0,-7.368428003825362e-05,0.0,0.0,0.0,0.0,0.0,0.0,0.00044084415266705497,0.001704651223681427
0.0,-4.910399662667715e-07,0.0,0.006419985905425884,0.0,0.021667749721793455,0.0,0.0,0.2839364339644214,-0.2839364339644214,0.0,0.0,0.0,0.0,-0.12955649519228934,0.006537350796657906,0.0,0.26248382418802146,0.0,-0.00011588547171781626,0.0,0.0,0.0,-1.6695364596062863e-05,0.0,0.0,-0.0017722382098930166,0.0,0.0,0.0,0.0,-0.0009282492190762827,0.0,0.0,-8.726404364662223e-05,0.0,0.0,0.0,0.0,0.0,0.0,0.000522090239054032,0.002018812679018878
0.0,-4.475304962583836e-07,0.0,0.0060959017390885455,0.0,0.01827921954588354,0.0,0.0,0.2832547518798519,-0.2832547518798519,0.0,0.0,0.0,0.0,-0.13251834782727367,0.007181947741561445,0.0,0.26443729909445435,0.0,-0.00010561723328002087,0.0,0.0,0.0,-1.5216042106909593e-05,0.0,0.0,-0.001615205889637505,0.0,0.0,0.0,0.0,-0.0008460000452162322,0.0,0.0,-7.953185777442249e-05,0.0,0.0,0.0,0.0,0.0,0.0,0.00047582950437189325,0.0018399321891513691
0.0023087925124579134,-3.745560411399225e-07,0.0,0.0,0.0,0.023654720208111234,0.0,0.0,0.27904846308203524,-0.27904846308203524,0.0,0.0,0.0,0.0,-0.142840398411321,0.013339271339699737,0.0,0.2503024756330293,0.0,-8.839525597530766e-05,0.0,0.0,0.0,-1.2734909779404016e-05,0.0,0.0,-0.0031156011948712606,0.0,0.0,0.0,0.0,-0.0007080510275604515,0.0,0.0,-6.65633695168165e-05,0.0,0.0,0.0,0.0035275425108893953,0.0,0.0,0.00039824060461839215,0.001539912302058092
0.000739314533809641,-5.080805957156125e-07,0.0,0.0,0.0,0.012947063191626328,0.0,0.0,0.278039342609618,-0.278039342609618,0.0,0.0,0.0,0.0,-0.14112547658399568,0.010916954017682131,0.0,0.2605785726376032,0.0,-0.00011990706164472374,0.0,0.0,0.0,-1.727474619662334e-05,0.0,0.0,-0.0018337404433251868,0.0,0.0,0.0,0.0,-0.0009604623831059115,0.0,0.0,-9.029238010423287e-05,0.0,0.0,0.0,0.0,0.0,-0.011962668489408322,0.0005402084105141186,0.0020888718211521124
0.0020768022518389447,-3.3692019767127134e-07,0.0,0.0,0.0,0.021277865347253073,0.0,0.0,0.280624850357483,-0.280624850357483,0.0,0.0,0.0,0.0,-0.1401222888178584,0.011998925241959828,0.0,0.25476729445183177,0.0,-7.951319387551301e-05,0.0,0.0,0.0,-1.145529066129721e-05,0.0,0.0,-0.0028025418232374357,0.0,0.0,0.0,0.0,-0.0006369052050021448,0.0031730907782066215,0.0,-5.987500174077778e-05,0.0,0.0,0.0,0.0,0.0,0.0,0.00035822490760102724,0.0013851800537693557
0.00499956247739383,-3.4395363934072856e-07,0.0,0.0,0.0,0.02136212977926517,0.0,0.0,0.28000442532003905,-0.28000442532003905,0.0,0.0,0.0,0.0,-0.14142777269050844,0.010089856929219954,0.0,0.2546868521673401,0.0,-8.117308667784753e-05,0.0,0.0,0.0017996284657088855,-1.1694427760318869e-05,0.0,0.0,-0.003041009664689002,0.0,0.0,0.0,0.0,-0.000650201040749953,0.0,0.0,-6.112493372797582e-05,0.0,0.0,0.0,0.0,0.0,0.0,0.00036570309979482626,0.0014140966434461435
0.0054362626681382,-4.1098109214167275e-07,0.0,0.0,0.0,0.02498746088442762,0.0,0.0,0.27812375036465753,-0.27812375036465753,0.0,0.0,0.0,0.0,-0.14197479881304043,0.013668849044744033,0.0,0.2494851991653192,0.002419119428179106,-9.699157095507469e-05,0.0,0.0,0.0,-1.3973361939475283e-05,0.0,0.0,-0.002692853223932567,0.0,0.0,0.0,0.0,-0.0007769079994363811,0.0,0.0,-7.303656408102497e-05,0.0,0.0,0.0,0.0,0.0,0.0,0.0004369689462840224,0.0016896666191156418
0.00951491676442,-3.805976255057403e-07,0.0,0.0,0.0,0.021646642736978916,0.0,0.0,0.279965069652582,-0.279965069652582,0.0,0.0,0.0,0.002987034773730777,-0.13707941840284804,0.005190736256932294,0.0,0.2579242932343067,0.0,-8.982107037383548e-05,0.0,0.0,0.0,-1.2940323718501598e-05,0.0,0.0,-0.002867152326693034,0.0,0.0,0.0,0.0,-0.0007194718819813055,0.0,0.0,-6.763703585359498e-05,0.0,0.0,0.0,0.0,0.0,0.0,0.0004046642207036484,0.0015647510686697058
0.0019304475769930845,-7.721809682185529e-08,0.0,0.0,0.0,0.0,0.0,0.0,0.2807834389521128,-0.2807834389521128,0.0,0.0,0.0,0.0028019339750667525,-0.1496842895975257,0.005444940248491922,0.0,0.27631166431811793,0.0,-1.822347708962493e-05,0.0,0.0,0.0,-2.6254161950527887e-06,0.0,0.0,-0.0016796588885680944,0.0,0.0,0.0,0.0,-0.00014597108789002935,0.0,0.0,-1.372263732950542e-05,0.0,0.0,0.0,0.0,0.0,0.0,8.210088261352975e-05,0.0003174667717962853
0.015683873395018325,-4.943379002663168e-07,0.0,0.0,0.0,0.02922415215565678,0.0,0.0,0.2791970669987839,-0.2791970669987839,0.0,0.0,0.0,0.0,-0.13167100972434273,0.0056334840759737145,0.0,0.25389493821196135,0.0,-0.00011666378440820102,0.0,0.0,0.0,-1.6807494390618624e-05,0.0,0.0,-0.001784140957223616,0.0,0.0,0.0,0.0,-0.0009344835479903164,0.0,0.0,-8.785012843859545e-05,0.0,0.0,0.0,0.0,0.0,0.0,0.0005255967136151507,0.002032371475512507
0.0050515728463833105,-8.242632950525657e-08,0.0,0.0,0.0,0.0,0.0,0.0,0.28045086150821597,-0.28045086150821597,0.0,0.0,0.0,0.0,-0.14864930944336374,0.005812192446209081,0.0,0.27866839286370093,0.0,-1.9452620423762834e-05,0.0,0.0,0.0,-2.8024961672016853e-06,0.0,0.0,-0.00029748920797841163,0.0,0.0,0.0,0.0,-0.00015581659590008064,0.0,0.0,-1.4648206479530935e-05,0.0,0.0,0.0,0.0,0.0,0.0,8.763845110800282e-05,0.00033887937952446914
0.011761117489515386,-4.497812627929798e-07,0.0,0.0,0.0,0.0,0.0,0.0,0.26602394284039493,-0.26602394284039493,0.03160827556474187,0.0,0.0,0.0,-0.1473708378743988,0.00010750352845458771,0.0,0.27210156480396147,0.0,-0.00010614841436406048,0.0,0.0,0.0,-1.529256819540986e-05,0.0,0.0,-0.001623329249706312,0.0,0.0,0.0,0.0,-0.0008502548359086194,0.0,0.0,-7.993184759726035e-05,0.0,0.0,0.0,0.0,0.0,0.0,0.0004782225951971393,0.0018491857659062305
0.002031753495959272,-7.77004952047518e-08,0.0,0.0,0.0,0.0,0.0,0.0,0.28075263487117474,-0.28075263487117474,0.0,0.0,0.0,0.0027301922813524463,-0.1496823172854138,0.005478955984167205,0.0,0.27634217007014245,0.0,-1.8337323146969074e-05,0.0,0.0,0.0,-2.6418177457131947e-06,0.0,0.0,-0.0016455290911270603,0.0,0.0,0.0,0.0,-0.00014688300128398734,0.0,0.0,-1.3808365653943417e-05,0.0,0.0,0.0,0.0,0.0,0.0,8.261378482994301e-05,0.00031945005633243767
0.011593079416861331,-4.4335497068400154e-07,0.0,0.0,0.0,0.025999048919759578,0.0,0.0,0.27968826401115543,-0.27968826401115543,0.0,0.0,0.0,0.0025788102170229655,-0.13444582142718556,0.005263587995723456,0.0,0.25452238202531036,0.0,-0.00010463180890706017,0.0,0.0,0.0,-1.5074074188545447e-05,0.0,0.0,-0.0028895408888347384,0.0,0.0,0.0,0.0,-0.0008381067399459489,0.0,0.0,-7.878981380447706e-05,0.0,0.0,0.0,0.0,0.0,0.0,0.00047138994487558734,0.0018227653502986827
0.008251522048075154,-4.7358157664290567e-07,0.0,0.0,0.0,0.02914889859680194,0.0,0.0,0.2780968741263852,-0.2780968741263852,0.0,0.0,0.0,0.0,-0.13844700917419073,0.01250900788223628,0.0,0.24708331954750376,0.0020659692952518407,-0.00011176529035584544,0.0,0.0,0.0,-1.6101779144665592e-05,0.0,0.0,-0.002742212863831772,0.0,0.0,0.0,0.0,-0.0008952463320447234,0.0,0.0,-8.416146589573281e-05,0.0,0.0,0.0,0.0,0.0,0.0,0.0005035278908983003,0.0019470359994221622
0.002110193202451002,-4.051181183053217e-07,0.0,0.0,0.0,0.028469583281769753,0.0,0.0,0.2810158836293283,-0.2810158836293283,0.0,0.0,0.0,0.0,-0.1376959671269904,0.011407560257647381,0.0,0.24953736742507607,0.0,-9.560790865593376e-05,0.0,0.002827682949330914,0.0,-1.3774020760468522e-05,0.0,0.0,-0.002875974616778364,0.0,0.0,0.0,0.0,-0.0007658247857288824,0.0,0.0,-7.19946391056628e-05,0.0,0.0,0.0,0.0,0.0,0.0,0.00043073523493245984,0.0016655621739977242
0.00746779609761608,-4.060110620722361e-07,0.0,0.0,0.0,0.025383539584127618,0.0,0.0,0.2797460095686415,-0.2797460095686415,0.0,0.0,0.0,0.0,-0.13847178986678862,0.009543427236462669,0.0,0.25197666392612916,0.0,-9.581864345708057e-05,0.0,0.0,0.0015743975585084675,-1.3804380858987098e-05,0.0,0.0,-0.003039753471010194,0.0,0.0,0.0,0.0,-0.0007675127834709379,0.0,0.0,-7.215332656330992e-05,0.0,0.0,0.0,0.0,0.0,0.0,0.0004316846428355976,0.0016692333338261245
0.005329715541586875,-4.372657930132841e-07,0.0,0.0,0.0,0.027676683358756053,0.0,0.0,0.2788990071816993,-0.2788990071816993,0.0,0.0,0.0,0.0,-0.13946645836324814,0.012312793866818968,0.0,0.24797462054574376,0.0,-0.00010319476248473022,0.0,0.0,0.0,-1.4867042076524644e-05,0.0,0.0,-0.003104194220570232,0.0,0.0,0.0,0.0,-0.0008265959163756544,0.0,0.0,-7.77076895324563e-05,0.0,0.0,0.0,0.0030520704243039085,0.0,0.0,0.00046491572598477673,0.0017977309133262662
0.004923088478724921,-5.659513947756021e-07,0.0,0.0,0.0,0.020020691385370003,0.0,0.0,0.27802194974572075,-0.27802194974572075,0.0,0.0,0.0,0.0,-0.13705777799957763,0.010010976532059634,0.0,0.2557729101604158,0.0,-0.00013356457489917525,0.0,0.0,0.0,-1.9242354041495007e-05,0.0,0.0,-0.0020426049928055343,0.0,0.0,0.0,0.0,-0.0010698598410015722,0.0,0.0,-0.00010057675669669186,0.0,0.0,0.0,0.0,0.0,-0.009875706842312294,0.0006017385941877288,0.002326796045071168
0.021953357909278003,-8.395638468694676e-07,0.0,0.0,0.0,0.029699809615545213,0.0,0.0,0.26593151772595813,-0.26593151772595813,0.029300348063897967,0.0,0.0,0.0,-0.13006827774399207,0.000200666598116865,0.0,0.24757622620764375,0.0,-0.0001981371357027899,0.0,0.0,0.0,-2.8545180612740203e-05,0.0,0.0,-0.003030114107368791,0.0,0.0,0.0,0.0,-0.0015870897253969602,0.0,0.0,-0.0001492011673394842,0.0,0.0,0.0,0.0,0.0,0.0,0.0008926525733652171,0.0034516989559768944
0.00486000173554773,-3.987290684387036e-07,0.0,0.0,0.0,0.025237506224902694,0.0,0.0,0.2802948133299486,-0.2802948133299486,0.0,0.0,0.0,0.0,-0.1373797791582619,0.011227653538966311,0.0,0.25209582755879717,0.0,-9.410009237113987e-05,0.0,0.0,0.0,-1.3556792990279922e-05,0.0,0.0,-0.0028306181036740143,0.0,0.0,0.0,0.0,-0.0007537470915354414,0.002783088036010732,0.0,-7.085922373273547e-05,0.0,0.0,0.0,0.0,0.0,0.0,0.0004239421818179633,0.0016392948724261753
0.023319921545489262,-8.918254383831999e-07,0.0,0.0,0.0,0.06267282909256593,0.0,0.0,0.28248535624799936,-0.28248535624799936,0.0,0.0,0.0,0.0,-0.10704058231784445,0.00021315779318241954,0.0,0.2318632245062473,0.0,-0.00021047087552306841,0.0,0.0,0.0,-3.032207533543624e-05,0.0,0.0,-0.0032187341704048382,0.0,0.0,0.0,0.0,-0.0016858836827995034,0.0,0.0,-0.00015848871645197056,0.0,0.0,0.0,0.0,0.0,0.0,0.0009482188585582336,0.0036665620441604513
0.015736845861136776,-7.53550282077992e-07,0.0,0.0015509319619507274,0.0,0.019202195876798393,0.0,0.0,0.2659654250695869,-0.2659654250695869,0.03238255445622818,0.0,0.0,0.0,-0.13455496649159926,0.0,0.0,0.25626008619257545,0.0,-0.00017783792746161011,0.0,0.0,0.0,-2.562071840385231e-05,0.0,0.0,-0.0027196780195458577,0.0,0.0,0.0,0.0,-0.0014244919129323878,0.0,0.0,-0.00013391546355201063,0.0,0.0,0.0,0.0,0.0,0.0,0.0008012000528193151,0.003098071375540183
0.018845077643297972,-7.861663014643449e-07,0.0,0.0,0.0,0.021651388294640035,0.0,0.0,0.2637237228806573,-0.2637237228806573,0.03499771883749802,0.0,0.0,0.0,-0.13532248628527851,0.0,0.0,0.25238476062972676,0.0,-0.0001855353106723517,0.0,0.0,0.0,-2.6729663444451267e-05,0.0,0.0,-0.0030396518584368047,0.0,0.0,0.0,0.0,-0.001486148390214546,0.0,0.0,-0.00013971174478131387,0.0,0.0,0.0,0.00040451529026945803,0.0,0.0,0.0008358785037158369,0.0032321656204076614
0.02091469499759653,-8.36589898928795e-07,0.0,0.0,0.0,0.02131823647319535,0.0,0.0,0.260837415214849,-0.260837415214849,0.03939472480100174,0.0,0.0,0.0,-0.13388606188258081,-0.001721841321213263,0.0,0.2517844102341026,0.0,-0.00019743528374847904,0.0,0.0,0.0,-2.8444066347975315e-05,0.0,0.0,-0.0030193806751906264,0.0,0.0,0.0,0.0,-0.001581467851327339,0.0,0.0,-0.00014867265898838058,0.0,0.0,0.0,0.0,0.0,0.0,0.000889490571699478,0.0034394721634104612
0.018220306880927482,-7.941979316355185e-07,0.0,0.0,0.0,0.020237991559314373,0.0,0.0,0.26396608911806274,-0.26396608911806274,0.03412931874869785,0.0,0.0,0.0,-0.1352746998815529,0.0,0.0,0.25373722948484917,0.0,-0.00018743077604175065,0.0,0.0,0.0,-2.700273896420567e-05,0.0,0.0,-0.0028663815928534797,0.0,0.0,0.0,0.0,-0.001501331175621979,0.0,0.0,-0.00014113906755330603,0.0,0.0,0.0,0.0,0.0,-0.0016345915933997349,0.0008444180035613209,0.003265186062605124
0.018606731903989544,-7.762231538748982e-07,0.0,0.0,0.0,0.0213775493512396,0.0,0.0,0.2641159656174485,-0.2641159656174485,0.03455508032316965,0.0,0.0,0.0,-0.135075439792956,0.0,0.0,0.25292041446791236,0.0,-0.00018318872703777865,0.0,0.0,0.0,-2.6391596310119296e-05,0.0,0.0,-0.0030012074389893202,0.0,0.0,0.0,0.0,-0.0014673521218471568,0.0003993991269006577,0.0,-0.0001379447210666721,0.0,0.0,0.0,0.0,0.0,0.0,0.0008253066141374976,0.003191286356392672
0.01864953969248169,-7.670325894786347e-07,0.0,0.0,0.0,0.02138755036753986,0.0,0.0,0.26440927965410577,-0.26440927965410577,0.03375127431151489,0.0,0.0,0.0,-0.13538370490029653,0.0,0.0,0.2529516148176292,0.0,-0.00018101975309760992,0.0,0.0,0.0002631134659432325,-2.607911701315744e-05,0.0,0.0,-0.003031451191367209,0.0,0.0,0.0,0.0,-0.0014499785172329305,0.0,0.0,-0.000136311440951593,0.0,0.0,0.0,0.0,0.0,0.0,0.000815534896370476,0.0031535011877605198
0.018248634212327572,-7.779839351333633e-07,0.0,0.0,0.0,0.021826347214258156,0.0,0.0,0.2641813449732269,-0.2641813449732269,0.034633464918519666,0.0,0.0,0.0,-0.13511497425726973,0.0,0.0,0.25256009276153124,0.0,-0.00018360427155705768,0.0,0.0004003051221596027,0.0,-2.6451462893500448e-05,0.0,0.0,-0.0030080153650154356,0.0,0.0,0.0,0.0,-0.0014706806570793508,0.0,0.0,-0.00013825763427770667,0.0,0.0,0.0,0.0,0.0,0.0,0.0008271787361057825,0.0031985254566162104
0.019241887251053583,-7.913951147320548e-07,0.0,0.0,0.0,0.021795392261953924,0.0,0.0,0.2635774630543398,-0.2635774630543398,0.03509475436497328,0.0,0.0,0.0,-0.13520450545920717,0.0,0.0,0.2522988203038803,0.0002714704882477397,-0.00018676931102604947,0.0,0.0,0.0,-2.690744315670736e-05,0.0,0.0,-0.002992001042840638,0.0,0.0,0.0,0.0,-0.0014960328032274995,0.0,0.0,-0.00014064097136277215,0.0,0.0,0.0,0.0,0.0,0.0,0.0008414379541810653,0.0032536628410948674
0.018122006796380753,-7.24882090602485e-07,0.0,0.0,0.0,0.021455520463305715,0.0,0.0,0.26629048883081646,-0.26629048883081646,0.029658659152363383,0.0,0.0,0.0007459640250288557,-0.1350306652953392,0.0,0.0,0.2539705253699908,0.0,-0.00017107223195683544,0.0,0.0,0.0,-2.464599955839421e-05,0.0,0.0,-0.002989192151985896,0.0,0.0,0.0,0.0,-0.0013702983071617906,0.0,0.0,-0.0001288207615235626,0.0,0.0,0.0,0.0,0.0,0.0,0.0007707190655903393,0.0029802078360908263
0.022087937103714723,-8.485888692741124e-07,0.0,0.0,0.0,0.02961342495728415,0.0,0.0,0.2655450108972218,-0.2655450108972218,0.030223787806357875,0.0,0.0,0.0,-0.13004670109979288,0.0,0.0,0.24749946554981006,0.0,-0.00020026704171955992,0.0,0.0,0.0,-2.8852031480050918e-05,0.0,0.0,-0.0030626867911612192,0.0,0.0,0.0,0.0,-0.001604150393722899,0.0,0.0,-0.00015080502853843765,0.0,0.0,0.0,0.0,0.0,0.0,0.0009022482813083649,0.0034888035317967533
0.009984890922225544,-4.781210566179825e-07,0.0,0.000984052751391226,0.0,0.0,0.0,0.0,0.26622173501271557,-0.26622173501271557,0.03273007245991424,0.0,0.0,0.0,-0.1462920740447054,0.0,0.0,0.2722474076337472,0.0,-0.0001128366079967797,0.0,0.0,0.0,-1.6256121516910014e-05,0.0,0.0,-0.0017256118925205095,0.0,0.0,0.0,0.0,-0.0009038276472763806,0.0,0.0,-8.496818918892981e-05,0.0,0.0,0.0,0.0,0.0,0.0,0.0005083544189778522,0.0019656991640511256
0.011424432754734894,-4.7659681828438704e-07,0.0,0.0,0.0,0.0,0.0,0.0,0.2648825687700902,-0.2648825687700902,0.03434233210904532,0.0,0.0,0.0,-0.14766491523865916,0.0,0.0,0.2711342605967054,0.0,-0.00011247688762688395,0.0,0.0,0.0,-1.620429739574093e-05,0.0,0.0,-0.0018427251355404323,0.0,0.0,0.0,0.0,-0.0009009462666555668,0.0,0.0,-8.46973126623571e-05,0.0,0.0,0.0,0.0002452289037710078,0.0,0.0,0.0005067337974182421,0.0019594325627862556
0.012756385633347387,-5.102567055807033e-07,0.0,0.0,0.0,0.0,0.0,0.0,0.26311126318209843,-0.26311126318209843,0.03703032470926042,0.0,0.0,0.0,-0.14667297151748063,-0.001050193268195059,0.0,0.2705921288039942,0.0,-0.00012042062374872741,0.0,0.0,0.0,-1.7348733957487276e-05,0.0,0.0,-0.0018415943560752216,0.0,0.0,0.0,0.0,-0.0009645760447661875,0.0,0.0,-9.067910248793386e-05,0.0,0.0,0.0,0.0,0.0,0.0,0.0005425221238525884,0.002097818461931647
0.01133710177813684,-4.9416855828936e-07,0.0,0.0,0.0,0.0,0.0,0.0,0.2649863040510225,-0.2649863040510225,0.03382861410587325,0.0,0.0,0.0,-0.14713384953111855,0.0,0.0,0.27121422041371485,0.0,-0.00011662381968795537,0.0,0.0,0.0,-1.6801736761421536e-05,0.0,0.0,-0.0017835297761737646,0.0,0.0,0.0,0.0,-0.0009341634283082827,0.0,0.0,-8.782003421677329e-05,0.0,0.0,0.0,0.0,0.0,-0.0010170811820660367,0.0005254166635188143,0.002031675259819984
0.01133639901910299,-4.7292428598413217e-07,0.0,0.0,0.0,0.0,0.0,0.0,0.26511261810931724,-0.26511261810931724,0.03407769894512585,0.0,0.0,0.0,-0.1474192912978301,0.0,0.0,0.27131613600928495,0.0,-0.00011161016970726202,0.0,0.0,0.0,-1.6079431254579905e-05,0.0,0.0,-0.0018285255703710198,0.0,0.0,0.0,0.0,-0.000894003806827578,0.0002433392330147131,0.0,-8.404465699080435e-05,0.0,0.0,0.0,0.0,0.0,0.0,0.0005028290373207065,0.0019443336802487945
0.011360403579754381,-4.6723940209710406e-07,0.0,0.0,0.0,0.0,0.0,0.0,0.26529157495280914,-0.26529157495280914,0.033587922897630934,0.0,0.0,0.0,-0.14761058932126922,0.0,0.0,0.2713403841456237,0.0,-0.00011026853665055202,0.0,0.0,0.00016027608239511059,-1.5886145135932986e-05,0.0,0.0,-0.001846614422346421,0.0,0.0,0.0,0.0,-0.0008832572497422301,0.0,0.0,-8.303438086314983e-05,0.0,0.0,0.0,0.0,0.0,0.0,0.0004967846772044864,0.0019209614163633586
0.011027761601207211,-4.701404645627723e-07,0.0,0.0,0.0,0.0,0.0,0.0,0.2651647715210536,-0.2651647715210536,0.03411901082595078,0.0,0.0,0.0,-0.1475997853890311,0.0,0.0,0.2713317730345097,0.0,-0.00011095318762687228,0.0,0.00024190684100271485,0.0,-1.5984781293695286e-05,0.0,0.0,-0.0018177621378234388,0.0,0.0,0.0,0.0,-0.0008887413429998959,0.0,0.0,-8.354993653889317e-05,0.0,0.0,0.0,0.0,0.0,0.0,0.0004998691845771278,0.001932888554866653
0.0116345196587787,-4.785134586893165e-07,0.0,0.0,0.0,0.0,0.0,0.0,0.26479879374502174,-0.26479879374502174,0.03439836855324811,0.0,0.0,0.0,-0.14764321390967117,0.0,0.0,0.27115769853130944,0.0001641433966994917,-0.00011292921491732291,0.0,0.0,0.0,-1.626946319192474e-05,0.0,0.0,-0.0018090998298573723,0.0,0.0,0.0,0.0,-0.0009045694339766548,0.0,0.0,-8.503792402485418e-05,0.0,0.0,0.0,0.0,0.0,0.0,0.0005087716340831434,0.0019673124467395092
0.0110253610242481,-4.410155474889383e-07,0.0,0.0,0.0,0.0,0.0,0.0,0.26643780148102963,-0.26643780148102963,0.031097675332158303,0.0,0.0,0.00045384171739119676,-0.14741944198555937,0.0,0.0,0.27199584012662026,0.0,-0.00010407970484398638,0.0,0.0,0.0,-1.4994533772552406e-05,0.0,0.0,-0.001818613303526385,0.0,0.0,0.0,0.0,-0.0008336843550015701,0.0,0.0,-7.83740685661536e-05,0.0,0.0,0.0,0.0,0.0,0.0,0.00046890259130140686,0.0018131472794037798
0.011855850304058165,-4.554858408262969e-07,0.0,0.0,0.0,0.0,0.0,0.0,0.2658053149781016,-0.2658053149781016,0.032118030480017476,0.0,0.0,0.0,-0.1473347705229417,0.0,0.0,0.27201445294992915,0.0,-0.00010749469524088607,0.0,0.0,0.0,-1.5486523915260937e-05,0.0,0.0,-0.0016439179427995099,0.0,0.0,0.0,0.0,-0.0008610386222974231,0.0,0.0,-8.0945623625044e-05,0.0,0.0,0.0,0.0,0.0,0.0,0.0004842878947933413,0.0018726389983379393
0.020388910171130432,-7.833145370982257e-07,0.0,0.0,0.0,0.023991137000527817,0.0,0.0,0.2651853707871216,-0.2651853707871216,0.03124333556248649,0.0,0.0,0.0,-0.13342094545701927,0.0,0.0,0.25187230015054013,0.0,-0.00018486229405150856,0.0,0.0,0.0,-2.6632703422650204e-05,0.0,0.0,-0.0028271017602993767,0.0,0.0,0.0,0.0,-0.0014807574888059192,0.0,0.0,-0.00013920495000449174,0.0,0.0,0.0,0.0,0.0,0.0,0.0008328464117438689,0.0032204411611876397
0.01683656740055535,-5.407746036386046e-07,0.0,0.0,0.0,0.032610595656164115,0.0,0.0,0.27913446593198404,-0.27913446593198404,0.0,0.0,0.0,0.0,-0.12961260133944322,0.005521468275780878,0.0,0.2511349220963276,0.0,-0.00012762285015641408,0.0,0.0,0.0,-1.8386342848380152e-05,0.0,0.0,-0.0019517381096173707,0.0,0.0,0.0,0.0,-0.0010222662878954123,0.0,0.0,-9.610252088781427e-05,0.0,0.0,0.0,0.0,0.0,0.0,0.0005749697814508298,0.0022232867003007116
0.020324604727018934,-7.772753216721264e-07,0.0,0.0,0.0,0.024270616702700195,0.0,0.0,0.265555963731401,-0.265555963731401,0.030352229087996917,0.0,0.0,0.0,-0.13332118793705705,0.00018577883645386138,0.0,0.25178819798651636,0.0,-0.00018343703872294572,0.0,0.0,0.0,-2.6427370027530754e-05,0.0,0.0,-0.0028053053097634255,0.0,0.0,0.0,0.0,-0.0014693411125672798,0.0,0.0,-0.00013813170465841297,0.0,0.0,0.0,0.0,0.0,0.0,0.000826425314395149,0.003195612133998207
0.004190200567125482,-3.979782107633491e-07,0.0,0.0,0.0,0.024859656200059754,0.0,0.0,0.27894507756664016,-0.27894507756664016,0.0,0.0,0.0,0.0,-0.14130475540355525,0.012527808766754307,0.0,0.2501385449156892,0.0,-9.392288989908258e-05,0.0,0.0,0.0,-1.3531263820536162e-05,0.0,0.0,-0.00299044998024148,0.0,0.0,0.0,0.0,-0.0007523276896564371,0.0,0.0,-7.072578677962413e-05,0.0,0.0,0.0,0.0031081717091272147,0.0,0.0,0.00042314384463534713,0.0016362078711650177
0.0034304702640229217,-5.1790326545612e-07,0.0,0.0,0.0,0.016171659249287915,0.0,0.0,0.27806092325897563,-0.27806092325897563,0.0,0.0,0.0,0.0,-0.13939240313248824,0.010235722817250378,0.0,0.25877544011210846,0.0,-0.00012222521249721183,0.0,0.0,0.0,-1.7608717082682324e-05,0.0,0.0,-0.001869191958136977,0.0,0.0,0.0,0.0,-0.0009790309032717767,0.0,0.0,-9.203799337371637e-05,0.0,0.0,0.0,0.0,0.0,-0.010111937250708643,0.000550652203983639,0.0021292557645706373
0.0038147337308860286,-3.623170014026569e-07,0.0,0.0,0.0,0.0226320834827375,0.0,0.0,0.2803601133805518,-0.2803601133805518,0.0,0.0,0.0,0.0,-0.139018434749102,0.011405242758919278,0.0,0.2541348169984176,0.0,-8.550684160832806e-05,0.0,0.0,0.0,-1.231878228519443e-05,0.0,0.0,-0.0027224879161286716,0.0,0.0,0.0,0.0,-0.0006849146642115908,0.0028296610795237364,0.0,-6.438833658427257e-05,0.0,0.0,0.0,0.0,0.0,0.0,0.0003852276451421989,0.0014895939363485599
0.006447563165545378,-3.690467886689169e-07,0.0,0.0,0.0,0.02273221207773883,0.0,0.0,0.2798031680893773,-0.2798031680893773,0.0,0.0,0.0,0.0,-0.1401594958175574,0.00969560719192272,0.0,0.2540514950218981,0.0,-8.7095071946971e-05,0.0,0.0,0.001601233374176772,-1.2547595130955974e-05,0.0,0.0,-0.0029331795802866882,0.0,0.0,0.0,0.0,-0.0006976364795496554,0.0,0.0,-6.558430532425156e-05,0.0,0.0,0.0,0.0,0.0,0.0,0.0003923829817420626,0.0015172621116368507
0.0010011254436833247,-3.682213370573446e-07,0.0,0.0,0.0,0.02587667040252684,0.0,0.0,0.28109451106101707,-0.28109451106101707,0.0,0.0,0.0,0.0,-0.1393667037411134,0.011591103155232886,0.0,0.25156607258515845,0.0,-8.690026529993869e-05,0.0,0.002875773375490623,0.0,-1.2519529766508388e-05,0.0,0.0,-0.0027668537129596927,0.0,0.0,0.0,0.0,-0.0006960760672279199,0.0,0.0,-6.543761208050593e-05,0.0,0.0,0.0,0.0,0.0,0.0,0.0003915053337728152,0.0015138684323157394
0.007073737410186308,-4.316901059996255e-07,0.0,0.0,0.0,0.026122600673370626,0.0,0.0,0.278130853759089,-0.278130853759089,0.0,0.0,0.0,0.0,-0.1404206982604466,0.012746148441365427,0.0,0.24941277424233574,0.0021071614888233526,-0.00010187889989895916,0.0,0.0,0.0,-1.4677468652849411e-05,0.0,0.0,-0.0026116162471056937,0.0,0.0,0.0,0.0,-0.0008160557822281407,0.0,0.0,-7.671681907720812e-05,0.0,0.0,0.0,0.0,0.0,0.0,0.00045898746766400697,0.0017748075905609263
0.010554162659442133,-4.0362360234205933e-07,0.0,0.0,0.0,0.023110787052523705,0.0,0.0,0.27974970134055877,-0.27974970134055877,0.0,0.0,0.0,0.0026268847305512145,-0.13621659967441588,0.005350240712816831,0.0,0.2568390662628218,0.0,-9.525520276783835e-05,0.0,0.0,0.0,-1.3723207200238384e-05,0.0,0.0,-0.0027701815710954557,0.0,0.0,0.0,0.0,-0.0007629995915062157,0.0,0.0,-7.172904462210127e-05,0.0,0.0,0.0,0.0,0.0,0.0,0.0004291462151985635,0.0016594177703179818
0.0,-2.5627775924794765e-07,0.0,0.0,0.0,0.0,0.0,0.0,0.27451256229749127,-0.27451256229749127,0.023074109013438145,0.0,0.0,0.0,-0.14621029918337405,0.0,0.0,0.2763384506221356,0.0,-6.0481571891235024e-05,0.0,0.0,0.0,-8.713446811744866e-06,0.0,0.0,-0.0017587779436848625,0.0,0.0,0.0,0.0,-0.00048446083054528124,0.0,0.0,-4.554381538166214e-05,0.0,0.0,0.0,0.0016676647645024383,0.0,0.0,0.00027248314960436824,0.0010536347858887405
0.0,-1.8456406421544792e-07,0.0,0.0,0.0,0.0,0.0,0.0,0.2751190278320821,-0.2751190278320821,0.01108712923728346,0.0,0.0,0.0,-0.15340928317369823,0.008848316479157795,0.0,0.27090378366334417,0.0,-4.3557134068685376e-05,0.0,0.0,0.0,-6.275180341907286e-06,0.0,0.0,-0.0018196423939874288,0.0,0.0,0.0,0.0,-0.00034889512106323973,0.0,0.0,-3.2799380216935114e-05,0.0,0.0,0.0,0.002307045014245062,0.0,0.0,0.00019623473245898088,0.0007587982619055795
0.0,-6.887489597471529e-08,0.0,0.0,0.0,0.0,0.0,0.0,0.28057825978421636,-0.28057825978421636,0.0,0.0,0.0,0.002068725773140533,-0.15137569925563799,0.007439431699589499,0.0,0.27486777989753775,0.0,-1.6254481015521194e-05,0.0,0.0,0.0,-2.3417472686715335e-06,0.0,0.0,-0.0017134099217003924,0.0,0.0,0.0,0.0,-0.00013019931735608705,0.0,0.0,-1.2239944487998867e-05,0.0,0.0,0.0,0.0008609340395735313,0.0,0.0,7.323011032614193e-05,0.00028316536903703074
0.0,-2.765476504344695e-07,0.0,0.0,0.0,0.01661276561971927,0.0,0.0,0.27933154068131005,-0.27933154068131005,0.0,0.0,0.0,0.0,-0.14680202903271566,0.013258166713078239,0.0,0.2564027249906988,0.0,-6.526526784917816e-05,0.0,0.0,0.0,-9.402623349154553e-06,0.0,0.0,-0.00272652117207797,0.0,0.0,0.0,0.0,-0.0005227785072258552,0.0,0.0,-4.9146032697415115e-05,0.0,0.0,0.0,0.003456836957118916,0.0,0.0,0.0002940347809626619,0.001136970392236212
0.0,-6.891442116763496e-08,0.0,0.0,0.0,0.0,0.0,0.0,0.28054138906396514,-0.28054138906396514,0.0,0.0,0.0,0.001970969957267981,-0.1514526748328488,0.0075624325546116405,0.0,0.27482763210781164,0.0,-1.62638089642441e-05,0.0,0.0,0.0,-2.343091125693072e-06,0.0,0.0,-0.0016847102969002623,0.0,0.0,0.0,0.0,-0.00013027403475585487,0.0,0.0,-1.2246968617187998e-05,0.0,0.0,0.0,0.0009010053009339714,0.0,0.0,7.327213484316236e-05,0.0002833278689679703
0.0,-1.7109008916247033e-07,0.0,0.0,0.0,0.0,0.0,0.0,0.2756679419843051,-0.2756679419843051,0.009786440051647664,0.0,0.0,0.0,-0.15336181587923872,0.008988400368274809,0.0,0.2712691480817555,0.0,-4.0377274867407857e-05,0.0,0.0,0.0,-5.8170650325202205e-06,0.0,0.0,-0.0017359287072270513,0.0,0.0,0.0,0.0,-0.0003234242680166572,0.0,0.0,-3.0404883581445873e-05,0.0,0.0,0.0,0.002236876907050743,0.0,0.0,0.00018190874814063852,0.0007034027064673134
0.0,-2.421976820406296e-07,0.0,0.0,0.0,0.013853830502641258,0.0,0.0,0.2794090062610503,-0.2794090062610503,0.0,0.0,0.0,0.0,-0.14783212144907995,0.012724113624033534,0.0,0.25932817750160014,0.0,-5.715867253255661e-05,0.0,0.0,0.0,-8.234724022021515e-06,0.0,0.0,-0.002457406569464833,0.0,0.0,0.0,0.0,-0.00045784421770296487,0.0,0.0,-4.3041606689142605e-05,0.0,0.0,0.0,0.003166556312817346,0.0,0.0,0.0002575127370512804,0.0009957473625822318
0.0,-6.465796189453212e-08,0.0,0.0,0.0,0.0,0.0,0.0,0.28022686689292964,-0.28022686689292964,0.0,0.0,0.0,0.0,-0.15226907594274547,0.00931442426042274,0.0,0.2748660168228561,0.0,-1.5259284231845397e-05,0.0,0.0,0.0,-2.198371460625855e-06,0.0,0.0,-0.0010258848999201292,0.0,0.0,0.0,0.0,-0.00012222773452020115,0.0,0.0,-1.1490541700226367e-05,0.0,0.0,0.0,0.0015850488870213513,0.0,0.0,6.874652391109678e-05,0.00026582828738890365
0.0,-4.611786490548369e-07,0.0,0.0,0.0,0.041522473328112874,0.0,0.0,0.28928361388804624,-0.28928361388804624,0.0,0.0,0.0,0.0,-0.11923232739633191,0.0,0.0,0.2510468751993945,0.0,-0.00010883819844283321,0.0,0.0,0.0,-1.5680079461611938e-05,0.0,0.0,-0.0031649677226625135,0.0,0.0,0.0,0.0,-0.0008718001593524791,0.0,0.0,-8.195730800891201e-05,0.0,0.0,0.0,0.003001007131584503,0.0,0.0,0.0004903406803364889,0.0018960438415696933
0.0,-6.786749318444581e-07,0.0,0.0,0.0,0.020890242349082704,0.0,0.0,0.2578927306895298,-0.2578927306895298,0.062296183100272545,0.0,0.0,0.0,-0.09422951654605634,-0.035330487474508704,0.0,0.26391936168313174,0.0,-0.00016016733875613646,0.0,0.0,0.0,-2.3074955620202205e-05,0.0,0.0,-0.002449441448637291,0.0,0.0,0.0,0.0,-0.0012829494924431735,0.0,0.0,-0.00012060916207005452,0.0,0.0,0.0,0.0,0.0,0.0,0.0007215900573236686,0.002790236338105948
0.0,-3.4862340463154826e-07,0.0,0.0,0.0,0.020093656005188622,0.0,0.0,0.28580608693364373,-0.28580608693364373,0.0,0.0,0.0,0.002340676261329887,-0.13053679230874865,0.0,0.0,0.2658796046364907,0.0,-8.227515166382491e-05,0.0,0.0,0.0,-1.1853199834822308e-05,0.0,0.0,-0.0024285732255561045,0.0,0.0,0.0,0.0,-0.0006590286439640627,0.0,0.0,-6.195481037784546e-05,0.0,0.0,0.0,0.0,0.0,-0.004489099664429735,0.00037066815161239207,0.0014332954501111539
0.0,-5.920700589633821e-07,0.0,0.0,0.0,0.03147509813922508,0.0,0.0,0.28662737157740614,-0.28662737157740614,0.0,0.0,0.0,0.0,-0.12032438239750726,0.0,0.0,0.2580863127337585,0.0,-0.00013972858175802987,0.0,0.0,0.0,-2.0130388929352207e-05,0.0,0.0,-0.002136871239638487,0.0,0.0,0.0,0.0,-0.001119233886499227,0.0,0.0,-0.00010521837531890326,0.0,0.0,0.0,0.0,0.0,-0.010274002481761284,0.0006295088380911787,0.002434177712641339
0.0,-5.767845374628504e-07,0.0,0.0,0.0,0.017753961735489595,0.0,0.0,0.2792274891064733,-0.2792274891064733,0.012908541201436597,0.0,0.0,0.0,-0.13012649910351257,0.0,0.0,0.2643318183322939,0.0,-0.0001361211974487462,0.0,0.0,0.0,-1.9610681019561236e-05,0.0,0.0,-0.00208170345876041,0.0,0.0,0.0,0.0,-0.0010903385330233884,0.0,0.0,-0.00010250194385299869,0.0,0.0,0.0,0.0,0.0,-0.01000875771308233,0.0006132567565448418,0.00237133434605084
0.0,-5.401768388181355e-07,0.0,0.0,0.0,0.01662714289977408,0.0,0.0,0.27963919691062655,-0.27963919691062655,0.0,0.0,0.0,0.0,-0.13697912222937703,0.00906694076433367,0.0,0.2596443061121062,0.0,-0.00012748177761048055,0.0,0.0,0.0,-1.8366018837493004e-05,0.0,0.0,-0.0019495806851139862,0.0,0.0,0.0,0.0,-0.0010211362887794337,0.0,0.0,-9.599629048098933e-05,0.0,0.0,0.0,0.0,0.0,-0.012395829608029957,0.0005743342177504055,0.0022208291097143298
0.0,-4.1554637691825817e-07,0.0,0.005194316678775355,0.0,0.01744255266054667,0.0,0.0,0.28303441567259385,-0.28303441567259385,0.0,0.0,0.0,0.0011629126732309188,-0.13409898378657462,0.0066648783846236966,0.0,0.2641640399536981,0.0,-9.806897853125017e-05,0.0,0.0,0.0,-1.4128581675272799e-05,0.0,0.0,-0.002081226656241635,0.0,0.0,0.0,0.0,-0.000785538095395666,0.0,0.0,-7.384787321545655e-05,0.0,0.0,0.0,0.0,0.0,0.0,0.00044182291089810095,0.0017084358750285005
0.0,-4.3475865835497744e-07,0.0,0.004217791067595209,0.0,0.02068234492601935,0.0,0.0,0.2815200253952385,-0.2815200253952385,0.0,0.0,0.0,0.0,-0.13664885165920568,0.010623056512077494,0.0,0.2581271652213974,0.0012166785265879674,-0.00010260307850277892,0.0,0.0,0.0,-1.4781799468819848e-05,0.0,0.0,-0.0021774496399428788,0.0,0.0,0.0,0.0,-0.0008218564940300852,0.0,0.0,-7.726213983532315e-05,0.0,0.0,0.0,0.0,0.0,0.0,0.0004622500559313847,0.001787423330270089
0.0,-5.374148528303528e-07,0.0,0.006717668805538446,0.0,0.02556590683359769,0.0,0.0,0.284826705488016,-0.284826705488016,0.0,0.0,0.0,0.0,-0.12605172957094207,0.005611579547920234,0.0,0.2604221606450737,0.0,-0.0001268299486941794,0.0,0.0,0.0,-1.8272111281605384e-05,0.0,0.0,-0.0019396122559860022,0.0,0.0,0.0,0.0,-0.001015915102089171,0.0,0.0,-9.550545046317639e-05,0.0,0.0,0.0,0.0,0.0,0.0,0.0005713975811756098,0.0022094737563531754
0.0,-3.9638363004257314e-07,0.0,0.004003966849763039,0.0,0.018856767546822303,0.0,0.0,0.2823430115320441,-0.2823430115320441,0.0,0.0,0.0,0.0,-0.13671011426554402,0.008893039897589727,0.0,0.2605395708982189,0.0,-9.354656872012815e-05,0.0,0.0,0.00095081609406388,-1.3477048057380248e-05,0.0,0.0,-0.002381425134461011,0.0,0.0,0.0,0.0,-0.0007493133356109453,0.0,0.0,-7.044240951672277e-05,0.0,0.0,0.0,0.0,0.0,0.0,0.00042144843267930975,0.00162965207123432
0.0,-5.278877662542286e-07,0.0,0.002166675390581263,0.0,0.016248873875739585,0.0,0.0,0.2797774057373946,-0.2797774057373946,0.0,0.0,0.0,0.0,-0.13711284773709187,0.009944004726693934,0.0,0.2602374005360947,0.0,-0.00012458155549237063,0.0,0.0,0.0,-1.794819022659245e-05,0.0,0.0,-0.0019052275459439014,0.0,0.0,0.0,0.0,-0.000997905344672491,0.0,0.0,-9.38123660791807e-05,0.0,0.0,0.0,0.0,0.0,-0.008863810263103712,0.0005612680616869357,0.002170305044037932
0.0,-5.278877662542286e-07,0.0,0.0065985805221331194,0.0,0.016248873875739585,0.0,0.0,0.2797774057373946,-0.2797774057373946,0.008863810263103712,0.0,0.0,0.0,-0.13268094260554003,0.0055120995951420775,0.0,0.2646693056676465,0.0,-0.00012458155549237063,0.0,0.0,0.0,-1.794819022659245e-05,0.0,0.0,-0.0019052275459439014,0.0,0.0,0.0,0.0,-0.000997905344672491,0.0,0.0,-9.38123660791807e-05,0.0,0.0,0.0,0.0,0.0,0.0,0.0005612680616869357,0.002170305044037932
0.0,-3.874600838416587e-07,0.0,0.0026746133617136427,0.0,0.020600882017638746,0.0,0.0,0.28197633035988107,-0.28197633035988107,0.0,0.0,0.0,0.0,-0.1367821121262546,0.010551658127067693,0.0,0.257875504638182,0.0,-9.14406110956384e-05,0.0,0.0,0.0,-1.3173647382183191e-05,0.0,0.0,-0.002482715366951955,0.0,0.0,0.0,0.0,-0.0007324444952691598,0.0021686255344693477,0.0,-6.88565819290429e-05,0.0,0.0,0.0,0.0,0.0,0.0,0.0004119606176554833,0.0015929646945444364
0.0,-4.160301836913194e-07,0.0,0.0028718310210032205,0.0,0.022119926896789564,0.0,0.0,0.2810354099660082,-0.2810354099660082,0.0,0.0,0.0,0.0,-0.13833004390402742,0.011329704534534545,0.0,0.25515746441689063,0.0,-9.818315696878699e-05,0.0,0.0,0.0,-1.4145031111215276e-05,0.0,0.0,-0.002665783065768361,0.0,0.0,0.0,0.0,-0.0007864526711738704,0.0,0.0,-7.393385182872896e-05,0.0,0.0,0.0,0.0023285332272618598,0.0,0.0,0.0004423373105623968,0.0017104249498793255
0.010665636834034646,-4.2662654377803074e-07,0.0,0.0,0.0,0.025018067046909558,0.0,0.0,0.279915634561302,-0.279915634561302,0.0,0.0,0.0,0.002971526822842637,-0.13500820223026772,0.0050649851766014315,0.0,0.25520927898954004,0.0,-0.0001006838988054978,0.0,0.0,0.0,-1.450530747809394e-05,0.0,0.0,-0.0030255237449564863,0.0,0.0,0.0,0.0,-0.0008064837555076396,0.0,0.0,-7.58169597071613e-05,0.0,0.0,0.0,0.0,0.0,0.0,0.00045360371767958895,0.001753989766521726
0.006701187359895039,-4.604936848510749e-07,0.0,0.0,0.0,0.028607799323370254,0.0,0.0,0.2780807094978872,-0.2780807094978872,0.0,0.0,0.0,0.0,-0.1397117288970495,0.013485604944905135,0.0,0.24660194917045725,0.002405562938314079,-0.00010867654683539633,0.0,0.0,0.0,-1.5656790670672985e-05,0.0,0.0,-0.0028647734856360723,0.0,0.0,0.0,0.0,-0.0008705053207834901,0.0,0.0,-8.183558116327886e-05,0.0,0.0,0.0,0.0,0.0,0.0,0.0004896124033133284,0.0018932277481471113
0.006061207306980844,-3.857437066142545e-07,0.0,0.0,0.0,0.024411812268879434,0.0,0.0,0.2799595427577758,-0.2799595427577758,0.0,0.0,0.0,0.0,-0.13953462514455786,0.009953158704704932,0.0,0.2522472100642281,0.0,-9.103554593127783e-05,0.0,0.0,0.0017911805811804313,-1.3115290536377436e-05,0.0,0.0,-0.003183388513428744,0.0,0.0,0.0,0.0,-0.0007291999002658424,0.0,0.0,-6.855155987875034e-05,0.0,0.0,0.0,0.0,0.0,0.0,0.0004101357075493361,0.00158590815261974
0.0023335229535565716,-5.685384274962749e-07,0.0,0.0,0.0,0.01750013884096956,0.0,0.0,0.2779867871415947,-0.2779867871415947,0.0,0.0,0.0,0.0,-0.13833730317779194,0.01070975531493444,0.0,0.2569420792688497,0.0,-0.0001341751148303012,0.0,0.0,0.0,-1.9330313184254707e-05,0.0,0.0,-0.002051941988880777,0.0,0.0,0.0,0.0,-0.0010747503005724022,0.0,0.0,-0.00010103650529509697,0.0,0.0,0.0,0.0,0.0,-0.011879902071922738,0.0006044892145534099,0.0023374321130418423
0.0031302784078767773,-3.778919823594565e-07,0.0,0.0,0.0,0.024265859758410533,0.0,0.0,0.2805780282282722,-0.2805780282282722,0.0,0.0,0.0,0.0,-0.13827367936692356,0.011856230268808917,0.0,0.2523769407725549,0.0,-8.918253837268094e-05,0.0,0.0,0.0,-1.2848331819883907e-05,0.0,0.0,-0.0029431192225168375,0.0,0.0,0.0,0.0,-0.0007143572043375868,0.0031584987237996405,0.0,-6.715620867489397e-05,0.0,0.0,0.0,0.0,0.0,0.0,0.00040178748973655884,0.0015536273576403459
0.0034781610356299985,-4.1988890362348245e-07,0.0,0.0,0.0,0.026962639391878623,0.0,0.0,0.27900449235203767,-0.27900449235203767,0.0,0.0,0.0,0.0,-0.14077245536594135,0.01317386915063546,0.0,0.24766928481776557,0.0,-9.909381518458426e-05,0.0,0.0,0.0,-1.4276227634038752e-05,0.0,0.0,-0.003270201965810155,0.0,0.0,0.0,0.0,-0.0007937470952731879,0.0,0.0,-7.46195954091149e-05,0.0,0.0,0.0,0.0035095176085818114,0.0,0.0,0.00044644003162427285,0.0017262893056527646
0.0,0.0,0.0,0.0,0.0,0.0,0.0,0.0,0.2857142857142857,-0.2857142857142857,0.0,0.0,0.0,0.0,-0.14285714285714285,0.0,0.0,0.2857142857142857,0.0,0.0,0.0,0.0,0.0,0.0,0.0,0.0,0.0,0.0,0.0,0.0,0.0,0.0,0.0,0.0,0.0,0.0,0.0,0.0,0.0,0.0,0.0,0.0,0.0
0.0,-5.720861689179513e-07,0.0,0.005956337055315799,0.0,0.0343836238470262,0.0,0.0,0.28886563335980353,-0.28886563335980353,0.0,0.0,0.0,0.0,-0.11626312445815778,0.0,0.0,0.2593024631072513,0.0,-0.00013501238209249474,0.0,0.0,0.0,-1.9450936434084564e-05,0.0,0.0,-0.0020647463293382686,0.0,0.0,0.0,0.0,-0.0010814568589594777,0.0,0.0,-0.00010166698404130131,0.0,0.0,0.0,0.0,0.0,0.0,0.0006082612927836748,0.0023520179428235055
0.0,-7.752673219204919e-07,0.0,0.0,0.0,0.09502593104918278,0.0,0.0,0.2945973061375083,-0.2945973061375083,0.0,0.0,0.0,0.0,-0.036478244206286335,-0.04035889808404673,0.0,0.23031919165220416,0.0,-0.00018296315061930204,0.0,0.0,0.0,-2.635909801249048e-05,0.0,0.0,-0.0027980581320797893,0.0,0.0,0.0,0.0,-0.0014655452419062196,0.0,0.0,-0.0001377748575787318,0.0,0.0,0.0,0.0,0.0,0.0,0.000824290341394231,0.003187356644350621
0.021071506442652606,-8.428623724688306e-07,0.0,0.0,0.0,0.059433415801255426,0.0,0.0,0.28283530687568953,-0.28283530687568953,0.0,0.0,0.0,0.0008673755581264793,-0.10912410141755945,0.0,0.0,0.23402433208761286,0.0,-0.00019891558801077947,0.0,0.0,0.0,-2.865733052169669e-05,0.0,0.0,-0.0034757067689366976,0.0,0.0,0.0,0.0,-0.0015933251726559486,0.0,0.0,-0.00014978735726626493,0.0,0.0,0.0,0.0,0.0,0.0,0.0008961596769351977,0.003465260184714933
0.022859355151945704,-9.401771124183416e-07,0.0,0.0,0.0,0.0675854737855814,0.0,0.0,0.28324006581883143,-0.28324006581883143,0.0,0.0,0.0,0.0,-0.10398541551873479,0.0,0.0,0.2281484866804156,0.00032250684265845063,-0.0002218818745024557,0.0,0.0,0.0,-3.196603281813148e-05,0.0,0.0,-0.003554496165626431,0.0,0.0,0.0,0.0,-0.0017772864335885658,0.0,0.0,-0.00016708142352929545,0.0,0.0,0.0,0.0,0.0,0.0,0.0009996279877327729,0.003865350288091091
0.02161735400855403,-9.216007040891175e-07,0.0,0.0,0.0,0.06688236127316394,0.0,0.0,0.2836502491865644,-0.2836502491865644,0.0,0.0,0.0,0.0,-0.10438087195875319,0.0,0.0,0.22885685571200384,0.0,-0.000217497840635678,0.0,0.0004742019285649246,0.0,-3.1334434717676165e-05,0.0,0.0,-0.0035632986146865563,0.0,0.0,0.0,0.0,-0.0017421700729877336,0.0,0.0,-0.00016378015964325525,0.0,0.0,0.0,0.0,0.0,0.0,0.0009798769244148413,0.0037889770980414333
0.022014476648500078,-9.054283005453073e-07,0.0,0.0,0.0,0.06508752432169351,0.0,0.0,0.28333151263299444,-0.28333151263299444,0.0,0.0,0.0,0.0,-0.10557740253046229,0.0,0.0,0.2299655233599112,0.0,-0.00021368115209251538,0.0,0.0,0.00031058703578878684,-3.078457280804113e-05,0.0,0.0,-0.003578416012612086,0.0,0.0,0.0,0.0,-0.001711598180695014,0.0,0.0,-0.00016090611796504463,0.0,0.0,0.0,0.0,0.0,0.0,0.0009626818799942025,0.003722487493187729
0.023508999104673755,-9.031841622116058e-07,0.0,0.0,0.0,0.06368693349140578,0.0,0.0,0.28262926474847133,-0.28262926474847133,0.0,0.0,0.0,0.0,-0.10624517664198792,0.0,0.0,0.23125444850525018,0.0,-0.00021315153526442254,0.0,0.0,0.0,-3.07082720784488e-05,0.0,0.0,-0.0032597295389435103,0.0,0.0,0.0,0.0,-0.0017073559197817226,0.0,0.0,-0.00016050730605775724,0.0,0.0,0.0,0.0,0.0,0.0,0.0009602958364955029,0.003713261166956093
0.021604165236906035,-9.416956288383512e-07,0.0,0.0,0.0,0.06446435633913161,0.0,0.0,0.2830514823328994,-0.2830514823328994,0.0,0.0,0.0,0.0,-0.10496093572529712,0.0,0.0,0.2304551445415688,0.0,-0.00022224024450028283,0.0,0.0,0.0,-3.201766239417172e-05,0.0,0.0,-0.003398723301903038,0.0,0.0,0.0,0.0,-0.0017801569976523119,0.0,0.0,-0.00016735128319909234,0.0,0.0,0.0,0.0,0.0,-0.001938166415606924,0.001001242525561043,0.00387159336485187
0.018483785308027932,-8.850859794675111e-07,0.0,0.0018216543305447982,0.0,0.06058910780072986,0.0,0.0,0.2842525010059053,-0.2842525010059053,0.0,0.0,0.0,0.0,-0.10593786912510961,0.0,0.0,0.23481797064935106,0.0,-0.00020888036267437878,0.0,0.0,0.0,-3.0092933653481004e-05,0.0,0.0,-0.0031944104342022765,0.0,0.0,0.0,0.0,-0.0016731435844261542,0.0,0.0,-0.0001572910289369511,0.0,0.0,0.0,0.0,0.0,0.0,0.0009410532387347849,0.0036388541058185696
0.02203235182932533,-9.191308668543442e-07,0.0,0.0,0.0,0.06623018927153558,0.0,0.0,0.283520657516684,-0.283520657516684,0.0,0.0,0.0,0.0,-0.10441642458163716,0.0,0.0,0.22934703830070918,0.0,-0.00021691495884869442,0.0,0.0,0.0,-3.125046022280771e-05,0.0,0.0,-0.0035537491779748433,0.0,0.0,0.0,0.0,-0.0017375011567244527,0.00047293109448811194,0.0,-0.00016334123817237395,0.0,0.0,0.0,0.0,0.0,0.0,0.0009772509102389875,0.0037788228558876197
0.02525556363615138,-1.0102250801259915e-06,0.0,0.0,0.0,0.07331400516124605,0.0,0.0,0.28285770373923813,-0.28285770373923813,0.0,0.0,0.0,0.0,-0.09804471489323231,-0.002079211437903056,0.0,0.2243545927605403,0.0,-0.00023841320054174042,0.0,0.0,0.0,-3.434766453944254e-05,0.0,0.0,-0.0036460565546284933,0.0,0.0,0.0,0.0,-0.0019097032953296765,0.0,0.0,-0.00017952983777522806,0.0,0.0,0.0,0.0,0.0,0.0,0.0010741053474551943,0.0041533385071007055
0.022367328323037314,-9.331051914033704e-07,0.0,0.0,0.0,0.06723714289827146,0.0,0.0,0.283350128368665,-0.283350128368665,0.0,0.0,0.0,0.0,-0.10424351048963708,0.0,0.0,0.22835286176555555,0.0,-0.00022021290057147054,0.0,0.0,0.0,-3.1725587420912306e-05,0.0,0.0,-0.003607779834728672,0.0,0.0,0.0,0.0,-0.0017639178574838058,0.0,0.0,-0.0001658246532732861,0.0,0.0,0.0,0.0004801214662208354,0.0,0.0,0.0009921088830021577,0.0038362754982759427
0.019878035928711794,-7.951234321330053e-07,0.0,0.0,0.0,0.027747627787518152,0.0,0.0,0.26681577832531206,-0.26681577832531206,0.028319534656644448,0.0,0.0,0.000818248213769101,-0.13126294853026438,0.0,0.0,0.24908894637815085,0.0,-0.00018764919423394332,0.0,0.0,0.0,-2.703420599194448e-05,0.0,0.0,-0.0032788459723382245,0.0,0.0,0.0,0.0,-0.0015030807177632802,0.0,0.0,-0.00014130354075580657,0.0,0.0,0.0,0.0,0.0,0.0,0.0008454020268774903,0.0032689910729242835
0.02129578015872775,-8.758691994259639e-07,0.0,0.0,0.0,0.028762749022526884,0.0,0.0,0.2638665060203155,-0.2638665060203155,0.034199892840915715,0.0,0.0,0.0,-0.13107272822413285,0.0,0.0,0.24674307192875672,0.00030044744373968846,-0.0002067052018398047,0.0,0.0,0.0,-2.97795630242729e-05,0.0,0.0,-0.0033113693896906914,0.0,0.0,0.0,0.0,-0.0016557204224358815,0.0,0.0,-0.00015565308996847634,0.0,0.0,0.0,0.0,0.0,0.0,0.0009312536476102907,0.0036009611568004547
0.020160039986913885,-8.59471840959474e-07,0.0,0.0,0.0,0.02866650870503938,0.0,0.0,0.26452822873865334,-0.26452822873865334,0.03370703974833101,0.0,0.0,0.0,-0.1310511713069259,0.0,0.0,0.2471357211960097,0.0,-0.00020283542391671207,0.0,0.0004422340420551783,0.0,-2.9222052644635778e-05,0.0,0.0,-0.0033230821186057313,0.0,0.0,0.0,0.0,-0.001624723281190633,0.0,0.0,-0.00015273907094108885,0.0,0.0,0.0,0.0,0.0,0.0,0.0009138194235353945,0.0035335466947430364
0.020572604737700194,-8.461258853825783e-07,0.0,0.0,0.0,0.02807625026451941,0.0,0.0,0.26477428067909325,-0.26477428067909325,0.032748266829639196,0.0,0.0,0.0,-0.13141071546160588,0.0,0.0,0.2476518455483344,0.0,-0.00019968577732213457,0.0,0.0,0.00029024466154511106,-2.8768289998932755e-05,0.0,0.0,-0.003344042167795138,0.0,0.0,0.0,0.0,-0.0015994944328419634,0.0,0.0,-0.00015036732499376326,0.0,0.0,0.0,0.0,0.0,0.0,0.0008996295538379848,0.003478677465793916
0.020172781572303726,-8.793035981643787e-07,0.0,0.0,0.0,0.027065778330949416,0.0,0.0,0.26429791034296385,-0.26429791034296385,0.03312749298355434,0.0,0.0,0.0,-0.1311342433852773,0.0,0.0,0.2483138351574735,0.0,-0.0002075157202195898,0.0,0.0,0.0,-2.9896332621546252e-05,0.0,0.0,-0.0031735409372293665,0.0,0.0,0.0,0.0,-0.0016622127207536076,0.0,0.0,-0.00015626342627915885,0.0,0.0,0.0,0.0,0.0,-0.001809753226938966,0.0009349052160803239,0.0036150810007932583
0.017328158547379752,-8.297494222471174e-07,0.0,0.0017077624811240037,0.0,0.025540454946000938,0.0,0.0,0.2664807193351386,-0.2664807193351386,0.031260554626390914,0.0,0.0,0.0,-0.13057507066192264,0.0,0.0,0.25139744527825736,0.0,-0.00019582093069885322,0.0,0.0,0.0,-2.8211490060795002e-05,0.0,0.0,-0.00299469235044729,0.0,0.0,0.0,0.0,-0.0015685367915886555,0.0,0.0,-0.00014745701933230153,0.0,0.0,0.0,0.0,0.0,0.0,0.0008822175463831632,0.003411348910713753
0.020550773935295377,-8.573233946152953e-07,0.0,0.0,0.0,0.028153721636314834,0.0,0.0,0.26445515139497916,-0.26445515139497916,0.033622781296955166,0.0,0.0,0.0,-0.13101766466355552,0.0,0.0,0.24754724897788605,0.0,-0.00020232839040587903,0.0,0.0,0.0,-2.9149005443806394e-05,0.0,0.0,-0.0033147753151842787,0.0,0.0,0.0,0.0,-0.0016206619139329467,0.0004411285769711051,0.0,-0.00015235726471668677,0.0,0.0,0.0,0.0,0.0,0.0,0.0009115351229845558,0.00352471378700073
0.02328910851728503,-9.315666780154439e-07,0.0,0.0,0.0,0.028674484285405432,0.0,0.0,0.2608337652739484,-0.2608337652739484,0.03893112716066097,0.0,0.0,0.0,-0.1293418595280149,-0.0019173193481372467,0.0,0.24581696556152344,0.0,-0.0002198498112875991,0.0,0.0,0.0,-3.167327794772901e-05,0.0,0.0,-0.0033621663719020866,0.0,0.0,0.0,0.0,-0.0017610094916704507,0.0,0.0,-0.0001655512398881076,0.0,0.0,0.0,0.0,0.0,0.0,0.0009904730837237462,0.0038299502079782908
0.020841916154422845,-8.694690703160778e-07,0.0,0.0,0.0,0.028552574595317806,0.0,0.0,0.26402615155973785,-0.26402615155973785,0.03409911426576958,0.0,0.0,0.0,-0.13123340200410447,0.0,0.0,0.24687871537880682,0.0,-0.00020519477085270427,0.0,0.0,0.0,-2.9561958559683607e-05,0.0,0.0,-0.0033617356410683675,0.0,0.0,0.0,0.0,-0.0016436217843282623,0.0,0.0,-0.0001545157056731913,0.0,0.0,0.0,0.00044737803274460923,0.0,0.0,0.0009244488146710066,0.0035746483051345757
