M_ac_e,M_ca2_e,M_cd2_e,M_cl_e,M_co2_e,M_cobalt2_e,M_cu2_e,M_fe2_e,M_fe3_e,M_for_e,M_fum_e,M_gln__45__L_e,M_gly_e,M_h2_e,M_h2o_e,M_h2s_e,M_h_e,M_ile__45__L_e,M_k_e,M_lac__45__L_e,M_leu__45__L_e,M_lys__45__L_e,M_mal__45__L_e,M_mg2_e,M_mn2_e,M_mobd_e,M_n2_e,M_na1_e,M_nh4_e,M_ni2_e,M_oxa_e,M_pi_e,M_pro__45__L_e,M_s_e,M_so4_e,M_ss_e,M_succ_e,M_ura_e,M_val__45__L_e,M_zn2_e,M_fixed_uptake,objective,virtual_tag_R_constraint_reaction
0.0,-3.230533662218515e-07,0.0,0.0,0.019361949783283646,0.0,0.0,0.2860587001732201,-0.2860587001732201,0.0,0.0,0.0,0.0027824515839854048,-0.13137717506309493,-0.003454530111432446,0.0,0.266609247518194,0.0,-7.624062053293006e-05,0.0,0.0,0.0,0.0,-1.0983818229836426e-05,0.0,0.0,-0.002557174714247811,0.0,0.0,0.0,0.0,-0.0006106917064108848,0.0,0.0,-5.741068953001748e-05,0.0,0.0,0.0,0.0,0.0,0.0,0.0003434812251236291,0.0006409397661279774
0.0,-3.551741937293654e-07,0.0,0.0,0.021914397764186667,0.0,0.0,0.2862721767416403,-0.2862721767416403,0.0,0.0,0.0,0.0027454518636852235,-0.12891390020740162,-0.0044253215092609766,0.0,0.26488888720649134,0.0,-8.382113842025125e-05,0.0,0.0,0.0,0.0,-1.2075926740763308e-05,0.0,0.0,-0.0026546038247576608,0.0,0.0,0.0,0.0,-0.0006714120858061035,0.0,0.0,-6.311896886803477e-05,0.0,0.0,0.0,0.0,0.0,0.0,0.0003776331713277401,0.0007046676755792132
0.0,-3.60821353618853e-07,0.0,0.0,0.020082185531785306,0.0,0.0,0.28631944531877396,-0.28631944531877396,0.0,0.0,0.0,0.001950227248839846,-0.1353541347395594,0.0,0.0,0.2645961680899802,0.0,-8.515386861049338e-05,0.0,0.0,0.0,0.0,-1.2267930243052644e-05,0.0,0.0,-0.0026632127080135543,0.0,0.0,0.0,0.0,-0.0006820873304247215,0.0,0.0,-6.412254096181414e-05,0.0,0.0,0.0,0.000771679456866053,0.0,0.0,0.000383637422018563,0.0007158716737953156
0.0,-6.436080317858127e-07,0.0,0.0,0.016400614249856716,0.0,0.0,0.2705622166717454,-0.2705622166717454,0.03326029148283239,0.0,0.0,0.0,-0.12038195650861479,-0.01796910451257677,0.0,0.2650740373090014,0.0,-0.00015189154750868861,0.0,0.0,0.0,0.0,-2.1882680608080855e-05,0.0,0.0,-0.0023228796523360345,0.0,0.0,0.0,0.0,-0.0012166599338918854,0.0,0.0,-0.00011437732819198095,0.0,0.0,0.0,0.0,0.0,0.0,0.0006843057475073152,0.0012769220955512336
0.0,-4.313673476983024e-07,0.0,0.0,0.0,0.0,0.0,0.26927759286790487,-0.26927759286790487,0.0332843782740962,0.0,0.0,0.0,-0.13564512611120644,-0.01204348698476684,0.0,0.27659146693675857,0.0,-0.00010180272891376619,0.0,0.0,0.0,0.0,-1.4666494866829584e-05,0.0,0.0,-0.0015568706187060323,0.0,0.0,0.0,0.0,-0.0008154456483047631,0.0,0.0,-7.66594608244612e-05,0.0,0.0,0.0,0.0,0.0,0.0,0.00045864430016182673,0.0008558353382367406
0.0,-3.888798218897334e-07,0.0,0.0,0.017762624106585582,0.0,0.0,0.28612887923799063,-0.28612887923799063,0.0,0.0,0.0,0.0019632677587164966,-0.13527563309600513,0.0,0.0,0.26687477672657695,0.0,-9.177566938970704e-05,0.0,0.0,0.0,0.0,-1.3221918492422377e-05,0.0,0.0,-0.0023851605304556363,0.0,0.0,0.0,0.0,-0.0007351283312600214,0.0,0.0,-6.910888742656863e-05,0.0,0.0,0.0,0.0,0.0,-0.0013861456495127137,0.0004134701309901081,0.0007715398387854223
0.0,-6.983862649282357e-07,0.0,0.0,0.0214969754193974,0.0,0.0,0.2713871695854958,-0.2713871695854958,0.032390628144798005,0.0,0.0,0.0,-0.11582586302069753,-0.019498476036451825,0.0,0.2617313991630856,0.0,-0.00016481921495669724,0.0,0.0,0.0,0.0,-2.374514117558593e-05,0.0,0.0,-0.0025205826592490975,0.0,0.0,0.0,0.0,-0.0013202112853702866,0.0,0.0,-0.0001241121165110814,0.0,0.0,0.0,0.0,0.0,0.0,0.0007425478108849992,0.0013856024301653527
0.0,-4.535146530191224e-07,0.0,0.0,0.020447909114294095,0.0,0.0,0.28642664533995715,-0.28642664533995715,0.0,0.0,0.0,0.0016220771194937857,-0.13352920550247271,0.0,0.0,0.2647733633139829,0.0,-0.00010702949475910954,0.0,0.0,0.0,0.0,-1.5419503506762836e-05,0.0,0.0,-0.0024478421847907435,0.0,0.0,0.0,0.0,-0.0008573123399815996,0.0,0.0,-8.059531849581239e-05,0.0,0.0,0.0,0.0,0.0,-0.0018835341307668308,0.000482192061492251,0.000899775721396045
0.0,-7.467624762923861e-07,0.0,0.0,0.05762032030111024,0.0,0.0,0.290185768207328,-0.290185768207328,0.0,0.0,0.0,0.0,-0.08921467350502091,-0.020849107406779737,0.0,0.24522687612995947,0.0,-0.00017623600474771332,0.0,0.0,0.0,0.0,-2.5389932927754445e-05,0.0,0.0,-0.002695179792108199,0.0,0.0,0.0,0.0,-0.0014116604208898296,0.0,0.0,-0.0001327091841836667,0.0,0.0,0.0,0.0,0.0,0.0,0.000793983028974592,0.0014815811161654952
0.0,0.0,0.0,0.0,0.0,0.0,0.0,0.2857142857142857,-0.2857142857142857,0.0,0.0,0.0,0.0,-0.14285714285714285,0.0,0.0,0.2857142857142857,0.0,0.0,0.0,0.0,0.0,0.0,0.0,0.0,0.0,0.0,0.0,0.0,0.0,0.0,0.0,0.0,0.0,0.0,0.0,0.0,0.0,0.0,0.0,0.0,0.0,0.0
0.0,-3.522144593014722e-07,0.0,0.0,0.01960315277277434,0.0,0.0,0.28652023067652,-0.28652023067652,0.0,0.0,0.0,0.0019037072752925714,-0.13488744681111534,0.0,0.0,0.2653151321792791,0.0,-8.312264085610486e-05,0.0,0.0,0.0,0.0,-1.1975295735599156e-05,0.0,0.0,-0.0025996854525097367,0.0,0.0,0.0,0.0,-0.0006658170805924698,0.000753272110777673,0.0,-6.259298643882091e-05,0.0,0.0,0.0,0.0,0.0,0.0,0.0003744862819477508,0.0006987955451810671
0.0,-4.824916073944856e-07,0.0,0.0,0.019030417873347298,0.0,0.0,0.28253400732002365,-0.28253400732002365,0.009779440753434841,0.0,0.0,0.0,-0.13599109678987523,0.0,0.0,0.2632650038977613,0.0,-0.00011386805833320012,0.0,0.0,0.0,0.0,-1.6404720294427203e-05,0.0,0.0,-0.0025833135038857186,0.0,0.0,0.0,0.0,-0.0009120896231315559,0.0016838552526403899,0.0,-8.574489161627019e-05,0.0,0.0,0.0,0.0,0.0,0.0,0.0005130013358409547,0.0009572661681839978
0.0,-3.8811472419895325e-07,0.0,0.0,0.01974521337888424,0.0,0.0,0.28448119491043505,-0.28448119491043505,0.0,0.0,0.0,0.000705720291123677,-0.1383506278958584,0.0046400890177524514,0.0,0.2611147182155531,0.0,-9.159510627285862e-05,0.0,0.0,0.0,0.0,-1.3195905161987598e-05,0.0,0.0,-0.0026326598914164813,0.0,0.0,0.0,0.0,-0.0007336820104251142,0.0017580688982757144,0.0,-6.897291984171037e-05,0.0,0.0,0.0,0.0,0.0,0.0,0.0004126566533432355,0.0007700218804965836
0.0,-4.4567181944732903e-07,0.0,0.0,0.01943190020127423,0.0,0.0,0.28290910907321004,-0.28290910907321004,0.0048622681885899365,0.0,0.0,0.0,-0.13820327272948016,0.0037074543501980587,0.0,0.26093967123937295,0.0,-0.00010517858540242018,0.0,0.0,0.0,0.0,-1.5152847073595449e-05,0.0,0.0,-0.002617892178163689,0.0,0.0,0.0,0.0,-0.0008424864507699518,0.002018789073837493,0.0,-7.920154727933599e-05,0.0,0.0,0.0,0.0,0.0,0.0,0.00047385329655323986,0.0008842154937653142
0.0,-4.167742832480941e-07,0.0,0.0,0.023432985762743334,0.0,0.0,0.2860277894714116,-0.2860277894714116,0.0,0.0,0.0,0.0,-0.13519506552555863,0.0026353216574308645,0.0,0.26015896830644536,0.0,-9.835876452431333e-05,0.0,0.0,0.0007768935225854338,0.0,-1.4170330504848285e-05,0.0,0.0,-0.0026874983465056414,0.0,0.0,0.0,0.0,-0.000787859297680756,0.0008128056057475607,0.0,-7.40660877782658e-05,0.0,0.0,0.0,0.0,0.0,0.0,0.00044312846228560594,0.0008268826131028262
0.0006021017873994261,-4.52207087621168e-07,0.0,0.0,0.023859717932298477,0.0,0.0,0.28505667387270983,-0.28505667387270983,0.0,0.0,0.0,0.0,-0.13567045092894275,0.0043044124886894766,0.0,0.2584336133167606,0.0,-0.00010672090921953349,0.0,0.0,0.0,0.0,-1.5375046267939662e-05,0.0,0.0,-0.002614929888004572,0.0,0.0,0.0,0.0,-0.000854840552259777,0.0019656909322402056,0.0,-8.036294750404689e-05,0.0,0.0,0.0,0.0,0.0,0.0,0.0004808018138991948,0.0008971815040066296
0.0,-4.4577537681378364e-07,0.0,0.0,0.02404795223149954,0.0,0.0,0.2853109792873846,-0.2853109792873846,0.0,0.0,0.0,0.0,-0.13563134815849667,0.004111293757928426,0.0,0.258473038585779,0.0,-0.0001052030249492715,0.0,0.0,0.0,0.0,-1.5156368025266068e-05,0.0,0.0,-0.002643686598756232,0.0,0.0,0.0,0.0,-0.0008426822129301522,0.001607989635113715,0.0,-7.921995073967941e-05,0.0,0.0,0.0,0.0004616407712156628,0.0,0.0,0.00047396340223489984,0.0008844209521854275
0.0,-4.589683447876749e-07,0.0,0.0,0.023238694122550186,0.0,0.0,0.2853262033990641,-0.2853262033990641,0.0,0.0,0.0,0.0,-0.13533601621874433,0.0037576664784261743,0.0,0.2594050708735955,0.0,-0.00010831656645717767,0.0,0.0,0.0,0.0008555459117064734,-1.560492909067766e-05,0.0,0.0,-0.002531806647049117,0.0,0.0,0.0,0.0,-0.0008676218574812228,0.0017506396314934832,0.0,-8.156450884531572e-05,0.0,0.0,0.0,0.0,0.0,0.0,0.0004879906103574644,0.0009105958777298122
0.0,-4.4553970262511723e-07,0.0,0.0,0.024064075764758747,0.0,0.0,0.285352388643685,-0.285352388643685,0.0,0.0,0.0,0.0,-0.13551157991432178,0.00416679477246842,0.0,0.2585286367246576,0.0,-0.0001051474058217024,0.0,0.00025953564895375296,0.0,0.0,-1.5148355100095067e-05,0.0,0.0,-0.002613451630337773,0.0,0.0,0.0,0.0,-0.0008422367005551631,0.0017513259887976405,0.0,-7.917806844068341e-05,0.0,0.0,0.0,0.0,0.0,0.0,0.00047371282549583076,0.0008839533732181106
0.0,-4.456435003976229e-07,0.0,0.0,0.02333083151741467,0.0,0.0,0.28475323637867106,-0.28475323637867106,0.0,0.0,0.0,0.0,-0.13666806665563355,0.005246087830643902,0.0,0.25792323530680045,0.0,-0.00010517190210440119,0.0,0.0,0.0,0.0,-1.5151884225574233e-05,0.0,0.0,-0.002713905147362978,0.0,0.0,0.0,0.0,-0.0008424329171727284,0.0022110194277843156,0.0,-7.919651462423792e-05,0.0,0.0,0.0,0.0,0.0,0.0,0.00047382318678530533,0.000884159308605234
0.0,-4.493362919961748e-07,0.0,0.0,0.024705379011492567,0.0,0.0,0.28557365957509134,-0.28557365957509134,0.0,0.0,0.0,0.0,-0.13512491796484208,0.0036788069180575937,0.0,0.25852133370221064,0.0006979926320345599,-0.00010604340122005829,0.0,0.0,0.0,0.0,-1.5277439183114304e-05,0.0,0.0,-0.0025484726265322557,0.0,0.0,0.0,0.0,-0.0008494136746528742,0.0011555060567043222,0.0,-7.98527706306153e-05,0.0,0.0,0.0,0.0,0.0,0.0,0.00047774948725148224,0.0008914858287130908
0.0,-4.841428937857524e-07,0.0,0.0,0.022106749059335476,0.0,0.0,0.28513301737784486,-0.28513301737784486,0.0,0.0,0.0,0.0,-0.13543917898119714,0.003963775592385515,0.0,0.2604975216642251,0.0,-0.00011425776205497255,0.0,0.0,0.0,0.0,-1.6460864051043014e-05,0.0,0.0,-0.0023698527022050463,0.0,0.0,0.0,0.0,-0.0009152111721061093,0.001245014159872394,0.0,-8.603834619760726e-05,0.0,0.0,0.0,0.0,0.0,-0.0015041214285768064,0.0005147570391767088,0.0009605423300324462
0.0,-3.9731332682210784e-07,0.0,0.0,0.022534257099348136,0.0,0.0,0.28690412205844984,-0.28690412205844984,0.0,0.0,0.0,0.0015860748337178068,-0.13323541278958506,0.0,0.0,0.26298384278814885,0.0,-9.376597723522318e-05,0.0,0.0,0.0,0.0,-1.350865775875776e-05,0.0,0.0,-0.0027220376185065408,0.0,0.0,0.0,0.0,-0.000751070810295016,0.0009900714872554325,0.0,-7.060762845188245e-05,0.0,0.0,0.0,0.0,0.0,0.0,0.00042243691762395744,0.0007882719618467345
0.0,-5.206254694088427e-07,0.0,0.0,0.031086854032898303,0.0,0.0,0.28831257404976185,-0.28831257404976185,0.0,0.0,0.0,0.0,-0.127911035701314,0.0,0.0,0.25696827779093795,0.0,-0.00012286765285002412,0.0,0.0,0.0,0.0,-1.7701272048912625e-05,0.0,0.0,-0.0027874864245899336,0.0,0.0,0.0,0.0,-0.0009841768870345493,0.001816939233526796,0.0,-9.252176361822706e-05,0.0,0.0,0.0,0.0,0.0,0.0,0.0005535465429581955,0.0010329239732299103
0.0,-5.126347612882306e-07,0.0,0.0,0.022935581598820656,0.0,0.0,0.28388747047319274,-0.28388747047319274,0.007674142536366297,0.0,0.0,0.0,-0.13362196319778807,0.0,0.0,0.2606983979451198,0.0,-0.00012098184508786442,0.0,0.0,0.0,0.0,-1.742958787935592e-05,0.0,0.0,-0.002744703288308955,0.0,0.0,0.0,0.0,-0.0009690714596103485,0.0017890523322107944,0.0,-9.110171321478254e-05,0.0,0.0,0.0,0.0,0.0,0.0,0.0005450505528158474,0.001017070361630318
0.0,-4.3609441753843303e-07,0.0,0.0,0.02295639838281618,0.0,0.0,0.28498895720686734,-0.28498895720686734,0.0,0.0,0.0,0.000407846494290154,-0.1363905964650502,0.0044434748559752935,0.0,0.2587338593998684,0.0,-0.00010291831777801149,0.0,0.0,0.0,0.0,-1.4827215296679804e-05,0.0,0.0,-0.0027655574245773733,0.0,0.0,0.0,0.0,-0.0008243815785529263,0.001975405683895077,0.0,-7.749952122114526e-05,0.0,0.0,0.0,0.0,0.0,0.0,0.0004636702801072516,0.0008652138724189948
0.0,-4.7377366887638556e-07,0.0,0.0,0.025826037878365207,0.0,0.0,0.2856858620931767,-0.2856858620931767,0.0,0.0,0.0,0.0,-0.13421778092188752,0.003941227991178021,0.0,0.2571622820736412,0.0,-0.00011181062413846886,0.0,0.0,0.0,0.0,-1.6108310282850536e-05,0.0,0.0,-0.0027829634449615106,0.0,0.0,0.0,0.0,-0.0008956094582217511,0.0021460838771130463,0.0,-8.419560312731909e-05,0.0,0.0,0.0,0.0,0.0,0.0,0.0005037321298340033,0.0009399697272267106
0.0,-4.7126792742775477e-07,0.0,0.0,0.023044996667261324,0.0,0.0,0.284174898202692,-0.284174898202692,0.0026444498852938076,0.0,0.0,0.0,-0.13615236641645478,0.003920383231359646,0.0,0.25844662642427196,0.0,-0.00011121926895411365,0.0,0.0,0.0,0.0,-1.6023115044291014e-05,0.0,0.0,-0.0027682446302359,0.0,0.0,0.0,0.0,-0.000890872669563626,0.0021347334545877214,0.0,-8.375030102125453e-05,0.0,0.0,0.0,0.0,0.0,0.0,0.0005010679410880865,0.000934998321552022
0.0,-3.0714097460925007e-07,0.0,0.0,0.0,0.0,0.0,0.2767673821983763,-0.2767673821983763,0.018339568857515656,0.0,0.0,0.0,-0.1471394370024444,0.0,0.0,0.27661550515658245,0.0,-7.248529482654322e-05,0.0,0.0,0.0,0.0,-1.044279672890348e-05,0.0,0.0,-0.0016444667951622588,0.0,0.0,0.0,0.0,-0.0005806113339305546,0.0010718962474595476,0.0,-5.458285527701127e-05,0.0,0.0,0.0,0.0,0.0,0.0,0.0003265626341500564,0.0006093694881952795
0.0,-8.467176369578622e-08,0.0,0.0,0.0,0.0,0.0,0.2817530018872036,-0.2817530018872036,0.0,0.0,0.0,0.0023077856792057326,-0.14972006908388485,0.0053199387537791335,0.0,0.27665533186915514,0.0,-1.998254307417185e-05,0.0,0.0,0.0,0.0,-2.878840955941328e-06,0.0,0.0,-0.0016512578023806389,0.0,0.0,0.0,0.0,-0.00016006130646751735,0.0003835432799488569,0.0,-1.5047248677048405e-05,0.0,0.0,0.0,0.0,0.0,0.0,9.002587240534957e-05,0.00016798927389461693
0.0,-2.815438560537673e-07,0.0,0.0,0.0,0.0,0.0,0.27692749014107954,-0.27692749014107954,0.015347333059074559,0.0,0.0,0.0,-0.14868551251743065,0.002342106788785726,0.0,0.2753244537838801,0.0,-6.644437277905463e-05,0.0,0.0,0.0,0.0,-9.572494398644155e-06,0.0,0.0,-0.0016537986617309738,0.0,0.0,0.0,0.0,-0.0005322232047719978,0.0012753277986305215,0.0,-5.0033921943059615e-05,0.0,0.0,0.0,0.0,0.0,0.0,0.000299346915137755,0.0005585846554217539
0.0,-4.088044079153632e-07,0.0,0.0,0.020691602906065937,0.0,0.0,0.28414239708200173,-0.28414239708200173,0.0,0.0,0.0,0.0,-0.1386110112241632,0.0059493592836370075,0.0,0.2595302963944156,0.0,-9.647787330177701e-05,0.0,0.0,0.0,0.0,-1.3899354650323193e-05,0.0,0.0,-0.0025606190319466407,0.0,0.0,0.0,0.0,-0.000772793252018551,0.002170363015621985,0.0,-7.264973962603468e-05,0.0,0.0,0.0,0.0,0.0,0.0,0.0004346546222653504,0.0008110703338761127
0.0,-8.659039042844296e-08,0.0,0.0,0.0,0.0,0.0,0.28160640837800777,-0.28160640837800777,0.0,0.0,0.0,0.0021114370572672975,-0.1499714849224114,0.005738856835323944,0.0,0.27639322729057814,0.0,-2.0435339138114933e-05,0.0,0.0,0.0,0.0,-2.9440742872910912e-06,0.0,0.0,-0.0016140819892725858,0.0,0.0,0.0,0.0,-0.00016368822869103334,0.0004916910420457129,0.0,-1.5388213035230958e-05,0.0,0.0,0.0,0.0,0.0,0.0,9.206582100082502e-05,0.00017179584054240538
0.0,-3.707600207467647e-07,0.0,0.0,0.01808137007546665,0.0,0.0,0.2836236224485023,-0.2836236224485023,0.0,0.0,0.0,0.0,-0.14038518574457584,0.006491087316162165,0.0,0.2613019870041014,0.0,-8.749939485578211e-05,0.0,0.0,0.0,0.0,-1.2605845041640026e-05,0.0,0.0,-0.002390783171509141,0.0,0.0,0.0,0.0,-0.0007008751290438082,0.00210530729851041,0.0,-6.588876844148972e-05,0.0,0.0,0.0,0.0,0.0,0.0,0.000394204547819217,0.0007355900474469711
0.0,-2.403722386563494e-07,0.0,0.0,0.0,0.0,0.0,0.2776602506401138,-0.2776602506401138,0.011722567590377852,0.0,0.0,0.0,-0.1496277788391089,0.0042083210221995045,0.0,0.27491118919283364,0.0,-5.672786774636013e-05,0.0,0.0,0.0,0.0,-8.172658925606385e-06,0.0,0.0,-0.0015499996518505263,0.0,0.0,0.0,0.0,-0.00045439344686488297,0.0013649190853512875,0.0,-4.271720219642617e-05,0.0,0.0,0.0,0.0,0.0,0.0,0.00025557186413186373,0.00047689992594678
0.0,-1.0199561791047746e-07,0.0,0.0,0.0,0.0,0.0,0.28030710349857163,-0.28030710349857163,0.0,0.0,0.0,0.0,-0.1521964945872664,0.009744349663349533,0.0,0.27416644951074826,0.0,-2.4070974068706206e-05,0.0,0.0,0.0,0.0,-3.4678522018531913e-06,0.0,0.0,-0.0011551176886789693,0.0,0.0,0.0,0.0,-0.00019280987125020984,0.0015739998620418866,0.0,-1.8125917775639117e-05,0.0,0.0,0.0,0.0,0.0,0.0,0.00010844517798051247,0.00020235990187678814
0.0,-3.448842583869034e-07,0.0,0.0,0.019585668341284713,0.0,0.0,0.28651585410561975,-0.28651585410561975,0.0,0.0,0.0,0.0015603721174228102,-0.13553677592893287,0.0,0.0,0.26510125162488196,0.0,-8.139271284794416e-05,0.0,0.0,0.0006508192909554707,0.0,-1.1726068818772935e-05,0.0,0.0,-0.0026757452948708983,0.0,0.0,0.0,0.0,-0.000651960258862965,0.0,0.0,-6.129031656164044e-05,0.0,0.0,0.0,0.0,0.0,0.0,0.00036669256532444406,0.0006842523837374919
0.0,-3.490918791932409e-07,0.0,0.0,0.019604793824564495,0.0,0.0,0.2861864800890196,-0.2861864800890196,0.0,0.0,0.0,0.001293640808793604,-0.1362341138240154,0.0007473932231960273,0.0,0.2643787244963,0.0,-8.238571169823982e-05,0.0,0.0,0.0007906522700432954,0.0,-1.1869127975398936e-05,0.0,0.0,-0.002697398565550773,0.0,0.0,0.0,0.0,-0.0006599142361274755,0.0,0.0,-6.203806426226893e-05,0.0,0.0,0.0,0.0,0.0,0.0,0.0003711662495529005,0.0006926003280016515
0.0,-4.228461706167094e-07,0.0,0.0,0.02542366983155899,0.0,0.0,0.2874460377164904,-0.2874460377164904,0.0,0.0,0.0,0.0,-0.13249169022366394,0.00019977350089977932,0.0,0.2607880161362965,0.0,-9.979173043395004e-05,0.0,0.0,0.0012005354937588758,0.0,-1.4376774746395394e-05,0.0,0.0,-0.0027266518833701232,0.0,0.0,0.0,0.0,-0.0007993374361123115,0.0,0.0,-7.514513934382484e-05,0.0,0.0,0.0,0.0,0.0,0.0,0.0004495842975445781,0.0008389292731191258
0.0,-3.9997273416163265e-07,0.0,0.0,0.02353968118658571,0.0,0.0,0.2868194146286272,-0.2868194146286272,0.0,0.0,0.0,0.0,-0.13422730196141638,0.001036835134403602,0.0,0.2615186449788884,0.0,-9.439359758224648e-05,0.0,0.0,0.001220380556886096,0.0,-1.359907763940489e-05,0.0,0.0,-0.0026639432220308015,0.0,0.0,0.0,0.0,-0.000756098084968578,0.0,0.0,-7.108023894001604e-05,0.0,0.0,0.0,0.0,0.0,0.0,0.0004252644891232603,0.0007935482415467996
0.0,-3.9629348341686143e-07,0.0,0.0,0.023183133977918383,0.0,0.0,0.2867852468526256,-0.2867852468526256,0.0,0.0,0.0,0.0003220263919318231,-0.1343156864815997,0.0008312814785222483,0.0,0.26180121964100617,0.0,-9.352529410917583e-05,0.0,0.0,0.0011251476916378299,0.0,-1.3473983071051733e-05,0.0,0.0,-0.0027164445750651554,0.0,0.0,0.0,0.0,-0.0007491429247672916,0.0,0.0,-7.042638931547417e-05,0.0,0.0,0.0,0.0,0.0,0.0,0.0004213525857491188,0.0007862485865719606
0.0,-4.2110983542308007e-07,0.0,0.0,0.023266120176648183,0.0,0.0,0.2862656967172364,-0.2862656967172364,0.002053152321442313,0.0,0.0,0.0,-0.1340007913023972,0.00019895317004550925,0.0,0.2617702934162697,0.0,-9.938195518794762e-05,0.0,0.0,0.0011956057292869058,0.0,-1.4317739329504563e-05,0.0,0.0,-0.00271545542008191,0.0,0.0,0.0,0.0,-0.000796055113087172,0.0,0.0,-7.483657050924708e-05,0.0,0.0,0.0,0.0,0.0,0.0,0.0004477381674562028,0.0008354843739498648
0.0,-4.551728715309884e-07,0.0,0.0,0.01881524574391808,0.0,0.0,0.28206754987523597,-0.28206754987523597,0.010120490966946376,0.0,0.0,0.0,-0.13462044077284863,-0.002398988156662306,0.0,0.26375340994293583,0.0,-0.00010742083446190355,0.0,0.0,0.0010309133084671002,0.0,-1.5475882955560093e-05,0.0,0.0,-0.0026737016972959104,0.0,0.0,0.0,0.0,-0.0008604469932571769,0.0,0.0,-8.089000500309457e-05,0.0,0.0,0.0,0.0,0.0,0.0,0.0004839551352922228,0.0009030656366122655
0.0,-4.5275917398386064e-07,0.0,0.0,0.01911318310358045,0.0,0.0,0.28322320534858697,-0.28322320534858697,0.008078268236780282,0.0,0.0,0.0,-0.13642541061746088,0.0,0.0,0.263415337402095,0.0,-0.00010685120164574072,0.0,0.0,0.0006277354381751618,0.0,-1.539381721072818e-05,0.0,0.0,-0.0026595235517337464,0.0,0.0,0.0,0.0,-0.0008558842020036632,0.000795422255398001,0.0,-8.046106026830313e-05,0.0,0.0,0.0,0.0,0.0,0.0,0.0004813888107240522,0.0008982768465759551
0.0,-3.7471748924830597e-07,0.0,0.0,0.019439399480446196,0.0,0.0,0.28553349358925134,-0.28553349358925134,0.0024067702123960204,0.0,0.0,0.0009874740730673362,-0.13600580873677848,0.0,0.0,0.2645316773838548,0.0,-8.843335774193209e-05,0.0,0.0,0.0008486912791663521,0.0,-1.2740399016977281e-05,0.0,0.0,-0.0026948409459995226,0.0,0.0,0.0,0.0,-0.0007083562248780298,0.0,0.0,-6.659206089785367e-05,0.0,0.0,0.0,0.0,0.0,0.0,0.0003984122616876559,0.0007434416880768192
0.0,-4.2568315007880946e-07,0.0,0.0,0.023217122912530263,0.0,0.0,0.2861567629327415,-0.2861567629327415,0.002497788901622324,0.0,0.0,0.0,-0.1339275944616863,0.0,0.0,0.26183778638211636,0.0,-0.00010046125781624993,0.0,0.0,0.0011884788000213458,0.0,-1.4473232081286889e-05,0.0,0.0,-0.002724834281659339,0.0,0.0,0.0,0.0,-0.000804700388521768,0.0,0.0,-7.564930665527087e-05,0.0,0.0,0.0,0.0,0.0,0.0,0.0004526006697083757,0.0008445578569479027
0.0,-4.086988878136086e-07,0.0,0.0,0.02055605472173244,0.0,0.0,0.28514783317390563,-0.28514783317390563,0.004132862038828708,0.0,0.0,0.0,-0.13552296734117095,0.0,0.0,0.2635338874918677,0.0,-9.645297054923628e-05,0.0,0.0,0.0011410598790881196,0.0,-1.3895766965629419e-05,0.0,0.0,-0.002616116565065801,0.0,0.0,0.0,0.0,-0.0007725937795544352,0.0,0.0,-7.263098736267999e-05,0.0,0.0,0.0,0.0,0.0,0.0,0.0004345424297373798,0.0008108609813776962
0.0,-3.865157968172852e-07,0.0,0.0,0.022431768870822044,0.0,0.0,0.28688797428379914,-0.28688797428379914,0.0,0.0,0.0,0.0011463737614755961,-0.13412821459104637,0.0,0.0,0.2627679097096053,0.0,-9.121775928158242e-05,0.0,0.0,0.000849851424782024,0.0,-1.3141541612310516e-05,0.0,0.0,-0.0028180328291930613,0.0,0.0,0.0,0.0,-0.0007306594395645852,0.0,0.0,-6.868877012191779e-05,0.0,0.0,0.0,0.0,0.0,0.0,0.00041095661987086517,0.0007668495992291036
0.0,-3.874318607705431e-07,0.0,0.0,0.022442229706027772,0.0,0.0,0.2868248702737555,-0.2868248702737555,0.0,0.0,0.0,0.0010935759137594432,-0.13426034480609836,0.0001451925992020574,0.0,0.2626220175805263,0.0,-9.143395044857453e-05,0.0,0.0,0.0008774878433530141,0.0,-1.3172687797435175e-05,0.0,0.0,-0.002822576538577282,0.0,0.0,0.0,0.0,-0.0007323911431073751,0.0,0.0,-6.885156633056034e-05,0.0,0.0,0.0,0.0,0.0,0.0,0.00041193060993522046,0.0007686670754647674
0.0,-3.926482408784137e-07,0.0,0.0,0.0224500968011041,0.0,0.0,0.2867136967731106,-0.2867136967731106,0.000441442414301206,0.0,0.0,0.0010347260771861198,-0.13419189497337977,0.0,0.0,0.2626264194395434,0.0,-9.266501657554555e-05,0.0,0.0,0.0008893023340917504,0.0,-1.3350044782111317e-05,0.0,0.0,-0.002823792823271903,0.0,0.0,0.0,0.0,-0.0007422520527973724,0.0,0.0,-6.97785833814765e-05,0.0,0.0,0.0,0.0,0.0,0.0,0.0004174768410459388,0.0007790164040771712
0.0,-4.791999951801697e-07,0.0,0.0,0.022768479944836138,0.0,0.0,0.28452864240156794,-0.28452864240156794,0.006010933261945538,0.0,0.0,0.0,-0.1342361589037438,0.0,0.0,0.26102490850164173,0.0,-0.00011309123758464035,0.0,0.0,0.0006643947516316524,0.0,-1.629280544064318e-05,0.0,0.0,-0.002814837879392785,0.0,0.0,0.0,0.0,-0.0009058672447563899,0.0008418743624762181,0.0,-8.515993028588887e-05,0.0,0.0,0.0,0.0,0.0,0.0,0.0005095015828149215,0.0009507355903184857
0.0,-4.819046831662691e-07,0.0,0.0,0.02247367617561699,0.0,0.0,0.2833124846425807,-0.2833124846425807,0.008161425132002093,0.0,0.0,0.0,-0.1323128286107967,-0.002539878142709728,0.0,0.2613693436822288,0.0,-0.00011372954416791417,0.0,0.0,0.0010914577347672745,0.0,-1.6384764863803428e-05,0.0,0.0,-0.0028307253131819874,0.0,0.0,0.0,0.0,-0.0009109801167900642,0.0,0.0,-8.564058772048401e-05,0.0,0.0,0.0,0.0,0.0,0.0,0.0005123772982235163,0.0009561017070859216
0.0,-3.929952103873781e-07,0.0,0.0,0.022911767667475384,0.0,0.0,0.28696705563283753,-0.28696705563283753,0.0,0.0,0.0,0.0010356404284082488,-0.13386864315314406,0.0,0.0,0.26241666071375885,0.0,-9.274690140769829e-05,0.0,0.0,0.0008900881794414976,0.0,-1.3361841749474115e-05,0.0,0.0,-0.002826288110165627,0.0,0.0,0.0,0.0,-0.0007429079549598545,0.0,0.0,-6.984024427357153e-05,0.0,0.0,0.0,0.0,0.0,0.0,0.00041784575071994543,0.0007797047936102383
0.0,-4.2782035997286605e-07,0.0,0.0,0.025844017614896225,0.0,0.0,0.2875934584300329,-0.2875934584300329,0.0,0.0,0.0,0.0,-0.1320896697824672,0.0,0.0,0.2606420551457723,0.0,-0.00010096563952394616,0.0,0.0,0.0011944457466806437,0.0,-1.4545897242680702e-05,0.0,0.0,-0.0027385147451339884,0.0,0.0,0.0,0.0,-0.0008087405146855156,0.0,0.0,-7.6029116019659e-05,0.0,0.0,0.0,0.0,0.0,0.0,0.000454873023286802,0.0008487980938650514
0.0,-4.850309727950651e-07,0.0,0.0,0.029129605435217473,0.0,0.0,0.2879908297165246,-0.2879908297165246,0.0,0.0,0.0,0.0,-0.1297854894729803,0.0,0.0,0.25811702364550654,0.0,-0.00011446734877293223,0.0,0.0,0.000672479206897061,0.0,-1.6491058747746233e-05,0.0,0.0,-0.002849089250071801,0.0,0.0,0.0,0.0,-0.0009168899736365424,0.0008521184163400072,0.0,-8.619616912599229e-05,0.0,0.0,0.0,0.0,0.0,0.0,0.0005157012747056332,0.0009623042839758115
0.0,-4.8990126821143e-07,0.0,0.0,0.031143451198232152,0.0,0.0,0.28801368896148244,-0.28801368896148244,0.0,0.0,0.0,0.0,-0.12621153547392555,-0.0025820241360606914,0.0,0.2574095765243545,0.0,-0.00011561673888474229,0.0,0.0,0.001109569064464093,0.0,-1.6656648848863528e-05,0.0,0.0,-0.0028776975392197646,0.0,0.0,0.0,0.0,-0.0009260966538000375,0.0,0.0,-8.706168252812283e-05,0.0,0.0,0.0,0.0,0.0,0.0,0.0005208795369100834,0.0009719669785381565
0.0,-7.658429034062192e-08,0.0,0.0,0.0,0.0,0.0,0.2821313662439315,-0.2821313662439315,0.0,0.0,0.0,0.0024342650892516648,-0.14923800710406138,0.004464892754120863,0.0,0.2773471487197373,0.0,-1.8073898708838635e-05,0.0,0.0,0.00017345445888745253,0.0,-2.6038667672781254e-06,0.0,0.0,-0.0016669914001881045,0.0,0.0,0.0,0.0,-0.00014477295655313785,0.0,0.0,-1.3610001861434755e-05,0.0,0.0,0.0,0.0,0.0,0.0,8.142699820485953e-05,0.00015194367950429097
0.0,-7.626563067862493e-08,0.0,0.0,0.0,0.0,0.0,0.2820962184639646,-0.2820962184639646,0.0,0.0,0.0,0.0022927394743117438,-0.14933972534007295,0.004621510614741635,0.0,0.27728810863647657,0.0,-1.799869500285781e-05,0.0,0.0,0.00021653169153703792,0.0,-2.593032335043321e-06,0.0,0.0,-0.0016381557339948496,0.0,0.0,0.0,0.0,-0.00014417057059126052,0.0,0.0,-1.3553371988994155e-05,0.0,0.0,0.0,0.0,0.0,0.0,8.108818851412551e-05,0.00015131145687301674
0.0,-2.4980558744164914e-07,0.0,0.0,0.0,0.0,0.0,0.27815473488937115,-0.27815473488937115,0.015019586834456622,0.0,0.0,0.0,-0.14746180220192265,0.00011802054793297482,0.0,0.2774255147022103,0.0,-5.89541388219598e-05,0.0,0.0,0.000709242497870064,0.0,-8.493392894634973e-06,0.0,0.0,-0.0016108290030881424,0.0,0.0,0.0,0.0,-0.0004722260047925028,0.0,0.0,-4.43936281834852e-05,0.0,0.0,0.0,0.0,0.0,0.0,0.000265601718442585,0.0004956157450542074
0.0,-6.646244798974565e-08,0.0,0.0,0.0,0.0,0.0,0.2818001301727559,-0.2818001301727559,0.0,0.0,0.0,0.0,-0.15045691293853788,0.006691502778896306,0.0,0.2769440444270348,0.0,-1.5685143096128662e-05,0.0,0.0,0.0008547089743489813,0.0,-2.2597240089676098e-06,0.0,0.0,-0.0010945820965837267,0.0,0.0,0.0,0.0,-0.00012563888824247468,0.0,0.0,-1.1811221816286182e-05,0.0,0.0,0.0,0.0,0.0,0.0,7.066511433456524e-05,0.00013186188514001333
0.0,-3.642444279984584e-07,0.0,0.0,0.02080439152225298,0.0,0.0,0.286266742749709,-0.286266742749709,0.0,0.0,0.0,0.0005479212304874926,-0.1359242246153621,0.0012679295924686012,0.0,0.26330322434327175,0.0,-8.596171444068439e-05,0.0,0.0,0.0010341547224568112,0.0,-1.2384314811994036e-05,0.0,0.0,-0.002622729090929744,0.0,0.0,0.0,0.0,-0.0006885582214682064,0.0,0.0,-6.473086478999158e-05,0.0,0.0,0.0,0.0,0.0,0.0,0.00038727695004870505,0.0007226630733648725
0.0,-3.974787294698292e-07,0.0,0.0,0.02102846007837357,0.0,0.0,0.2848821550375208,-0.2848821550375208,0.0,0.0,0.0,0.0,-0.13762351962777447,0.004492773251443826,0.0,0.26054090230342886,0.0,-9.380501227345092e-05,0.0,0.0,0.00041101538471724795,0.0,-1.3514281450714764e-05,0.0,0.0,-0.002563074237441482,0.0,0.0,0.0,0.0,-0.0007513834831712134,0.0014349948625902542,0.0,-7.063702260482637e-05,0.0,0.0,0.0,0.0,0.0,0.0,0.0004226127792927042,0.0007886001216662322
0.0,-4.0483729570374674e-07,0.0,0.0,0.020686981671071268,0.0,0.0,0.2852843385921443,-0.2852843385921443,0.0036539026899293785,0.0,0.0,0.0,-0.13554308182659566,0.00019126521528995194,0.0,0.263415575794533,0.0,-9.554163449927e-05,0.0,0.0,0.0011494050944835484,0.0,-1.3764472788730594e-05,0.0,0.0,-0.0026105247049515745,0.0,0.0,0.0,0.0,-0.0007652939259648743,0.0,0.0,-7.194473335980855e-05,0.0,0.0,0.0,0.0,0.0,0.0,0.00043043665487938864,0.000803199560069129
0.0,-3.7003604307932923e-07,0.0,0.0,0.021377203206368673,0.0,0.0,0.28631701521334835,-0.28631701521334835,0.0,0.0,0.0,0.0,-0.13579843069053937,0.0016269104340640283,0.0,0.26284316004634684,0.0,-8.732853606776575e-05,0.0,0.0,0.0011958068535157505,0.0,-1.2581229792479887e-05,0.0,0.0,-0.0025313234298315113,0.0,0.0,0.0,0.0,-0.0006995065404347486,0.0,0.0,-6.576010840745911e-05,0.0,0.0,0.0,0.0,0.0,0.0,0.00039343479036681476,0.0007341536715247053
0.0,-2.3668630197756418e-07,0.0,0.0,0.0,0.0,0.0,0.2785836964890944,-0.2785836964890944,0.013798899878801266,0.0,0.0,0.0006237274569753416,-0.14730006305966004,0.0,0.0,0.2775968126435652,0.0,-5.5857986392321905e-05,0.0,0.0,0.0005360667867129731,0.0,-8.047337035418553e-06,0.0,0.0,-0.0017021675161355743,0.0,0.0,0.0,0.0,-0.0004474256477473093,0.0,0.0,-4.206216439642467e-05,0.0,0.0,0.0,0.0,0.0,0.0,0.00025165285204737785,0.0004695870060397924
0.0,-2.9094616420050377e-07,0.0,0.0,0.0,0.0,0.0,0.2765108998692338,-0.2765108998692338,0.01849570159140858,0.0,0.0,0.0,-0.14618274268071255,-0.0015334314626345576,0.0,0.2768312063349035,0.0,-6.866331826144511e-05,0.0,0.0,0.0006589590273974259,0.0,-9.892172985598555e-06,0.0,0.0,-0.0017090281554524973,0.0,0.0,0.0,0.0,-0.0005499970842813923,0.0,0.0,-5.1704831614086376e-05,0.0,0.0,0.0,0.0,0.0,0.0,0.0003093437659955576,0.0005772388897209067
0.0,-2.877592925410467e-07,0.0,0.0,0.0,0.0,0.0,0.277189474666594,-0.277189474666594,0.017282019339370517,0.0,0.0,0.0,-0.14744628871231005,0.0,0.0,0.276747955133867,0.0,-6.791121629229565e-05,0.0,0.0,0.0003989686260861223,0.0,-9.78381931190473e-06,0.0,0.0,-0.0016903083575517683,0.0,0.0,0.0,0.0,-0.0005439727047351045,0.0005055450195977513,0.0,-5.1138484011667474e-05,0.0,0.0,0.0,0.0,0.0,0.0,0.0003059553766569665,0.0005709161177282151
0.0,-2.528010940954262e-07,0.0,0.0,0.0,0.0,0.0,0.27809821016360053,-0.27809821016360053,0.015271353446763508,0.0,0.0,0.0,-0.1474027011937414,0.0,0.0,0.27744385068239524,0.0,-5.9661078634305376e-05,0.0,0.0,0.0007058036967143085,0.0,-8.595240155897554e-06,0.0,0.0,-0.0016182014427977146,0.0,0.0,0.0,0.0,-0.00047788863289433784,0.0,0.0,-4.492596779194171e-05,0.0,0.0,0.0,0.0,0.0,0.0,0.0002687866420585759,0.0005015588477575179
0.0,-3.5518735532923237e-07,0.0,0.0,0.02000560781312386,0.0,0.0,0.2864454206845832,-0.2864454206845832,0.0,0.0,0.0,0.0018134420124074362,-0.13532251080559482,0.0,0.0,0.26478334177274976,0.0,-8.382424455888339e-05,0.0,0.00035097388592915683,0.00027799698155644146,0.0,-1.2076374235312718e-05,0.0,0.0,-0.002642130325863211,0.0,0.0,0.0,0.0,-0.0006714369661531987,0.0,0.0,-6.312130785162908e-05,0.0,0.0,0.0,0.0,0.0,0.0,0.00037764716518423434,0.0007046937882702502
0.0,-3.614750946908852e-07,0.0,0.0,0.020157674603497332,0.0,0.0,0.2863428868368499,-0.2863428868368499,0.0,0.0,0.0,0.0019667953282300863,-0.1352930573882264,0.0,0.0,0.26458025107674643,0.0,-8.530815155631903e-05,0.0,0.00019551946411642393,0.0,0.0,-1.2290157447147614e-05,0.0,0.0,-0.002648486006874468,0.0,0.0,0.0,0.0,-0.0006833231455951355,0.0,0.0,-6.423871906005965e-05,0.0,0.0,0.0,0.0005254196083978345,0.0,0.0,0.00038433250155592047,0.0007171686999019213
0.0,-3.582023917241579e-07,0.0,0.0,0.02020657777540153,0.0,0.0,0.2863537246144442,-0.2863537246144442,0.0,0.0,0.0,0.002093616965114983,-0.13471897692499027,-0.0004049597951584511,0.0,0.2647881221870986,0.0,-8.453579339171813e-05,0.0,0.0005408576767930093,0.0,0.0,-1.2178885508002757e-05,0.0,0.0,-0.0026100444427753886,0.0,0.0,0.0,0.0,-0.0006771365127712752,0.0,0.0,-6.365711814333148e-05,0.0,0.0,0.0,0.0,0.0,0.0,0.00038085285347912173,0.0007106756380941083
0.0,-3.717416198696021e-07,0.0,0.0,0.019446874527052075,0.0,0.0,0.2863028463752699,-0.2863028463752699,0.0,0.0,0.0,0.0019888843541543163,-0.135201248521558,0.0,0.0,0.26534051259764696,0.0,-8.77310523280906e-05,0.0,0.000403700975741813,0.0,0.0,-1.263921942329686e-05,0.0,0.0,-0.0025379649283061834,0.0,0.0,0.0,0.0,-0.0007027307185717789,0.0,0.0,-6.606321108278835e-05,0.0,0.0,0.0,0.0,0.0,-0.0004727996390486583,0.00039524821708425396,0.000737537545841991
0.0,-3.629051759064626e-07,0.0,0.0,0.02036929771882753,0.0,0.0,0.2864207306309929,-0.2864207306309929,0.0,0.0,0.0,0.0019416077937551492,-0.1351029986615553,0.0,0.0,0.26457199672178017,0.00023078050318612692,-8.56456508387541e-05,0.0,0.0003941048453670151,0.0,0.0,-1.2338780225202862e-05,0.0,0.0,-0.0025930267591072528,0.0,0.0,0.0,0.0,-0.0006860265340416355,0.0,0.0,-6.449286266992331e-05,0.0,0.0,0.0,0.0,0.0,0.0,0.0003858530120947752,0.0007200059893893391
0.0,-3.6087223419988795e-07,0.0,0.0,0.02018458029139516,0.0,0.0,0.28641677322991427,-0.28641677322991427,0.0,0.0,0.0,0.001983689891983532,-0.13511113044229414,0.0,0.0,0.2646904327318425,0.0,-8.516587643172907e-05,0.0,0.0004978145297844959,0.0,0.0,-1.2269660183402909e-05,0.0,0.0,-0.0026138068032354658,0.0,0.0,0.0,0.0,-0.000682183513755726,0.00014122320281096095,0.0,-6.413158308781044e-05,0.0,0.0,0.0,0.0,0.0,0.0,0.00038369151996687806,0.0007159726211653752
0.0,-3.339289982615044e-07,0.0,0.0,0.0184597719302543,0.0,0.0,0.2862025311190677,-0.2862025311190677,0.0,0.0,0.0,0.002140503087040527,-0.136065939556212,0.0,0.0,0.26609831020416386,0.0,-7.880727057310188e-05,0.0,0.0005042067456451144,0.0,0.0,-1.135358984638135e-05,0.0,0.0,-0.0025275556551128775,0.0,0.0,0.0,0.0,-0.0006312507192026954,0.0,0.0,-5.934342758433153e-05,0.0,0.0,0.0,0.0,0.0,0.0,0.00035504456359201214,0.0006625170836390482
0.0,-3.7516689212024055e-07,0.0,0.0,0.02152870291670386,0.0,0.0,0.2867138422188046,-0.2867138422188046,0.0,0.0,0.0,0.0014182422762062427,-0.13434938701032223,0.0,0.0,0.2639658448041697,0.0,-8.853941685602301e-05,0.0,0.0006027463995253989,0.00016104594168548606,0.0,-1.275567871987908e-05,0.0,0.0,-0.002525574873430135,0.0,0.0,0.0,0.0,-0.0007092057644136718,0.0,0.0,-6.667192550058565e-05,0.0,0.0,0.0,0.0,0.0,0.0,0.00039889008196494156,0.0007443333060005191
0.0,-3.789858853763293e-07,0.0,0.0,0.0216316495216329,0.0,0.0,0.28665761499225734,-0.28665761499225734,0.0,0.0,0.0,0.0015024014768363837,-0.13432254466797414,0.0,0.0,0.2638407407378405,0.0,-8.94406995730566e-05,0.0,0.0005159189982013585,0.0,0.0,-1.2885524535251403e-05,0.0,0.0,-0.0025280430835619237,0.0,0.0,0.0,0.0,-0.0007164250902346906,0.0,0.0,-6.735060914566481e-05,0.0,0.0,0.0,0.00030212984484359807,0.0,0.0,0.00040295056428611757,0.000751910210934303
0.0,-3.770052122249959e-07,0.0,0.0,0.021652175369094525,0.0,0.0,0.28666222621869303,-0.28666222621869303,0.0,0.0,0.0,0.0015780359028817706,-0.13399623066850583,-0.00023376176460198885,0.0,0.26396459854304566,0.0,-8.89732605492921e-05,0.0,0.0007135899058327976,0.0,0.0,-1.2818181624940964e-05,0.0,0.0,-0.002506482276167593,0.0,0.0,0.0,0.0,-0.0007126808770702335,0.0,0.0,-6.699861835020734e-05,0.0,0.0,0.0,0.0,0.0,0.0,0.00040084464584748327,0.0007479805438293336
0.0,-3.8510156783290295e-07,0.0,0.0,0.02125158112383644,0.0,0.0,0.2866399440395912,-0.2866399440395912,0.0,0.0,0.0,0.0015074578473238149,-0.13425472067372748,0.0,0.0,0.2642607635774034,0.0,-9.088400112699037e-05,0.0,0.0006393713546703795,0.0,0.0,-1.3093457810301304e-05,0.0,0.0,-0.0024633049563422154,0.0,0.0,0.0,0.0,-0.0007279860177648724,0.0,0.0,-6.843744365503627e-05,0.0,0.0,0.0,0.0,0.0,-0.0002686296409693212,0.00040945296395840093,0.0007640437606609988
0.0,-3.7984660785153845e-07,0.0,0.0,0.021756481600922018,0.0,0.0,0.28670301683752,-0.28670301683752,0.0,0.0,0.0,0.0014868876099553765,-0.1342112352789975,0.0,0.0,0.2638343227205631,0.00013248200788272045,-8.96438301467573e-05,0.0,0.0006306467189828884,0.0,0.0,-1.2914789109475155e-05,0.0,0.0,-0.002495932570859277,0.0,0.0,0.0,0.0,-0.0007180521776824366,0.0,0.0,-6.750357047020896e-05,0.0,0.0,0.0,0.0,0.0,0.0,0.0004038657134261307,0.0007536178893541675
0.0,-3.7862217411270984e-07,0.0,0.0,0.021645717392514117,0.0,0.0,0.28669982966743374,-0.28669982966743374,0.0,0.0,0.0,0.001512568854664253,-0.1342187891744906,0.0,0.0,0.2639048526774985,0.0,-8.935486368545245e-05,0.0,0.000689562272010119,0.0,0.0,-1.2873158348034531e-05,0.0,0.0,-0.0025082030906333685,0.0,0.0,0.0,0.0,-0.0007157375398933391,8.126458631302255e-05,0.0,-6.728597303096205e-05,0.0,0.0,0.0,0.0,0.0,0.0,0.00040256385421440303,0.0007511886056621813
0.0,-3.918917236122287e-07,0.0,0.0,0.02299312223265592,0.0,0.0,0.2870467884268267,-0.2870467884268267,0.0,0.0,0.0,0.0008506221446250836,-0.13327318023480003,0.0,0.0,0.26345291719299996,0.0,-9.248647843959493e-05,0.0,0.0009240109751442547,0.0,0.0,-1.3324323186213126e-05,0.0,0.0,-0.0023017136241535764,0.0,0.0,0.0,0.0,-0.0007408219521746208,0.0,0.0,-6.964414064713515e-05,0.0,0.0,0.0,0.0,0.0,0.0,0.00041667248639563637,0.0007775154694008632
0.0,-3.618230321363773e-07,0.0,0.0,0.020555883851556763,0.0,0.0,0.28655995275390184,-0.28655995275390184,0.0,0.0,0.0,0.0016266616761459432,-0.1348257972635563,0.0,0.0,0.2647763693932451,0.0,-8.539026482157051e-05,0.0,0.0006848532992595488,0.0,0.0,-1.2301987324363672e-05,0.0,0.0,-0.0024616320535686665,0.0,0.0,0.0,0.0,-0.0006839808775197299,0.0,0.0,-6.430055196677915e-05,0.0,0.0,0.0,0.0,0.0,0.0,0.00038470244037266054,0.0007178590098267147
0.0,-5.729014830107311e-07,0.0,0.0,0.01892403142477078,0.0,0.0,0.27716988363520895,-0.27716988363520895,0.020090925552967057,0.0,0.0,0.0,-0.1300803065813743,-0.007344659489525588,0.0,0.26276923152679527,0.0,-0.00013520479628427286,0.0,0.0008650365611491148,0.0,0.0,-1.947865712277464e-05,0.0,0.0,-0.0025002072029552498,0.0,0.0,0.0,0.0,-0.0010829981075785638,0.0,0.0,-0.00010181187571909884,0.0,0.0,0.0,0.0,0.0,0.0,0.0006091281622013308,0.0011366398896555815
0.0,-4.90769569761305e-07,0.0,0.0,0.019356916988702105,0.0,0.0,0.28237529594390115,-0.28237529594390115,0.010020127468447335,0.0,0.0,0.0,-0.1361492911200504,0.0,0.0,0.2628486038783739,0.0,-0.00011582165812067655,0.0,0.00029161524835098903,0.0,0.0,-1.668617111171456e-05,0.0,0.0,-0.0025911827251715864,0.0,0.0,0.0,0.0,-0.0009277380685339989,0.001348225586750504,0.0,-8.721599075057321e-05,0.0,0.0,0.0,0.0,0.0,0.0,0.0005218027443776787,0.0009736896938864413
0.0,-4.156510915518899e-07,0.0,0.0,0.0243871349619164,0.0,0.0,0.2871275745734083,-0.2871275745734083,0.0007217545084192086,0.0,0.0,0.0,-0.13233125244916988,0.0,0.0,0.26282502328153834,0.0,-9.809369119324879e-05,0.0,0.0011604699655687492,0.0,0.0,-1.4132141974040974e-05,0.0,0.0,-0.0020803832335110836,0.0,0.0,0.0,0.0,-0.0007857360452237288,0.0,0.0,-7.386648233688745e-05,0.0,0.0,0.0,0.0,0.0,0.0,0.00044193424702522086,0.0008246541942149463
0.0,-5.254196835504952e-07,0.0,0.0,0.0213788944299939,0.0,0.0,0.28075180930780164,-0.28075180930780164,0.013195538382561718,0.0,0.0,0.0,-0.13066507262228025,-0.004724298826848458,0.0,0.2623144154019675,0.0,-0.00012399908777485424,0.0,0.000994506628422252,0.0,0.0,-1.7864275385799878e-05,0.0,0.0,-0.002393573172852124,0.0,0.0,0.0,0.0,-0.000993239745129191,0.0,0.0,-9.337375641076715e-05,0.0,0.0,0.0,0.0,0.0,0.0,0.0005586439129876071,0.0010424357220986964
0.0,-5.412739508754677e-07,0.0,0.0,0.017157139415545655,0.0,0.0,0.2833831274914745,-0.2833831274914745,0.006780113989279683,0.0,0.0,0.0,-0.13509450884891028,0.0,0.0,0.26633613559676095,0.0,-0.0001277406961446639,0.0,5.1144931479237266e-05,0.0,0.0,-1.840332066027365e-05,0.0,0.0,-0.0019791127957748127,0.0,0.0,0.0,0.0,-0.0010232102409634082,0.0,0.0,-9.619126123904011e-05,0.0,0.0,0.0,0.0,0.0,-0.002920111260976978,0.0005755007042599178,0.0010738906811051285
0.0,-4.7435682098280616e-07,0.0,0.0,0.021433772728643774,0.0,0.0,0.2839324588858905,-0.2839324588858905,0.0070386531799853025,0.0,0.0,0.0,-0.13472241809875948,0.0,0.0,0.2624124233291115,0.0,-0.00011194824808270617,0.0,0.0005932007173910268,0.0,0.0,-1.6128137461289132e-05,0.0,0.0,-0.002465608866803235,0.0,0.0,0.0,0.0,-0.0008967118338420149,0.0009139646334308179,0.0,-8.429923666911447e-05,0.0,0.0,0.0,0.0,0.0,0.0,0.0005043521568044364,0.000941126704413104
0.0,-4.096797887711002e-07,0.0,0.0,0.020721522270901998,0.0,0.0,0.28521283470049036,-0.28521283470049036,0.004026649317142088,0.0,0.0,0.0,-0.1354030582842449,0.0,0.0,0.2634695930796549,0.0,-9.668446325446675e-05,0.0,3.871060983303635e-05,0.001105087878929165,0.0,-1.392911760965633e-05,0.0,0.0,-0.002603040091142219,0.0,0.0,0.0,0.0,-0.0007744480492887406,0.0,0.0,-7.280530593112226e-05,0.0,0.0,0.0,0.0,0.0,0.0,0.0004355853566894945,0.0008128070946085908
0.0,-4.705151818108442e-07,0.0,0.0,0.02252937647255175,0.0,0.0,0.2844131215215131,-0.2844131215215131,0.00589377442089051,0.0,0.0,0.0,-0.1345681329587917,0.0,0.0,0.2619794933862063,0.0012691878841058306,-0.00011104162092769657,0.0,4.445894116044957e-05,0.0,0.0,-1.5997521684512266e-05,0.0,0.0,-0.0023549845417150782,0.0,0.0,0.0,0.0,-0.0008894496987688603,0.0,0.0,-8.361652855693091e-05,0.0,0.0,0.0,0.0,0.0,0.0,0.0005002675965823886,0.0009335048698499115
0.0,-5.531616903502548e-07,0.0,0.0,0.024803333406423145,0.0,0.0,0.2818015860253837,-0.2818015860253837,0.011596619424153591,0.0,0.0,0.0,-0.12838159231287324,-0.004973740433780435,0.0,0.260095063517089,0.0,-0.00013054620362131148,0.0,0.0010470162897688936,0.0,0.0,-1.8807503941450308e-05,0.0,0.0,-0.0025199531416958388,0.0,0.0,0.0,0.0,-0.0010456825154056446,0.0,0.0,-9.830386364954108e-05,0.0,0.0,0.0,0.0,0.0,0.0,0.0005881401494590319,0.0010974760256810708
0.0,-5.707623992956978e-07,0.0,0.0,0.02046053849997504,0.0,0.0,0.28460965985794284,-0.28460965985794284,0.004780809552687084,0.0,0.0,0.0,-0.13297968630052223,0.0,0.0,0.2642652696839031,0.0,-0.00013469997235467473,0.0,5.393129256578562e-05,0.0,0.0,-1.9405928251445705e-05,0.0,0.0,-0.002086934288942235,0.0,0.0,0.0,0.0,-0.0010789544391922319,0.0,0.0,-0.0001014317333529049,0.0,0.0,0.0,0.0,0.0,-0.00307919807858824,0.0006068538163132986,0.0011323959350666667
0.0,-4.968532033102896e-07,0.0,0.0,0.02451222730310154,0.0,0.0,0.2850262171088032,-0.2850262171088032,0.005310504010021093,0.0,0.0,0.0,-0.13286380185632032,0.0,0.0,0.2604236359611068,0.0,-0.00011725739612982957,0.0,0.0006213332740341825,0.0,0.0,-1.68930147235316e-05,0.0,0.0,-0.0025825404197694552,0.0,0.0,0.0,0.0,-0.0009392384116403343,0.0009573094256167054,0.0,-8.829712976169035e-05,0.0,0.0,0.0,0.0,0.0,0.0,0.0005282710685714389,0.0009857596583932242
0.0,-4.2635196323588806e-07,0.0,0.0,0.02333417247834841,0.0,0.0,0.2862034992316429,-0.2862034992316429,0.002421141384490475,0.0,0.0,0.0,-0.13383587042341108,0.0,0.0,0.26180602789731006,0.0,-0.00010061909777536443,0.0,4.0285962238657004e-05,0.001150060119252994,0.0,-1.4495971736449713e-05,0.0,0.0,-0.0027089724308081336,0.0,0.0,0.0,0.0,-0.0008059646955709194,0.0,0.0,-7.576816325461136e-05,0.0,0.0,0.0,0.0,0.0,0.0,0.00045331177439444914,0.000845884786159304
0.0,-4.926401622779346e-07,0.0,0.0,0.025633245897662547,0.0,0.0,0.28552020742116413,-0.28552020742116413,0.0041264435021682025,0.0,0.0,0.0,-0.13271802182449755,0.0,0.0,0.2599872122236313,0.0013288687578171454,-0.0001162631181057558,0.0,4.654952876057066e-05,0.0,0.0,-1.674977127915761e-05,0.0,0.0,-0.002465722704902962,0.0,0.0,0.0,0.0,-0.0009312741881211123,0.0,0.0,-8.754841881800169e-05,0.0,0.0,0.0,0.0,0.0,0.0,0.0005237916213760314,0.0009774009603689764
0.0,-3.88727819242366e-07,0.0,0.0,0.02252850492115201,0.0,0.0,0.286876610978595,-0.286876610978595,0.0,0.0,0.0,0.0011924850973316504,-0.13407910661767178,0.0,0.0,0.26269365399753875,0.0,-9.173979675264563e-05,0.0,6.723612370764751e-05,0.0007795688521306279,0.0,-1.3216750400634126e-05,0.0,0.0,-0.0028124075129856586,0.0,0.0,0.0,0.0,-0.0007348409893970176,0.0,0.0,-6.908187462401587e-05,0.0,0.0,0.0,0.0,0.0,0.0,0.00041330851665328687,0.0007712382646449206
0.0,-4.441980174688564e-07,0.0,0.0,0.021177844123039757,0.0,0.0,0.28650162160894105,-0.28650162160894105,0.0,0.0,0.0,0.001641027224783407,-0.1335304089378198,0.0,0.0,0.264101348584401,0.0,-0.00010483076801640896,0.0,0.0001881818500163248,0.0,0.0,-1.5102737789090425e-05,0.0,0.0,-0.002517783002285452,0.0,0.0,0.0,0.0,-0.0008397004137269974,0.0,0.0,-7.89396339341684e-05,0.0,0.0,0.0,0.0,0.0,-0.001447567545633045,0.0004722863006259856,0.0008812914620288595
0.0,-4.133806055188783e-07,0.0,0.0,0.02374999135050405,0.0,0.0,0.28683189487653793,-0.28683189487653793,0.0,0.0,0.0,0.0015271766220827199,-0.1333595701127138,0.0,0.0,0.2619442838617556,0.0006735693598466132,-9.75578563059897e-05,0.0,0.00017512623660654933,0.0,0.0,-1.405494542236395e-05,0.0,0.0,-0.002679889829245303,0.0,0.0,0.0,0.0,-0.0007814439773028833,0.0,0.0,-7.346298810852532e-05,0.0,0.0,0.0,0.0,0.0,0.0,0.0004395201897647577,0.0008201495366594019
0.0,-4.066937466181558e-07,0.0,0.0,0.02316191107965263,0.0,0.0,0.28681381639226855,-0.28681381639226855,0.0,0.0,0.0,0.0016553976555735597,-0.13341125337954848,0.0,0.0,0.26232878822972966,0.0,-9.597975706508246e-05,0.0,0.00047814277874661063,0.0,0.0,-1.3827592141532752e-05,0.0,0.0,-0.0027384896358665684,0.0,0.0,0.0,0.0,-0.0007688033126338556,0.0004077991868934737,0.0,-7.22746482847676e-05,0.0,0.0,0.0,0.0,0.0,0.0,0.0004324104960497208,0.0008068827695302316
0.0,-3.981250076361458e-07,0.0,0.0,0.0231618264582551,0.0,0.0,0.28662589792718113,-0.28662589792718113,0.0,0.0,0.0,0.001975370447305897,-0.13233027379213508,-0.0011532651204983007,0.0,0.2626567513513069,0.0,-9.395753397292463e-05,0.0,0.0006011377134218131,0.0,0.0,-1.353625491592812e-05,0.0,0.0,-0.0027251480183684944,0.0,0.0,0.0,0.0,-0.0007526051906581832,0.0,0.0,-7.075187444986472e-05,0.0,0.0,0.0,0.0,0.0,0.0,0.00042329992401722203,0.0007898823413242937
0.0,-5.219893731213638e-07,0.0,0.0,0.0233541124500742,0.0,0.0,0.2837433609702689,-0.2837433609702689,0.007891722591825596,0.0,0.0,0.0,-0.13374698870481566,0.0,0.0,0.2602086733758012,0.0,-0.0001231895342363904,0.0,0.0003101660535990417,0.0,0.0,-1.774764479108997e-05,0.0,0.0,-0.00275601815942474,0.0,0.0,0.0,0.0,-0.0009867551752453202,0.0014339915761206734,0.0,-9.276414664461105e-05,0.0,0.0,0.0,0.0,0.0,0.0,0.0005549966913457708,0.001035629966164601
0.0,-6.159029323660186e-07,0.0,0.0,0.023607889105932468,0.0,0.0,0.27839337028641337,-0.27839337028641337,0.01833549404337017,0.0,0.0,0.0,-0.12679026235619675,-0.007895942759750165,0.0,0.2596483811166222,0.0,-0.00014535314180688555,0.0,0.0009299653961719227,0.0,0.0,-2.0940706903780906e-05,0.0,0.0,-0.0026878704166208903,0.0,0.0,0.0,0.0,-0.0011642869323694738,0.0,0.0,-0.000109453779863759,0.0,0.0,0.0,0.0,0.0,0.0,0.0006548487522059638,0.001221955016426354
0.0,-5.30360285616985e-07,0.0,0.0,0.03174691066614923,0.0,0.0,0.28829362763890354,-0.28829362763890354,0.0,0.0,0.0,0.0,-0.1278735513003784,0.0,0.0,0.2563632460247095,0.0,-0.00012516507026177497,0.0,0.0003151400492922186,0.0,0.0,-1.8032255913843695e-05,0.0,0.0,-0.0028002152025770415,0.0,0.0,0.0,0.0,-0.0010025793311609608,0.0014569878642086557,0.0,-9.42517641982973e-05,0.0,0.0,0.0,0.0,0.0,0.0,0.0005638969275916429,0.0010522379054656783
0.0,-6.393484725875524e-07,0.0,0.0,0.04354003941602386,0.0,0.0,0.2889909541222045,-0.2889909541222045,0.0,0.0,0.0,0.0,-0.11258330951480998,-0.008196517142225478,0.0,0.2504989303643856,0.0,-0.00015088629119370224,0.0,0.0009653663334865481,0.0,0.0,-2.1737855545522026e-05,0.0,0.0,-0.0027901894195862882,0.0,0.0,0.0,0.0,-0.0012086077736380982,0.0,0.0,-0.00011362035037891547,0.0,0.0,0.0,0.0,0.0,0.0,0.0006797768406303619,0.0012684711052140321
0.0,-4.284265256186657e-07,0.0,0.0,0.025880635216799473,0.0,0.0,0.2875961209726545,-0.2875961209726545,0.0,0.0,0.0,0.0,-0.1320541726838798,0.0,0.0,0.26064701305291205,0.0,-0.00010110869466533655,0.0,4.0481987469032406e-05,0.0011556561330328462,0.0,-1.4566506881727344e-05,0.0,0.0,-0.002722153869585342,0.0,0.0,0.0,0.0,-0.0008098863945038575,0.0,0.0,-7.613683935992863e-05,0.0,0.0,0.0,0.0,0.0,0.0,0.0004555175190278064,0.0008500007300480367
0.0,-5.762724974169009e-07,0.0,0.0,0.025485026165749516,0.0,0.0,0.2873572605302973,-0.2873572605302973,0.0,0.0,0.0,0.0,-0.12943649925201597,0.0,0.0,0.26198950397785825,0.0,-0.00013600035595652632,0.0,5.4451941287928994e-05,0.0,0.0,-1.9593271652010352e-05,0.0,0.0,-0.002107081398700629,0.0,0.0,0.0,0.0,-0.001089370585798233,0.0,0.0,-0.00010241094782825907,0.0,0.0,0.0,0.0,0.0,-0.0031089244298135093,0.0006127123383134147,0.001143328001933665
0.0,-4.967396988833873e-07,0.0,0.0,0.030007336557742896,0.0,0.0,0.2878961820808573,-0.2878961820808573,0.0,0.0,0.0,0.0,-0.12966166136234733,0.0,0.0,0.2579899304658544,0.0013399270241414415,-0.00011723060907590881,0.0,4.69368936401171e-05,0.0,0.0,-1.6889155571689422e-05,0.0,0.0,-0.002486241374028324,0.0,0.0,0.0,0.0,-0.0009390238458150008,0.0,0.0,-8.827695858226763e-05,0.0,0.0,0.0,0.0,0.0,0.0,0.0005281503868399178,0.0009855344649470636
0.0,-5.021869347720641e-07,0.0,0.0,0.030142879073509543,0.0,0.0,0.28808598061942386,-0.28808598061942386,0.0,0.0,0.0,0.0,-0.12892258566258613,0.0,0.0,0.2578517777505565,0.0,-0.00011851615718580459,0.0,0.0006280033021428547,0.0,0.0,-1.7074361655612968e-05,0.0,0.0,-0.002610264055234529,0.0,0.0,0.0,0.0,-0.0009493211592867144,0.0009675861660463658,0.0,-8.924500163985594e-05,0.0,0.0,0.0,0.0,0.0,0.0,0.000533942071596099,0.0009963418127774367
0.0,-5.662959270450338e-07,0.0,0.0,0.037264231041623616,0.0,0.0,0.2884926653180909,-0.2884926653180909,0.0,0.0,0.0,0.0,-0.11955790800529029,-0.005091836616605933,0.0,0.2543987756595237,0.0,-0.00013364588454260133,0.0,0.001071876579288232,0.0,0.0,-1.925406814268519e-05,0.0,0.0,-0.002579786752012974,0.0,0.0,0.0,0.0,-0.0010705111358696418,0.0,0.0,-0.00010063798446034201,0.0,0.0,0.0,0.0,0.0,0.0,0.000602104912506535,0.00112353442802454
0.0,-4.3087251072691583e-07,0.0,0.0,0.02602839368773199,0.0,0.0,0.2876068648009259,-0.2876068648009259,0.0,0.0,0.0,0.0,-0.13158469398879646,0.0,0.0,0.26131950238579243,0.0,-0.00010168594734853327,0.0,0.0008563172391951096,0.00034664990765132826,0.0,-1.4649670404015039e-05,0.0,0.0,-0.0023298932037738207,0.0,0.0,0.0,0.0,-0.0008145102213256685,0.0,0.0,-7.65715220047408e-05,0.0,0.0,0.0,0.0,0.0,0.0,0.00045811817281897894,0.0008548535787942645
0.0,-4.4368959035374766e-07,0.0,0.0,0.026683667971697175,0.0,0.0,0.2875951702856686,-0.2875951702856686,0.0,0.0,0.0,0.0,-0.13121537832865232,0.0,0.0,0.26088280451763335,0.0,-0.00010471077917615946,0.0,0.0007628027279101875,0.0,0.0,-1.5085451261230383e-05,0.0,0.0,-0.0022802128661806183,0.0,0.0,0.0,0.0,-0.0008387392962926163,0.0,0.0,-7.884927997316338e-05,0.0,0.0,0.0,0.0005949360568493189,0.0,0.0,0.0004717457237843759,0.0008802827396618339
0.0,-4.226675219104179e-07,0.0,0.0,0.025532742018613094,0.0,0.0,0.2875708249286815,-0.2875708249286815,0.0,0.0,0.0,0.0,-0.13162932781365605,0.0,0.0,0.26212409440129086,0.0,-9.97495693248294e-05,0.0,0.0011800593684647598,0.0,0.0,-1.4370700688292084e-05,0.0,0.0,-0.0021155013033866627,0.0,0.0,0.0,0.0,-0.0007989997232304766,0.0,0.0,-7.511339119790149e-05,0.0,0.0,0.0,0.0,0.0,0.0,0.0004493943522199979,0.0008385748330420306
0.0,-4.575591187448094e-07,0.0,0.0,0.025983953214032757,0.0,0.0,0.28756631821492623,-0.28756631821492623,0.0,0.0,0.0,0.0,-0.13103771346708237,0.0,0.0,0.26167547682067044,0.0,-0.00010798398899718783,0.0,0.0010013843008194192,0.0,0.0,-1.555701538873853e-05,0.0,0.0,-0.0021520928697637436,0.0,0.0,0.0,0.0,-0.0008649578931124219,0.0,0.0,-8.131407146473443e-05,0.0,0.0,0.0,0.0,0.0,-0.0005521801309289341,0.0004864922737410084,0.0009077999650269078
0.0,-4.4490717041484845e-07,0.0,0.0,0.026876207457551194,0.0,0.0,0.287668511117997,-0.287668511117997,0.0,0.0,0.0,0.0,-0.1310385498449319,0.0,0.0,0.26088284084913255,0.0002684559104458669,-0.00010499812816896672,0.0,0.0009736950647986038,0.0,0.0,-1.5126848997548102e-05,0.0,0.0,-0.0022268133937628793,0.0,0.0,0.0,0.0,-0.00084104097806706,0.0,0.0,-7.90656594267605e-05,0.0,0.0,0.0,0.0,0.0,0.0,0.0004730402959349901,0.0008826984256171633
0.0,-4.433482488891528e-07,0.0,0.0,0.02675056284850731,0.0,0.0,0.28768863998684585,-0.28768863998684585,0.0,0.0,0.0,0.0,-0.13098329613459792,0.0,0.0,0.26099682470782876,0.0,-0.0001046302225629327,0.0,0.0011119090363445824,0.0,0.0,-1.5073845647441972e-05,0.0,0.0,-0.002234746997619931,0.0,0.0,0.0,0.0,-0.0008380940332392696,0.00015736191821654418,0.0,-7.878861925609125e-05,0.0,0.0,0.0,0.0,0.0,0.0,0.0004713827980367951,0.0008796055162016796
0.0,-4.427676258647339e-07,0.0,0.0,0.026993574390740797,0.0,0.0,0.2876826003351122,-0.2876826003351122,0.0,0.0,0.0,0.0,-0.1304289407389594,-0.00041102294529177735,0.0,0.2610257415097484,0.0,-0.00010449319548225217,0.0,0.001195075215852891,0.0,0.0,-1.5054104457821015e-05,0.0,0.0,-0.002195553571121571,0.0,0.0,0.0,0.0,-0.0008369964385300404,0.0,0.0,-7.868543516431492e-05,0.0,0.0,0.0,0.0,0.0,0.0,0.00047076546007157046,0.0008784535567287547
0.0,-4.0400492814600344e-07,0.0,0.0,0.02369944184209805,0.0,0.0,0.2870854681384712,-0.2870854681384712,0.0,0.0,0.0,0.0008823993892172408,-0.13326244255986858,0.0,0.0,0.2622019798656532,0.0,-9.53451956883825e-05,0.0,0.00039113414840223214,0.0005603406323232078,0.0,-1.3736172282032307e-05,0.0,0.0,-0.0026552228699997823,0.0,0.0,0.0,0.0,-0.0007637204399178345,0.0,0.0,-7.179681106451929e-05,0.0,0.0,0.0,0.0,0.0,0.0,0.00042955165364312077,0.0008015481379711895
0.0,-4.186845588691148e-07,0.0,0.0,0.024145781351438102,0.0,0.0,0.28689826971079474,-0.28689826971079474,0.0,0.0,0.0,0.001163333370930236,-0.13312713512080693,0.0,0.0,0.26169133377834836,0.0,-9.880958972523549e-05,0.0,7.351710774859638e-05,0.0,0.0,-1.4235279898304751e-05,0.0,0.0,-0.0026687438748226296,0.0,0.0,0.0,0.0,-0.0007914704331793879,0.0,0.0,-7.44055680377591e-05,0.0,0.0,0.0,0.0010784442761219712,0.0,0.0,0.00044515953169777667,0.0008306726110963347
0.0,-4.438441895452368e-07,0.0,0.0,0.02288153250669768,0.0,0.0,0.2868469266870515,-0.2868469266870515,0.0,0.0,0.0,0.001161787365406408,-0.1328027321922105,0.0,0.0,0.2631262851635023,0.0,-0.0001047472645978434,0.0,0.0005066537474387611,0.0,0.0,-1.5090707635549137e-05,0.0,0.0,-0.0024361220023096293,0.0,0.0,0.0,0.0,-0.0008390315465952967,0.0,0.0,-7.887675421461139e-05,0.0,0.0,0.0,0.0,0.0,-0.0010003439668833218,0.0004719100988544048,0.0008805894653610441
0.0,-4.2209863277769993e-07,0.0,0.0,0.0246144825289162,0.0,0.0,0.28706324400138805,-0.28706324400138805,0.0,0.0,0.0,0.0011048671359625184,-0.13271773938901874,0.0,0.0,0.26165076348780214,0.0004756667211995073,-9.961531144353843e-05,0.0,0.0004818309197755143,0.0,0.0,-1.435135845112619e-05,0.0,0.0,-0.0025546007998854814,0.0,0.0,0.0,0.0,-0.0007979243099658472,0.0,0.0,-7.501229236783065e-05,0.0,0.0,0.0,0.0,0.0,0.0,0.00044878949012383475,0.0008374461536787992
0.0,-4.17253837290858e-07,0.0,0.0,0.024187281466086678,0.0,0.0,0.28704776082633415,-0.28704776082633415,0.0,0.0,0.0,0.0012006949343749576,-0.13276177864757324,0.0,0.0,0.2619269615960812,0.0,-9.847193931715634e-05,0.0,0.0006933191758703457,0.0,0.0,-1.4186635347910914e-05,0.0,0.0,-0.002597618960810997,0.0,0.0,0.0,0.0,-0.000788765834207884,0.00028935820176721907,0.0,-7.415131062730762e-05,0.0,0.0,0.0,0.0,0.0,0.0,0.00044363834030374243,0.0008278340511256195
0.0,-4.1097751895425857e-07,0.0,0.0,0.02417179746515775,0.0,0.0,0.28691008134412604,-0.28691008134412604,0.0,0.0,0.0,0.0014359725080797707,-0.13199980502714975,-0.0008233497576041046,0.0,0.26216714834001154,0.0,-9.69907276825562e-05,0.0,0.0007778921870049469,0.0,0.0,-1.3973240451061409e-05,0.0,0.0,-0.0025902129612064436,0.0,0.0,0.0,0.0,-0.0007769012447755495,0.0,0.0,-7.303592908020244e-05,0.0,0.0,0.0,0.0,0.0,0.0,0.00043696514715075544,0.0008153817988743855
0.0,-7.675737114823775e-08,0.0,0.0,0.0,0.0,0.0,0.2821894960567558,-0.2821894960567558,0.0,0.0,0.0,0.0026136130049227483,-0.14902477179590268,0.00424318814100936,0.0,0.27756831264817095,0.0,-1.81147457934219e-05,0.0,0.000115897644446618,0.0,0.0,-2.6097515167613427e-06,0.0,0.0,-0.0016417843964200442,0.0,0.0,0.0,0.0,-0.00014510014402369743,0.0,0.0,-1.3640760520989516e-05,0.0,0.0,0.0,0.0,0.0,0.0,8.161102355194242e-05,0.0001522870728378814
0.0,-7.648091773095056e-08,0.0,0.0,0.0,0.0,0.0,0.2821687262896717,-0.2821687262896717,0.0,0.0,0.0,0.002516354482251916,-0.14907367091385162,0.00434503257699008,0.0,0.2775641867802473,0.0,-1.8049502764603095e-05,0.0,0.00014476195318239822,0.0,0.0,-2.600352097340298e-06,0.0,0.0,-0.0016065895268608159,0.0,0.0,0.0,0.0,-0.00014457754365236966,0.0,0.0,-1.3591631234720175e-05,0.0,0.0,0.0,0.0,0.0,0.0,8.131708896283739e-05,0.0001517385876427151
0.0,-6.235847516666716e-08,0.0,0.0,0.0,0.0,0.0,0.2820418243693076,-0.2820418243693076,0.0,0.0,0.0,0.0,-0.1495866707822386,0.0062783108730793315,0.0,0.27828752759605924,0.0,-1.4716605178257495e-05,0.0,0.0008019317669414135,0.0,0.0,-2.1201888849846372e-06,0.0,0.0,-0.0006260271411952814,0.0,0.0,0.0,0.0,-0.00011788084443782182,0.0,0.0,-1.1081893679759089e-05,0.0,0.0,0.0,0.0,0.0,0.0,6.630163213460875e-05,0.00012371957908023645
0.0,-4.090760459298687e-07,0.0,0.0,0.024547776348491215,0.0,0.0,0.2873393953664365,-0.2873393953664365,0.0,0.0,0.0,0.0,-0.13235530023136782,0.0002732066596953308,0.0,0.2627109406913832,0.0,-9.654197989515022e-05,0.0,0.001169433545218331,0.0,0.0,-1.3908590345993342e-05,0.0,0.0,-0.002061134679812665,0.0,0.0,0.0,0.0,-0.0007733067494773285,0.0,0.0,-7.269801315402082e-05,0.0,0.0,0.0,0.0,0.0,0.0,0.0004349434369559499,0.0008116092652840246
0.0,-4.1153558801337653e-07,0.0,0.0,0.021266791026103782,0.0,0.0,0.28449556783937785,-0.28449556783937785,0.0,0.0,0.0,0.0,-0.13787158232808605,0.005343180763354955,0.0,0.25971903624481835,0.0,-9.712243202560325e-05,0.0,0.0001329846774582217,0.0,0.0,-1.3992214805598358e-05,0.0,0.0,-0.002520732830480733,0.0,0.0,0.0,0.0,-0.0007779562040536208,0.0019378914432951794,0.0,-7.31351050456599e-05,0.0,0.0,0.0,0.0,0.0,0.0,0.0004375585049800554,0.0008164890111483746
0.0,-3.654358804496771e-07,0.0,0.0,0.0,0.0,0.0,0.27336633921818865,-0.27336633921818865,0.02488641690878437,0.0,0.0,0.0,-0.14332937551504416,-0.00468492783969209,0.0,0.2762516609569174,0.0,-8.624289731544821e-05,0.0,0.0005517796806589284,0.0,0.0,-1.2424824209270188e-05,0.0,0.0,-0.00159480372736522,0.0,0.0,0.0,0.0,-0.0006908105122864439,0.0,0.0,-6.49426010352029e-05,0.0,0.0,0.0,0.0,0.0,0.0,0.0003885437424440522,0.0007250269219895367
0.0,-3.1047462402866443e-07,0.0,0.0,0.0,0.0,0.0,0.2766043870742851,-0.2766043870742851,0.01858474403240388,0.0,0.0,0.0,-0.14736051713546094,0.0,0.0,0.2764969825887699,0.0,-7.327203635890307e-05,0.0,0.00018448400261824368,0.0,0.0,-1.0556140848152498e-05,0.0,0.0,-0.0016392550230416695,0.0,0.0,0.0,0.0,-0.0005869131783481724,0.0008529254011323018,0.0,-5.517528715307625e-05,0.0,0.0,0.0,0.0,0.0,0.0,0.00033010708254910747,0.0006159834681213229
0.0,-2.1491213071833855e-07,0.0,0.0,0.0,0.0,0.0,0.27923968151936973,-0.27923968151936973,0.011880456440619563,0.0,0.0,0.0013775984764426265,-0.1469724577208233,0.0,0.0,0.2781813366706487,0.0,-5.0719280215666175e-05,0.0,0.00032450055728401454,0.0,0.0,-7.307014957943524e-06,0.0,0.0,-0.0016267002092585719,0.0,0.0,0.0,0.0,-0.0004062643190247736,0.0,0.0,-3.819261739075017e-05,0.0,0.0,0.0,0.0,0.0,0.0,0.00022850181942500166,0.00042638692303884757
0.0,-2.5263212354167665e-07,0.0,0.0,0.0,0.0,0.0,0.2781033006973571,-0.2781033006973571,0.015261146176665892,0.0,0.0,0.0,-0.1473877273786963,0.0,0.0,0.27747324977438725,0.0,-5.962120156996669e-05,0.0,2.387118875219249e-05,0.0006814607535106606,0.0,-8.589495155093861e-06,0.0,0.0,-0.0016051842534433756,0.0,0.0,0.0,0.0,-0.0004775692153411041,0.0,0.0,-4.489593957674469e-05,0.0,0.0,0.0,0.0,0.0,0.0,0.0002686069868719097,0.0005012236091916137
0.0,-2.238066976645736e-07,0.0,0.0,0.0,0.0,0.0,0.2789717171179673,-0.2789717171179673,0.012714902241655616,0.0,0.0,0.0010061763503726431,-0.14697140351605245,0.0,0.0,0.2782123199860774,0.0,-5.2818398733709904e-05,0.0,0.0004236180167607343,0.0,0.0,-7.609430338142553e-06,0.0,0.0,-0.00152264972608712,0.0,0.0,0.0,0.0,-0.0004230783777349742,0.0,0.0,-3.977329499651634e-05,0.0,0.0,0.0,0.0,0.0,0.0,0.0002379588227287187,0.0004440337958295634
0.0,-3.2011106415634806e-07,0.0,0.0,0.0,0.0,0.0,0.27524801628261486,-0.27524801628261486,0.021064415412533143,0.0,0.0,0.0,-0.1447327556586185,-0.002878271165320185,0.0,0.27704012056131716,0.0,-7.55462370077163e-05,0.0,0.0006059015014122397,0.0,0.0,-1.088377992519741e-05,0.0,0.0,-0.0014582804555782194,0.0,0.0,0.0,0.0,-0.0006051296548830744,0.0,0.0,-5.68878050531842e-05,0.0,0.0,0.0,0.0,0.0,0.0,0.0003403528704187632,0.0006351022216386669
0.0,-3.57343951183005e-07,0.0,0.0,0.0,0.0,0.0,0.27770271625167076,-0.27770271625167076,0.01580314866125366,0.0,0.0,0.0,-0.1458230262074823,0.0,0.0,0.2777754346048143,0.0,-8.43332013546391e-05,0.0,3.3765400807140596e-05,0.0,0.0,-1.2149698519563606e-05,0.0,0.0,-0.0013065915792458448,0.0,0.0,0.0,0.0,-0.0006755137390324962,0.0,0.0,-6.350456234747494e-05,0.0,0.0,0.0,0.0,0.0,-0.0019278298802367037,0.0003799401305682931,0.0007089724870447443
0.0,-2.807568671157182e-07,0.0,0.0,0.0,0.0,0.0,0.2772559935578449,-0.2772559935578449,0.01696012181304764,0.0,0.0,0.0,-0.1475134403496162,0.0,0.0,0.27731312668390684,0.0007573256462233194,-6.62586433260818e-05,0.0,2.6528693479029824e-05,0.0,0.0,-9.5457367655462e-06,0.0,0.0,-0.0014052215690325517,0.0,0.0,0.0,0.0,-0.0005307355012909152,0.0,0.0,-4.98940640053006e-05,0.0,0.0,0.0,0.0,0.0,0.0,0.0002985101619791013,0.0005570232647704269
0.0,-2.8871151261610755e-07,0.0,0.0,0.0,0.0,0.0,0.27717528121088175,-0.27717528121088175,0.017329395906859554,0.0,0.0,0.0,-0.1472241881031304,0.0,0.0,0.27712277838918337,0.0,-6.813594030695488e-05,0.0,0.00036104440545007204,0.0,0.0,-9.816194805593557e-06,0.0,0.0,-0.001500662863832311,0.0,0.0,0.0,0.0,-0.0005457727568729864,0.0005562734636106396,0.0,-5.1307705622737224e-05,0.0,0.0,0.0,0.0,0.0,0.0,0.00030696780912840095,0.0005728053279207897
0.0,-2.4003679793781635e-07,0.0,0.0,0.0,0.0,0.0,0.27848275693241703,-0.27848275693241703,0.014500280525502951,0.0,0.0,0.0,-0.14683810600088143,0.0,0.0,0.27853160365441165,0.0,-5.6648703709680795e-05,0.0,0.000670166638076435,0.0,0.0,-8.161253937253092e-06,0.0,0.0,-0.0012014127714450615,0.0,0.0,0.0,0.0,-0.0004537593384288794,0.0,0.0,-4.265759011693401e-05,0.0,0.0,0.0,0.0,0.0,0.0,0.00025521521225633755,0.00047623440960128954
0.0,-3.629687526816398e-07,0.0,0.0,0.02046046038071997,0.0,0.0,0.2864709082189866,-0.2864709082189866,0.0,0.0,0.0,0.0018324551942514105,-0.13499527584301582,0.0,0.0,0.2646183466651552,0.0006468933705454285,-8.566065496283328e-05,0.0,0.0,0.0,0.0,-1.2340941836302454e-05,0.0,0.0,-0.0025496839286399987,0.0,0.0,0.0,0.0,-0.0006861467179288215,0.0,0.0,-6.450416107100082e-05,0.0,0.0,0.0,0.0,0.0,0.0,0.0003859206090645349,0.0007201321260827586
0.0,-3.747194768240425e-07,0.0,0.0,0.020761125982859105,0.0,0.0,0.28597866040103376,-0.28597866040103376,0.0,0.0,0.0,0.0015300591040210401,-0.13583883448191877,0.001085159586391509,0.0,0.2634186456002581,0.0008486957807928912,-8.843382680996652e-05,0.0,0.0,0.0,0.0,-1.2740466594575568e-05,0.0,0.0,-0.0025417972461707627,0.0,0.0,0.0,0.0,-0.0007083599821396622,0.0,0.0,-6.659241411532625e-05,0.0,0.0,0.0,0.0,0.0,0.0,0.00039841437494515574,0.0007434456314386935
0.0,-4.933243199906087e-07,0.0,0.0,0.029661175866928784,0.0,0.0,0.2877346785621955,-0.2877346785621955,0.0,0.0,0.0,0.0,-0.13006370418899174,0.00023307087383525287,0.0,0.25803405009500535,0.00140063549640145,-0.00011642457938123076,0.0,0.0,0.0,0.0,-1.6773032649390146e-05,0.0,0.0,-0.0024808005394565875,0.0,0.0,0.0,0.0,-0.0009325675021202617,0.0,0.0,-8.767000233991715e-05,0.0,0.0,0.0,0.0,0.0,0.0,0.0005245190409106902,0.0009787583332683345
0.0,-4.390213579540267e-07,0.0,0.0,0.025267224310093032,0.0,0.0,0.28654458521067594,-0.28654458521067594,0.0,0.0,0.0,0.0005644901682488097,-0.1335283064479913,0.0013363957980597663,0.0,0.2601132707317911,0.0012464597278327625,-0.00010360907595260522,0.0,0.0,0.0,0.0,-1.4926731305042226e-05,0.0,0.0,-0.0024899700583686226,0.0,0.0,0.0,0.0,-0.0008299145908160901,0.0,0.0,-7.801967573752664e-05,0.0,0.0,0.0,0.0,0.0,0.0,0.0004667823017882811,0.000871020939305129
0.0,-4.895976253557966e-07,0.0,0.0,0.025659983583505373,0.0,0.0,0.2855610592221485,-0.2855610592221485,0.003777124382275532,0.0,0.0,0.0,-0.13285829499458462,0.00023131019847453008,0.0,0.2598619210731386,0.0013900547474331728,-0.00011554507914627672,0.0,0.0,0.0,0.0,-1.6646324988220715e-05,0.0,0.0,-0.0024620599550463,0.0,0.0,0.0,0.0,-0.0009255226552195092,0.0,0.0,-8.700772133305264e-05,0.0,0.0,0.0,0.0,0.0,0.0,0.0005205566935939071,0.0009713645493384482
0.0,-5.176047269056073e-07,0.0,0.0,0.020223644925252186,0.0,0.0,0.2808974670245847,-0.2808974670245847,0.012680939321306746,0.0,0.0,0.0,-0.13374189866096314,-0.002728035186944224,0.0,0.26241597412082396,0.001172314157690616,-0.0001221547573751672,0.0,0.0,0.0,0.0,-1.7598566768473316e-05,0.0,0.0,-0.0024542715657728293,0.0,0.0,0.0,0.0,-0.000978466553737289,0.0,0.0,-9.19849392785473e-05,0.0,0.0,0.0,0.0,0.0,0.0,0.0005503347877366704,0.001026930802453826
0.0,-4.886479449054701e-07,0.0,0.0,0.0199507299496043,0.0,0.0,0.28263860594063905,-0.28263860594063905,0.009396100727620144,0.0,0.0,0.0,-0.1360607650734444,0.0,0.0,0.2626156197212187,0.0006774940176464804,-0.00011532095448326,0.0,0.0,0.0,0.0,-1.6614035841802556e-05,0.0,0.0,-0.0025315884645529816,0.0,0.0,0.0,0.0,-0.00092372740392237,0.0008584728322835979,0.0,-8.683895104557951e-05,0.0,0.0,0.0,0.0,0.0,0.0,0.0005195469613370696,0.000969480377776185
0.0,-4.1602774630988433e-07,0.0,0.0,0.020640217382963004,0.0,0.0,0.28497513142999414,-0.28497513142999414,0.0036143557383729224,0.0,0.0,0.0010963369069902657,-0.13545240365639402,0.0,0.0,0.26354250483952607,0.0009422541789888623,-9.818258174657136e-05,0.0,0.0,0.0,0.0,-1.4144948240217977e-05,0.0,0.0,-0.002520803198245258,0.0,0.0,0.0,0.0,-0.0007864480636112092,0.0,0.0,-7.393341867506624e-05,0.0,0.0,0.0,0.0,0.0,0.0,0.0004423347190563209,0.0008254014794555345
0.0,-4.944353895600871e-07,0.0,0.0,0.025586498387902855,0.0,0.0,0.28543941019357855,-0.28543941019357855,0.004281638130960837,0.0,0.0,0.0,-0.1327811863947381,0.0,0.0,0.2599535278288255,0.0013804304407249103,-0.00011668679188940851,0.0,0.0,0.0,0.0,-1.6810809027747007e-05,0.0,0.0,-0.002474708031331885,0.0,0.0,0.0,0.0,-0.0009346678392232656,0.0,0.0,-8.78674535252912e-05,0.0,0.0,0.0,0.0,0.0,0.0,0.0005257003675174526,0.0009809627017859635
0.0,-4.7166852538780407e-07,0.0,0.0,0.022406329600823907,0.0,0.0,0.2843080625289128,-0.2843080625289128,0.006086493132735706,0.0,0.0,0.0,-0.13467515155812881,0.0,0.0,0.26199771596706933,0.0013168668831663962,-0.00011131381010505591,0.0,0.0,0.0,0.0,-1.603673537961791e-05,0.0,0.0,-0.00236075716372607,0.0,0.0,0.0,0.0,-0.0008916299495594,0.0,0.0,-8.382149237078207e-05,0.0,0.0,0.0,0.0,0.0,0.0,0.0005014938703384423,0.000935793110245383
0.0,-4.134127830410378e-07,0.0,0.0,0.02379076001920247,0.0,0.0,0.2868542218544615,-0.2868542218544615,0.0,0.0,0.0,0.0014786455339709625,-0.1333115708577118,0.0,0.0,0.2619646735894932,0.0008584916515589022,-9.756545020381947e-05,0.0,0.0,0.0,0.0,-1.4056039458493709e-05,0.0,0.0,-0.0026606384463326092,0.0,0.0,0.0,0.0,-0.0007815048048563786,0.0,0.0,-7.346870646322366e-05,0.0,0.0,0.0,0.0,0.0,0.0,0.0004395544019906264,0.000820213377051374
0.0,-4.1925440115528287e-07,0.0,0.0,0.023969049277702967,0.0,0.0,0.2866447870214976,-0.2866447870214976,0.0,0.0,0.0,0.00134165946115424,-0.13365596730762222,0.0004736390272455854,0.0,0.26140354369057,0.0009495621747636604,-9.89440725508177e-05,0.0,0.0,0.0,0.0,-1.4254654542699097e-05,0.0,0.0,-0.0026587639631950773,0.0,0.0,0.0,0.0,-0.0007925476482605831,0.0,0.0,-7.450683625531361e-05,0.0,0.0,0.0,0.0,0.0,0.0,0.00044576540721880695,0.0008318031815215802
0.0,-4.3824714313209395e-07,0.0,0.0,0.024064685881917288,0.0,0.0,0.28626257234241564,-0.28626257234241564,0.001485286379779913,0.0,0.0,0.0011548905611715563,-0.13339828052201635,0.0,0.0,0.2613631559059598,0.0009925785135940454,-0.0001034263611920681,0.0,0.0,0.0,0.0,-1.4900407992041632e-05,0.0,0.0,-0.0026554353882117087,0.0,0.0,0.0,0.0,-0.0008284510351928685,0.0,0.0,-7.788208792257414e-05,0.0,0.0,0.0,0.0,0.0,0.0,0.00046595913050034073,0.000869484892574814
0.0,-5.195898924965071e-07,0.0,0.0,0.023967152263748667,0.0,0.0,0.28401705544439415,-0.28401705544439415,0.007237965358596118,0.0,0.0,0.0,-0.1336638999544685,0.0,0.0,0.2599730715314851,0.00072039399216968,-0.00012262325661503237,0.0,0.0,0.0,0.0,-1.7666062421781553e-05,0.0,0.0,-0.0026918925820857507,0.0,0.0,0.0,0.0,-0.000982219259293009,0.0009128326667242952,0.0,-9.233772843761942e-05,0.0,0.0,0.0,0.0,0.0,0.0,0.0005524454826884366,0.0010308693825851435
0.0,-5.524532726814519e-07,0.0,0.0,0.024512475116913218,0.0,0.0,0.2822458767601267,-0.2822458767601267,0.010607461599872393,0.0,0.0,0.0,-0.13103731366344443,-0.0029117044120277836,0.0,0.25959284676755656,0.001251242037333806,-0.00013037901699422977,0.0,0.0,0.0,0.0,-1.878341773242566e-05,0.0,0.0,-0.0026195092279508742,0.0,0.0,0.0,0.0,-0.0010443433410145138,0.0,0.0,-9.817796882505164e-05,0.0,0.0,0.0,0.0,0.0,0.0,0.000587386935921512,0.0010960705208870063
0.0,-4.395528669049081e-07,0.0,0.0,0.025626096445732747,0.0,0.0,0.28711546973566066,-0.28711546973566066,0.0,0.0,0.0,0.0011583314690801468,-0.13230601879760243,0.0,0.0,0.26065215571968137,0.0009955358251975432,-0.00010373451210796223,0.0,0.0,0.0,0.0,-1.4944802615588496e-05,0.0,0.0,-0.002663347054420825,0.0,0.0,0.0,0.0,-0.000830919341554281,0.0,0.0,-7.811413163414319e-05,0.0,0.0,0.0,0.0,0.0,0.0,0.0004673474200154893,0.0008720754561691909
0.0,-4.987059463521639e-07,0.0,0.0,0.030126114762271377,0.0,0.0,0.2879048186931868,-0.2879048186931868,0.0,0.0,0.0,0.0,-0.12960942961572683,0.0,0.0,0.25788018899873744,0.0013923535488177033,-0.00011769464363742419,0.0,0.0,0.0,0.0,-1.6956008008624212e-05,0.0,0.0,-0.0024960826768664897,0.0,0.0,0.0,0.0,-0.0009427407890432247,0.0,0.0,-8.862638575056897e-05,0.0,0.0,0.0,0.0,0.0,0.0,0.0005302409674067452,0.0009894355114135533
0.0,-5.27221920490107e-07,0.0,0.0,0.03166347590582296,0.0,0.0,0.2881888573772541,-0.2881888573772541,0.0,0.0,0.0,0.0,-0.12828294968774928,0.0,0.0,0.25644742127588127,0.0007309755434932503,-0.00012442441583823376,0.0,0.0,0.0,0.0,-1.792555146282487e-05,0.0,0.0,-0.0027314326113259853,0.0,0.0,0.0,0.0,-0.000996646647106038,0.0009262408653180718,0.0,-9.369403682328738e-05,0.0,0.0,0.0,0.0,0.0,0.0,0.0005605601120330485,0.0010460113707170386
0.0,-5.644275600190759e-07,0.0,0.0,0.035881152613805825,0.0,0.0,0.2883634859685604,-0.2883634859685604,0.0,0.0,0.0,0.0,-0.12304013916647472,-0.002974814881267328,0.0,0.2543820814898833,0.0012783623974164373,-0.00013320494977350046,0.0,0.0,0.0,0.0,-1.9190543641951e-05,0.0,0.0,-0.002676286439219433,0.0,0.0,0.0,0.0,-0.001066979223292385,0.0,0.0,-0.00010030595189089426,0.0,0.0,0.0,0.0,0.0,0.0,0.0006001184017248584,0.0011198275769285007
0.0,-7.858811480305994e-08,0.0,0.0,0.0,0.0,0.0,0.28203761931946814,-0.28203761931946814,0.0,0.0,0.0,0.0024979575242433097,-0.14931596568249622,0.0045817164693120185,0.0,0.2773062158489338,0.0001779928868900068,-1.8546801443894568e-05,0.0,0.0,0.0,0.0,-2.6719968224368887e-06,0.0,0.0,-0.0016216117106689245,0.0,0.0,0.0,0.0,-0.00014856093435577054,0.0,0.0,-1.396610693915334e-05,0.0,0.0,0.0,0.0,0.0,0.0,8.355753189760627e-05,0.0001559192789457608
0.0,-7.877298736423112e-08,0.0,0.0,0.0,0.0,0.0,0.28197726861685335,-0.28197726861685335,0.0,0.0,0.0,0.002368117014602379,-0.14944102552416796,0.00477345029496669,0.0,0.27723473487961486,0.00022365052317312346,-1.8590431383269736e-05,0.0,0.0,0.0,0.0,-2.678282491678899e-06,0.0,0.0,-0.001580187507289497,0.0,0.0,0.0,0.0,-0.0001489104126514793,0.0,0.0,-1.3998961143200634e-05,0.0,0.0,0.0,0.0,0.0,0.0,8.375409463442424e-05,0.0001562860671873022
0.0,-7.601287419340232e-08,0.0,0.0,0.0,0.0,0.0,0.2812376794238039,-0.2812376794238039,0.0,0.0,0.0,0.0,-0.15106021001335715,0.007653048816009967,0.0,0.2766613185114036,0.0009775277273744861,-1.7939044451921093e-05,0.0,0.0,0.0,0.0,-2.584438611589621e-06,0.0,0.0,-0.0007631059322433323,0.0,0.0,0.0,0.0,-0.00014369276628582262,0.0,0.0,-1.350845394876594e-05,0.0,0.0,0.0,0.0,0.0,0.0,8.081944930172373e-05,0.00015080998652952353
0.0,-2.788813831773288e-07,0.0,0.0,0.0,0.0,0.0,0.27727485082476816,-0.27727485082476816,0.01676777206644216,0.0,0.0,0.0,-0.14760185859734778,0.0001317573957731526,0.0,0.27725254785837267,0.0007917938539319059,-6.5816028965072e-05,0.0,0.0,0.0,0.0,-9.481970289706105e-06,0.0,0.0,-0.0014024224182661157,0.0,0.0,0.0,0.0,-0.0005271901350869466,0.0,0.0,-4.956076667005021e-05,0.0,0.0,0.0,0.0,0.0,0.0,0.00029651608425630395,0.0005533022936785406
0.0,-4.00028753524249e-07,0.0,0.0,0.02246968511024163,0.0,0.0,0.2859965167776389,-0.2859965167776389,0.0,0.0,0.0,0.0007910425769328159,-0.13536480438841675,0.0017710785753634786,0.0,0.2619127550347695,0.0011357527878981437,-9.440681815635063e-05,0.0,0.0,0.0,0.0,-1.3600982298389026e-05,0.0,0.0,-0.002407162529992865,0.0,0.0,0.0,0.0,-0.0007562039825190303,0.0,0.0,-7.109019429281874e-05,0.0,0.0,0.0,0.0,0.0,0.0,0.00042532405079731794,0.0007936593842895419
0.0,-4.1332503330204887e-07,0.0,0.0,0.021581868481975623,0.0,0.0,0.28460475109763556,-0.28460475109763556,0.0,0.0,0.0,0.0,-0.1376845404186295,0.005099288216129146,0.0,0.2597204858124236,0.000356167795868613,-9.75447412583274e-05,0.0,0.0,0.0,0.0,-1.4053055966341801e-05,0.0,0.0,-0.002487172544741671,0.0,0.0,0.0,0.0,-0.0007813389250252319,0.001634670990890534,0.0,-7.345311221921267e-05,0.0,0.0,0.0,0.0,0.0,0.0,0.0004394611035111686,0.0008200392810565137
0.0,-4.6773902504150984e-07,0.0,0.0,0.022573234029046506,0.0,0.0,0.28445868153348963,-0.28445868153348963,0.005549623327440887,0.0,0.0,0.0,-0.1346912273693201,0.0002209831116685049,0.0,0.26184804103564807,0.0013279942929588734,-0.0001103864477058042,0.0,0.0,0.0,0.0,-1.590313232188616e-05,0.0,0.0,-0.002352138701919187,0.0,0.0,0.0,0.0,-0.0008842017240006153,0.0,0.0,-8.312317021111056e-05,0.0,0.0,0.0,0.0,0.0,0.0,0.0004973158931551245,0.0009279969585989581
0.0,-4.176907314999513e-07,0.0,0.0,0.023762113689492503,0.0,0.0,0.2860089777789571,-0.2860089777789571,0.0,0.0,0.0,0.0,-0.1350340043750294,0.0024499792005717273,0.0,0.2608618752993853,0.0014111624235410326,-9.857504638580593e-05,0.0,0.0,0.0,0.0,-1.4201489756129813e-05,0.0,0.0,-0.0022130908344805697,0.0,0.0,0.0,0.0,-0.0007895917276916528,0.0,0.0,-7.422895228165427e-05,0.0,0.0,0.0,0.0,0.0,0.0,0.00044410286094918194,0.0008287008517891564
0.0,-4.526808044746419e-07,0.0,0.0,0.02626502930557601,0.0,0.0,0.2865704186498961,-0.2865704186498961,0.0,0.0,0.0,0.0,-0.13323805464196478,0.0018012871593580332,0.0,0.2593167361471036,0.0014439831560166855,-0.0001068327064352324,0.0,0.0,0.0,0.0,-1.5391152646498166e-05,0.0,0.0,-0.002355785716343755,0.0,0.0,0.0,0.0,-0.0008557360543156353,0.0,0.0,-8.0447133010355e-05,0.0,0.0,0.0,0.0,0.0,0.0,0.00048130548562097834,0.0008981213610117658
0.0,-2.569330970377634e-07,0.0,0.0,0.0,0.0,0.0,0.2779737263408659,-0.2779737263408659,0.01497929559907738,0.0,0.0,0.0006770828133659959,-0.14738916092788631,0.0,0.0,0.2774843451550883,0.0005819234090796783,-6.06362316625866e-05,0.0,0.0,0.0,0.0,-8.73572830426315e-06,0.0,0.0,-0.0015568138867964375,0.0,0.0,0.0,0.0,-0.00048569966410958853,0.0,0.0,-4.566027723695375e-05,0.0,0.0,0.0,0.0,0.0,0.0,0.00027317992682587887,0.0005097567657376791
0.0,-3.22152060438319e-07,0.0,0.0,0.0,0.0,0.0,0.2755237759987182,-0.2755237759987182,0.02047948765125618,0.0,0.0,0.0,-0.14617461684343286,-0.0016979021070311555,0.0,0.276608074178674,0.0007296367319495454,-7.60279122951857e-05,0.0,0.0,0.0,0.0,-1.0953173822655036e-05,0.0,0.0,-0.0015275143380463802,0.0,0.0,0.0,0.0,-0.0006089879013294497,0.0,0.0,-5.72505160357272e-05,0.0,0.0,0.0,0.0,0.0,0.0,0.0003425229264426422,0.0006391515701872783
0.0,-3.056873636624121e-07,0.0,0.0,0.0,0.0,0.0,0.27665835917277404,-0.27665835917277404,0.01835872921414494,0.0,0.0,0.0,-0.14752029049117032,0.0,0.0,0.27661315724599134,0.00042382529653628735,-7.21422425256293e-05,0.0,0.0,0.0,0.0,-1.0393373939710177e-05,0.0,0.0,-0.0015837058390925644,0.0,0.0,0.0,0.0,-0.0005778634654902288,0.00053704164647074,0.0,-5.4324530134814665e-05,0.0,0.0,0.0,0.0,0.0,0.0,0.0003250171060080275,0.0006064855155835606
0.0,-2.820663662456211e-07,0.0,0.0,0.0,0.0,0.0,0.27721654260395334,-0.27721654260395334,0.017039226787345846,0.0,0.0,0.0,-0.14753515813546272,0.0,0.0,0.2772739422089072,0.0007875103734313045,-6.656768522655397e-05,0.0,0.0,0.0,0.0,-9.590259751278239e-06,0.0,0.0,-0.001411775768190254,0.0,0.0,0.0,0.0,-0.0005332109444894696,0.0,0.0,-5.0126778645813144e-05,0.0,0.0,0.0,0.0,0.0,0.0,0.00029990246558112753,0.0005596213186953267
0.0,-7.167360811064157e-08,0.0,0.0,0.0,0.0,0.0,0.28254663027546406,-0.28254663027546406,0.0,0.0,0.0,0.0027651739258350355,-0.1483534561150078,0.003529268792168536,0.0,0.2782315152099071,0.0,-1.691497730575186e-05,0.0,0.0,0.0,0.0,-2.4369035140255623e-06,0.0,0.0,-0.001641267957664834,0.0,0.0,0.0,0.0,-0.00013548993020445448,0.0,0.0,-1.2737311209165345e-05,0.0,0.0,0.0,0.0,0.0,0.0,7.620579537923054e-05,0.00014220085726776005
0.0,-1.9940480721644923e-07,0.0,0.0,0.009818860549492965,0.0,0.0,0.285317644246136,-0.285317644246136,0.0,0.0,0.0,0.002783624227964135,-0.14026421028616642,0.0,0.0,0.27331246255588365,0.0,-4.7059550616139215e-05,0.0,0.0,0.0,0.0,-6.7797657775122895e-06,0.0,0.0,-0.002111494508211769,0.0,0.0,0.0,0.0,-0.00037694967679711484,0.0,0.0,-3.5436768889864644e-05,0.0,0.0,0.0,0.0,0.0,0.0,0.00021201391051660316,0.00039562030260454386
0.0,-1.5403218953973687e-07,0.0,0.0,0.0,0.0,0.0,0.28107379633282253,-0.28107379633282253,0.007584674664247428,0.0,0.0,0.0021502377032653884,-0.14627183154565876,0.0,0.0,0.27938495122899,0.0,-3.63516091780662e-05,0.0,0.0,0.0,0.0,-5.237096245845413e-06,0.0,0.0,-0.0016310445412078274,0.0,0.0,0.0,0.0,-0.0002911784568981348,0.0,0.0,-2.737347799441221e-05,0.0,0.0,0.0,0.0,0.0,0.0,0.00016377221444970413,0.00030560076402974626
0.0,-3.63161466655405e-07,0.0,0.0,0.020120760802868936,0.0,0.0,0.28620551112483117,-0.28620551112483117,0.0,0.0,0.0,0.0018941244168835167,-0.13555592415717224,0.0002291702133551943,0.0,0.2643413472114499,0.0,-8.570613547621425e-05,0.0,0.0,0.0,0.0,-1.2347494113664368e-05,0.0,0.0,-0.002669026508739307,0.0,0.0,0.0,0.0,-0.0006865110194275623,0.0,0.0,-6.453840879373877e-05,0.0,0.0,0.0,0.0008225182398024342,0.0,0.0,0.00038612550905546035,0.0007205144717327024
0.0,-5.498336133721238e-07,0.0,0.0,0.018992261459656833,0.0,0.0,0.27846273057356363,-0.27846273057356363,0.017206450043880463,0.0,0.0,0.0,-0.13210692640724872,-0.005388515131186456,0.0,0.26256640581435114,0.0,-0.0001297607771855448,0.0,0.0,0.0,0.0,-1.8694349285270094e-05,0.0,0.0,-0.002607087866590184,0.0,0.0,0.0,0.0,-0.0010393912049865299,0.0,0.0,-9.771242206712381e-05,0.0,0.0,0.0,0.0012453088154426323,0.0,0.0,0.0005846016258673316,0.001090873101511092
0.0,-4.902810771811848e-07,0.0,0.0,0.01933764988066282,0.0,0.0,0.28233700158683583,-0.28233700158683583,0.009937322584149077,0.0,0.0,0.0,-0.1363172370385598,0.0,0.0,0.2627569143702086,0.0,-0.00011570637383229516,0.0,0.0,0.0,0.0,-1.666956235827727e-05,0.0,0.0,-0.0026250191878389685,0.0,0.0,0.0,0.0,-0.0009268146348276377,0.0012012211233879205,0.0,-8.712917940982482e-05,0.0,0.0,0.0,0.0005098187256570511,0.0,0.0,0.0005212833626054167,0.0009727205217533066
0.0,-3.709397294861711e-07,0.0,0.0,0.020083553914865982,0.0,0.0,0.28601539346423166,-0.28601539346423166,0.0007022358764917608,0.0,0.0,0.0018176538287971666,-0.1354747847951142,0.0,0.0,0.2643851745179032,0.0,-8.754180613280352e-05,0.0,0.0,0.0,0.0,-1.261195514088164e-05,0.0,0.0,-0.0026676725805421945,0.0,0.0,0.0,0.0,-0.0007012148457847557,0.0,0.0,-6.592070496877173e-05,0.0,0.0,0.0,0.0008401350952227069,0.0,0.0,0.0003943956202067257,0.0007359465906359599
0.0,-4.6229119113783124e-07,0.0,0.0,0.025815417907839963,0.0,0.0,0.2865386216016963,-0.2865386216016963,0.0017882619426955193,0.0,0.0,0.0,-0.13224590298450034,0.0,0.0,0.2604946069765128,0.0,-0.00010910075846431968,0.0,0.0,0.0,0.0,-1.571790590544556e-05,0.0,0.0,-0.0024751582379698455,0.0,0.0,0.0,0.0,-0.0008739032800568494,0.0,0.0,-8.215502087865504e-05,0.0,0.0,0.0,0.0016133574937198302,0.0,0.0,0.0004915235725692417,0.0009171884243033273
0.0,-5.264294501773891e-07,0.0,0.0,0.024601098765250642,0.0,0.0,0.283129435513762,-0.283129435513762,0.008545153334834348,0.0,0.0,0.0,-0.13089604568173807,-0.0027405423203124895,0.0,0.25998086348309357,0.0,-0.00012423739278039618,0.0,0.0,0.0,0.0,-1.789860746292407e-05,0.0,0.0,-0.002647277685419529,0.0,0.0,0.0,0.0,-0.0009951485817764189,0.0,0.0,-9.355320477557561e-05,0.0,0.0,0.0,0.0014946268497032262,0.0,0.0,0.0005597175308921372,0.001044439104986342
0.0,-5.676550407327603e-07,0.0,0.0,0.020617335130221237,0.0,0.0,0.28461567368894813,-0.28461567368894813,0.0047816005920729,0.0,0.0,0.0,-0.13302005197058062,0.0,0.0,0.2640870357078615,0.0,-0.000133966635482729,0.0,0.0,0.0,0.0,-1.93002780239635e-05,0.0,0.0,-0.0021158008093120936,0.0,0.0,0.0,0.0,-0.0010730803691417511,0.0,0.0,-0.0001008795162384337,0.0,0.0,0.0,0.00013409419627141955,0.0,-0.0029551588763558475,0.0006035499679783359,0.001126230917522051
0.0,-4.958006736695049e-07,0.0,0.0,0.02446030080725473,0.0,0.0,0.28493910084370416,-0.28493910084370416,0.0051442500213428255,0.0,0.0,0.0,-0.13322819538808928,0.0,0.0,0.26023363333496285,0.0,-0.00011700899904955392,0.0,0.0,0.0,0.0,-1.6857228703434986e-05,0.0,0.0,-0.0026545717187550547,0.0,0.0,0.0,0.0,-0.0009372487369005349,0.0006452729459630644,0.0,-8.811008186575004e-05,0.0,0.0,0.0,0.0010850298320051754,0.0,0.0,0.0005271519835895247,0.0009836714334361624
0.0,-4.283970822945235e-07,0.0,0.0,0.02336514309565671,0.0,0.0,0.2861595839351177,-0.2861595839351177,0.0024934738892494882,0.0,0.0,0.0,-0.1338403049464757,0.0,0.0,0.26174628116927007,0.0,-0.0001011017460384598,0.0,0.0,0.0011150975059724731,0.0,-1.4565505808362153e-05,0.0,0.0,-0.0027118469900529064,0.0,0.0,0.0,0.0,-0.0008098307356073939,0.0,0.0,-7.613160690697255e-05,0.0,0.0,0.0,0.00010119801342933802,0.0,0.0,0.00045548621389340603,0.0008499423143209066
0.0,-4.926745629310398e-07,0.0,0.0,0.02558848306664465,0.0,0.0,0.28549359228068083,-0.28549359228068083,0.004150008037926265,0.0,0.0,0.0,-0.13276220399811797,0.0,0.0,0.2599820905249512,0.0012824087723426211,-0.00011627123666266838,0.0,0.0,0.0,0.0,-1.675094090176552e-05,0.0,0.0,-0.002477533079089085,0.0,0.0,0.0,0.0,-0.0009313392182236991,0.0,0.0,-8.755453225132743e-05,0.0,0.0,0.0,0.00011638194818869327,0.0,0.0,0.0005238281973096357,0.000977469211465734
0.0,-4.2274032214771253e-07,0.0,0.0,0.024156991786119193,0.0,0.0,0.28678248870408163,-0.28678248870408163,0.000259802416977929,0.0,0.0,0.0011003732247103128,-0.13317338671578405,0.0,0.0,0.26159117764980705,0.0,-9.97667501867136e-05,0.0,0.0,0.0,0.0,-1.4373175897211541e-05,0.0,0.0,-0.002676038464244521,0.0,0.0,0.0,0.0,-0.0007991373429112759,0.0,0.0,-7.51263287254373e-05,0.0,0.0,0.0,0.0012002349711271927,0.0,0.0,0.00044947175588549033,0.000838719269138182
0.0,-3.916109986501475e-07,0.0,0.0,0.022610929468489718,0.0,0.0,0.28683684989255026,-0.28683684989255026,0.0,0.0,0.0,0.0012521308224171103,-0.1340575440650861,0.0,0.0,0.2625930647620713,0.0,-9.242022732585959e-05,0.0,0.0,0.0006668149644942363,0.0,-1.3314778534219128e-05,0.0,0.0,-0.0028163333293655503,0.0,0.0,0.0,0.0,-0.00074029127698578,0.0,0.0,-6.959425225306003e-05,0.0,0.0,0.0,0.00022013813728578375,0.0,0.0,0.00041637401015616514,0.0007769585094358678
0.0,-4.0446691759729175e-07,0.0,0.0,0.02312363913742054,0.0,0.0,0.2866113378073794,-0.2866113378073794,0.0,0.0,0.0,0.001752373040427558,-0.13329313364248976,-0.00045913690580087876,0.0,0.2622603760565875,0.0,-9.545422523621794e-05,0.0,0.0,0.0,0.0,-1.3751879928779339e-05,0.0,0.0,-0.0027940045067095685,0.0,0.0,0.0,0.0,-0.0007645937727967042,0.0,0.0,-7.187891246239124e-05,0.0,0.0,0.0,0.0009160702543260567,0.0,0.0,0.000430042856395714,0.0008024647277418682
0.0,-4.119377832449636e-07,0.0,0.0,0.02355075342975166,0.0,0.0,0.2867615121831282,-0.2867615121831282,0.0,0.0,0.0,0.001550932149970682,-0.13353399353201173,0.0,0.0,0.2619607663938481,0.00046761757501729504,-9.721735013275748e-05,0.0,0.0,0.0,0.0,-1.4005889448176219e-05,0.0,0.0,-0.002728707874629834,0.0,0.0,0.0,0.0,-0.0007787165034900907,0.0,0.0,-7.320658025064272e-05,0.0,0.0,0.0,0.000465373316068262,0.0,0.0,0.0004379861325033344,0.0008172869688377991
0.0,-4.0776825592591853e-07,0.0,0.0,0.023127225027872247,0.0,0.0,0.28669801134619555,-0.28669801134619555,0.0,0.0,0.0,0.0016278109115697398,-0.13369448638259787,0.0,0.0,0.26214829226848957,0.0,-9.623334134854101e-05,0.0,0.0,0.0,0.0,-1.3864125470563685e-05,0.0,0.0,-0.0027936654960484726,0.0,0.0,0.0,0.0,-0.0007708345371661558,0.00018515378851929193,0.0,-7.246560224691489e-05,0.0,0.0,0.0,0.0008309705051943408,0.0,0.0,0.00043355295055423024,0.0008090146022750012
0.0,-4.3278258790431255e-07,0.0,0.0,0.021794785319539905,0.0,0.0,0.2865337723969161,-0.2865337723969161,0.0,0.0,0.0,0.001629412151128571,-0.1336587792765192,0.0,0.0,0.26342574282006165,0.0,-0.00010213672571674413,0.0,0.0,0.0,0.0,-1.471461305038597e-05,0.0,0.0,-0.0026211455404233433,0.0,0.0,0.0,0.0,-0.0008181209816916194,0.0,0.0,-7.69109669982797e-05,0.0,0.0,0.0,0.0004889220563433142,0.0,-0.0009825597577932212,0.0004601490312392016,0.0008586431830744635
0.0,-3.770292898439537e-07,0.0,0.0,0.021127021294637234,0.0,0.0,0.2864282018713216,-0.2864282018713216,0.0,0.0,0.0,0.001847493481495861,-0.1348437601900569,0.0,0.0,0.26372912460078085,0.0,-8.897894286931177e-05,0.0,0.0,0.0,0.0,-1.2819000264267133e-05,0.0,0.0,-0.002711466630903195,0.0,0.0,0.0,0.0,-0.0007127263927767548,0.0,0.0,-6.700289724914833e-05,0.0,0.0,0.0,0.0008539272370839653,0.0,0.0,0.0004008702459833197,0.0007480283139660273
0.0,-4.1712061829570506e-07,0.0,0.0,0.023982345497112766,0.0,0.0,0.2868519942418775,-0.2868519942418775,0.0,0.0,0.0,0.0012322303879545129,-0.13325241758725234,0.0,0.0,0.26173921547143053,0.0,-9.844049962353539e-05,0.0,0.0,0.0,0.0,-1.4182105900517643e-05,0.0,0.0,-0.0026953963836325325,0.0,0.0,0.0,0.0,-0.0007885140004739477,0.0,0.0,-7.412763591851362e-05,0.0,0.0,0.0,0.0011476583850876592,0.0,0.0,0.0004434966973789217,0.000827569743860861
0.0,-5.893225287579418e-07,0.0,0.0,0.023478879066094298,0.0,0.0,0.2797262673985638,-0.2797262673985638,0.015319615027801617,0.0,0.0,0.0,-0.1291044213230252,-0.005775516967552194,0.0,0.25956567444813766,0.0,-0.0001390801644075297,0.0,0.0,0.0,0.0,-2.0036972870233307e-05,0.0,0.0,-0.002794328278349979,0.0,0.0,0.0,0.0,-0.001114040026645052,0.0,0.0,-0.00010473010427736099,0.0,0.0,0.0,0.001334746589427806,0.0,0.0,0.0006265875713912963,0.0011692193403633208
0.0,-5.21436788818817e-07,0.0,0.0,0.023329389502435145,0.0,0.0,0.28370118488546736,-0.28370118488546736,0.007805908891244369,0.0,0.0,0.0,-0.13392815012752918,0.0,0.0,0.26011395197067394,0.0,-0.00012305912429633737,0.0,0.0,0.0,0.0,-1.7728856918340594e-05,0.0,0.0,-0.00279183031856784,0.0,0.0,0.0,0.0,-0.0009857105842088461,0.001277554681167627,0.0,-9.266594539011341e-05,0.0,0.0,0.0,0.0005422159890704347,0.0,0.0,0.0005544091650944811,0.0010345336356796955
0.0,-6.079496375655328e-07,0.0,0.0,0.04002482388071205,0.0,0.0,0.2885677614275737,-0.2885677614275737,0.0,0.0,0.0,0.0,-0.11738127828481275,-0.005958067570532571,0.0,0.25196610693699334,0.0,-0.00014347616359129887,0.0,0.0,0.0,0.0,-2.0670294787546065e-05,0.0,0.0,-0.0028826504692471347,0.0,0.0,0.0,0.0,-0.001149252230115475,0.0,0.0,-0.00010804037828286407,0.0,0.0,0.0,0.001376934811901216,0.0,0.0,0.0006463925411663171,0.0012061756330724917
0.0,-5.297064697020102e-07,0.0,0.0,0.03162908591968431,0.0,0.0,0.28820051887089854,-0.28820051887089854,0.0,0.0,0.0,0.0,-0.12812246582661302,0.0,0.0,0.2563095002939393,0.0,-0.0001250107696530088,0.0,0.0,0.0,0.0,-1.8010026165087802e-05,0.0,0.0,-0.002836107105917038,0.0,0.0,0.0,0.0,-0.001001343374509389,0.0012978159472513229,0.0,-9.413557279950956e-05,0.0,0.0,0.0,0.0005508152158521405,0.0,0.0,0.0005632017684787467,0.0010509407308702372
0.0,-4.305441836547462e-07,0.0,0.0,0.025988218875293487,0.0,0.0,0.2875937991931139,-0.2875937991931139,0.0,0.0,0.0,0.0,-0.13200513376581008,0.0,0.0,0.26055216733208036,0.0,-0.00010160846213297052,0.0,0.0,0.0011206863100769054,0.0,-1.46385072797213e-05,0.0,0.0,-0.0027254386100748545,0.0,0.0,0.0,0.0,-0.0008138895603422863,0.0,0.0,-7.651317411062946e-05,0.0,0.0,0.0,0.00010170521201043523,0.0,0.0,0.0004577690844119799,0.0008542021759647228
0.0,-4.2296009425725904e-07,0.0,0.0,0.024429487883092245,0.0,0.0,0.28693157973992905,-0.28693157973992905,0.0,0.0,0.0,0.0011009452812003454,-0.1329826827435921,0.0,0.0,0.2614672348719897,0.0,-9.981861642232544e-05,0.0,0.0,0.0,0.0,-1.4380648151506483e-05,0.0,0.0,-0.0026774296696434443,0.0,0.0,0.0,0.0,-0.0007995527944082533,0.0,0.0,-7.516538502284133e-05,0.0,0.0,0.0,0.0012008589432389988,0.0,0.0,0.00044970542499817555,0.0008391552982876119
0.0,-5.355827231632249e-07,0.0,0.0,0.03372258135717191,0.0,0.0,0.2880523383124367,-0.2880523383124367,0.0,0.0,0.0,0.0,-0.12447826405328233,-0.0027881934005827957,0.0,0.2558075394458013,0.0,-0.0001263975659446906,0.0,0.0,0.0,0.0,-1.8209818851495238e-05,0.0,0.0,-0.0026933071302307782,0.0,0.0,0.0,0.0,-0.001012451691675376,0.0,0.0,-9.517985773300816e-05,0.0,0.0,0.0,0.0015206146198834154,0.0,0.0,0.0005694495991749571,0.0010625992520711994
0.0,-4.639505212587528e-07,0.0,0.0,0.027702759431332886,0.0,0.0,0.2875671122473017,-0.2875671122473017,0.0,0.0,0.0,0.0,-0.13092590065270557,0.0,0.0,0.25963493558240974,0.0,-0.0001094923605069406,0.0,0.0,0.0,0.0,-1.5774323148963705e-05,0.0,0.0,-0.002484042475214777,0.0,0.0,0.0,0.0,-0.0008770400346893602,0.0,0.0,-8.244990493299611e-05,0.0,0.0,0.0,0.001619148416706173,0.0,0.0,0.00049328782826942,0.0009204805449584088
0.0,-4.967979942699315e-07,0.0,0.0,0.029987386897896266,0.0,0.0,0.2878830260246505,-0.2878830260246505,0.0,0.0,0.0,0.0,-0.1296886135374072,0.0,0.0,0.257973264731436,0.001293141870657436,-0.00011724436679184384,0.0,0.0,0.0,0.0,-1.6891137615513723e-05,0.0,0.0,-0.0024982687498748463,0.0,0.0,0.0,0.0,-0.0009391340459020667,0.0,0.0,-8.8287318413453e-05,0.0,0.0,0.0,0.00011735600491609469,0.0,0.0,0.0005282123684593121,0.000985650123334577
0.0,-5.00954746601296e-07,0.0,0.0,0.029912303565103954,0.0,0.0,0.28790117206478194,-0.28790117206478194,0.0,0.0,0.0,0.0,-0.129415436086446,0.0,0.0,0.25774115317910506,0.0,-0.00011822536067793538,0.0,0.0,0.0,0.0,-1.7032467243395707e-05,0.0,0.0,-0.0026821671960662727,0.0,0.0,0.0,0.0,-0.0009469918627205582,0.0006519808509761628,0.0,-8.902602613948628e-05,0.0,0.0,0.0,0.0010963092093523943,0.0,0.0,0.0005326319676110266,0.0009938971442471746
0.0,-5.73136056143549e-07,0.0,0.0,0.02564417613790257,0.0,0.0,0.28736379143952323,-0.28736379143952323,0.0,0.0,0.0,0.0,-0.1294766627530671,0.0,0.0,0.2618091688695421,0.0,-0.00013526015556257275,0.0,0.0,0.0,0.0,-1.9486632612033917e-05,0.0,0.0,-0.0021362300066412126,0.0,0.0,0.0,0.0,-0.0010834415385461281,0.0,0.0,-0.00010185356234647497,0.0,0.0,0.0,0.0001353889480194393,0.0,-0.0029836925282753775,0.0006093775682607187,0.0011371052841216618
0.0,-3.812634617726689e-07,0.0,0.0,0.01824530138975734,0.0,0.0,0.28579180035425295,-0.28579180035425295,0.0,0.0,0.0,0.002132457676712587,-0.1343252547029472,-0.001198601899021903,0.0,0.2662918730032396,0.0,-8.997820778663403e-05,0.0,0.0,0.0,0.0017270342823887863,-1.2962962159364504e-05,0.0,0.0,-0.0024422668829306967,0.0,0.0,0.0,0.0,-0.0007207305615945111,0.0,0.0,-6.775536342171638e-05,0.0,0.0,0.0,0.0,0.0,0.0,0.0004053721602598,0.0007564289358121178
0.0,-3.964701788702508e-07,0.0,0.0,0.017726608169626026,0.0,0.0,0.2859729503463862,-0.2859729503463862,0.0,0.0,0.0,0.0019059088322182108,-0.13547619820380752,0.0,0.0,0.2666300733275655,0.0,-9.356699425045373e-05,0.0,0.0,0.0,0.0008611109948818478,-1.3479990718533527e-05,0.0,0.0,-0.002383875824439539,0.0,0.0,0.0,0.0,-0.0007494769452704901,0.0,0.0,-7.045779034352888e-05,0.0,0.0,0.0,0.0,0.0,-0.0009348061582336671,0.0004215404543093934,0.0007865991513838856
0.0,-3.6620790581930047e-07,0.0,0.0,0.019827361794758292,0.0,0.0,0.286249247731273,-0.286249247731273,0.0,0.0,0.0,0.0019331228528305228,-0.13541049294463,0.0,0.0,0.26475629506282783,0.0,-8.642509536506343e-05,0.0,0.0,0.0,0.0002773111740577963,-1.245107308086666e-05,0.0,0.0,-0.0026336429114378447,0.0,0.0,0.0,0.0,-0.0006922699290257947,0.0,0.0,-6.507979975664979e-05,0.0,0.0,0.0,0.0006907624811111338,0.0,0.0,0.0003893645858325178,0.0007265586248336776
0.0,-3.834003431367363e-07,0.0,0.0,0.018588625451776905,0.0,0.0,0.28606773645991823,-0.28606773645991823,0.0,0.0,0.0,0.0018430796039742914,-0.1354095753349395,0.0,0.0,0.2657353252996698,0.0,-9.048251196122628e-05,0.0,0.0,0.0,0.001375117930861606,-1.3035616150734844e-05,0.0,0.0,-0.002486088139745516,0.0,0.0,0.0,0.0,-0.0007247700667136863,0.0003615959241670119,0.0,-6.813511440214947e-05,0.0,0.0,0.0,0.0,0.0,0.0,0.00040764416453407113,0.0007606685209238484
0.0,-3.6178102156878e-07,0.0,0.0,0.019100242503706216,0.0,0.0,0.28629848799353136,-0.28629848799353136,0.0,0.0,0.0,0.0016172920157769067,-0.1356258523880743,0.0,0.0,0.265357814095616,0.0,-8.538035032422285e-05,0.0,0.0,0.00048743731187083543,0.0006639087625862496,-1.2300558964574026e-05,0.0,0.0,-0.002601806263072607,0.0,0.0,0.0,0.0,-0.0006839014618321196,0.0,0.0,-6.429308615491804e-05,0.0,0.0,0.0,0.0,0.0,0.0,0.00038465777332153143,0.0007177756606151413
0.0,-3.7825979996370794e-07,0.0,0.0,0.019588010512322104,0.0,0.0,0.28621588935814096,-0.28621588935814096,0.0,0.0,0.0,0.0018183680186949353,-0.13527372227733456,0.0,0.0,0.2650858472778304,0.0004459346620039593,-8.926934335700606e-05,0.0,0.0,0.0,0.0008215590731154433,-1.2860837622730293e-05,0.0,0.0,-0.0024973487108583404,0.0,0.0,0.0,0.0,-0.0007150525171987877,0.0,0.0,-6.722157453852298e-05,0.0,0.0,0.0,0.0,0.0,0.0,0.00040217856580800754,0.0007504696532332732
0.0,-3.1375859993133716e-07,0.0,0.0,0.01402848450464026,0.0,0.0,0.2854962523401434,-0.2854962523401434,0.0,0.0,0.0,0.0022480852424964608,-0.13791432306954574,0.0,0.0,0.26944889790452536,0.0,-7.404705493729801e-05,0.0,0.0,0.0,0.0014212530515153908,-1.0667796067251343e-05,0.0,0.0,-0.002256445312842501,0.0,0.0,0.0,0.0,-0.0005931211212378255,0.0,0.0,-5.575889141381295e-05,0.0,0.0,0.0,0.0,0.0,0.0,0.0003335987163912755,0.0006224988954999175
0.0,-4.501368482825813e-07,0.0,0.0,0.02164689795979538,0.0,0.0,0.28613143639344496,-0.28613143639344496,0.0,0.0,0.0,0.0014307947653114806,-0.131157998210076,-0.002037817827284659,0.0,0.2641429872963724,0.0,-0.00010623233256833976,0.0,0.0,0.0,0.002556037164171674,-1.5304658106215083e-05,0.0,0.0,-0.0023400099946845657,0.0,0.0,0.0,0.0,-0.0008509270254974767,0.0,0.0,-7.999503965863286e-05,0.0,0.0,0.0,0.0,0.0,0.0,0.00047860066567209793,0.0008930741370628304
0.0,-4.815380249808679e-07,0.0,0.0,0.020976993451496073,0.0,0.0,0.28647196138560416,-0.28647196138560416,0.0,0.0,0.0,0.0009856122514262033,-0.1329500590586123,0.0,0.0,0.264584596888962,0.0,-0.0001136430128065314,0.0,0.0,0.0,0.001099363473207981,-1.6372298481211513e-05,0.0,0.0,-0.002230750378755588,0.0,0.0,0.0,0.0,-0.0009102869956641931,0.0,0.0,-8.557542790032213e-05,0.0,0.0,0.0,0.0,0.0,-0.0016349807434651044,0.0005119874548852589,0.0009553742551037666
0.0,-4.20729083783093e-07,0.0,0.0,0.02404206196724787,0.0,0.0,0.2868660579275057,-0.2868660579275057,0.0,0.0,0.0,0.001146851340701691,-0.13316035747452856,0.0,0.0,0.26174288431639986,0.0,-9.929209777014376e-05,0.0,0.0,0.0,0.0001034265501851642,-1.4304793769291897e-05,0.0,0.0,-0.0026633068866246186,0.0,0.0,0.0,0.0,-0.0007953353500602091,0.0,0.0,-7.476890610306247e-05,0.0,0.0,0.0,0.001142811432560748,0.0,0.0,0.00044733333948211273,0.000834728960471466
0.0,-4.544430840974907e-07,0.0,0.0,0.022265445612560275,0.0,0.0,0.28660566995130027,-0.28660566995130027,0.0,0.0,0.0,0.0009301543139406095,-0.1329784826526452,0.0,0.0,0.2631724807036415,0.0,-0.00010724860456862705,0.0,0.0,0.0,0.0019632957173973957,-1.545107017428589e-05,0.0,0.0,-0.0024138285243820038,0.0,0.0,0.0,0.0,-0.0008590674220170063,0.0006171937857076278,0.0,-8.076031249978639e-05,0.0,0.0,0.0,0.0,0.0,0.0,0.0004831792007007674,0.0009016177340801868
0.0,-4.1238081027392677e-07,0.0,0.0,0.02276491317587705,0.0,0.0,0.2869346436235031,-0.2869346436235031,0.0,0.0,0.0,0.0006440370692064318,-0.1335585040790815,0.0,0.0,0.26279003198894174,0.0,-9.732190454739192e-05,0.0,0.0,0.0008000966531583225,0.0007414516420428808,-1.4020952372342421e-05,0.0,0.0,-0.002610460494051836,0.0,0.0,0.0,0.0,-0.0007795539902975115,0.0,0.0,-7.328531178503491e-05,0.0,0.0,0.0,0.0,0.0,0.0,0.0004384571737695215,0.0008181659370517908
0.0,-4.4414070751574187e-07,0.0,0.0,0.023871886807046824,0.0,0.0,0.28684397702833647,-0.28684397702833647,0.0,0.0,0.0,0.0009090674048056944,-0.13280389113671487,0.0,0.0,0.26213242062280034,0.0007540022454156724,-0.00010481724286284295,0.0,0.0,0.0,0.0010139844528933217,-1.5100789250014257e-05,0.0,0.0,-0.002434506449625436,0.0,0.0,0.0,0.0,-0.0008395920764777338,0.0,0.0,-7.89294492270294e-05,0.0,0.0,0.0,0.0,0.0,0.0,0.00047222536675262046,0.0008811777587470283
0.0,-6.166417295913221e-07,0.0,0.0,0.015713450792915758,0.0,0.0,0.27598548395281053,-0.27598548395281053,0.020693759385194868,0.0,0.0,0.0,-0.12930432990450685,-0.008836495143113934,0.0,0.265140766315511,0.0,-0.00014552749801175624,0.0,0.0,0.0,0.002793242767099251,-2.096582601808188e-05,0.0,0.0,-0.0022255541505200897,0.0,0.0,0.0,0.0,-0.001165683535486441,0.0,0.0,-0.00010958507352159512,0.0,0.0,0.0,0.0,0.0,0.0,0.0006556342663116765,0.001223420794438018
0.0,-4.988086709470082e-07,0.0,0.0,0.01842914820583127,0.0,0.0,0.2823375379704872,-0.2823375379704872,0.009591479028802839,0.0,0.0,0.0,-0.1362849944784979,0.0,0.0,0.2635579984207317,0.0,-0.0001177188866501082,0.0,0.0,0.0,0.0008298978289954702,-1.6959500646050344e-05,0.0,0.0,-0.002515071026390013,0.0,0.0,0.0,0.0,-0.0009429349769535676,0.0014295887503713253,0.0,-8.864464121681183e-05,0.0,0.0,0.0,0.0,0.0,0.0,0.0005303501876575666,0.0009896393176099263
0.0,-6.051139518609742e-07,0.0,0.0,0.021406077968928208,0.0,0.0,0.28077962396095957,-0.28077962396095957,0.011540408807360396,0.0,0.0,0.0,-0.1272674988234907,-0.006586218745324916,0.0,0.2627612055379159,0.0,-0.0001428069415358833,0.0,0.0,0.0,0.003436052292578534,-2.0573881440426112e-05,0.0,0.0,-0.0021839486406382783,0.0,0.0,0.0,0.0,-0.0011438917233917265,0.0,0.0,-0.00010753644088857819,0.0,0.0,0.0,0.0,0.0,0.0,0.0006433775445691342,0.0012005496160662362
0.0,-5.730338769342257e-07,0.0,0.0,0.020271236203969516,0.0,0.0,0.2846052637503248,-0.2846052637503248,0.004691544013464506,0.0,0.0,0.0,-0.1329945226597211,0.0,0.0,0.26442356514858645,0.0,-0.00013523604126091578,0.0,0.0,0.0,0.0001353648107565478,-1.948315851772188e-05,0.0,0.0,-0.0020681667522643955,0.0,0.0,0.0,0.0,-0.001083248381618432,0.0,0.0,-0.00010183540380217164,0.0,0.0,0.0,0.0,0.0,-0.0031185254036561363,0.0006092689278821615,0.0011369025599733491
0.0,-5.145213621114181e-07,0.0,0.0,0.0226814875840049,0.0,0.0,0.28503851661957375,-0.28503851661957375,0.0042124902442556645,0.0,0.0,0.0,-0.13304156348892485,0.0,0.0,0.2618774054222078,0.0,-0.0001214270830345849,0.0,0.0,0.0,0.0018015982849332332,-1.749373232940917e-05,0.0,0.0,-0.0024170046796399866,0.0,0.0,0.0,0.0,-0.0009726378408850677,0.0011200370540413193,0.0,-9.1436986161769e-05,0.0,0.0,0.0,0.0,0.0,0.0,0.0005470564503851756,0.0010208133886865979
0.0,-4.266699562161612e-07,0.0,0.0,0.02322054915114866,0.0,0.0,0.28621538296949256,-0.28621538296949256,0.0023322361624459774,0.0,0.0,0.0,-0.13385505937648243,0.0,0.0,0.2619005048979496,0.0,-0.00010069414414440456,0.0,0.0,0.0011609968895344013,0.00010079002342357951,-1.4506783501498108e-05,0.0,0.0,-0.002700913905186963,0.0,0.0,0.0,0.0,-0.0008065658212549537,0.0,0.0,-7.58246746492354e-05,0.0,0.0,0.0,0.0,0.0,0.0,0.0004536498752467087,0.0008465156860901428
0.0,-4.937376126181747e-07,0.0,0.0,0.02552706257001447,0.0,0.0,0.2855264398212643,-0.2855264398212643,0.00404232949209552,0.0,0.0,0.0,-0.1327279256300306,0.0,0.0,0.26007652466564296,0.0013434923742449566,-0.00011652211647473277,0.0,0.0,0.0,0.00011663306688431682,-1.6787084603561082e-05,0.0,0.0,-0.0024537206145724536,0.0,0.0,0.0,0.0,-0.0009333487797863239,0.0,0.0,-8.774344969322517e-05,0.0,0.0,0.0,0.0,0.0,0.0,0.0005249584675593307,0.0009795783082562214
0.0,-8.847816248320413e-08,0.0,0.0,0.0,0.0,0.0,0.28226198396922425,-0.28226198396922425,0.0,0.0,0.0,0.0026119243177346327,-0.14866878275756762,0.003955953818210239,0.0,0.27773672017249995,0.0,-2.088085349558143e-05,0.0,0.0,0.0,0.0004007853759203652,-3.008258559231543e-06,0.0,0.0,-0.0016252933560527377,0.0,0.0,0.0,0.0,-0.00016725682403154803,0.0,0.0,-1.5723694124955652e-05,0.0,0.0,0.0,0.0,0.0,0.0,9.407296386303012e-05,0.00017554119132897063
0.0,-9.164472001947222e-08,0.0,0.0,0.0,0.0,0.0,0.28225872868880253,-0.28225872868880253,0.0,0.0,0.0,0.002494878482765439,-0.14862113963441578,0.00399227182897766,0.0,0.2777820339484097,0.0,-2.1628161330016786e-05,0.0,0.0,0.0,0.0005203913235799481,-3.115921552499355e-06,0.0,0.0,-0.0015781990281843073,0.0,0.0,0.0,0.0,-0.0001732428022861247,0.0,0.0,-1.6286431649469728e-05,0.0,0.0,0.0,0.0,0.0,0.0,9.743975454130739e-05,0.00018182365998256354
0.0,-1.4387035065237374e-07,0.0,0.0,0.0,0.0,0.0,0.2825275862862393,-0.2825275862862393,0.0,0.0,0.0,0.0,-0.14714995630279512,0.004309031952691219,0.0,0.2794163912293627,0.0,-3.3953414379513374e-05,0.0,0.0,0.0,0.0027752652113632124,-4.891593604826561e-06,0.0,0.0,-0.0005192500615282346,0.0,0.0,0.0,0.0,-0.0002719687801720468,0.0,0.0,-2.556759005633134e-05,0.0,0.0,0.0,0.0,0.0,0.0,0.00015296780491402557,0.000285439616303386
0.0,-4.1908403753448456e-07,0.0,0.0,0.0,0.0,0.0,0.2729999512724808,-0.2729999512724808,0.024743185393763696,0.0,0.0,0.0,-0.14127435506883448,-0.006005487278138572,0.0,0.2763088553745206,0.0,-9.890386672254295e-05,0.0,0.0,0.0,0.0018983526421829492,-1.4248862177599456e-05,0.0,0.0,-0.0015125382769176684,0.0,0.0,0.0,0.0,-0.0007922255972895241,0.0,0.0,-7.447656047439466e-05,0.0,0.0,0.0,0.0,0.0,0.0,0.00044558427087631146,0.0008314651791025118
0.0,-3.2121635601363694e-07,0.0,0.0,0.0,0.0,0.0,0.27675819167206633,-0.27675819167206633,0.018044361090270307,0.0,0.0,0.0,-0.1471018703864488,0.0,0.0,0.27653255118658643,0.0,-7.580708597535042e-05,0.0,0.0,0.0,0.0005344268694997757,-1.092135986127225e-05,0.0,0.0,-0.001619622908075518,0.0,0.0,0.0,0.0,-0.0006072190699487767,0.0009206080722705613,0.0,-5.7084229465661266e-05,0.0,0.0,0.0,0.0,0.0,0.0,0.00034152805396723,0.0006372951271415532
0.0,-2.2082387195294187e-07,0.0,0.0,0.0,0.0,0.0,0.2799189632303201,-0.2799189632303201,0.009873272849332055,0.0,0.0,0.0015822064728647294,-0.14643071507130936,0.0,0.0,0.278498078909618,0.0,-5.2114451624735306e-05,0.0,0.0,0.0,0.0010002804765486737,-7.508014229061225e-06,0.0,0.0,-0.001588090305543788,0.0,0.0,0.0,0.0,-0.00041743972135734124,0.0,0.0,-3.924320895266733e-05,0.0,0.0,0.0,0.0,0.0,0.0,0.00023478738191773537,0.00043811585218956164
0.0,-4.106135319506498e-07,0.0,0.0,0.0171698666133051,0.0,0.0,0.28547256084296213,-0.28547256084296213,0.0,0.0,0.0,0.0016766221444377714,-0.13629583231744416,0.0011891060861711118,0.0,0.26633149140515555,0.0,-9.690482672029229e-05,0.0,0.0,0.0,0.0,-1.3960864888681676e-05,0.0,0.0,-0.002320278001213667,0.0,0.0,0.0,0.0,-0.0007762131731824724,0.0,0.0,-7.297124396299864e-05,0.0,0.0,0.0,0.0,0.0,-0.0018599832336263775,0.00043657814390299246,0.0008146596465325139
0.0,-5.88687813958212e-07,0.0,0.0,0.015001120672050748,0.0,0.0,0.27947407843628025,-0.27947407843628025,0.014422423250702213,0.0,0.0,0.0,-0.13410911271816783,-0.003102678524989876,0.0,0.2664543609698106,0.0,-0.00013893037166350482,0.0,0.0,0.0,0.0,-2.001539255961914e-05,0.0,0.0,-0.0021246642010160424,0.0,0.0,0.0,0.0,-0.0011128401782464284,0.0,0.0,-0.00010461730738954781,0.0,0.0,0.0,0.0,0.0,-0.0026666180693091152,0.0006259127212277924,0.0011679600624921302
0.0,-5.253046961833712e-07,0.0,0.0,0.017077463411398746,0.0,0.0,0.28199169726748885,-0.28199169726748885,0.0101009651007244,0.0,0.0,0.0,-0.13643530869520218,0.0,0.0,0.2648365571600991,0.0,-0.00012397195074692133,0.0,0.0,0.0,0.0,-1.7860365813972818e-05,0.0,0.0,-0.002357341162875969,0.0,0.0,0.0,0.0,-0.0009930223759921164,0.0009228726223982231,0.0,-9.33533216940173e-05,0.0,0.0,0.0,0.0,0.0,-0.0014566347523458168,0.0005585216545440707,0.0010422075864904713
0.0,-4.607439514175923e-07,0.0,0.0,0.016597517579990288,0.0,0.0,0.28429938087035966,-0.28429938087035966,0.004002840097800525,0.0,0.0,0.0012141752637704663,-0.1359236597960745,0.0,0.0,0.26682428300241035,0.0,-0.00010873560976531742,0.0,0.0,0.0,0.0,-1.5665299736861585e-05,0.0,0.0,-0.00226998289861335,0.0,0.0,0.0,0.0,-0.0008709784182111737,0.0,0.0,-8.188005671330364e-05,0.0,0.0,0.0,0.0,0.0,-0.0020870623054246662,0.0004898784951602583,0.0009141186916581246
0.0,-5.763888559759143e-07,0.0,0.0,0.020172067796773815,0.0,0.0,0.28447428397580443,-0.28447428397580443,0.004991326584051998,0.0,0.0,0.0,-0.1330651562506358,0.0,0.0,0.2644195094709363,0.0,-0.00013602781658585592,0.0,0.0,0.0,0.0,-1.959722784437769e-05,0.0,0.0,-0.002080275383861687,0.0,0.0,0.0,0.0,-0.0010895905470008987,0.0,0.0,-0.00010243162622323697,0.0,0.0,0.0,0.0,0.0,-0.003218478042972139,0.0006128360546543739,0.00114355885799461
0.0,-2.5333361899950057e-07,0.0,0.0,0.0,0.0,0.0,0.27813346150355,-0.27813346150355,0.015171866415011065,0.0,0.0,0.0,-0.1473601269068258,0.0,0.0,0.27748370798390243,0.0,-5.978675455469801e-05,0.0,0.0,0.0006893373657738987,5.9843682501994464e-05,-8.613346008864264e-06,0.0,0.0,-0.0016036570755416366,0.0,0.0,0.0,0.0,-0.00047889530416409995,0.0,0.0,-4.5020604236354486e-05,0.0,0.0,0.0,0.0,0.0,0.0,0.00026935284048145407,0.0005026153802786506
0.0,-2.3191165912552546e-07,0.0,0.0,0.0,0.0,0.0,0.2798562925969461,-0.2798562925969461,0.010102648394163725,0.0,0.0,0.0012620936204614773,-0.1462581569936527,0.0,0.0,0.2786304356017932,0.0,-5.473117029342211e-05,0.0,0.0,0.0,0.0013168769048594554,-7.884999122607064e-06,0.0,0.0,-0.001468051396123553,0.0,0.0,0.0,0.0,-0.0004383997867110505,0.0,0.0,-4.1213649670820884e-05,0.0,0.0,0.0,0.0,0.0,0.0,0.0002465762908725911,0.00046011408672395177
0.0,-2.627521111016545e-07,0.0,0.0,0.0,0.0,0.0,0.2798943791222126,-0.2798943791222126,0.010492847550961996,0.0,0.0,0.0,-0.1454507346949976,0.0,0.0,0.2794587908254593,0.0,-6.200951945187477e-05,0.0,0.0,0.0,0.002445287562258111,-8.93357485049214e-06,0.0,0.0,-0.0009483124857731527,0.0,0.0,0.0,0.0,-0.0004966997774031495,0.0,0.0,-4.669439000197425e-05,0.0,0.0,0.0,0.0,0.0,0.0,0.00027936689866601863,0.0005213017236399117
0.0,-3.6006117700834475e-07,0.0,0.0,0.0,0.0,0.0,0.27773900281804387,-0.27773900281804387,0.015685159967464887,0.0,0.0,0.0,-0.14575809310677681,0.0,0.0,0.2777952630423404,0.0,-8.497446686898679e-05,0.0,0.0,0.0,8.505537813449186e-05,-1.2242084229404664e-05,0.0,0.0,-0.0012995157617100512,0.0,0.0,0.0,0.0,-0.000680650312272352,0.0,0.0,-6.39874479154724e-05,0.0,0.0,0.0,0.0,0.0,-0.001959500079433762,0.0003828291766300646,0.0007143634789584895
0.0,-2.8189919536529386e-07,0.0,0.0,0.0,0.0,0.0,0.27727865741650204,-0.27727865741650204,0.01688262675705026,0.0,0.0,0.0,-0.1474843445708532,0.0,0.0,0.2773227046867244,0.0007670661695606868,-6.652823288528836e-05,0.0,0.0,0.0,6.659157995544845e-05,-9.584575939391954e-06,0.0,0.0,-0.0014009503210243117,0.0,0.0,0.0,0.0,-0.0005328949289922061,0.0,0.0,-5.0097070255459035e-05,0.0,0.0,0.0,0.0,0.0,0.0,0.0002997247238678888,0.0005592896506920075
0.0,-3.0892950142609436e-07,0.0,0.0,0.0,0.0,0.0,0.2775265713391066,-0.2775265713391066,0.016147712755315735,0.0,0.0,0.0,-0.1466911219376379,0.0,0.0,0.2772385951836759,0.0,-7.290738729984173e-05,0.0,0.0,0.0,0.0010817176912744147,-1.0503606661594025e-05,0.0,0.0,-0.0014512206987122639,0.0,0.0,0.0,0.0,-0.0005839923186468388,0.0006724939218535464,0.0,-5.490069922644544e-05,0.0,0.0,0.0,0.0,0.0,0.0,0.0003284642561309716,0.0006129179358499451
0.0,-3.724686675297335e-07,0.0,0.0,0.0,0.0,0.0,0.2751475813697933,-0.2751475813697933,0.02027970763458715,0.0,0.0,0.0,-0.14267273582100473,-0.004054046535509632,0.0,0.2772328035551675,0.0,-8.790263563463123e-05,0.0,0.0,0.0,0.002115009602808255,-1.2663939052244563e-05,0.0,0.0,-0.001344296289368658,0.0,0.0,0.0,0.0,-0.0007041051106154229,0.0,0.0,-6.619241669354389e-05,0.0,0.0,0.0,0.0,0.0,0.0,0.0003960212386563421,0.0007389800126477028
0.0,-9.975231653315213e-08,0.0,0.0,0.0,0.0,0.0,0.2820802839396447,-0.2820802839396447,0.0,0.0,0.0,0.002492888927982722,-0.14886063877042982,0.004460033373088526,0.0,0.27743025205133226,0.0,-2.3541554762385756e-05,0.0,0.0,0.0,0.0,-3.3915799287874407e-06,0.0,0.0,-0.0016064658044729454,0.0,0.0,0.0,0.0,-0.00018856919249754864,0.0,0.0,-1.7727254606138383e-05,0.0,0.0,0.0,0.0,0.0,-0.00045185465609388003,0.00010606002436203547,0.00019790917883696053
0.0,-5.036874482830988e-07,0.0,0.0,0.020408635838366922,0.0,0.0,0.2858497088568842,-0.2858497088568842,0.0,0.0,0.0,0.0006476373125699141,-0.13389070546896137,0.001533241554711485,0.0,0.26410551702319457,0.0,-0.00011887027849565891,0.0,0.0,0.0,0.0,-1.7125379132537508e-05,0.0,0.0,-0.002141703559783546,0.0,0.0,0.0,0.0,-0.0009521576911181675,0.0,0.0,-8.951166196389184e-05,0.0,0.0,0.0,0.0,0.0,-0.0028601165220097317,0.0005355374681248904,0.0009993188403505653
0.0,-5.714095532673329e-07,0.0,0.0,0.02021377529275874,0.0,0.0,0.2846084073875436,-0.2846084073875436,0.004408283137285971,0.0,0.0,0.0,-0.1331574603798194,0.00026996221045896146,0.0,0.26434893478821186,0.0,-0.00013485270074427435,0.0,0.0,0.0,0.0,-1.9427931494050133e-05,0.0,0.0,-0.0020623043201499856,0.0,0.0,0.0,0.0,-0.001080177802278865,0.0,0.0,-0.00010154674083968077,0.0,0.0,0.0,0.0,0.0,-0.003244666726766511,0.0006075418922235437,0.001133679892327597
0.0,-5.764922352663346e-07,0.0,0.0,0.024841071382217406,0.0,0.0,0.28713999619406894,-0.28713999619406894,0.0,0.0,0.0,0.0,-0.12989439982730663,0.0002723635214970157,0.0,0.26225282102821457,0.0,-0.00013605221410674877,0.0,0.0,0.0,0.0,-1.9600742741461056e-05,0.0,0.0,-0.002080648495504691,0.0,0.0,0.0,0.0,-0.0010897859725307814,0.0,0.0,-0.00010244999803720555,0.0,0.0,0.0,0.0,0.0,-0.0032735280033598,0.0006129459709995934,0.0011437639631108308
0.0,-1.0740668966989336e-07,0.0,0.0,0.0,0.0,0.0,0.2820129181638931,-0.2820129181638931,0.0,0.0,0.0,0.0023140790819019923,-0.14887190424234448,0.004678902410545338,0.0,0.27737617037046575,0.0,-2.5347987441174132e-05,0.0,0.0,0.0,0.0,-3.6518287049589043e-06,0.0,0.0,-0.0015446866827473797,0.0,0.0,0.0,0.0,-0.0002030388209897403,0.0,0.0,-1.908753400777315e-05,0.0,0.0,0.0,0.0,0.0,-0.0006098933946961765,0.00011419841181581536,0.00021309549986340694
0.0,-3.594191957606562e-07,0.0,0.0,0.0,0.0,0.0,0.2777532225739946,-0.2777532225739946,0.015487386215886854,0.0,0.0,0.0,-0.1458378245018192,0.00016980745249026982,0.0,0.2777244787612897,0.0,-8.48229592426565e-05,0.0,0.0,0.0,0.0,-1.2220256859474916e-05,0.0,0.0,-0.0012971987533698984,0.0,0.0,0.0,0.0,-0.0006794367275689333,0.0,0.0,-6.387335968749266e-05,0.0,0.0,0.0,0.0,0.0,-0.002040910059654144,0.0003821466005342284,0.0007130897844120922
0.0,-1.9248134859666407e-07,0.0,0.0,0.0,0.0,0.0,0.2814508624258789,-0.2814508624258789,0.0,0.0,0.0,0.0,-0.1486004146122076,0.0070026279936344854,0.0,0.27728845496958615,0.0,-4.542561382241458e-05,0.0,0.0,0.0,0.0,-6.544368103465795e-06,0.0,0.0,-0.0006946945750021106,0.0,0.0,0.0,0.0,-0.00036386175015443693,0.0,0.0,-3.420638228859504e-05,0.0,0.0,0.0,0.0,0.0,-0.002475315625836506,0.00020465265600739168,0.00038188412025034286
0.0,-4.5302473660568175e-07,0.0,0.0,0.017729171892463865,0.0,0.0,0.28529892526541173,-0.28529892526541173,0.0,0.0,0.0,0.0008958402412369225,-0.13593405204564896,0.002005711834570335,0.0,0.265741843166705,0.0,-0.0001069138744459495,0.0,0.0,0.0,0.0,-1.5402846342976004e-05,0.0,0.0,-0.0020829555625261117,0.0,0.0,0.0,0.0,-0.000856386214697651,0.0,0.0,-8.050825412178452e-05,0.0,0.0,0.0,0.0,0.0,-0.002572435621458575,0.00048167116585242286,0.0008988037243692836
0.0,-4.290654196359523e-07,0.0,0.0,0.020185367630222297,0.0,0.0,0.28435122227486626,-0.28435122227486626,0.0,0.0,0.0,0.0,-0.13793651526957965,0.005293481066991722,0.0,0.26073769482846954,0.0,-0.0001012594737050425,0.0,0.0,0.0,0.0,-1.4588229285787317e-05,0.0,0.0,-0.00239702415627702,0.0,0.0,0.0,0.0,-0.0008110941431869791,0.0016969230948095304,0.0,-7.625037894782395e-05,0.0,0.0,0.0,0.0,0.0,-0.0007394630011848406,0.0004561968126762467,0.0008512682995112784
0.0,-5.418559277456873e-07,0.0,0.0,0.0169195871317642,0.0,0.0,0.2833806210339509,-0.2833806210339509,0.006429004499812097,0.0,0.0,0.0,-0.1352653622059622,0.00025599961213123077,0.0,0.26641770008617505,0.0,-0.00012787804273306283,0.0,0.0,0.0,0.0,-1.842310788066767e-05,0.0,0.0,-0.001955640773415635,0.0,0.0,0.0,0.0,-0.0010243103949476326,0.0,0.0,-9.629468592642407e-05,0.0,0.0,0.0,0.0,0.0,-0.003076850727126515,0.0005761194816796193,0.0010750453266160326
0.0,-4.887270805127632e-07,0.0,0.0,0.017896371976259096,0.0,0.0,0.2851155771187316,-0.2851155771187316,0.0,0.0,0.0,0.0,-0.1357085063651798,0.0028666453232337376,0.0,0.26559867234901635,0.0,-0.00011533963049297581,0.0,0.0,0.0,0.0,-1.6616726453376063e-05,0.0,0.0,-0.0017638906520770325,0.0,0.0,0.0,0.0,-0.000923876999822332,0.0,0.0,-8.685301444889338e-05,0.0,0.0,0.0,0.0,0.0,-0.0033023155142076926,0.000519631100981432,0.0009696373832834301
0.0,-5.317712892867221e-07,0.0,0.0,0.02067632578399774,0.0,0.0,0.2857507015556211,-0.2857507015556211,0.0,0.0,0.0,0.0,-0.13361720424026954,0.002116000470174777,0.0,0.2639129892490572,0.0,-0.00012549806724185012,0.0,0.0,0.0,0.0,-1.8080230055117246e-05,0.0,0.0,-0.0019192437735017318,0.0,0.0,0.0,0.0,-0.001005246655909504,0.0,0.0,-9.450251748576917e-05,0.0,0.0,0.0,0.0,0.0,-0.003392539630543654,0.0005653971542408905,0.001055037344990682
0.0,-4.059821826011432e-07,0.0,0.0,0.0,0.0,0.0,0.27549915964582045,-0.27549915964582045,0.02029162876890772,0.0,0.0,0.0,-0.14421370178653362,-0.0021397286806662187,0.0,0.2768656129321659,0.0,-9.581182789956902e-05,0.0,0.0,0.0,0.0,-1.3803398956632179e-05,0.0,0.0,-0.001465251682081255,0.0,0.0,0.0,0.0,-0.0007674581904676573,0.0,0.0,-7.214819431420787e-05,0.0,0.0,0.0,0.0,0.0,-0.001839004304611968,0.00043165393720875976,0.0008054710223629356
0.0,-3.473493312972784e-07,0.0,0.0,0.0,0.0,0.0,0.27680009812079504,-0.27680009812079504,0.017971301299962945,0.0,0.0,0.0,-0.1466766645747546,0.0,0.0,0.2767487356475373,0.0,-8.197447025398476e-05,0.0,0.0,0.0,0.0,-1.1809881326556117e-05,0.0,0.0,-0.0015587541526160007,0.0,0.0,0.0,0.0,-0.000656620168770947,0.000610234765825678,0.0,-6.172839135151652e-05,0.0,0.0,0.0,0.0,0.0,-0.0009631764399743294,0.0003693135139100508,0.0006891431027946619
0.0,-3.075880228955112e-07,0.0,0.0,0.0,0.0,0.0,0.27843808913137497,-0.27843808913137497,0.013752591367844272,0.0,0.0,0.0008105711809840023,-0.14614294482052131,0.0,0.0,0.27785222536718474,0.0,-7.259079825822492e-05,0.0,0.0,0.0,0.0,-1.0457996375864842e-05,0.0,0.0,-0.00151541772744462,0.0,0.0,0.0,0.0,-0.0005814564224184962,0.0,0.0,-5.4662301439939774e-05,0.0,0.0,0.0,0.0,0.0,-0.001393301781195796,0.00032703795095250985,0.0006102564346072458
0.0,-5.45683564742911e-07,0.0,0.0,0.016781298078530016,0.0,0.0,0.28321681732558085,-0.28321681732558085,0.0070415961436555655,0.0,0.0,0.0,-0.13524119810254406,0.0,0.0,0.26654656411022604,0.0,-0.00012878136537370271,0.0,0.0,0.0,0.0,-1.855324758333967e-05,0.0,0.0,-0.0019694552997395367,0.0,0.0,0.0,0.0,-0.0010315460606727521,0.0,0.0,-9.697490567417407e-05,0.0,0.0,0.0,0.0,0.0,-0.0030470238161738757,0.0005801891543176442,0.001082639380782732
0.0,-3.629569178830905e-07,0.0,0.0,0.0,0.0,0.0,0.27767486273812136,-0.27767486273812136,0.015845601408232064,0.0,0.0,0.0,-0.14576427570233613,0.0,0.0,0.27774872331206735,0.0,-8.565786194941932e-05,0.0,0.0,0.0,0.0,-1.2340539453013362e-05,0.0,0.0,-0.0013099669326466859,0.0,0.0,0.0,0.0,-0.000686124345732532,0.0,0.0,-6.450205787686571e-05,0.0,0.0,0.0,0.0,0.0,-0.002026702734864088,0.00038590802590791174,0.000720108645773288
0.0016455651240711263,-3.632781712404313e-07,0.0,0.0,0.01957870504802451,0.0,0.0,0.2854747027904462,-0.2854747027904462,0.0,0.0,0.0,0.002580385242604091,-0.13374822527712343,-0.0016905821192089035,0.0,0.2652490777926565,0.0,-8.573367776771088e-05,0.0,0.0,0.0,0.0,-1.2351462070920191e-05,0.0,0.0,-0.002601319006364111,0.0,0.0,0.0,0.0,-0.0006867316347488302,0.0,0.0,-6.455914868193753e-05,0.0,0.0,0.0,0.0,0.0,0.0,0.00038624959330293686,0.0007207460143112789
0.0006804512021378412,-3.9161416389341765e-07,0.0,0.0,0.018189941718664594,0.0,0.0,0.28587257487591755,-0.28587257487591755,0.0,0.0,0.0,0.002052677829543807,-0.13543294085416568,0.0,0.0,0.26625627336605817,0.0,-9.24209743235271e-05,0.0,0.0,0.0,0.0,-1.331488615252733e-05,0.0,0.0,-0.002439734223637999,0.0,0.0,0.0,0.0,-0.0007402972604795799,0.0,0.0,-6.959481475702274e-05,0.0,0.0,0.0,0.0,0.0,-0.0010934693392336801,0.00041637737554947135,0.0007769647892970097
0.00019651846693537276,-3.6332204450842846e-07,0.0,0.0,0.020064151374623553,0.0,0.0,0.2862338023949816,-0.2862338023949816,0.0,0.0,0.0,0.0019768446298997515,-0.13539477917726855,0.0,0.0,0.26455648934659626,0.0,-8.574403186250342e-05,0.0,0.0,0.0,0.0,-1.2352953762545217e-05,0.0,0.0,-0.002662018393528508,0.0,0.0,0.0,0.0,-0.0006868145716369746,0.0,0.0,-6.45669455193366e-05,0.0,0.0,0.0,0.0007246226963876505,0.0,0.0,0.00038629624083989984,0.0007208330591313291
0.001209119579022072,-3.708296839093214e-07,0.0,0.0,0.019671922160977053,0.0,0.0,0.2859179626721616,-0.2859179626721616,0.0,0.0,0.0,0.0020849299084978136,-0.13531261645768,0.0,0.0,0.26480125273074573,0.0,-8.751583536777467e-05,0.0,0.0,0.0,0.0,-1.2608213589981703e-05,0.0,0.0,-0.002616171966845732,0.0,0.0,0.0,0.0,-0.0007010068184798703,0.0004706521307061992,0.0,-6.590114847096904e-05,0.0,0.0,0.0,0.0,0.0,0.0,0.0003942786160411359,0.0007357282595685131
0.0005049929536829936,-3.5380760831632035e-07,0.0,0.0,0.019617129911012995,0.0,0.0,0.286265000606302,-0.286265000606302,0.0,0.0,0.0,0.0016898607504946032,-0.13561260008130183,0.0,0.0,0.2649201430362653,0.0,-8.349862415234466e-05,0.0,0.0,0.0005488363680255061,0.0,-1.202946282073678e-05,0.0,0.0,-0.002670712420782879,0.0,0.0,0.0,0.0,-0.0006688287281782013,0.0,0.0,-6.287610926938041e-05,0.0,0.0,0.0,0.0,0.0,0.0,0.00037618017166580055,0.0007019563621350145
0.0006441753248470662,-3.7073662365233324e-07,0.0,0.0,0.020325733090852463,0.0,0.0,0.2861599004836269,-0.2861599004836269,0.0,0.0,0.0,0.0019432464862996794,-0.13520023722004518,0.0,0.0,0.2644838489879352,0.0005175874218445962,-8.749387313960566e-05,0.0,0.0,0.0,0.0,-1.2605049540155714e-05,0.0,0.0,-0.002568462032640019,0.0,0.0,0.0,0.0,-0.0007008308997832048,0.0,0.0,-6.588461048040726e-05,0.0,0.0,0.0,0.0,0.0,0.0,0.00039417967123998914,0.0007355436274749139
0.001262459735951341,-2.787030774002098e-07,0.0,0.0,0.013723574119939583,0.0,0.0,0.2851599099229445,-0.2851599099229445,0.0,0.0,0.0,0.0026281417469771516,-0.13860183643298898,0.0,0.0,0.2696430295390255,0.0,-6.577394878726378e-05,0.0,0.0,0.0,0.0,-9.475907891198673e-06,0.0,0.0,-0.0023199528320155156,0.0,0.0,0.0,0.0,-0.0005268530704695269,0.0,0.0,-4.952907946699982e-05,0.0,0.0,0.0,0.0,0.0,0.0,0.0002963265035455758,0.0005529485339749273
0.0023815348084632575,-4.194057065302165e-07,0.0,0.0,0.023344429596133247,0.0,0.0,0.28564933156157574,-0.28564933156157574,0.0,0.0,0.0,0.0021269583920616856,-0.13053912634618856,-0.0026925395862214974,0.0,0.26278051368742555,0.0,-9.897978063152837e-05,0.0,0.0,0.0,0.0,-1.4259798927216442e-05,0.0,0.0,-0.0025771784254663035,0.0,0.0,0.0,0.0,-0.0007928336720178588,0.0,0.0,-7.453372514369178e-05,0.0,0.0,0.0,0.0,0.0,0.0,0.00044592628019208007,0.000832103372269499
0.0008657846849272692,-4.740336765305739e-07,0.0,0.0,0.021515870062433093,0.0,0.0,0.28633647014732333,-0.28633647014732333,0.0,0.0,0.0,0.0011866985187919139,-0.13293438743543837,0.0,0.0,0.2641408625465288,0.0,-0.00011187198596586741,0.0,0.0,0.0,0.0,-1.6117150546133877e-05,0.0,0.0,-0.0023042091731226956,0.0,0.0,0.0,0.0,-0.0008961009699489718,0.0,0.0,-8.424180979244258e-05,0.0,0.0,0.0,0.0,0.0,-0.0018259471715157463,0.0005040085787335971,0.0009404855839317991
7.365790076009096e-05,-4.1948638393697584e-07,0.0,0.0,0.024118365167408548,0.0,0.0,0.2868584469359576,-0.2868584469359576,0.0,0.0,0.0,0.001165561276973895,-0.13316111391651395,0.0,0.0,0.26167689496465146,0.0,-9.899882050604279e-05,0.0,0.0,0.0,0.0,-1.4262541959989829e-05,0.0,0.0,-0.00267385480068126,0.0,0.0,0.0,0.0,-0.0007929861824955514,0.0,0.0,-7.454806254436871e-05,0.0,0.0,0.0,0.0011541675113601751,0.0,0.0,0.0004460120591295899,0.0008322634367158936
0.0017024201915813552,-4.334641913493373e-07,0.0,0.0,0.02362097272094731,0.0,0.0,0.2863699578166607,-0.2863699578166607,0.0,0.0,0.0,0.0013128197544918392,-0.13295419503878136,0.0,0.0,0.26197563317039835,0.0,-0.00010229758418484747,0.0,0.0,0.0,0.0,-1.4737787575488554e-05,0.0,0.0,-0.0026003201723822805,0.0,0.0,0.0,0.0,-0.0008194094671694393,0.000758943695098263,0.0,-7.703209659436642e-05,0.0,0.0,0.0,0.0,0.0,0.0,0.00046087373499042273,0.0008599954882918813
0.0005625268426083684,-4.0225674647963273e-07,0.0,0.0,0.023250720922100468,0.0,0.0,0.2868817232175122,-0.2868817232175122,0.0,0.0,0.0,0.0007487672459819563,-0.13359449591291686,0.0,0.0,0.2623655367958303,0.0,-9.493262467385586e-05,0.0,0.0,0.0008608150349070527,0.0,-1.3676734084929722e-05,0.0,0.0,-0.0026870046722197913,0.0,0.0,0.0,0.0,-0.0007604157226278157,0.0,0.0,-7.14861369611541e-05,0.0,0.0,0.0,0.0,0.0,0.0,0.00042769292798572794,0.0007980797353307929
0.0007913674356896675,-4.332888090507849e-07,0.0,0.0,0.02467350679946012,0.0,0.0,0.2867598485045769,-0.2867598485045769,0.0,0.0,0.0,0.001084697592949423,-0.13277396151041881,0.0,0.0,0.2614650300071392,0.0008345002839525888,-0.0001022561939482172,0.0,0.0,0.0,0.0,-1.4731824575286578e-05,0.0,0.0,-0.0025234044045455138,0.0,0.0,0.0,0.0,-0.0008190779290200933,0.0,0.0,-7.700092893061784e-05,0.0,0.0,0.0,0.0,0.0,0.0,0.00046068726262062115,0.0008596475287868256
0.003058040064106798,-6.750988981343237e-07,0.0,0.0,0.01720307401708908,0.0,0.0,0.27156829798997006,-0.27156829798997006,0.02877159221699274,0.0,0.0,0.0,-0.12627208204459728,-0.012732228248612486,0.0,0.2627535494051949,0.0,-0.0001593233945115806,0.0,0.0,0.0,0.0,-2.295337043223388e-05,0.0,0.0,-0.0024365349969911075,0.0,0.0,0.0,0.0,-0.0012761894510476442,0.0,0.0,-0.00011997365542456606,0.0,0.0,0.0,0.0,0.0,0.0,0.00071778789777893,0.0013394001583822556
0.0006936282462096806,-5.00284885490467e-07,0.0,0.0,0.01903859150786205,0.0,0.0,0.28197082145327734,-0.28197082145327734,0.010313493070329022,0.0,0.0,0.0,-0.13629527125825297,0.0,0.0,0.26285825292361925,0.0,-0.00011806727340165112,0.0,0.0,0.0,0.0,-1.7009691957793113e-05,0.0,0.0,-0.002591877154712859,0.0,0.0,0.0,0.0,-0.0009457255746468116,0.0015725452396675385,0.0,-8.890698330544373e-05,0.0,0.0,0.0,0.0,0.0,0.0,0.000531919748705212,0.0009925681358894096
0.0003616504398940912,-7.983865755977479e-08,0.0,0.0,0.0,0.0,0.0,0.282185771320856,-0.282185771320856,0.0,0.0,0.0,0.0027185317914394467,-0.14879877028892408,0.003931322699694091,0.0,0.2777407292677726,0.0,-1.8841929635530334e-05,0.0,0.0,0.0,0.0,-2.714515290791005e-06,0.0,0.0,-0.001647415800562961,0.0,0.0,0.0,0.0,-0.0001509249279552476,0.0,0.0,-1.4188344282752059e-05,0.0,0.0,0.0,0.0,0.0,0.0,8.488715109696456e-05,0.00015840036308178377
0.0032823156264187125,-8.50779770868578e-08,0.0,0.0,0.0,0.0,0.0,0.28195421664636455,-0.28195421664636455,0.0,0.0,0.0,0.0,-0.14774021656710415,0.004189311203225112,0.0,0.28011440614641475,0.0,-2.0078409467289126e-05,0.0,0.0,0.0,0.0,-2.8926522159886592e-06,0.0,0.0,-0.0003070594089520958,0.0,0.0,0.0,0.0,-0.00016082920172848206,0.0,0.0,-1.5119437960046716e-05,0.0,0.0,0.0,0.0,0.0,0.0,9.04577721711953e-05,0.00016879520363593612
0.00045628122948686246,-8.035446332732691e-08,0.0,0.0,0.0,0.0,0.0,0.2821629749947322,-0.2821629749947322,0.0,0.0,0.0,0.002643800832437438,-0.14879100962219863,0.003956721409850166,0.0,0.27778150960550213,0.0,-1.8963659838352713e-05,0.0,0.0,0.0,0.0,-2.73205269292042e-06,0.0,0.0,-0.0016119119428299135,0.0,0.0,0.0,0.0,-0.00015189999380287185,0.0,0.0,-1.4280009524086805e-05,0.0,0.0,0.0,0.0,0.0,0.0,8.543557317049582e-05,0.0001594237247383693
0.0038456855709825704,-6.772533696586059e-07,0.0,0.0,0.023958030369397695,0.0,0.0,0.2757962628544037,-0.2757962628544037,0.020607584241970425,0.0,0.0,0.0,-0.12321142526887457,-0.011217088634590646,0.0,0.25947544167835834,0.0,-0.00015983184996540492,0.0,0.0,0.0,0.0,-2.302662248925725e-05,0.0,0.0,-0.0024443108136654366,0.0,0.0,0.0,0.0,-0.001280262208149559,0.0,0.0,-0.00012035653240005897,0.0,0.0,0.0,0.0,0.0,0.0,0.0007200786045042895,0.0013436746424746286
0.002017054122916553,-4.4528880829296546e-07,0.0,0.0,0.0,0.0,0.0,0.26989973603869066,-0.26989973603869066,0.030324452307086774,0.0,0.0,0.0,-0.14002278308522476,-0.008398056580164386,0.0,0.27543259566214906,0.0,-0.00010508819473904087,0.0,0.0,0.0,0.0,-1.5139824689867554e-05,0.0,0.0,-0.0016071152955109708,0.0,0.0,0.0,0.0,-0.0008417624164156029,0.0,0.0,-7.913348132872583e-05,0.0,0.0,0.0,0.0,0.0,0.0,0.0004734460661873242,0.0008834555973971902
9.042681630417683e-05,-5.741997735895517e-07,0.0,0.0,0.0203124801294002,0.0,0.0,0.2845513348640435,-0.2845513348640435,0.004791516261014175,0.0,0.0,0.0,-0.13299383331438383,0.0,0.0,0.2643737879185335,0.0,-0.0001355111929657839,0.0,0.0,0.0,0.0,-1.9522799017638793e-05,0.0,0.0,-0.0020723746513017474,0.0,0.0,0.0,0.0,-0.001085452362422801,0.0,0.0,-0.00010204259845761144,0.0,0.0,0.0,0.0,0.0,-0.003170083774094092,0.0006105085484941439,0.0011392157057496446
0.0004414758787352402,-3.1841798635907465e-07,0.0,0.0,0.0,0.0,0.0,0.2764073530064162,-0.2764073530064162,0.01868181897533449,0.0,0.0,0.0,-0.14733608353425537,0.0,0.0,0.27636026860510743,0.0,-7.514667051074933e-05,0.0,0.0,0.0,0.0,-1.08262152602886e-05,0.0,0.0,-0.0016496606802035448,0.0,0.0,0.0,0.0,-0.0006019291045182988,0.0010008831031994617,0.0,-5.658692360778647e-05,0.0,0.0,0.0,0.0,0.0,0.0,0.0003385527330518684,0.0006317431453965215
0.0015110109610208605,-5.178384710941583e-07,0.0,0.0,0.024036523451922132,0.0,0.0,0.28425706859828553,-0.28425706859828553,0.005750659046054184,0.0,0.0,0.0,-0.13304304025667965,0.0,0.0,0.2603422337935197,0.0,-0.00012220992102255311,0.0,0.0,0.0,0.0,-1.760651407361782e-05,0.0,0.0,-0.002583688156814178,0.0,0.0,0.0,0.0,-0.0009789084176901066,0.0014294601028445567,0.0,-9.202647859199042e-05,0.0,0.0,0.0,0.0,0.0,0.0,0.00055058331243458,0.001027394552289637
6.704693294031977e-05,-4.257402315780438e-07,0.0,0.0,0.02328728311923655,0.0,0.0,0.28619513479933106,-0.28619513479933106,0.0023774393604997206,0.0,0.0,0.0,-0.1338650970110474,0.0,0.0,0.2618326690633618,0.0,-0.00010047472905468174,0.0,0.0,0.001175228781150094,0.0,-1.4475172852928456e-05,0.0,0.0,-0.0027117902786339865,0.0,0.0,0.0,0.0,-0.0008048082939077405,0.0,0.0,-7.565945076325146e-05,0.0,0.0,0.0,0.0,0.0,0.0,0.00045266136068187703,0.0008446711069759008
7.773573371597998e-05,-4.936128741875396e-07,0.0,0.0,0.025637216984538334,0.0,0.0,0.28549317196441415,-0.28549317196441415,0.004119043967102282,0.0,0.0,0.0,-0.1327235439964529,0.0,0.0,0.25997195077051666,0.0013625868862362268,-0.00011649267819502329,0.0,0.0,0.0,0.0,-1.67828434954606e-05,0.0,0.0,-0.0024628176705269508,0.0,0.0,0.0,0.0,-0.0009331129774916427,0.0,0.0,-8.772128208854298e-05,0.0,0.0,0.0,0.0,0.0,0.0,0.0005248258414564808,0.0009793308264810167
0.0008942787249707191,-1.9742271821054075e-07,0.0,0.0,0.0,0.0,0.0,0.2797665806907246,-0.2797665806907246,0.009721260818486614,0.0,0.0,0.0018616762052676133,-0.14678660246883285,0.0,0.0,0.27849627036433233,0.0,-4.65917774505806e-05,0.0,0.0,0.0,0.0,-6.7123747281297385e-06,0.0,0.0,-0.0016433668350172308,0.0,0.0,0.0,0.0,-0.0003732027871378835,0.0,0.0,-3.508452647905216e-05,0.0,0.0,0.0,0.0,0.0,0.0,0.00020990648669367358,0.00039168782643582504
3.976095329564624e-05,-2.5247743217307376e-07,0.0,0.0,0.0,0.0,0.0,0.27810796104566193,-0.27810796104566193,0.015219992729135701,0.0,0.0,0.0,-0.14738892931248856,0.0,0.0,0.2774703437239829,0.0,-5.958469439447646e-05,0.0,0.0,0.0006969478636793446,0.0,-8.58423564675216e-06,0.0,0.0,-0.0016081774644685065,0.0,0.0,0.0,0.0,-0.00047727679078919823,0.0,0.0,-4.486844895425189e-05,0.0,0.0,0.0,0.0,0.0,0.0,0.0002684425137960673,0.0005009167006124713
0.001139117688426478,-2.0060696036765264e-07,0.0,0.0,0.0,0.0,0.0,0.27967064982093537,-0.27967064982093537,0.009878055582529391,0.0,0.0,0.001661288194323847,-0.14673477339880966,0.0,0.0,0.27861026567910163,0.0,-4.734325885696412e-05,0.0,0.0,0.0,0.0,-6.820638998713073e-06,0.0,0.0,-0.0015546652456582147,0.0,0.0,0.0,0.0,-0.0003792221959411236,0.0,0.0,-3.565040678548055e-05,0.0,0.0,0.0,0.0,0.0,0.0,0.0002132920802567631,0.0003980053814805002
5.67760220133143e-05,-3.60521140937864e-07,0.0,0.0,0.0,0.0,0.0,0.2776963712680546,-0.2776963712680546,0.015761973161699094,0.0,0.0,0.0,-0.14577396524655098,0.0,0.0,0.2777810913735718,0.0,-8.508301839352107e-05,0.0,0.0,0.0,0.0,-1.225772300838786e-05,0.0,0.0,-0.0013011758417586549,0.0,0.0,0.0,0.0,-0.0006815198161573932,0.0,0.0,-6.406918935237945e-05,0.0,0.0,0.0,0.0,0.0,-0.001990391274382432,0.00038331822577965756,0.0007152760500821438
0.0022634108060981812,-3.9860320534734694e-07,0.0,0.0,0.0,0.0,0.0,0.2718194055860807,-0.2718194055860807,0.02622946983832724,0.0,0.0,0.0,-0.14136641916229226,-0.006601912496451633,0.0,0.27631434972480534,0.0,-9.407038867140924e-05,0.0,0.0,0.0,0.0,-1.3552513643701757e-05,0.0,0.0,-0.0014386198265552539,0.0,0.0,0.0,0.0,-0.0007535091632112958,0.0,0.0,-7.083685626154745e-05,0.0,0.0,0.0,0.0,0.0,0.0,0.0004238083599379358,0.0007908310883773417
4.4299495825345595e-05,-2.812966497402807e-07,0.0,0.0,0.0,0.0,0.0,0.27723973166125654,-0.27723973166125654,0.016957289714680086,0.0,0.0,0.0,-0.14751796258883335,0.0,0.0,0.27730583453052415,0.0007765014774162208,-6.638603206909609e-05,0.0,0.0,0.0,0.0,-9.56408938109439e-06,0.0,0.0,-0.0014034932957951644,0.0,0.0,0.0,0.0,-0.0005317558923672881,0.0,0.0,-4.998999023889748e-05,0.0,0.0,0.0,0.0,0.0,0.0,0.00029908407705497094,0.0005580941966514136
0.0008856767726627306,-3.0353023086570786e-07,0.0,0.0,0.0,0.0,0.0,0.27680929920770564,-0.27680929920770564,0.017459711638160128,0.0,0.0,0.0,-0.1471681727131815,0.0,0.0,0.27688062682283443,0.0,-7.163315901129835e-05,0.0,0.0,0.0,0.0,-1.0320031399393334e-05,0.0,0.0,-0.001514424876672029,0.0,0.0,0.0,0.0,-0.0005737856775879368,0.0008378758613915995,0.0,-5.394118021738475e-05,0.0,0.0,0.0,0.0,0.0,0.0,0.00032272356972815015,0.000602205751511153
0.002901635387638359,-2.0785853179170878e-07,0.0,0.0,0.0,0.0,0.0,0.27945218353611007,-0.27945218353611007,0.010235129063211362,0.0,0.0,0.0,-0.14601427223881186,0.0,0.0,0.28007480916120986,0.0,-4.9054630299010116e-05,0.0,0.0,0.0,0.0,-7.067192511942247e-06,0.0,0.0,-0.0007501931769305279,0.0,0.0,0.0,0.0,-0.00039293037852070414,0.0,0.0,-3.693910320273235e-05,0.0,0.0,0.0,0.0,0.0,0.0,0.0002210021953561235,0.00041239254155548
0.0,-7.806703814715626e-08,0.0,0.0,0.0,0.0,0.0,0.28211251528686904,-0.28211251528686904,0.0,0.0,0.0,0.002569801229951343,-0.14916579003546224,0.00437452479627473,0.0,0.27741248327631096,0.0,-1.8423827310995308e-05,0.0,0.0,0.0,0.0,-2.654280210041875e-06,0.0,0.0,-0.0016550628294788035,0.0,0.0,0.0,0.0,-0.0001475759045574859,0.0,0.0,-1.387350499395992e-05,0.0,0.0,0.0,0.00017681270921927748,0.0,0.0,8.300350563796282e-05,0.00015488545981588893
0.0,-4.194168738624137e-07,0.0,0.0,0.024138917251559658,0.0,0.0,0.2868477365315885,-0.2868477365315885,0.0,0.0,0.0,0.001134682433756799,-0.13322190015249294,8.591997801170865e-05,0.0,0.2615967115188849,0.0,-9.89824161228293e-05,0.0,0.0,0.0,0.0,-1.4260178616641755e-05,0.0,0.0,-0.0026764803060578646,0.0,0.0,0.0,0.0,-0.0007928547824530644,0.0,0.0,-7.453570972057192e-05,0.0,0.0,0.0,0.0011907991102741687,0.0,0.0,0.00044593815367598556,0.0008321255283218271
0.0,-7.811782142804883e-08,0.0,0.0,0.0,0.0,0.0,0.28207171859292085,-0.28207171859292085,0.0,0.0,0.0,0.0024593162499657035,-0.14925160800121895,0.004511958451733606,0.0,0.2773686291710473,0.0,-1.8435812169389534e-05,0.0,0.0,0.0,0.0,-2.656006842186162e-06,0.0,0.0,-0.0016224924647607207,0.0,0.0,0.0,0.0,-0.00014767190395482426,0.0,0.0,-1.3882529828484122e-05,0.0,0.0,0.0,0.00022179039054015805,0.0,0.0,8.305750013348774e-05,0.00015498621414189754
0.0,-7.218819883869308e-08,0.0,0.0,0.0,0.0,0.0,0.2815690212898039,-0.2815690212898039,0.0,0.0,0.0,0.0,-0.15042200868003405,0.00689663992887452,0.0,0.27722292525005365,0.0,-1.703642075915391e-05,0.0,0.0,0.0,0.0,-2.454399604797746e-06,0.0,0.0,-0.0008175436072718103,0.0,0.0,0.0,0.0,-0.00013646269917291394,0.0,0.0,-1.2828760522536382e-05,0.0,0.0,0.0,0.0011140107520392127,0.0,0.0,7.675292558182069e-05,0.00014322180827887706
0.0,-4.4467147529009674e-07,0.0,0.0,0.026098937186429392,0.0,0.0,0.28702452756228886,-0.28702452756228886,0.0,0.0,0.0,0.0,-0.13241107598793025,0.000724254451700715,0.0,0.2602530473364612,0.0,-0.0001049425041004798,0.0,0.0,0.0,0.0,-1.5118835360549956e-05,0.0,0.0,-0.0024260862310976246,0.0,0.0,0.0,0.0,-0.0008405954261150383,0.0,0.0,-7.902377340715603e-05,0.0,0.0,0.0,0.0016423979692959502,0.0,0.0,0.0004727896969359697,0.0008822308051125309
0.0,-4.104655548981846e-07,0.0,0.0,0.02364302663489438,0.0,0.0,0.28646265540702287,-0.28646265540702287,0.0,0.0,0.0,0.0,-0.13419443105117376,0.001385782224221405,0.0,0.261750545238114,0.0,-9.686990412395311e-05,0.0,0.0,0.0,0.0,-1.3955833667167185e-05,0.0,0.0,-0.002284289430657934,0.0,0.0,0.0,0.0,-0.0007759334411996842,0.0,0.0,-7.294494655982962e-05,0.0,0.0,0.0,0.0016057131468770632,0.0,0.0,0.00043642080971432464,0.0008143660591958191
0.0,-4.116471010368095e-07,0.0,0.0,0.021257773569307966,0.0,0.0,0.2844741232069493,-0.2844741232069493,0.0,0.0,0.0,0.0,-0.1379335745963583,0.005315068436749244,0.0,0.2596908779622736,0.0,-9.714874910814432e-05,0.0,0.0,0.0,0.0,-1.3996006249699286e-05,0.0,0.0,-0.0025361959478281317,0.0,0.0,0.0,0.0,-0.0007781670053814749,0.0018645161544986928,0.0,-7.315492232737325e-05,0.0,0.0,0.0,0.00023648126589490703,0.0,0.0,0.0004376770693843021,0.0008167102536384166
0.0,-3.8368723429794335e-07,0.0,0.0,0.021551779114727262,0.0,0.0,0.2862962320549745,-0.2862962320549745,0.0,0.0,0.0,0.001303405960144494,-0.13500947796860124,0.0006093721816823364,0.0,0.26319631272867033,0.0,-9.055021829845359e-05,0.0,0.0,0.0,0.0,-1.304537045357124e-05,0.0,0.0,-0.0025811669437524973,0.0,0.0,0.0,0.0,-0.0007253123983254592,0.0,0.0,-6.818609860818821e-05,0.0,0.0,0.0,0.0010893563080044985,0.0,0.0,0.00040794919688423977,0.0007612377146639376
0.0,-3.5026428624294244e-07,0.0,0.0,0.0,0.0,0.0,0.2741811943425675,-0.2741811943425675,0.023059914016423617,0.0,0.0,0.0,-0.1446508377680542,-0.003432682834283062,0.0,0.2761534201800966,0.0,-8.266239985670663e-05,0.0,0.0,0.0,0.0,-1.1908989828800758e-05,0.0,0.0,-0.0016608111045874146,0.0,0.0,0.0,0.0,-0.0006621305240125512,0.0,0.0,-6.224641589754333e-05,0.0,0.0,0.0,0.0007933076348641659,0.0,0.0,0.0003724127922355684,0.0006949263904384269
0.0,-3.102790488324024e-07,0.0,0.0,0.0,0.0,0.0,0.27658378735561884,-0.27658378735561884,0.018526945121359037,0.0,0.0,0.0,-0.14745974109704096,0.0,0.0,0.2764303585787282,0.0,-7.322588059678163e-05,0.0,0.0,0.0,0.0,-1.0549491289192225e-05,0.0,0.0,-0.0016612683921074197,0.0,0.0,0.0,0.0,-0.0005865434680686179,0.0007602042276342156,0.0,-5.514053095473142e-05,0.0,0.0,0.0,0.0003226436357350158,0.0,0.0,0.0003298991404100067,0.0006155954457892276
0.0,-2.3147469436186306e-07,0.0,0.0,0.0,0.0,0.0,0.27874070529273004,-0.27874070529273004,0.012970798101592507,0.0,0.0,0.0011342566757659206,-0.14720223417573255,0.0,0.0,0.277775551692349,0.0,-5.462804657388852e-05,0.0,0.0,0.0,0.0,-7.870142315531991e-06,0.0,0.0,-0.001664687403783605,0.0,0.0,0.0,0.0,-0.00043757375985275376,0.0,0.0,-4.1135995478030484e-05,0.0,0.0,0.0,0.0005242631051107205,0.0,0.0,0.00024611169521115614,0.00045924714607973753
0.0,-2.5371319730014545e-07,0.0,0.0,0.0,0.0,0.0,0.27807073145769534,-0.27807073145769534,0.015314465630487018,0.0,0.0,0.0,-0.1474011215072177,0.0,0.0,0.2774499710646019,0.0,-5.987633506432232e-05,0.0,0.0,0.0006604035490306861,0.0,-8.626251675525576e-06,0.0,0.0,-0.0016060598889935395,0.0,0.0,0.0,0.0,-0.0004796128491407964,0.0,0.0,-4.5088060125223606e-05,0.0,0.0,0.0,5.993334830868112e-05,0.0,0.0,0.00026975642092161675,0.000503368465844939
0.0,-2.4686589066625945e-07,0.0,0.0,0.0,0.0,0.0,0.2782770185579509,-0.2782770185579509,0.014258572774745064,0.0,0.0,0.0006425803311199121,-0.1472784869123839,0.0,0.0,0.27767301147845297,0.0,-5.82603701454234e-05,0.0,0.0,0.0,0.0,-8.393443169890292e-06,0.0,0.0,-0.0015627149441922886,0.0,0.0,0.0,0.0,-0.00046666887823756557,0.0,0.0,-4.387120669982114e-05,0.0,0.0,0.0,0.0007008961758149379,0.0,0.0,0.0002624761337699603,0.0004897833694757046
0.0,-3.0557683146910967e-07,0.0,0.0,0.0,0.0,0.0,0.2760537331607796,-0.2760537331607796,0.01924042564185429,0.0,0.0,0.0,-0.14611423099589535,-0.0015908043109402429,0.0,0.27689688226086934,0.0,-7.21161569190783e-05,0.0,0.0,0.0,0.0,-1.0389615843845158e-05,0.0,0.0,-0.001536666930121007,0.0,0.0,0.0,0.0,-0.0005776545182982196,0.0,0.0,-5.430488715908292e-05,0.0,0.0,0.0,0.000867586980187124,0.0,0.0,0.0003248995844554273,0.0006062662190662285
0.0,-3.5433493947826344e-07,0.0,0.0,0.0,0.0,0.0,0.2776745173770127,-0.2776745173770127,0.015854224319674936,0.0,0.0,0.0,-0.1459092570261055,0.0,0.0,0.27772988286611316,0.0,-8.362307434917461e-05,0.0,0.0,0.0,0.0,-1.2047392086410284e-05,0.0,0.0,-0.0013207002456067415,0.0,0.0,0.0,0.0,-0.0006698255813325173,0.0,0.0,-6.296982271979846e-05,0.0,0.0,0.0,8.37026988413347e-05,0.0,-0.0018446344460370284,0.00037674084792702756,0.0007030025902414125
0.0,-2.8099167889248233e-07,0.0,0.0,0.0,0.0,0.0,0.2772489194419736,-0.2772489194419736,0.016961031017085754,0.0,0.0,0.0,-0.14752397237701625,0.0,0.0,0.27729282491107005,0.000731408156782469,-6.631405892437229e-05,0.0,0.0,0.0,0.0,-9.553720368702438e-06,0.0,0.0,-0.0014130345501566853,0.0,0.0,0.0,0.0,-0.0005311793833848073,0.0,0.0,-4.993579304273939e-05,0.0,0.0,0.0,6.637720206167047e-05,0.0,0.0,0.00029875982177277456,0.0005574891327074907
0.0,-2.8835580601009934e-07,0.0,0.0,0.0,0.0,0.0,0.2771342874532752,-0.2771342874532752,0.017217895354126992,0.0,0.0,0.0,-0.14741842531659477,0.0,0.0,0.2769916994223014,0.0,-6.80519935191938e-05,0.0,0.0,0.0,0.0,-9.804100776829086e-06,0.0,0.0,-0.0015438889219490577,0.0,0.0,0.0,0.0,-0.0005451003383288144,0.00037528831708228305,0.0,-5.124449203743971e-05,0.0,0.0,0.0,0.0006310492671121575,0.0,0.0,0.00030658960987839726,0.0005720996039361384
0.0,-2.625113926603707e-07,0.0,0.0,0.0,0.0,0.0,0.27780567041904386,-0.27780567041904386,0.015674710180568027,0.0,0.0,0.0,-0.14730245701457192,0.0,0.0,0.27767586209957373,0.0,-6.195270988028035e-05,0.0,0.0,0.0,0.0,-8.92539042067315e-06,0.0,0.0,-0.001405515070501375,0.0,0.0,0.0,0.0,-0.0004962447295038151,0.0,0.0,-4.6651611275170324e-05,0.0,0.0,0.0,0.0009161427486710749,0.0,0.0,0.00027911095870758706,0.0005208241368459293
0.0,-4.115677352764885e-07,0.0,0.0,0.020739236226328346,0.0,0.0,0.28516607926694026,-0.28516607926694026,0.004103539015878372,0.0,0.0,0.0,-0.13541454074449347,0.0,0.0,0.2634198597545491,0.0,-9.713001878229535e-05,0.0,0.0,0.0010712915052722765,0.0,-1.3993307812920145e-05,0.0,0.0,-0.0026053135519375705,0.0,0.0,0.0,0.0,-0.0007780169744061971,0.0,0.0,-7.314081802294084e-05,0.0,0.0,0.0,9.722250436093775e-05,0.0,0.0,0.00043759268503348496,0.0008165527915062195
0.0,-4.063439810155231e-07,0.0,0.0,0.021533701276545022,0.0,0.0,0.2857774340382254,-0.2857774340382254,0.0019360669010371802,0.0,0.0,0.0010576943180154994,-0.1347535087786434,0.0,0.0,0.2632495304416177,0.0,-9.589721235459808e-05,0.0,0.0,0.0,0.0,-1.3815700106952535e-05,0.0,0.0,-0.002572246047851173,0.0,0.0,0.0,0.0,-0.0007681421248084086,0.0,0.0,-7.221249049128641e-05,0.0,0.0,0.0,0.0011536828420910875,0.0,0.0,0.0004320386134747042,0.0008061888325309897
0.0,-5.012429460825395e-07,0.0,0.0,0.021343908139537668,0.0,0.0,0.28206443370928197,-0.28206443370928197,0.010216493826276919,0.0,0.0,0.0,-0.13295415202587435,-0.0026094237433609145,0.0,0.2621035575780415,0.0,-0.00011829337577879705,0.0,0.0,0.0,0.0,-1.7042266029128645e-05,0.0,0.0,-0.002520621264048051,0.0,0.0,0.0,0.0,-0.000947536667546602,0.0,0.0,-8.907724285062565e-05,0.0,0.0,0.0,0.00142311788443231,0.0,0.0,0.0005329383910111454,0.0009944689337018605
0.0,-5.384785951141775e-07,0.0,0.0,0.017322937059406213,0.0,0.0,0.2833951665274526,-0.2833951665274526,0.006770539160731811,0.0,0.0,0.0,-0.1351218780045129,0.0,0.0,0.26615636774363544,0.0,-0.00012708099195911856,0.0,0.0,0.0,0.0,-1.8308278531696498e-05,0.0,0.0,-0.002007052462476379,0.0,0.0,0.0,0.0,-0.0010179259729186185,0.0,0.0,-9.569449098830955e-05,0.0,0.0,0.0,0.00012720199635326093,0.0,-0.002803269038226391,0.0005725285878174443,0.0010683446789419581
0.0,-4.7054656181370157e-07,0.0,0.0,0.02248641711483443,0.0,0.0,0.2843876279395786,-0.2843876279395786,0.00591639844668637,0.0,0.0,0.0,-0.13461045412205114,0.0,0.0,0.26197473459459236,0.0012248106236205534,-0.00011104902661090661,0.0,0.0,0.0,0.0,-1.5998588604976423e-05,0.0,0.0,-0.002366257078931555,0.0,0.0,0.0,0.0,-0.0008895090187125473,0.0,0.0,-8.362210518231194e-05,0.0,0.0,0.0,0.00011115476563590159,0.0,0.0,0.0005003009608588605,0.0009335671279589284
0.0,-4.7339735384560604e-07,0.0,0.0,0.021390419287416258,0.0,0.0,0.28385149138029214,-0.28385149138029214,0.0068764160928597206,0.0,0.0,0.0,-0.13506658672589217,0.0,0.0,0.2622269835288652,0.0,-0.00011172181376079647,0.0,0.0,0.0,0.0,-1.6095515567402814e-05,0.0,0.0,-0.0025346218631596804,0.0,0.0,0.0,0.0,-0.0008948980820457883,0.0006161155507640487,0.0,-8.412872716298468e-05,0.0,0.0,0.0,0.001036001519548531,0.0,0.0,0.0005033320190123261,0.0009392231160069018
0.0,-4.427541970485706e-07,0.0,0.0,0.0228869818514115,0.0,0.0,0.2854538157207477,-0.2854538157207477,0.0035501325520203952,0.0,0.0,0.0,-0.13400680756833933,0.0,0.0,0.2623478979303098,0.0,-0.0001044900262805525,0.0,0.0,0.0,0.0,-1.5053647877914404e-05,0.0,0.0,-0.0023705550078148845,0.0,0.0,0.0,0.0,-0.0008369710530441879,0.0,0.0,-7.868304869298815e-05,0.0,0.0,0.0,0.0015451750225351892,0.0,0.0,0.00047075118210170534,0.0008784269138790246
0.0,-3.9008980838867416e-07,0.0,0.0,0.02236646789045639,0.0,0.0,0.2868503900119373,-0.2868503900119373,0.0,0.0,0.0,0.0011532885540857555,-0.13413200207104675,0.0,0.0,0.2627947569004073,0.0,-9.206122630123094e-05,0.0,0.0,0.0008208554913758414,0.00012530458481773386,-1.3263058047537846e-05,0.0,0.0,-0.0028053934455306707,0.0,0.0,0.0,0.0,-0.0007374156583614663,0.0,0.0,-6.932391740764765e-05,0.0,0.0,0.0,0.0,0.0,0.0,0.00041475662940954826,0.0007739404590690584
0.0,-4.2681885907195026e-07,0.0,0.0,0.021179198344598294,0.0,0.0,0.28601644815344773,-0.28601644815344773,0.0,0.0,0.0,0.0020103297365929714,-0.13171734780600783,-0.002095668037893021,0.0,0.2641865652025658,0.0,-0.000100729285230403,0.0,0.0,0.0,0.0019333895741282592,-1.4511846200336441e-05,0.0,0.0,-0.002545619297089973,0.0,0.0,0.0,0.0,-0.0008068473033523383,0.0,0.0,-7.585113657942303e-05,0.0,0.0,0.0,0.0,0.0,0.0,0.00045380819378066793,0.0008468111102260413
0.0,-4.5749939883151774e-07,0.0,0.0,0.02045529024158923,0.0,0.0,0.2863590693825137,-0.2863590693825137,0.0,0.0,0.0,0.0015932588605653709,-0.13360414622529784,0.0,0.0,0.26464474495896784,0.0,-0.00010796989509282528,0.0,0.0,0.0,0.0003876338023481052,-1.5554984910988155e-05,0.0,0.0,-0.0024478146113516555,0.0,0.0,0.0,0.0,-0.0008648450001369321,0.0,0.0,-8.13034584770388e-05,0.0,0.0,0.0,0.0,0.0,-0.0016847314389490126,0.00048642877751677277,0.0009076814803700042
0.0,-4.20974138018362e-07,0.0,0.0,0.023472890457797494,0.0,0.0,0.28675051423382597,-0.28675051423382597,0.0,0.0,0.0,0.0014660582662615244,-0.1334016654766179,0.0,0.0,0.26211910677941913,0.0007751139860679698,-9.934993058946902e-05,0.0,0.0,0.0,0.0003566863830358147,-1.431312561615709e-05,0.0,0.0,-0.00263994606430794,0.0,0.0,0.0,0.0,-0.0007957985942320616,0.0,0.0,-7.481245535557012e-05,0.0,0.0,0.0,0.0,0.0,0.0,0.00044759388940281565,0.0008352151495060482
0.0,-4.3101907808327503e-07,0.0,0.0,0.02181087580432928,0.0,0.0,0.2865031453141824,-0.2865031453141824,0.0,0.0,0.0,0.0015010401477746948,-0.1335955257271427,0.0,0.0,0.2631886652811569,0.0,-0.00010172053725647753,0.0,0.0,0.0,0.0013175282866856892,-1.465465369584544e-05,0.0,0.0,-0.0026235773828247795,0.0,0.0,0.0,0.0,-0.0008147872884554925,0.0006348872968911864,0.0,-7.659756888699305e-05,0.0,0.0,0.0,0.0,0.0,0.0,0.00045827400817124336,0.0008551443692856483
0.0,-6.667471804421426e-07,0.0,0.0,0.020523095124715958,0.0,0.0,0.2772137334969413,-0.2772137334969413,0.018842396325412694,0.0,0.0,0.0,-0.12567963245341254,-0.009554507810502247,0.0,0.261954982233585,0.0,-0.00015735238846135895,0.0,0.0,0.0,0.003020208736908101,-2.2669411933021618e-05,0.0,0.0,-0.00240639237270565,0.0,0.0,0.0,0.0,-0.0012604015804906863,0.0,0.0,-0.00011848944903143752,0.0,0.0,0.0,0.0,0.0,0.0,0.0007089080700948963,0.0013228303016833553
0.0,-5.310932914168173e-07,0.0,0.0,0.022436009599146385,0.0,0.0,0.28372701933470257,-0.28372701933470257,0.0073982094358842,0.0,0.0,0.0,-0.13384957714970455,0.0,0.0,0.2609179398533198,0.0,-0.00012533805968976646,0.0,0.0,0.0,0.000883611683622275,-1.8057178119610912e-05,0.0,0.0,-0.002677855112295049,0.0,0.0,0.0,0.0,-0.0010039649863173947,0.0015221166732440818,0.0,-9.438202864621198e-05,0.0,0.0,0.0,0.0,0.0,0.0,0.0005646762840586366,0.0010536921932553691
0.0,-6.928573666405901e-07,0.0,0.0,0.04090706574051359,0.0,0.0,0.2880695757272333,-0.2880695757272333,0.0,0.0,0.0,0.0,-0.11102104103945032,-0.00992866758992764,0.0,0.2526330084483007,0.0,-0.00016351439451404605,0.0,0.0,0.0,0.00313848177171352,-2.3557158569142363e-05,0.0,0.0,-0.002500628021180688,0.0,0.0,0.0,0.0,-0.0013097595994171498,0.0,0.0,-0.00012312956100718025,0.0,0.0,0.0,0.0,0.0,0.0,0.0007366692999143991,0.0013746330636582866
0.0,-5.390695908845784e-07,0.0,0.0,0.030282288459472662,0.0,0.0,0.28798821357285886,-0.28798821357285886,0.0,0.0,0.0,0.0,-0.1283504954062502,0.0,0.0,0.25732725222853015,0.0,-0.00012722046700868904,0.0,0.0,0.0,0.000896882330259482,-1.832837239480216e-05,0.0,0.0,-0.0027180728568083697,0.0,0.0,0.0,0.0,-0.0010190431759978765,0.0015449767970808531,0.0,-9.579951844889554e-05,0.0,0.0,0.0,0.0,0.0,0.0,0.0005731569544357348,0.0010695172180035177
0.0,-4.2866947311000886e-07,0.0,0.0,0.025672534138593953,0.0,0.0,0.28755668315992977,-0.28755668315992977,0.0,0.0,0.0,0.0,-0.13213918277512485,0.0,0.0,0.2607846917127532,0.0,-0.0001011660302929251,0.0,0.0,0.0011664377059324336,0.00010126235889419477,-1.457476709927442e-05,0.0,0.0,-0.0027135712833397225,0.0,0.0,0.0,0.0,-0.0008103456561416227,0.0,0.0,-7.618001421726169e-05,0.0,0.0,0.0,0.0,0.0,0.0,0.000455775828987375,0.0008504827392903609
0.0,-6.194104515211865e-07,0.0,0.0,0.033724884688869895,0.0,0.0,0.2874133592866899,-0.2874133592866899,0.0,0.0,0.0,0.0,-0.1184612730538949,-0.006741825592208948,0.0,0.2571561714216382,0.0,-0.00014618091661093295,0.0,0.0,0.0,0.0035172329037382105,-2.1059962596079055e-05,0.0,0.0,-0.0022355468906914847,0.0,0.0,0.0,0.0,-0.001170917455626945,0.0,0.0,-0.00011007711060193695,0.0,0.0,0.0,0.0,0.0,0.0,0.000658578064767079,0.0012289139549240228
0.0,-5.78461633360246e-07,0.0,0.0,0.025199226780526246,0.0,0.0,0.28730103464866097,-0.28730103464866097,0.0,0.0,0.0,0.0,-0.12951825987980345,0.0,0.0,0.26219219356733786,0.0,-0.00013651699221605058,0.0,0.0,0.0,0.00013664698141174834,-1.966770229968728e-05,0.0,0.0,-0.0020877563539119315,0.0,0.0,0.0,0.0,-0.0010935088716190614,0.0,0.0,-0.00010279998511164115,0.0,0.0,0.0,0.0,0.0,-0.0031480639649537,0.0006150399014172331,0.0011476712604359966
0.0,-4.977618474098241e-07,0.0,0.0,0.029810398971981133,0.0,0.0,0.28785363832447636,-0.28785363832447636,0.0,0.0,0.0,0.0,-0.12973445496482558,0.0,0.0,0.2581210155610113,0.001354442580622961,-0.00011747183621074338,0.0,0.0,0.0,0.00011758369092756873,-1.6923908633542885e-05,0.0,0.0,-0.0024737197955418525,0.0,0.0,0.0,0.0,-0.0009409560888840496,0.0,0.0,-8.845860736801199e-05,0.0,0.0,0.0,0.0,0.0,0.0,0.0005292371695972833,0.0009875624135957477
0.0,-5.188930257288079e-07,0.0,0.0,0.02712248422868721,0.0,0.0,0.2874603645824008,-0.2874603645824008,0.0,0.0,0.0,0.0,-0.12992367769423877,0.0,0.0,0.2598541815876865,0.0,-0.0001224587960015445,0.0,0.0,0.0,0.001816905679835311,-1.7642368943529524e-05,0.0,0.0,-0.002437540914282767,0.0,0.0,0.0,0.0,-0.0009809019204257982,0.0011295535204115155,0.0,-9.221388635508035e-05,0.0,0.0,0.0,0.0,0.0,0.0,0.0005517045504582089,0.0010294867948463585
0.0,-4.199059468114208e-07,0.0,0.0,0.02091752912649001,0.0,0.0,0.2867498966958127,-0.2867498966958127,0.0,0.0,0.0,0.0,-0.13370425824623342,0.0,0.0,0.26494766740188785,0.0,-9.90978373783149e-05,0.0,0.0,0.0005657505887533812,0.0020219954909418613,-1.4276807102627985e-05,0.0,0.0,-0.0020812552617400417,0.0,0.0,0.0,0.0,-0.0007937793132737198,0.0,0.0,-7.462262420024862e-05,0.0,0.0,0.0,0.0,0.0,0.0,0.0004464581525160052,0.0008330958519102242
0.0,-4.6333222997939846e-07,0.0,0.0,0.020445036168764384,0.0,0.0,0.2863021008536925,-0.2863021008536925,0.0,0.0,0.0,0.0,-0.13143979321772872,-0.0014566066418986987,0.0,0.2660600274052827,0.0,-0.0001093464437150515,0.0,0.0,0.0,0.0038264394713278054,-1.575330123823439e-05,0.0,0.0,-0.0016722367592342238,0.0,0.0,0.0,0.0,-0.0008758712328877763,0.0,0.0,-8.23400267135141e-05,0.0,0.0,0.0,0.0,0.0,0.0,0.0004926304401462143,0.0009192538514476029
0.0,-4.728016630668525e-07,0.0,0.0,0.01962423824229704,0.0,0.0,0.2864556740749201,-0.2864556740749201,0.0,0.0,0.0,0.0,-0.13313519933799015,0.0,0.0,0.26641922318321176,0.0,-0.00011158123068887539,0.0,0.0,0.0,0.002542131391457929,-1.607526207395825e-05,0.0,0.0,-0.0017064133890332203,0.0,0.0,0.0,0.0,-0.0008937720036444867,0.0,0.0,-8.402286533973586e-05,0.0,0.0,0.0,0.0,0.0,-0.0011147822202351697,0.0005026986605029441,0.0009380412620213386
0.0,-4.178375183687426e-07,0.0,0.0,0.023910791352139575,0.0,0.0,0.2873077590852106,-0.2873077590852106,0.0,0.0,0.0,0.0,-0.1322715649240503,0.0,0.0,0.26336107114826374,0.0,-9.860968809870191e-05,0.0,0.0009851865439796435,0.0,0.0006046259286511963,-1.4206480511385475e-05,0.0,0.0,-0.002000632670920659,0.0,0.0,0.0,0.0,-0.0007898692097820865,0.0,0.0,-7.425503817405594e-05,0.0,0.0,0.0,0.0,0.0,0.0,0.0004442589296944613,0.0008289920777944882
0.0,-3.8345960706966944e-07,0.0,0.0,0.015313228815037652,0.0,0.0,0.28597114874815155,-0.28597114874815155,0.0,0.0,0.0,0.0,-0.1357042020708044,0.0,0.0,0.27002222373864054,0.0,-9.049649825418736e-05,0.0,0.0,0.0,0.003568645001040834,-1.3037631125147697e-05,0.0,0.0,-0.0013839642682571954,0.0,0.0,0.0,0.0,-0.0007248820977157304,0.0,0.0,-6.814564635633939e-05,0.0,0.0,0.0,0.0,0.0,0.0,0.00040770717594462404,0.0007607861009130564
0.0,-4.471312819032522e-07,0.0,0.0,0.021721524295338777,0.0,0.0,0.28671663700569955,-0.28671663700569955,0.0,0.0,0.0,0.0,-0.1330229603253117,0.0,0.0,0.26460528081097096,0.0005271280138308495,-0.00010552301865995102,0.0,0.0,0.0,0.002404108438316473,-1.5202468814166083e-05,0.0,0.0,-0.0018773290709934937,0.0,0.0,0.0,0.0,-0.0008452453807513168,0.0,0.0,-7.946091230907594e-05,0.0,0.0,0.0,0.0,0.0,0.0,0.0004754050462169105,0.0008871110758052474
0.0,-4.543319814272726e-07,0.0,0.0,0.020571604857522147,0.0,0.0,0.28654913897550305,-0.28654913897550305,0.0,0.0,0.0,0.0,-0.1331477003503592,0.0,0.0,0.2653671774815418,0.0,-0.00010722238432947785,0.0,0.0,0.0,0.003085565121861418,-1.5447292682199067e-05,0.0,0.0,-0.0018540002873158538,0.0,0.0,0.0,0.0,-0.0008588573964102287,0.00042849359851572613,0.0,-8.074056814305535e-05,0.0,0.0,0.0,0.0,0.0,0.0,0.0004830610725978867,0.0009013973057333208
0.0,-4.3686072581163866e-07,0.0,0.0,0.022115284516924686,0.0,0.0,0.2867917121439037,-0.2867917121439037,0.0,0.0,0.0,0.0,-0.13304038995781112,0.0,0.0,0.26422688079764794,0.0,-0.00010309916659241014,0.0,0.0,0.0,0.001868201054510334,-1.4853269786931209e-05,0.0,0.0,-0.0019887130123659035,0.0,0.0,0.0,0.0,-0.000825830187841459,0.0,0.0,-7.76357039418883e-05,0.0,0.0,0.0,0.000824031906647478,0.0,0.0,0.0004644850448861528,0.0008667342325104388
0.0,-3.327662812250185e-07,0.0,0.0,0.014496126453177306,0.0,0.0,0.2855922471576093,-0.2855922471576093,0.0,0.0,0.0,0.0018109576820002154,-0.1373828268854256,0.0,0.0,0.2693371583688215,0.0,-7.853286925853696e-05,0.0,0.0,0.0,0.0018895653289427979,-1.1314057453542189e-05,0.0,0.0,-0.0021064831564626685,0.0,0.0,0.0,0.0,-0.0006290527490673309,0.0,0.0,-5.913679798757595e-05,0.0,0.0,0.0,0.0,0.0,0.0,0.00035380832365792636,0.0006602102462451095
0.0,-5.156989620637551e-07,0.0,0.0,0.024294271301363492,0.0,0.0,0.28658832209180063,-0.28658832209180063,0.0,0.0,0.0,0.0,-0.12795152961096656,-0.0027751075250423323,0.0,0.26328920096020564,0.0,-0.0001217049967184933,0.0,0.0,0.0,0.003874287187606112,-1.7533770741561332e-05,0.0,0.0,-0.0018612362906424425,0.0,0.0,0.0,0.0,-0.0009748639452986282,0.0,0.0,-9.164626064184903e-05,0.0,0.0,0.0,0.0,0.0,0.0,0.0005483085143369144,0.0010231497538725433
0.0,-4.898086763123374e-07,0.0,0.0,0.022237857644073086,0.0,0.0,0.286424907783699,-0.286424907783699,0.0,0.0,0.0,0.0,-0.129895194491086,-0.0020082320263515216,0.0,0.2647138706805036,0.0,-0.00011559488718907449,0.0,0.0,0.0,0.0038889658835461528,-1.6653500723211464e-05,0.0,0.0,-0.0017677942964549808,0.0,0.0,0.0,0.0,-0.000925921620474993,0.0,0.0,-8.704522777071242e-05,0.0,0.0,0.0,0.0,0.0,0.0,0.0005207810900828339,0.0009717832756693588
0.0,-4.963047940185918e-07,0.0,0.0,0.02344118322448095,0.0,0.0,0.28659005724550285,-0.28659005724550285,0.0,0.0,0.0,0.0,-0.1295286298622591,-0.0019440268646457913,0.0,0.2636826815517369,0.0,-0.00011712797149267424,0.0,0.0,0.0,0.0034863462202719842,-1.6874368801199915e-05,0.0,0.0,-0.0018820792395960728,0.0,0.0,0.0,0.0,-0.0009382017129361068,0.0,0.0,-8.819967045968938e-05,0.0,0.0,0.0,0.00018167892503308754,0.0,0.0,0.0005276879813323719,0.000984671611154237
0.0,-4.895782489876699e-07,0.0,0.0,0.02316828305573188,0.0,0.0,0.2866037900605218,-0.2866037900605218,0.0,0.0,0.0,0.0,-0.12983408613674016,-0.0018504727552470508,0.0,0.2638052651950177,0.0,-0.00011554050632183309,0.0,0.0,0.00015681451133290494,0.0034166928106935824,-1.6645666191477787e-05,0.0,0.0,-0.0019237771603916787,0.0,0.0,0.0,0.0,-0.0009254860266356509,0.0,0.0,-8.700427790614224e-05,0.0,0.0,0.0,0.0,0.0,0.0,0.0005205360919863756,0.0009713261065108721
0.0,-4.946982560966139e-07,0.0,0.0,0.023621849490629482,0.0,0.0,0.2866432742980444,-0.2866432742980444,0.0,0.0,0.0,0.0,-0.12931684577918046,-0.0020282794677160014,0.0,0.26365914072175634,0.0,-0.00011674882841326995,0.0,0.0001584544767816769,0.0,0.00339960640969474,-1.681974649306329e-05,0.0,0.0,-0.0018646687748248708,0.0,0.0,0.0,0.0,-0.000935164755307525,0.0,0.0,-8.791416825014568e-05,0.0,0.0,0.0,0.0,0.0,0.0,0.0005259798560770865,0.0009814842305303152
0.0,-4.965754458982176e-07,0.0,0.0,0.023514559165654172,0.0,0.0,0.2866251592145881,-0.2866251592145881,0.0,0.0,0.0,0.0,-0.12972045156219839,-0.0017633090078678555,0.0,0.2635841060161366,0.00018177800072838855,-0.00011719184535813616,0.0,0.0,0.0,0.0034276547764998254,-1.6883570968272622e-05,0.0,0.0,-0.0018831056014002314,0.0,0.0,0.0,0.0,-0.0009387133462310792,0.0,0.0,-8.824776873897258e-05,0.0,0.0,0.0,0.0,0.0,0.0,0.0005279757475311369,0.0009852085860647857
0.0,-5.143396150115367e-07,0.0,0.0,0.022912267604213603,0.0,0.0,0.28583289495408315,-0.28583289495408315,0.0013179656662274622,0.0,0.0,0.0,-0.12893222383125694,-0.002767792532166142,0.0,0.2639131543721251,0.0,-0.0001213841907043267,0.0,0.0,0.0,0.003864074832617373,-1.7487552925887568e-05,0.0,0.0,-0.001856330199586836,0.0,0.0,0.0,0.0,-0.0009722942708803349,0.0,0.0,-9.140468739192086e-05,0.0,0.0,0.0,0.0,0.0,0.0,0.0005468632107441219,0.001020452801378517
0.0,-4.873619118064461e-07,0.0,0.0,0.022681810421192883,0.0,0.0,0.28638171236516213,-0.28638171236516213,0.0,0.0,0.0,0.0004162789513912028,-0.129731981643467,-0.002206339685382165,0.0,0.2640853311827553,0.0,-0.00011501745056797147,0.0,0.0,0.0,0.003522640021706832,-1.657031070139485e-05,0.0,0.0,-0.0019671030254785385,0.0,0.0,0.0,0.0,-0.0009212963203000917,0.0,0.0,-8.661040661703242e-05,0.0,0.0,0.0,0.0,0.0,0.0,0.0005181796076098252,0.000966928880593657
0.0,-4.0970060615572775e-07,0.0,0.0,0.019135578439148083,0.0,0.0,0.28593203273679746,-0.28593203273679746,0.0,0.0,0.0,0.0015856435854659085,-0.13340318218262476,-0.001288001536484718,0.0,0.26591882795725974,0.0,-9.668937615892102e-05,0.0,0.0,0.0,0.002326425795873298,-1.3929825400977139e-05,0.0,0.0,-0.0022714938331489945,0.0,0.0,0.0,0.0,-0.000774487401932825,0.0,0.0,-7.28090054449817e-05,0.0,0.0,0.0,0.0,0.0,0.0,0.0004356074904343286,0.0008128483964213242
0.0,-5.720718846068913e-07,0.0,0.0,0.017863087956807706,0.0,0.0,0.2796924411286773,-0.2796924411286773,0.013284365714228696,0.0,0.0,0.0,-0.1298145649072361,-0.0062265802308536355,0.0,0.26503203057644864,0.0,-0.00013500901099393036,0.0,0.0,0.0,0.003248427679741959,-1.9450450767341465e-05,0.0,0.0,-0.002064694775078735,0.0,0.0,0.0,0.0,-0.0010814298562682565,0.0,0.0,-0.00010166444553765715,0.0,0.0,0.0,0.0,0.0,0.0,0.0006082461052228074,0.0011349939615751664
0.0,-5.086414532511932e-07,0.0,0.0,0.02265843180526944,0.0,0.0,0.28657636061836245,-0.28657636061836245,0.0,0.0,0.0,0.0,-0.13011056448091762,-0.0014337648171182226,0.0,0.26424777780029335,0.0,-0.00012003942406844134,0.0,0.0,0.0,0.003169584074123356,-1.7293815359392635e-05,0.0,0.0,-0.0018357646638024316,0.0,0.0,0.0,0.0,-0.0009615226136475802,0.0,0.0,-9.039205161740229e-05,0.0,0.0,0.0,0.0,0.0,-0.0006516822273062488,0.0005408047331455591,0.0010091476151526417
0.0,-5.188706065300372e-07,0.0,0.0,0.021895277113313443,0.0,0.0,0.2867329927094834,-0.2867329927094834,0.0,0.0,0.0,0.0,-0.13175211759280453,0.0,0.0,0.2645647818884593,0.0,-0.00012245350506882302,0.0,0.0,0.0,0.0018926110974875478,-1.7641606690509116e-05,0.0,0.0,-0.0018726832397656984,0.0,0.0,0.0,0.0,-0.0009808595397537943,0.0,0.0,-9.22099021784869e-05,0.0,0.0,0.0,0.0,0.0,-0.0017617371962689254,0.0005516807136106005,0.001029442315025006
0.0,-4.273127494468327e-07,0.0,0.0,0.018614805647473285,0.0,0.0,0.2861333032016568,-0.2861333032016568,0.0,0.0,0.0,0.0013179644905899166,-0.13460402302826666,0.0,0.0,0.2662673014703638,0.0,-0.00010084584339878443,0.0,0.0,0.0,0.0014189063577133676,-1.4528638478858773e-05,0.0,0.0,-0.0022012191998582306,0.0,0.0,0.0,0.0,-0.0008077809409099477,0.0,0.0,-7.593890717691238e-05,0.0,0.0,0.0,0.0,0.0,-0.0010075274534213708,0.0004543333146702144,0.0008477909916155225
0.0,-5.433163599083989e-07,0.0,0.0,0.016965189492025964,0.0,0.0,0.2833743312458696,-0.2833743312458696,0.006703021807262375,0.0,0.0,0.0,-0.13511655573323197,0.0,0.0,0.2664940359391218,0.0,-0.00012822270484147408,0.0,0.0,0.0,0.00012834479635551914,-1.847276259128045e-05,0.0,0.0,-0.0019609116960686156,0.0,0.0,0.0,0.0,-0.0010270711580375649,0.0,0.0,-9.655422328538633e-05,0.0,0.0,0.0,0.0,0.0,-0.002956798784150773,0.0005776722623682243,0.0010779428325598998
0.0,-4.5917094303189215e-07,0.0,0.0,0.025404350376907112,0.0,0.0,0.2872097022995745,-0.2872097022995745,0.0,0.0,0.0,0.0,-0.1317677501436082,0.0,0.0,0.2614598853246027,0.0,-0.00010836437965918404,0.0,0.0,0.0,0.0009473024083595892,-1.5611817433350548e-05,0.0,0.0,-0.0022808328824631355,0.0,0.0,0.0,0.0,-0.0008680048439485172,0.0,0.0,-8.16005131285526e-05,0.0,0.0,0.0,0.0012472296863296455,0.0,0.0,0.00048820601963781176,0.0009109978338300849
0.0,-3.9236646293148345e-07,0.0,0.0,0.020792979835914854,0.0,0.0,0.2864162228546369,-0.2864162228546369,0.0,0.0,0.0,0.00139520541536592,-0.13460495219614008,0.0,0.0,0.26428934558827805,0.0,-9.259851695730073e-05,0.0,0.0,0.0,0.0007477878422711587,-1.3340464328620135e-05,0.0,0.0,-0.002483765309043168,0.0,0.0,0.0,0.0,-0.0007417193870732777,0.0,0.0,-6.972850785860915e-05,0.0,0.0,0.0,0.0007401042608104908,0.0,0.0,0.0004171772452374929,0.0007784573549840828
0.0,-4.968343447526803e-07,0.0,0.0,0.023150948519140926,0.0,0.0,0.2866290983587627,-0.2866290983587627,0.0,0.0,0.0,0.0,-0.13018820383784876,-0.0014004827937029874,0.0,0.2636730310910638,0.0,-0.00011725294550870988,0.0,0.0,0.0,0.0034779412545567208,-1.6892373532352324e-05,0.0,0.0,-0.0019204619483818041,0.0,0.0,0.0,0.0,-0.0009392027619120508,0.0002546218837030328,0.0,-8.829377835629081e-05,0.0,0.0,0.0,0.0,0.0,0.0,0.0005282510175174985,0.00098572224290474
0.0,-4.875482253039943e-07,0.0,0.0,0.023222156539765993,0.0,0.0,0.2868606841022146,-0.2868606841022146,0.0,0.0,0.0,0.0,-0.13185492726522396,0.0,0.0,0.2630509924242428,0.0,-0.00011506142056844806,0.0,0.0,0.0,0.002771593283118876,-1.6576645362490534e-05,0.0,0.0,-0.002090713455629311,0.0,0.0,0.0,0.0,-0.0009216485225045627,0.0006621549439750167,0.0,-8.664351689378975e-05,0.0,0.0,0.0,0.0,0.0,0.0,0.0005183777023987556,0.0009672985276613896
0.0,-4.177991518329743e-07,0.0,0.0,0.02080742071092462,0.0,0.0,0.284469304193554,-0.284469304193554,0.0,0.0,0.0,0.0,-0.1378188465405563,0.005154486469474814,0.0,0.2601797299505302,0.0,-9.860063359316034e-05,0.0,0.0,0.0,0.0004320278455006092,-1.4205176048720634e-05,0.0,0.0,-0.0024780931151692728,0.0,0.0,0.0,0.0,-0.0007897966826777525,0.0019403843738475986,0.0,-7.424821995297039e-05,0.0,0.0,0.0,0.0,0.0,0.0,0.00044421813710076826,0.0008289159583633549
0.0,-4.12169172709727e-07,0.0,0.0,0.019510028347616976,0.0,0.0,0.2862295189264293,-0.2862295189264293,0.0,0.0,0.0,0.0012712570229895092,-0.13456331014367887,0.0,0.0,0.2653182714321041,0.0,-9.727195806513924e-05,0.0,0.0,0.0,0.0019517145577011917,-1.4013756692684406e-05,0.0,0.0,-0.0023175743041417445,0.0,0.0,0.0,0.0,-0.0007791539161341206,0.00038872863727712714,0.0,-7.324770109973774e-05,0.0,0.0,0.0,0.0,0.0,0.0,0.00043823215357956436,0.0008177460468878575
0.0,-4.904353649809654e-07,0.0,0.0,0.019584388748565124,0.0,0.0,0.2839071091854292,-0.2839071091854292,0.006050616526758621,0.0,0.0,0.0,-0.1349548569345084,0.0,0.0,0.26386554917208527,0.0,-0.00011574278576551075,0.0,0.0,0.0,0.0017172610847379698,-1.66748081452743e-05,0.0,0.0,-0.002303858808418622,0.0,0.0,0.0,0.0,-0.0009271062964835071,0.0010676053937523572,0.0,-8.715659831300812e-05,0.0,0.0,0.0,0.0,0.0,0.0,0.0005214474065932881,0.000973026629649548
0.0,-4.327252612320569e-07,0.0,0.0,0.023437460443077738,0.0,0.0,0.2871235746563234,-0.2871235746563234,0.0,0.0,0.0,0.0,-0.13282622159357413,0.0,0.0,0.26268888957758546,0.0,-0.00010212319661745948,0.0,0.0,0.0008395687302201313,0.0012285705725113456,-1.471266394285881e-05,0.0,0.0,-0.0024013402661947655,0.0,0.0,0.0,0.0,-0.0008180126128369249,0.0,0.0,-7.690077931993682e-05,0.0,0.0,0.0,0.0,0.0,0.0,0.0004600880795894822,0.0008585294466217587
0.0,-3.872889428741326e-07,0.0,0.0,0.02000209806217597,0.0,0.0,0.28646677409157084,-0.28646677409157084,0.0,0.0,0.0,0.0010640675048934184,-0.1348459201939164,0.0,0.0,0.26493931831644557,0.0,-9.140022181347305e-05,0.0,0.0,0.0005218048210856053,0.001155554756468735,-1.3167828587285711e-05,0.0,0.0,-0.002451623499368111,0.0,0.0,0.0,0.0,-0.0007321209748220038,0.0,0.0,-6.88261680037295e-05,0.0,0.0,0.0,0.0,0.0,0.0,0.0004117786548117519,0.0007683835255232448
0.0,-4.0997338968980904e-07,0.0,0.0,0.020610472902482174,0.0,0.0,0.28522354343146716,-0.28522354343146716,0.003942373761328837,0.0,0.0,0.0,-0.13542261946999895,0.0,0.0,0.2635615651900378,0.0,-9.67537530950067e-05,0.0,0.0,0.0011155644387124404,9.684588039975757e-05,-1.3939100044326263e-05,0.0,0.0,-0.002595220996551378,0.0,0.0,0.0,0.0,-0.0007750030648521042,0.0,0.0,-7.285748254635724e-05,0.0,0.0,0.0,0.0,0.0,0.0,0.0004358975230799425,0.0008133896005467676
0.0,-4.7570971802882146e-07,0.0,0.0,0.024919551143667763,0.0,0.0,0.28710973759106956,-0.28710973759106956,0.0,0.0,0.0,0.0,-0.13169520783741628,0.0,0.0,0.2619399560132597,0.0008075958575516852,-0.00011226753189488766,0.0,0.0,0.0,0.0017351792146119568,-1.6174135976676558e-05,0.0,0.0,-0.002120706932166592,0.0,0.0,0.0,0.0,-0.000899269315335837,0.0,0.0,-8.453966367095391e-05,0.0,0.0,0.0,0.0,0.0,0.0,0.0005057906025332834,0.0009438108600571372
0.0,-4.0623420554467126e-07,0.0,0.0,0.020570055863682237,0.0,0.0,0.28638629898942464,-0.28638629898942464,0.0,0.0,0.0,0.0012529517512968524,-0.134429595667227,0.0,0.0,0.26462676621977815,0.00047891399816049894,-9.587130533460656e-05,0.0,0.0,0.0,0.001348914343684218,-1.3811967739659685e-05,0.0,0.0,-0.002332094146091809,0.0,0.0,0.0,0.0,-0.0007679346081048973,0.0,0.0,-7.219298199475286e-05,0.0,0.0,0.0,0.0,0.0,0.0,0.00043192189649491323,0.0008059710373554209
0.0,-4.715161702976566e-07,0.0,0.0,0.02242136882614499,0.0,0.0,0.2844167181739529,-0.2844167181739529,0.005817205969124313,0.0,0.0,0.0,-0.13458152701128884,0.0,0.0,0.2620690246207735,0.00128302637461404,-0.00011127785429146993,0.0,0.0,0.0,0.00011138381120235346,-1.6031555304771017e-05,0.0,0.0,-0.0023432870366680812,0.0,0.0,0.0,0.0,-0.0008913419414477041,0.0,0.0,-8.379441693466738e-05,0.0,0.0,0.0,0.0,0.0,0.0,0.0005013318812725808,0.0009354908368563466
0.0,-4.6470481053866e-07,0.0,0.0,0.02025246680030093,0.0,0.0,0.2861442308025755,-0.2861442308025755,0.0,0.0,0.0,0.0014871056904472656,-0.13393652712605833,0.0005249851493827342,0.0,0.26448165430552945,0.0,-0.00010967037283794963,0.0,0.0,0.0,0.0,-1.5799968993302395e-05,0.0,0.0,-0.0024207434572608645,0.0,0.0,0.0,0.0,-0.0008784659235846259,0.0,0.0,-8.258395172585583e-05,0.0,0.0,0.0,0.0,0.0,-0.0021050040705704563,0.0004940898140496339,0.0009219770592969239
0.0,-4.881538371730599e-07,0.0,0.0,0.020171455379730713,0.0,0.0,0.2856932322021973,-0.2856932322021973,0.0016544277742659634,0.0,0.0,0.001286407151274725,-0.13366365255464335,0.0,0.0,0.26459198884874147,0.0,-0.00011520434501848445,0.0,0.0,0.0,0.0,-1.659723617312174e-05,0.0,0.0,-0.0024050253049790163,0.0,0.0,0.0,0.0,-0.0009227933554777265,0.0,0.0,-8.675114182089464e-05,0.0,0.0,0.0,0.0,0.0,-0.002211222675148944,0.0005190216093456752,0.0009685000651480989
0.0,-6.341858295283408e-07,0.0,0.0,0.019520826616058654,0.0,0.0,0.28091196862533685,-0.28091196862533685,0.012176779768637529,0.0,0.0,0.0,-0.1310327795267293,-0.003342475769797655,0.0,0.2635256822626471,0.0,-0.00014966790701455702,0.0,0.0,0.0,0.0,-2.156232562112878e-05,0.0,0.0,-0.002288873485813613,0.0,0.0,0.0,0.0,-0.0011988484470714308,0.0,0.0,-0.00011270288308460116,0.0,0.0,0.0,0.0,0.0,-0.0028727134352404126,0.000674287744560593,0.0012582283912201439
0.0,-5.612337639683624e-07,0.0,0.0,0.02121927051548088,0.0,0.0,0.28343637979118474,-0.28343637979118474,0.007818070752222772,0.0,0.0,0.0,-0.13387195816125153,0.0,0.0,0.26213411975594436,0.0,-0.00013245121364745493,0.0,0.0,0.0,0.0,-1.9081954538873473e-05,0.0,0.0,-0.0025185753400091483,0.0,0.0,0.0,0.0,-0.0010609417540564225,0.0009859939941429822,0.0,-9.973837373613269e-05,0.0,0.0,0.0,0.0,0.0,-0.0015562636517926583,0.0005967226501401474,0.0011134910669030982
0.0,-4.897744300133386e-07,0.0,0.0,0.021898341603113786,0.0,0.0,0.28664168814244795,-0.28664168814244795,0.0,0.0,0.0,0.0012906778177332989,-0.13244747434073878,0.0,0.0,0.26381047181791106,0.0,-0.00011558680505974347,0.0,0.0,0.0,0.0,-1.6652336348644973e-05,0.0,0.0,-0.0024130096051998423,0.0,0.0,0.0,0.0,-0.0009258568821594061,0.0,0.0,-8.703914176807339e-05,0.0,0.0,0.0,0.0,0.0,-0.002218563581565578,0.0005207446782637166,0.0009717153308120499
0.0,-6.500160337053679e-07,0.0,0.0,0.03248882491659867,0.0,0.0,0.28792394147628647,-0.28792394147628647,0.0,0.0,0.0,0.0,-0.12182281903444582,-0.0034259088448192376,0.0,0.25762293805407727,0.0,-0.0001534038364795071,0.0,0.0,0.0,0.0,-2.210055274829097e-05,0.0,0.0,-0.0023460071096329293,0.0,0.0,0.0,0.0,-0.0012287734545547533,0.0,0.0,-0.00011551611158561597,0.0,0.0,0.0,0.0,0.0,-0.002944420556567557,0.0006911189510831352,0.0012896356088004557
0.0,-5.822007642799259e-07,0.0,0.0,0.025417124721450496,0.0,0.0,0.2873427267574008,-0.2873427267574008,0.0,0.0,0.0,0.0,-0.12936523796924,0.0,0.0,0.26204407803263974,0.0,-0.00013739942741523834,0.0,0.0,0.0,0.0,-1.9794832794687666e-05,0.0,0.0,-0.0021012514482889317,0.0,0.0,0.0,0.0,-0.0011005772277502426,0.0,0.0,-0.00010346447620440509,0.0,0.0,0.0,0.0,0.0,-0.003250930959211398,0.0006190154714111618,0.0011550897180277239
0.0,-5.701486895568475e-07,0.0,0.0,0.029498585321979076,0.0,0.0,0.28793862893785305,-0.28793862893785305,0.0,0.0,0.0,0.0,-0.12805619215000671,0.0,0.0,0.2583557358479249,0.0,-0.00013455513680671476,0.0,0.0,0.0,0.0,-1.9385062113147106e-05,0.0,0.0,-0.002558581685291042,0.0,0.0,0.0,0.0,-0.0010777942982160126,0.0010016560295599628,0.0,-0.00010132266933140671,0.0,0.0,0.0,0.0,0.0,-0.0015809841435779274,0.0006062012994383441,0.00113117833135899
9.704634513252746e-05,-3.8843762990306744e-07,0.0,0.0,0.022451966331348164,0.0,0.0,0.28684161710345907,-0.28684161710345907,0.0,0.0,0.0,0.0011691995844524436,-0.1341357823501483,0.0,0.0,0.2627215035708448,0.0,-9.16713120451222e-05,0.0,0.0,0.0008312426202183086,0.0,-1.3206883959704046e-05,0.0,0.0,-0.0028177731251484797,0.0,0.0,0.0,0.0,-0.0007342924229949057,0.0,0.0,-6.903030428980692e-05,0.0,0.0,0.0,0.0,0.0,0.0,0.0004129999775690304,0.0007706625273002272
0.000308385655736238,-4.5495984629358105e-07,0.0,0.0,0.02065012977162577,0.0,0.0,0.2863114351322191,-0.2863114351322191,0.0,0.0,0.0,0.001661511187286916,-0.13359493331730157,0.0,0.0,0.2644863564180431,0.0,-0.00010737056048866175,0.0,0.0,0.0,0.0,-1.5468640094996794e-05,0.0,0.0,-0.0024727751418659218,0.0,0.0,0.0,0.0,-0.0008600442958723382,0.0,0.0,-8.085214771062961e-05,0.0,0.0,0.0,0.0,0.0,-0.0017524760067113567,0.00048372863968135,0.0009026429932965805
0.0018318608231170928,-4.0440517367224227e-07,0.0,0.0,0.022509488922329533,0.0,0.0,0.2856516547223883,-0.2856516547223883,0.0,0.0,0.0,0.002515380874766326,-0.13121194234402386,-0.002596237776528305,0.0,0.26313627109244986,0.0,-9.5439653664917e-05,0.0,0.0,0.0,0.0,-1.3749780634605528e-05,0.0,0.0,-0.002717250453463402,0.0,0.0,0.0,0.0,-0.000764477053681872,0.0,0.0,-7.18679397820789e-05,0.0,0.0,0.0,0.0,0.0,0.0,0.00042997720817397297,0.0008023422274338112
0.0002828570919841719,-4.1729768132352907e-07,0.0,0.0,0.02376289662336569,0.0,0.0,0.28672126055174463,-0.28672126055174463,0.0,0.0,0.0,0.001523969140565705,-0.1333857472916595,0.0,0.0,0.261880678780131,0.0008037018872472794,-9.848228651240958e-05,0.0,0.0,0.0,0.0,-1.4188126045534514e-05,0.0,0.0,-0.002669926558519214,0.0,0.0,0.0,0.0,-0.0007888487158303261,0.0,0.0,-7.415910226921764e-05,0.0,0.0,0.0,0.0,0.0,0.0,0.0004436849567567216,0.000827921037942612
0.0011600748377503908,-4.174603546204306e-07,0.0,0.0,0.022748867946554674,0.0,0.0,0.2863457498901848,-0.2863457498901848,0.0,0.0,0.0,0.0017438400928810021,-0.13355956494701593,0.0,0.0,0.2623725921060388,0.0,-9.852067742362327e-05,0.0,0.0,0.0,0.0,-1.4193656939531722e-05,0.0,0.0,-0.002744059654170919,0.0,0.0,0.0,0.0,-0.0007891562292125084,0.0007309229007046679,0.0,-7.418801138182792e-05,0.0,0.0,0.0,0.0,0.0,0.0,0.0004438579164877038,0.0008282437827141359
0.003332189919227863,-7.356207556757727e-07,0.0,0.0,0.02264308749597988,0.0,0.0,0.27252742735979346,-0.27252742735979346,0.027453155899647145,0.0,0.0,0.0,-0.12200112339099249,-0.013873658202619633,0.0,0.25902466924433243,0.0,-0.00017360655778187733,0.0,0.0,0.0,0.0,-2.501111429648081e-05,0.0,0.0,-0.002654967621292784,0.0,0.0,0.0,0.0,-0.001390598401152074,0.0,0.0,-0.00013072915880695752,0.0,0.0,0.0,0.0,0.0,0.0,0.0007821367761646106,0.0014594758773630264
0.0007386637520731405,-5.327671020337296e-07,0.0,0.0,0.02309765064680833,0.0,0.0,0.2833408719870187,-0.2833408719870187,0.008160189621623615,0.0,0.0,0.0,-0.13385284563524522,0.0,0.0,0.26016444117982085,0.0,-0.00012573307913061132,0.0,0.0,0.0,0.0,-1.81140877001621e-05,0.0,0.0,-0.0027601611013893224,0.0,0.0,0.0,0.0,-0.0010071291145040326,0.0016746465752873032,0.0,-9.467948606875315e-05,0.0,0.0,0.0,0.0,0.0,0.0,0.0005664559359101117,0.0010570130432991033
0.003525777349726855,-7.783574949868376e-07,0.0,0.0,0.05300664264407646,0.0,0.0,0.2883602237135224,-0.2883602237135224,0.0,0.0,0.0,0.0,-0.10004084110576197,-0.014679664435208186,0.0,0.24502492846561832,0.0,-0.00018369243171266342,0.0,0.0,0.0,0.0,-2.6464163932887572e-05,0.0,0.0,-0.0028092110384816786,0.0,0.0,0.0,0.0,-0.0014713868249395805,0.0,0.0,-0.00013832402061201272,0.0,0.0,0.0,0.0,0.0,0.0,0.0008275759175301056,0.0015442658178594073
0.0007509190355136975,-5.41606322619419e-07,0.0,0.0,0.031776443883614294,0.0,0.0,0.2880418237891746,-0.2880418237891746,0.0,0.0,0.0,0.0,-0.12777804211997926,0.0,0.0,0.25618529269146423,0.0,-0.00012781913590309397,0.0,0.0,0.0,0.0,-1.841462130345527e-05,0.0,0.0,-0.00280595535695444,0.0,0.0,0.0,0.0,-0.0010238385478894439,0.001702430893098084,0.0,-9.625032792273916e-05,0.0,0.0,0.0,0.0,0.0,0.0,0.0005758540930982513,0.0010745501085871175
6.736725607271203e-05,-4.277742462388766e-07,0.0,0.0,0.02578733814515388,0.0,0.0,0.2875624594185787,-0.2875624594185787,0.0,0.0,0.0,0.0,-0.13211585250633676,0.0,0.0,0.2606948018689439,0.0,-0.00010095475667899839,0.0,0.0,0.0011808435490141308,0.0,-1.4544329375185734e-05,0.0,0.0,-0.002724746115960895,0.0,0.0,0.0,0.0,-0.0008086533424785569,0.0,0.0,-7.602092102297439e-05,0.0,0.0,0.0,0.0,0.0,0.0,0.0004548239936108975,0.0008487066039473819
9.130176407866121e-05,-5.797555902658976e-07,0.0,0.0,0.025346896524137675,0.0,0.0,0.287304584036594,-0.287304584036594,0.0,0.0,0.0,0.0,-0.1294427713408707,0.0,0.0,0.2620939262768565,0.0,-0.0001368223661503435,0.0,0.0,0.0,0.0,-1.9711696849612998e-05,0.0,0.0,-0.002092426441944857,0.0,0.0,0.0,0.0,-0.0010959549341999163,0.0,0.0,-0.00010302993770134599,0.0,0.0,0.0,0.0,0.0,-0.0032007567299321324,0.0006164156800026981,0.0011502384784971714
0.004010999595082932,-7.063663789796431e-07,0.0,0.0,0.04648135133813041,0.0,0.0,0.2876518837060724,-0.2876518837060724,0.0,0.0,0.0,0.0,-0.10701446002714071,-0.011699276277508323,0.0,0.24913604135631034,0.0,-0.00016670252251766858,0.0,0.0,0.0,0.0,-2.401646514666577e-05,0.0,0.0,-0.0025493841092588203,0.0,0.0,0.0,0.0,-0.0013352966860407775,0.0,0.0,-0.00012553028421376632,0.0,0.0,0.0,0.0,0.0,0.0,0.0007510325370559729,0.0014014350230697435
7.838144696851683e-05,-4.977130782925169e-07,0.0,0.0,0.03000343186164476,0.0,0.0,0.28786462606710184,-0.28786462606710184,0.0,0.0,0.0,0.0,-0.129672755592593,0.0,0.0,0.2579781535171927,0.0013739052384034588,-0.00011746032669511806,0.0,0.0,0.0,0.0,-1.692225048298406e-05,0.0,0.0,-0.0024832751092417056,0.0,0.0,0.0,0.0,-0.0009408638970093238,0.0,0.0,-8.844994047595908e-05,0.0,0.0,0.0,0.0,0.0,0.0,0.0005291853166283551,0.000987465655382061
0.00152859178133093,-5.23863592913127e-07,0.0,0.0,0.030133760462365378,0.0,0.0,0.28756443867951725,-0.28756443867951725,0.0,0.0,0.0,0.0,-0.1287734455699422,0.0,0.0,0.2575537827284512,0.0,-0.00012363185025869426,0.0,0.0,0.0,0.0,-1.781136828592999e-05,0.0,0.0,-0.002613749723800771,0.0,0.0,0.0,0.0,-0.000990298151739287,0.001446092067705715,0.0,-9.30972193249373e-05,0.0,0.0,0.0,0.0,0.0,0.0,0.0005569894249852763,0.0010393484291821946
0.0016857365384237157,-4.000861244886611e-07,0.0,0.0,0.022820042784381375,0.0,0.0,0.2867010152122204,-0.2867010152122204,0.0,0.0,0.0,0.0,-0.13341382158634252,0.0,0.0,0.26351966967052065,0.0,-9.442035770858779e-05,0.0,0.0,0.0007798663139477869,0.0,-1.3602932911850023e-05,0.0,0.0,-0.0022238382220950937,0.0,0.0,0.0,0.0,-0.0007563124351024687,0.0,0.0,-7.110038984244083e-05,0.0,0.0,0.0,0.0,0.0,0.0,0.0004253850495399506,0.0007937732086181438
0.0023479602436784,-4.73079192943859e-07,0.0,0.0,0.021592391011497052,0.0,0.0,0.28623249400121636,-0.28623249400121636,0.0,0.0,0.0,0.0,-0.13243069496220064,0.0,0.0,0.2652059651437792,0.0,-0.00011164672776227493,0.0,0.0,0.0,0.0,-1.608469809302234e-05,0.0,0.0,-0.0017074150367324028,0.0,0.0,0.0,0.0,-0.0008942966389273542,0.0,0.0,-8.407218592658027e-05,0.0,0.0,0.0,0.0,0.0,-0.0017024266472381376,0.0005029937396202968,0.0009385918829188777
0.00481701522451101,-4.5366075688752307e-07,0.0,0.0,0.025370511088317282,0.0,0.0,0.28567814648467726,-0.28567814648467726,0.0,0.0,0.0,0.0,-0.12816093020206984,-0.0030318735657983856,0.0,0.2631824810963268,0.0,-0.00010706397528385815,0.0,0.0,0.0,0.0,-1.542447103999723e-05,0.0,0.0,-0.0016373309362119448,0.0,0.0,0.0,0.0,-0.0008575885309458058,0.0,0.0,-8.062128301036299e-05,0.0,0.0,0.0,0.0,0.0,0.0,0.0004823474040484995,0.0009000655923246111
0.0003983868890998341,-4.1296853443779814e-07,0.0,0.0,0.024628130510745357,0.0,0.0,0.28734610304514036,-0.28734610304514036,0.0,0.0,0.0,0.0,-0.1320747843997183,0.0,0.0,0.2628816876904535,0.0,-9.746060749755707e-05,0.0,0.0010733030682332594,0.0,0.0,-1.4040935000787817e-05,0.0,0.0,-0.0020271180266476507,0.0,0.0,0.0,0.0,-0.0007806650088166222,0.0,0.0,-7.338975783955501e-05,0.0,0.0,0.0,0.0,0.0,0.0,0.0004390820619055042,0.0008193319852268802
0.004187389567467643,-2.999634796438531e-07,0.0,0.0,0.014770454221630735,0.0,0.0,0.2851176202847101,-0.2851176202847101,0.0,0.0,0.0,0.0,-0.13686291484490112,0.0,0.0,0.2712456855869617,0.0,-7.079140543472658e-05,0.0,0.0,0.0,0.0,-1.019876181613508e-05,0.0,0.0,-0.0010826139962474906,0.0,0.0,0.0,0.0,-0.000567043183567547,0.0,0.0,-5.330732318805389e-05,0.0,0.0,0.0,0.0,0.0,0.0,0.00031893127963774894,0.000595129296247095
0.002158696580691445,-4.349453696900224e-07,0.0,0.0,0.024547472022775338,0.0,0.0,0.28663792184270803,-0.28663792184270803,0.0,0.0,0.0,0.0,-0.1323208481320341,0.0,0.0,0.2626106991301161,0.0007825989797241082,-0.0001026471423929369,0.0,0.0,0.0,0.0,-1.4788147656395074e-05,0.0,0.0,-0.0019610837362260816,0.0,0.0,0.0,0.0,-0.0008222094482962438,0.0,0.0,-7.72953208128606e-05,0.0,0.0,0.0,0.0,0.0,0.0,0.0004624485737145477,0.0008629341547740643
0.003211815115920077,-4.4139347254033884e-07,0.0,0.0,0.023947003403054473,0.0,0.0,0.2863112429381027,-0.2863112429381027,0.0,0.0,0.0,0.0,-0.1321930109725891,0.0,0.0,0.26294893023479615,0.0,-0.00010416889518665543,0.0,0.0,0.0,0.0,-1.5007383228720075e-05,0.0,0.0,-0.0019617926486020626,0.0,0.0,0.0,0.0,-0.0008343987747187656,0.000737472429118882,0.0,-7.844123065161744e-05,0.0,0.0,0.0,0.0,0.0,0.0,0.00046930441395126224,0.0008757272285042194
0.001513937721371097,-4.2482361105302795e-07,0.0,0.0,0.02423101524062038,0.0,0.0,0.2867620250953525,-0.2867620250953525,0.0,0.0,0.0,0.0,-0.1325539086329109,0.0,0.0,0.26269942477737407,0.0,-0.00010025840653670979,0.0,0.0,0.0,0.0,-1.4444007744357518e-05,0.0,0.0,-0.0020853104493384913,0.0,0.0,0.0,0.0,-0.000803075538236132,0.0,0.0,-7.549655564473291e-05,0.0,0.0,0.0,0.0011041143505567145,0.0,0.0,0.00045168677885167356,0.0008428525264986173
0.0016188505639381937,-2.850914301661833e-07,0.0,0.0,0.014038141987312876,0.0,0.0,0.2851472026785429,-0.2851472026785429,0.0,0.0,0.0,0.002360930180936791,-0.1383405709657054,0.0,0.0,0.2696021018550715,0.0,-6.728160055624923e-05,0.0,0.0,0.0,0.0,-9.693111959957202e-06,0.0,0.0,-0.0022094035894969347,0.0,0.0,0.0,0.0,-0.0005389294468819859,0.0,0.0,-5.0664370956281705e-05,0.0,0.0,0.0,0.0,0.0,0.0,0.0003031188154791763,0.0005656230631886368
0.001280827752189254,-4.998464450464803e-07,0.0,0.0,0.024401353823841627,0.0,0.0,0.2863174871397376,-0.2863174871397376,0.0,0.0,0.0,0.0,-0.12828774257013842,-0.0026898010914411293,0.0,0.2633076352868067,0.0,-0.00011796380142144174,0.0,0.0,0.0,0.002901306950283851,-1.6994784977569755e-05,0.0,0.0,-0.0018040221363759634,0.0,0.0,0.0,0.0,-0.0009448967582006957,0.0,0.0,-8.882906686550223e-05,0.0,0.0,0.0,0.0,0.0,0.0,0.0005314535840507293,0.0009916982674868099
0.00493136683877341,-4.91895241582849e-07,0.0,0.0,0.02809198723360181,0.0,0.0,0.28584174408120333,-0.28584174408120333,0.0,0.0,0.0,0.0,-0.12583915267401682,-0.0038706515021193805,0.0,0.26115852022777447,0.0,-0.0001160873167615217,0.0,0.0,0.0,0.0,-1.6724443966812428e-05,0.0,0.0,-0.0017753250290915728,0.0,0.0,0.0,0.0,-0.0009298660093556564,0.0,0.0,-8.741603694174947e-05,0.0,0.0,0.0,0.0,0.0,0.0,0.0005229995965908995,0.0009759230333574863
0.002180974690196588,-3.8408560211499094e-07,0.0,0.0,0.020847163941346,0.0,0.0,0.28550299516492816,-0.28550299516492816,0.0,0.0,0.0,0.0022134986910743244,-0.13269605663226247,-0.0019344656023260328,0.0,0.2645600667638855,0.0,-9.064423313546724e-05,0.0,0.0,0.0,0.0,-1.3058914964009996e-05,0.0,0.0,-0.0024929729254894056,0.0,0.0,0.0,0.0,-0.0007260654625167324,0.0,0.0,-6.825689363295685e-05,0.0,0.0,0.0,0.0,0.0,0.0,0.0004083727549714053,0.0007620280787405528
0.003612178610166496,-6.361310851835855e-07,0.0,0.0,0.019863352547909916,0.0,0.0,0.27488992567839043,-0.27488992567839043,0.021996273486721236,0.0,0.0,0.0,-0.12628998709042927,-0.010535995958675758,0.0,0.26220005707252464,0.0,-0.00015012698750638262,0.0,0.0,0.0,0.0,-2.162846433615797e-05,0.0,0.0,-0.0022958942104736547,0.0,0.0,0.0,0.0,-0.0012025257079196928,0.0,0.0,-0.00011304857974080956,0.0,0.0,0.0,0.0,0.0,0.0,0.0006763560059238975,0.001262087789805935
0.0017477889864881736,-5.190973256129136e-07,0.0,0.0,0.02336133501643561,0.0,0.0,0.28656698173674877,-0.28656698173674877,0.0,0.0,0.0,0.0,-0.13122708998899393,0.0,0.0,0.26366083916600713,0.0,-0.00012250701079070207,0.0,0.0,0.0,0.0,-1.7649315141978522e-05,0.0,0.0,-0.001873501503551109,0.0,0.0,0.0,0.0,-0.0009812881236290127,0.0,0.0,-9.225019304135508e-05,0.0,0.0,0.0,0.0,0.0,-0.00219945422910815,0.0005519217689794271,0.0010298921270101124
0.0011123963246411378,-4.187566090716075e-07,0.0,0.0,0.019354475227163572,0.0,0.0,0.28596599939776135,-0.28596599939776135,0.0,0.0,0.0,0.0015696737923540855,-0.13455076993031537,0.0,0.0,0.26566348003458923,0.0,-9.882659357884584e-05,0.0,0.0,0.0,0.0,-1.4237729606032172e-05,0.0,0.0,-0.0022961934337806405,0.0,0.0,0.0,0.0,-0.0007916066350138468,0.0,0.0,-7.441837227457687e-05,0.0,0.0,0.0,0.0,0.0,-0.0012654526775307577,0.00044523613790099325,0.000830815559119057
8.572823917132152e-05,-5.443643548924771e-07,0.0,0.0,0.016997913398029044,0.0,0.0,0.28332083017666165,-0.28332083017666165,0.006801679407208627,0.0,0.0,0.0,-0.13511999536485086,0.0,0.0,0.26645083883464943,0.0,-0.00012847003174240056,0.0,0.0,0.0,0.0,-1.8508394432996006e-05,0.0,0.0,-0.0019646940699732897,0.0,0.0,0.0,0.0,-0.0010290522605799146,0.0,0.0,-9.674046531518956e-05,0.0,0.0,0.0,0.0,0.0,-0.0030053662296867898,0.0005787865259503205,0.0010800220607315608
0.0007782374100124889,-4.526672821325542e-07,0.0,0.0,0.026445352506634785,0.0,0.0,0.2871885213374044,-0.2871885213374044,0.0,0.0,0.0,0.0,-0.13153570071940662,0.0,0.0,0.2607138903582654,0.0,-0.000106829515161407,0.0,0.0,0.0,0.0,-1.539069288670903e-05,0.0,0.0,-0.0023263510870172107,0.0,0.0,0.0,0.0,-0.0008557104920308004,0.0,0.0,-8.044472991828264e-05,0.0,0.0,0.0,0.0013852115057579498,0.0,0.0,0.0004812911082111988,0.0008980945326060551
0.000522933573703605,-3.841386809053291e-07,0.0,0.0,0.021402825758455032,0.0,0.0,0.2863716215695971,-0.2863716215695971,0.0,0.0,0.0,0.0015228285373452939,-0.13458002992298013,0.0,0.0,0.263767456439424,0.0,-9.065675973427611e-05,0.0,0.0,0.0,0.0,-1.306071964350228e-05,0.0,0.0,-0.00256241504727018,0.0,0.0,0.0,0.0,-0.0007261658012856019,0.0,0.0,-6.826632640868789e-05,0.0,0.0,0.0,0.0008291712583738542,0.0,0.0,0.0004084291901299262,0.0007621333873707138
0.002893381113155204,-4.7504034823928505e-07,0.0,0.0,0.026194903710292566,0.0,0.0,0.28663838158333604,-0.28663838158333604,0.0,0.0,0.0,0.0,-0.13102805578331028,0.0,0.0,0.2609319221489014,0.0,-0.00011210956057046813,0.0,0.0,0.0,0.0,-1.6151377396003657e-05,0.0,0.0,-0.002181745997967307,0.0,0.0,0.0,0.0,-0.0008980039560431214,0.0009345057046918041,0.0,-8.442070815095028e-05,0.0,0.0,0.0,0.0,0.0,0.0,0.0005050789060168236,0.0009424828264836873
0.0003062788513497934,-4.1466832268198603e-07,0.0,0.0,0.021141543915766555,0.0,0.0,0.2843386204259798,-0.2843386204259798,0.0,0.0,0.0,0.0,-0.13797036234772908,0.005422139544716144,0.0,0.25967976115212016,0.0,-9.786175766053809e-05,0.0,0.0,0.0,0.0,-1.4098727820970199e-05,0.0,0.0,-0.0025207789909581224,0.0,0.0,0.0,0.0,-0.0007838782444362362,0.0020483554062627105,0.0,-7.369183181666637e-05,0.0,0.0,0.0,0.0,0.0,0.0,0.0004408893340456851,0.0008227043750349118
0.00169283887697652,-3.9324889819119183e-07,0.0,0.0,0.020984411555462178,0.0,0.0,0.28601240028481184,-0.28601240028481184,0.0,0.0,0.0,0.001636110772279728,-0.13446640906685806,0.0,0.0,0.26402965912849347,0.0,-9.280677174989777e-05,0.0,0.0,0.0,0.0,-1.3370467137770805e-05,0.0,0.0,-0.002507434834803374,0.0,0.0,0.0,0.0,-0.000743387519805807,0.0005401682682533308,0.0,-6.988532782095143e-05,0.0,0.0,0.0,0.0,0.0,0.0,0.00041811548014165657,0.0007802081116952579
0.0014398423179242377,-4.934482699098453e-07,0.0,0.0,0.020856575911452197,0.0,0.0,0.28315551677373,-0.28315551677373,0.0075276297619084965,0.0,0.0,0.0,-0.13496801813418585,0.0,0.0,0.2624148979719921,0.0,-0.00011645383157218647,0.0,0.0,0.0,0.0,-1.6777246948093856e-05,0.0,0.0,-0.002461996398747083,0.0,0.0,0.0,0.0,-0.000932801813833442,0.0013621325066162184,0.0,-8.7692029816101e-05,0.0,0.0,0.0,0.0,0.0,0.0,0.0005246508286416502,0.0009790042506323175
0.0010435872952481084,-4.200808368533255e-07,0.0,0.0,0.02454161422829591,0.0,0.0,0.28708239460733653,-0.28708239460733653,0.0,0.0,0.0,0.0,-0.1326720778713389,0.0,0.0,0.2618708628889107,0.0,-9.913911144233653e-05,0.0,0.0,0.0009641200582516207,0.0,-1.4282753366098183e-05,0.0,0.0,-0.002480255936101604,0.0,0.0,0.0,0.0,-0.0007941099208738638,0.0,0.0,-7.46537043837338e-05,0.0,0.0,0.0,0.0,0.0,0.0,0.00044664410150195105,0.0008334428347752148
0.0008648416858444405,-3.7267104621674604e-07,0.0,0.0,0.020853270189072463,0.0,0.0,0.28640307238759855,-0.28640307238759855,0.0,0.0,0.0,0.0012092283868491405,-0.1348526624231927,0.0,0.0,0.2642055666466892,0.0,-8.795039702111956e-05,0.0,0.0,0.000625658547573218,0.0,-1.2670819929969925e-05,0.0,0.0,-0.0025752994459469097,0.0,0.0,0.0,0.0,-0.0007044876820374708,0.0,0.0,-6.622838195867471e-05,0.0,0.0,0.0,0.0,0.0,0.0,0.0003962364144960709,0.0007393815331451987
6.44287277012643e-05,-4.091149326134137e-07,0.0,0.0,0.020680066213200468,0.0,0.0,0.2852061628053321,-0.2852061628053321,0.003982440238023913,0.0,0.0,0.0,-0.13542898276473583,0.0,0.0,0.2634929002175225,0.0,-9.65511571556091e-05,0.0,0.0,0.0011293357027204684,0.0,-1.3909912493688674e-05,0.0,0.0,-0.002605893957902073,0.0,0.0,0.0,0.0,-0.0007733802598555316,0.0,0.0,-7.270492381197792e-05,0.0,0.0,0.0,0.0,0.0,0.0,0.00043498478258828684,0.0008116864166913859
0.0015699569869618772,-4.6628081510956065e-07,0.0,0.0,0.02691139325222089,0.0,0.0,0.2870446988200815,-0.2870446988200815,0.0,0.0,0.0,0.0,-0.13121089913462694,0.0,0.0,0.2605421836223936,0.00098783336008696,-0.00011004231004403243,0.0,0.0,0.0,0.0,-1.585355316714529e-05,0.0,0.0,-0.00217679533320036,0.0,0.0,0.0,0.0,-0.0008814451617580915,0.0,0.0,-8.28640277708017e-05,0.0,0.0,0.0,0.0,0.0,0.0,0.0004957654752171503,0.0009251038615739074
0.001044336092555941,-3.9313563984571766e-07,0.0,0.0,0.02173438567743128,0.0,0.0,0.2862900352409518,-0.2862900352409518,0.0,0.0,0.0,0.0014736357524584266,-0.1343376797145158,0.0,0.0,0.2636656100275762,0.0005940139657478926,-9.278004277121393e-05,0.0,0.0,0.0,0.0,-1.3366616352700061e-05,0.0,0.0,-0.002452711406978983,0.0,0.0,0.0,0.0,-0.0007431734191664241,0.0,0.0,-6.986520037332646e-05,0.0,0.0,0.0,0.0,0.0,0.0,0.00041799506005220225,0.0007799834064760885
7.423795817034904e-05,-4.714024060050432e-07,0.0,0.0,0.022527316084317142,0.0,0.0,0.2843852149746512,-0.2843852149746512,0.005890040390441099,0.0,0.0,0.0,-0.13457689530784123,0.0,0.0,0.26196867536650387,0.0013012763040670544,-0.00011125100590922036,0.0,0.0,0.0,0.0,-1.6027687317491625e-05,0.0,0.0,-0.002352001408693095,0.0,0.0,0.0,0.0,-0.0008911268843789689,0.0,0.0,-8.377419957380464e-05,0.0,0.0,0.0,0.0,0.0,0.0,0.0005012109232430789,0.0009352651278350968
