M_ac_e,M_ca2_e,M_cd2_e,M_cit_e,M_cl_e,M_co2_e,M_cobalt2_e,M_cu2_e,M_fe2_e,M_fe3_e,M_for_e,M_fum_e,M_gln__45__L_e,M_gly_e,M_h2_e,M_h2o_e,M_h2s_e,M_h_e,M_ile__45__L_e,M_k_e,M_lac__45__L_e,M_leu__45__L_e,M_lys__45__L_e,M_mg2_e,M_mn2_e,M_mobd_e,M_n2_e,M_na1_e,M_nh4_e,M_ni2_e,M_oxa_e,M_pi_e,M_pro__45__L_e,M_s_e,M_so4_e,M_ss_e,M_succ_e,M_ura_e,M_val__45__L_e,M_zn2_e,M_fixed_uptake,objective,virtual_tag_R_constraint_reaction
0.0,-9.297234118124328e-07,0.0,0.0,0.0,0.02116447147571965,0.0,0.0,0.2590525812755196,-0.2590525812755196,0.0591299138256656,0.0,0.0,0.0,-0.12069965592985528,0.0,0.0,0.2564697941488565,0.0,-0.00021941480031474196,0.0,0.0,0.0,-3.161060687526858e-05,0.0,0.0,0.0,0.0,-0.012158544320406495,0.0,0.0,-0.0017575250290380034,0.0,0.0,-0.00016522366805395567,0.0,0.0,0.0,0.0054475168349128284,0.0,0.0,0.0009885132609828667,0.003661723824867633
0.0,-1.048525365871505e-06,0.0,0.0,0.0,0.029424651676373544,0.0,0.0,0.2588204033610499,-0.2588204033610499,0.061129913967443585,0.0,0.0,0.0,-0.11389994072151254,0.0,0.0,0.2503518415637317,0.0,-0.00024745207107256537,0.0,0.0,0.0,-3.5649874702733696e-05,0.0,0.0,0.0,0.0,-0.013712187915292693,0.0,0.0,-0.001982105162338515,0.0,0.0,-0.00018633628538963431,0.0,0.0,0.0,0.00614361164820328,0.0,0.0,0.001114827501891498,0.004129626364581991
0.0,-6.360548911321027e-07,0.0,0.005962925632888861,0.0,0.0,0.0,0.0,0.2677186880259434,-0.2677186880259434,0.03778866414366905,0.0,0.0,0.0,-0.13410104817905752,0.0,0.0,0.2774495771472113,0.0,-0.00015010900570407577,0.0,0.0,0.0,-2.1625873737516427e-05,0.0,0.0,0.0,0.0,-0.004591238429017199,0.0,0.0,-0.0012023816726605572,0.0,0.0,-0.00011303503908935353,0.0,0.0,0.0,0.0,0.0,0.0,0.0006762749938407965,0.0025051077763457302
0.0,-8.059182678579323e-07,0.0,0.0075553710291732835,0.0,0.008901924403803827,0.0,0.0,0.2679996384642875,-0.2679996384642875,0.03897849468569545,0.0,0.0,0.0,-0.12540414796086313,0.0,0.0,0.27142731236193124,0.0,-0.00019019677633731099,0.0,0.0,0.0,-2.7401230532843758e-05,0.0,0.0,0.0,0.0,-0.005817364151465703,0.0,0.0,-0.0015234869952968617,0.0,0.0,-0.0001432219202779866,0.0,0.0,0.0,0.0,0.0,0.0,0.0008568794599814065,0.0031741161777980543
0.0,-1.062896823645923e-06,0.0,0.0,0.0,0.011740430203037848,0.0,0.0,0.23388104421858982,-0.23388104421858982,0.11119439895606212,0.0,0.0,0.0,-0.07571047109582135,-0.049822545217391365,0.0,0.2682952080483057,0.0,-0.00025084373626862457,0.0,0.0,0.0,-3.613850443514631e-05,0.0,0.0,0.0,0.0,-0.007672313837753265,0.0,0.0,-0.0020092725934490897,0.0,0.0,-0.0001888902761126849,0.0,0.0,0.0,0.0,0.0,0.0,0.0011301077200823826,0.004186228477277075
0.0,-7.860425076983304e-07,0.0,0.0,0.0,0.0,0.0,0.0,0.24242076404261112,-0.24242076404261112,0.09091381143112273,0.0,0.0,0.0,-0.09940196658790916,-0.03684519278950992,0.0,0.27655340234597825,0.0,-0.00018550609533356902,0.0,0.0,0.0,-2.6725454454958937e-05,0.0,0.0,0.0,0.0,-0.005673894845399569,0.0,0.0,-0.0014859143736893677,0.0,0.0,-0.00013968974505554246,0.0,0.0,0.0,0.0,0.0,0.0,0.0008357468820122447,0.0030958353218046675
0.0,-5.686610773100292e-07,0.0,0.0,0.0,0.0,0.0,0.0,0.26200954612280564,-0.26200954612280564,0.049111693937469704,0.0,0.0,0.0,-0.13855115455391973,0.0,0.0,0.2733749484628095,0.0,-0.000134204060196258,0.0,0.0,0.0,-1.9334483279356812e-05,0.0,0.0,0.0,0.0,-0.007436718086173116,0.0,0.0,-0.0010749821545998916,0.0,0.0,-0.00010105830172601087,0.0,0.0,0.0,0.0033319487846037096,0.0,0.0,0.0006046196199684104,0.002239676648565583
0.0,-5.990338795719875e-07,0.0,0.0,0.0,0.020557474008026284,0.0,0.0,0.2665725031615394,-0.2665725031615394,0.01387506064552044,0.0,0.0,0.0,-0.1379310291570195,0.027683628632102168,0.0,0.24414565559045784,0.0,-0.00014137204398437754,0.0,0.0,0.0,-2.036715891149065e-05,0.0,0.0,0.0,0.0,-0.011294374809416769,0.0,0.0,-0.001132398112398944,0.00697036534652443,0.0,-0.00010645593475863009,0.0,0.0,0.0,0.0,0.0,0.0,0.0006369130068270102,0.00235930019709363
0.0,-4.557118700159458e-07,0.0,0.0,0.0,0.020916679785510376,0.0,0.0,0.26964436408377246,-0.26964436408377246,0.0,0.0,0.0,0.0,-0.14363336179607575,0.03161555406456958,0.0,0.24202787853481628,0.0,-0.00010754803814790768,0.0,0.0,0.005277689667463058,-1.549420891035254e-05,0.0,0.0,0.0,0.0,-0.013869825839690663,0.0,0.0,-0.0008614659020163739,2.497907145468499e-05,0.0,-8.098579188511638e-05,0.0,0.0,0.0,0.0,0.0,0.0,0.0004845282166444407,0.001794825203400408
0.0,-5.429512907084734e-07,0.0,0.0,0.0,0.027016883333359668,0.0,0.0,0.26956230935863595,-0.26956230935863595,0.0,0.0,0.0,0.0,-0.14318309795347126,0.03347587502460539,0.0,0.23665904863577394,0.004192017815712625,-0.00012813654848079197,0.0,0.0,0.0,-1.846035023421329e-05,0.0,0.0,0.0,0.0,-0.010236975886738924,0.0,0.0,-0.001026381040688633,0.002125769859851146,0.0,-9.648934584814117e-05,0.0,0.0,0.0,0.0,0.0,0.0,0.0005772841084928699,0.002138418428179742
0.0,-4.577249786746885e-07,0.0,0.0,0.0,0.021009079286069543,0.0,0.0,0.2726025202265301,-0.2726025202265301,0.0,0.0,0.0,0.002650501939313785,-0.13719985746455676,0.026454211998209718,0.0,0.24751454070271348,0.0,-0.00010802313195404172,0.0,0.0,0.0,-1.5562654628294244e-05,0.0,0.0,0.0,0.0,-0.01128059390085362,0.0,0.0,-0.0008652714304229524,0.005326093295211143,0.0,-8.134354688253032e-05,0.0,0.0,0.0,0.0,0.0,0.0,0.00048666862160755454,0.0018027538495376447
0.0,-5.950708374199955e-07,0.0,0.0,0.0,0.03066133490396892,0.0,0.0,0.26951328731051016,-0.26951328731051016,0.0,0.0,0.0,0.0,-0.13976104014795715,0.03458728869981466,0.0,0.2334515424592305,0.0035434036417359067,-0.0001404367657162708,0.0,0.0,0.0,-2.0232415431972882e-05,0.0,0.0,0.0,0.0,-0.011219654355404892,0.0,0.0,-0.0011249064802804408,0.0033808476991786934,0.0,-0.00010575165179373401,0.0,0.0,0.0,0.0,0.0,0.0,0.0006326993668655928,0.002343691720763434
0.0,-6.61481191910019e-07,0.0,0.0,0.0,0.03802201317792746,0.0,0.0,0.2733321724663629,-0.2733321724663629,0.0,0.0,0.0,0.0,-0.12647357650286276,0.030569555893969508,0.0,0.23324590967788178,0.0,-0.0001561096147422556,0.0,0.0,0.0,-2.2490368261340672e-05,0.0,0.0,0.0,0.0,-0.012471776247696666,0.0,0.0,-0.0012504468923218769,0.007697003015525074,0.0,-0.00011755361593295568,0.0,0.0,0.0,0.0,0.0,0.0,0.0007033090936358221,0.0026052494853247977
0.0,-5.141506340019794e-07,0.0,0.0,0.0,0.02496110081643502,0.0,0.0,0.27215373161734,-0.27215373161734,0.0,0.0,0.0,0.0022961676757958806,-0.13504301910940428,0.02835318711316595,0.0,0.24329198024791665,0.0,-0.0001213395911708004,0.0,0.0,0.0,-1.7481127569352374e-05,0.0,0.0,0.0,0.0,-0.011990126843959713,0.0,0.0,-0.0009719370260803331,0.0059826628916241215,0.0,-9.137110306437256e-05,0.0,0.0,0.0,0.0,0.0,0.0,0.0005466622797665344,0.002024986788732892
0.0,-5.121905085194596e-07,0.0,0.0,0.0,0.024865940202898073,0.0,0.0,0.2695912420075172,-0.2695912420075172,0.0,0.0,0.0,0.0,-0.1406279572951029,0.03281992238990134,0.0,0.23855210805573926,0.0,-0.0001208770013985363,0.0,0.0,0.004574827732322937,-1.7414483280021917e-05,0.0,0.0,0.0,0.0,-0.014231830072788002,0.0,0.0,-0.0009682316556961799,0.0013850271158763999,0.0,-9.102276385084604e-05,0.0,0.0,0.0,0.0,0.0,0.0,0.0005445782083017921,0.002017266817300656
0.0,-6.462092631451936e-07,0.0,0.0,0.0,0.025600444795256163,0.0,0.0,0.2670216234770742,-0.2670216234770742,0.011543736202633218,0.0,0.0,0.0,-0.1350973574979908,0.029863782115826236,0.0,0.23940458737718562,0.0,-0.000152505438319697,0.0,0.0,0.0,-2.1971122504722692e-05,0.0,0.0,0.0,0.0,-0.01218383445773331,0.0,0.0,-0.0012215772342011443,0.007519298670800887,0.0,-0.00011483960006896429,0.0,0.0,0.0,0.0,0.0,0.0,0.0006870714643441322,0.0025451008597235265
0.0,-7.929378978122924e-07,0.0,0.0,0.0,0.0180506495878702,0.0,0.0,0.2643026265011165,-0.2643026265011165,0.050430427986473444,0.0,0.0,0.0,-0.1199772455938656,0.0,0.0,0.26209983181111246,0.0,-0.0001871334079576513,0.0,0.0,0.0,-2.6959897799479167e-05,0.0,0.0,0.0,0.0,-0.010369719049116228,0.0,0.0,-0.001498949240356482,0.004646051172307467,0.0,-0.0001409151435265467,0.0,0.0,0.0,0.0,0.0,0.0,0.0008430782931402208,0.0031229928763432052
0.0,-8.777593091899869e-07,0.0,0.0,0.0,0.024632462665452368,0.0,0.0,0.26466986472271636,-0.26466986472271636,0.051174108706762776,0.0,0.0,0.0,-0.11420767585459775,0.0,0.0,0.2575805188709178,0.0,-0.00020715126789684588,0.0,0.0,0.0,-2.9843826778355592e-05,0.0,0.0,0.0,0.0,-0.01147897893915672,0.0,0.0,-0.0016592934369213655,0.0051430442140770515,0.0,-0.00015598898649885163,0.0,0.0,0.0,0.0,0.0,0.0,0.0009332632760037585,0.003457062750194315
0.0,-3.705232296716441e-07,0.0,0.0,0.0,0.0,0.0,0.0,0.2666084232730511,-0.2666084232730511,0.021297716841539294,0.0,0.0,0.0,-0.14889267828331246,0.017123284407763173,0.0,0.2654521508923622,0.0,-8.744351214291957e-05,0.0,0.0,0.0,-1.259779414231652e-05,0.0,0.0,0.0,0.0,-0.006985962521013404,0.0,0.0,-0.0007004275053356282,0.0043114127067919415,0.0,-6.5846687657574e-05,0.0,0.0,0.0,0.0,0.0,0.0,0.00039395278356883334,0.0014593089950382789
0.0,-1.432427835385296e-07,0.0,0.0,0.0,0.0,0.0,0.0,0.2759755761235706,-0.2759755761235706,0.0,0.0,0.0,0.004116805640095851,-0.14813103192428922,0.014853403847755003,0.0,0.27141176025287356,0.0,-3.380530848993513e-05,0.0,0.0,0.0,-4.870256315616106e-06,0.0,0.0,0.0,0.0,-0.00681755052481633,0.0,0.0,-0.000270782443573475,0.0016667747327247457,0.0,-2.5456063403154754e-05,0.0,0.0,0.0,0.0,0.0,0.0,0.00015230055441101597,0.0005641629613272658
0.0,-1.4037697607461678e-07,0.0,0.0,0.0,0.0,0.0,0.0,0.27612434772508604,-0.27612434772508604,0.0,0.0,0.0,0.003832897734005538,-0.14828464766402705,0.014798090402090572,0.0,0.2715309118333821,0.0,-3.312897769687794e-05,0.0,0.0,0.0,-4.772818828325815e-06,0.0,0.0,0.0,0.0,-0.0065602275511017685,0.0,0.0,-0.0002653649954569303,0.0017140459384739513,0.0,-2.4946772989351975e-05,0.0,0.0,0.0,0.0,0.0,0.0,0.00014925353134425355,0.0005528759534550684
0.0,-3.272966959465043e-07,0.0,0.0,0.0,0.0,0.0,0.0,0.26846145027840346,-0.26846145027840346,0.017873226782916803,0.0,0.0,0.0,-0.1491283756931854,0.016629340734618633,0.0,0.26668821343346955,0.0,-7.724204669083362e-05,0.0,0.0,0.0,-1.1128091490102785e-05,0.0,0.0,0.0,0.0,-0.006358920549887739,0.0,0.0,-0.0006187131868886108,0.0039963930556877894,0.0,-5.8164783159329e-05,0.0,0.0,0.0,0.0,0.0,0.0,0.00034799287627734695,0.001289060912224891
0.0,-9.170598795872023e-08,0.0,0.0,0.0,0.0,0.0,0.0,0.27887699980670777,-0.27887699980670777,0.0,0.0,0.0,0.0,-0.1496222326075386,0.012672114459928817,0.0,0.27437380135981454,0.0,-2.164262056863012e-05,0.0,0.0,0.0,-3.118004663150351e-06,0.0,0.0,0.0,0.0,-0.0027833078875775983,0.0,0.0,-0.0001733586216097406,0.002121346063280239,0.0,-1.629731974105487e-05,0.0,0.0,0.0,0.0,0.0,0.0,9.750489667890473e-05,0.00036118483919518265
0.0,-5.5789259915076e-07,0.0,0.0,0.0,0.028745706808908995,0.0,0.0,0.2712578081088095,-0.2712578081088095,0.0,0.0,0.0,0.0,-0.13743708723106707,0.03178558910402067,0.0,0.2377694875934873,0.0017200481731156937,-0.00013166269848051542,0.0,0.0,0.0,-1.8968354895998164e-05,0.0,0.0,0.0,0.0,-0.010839078907016816,0.0,0.0,-0.001054625702724952,0.005091991595932644,0.0,-9.9144606278281e-05,0.0,0.0,0.0,0.0,0.0,0.0,0.0005931702111164912,0.0021972649027362573
0.0,-5.182954457553575e-07,0.0,0.0,0.0,0.02590646009424441,0.0,0.0,0.2725121562117473,-0.2725121562117473,0.0,0.0,0.0,0.001198474136369719,-0.13513948347645452,0.02873058278665346,0.0,0.24259918697082844,0.0,-0.00012231776707952229,0.0,0.0,0.0,-1.762205121744317e-05,0.0,0.0,0.0,0.0,-0.011268235309472602,0.0,0.0,-0.0009797722707398304,0.006328546379673408,0.0,-9.210768879792022e-05,0.0,0.0,0.0,0.0,0.0,0.0,0.0005510691832933637,0.002041311166234959
0.0,-5.172622367346122e-07,0.0,0.0,0.0,0.02585481621335724,0.0,0.0,0.2711715200320367,-0.2711715200320367,0.0,0.0,0.0,0.0,-0.13805964631446668,0.031065479103992783,0.0,0.24012209653975597,0.0,-0.00012207392966713716,0.0,0.0,0.0023921700162489825,-1.7586922098653862e-05,0.0,0.0,0.0,0.0,-0.01244185737206096,0.0,0.0,-0.0009778191191991503,0.003923760564344513,0.0,-9.192407442174657e-05,0.0,0.0,0.0,0.0,0.0,0.0,0.000549970640645736,0.002037241863430208
0.0,-6.856569161315089e-07,0.0,0.0,0.0,0.01841714568439964,0.0,0.0,0.27277900538231015,-0.27277900538231015,0.0,0.0,0.0,0.0,-0.13649782170242536,0.022153198686432382,0.0,0.25064708921068607,0.0,-0.000161815087612065,0.0,0.0,0.0,-2.3312343167620222e-05,0.0,0.0,0.0,0.0,-0.006979480719210226,0.0,0.0,-0.0012961480544896216,0.002030199727342824,0.0,-0.00012184994942632078,0.0,0.0,0.0,0.0,0.0,-0.012683763087426525,0.0007290135382944976,0.0027004657875503014
0.0,-5.864742444800158e-07,0.0,0.0,0.0,0.032026559704850785,0.0,0.0,0.2731002800237867,-0.2731002800237867,0.0,0.0,0.0,0.0,-0.13121828410754446,0.029797673378072414,0.0,0.23789630437860906,0.0,-0.00013840796908778135,0.0,0.0,0.0,-1.994013117147151e-05,0.0,0.0,0.0,0.0,-0.01139438060753723,0.0,0.0,-0.0011086557039049032,0.007161030425931224,0.0,-0.00010422392795644643,0.0,0.0,0.0,0.0,0.0,0.0,0.0006235591795663662,0.0023098339639498803
0.0,-5.80179865929953e-07,0.0,0.0,0.0,0.026316544990668402,0.0,0.0,0.27016921090902624,-0.27016921090902624,0.005366287274595928,0.0,0.0,0.0,-0.13517626136573913,0.02947786762714978,0.0,0.24070935183148431,0.0,-0.0001369224952413445,0.0,0.0,0.0,-1.9726122227153028e-05,0.0,0.0,0.0,0.0,-0.011272089568224971,0.0,0.0,-0.001096756973913357,0.007084174133035886,0.0,-0.00010310533687984427,0.0,0.0,0.0,0.0,0.0,0.0,0.0006168667841858372,0.002285043498735533
0.0,-5.211735646550179e-07,0.0,0.0,0.0,0.02704277932074486,0.0,0.0,0.2731274894932951,-0.2731274894932951,0.0,0.0,0.0,0.0,-0.13494471989516438,0.02874834513936576,0.0,0.24212684265278894,0.0,-0.00012299700337241076,0.0,0.0,0.0,-1.771990729369287e-05,0.0,0.0,0.0,0.0,-0.010409238868668257,0.0,0.0,-0.0009852129920752645,0.0066472489341627,0.0,-9.26191671103468e-05,0.0,0.0,0.0,0.0,0.0,0.0,0.0005541292962934801,0.0020526466628050023
0.0,-4.75792864970469e-07,0.0,0.0,0.0,0.024107302792844797,0.0,0.0,0.273659314024188,-0.273659314024188,0.0,0.0,0.0,0.0,-0.13662926133243541,0.027174312912090676,0.0,0.24547416982543688,0.0,-0.00011228715457983522,0.0,0.0,0.0,-1.6176962973665024e-05,0.0,0.0,0.0,0.0,-0.009619014522747967,0.0,0.0,-0.0008994264941582446,0.006184596335952022,0.0,-8.455443993937088e-05,0.0,0.0,0.0,0.0,0.0,0.0,0.000505879007163504,0.0018739143784365407
0.0,-5.211576553806362e-07,0.0,0.0,0.0,0.02613197911469164,0.0,0.0,0.2711797928645492,-0.2711797928645492,0.0,0.0,0.0,0.0,-0.14016278046568448,0.03113451934273262,0.0,0.23989654116168097,0.002327730621558748,-0.0001229932487823711,0.0,0.0,0.0,-1.771936637817782e-05,0.0,0.0,0.0,0.0,-0.010125369933685196,0.0,0.0,-0.0009851829175955165,0.004035764215621411,0.0,-9.261633983006534e-05,0.0,0.0,0.0,0.0,0.0,0.0,0.0005541123810168514,0.0020525840039880895
0.0,-4.723240547752721e-07,0.0,0.0,0.0,0.0226285474850044,0.0,0.0,0.27284308020043946,-0.27284308020043946,0.0,0.0,0.0,0.0015822129171203419,-0.13687410485954654,0.027162338863275536,0.0,0.24607334982688248,0.0,-0.0001114685150934689,0.0,0.0,0.0,-1.6059023386458612e-05,0.0,0.0,0.0,0.0,-0.010758813766790049,0.0,0.0,-0.0008928691453149408,0.00576722159409369,0.0,-8.39379882754119e-05,0.0,0.0,0.0,0.0,0.0,0.0,0.0005021908512730331,0.001860252439009916
0.0,-4.7108180192190344e-07,0.0,0.0,0.0,0.022569032460527806,0.0,0.0,0.2710734450785399,-0.2710734450785399,0.0,0.0,0.0,0.0,-0.1407222516979296,0.03024700270022211,0.0,0.24279606983514984,0.0,-0.00011117534331969272,0.0,0.0,0.003156103122360745,-1.6016786774915224e-05,0.0,0.0,0.0,0.0,-0.012308568723201869,0.0,0.0,-0.0008905208227337841,0.002595950183332557,0.0,-8.371722415301131e-05,0.0,0.0,0.0,0.0,0.0,0.0,0.0005008700461782633,0.0018553598152339674
0.0,-5.497362344012862e-07,0.0,0.0,0.0,0.022654219775680128,0.0,0.0,0.2696812329501057,-0.2696812329501057,0.007366127236459763,0.0,0.0,0.0,-0.13720888674709328,0.027931082926420252,0.0,0.24404863741350769,0.0,-0.00012973779574055835,0.0,0.0,0.0,-1.8691038399122713e-05,0.0,0.0,0.0,0.0,-0.010680612060085106,0.0,0.0,-0.0010392071223051921,0.006712448053494382,0.0,-9.769511658621553e-05,0.0,0.0,0.0,0.0,0.0,0.0,0.0005844980892640894,0.0021651409885183326
0.0,-5.143872031279016e-07,0.0,0.0,0.0,0.0,0.0,0.0,0.26513308880111836,-0.26513308880111836,0.044424399512041336,0.0,0.0,0.0,-0.13637874527009808,0.0,0.0,0.2754137599343575,0.0,-0.00012139542150363419,0.0,0.0,0.0,-1.7489170922400543e-05,0.0,0.0,0.0,0.0,-0.0067269464526964985,0.0,0.0,-0.0009723842302215038,0.003013942547967465,0.0,-9.141314440509453e-05,0.0,0.0,0.0,0.0,0.0,0.0,0.0005469138080330513,0.0020259185183135516
0.0,-4.5548937274043677e-07,0.0,0.0,0.0,0.020914789694149,0.0,0.0,0.2696514174811406,-0.2696514174811406,0.0,0.0,0.0,0.0,-0.1436298124171615,0.03159456985633834,0.0,0.24204286724153432,0.0,-0.00010749552877290847,0.0,0.0,0.0052945315633862134,-1.5486644000383e-05,0.0,0.0,0.0,0.0,-0.013876924506806209,0.0,0.0,-0.000861045298936327,0.0,0.0,-8.094625129108105e-05,0.0,0.0,0.0,0.0,0.0,0.0,0.00048429165004347215,0.001793948895926219
0.0,-4.986836738253742e-07,0.0,0.0,0.0,0.024659708331659595,0.0,0.0,0.2699736087307522,-0.2699736087307522,0.0,0.0,0.0,0.0,-0.14051550406345217,0.03165476994300126,0.0,0.23945333190152243,0.0,-0.00011768938731930208,0.0,0.0,0.0055030218373747775,-1.6955250742452872e-05,0.0,0.0,0.0,0.0,-0.014605694709765357,0.0,0.0,-0.0009426986856361303,0.0,0.0,-8.86224276394509e-05,0.0,0.0,0.0,0.0,0.0,0.0,0.0005302172865057294,0.001964070030203012
0.0,-7.190011415419547e-07,0.0,0.0,0.0,0.018052667349318284,0.0,0.0,0.2660584033385462,-0.2660584033385462,0.04488552277499898,0.0,0.0,0.0,-0.12199029362045752,0.0,0.0,0.2623758724072181,0.0,-0.00016968432750333573,0.0,0.0,0.003370267563972266,-2.4446047221555126e-05,0.0,0.0,0.0,0.0,-0.011930504920770238,0.0,0.0,-0.001359181113556619,0.0,0.0,-0.00012777564212237955,0.0,0.0,0.0,0.0,0.0,0.0,0.0007644662423747055,0.002831792312252057
0.0,-7.880530889262104e-07,0.0,0.0,0.0,0.023962018770879043,0.0,0.0,0.26655673269607544,-0.26655673269607544,0.04502067440332808,0.0,0.0,0.0,-0.11700369932446265,0.0,0.0,0.2583449398124628,0.0,-0.00018598059266581522,0.0,0.0,0.0036939437378364446,-2.679381424022175e-05,0.0,0.0,0.0,0.0,-0.013076295310323548,0.0,0.0,-0.0014897151243061823,0.0,0.0,-0.00014004705089636576,0.0,0.0,0.0,0.0,0.0,0.0,0.0008378845997256967,0.003103754013633249
0.0,-1.430440982979393e-07,0.0,0.0,0.0,0.0,0.0,0.0,0.2750379626071509,-0.2750379626071509,0.0,0.0,0.0,0.0032788640006765047,-0.1501448501991217,0.016497264227834714,0.0,0.269648245573565,0.0,-3.37584187571009e-05,0.0,0.0,0.001664462828902434,-4.863501015112297e-06,0.0,0.0,0.0,0.0,-0.007640325639740279,0.0,0.0,-0.0002704068541467688,0.0,0.0,-2.542075451040081e-05,0.0,0.0,0.0,0.0,0.0,0.0,0.000152089305567984,0.0005633804377617885
0.0,-4.5451597990393783e-07,0.0,0.0,0.0,0.020836876207715543,0.0,0.0,0.26965094441685405,-0.26965094441685405,0.0,0.0,0.0,0.0,-0.14368827001389523,0.031582414804421914,0.0,0.24210693071726017,0.0,-0.00010726580798483899,0.0,0.0,0.005288753347352666,-1.545354863255765e-05,0.0,0.0,0.0,0.0,-0.013858341828011399,0.0,0.0,-0.0008592052223592533,0.0,0.0,-8.07732670111754e-05,0.0,0.0,0.0,0.0,0.0,0.0,0.0004832567059786033,0.0017901151796885957
0.0,-2.796838482225897e-07,0.0,0.0,0.0,0.0,0.0,0.0,0.26850302517162805,-0.26850302517162805,0.012821854413002815,0.0,0.0,0.0,-0.15252703970967724,0.019434061065421036,0.0,0.2643758258932154,0.0,-6.600541078059737e-05,0.0,0.0,0.0032544045839715497,-9.509254110630263e-06,0.0,0.0,0.0,0.0,-0.008527652588279713,0.0,0.0,-0.0005287070941997915,0.0,0.0,-4.970337490877858e-05,0.0,0.0,0.0,0.0,0.0,0.0,0.0002973692921336545,0.0011015372931943892
0.0,-1.4017675158151945e-07,0.0,0.0,0.0,0.0,0.0,0.0,0.27515996839038626,-0.27515996839038626,0.0,0.0,0.0,0.0029716301725785997,-0.15035527903585935,0.01648858451446602,0.0,0.2697172837057604,0.0,-3.308172470032768e-05,0.0,0.0,0.0017116011359944192,-4.766011193218767e-06,0.0,0.0,0.0,0.0,-0.0074066710416582715,0.0,0.0,-0.00026498649626719925,0.0,0.0,-2.4911190551861998e-05,0.0,0.0,0.0,0.0,0.0,0.0,0.0001490406459160869,0.0005520873675300702
0.0,-1.0432002363148102e-07,0.0,0.0,0.0,0.0,0.0,0.0,0.27701725101471486,-0.27701725101471486,0.0,0.0,0.0,0.0,-0.15170187323584614,0.015219524934760493,0.0,0.27149245459828886,0.0,-2.4619534006688423e-05,0.0,0.0,0.0020109453080966156,-3.546882023552564e-06,0.0,0.0,0.0,0.0,-0.004774904401780744,0.0,0.0,-0.00019720386755104418,0.0,0.0,-1.8538994217934076e-05,0.0,0.0,0.0,0.0,0.0,0.0,0.00011091656447021832,0.0004108653295042692
0.0,-3.699285165506831e-07,0.0,0.0,0.0,0.01568435177840402,0.0,0.0,0.2713050166016666,-0.2713050166016666,0.0,0.0,0.0,0.0,-0.1458401722918697,0.02782926614068275,0.0,0.24909951549112175,0.0,-8.730315979831652e-05,0.0,0.0,0.004516940662565297,-1.2577573889248335e-05,0.0,0.0,0.0,0.0,-0.011704138318444197,0.0,0.0,-0.0006993032750732658,0.0,0.0,-6.574099957654198e-05,0.0,0.0,0.0,0.0,0.0,0.0,0.00039332046453816115,0.0014569667121869317
0.0,-2.515612584229681e-07,0.0,0.0,0.0,0.0,0.0,0.0,0.2698208683419917,-0.2698208683419917,0.010665777560793312,0.0,0.0,0.0,-0.15250409498305065,0.01892464327058357,0.0,0.26538631285637077,0.0,-5.93684773154194e-05,0.0,0.0,0.0030716401316985818,-8.553085728533392e-06,0.0,0.0,0.0,0.0,-0.007959126243085698,0.0,0.0,-0.00047554487968929444,0.0,0.0,-4.470563323331386e-05,0.0,0.0,0.0,0.0,0.0,0.0,0.0002674684069920035,0.000990776226216946
0.0,-4.6640533218528005e-07,0.0,0.0,0.0,0.0,0.0,0.0,0.2662720953047913,-0.2662720953047913,0.04082706657338404,0.0,0.0,0.0,-0.13768576885228567,0.0,0.0,0.27559378877972357,0.0,-0.0001100716960839639,0.0,0.0,0.002186242374186879,-1.585778674917605e-05,0.0,0.0,0.0,0.0,-0.0077391408569624206,0.0,0.0,-0.0008816805456091799,0.0,0.0,-8.28861560379017e-05,0.0,0.0,0.0,0.0,0.0,0.0,0.0004958978659679946,0.0018369414980943738
0.0,-7.947763635831153e-07,0.0,0.0,0.0,0.027274908805204043,0.0,0.0,0.2611984293379342,-0.2611984293379342,0.02765695302431959,0.0,0.0,0.0,-0.1367617366190475,0.024398928612922567,0.0,0.23760865516027083,0.0,-0.0001875672860281241,0.0,0.006165351478856498,0.0,-2.702240565718905e-05,0.0,0.0,0.0,0.0,-0.011902289962990375,0.0,0.0,-0.0015024246283764004,0.0,0.0,-0.00014124186226288014,0.0,0.0,0.0,0.0,0.0,0.0,0.0008450330118998341,0.0031302336899321653
0.0,-4.5580801559764956e-07,0.0,0.0,0.0,0.020929420877102957,0.0,0.0,0.26964018051594413,-0.26964018051594413,0.0,0.0,0.0,0.0,-0.14364145709886886,0.031616672202987764,0.0,0.24201231639579895,0.0,-0.00010757072851295888,0.0,1.1104151782800307e-05,0.0052871312623756295,-1.5497477861254945e-05,0.0,0.0,0.0,0.0,-0.013875528118011536,0.0,0.0,-0.0008616476531308762,0.0,0.0,-8.100287817709789e-05,0.0,0.0,0.0,0.0,0.0,0.0,0.00048463044186679337,0.0017952038736185688
0.0,-5.68216479366186e-07,0.0,0.0,0.0,0.029386405994472935,0.0,0.0,0.2691285210003879,-0.2691285210003879,0.0,0.0,0.0,0.0,-0.143913344074297,0.033921265926631666,0.0,0.2341379985370389,0.004943257373252088,-0.00013409913504558492,0.0,0.0011123442253275022,0.0,-1.9319366944066315e-05,0.0,0.0,0.0,0.0,-0.010157161656428533,0.0,0.0,-0.001074141698175717,0.0,0.0,-0.00010097929102007648,0.0,0.0,0.0,0.0,0.0,0.0,0.0006041469084525867,0.0022379255956580476
0.0,-4.920097184255333e-07,0.0,0.0,0.0,0.02544522706382359,0.0,0.0,0.27298351897210565,-0.27298351897210565,0.0,0.0,0.0,0.00428028886284961,-0.13602640628105403,0.023664839184367178,0.0,0.24553930145028477,0.0,-0.0001161143333056456,0.0,0.003816687289781745,0.0,-1.6728336180802566e-05,0.0,0.0,0.0,0.0,-0.011648452539621483,0.0,0.0,-0.0009300824134105685,0.0,0.0,-8.743638093181708e-05,0.0,0.0,0.0,0.0,0.0,0.0,0.0005231213122276482,0.0019377845982313027
0.0,-6.403541636813575e-07,0.0,0.0,0.0,0.03481364254056744,0.0,0.0,0.26880016554233227,-0.26880016554233227,0.0,0.0,0.0,0.0,-0.14069483101036745,0.03540022977808396,0.0,0.22908468638554283,0.004722577673288358,-0.0001511236343731059,0.0,0.0018190606603475845,0.0,-2.1772049054473534e-05,0.0,0.0,0.0,0.0,-0.011163910224733472,0.0,0.0,-0.0012105089060032578,0.0,0.0,-0.0001137990744696897,0.0,0.0,0.0,0.0,0.0,0.0,0.0006808461252907758,0.002522040499049267
0.0,-9.28205469771343e-07,0.0,0.0,0.0,0.06415396450017265,0.0,0.0,0.2755398290658981,-0.2755398290658981,0.0,0.0,0.0,0.0,-0.11266694292118005,0.02849508368992516,0.0,0.21568966910101137,0.0,-0.00021905656587038633,0.0,0.007200406589770176,0.0,-3.155899682811834e-05,0.0,0.0,0.0,0.0,-0.013900477106094614,0.0,0.0,-0.0017546555507652734,0.0,0.0,-0.00016495391045859382,0.0,0.0,0.0,0.0,0.0,0.0,0.0009868993338536193,0.0036557453968039675
0.0,-5.578123787302035e-07,0.0,0.0,0.0,0.030326156772645156,0.0,0.0,0.2725475749344659,-0.2725475749344659,0.0,0.0,0.0,0.004113836428470498,-0.13352946849157302,0.025352017555220978,0.0,0.24069398692444346,0.0,-0.0001316437664547818,0.0,0.004327140981677005,0.0,-1.896562740076102e-05,0.0,0.0,0.0,0.0,-0.01246743749262441,0.0,0.0,-0.001054474056122127,0.0,0.0,-9.91303500898611e-05,0.0,0.0,0.0,0.0,0.0,0.0,0.0005930849180621115,0.002196948953905174
0.0,-5.182518707339411e-07,0.0,0.0,0.0,0.02562734784678581,0.0,0.0,0.26935594931486406,-0.26935594931486406,0.0,0.0,0.0,0.0,-0.14104647121764266,0.032896893565353774,0.0,0.2376380660307908,0.0,-0.0001223074833709469,0.0,0.000622852353984922,0.005096106400032533,-1.762056966620538e-05,0.0,0.0,0.0,0.0,-0.01455596540966887,0.0,0.0,-0.0009796898976492884,0.0,0.0,-9.20999449627296e-05,0.0,0.0,0.0,0.0,0.0,0.0,0.0005510228528622157,0.0020411395456303126
0.0,-8.800126963357199e-07,0.0,0.0,0.0,0.03486288070526351,0.0,0.0,0.2612336985946627,-0.2612336985946627,0.025960186082234098,0.0,0.0,0.0,-0.13277741939631357,0.027015608339886577,0.0,0.23045116729148996,0.0,-0.00020768306744532554,0.0,0.0068265587998938195,0.0,-2.992044196766516e-05,0.0,0.0,0.0,0.0,-0.013178759161482511,0.0,0.0,-0.0016635531815490906,0.0,0.0,-0.00015638944203759926,0.0,0.0,0.0,0.0,0.0,0.0,0.0009356591531510737,0.003465937735263364
0.0,-9.128166264177952e-07,0.0,0.0,0.0,0.022918982955030313,0.0,0.0,0.260759921662778,-0.260759921662778,0.05698496025556434,0.0,0.0,0.0,-0.12064414522256617,0.0,0.0,0.2560847198206709,0.0,-0.00021542479759544184,0.0,0.0042787640938550175,0.0,-3.10357759741164e-05,0.0,0.0,0.0,0.0,-0.010867753239738015,0.0,0.0,-0.0017255648803377313,0.0,0.0,-0.00016221911738607746,0.0,0.0,0.0,0.0,0.0,0.0,0.0009705373970314464,0.00359513630206794
0.0,-1.0270716069718591e-06,0.0,0.0,0.0,0.031229760369102525,0.0,0.0,0.2607461978524993,-0.2607461978524993,0.058675560131853835,0.0,0.0,0.0,-0.11397661008111583,0.0,0.0,0.25004374717803485,0.0,-0.0002423889822386616,0.0,0.0048143263241983945,0.0,-3.492044664923178e-05,0.0,0.0,0.0,0.0,-0.012228042808460562,0.0,0.0,-0.0019415495328319178,0.0,0.0,-0.00018252367973303952,0.0,0.0,0.0,0.0,0.0,0.0,0.0010920171424869877,0.00404513054668852
0.0,-4.371112660257372e-07,0.0,0.0,0.0,0.0,0.0,0.0,0.2636592443888884,-0.2636592443888884,0.030211436536943404,0.0,0.0,0.0,-0.15021954715924446,0.013418927718968143,0.0,0.26568599548055083,0.0,-0.00010315829410318249,0.0,0.0033908212597905047,0.0,-1.486178815714077e-05,0.0,0.0,0.0,0.0,-0.006546023853644804,0.0,0.0,-0.0008263038025654342,0.0,0.0,-7.768022812256661e-05,0.0,0.0,0.0,0.0,0.0,0.0,0.0004647514276844123,0.0017215665611821824
0.0,-1.344646601977658e-07,0.0,0.0,0.0,0.0,0.0,0.0,0.2762743530069452,-0.2762743530069452,0.0,0.0,0.0,0.004646838075076367,-0.14844114401823877,0.01342162181569225,0.0,0.2722509863864568,0.0,-3.173367067219193e-05,0.0,0.0010430882567603376,0.0,-4.571800019364974e-06,0.0,0.0,0.0,0.0,-0.006660533309083425,0.0,0.0,-0.0002541885068355588,0.0,0.0,-2.3896079306203087e-05,0.0,0.0,0.0,0.0,0.0,0.0,0.00014296735787251808,0.0005295902454355138
0.0,-1.3154584741012304e-07,0.0,0.0,0.0,0.0,0.0,0.0,0.2764217058763185,-0.2764217058763185,0.0,0.0,0.0,0.00439487735414948,-0.14859333753312237,0.01333173610446177,0.0,0.27238494598996565,0.0,-3.104483061845135e-05,0.0,0.001070810099022625,0.0,-4.472560350447939e-06,0.0,0.0,0.0,0.0,-0.006415225548433058,0.0,0.0,-0.0002486708588295158,0.0,0.0,-2.3377369172619378e-05,0.0,0.0,0.0,0.0,0.0,0.0,0.00013986397775940832,0.0005180944756301644
0.0,-3.8111194681103e-07,0.0,0.0,0.0,0.0,0.0,0.0,0.2660678694929319,-0.2660678694929319,0.025465498112055535,0.0,0.0,0.0,-0.1503811083533365,0.013158935887001472,0.0,0.26710540011838374,0.0,-8.994245024344397e-05,0.0,0.003102329184372409,0.0,-1.2957810648896729e-05,0.0,0.0,0.0,0.0,-0.00585331159226171,0.0,0.0,-0.0007204441416399624,0.0,0.0,-6.772843728711659e-05,0.0,0.0,0.0,0.0,0.0,0.0,0.0004052110644468792,0.0015010127505116278
0.0,-7.123113900775689e-08,0.0,0.0,0.0,0.0,0.0,0.0,0.27977583146480384,-0.27977583146480384,0.0,0.0,0.0,0.0,-0.15026954669824225,0.010392099795621525,0.0,0.2760034249044085,0.0,-1.6810554561717023e-05,0.0,0.0013731009617486314,0.0,-2.4218595593525546e-06,0.0,0.0,0.0,0.0,-0.0018872690741469,0.0,0.0,-0.00013465349808602494,0.0,0.0,-1.2658678825329132e-05,0.0,0.0,0.0,0.0,0.0,0.0,7.57353473188509e-05,0.0002805444667341372
0.0,-6.243953849162334e-07,0.0,0.0,0.0,0.0350217850597877,0.0,0.0,0.27034868377076765,-0.27034868377076765,0.0,0.0,0.0,0.0,-0.13862281072446297,0.03272505701799836,0.0,0.23144369233597242,0.003349827829057049,-0.00014735736129497533,0.0,0.002849487569267262,0.0,-2.122945038981229e-05,0.0,0.0,0.0,0.0,-0.01070639195114497,0.0,0.0,-0.0011803408444526636,0.0,0.0,-0.00011096299663005008,0.0,0.0,0.0,0.0,0.0,0.0,0.0006638782139335005,0.0024591867086879715
0.0,-5.650835017945878e-07,0.0,0.0,0.0,0.03169503397808937,0.0,0.0,0.27296318084429533,-0.27296318084429533,0.0,0.0,0.0,0.003031624649670445,-0.13353923678361918,0.025574308013551882,0.0,0.2397748928815206,0.0,-0.00013335975208552512,0.0,0.004599895264091394,0.0,-1.9212845669990017e-05,0.0,0.0,0.0,0.0,-0.01171046518281737,0.0,0.0,-0.0010682191986155906,0.0,0.0,-0.00010042252108212138,0.0,0.0,0.0,0.0,0.0,0.0,0.0006008158211243141,0.002225586335969693
0.0,-5.349885351411465e-07,0.0,0.0,0.0,0.028093588756034283,0.0,0.0,0.27054431471783985,-0.27054431471783985,0.0,0.0,0.0,0.0,-0.13918356431800125,0.031228248410827893,0.0,0.23752901625736422,0.0,-0.0001262573375234663,0.0,0.001803655878530309,0.0038268903038794913,-1.8189616451795204e-05,0.0,0.0,0.0,0.0,-0.013319147096283653,0.0,0.0,-0.001011328454046325,0.0,0.0,-9.507426296872215e-05,0.0,0.0,0.0,0.0,0.0,0.0,0.0005688178384471115,0.0021070570454265226
0.0,-7.332965464914574e-07,0.0,0.0,0.0,0.01752551545115189,0.0,0.0,0.2729141912092656,-0.2729141912092656,0.0,0.0,0.0,0.0,-0.13657294065047876,0.020073644732179888,0.0,0.25213955485333744,0.0,-0.00017305804422656942,0.0,0.0007237528535154702,0.0,-2.4932091157031137e-05,0.0,0.0,0.0,0.0,-0.006016911244491408,0.0,0.0,-0.0013862047763790989,0.0,0.0,-0.00013031611729173026,0.0,0.0,0.0,0.0,0.0,-0.015736292981845493,0.0007796655986393345,0.002888094890228103
0.0,-8.004781967858668e-07,0.0,0.0,0.0,0.05348710839311361,0.0,0.0,0.2750134963102723,-0.2750134963102723,0.0,0.0,0.0,0.0,-0.1204552182432302,0.02763870657581526,0.0,0.22370559182593458,0.0,-0.00018891291912471444,0.0,0.006516056219496929,0.0,-2.7216268052768795e-05,0.0,0.0,0.0,0.0,-0.012294152276792022,0.0,0.0,-0.0015132032260086795,0.0,0.0,-0.00014225515049938258,0.0,0.0,0.0,0.0,0.0,0.0,0.0008510953930996844,0.003152690410090729
0.0,-7.738904352407802e-07,0.0,0.0,0.0,0.03510311827904902,0.0,0.0,0.2658789648627729,-0.2658789648627729,0.01660742394473927,0.0,0.0,0.0,-0.13306174043652663,0.026720691141037624,0.0,0.23288266856614964,0.0,-0.00018263820525162968,0.0,0.006299626403327048,0.0,-2.6312283849276808e-05,0.0,0.0,0.0,0.0,-0.01188580387898829,0.0,0.0,-0.0014629424110309329,0.0,0.0,-0.0001375301673140507,0.0,0.0,0.0,0.0,0.0,0.0,0.0008228263890784423,0.0030479742776769476
0.0,-5.248923560148735e-07,0.0,0.0,0.0,0.031712170520612676,0.0,0.0,0.27517691619103213,-0.27517691619103213,0.0,0.0,0.0,0.0,-0.13480882643021075,0.023724320452450178,0.0,0.24209321518717078,0.0,-0.00012387463843383642,0.0,0.004832828253045316,0.0,-1.7846346243421346e-05,0.0,0.0,0.0,0.0,-0.008621661559151202,0.0,0.0,-0.000992242898829979,0.0,0.0,-9.328004360479251e-05,0.0,0.0,0.0,0.0,0.0,0.0,0.0005580832405820072,0.002067293155244672
0.0,-5.794291643156865e-07,0.0,0.0,0.0,0.035608257406660876,0.0,0.0,0.2747118630145305,-0.2747118630145305,0.0,0.0,0.0,0.0,-0.13278458697087583,0.025187361919582273,0.0,0.23809054066479535,0.0,-0.00013674532959971657,0.0,0.005234769874359222,0.0,-1.9700598363488082e-05,0.0,0.0,0.0,0.0,-0.009417266516063344,0.0,0.0,-0.0010953378670481865,0.0,0.0,-0.00010297192766077196,0.0,0.0,0.0,0.0,0.0,0.0,0.0006160686129326287,0.0022820868538329722
0.0,-7.206566534617156e-07,0.0,0.0,0.0,0.029697722632579047,0.0,0.0,0.2655343821215695,-0.2655343821215695,0.018455794468445207,0.0,0.0,0.0,-0.1358717885421574,0.02488264873036328,0.0,0.23779855901656652,0.0,-0.0001700750284501742,0.0,0.005866292533345818,0.0,-2.4502334646189154e-05,0.0,0.0,0.0,0.0,-0.011068212316733148,0.0,0.0,-0.0013623106503606655,0.0,0.0,-0.000128069847633841,0.0,0.0,0.0,0.0,0.0,0.0,0.0007662264384347452,0.002838312560491395
0.0,-4.816400044549875e-07,0.0,0.0,0.0,0.023959575601110294,0.0,0.0,0.27066104652988,-0.27066104652988,0.0,0.0,0.0,0.0,-0.14151698478353453,0.030335111698016524,0.0,0.24116009252022622,0.0,-0.00011366707997066416,0.0,0.0011796143852197524,0.00411155061951866,-1.637576578452429e-05,0.0,0.0,0.0,0.0,-0.012879340249326549,0.0,0.0,-0.0009104797750176395,0.0,0.0,-8.559355094914093e-05,0.0,0.0,0.0,0.0,0.0,0.0,0.0005120958828986169,0.0018969433886623318
0.0,-5.692071238078593e-07,0.0,0.0,0.0,0.030745209969808868,0.0,0.0,0.2704694410932218,-0.2704694410932218,0.0,0.0,0.0,0.0,-0.14133117633258363,0.03180112037947915,0.0,0.23519998669538275,0.0036443046895184095,-0.0001343329272138696,0.0,0.0022039259308805096,0.0,-1.935304886666936e-05,0.0,0.0,0.0,0.0,-0.009956941452329652,0.0,0.0,-0.0010760143867398612,0.0,0.0,-0.00010115534112950789,0.0,0.0,0.0,0.0,0.0,0.0,0.0006052001950054164,0.002241827257494202
0.0,-5.108716075592049e-07,0.0,0.0,0.0,0.027594269616561463,0.0,0.0,0.273277842837329,-0.273277842837329,0.0,0.0,0.0,0.003270816047970398,-0.1355689463655207,0.024180876382591938,0.0,0.24380354259149536,0.0,-0.00012056574066534139,0.0,0.004158599358691896,0.0,-1.7369640631947958e-05,0.0,0.0,0.0,0.0,-0.011117042669059163,0.0,0.0,-0.0009657384395213273,0.0,0.0,-9.078837838557271e-05,0.0,0.0,0.0,0.0,0.0,0.0,0.0005431759083569157,0.0020120723142823976
0.0,-5.409060975305536e-07,0.0,0.0,0.0,0.0,0.0,0.0,0.26316651746178227,-0.26316651746178227,0.04734853512578739,0.0,0.0,0.0,-0.1393951843640966,0.0,0.0,0.273977201842849,0.0,-0.00012765388272553948,0.0,0.0025354595011525018,0.0,-1.8390813642244313e-05,0.0,0.0,0.0,0.0,-0.00643988488345212,0.0,0.0,-0.0010225148605389853,0.0,0.0,-9.612588902384103e-05,0.0,0.0,0.0,0.0,0.0,0.0,0.0005751095901877921,0.002130363416881869
0.0,-5.494532191240137e-07,0.0,0.0,0.0,0.02906139586059878,0.0,0.0,0.27035230459643633,-0.27035230459643633,0.0,0.0,0.0,0.0,-0.14260309703816543,0.031725527680713114,0.0,0.23640965418374577,0.005748076303906691,-0.00012967100411225273,0.0,0.0,0.0,-1.8681415876385422e-05,0.0,0.0,0.0,0.0,-0.009714197419804916,0.0,0.0,-0.0010386721175639035,0.0,0.0,-9.764482117401856e-05,0.0,0.0,0.0,0.0,0.0,0.0,0.0005841971778843283,0.002164026330362559
0.0,-6.064849151773514e-07,0.0,0.0,0.0,0.03400600790696576,0.0,0.0,0.2707777105633661,-0.2707777105633661,0.0,0.0,0.0,0.0,-0.1387663933678584,0.03180501300536723,0.0,0.23299055516555525,0.006023356922820081,-0.00014313048898933003,0.0,0.0,0.0,-2.0620494209217135e-05,0.0,0.0,0.0,0.0,-0.010401150235949676,0.0,0.0,-0.0011464833568945645,0.0,0.0,-0.00010778007849630249,0.0,0.0,0.0,0.0,0.0,0.0,0.0006448351989654219,0.0023886461662812946
0.0,-7.794186799447042e-07,0.0,0.0,0.0,0.023223100334513053,0.0,0.0,0.26649442048558186,-0.26649442048558186,0.0450037747433226,0.0,0.0,0.0,-0.12128070470847843,0.0,0.0,0.25884897658359574,0.0036534705496269887,-0.00018394287144846976,0.0,0.0,0.0,-2.6500244233866198e-05,0.0,0.0,0.0,0.0,-0.00927955258365817,0.0,0.0,-0.0014733928614663505,0.0,0.0,-0.00013851260666781676,0.0,0.0,0.0,0.0,0.0,0.0,0.0008287042051368054,0.0030697473180079362
0.0,-8.612232218527862e-07,0.0,0.0,0.0,0.030223797698261442,0.0,0.0,0.26708478189255536,-0.26708478189255536,0.045163886332675325,0.0,0.0,0.0,-0.11575663340585261,0.0,0.0,0.25407360663578893,0.004036923618403975,-0.0002032487499490554,0.0,0.0,0.0,-2.928159961549179e-05,0.0,0.0,0.0,0.0,-0.01025349581564739,0.0,0.0,-0.001628034046216303,0.0,0.0,-0.0001530503135877471,0.0,0.0,0.0,0.0,0.0,0.0,0.0009156815507186781,0.003391935224950349
0.0,-1.4139665199826275e-07,0.0,0.0,0.0,0.0,0.0,0.0,0.27516092237414785,-0.27516092237414785,0.0,0.0,0.0,0.0032411011539087474,-0.1517062104198244,0.016307264380023282,0.0,0.26983327899119786,0.0016452931241676533,-3.336962129725408e-05,0.0,0.0,0.0,-4.80748782165547e-06,0.0,0.0,0.0,0.0,-0.00590703848888236,0.0,0.0,-0.00026729256438178043,0.0,0.0,-2.5127982362150995e-05,0.0,0.0,0.0,0.0,0.0,0.0,0.00015033768514701094,0.0005568919560380083
0.0,-4.382899286144436e-07,0.0,0.0,0.0,0.020093007483604475,0.0,0.0,0.2702243997216111,-0.2702243997216111,0.0,0.0,0.0,0.0,-0.1487585459053702,0.03045493435242342,0.0,0.24366369705786378,0.005099946821584825,-0.00010343645856935992,0.0,0.0,0.0,-1.490186269894192e-05,0.0,0.0,0.0,0.0,-0.008263657361919153,0.0,0.0,-0.0008285319157592322,0.0,0.0,-7.788969144663674e-05,0.0,0.0,0.0,0.0,0.0,0.0,0.0004660046214669474,0.0017262087341421307
0.0,-2.734543310238534e-07,0.0,0.0,0.0,0.0,0.0,0.0,0.2688863788913505,-0.2688863788913505,0.012536267801215618,0.0,0.0,0.0,-0.15549357583577383,0.019001197965110784,0.0,0.2648511064762547,0.0031819178477644513,-6.453524421831472e-05,0.0,0.0,0.0,-9.297450453015469e-06,0.0,0.0,0.0,0.0,-0.005155794710723989,0.0,0.0,-0.0005169309764248735,0.0,0.0,-4.859631051876398e-05,0.0,0.0,0.0,0.0,0.0,0.0,0.0002907458595275344,0.0010770022849820357
0.0,-1.3851714881663463e-07,0.0,0.0,0.0,0.0,0.0,0.0,0.2752849247331078,-0.2752849247331078,0.0,0.0,0.0,0.0029364479787056127,-0.151957842793409,0.016293370257176493,0.0,0.2699066779417067,0.0016913368771524356,-3.26900583137094e-05,0.0,0.0,0.0,-4.709584679802681e-06,0.0,0.0,0.0,0.0,-0.00562764393341798,0.0,0.0,-0.00026184922623561036,0.0,0.0,-2.461625804522305e-05,0.0,0.0,0.0,0.0,0.0,0.0,0.0001472761003316594,0.0005455510074612749
0.0,-1.0287193478928568e-07,0.0,0.0,0.0,0.0,0.0,0.0,0.27713797643702803,-0.27713797643702803,0.0,0.0,0.0,0.0,-0.15356212855855628,0.015008259412818168,0.0,0.2716898709162473,0.0019830309407340586,-2.42777849229164e-05,0.0,0.0,0.0,-3.497646985981697e-06,0.0,0.0,0.0,0.0,-0.002725591978872236,0.0,0.0,-0.00019446643795414118,0.0,0.0,-1.8281650423924304e-05,0.0,0.0,0.0,0.0,0.0,0.0,0.00010937690761592776,0.00040516201887809617
0.0,-3.5859039577161963e-07,0.0,0.0,0.0,0.015203634378018104,0.0,0.0,0.27174665336722403,-0.27174665336722403,0.0,0.0,0.0,0.0,-0.1501272426876187,0.026976313295528048,0.0,0.25022173956554233,0.004378498729887171,-8.462736237827206e-05,0.0,0.0,0.0,-1.2192077650154384e-05,0.0,0.0,0.0,0.0,-0.0069669137052249044,0.0,0.0,-0.0006778699855612662,0.0,0.0,-6.372607139451017e-05,0.0,0.0,0.0,0.0,0.0,0.0,0.0003812653924572284,0.001412311423895343
0.0,-2.462661710445468e-07,0.0,0.0,0.0,0.0,0.0,0.0,0.27015540727002696,-0.27015540727002696,0.010441274692198787,0.0,0.0,0.0,-0.15530802275809807,0.018526300376485366,0.0,0.2658141942924218,0.0030069854905413074,-5.811883626623842e-05,0.0,0.0,0.0,-8.373052695738e-06,0.0,0.0,0.0,0.0,-0.004784609912631974,0.0,0.0,-0.000465535183816006,0.0,0.0,-4.376462889996761e-05,0.0,0.0,0.0,0.0,0.0,0.0,0.00026183849165898145,0.0009699214780606927
0.0,-4.5937519358817074e-07,0.0,0.0,0.0,0.0,0.0,0.0,0.2665651479004161,-0.2665651479004161,0.04021167923383647,0.0,0.0,0.0,-0.1399170061861054,0.0,0.0,0.2757463352692507,0.002153289091201466,-0.00010841258280697041,0.0,0.0,0.0,-1.5618761954652847e-05,0.0,0.0,0.0,0.0,-0.005469199512682973,0.0,0.0,-0.0008683909539036863,0.0,0.0,-8.163681104864544e-05,0.0,0.0,0.0,0.0,0.0,0.0,0.0004884231857120218,0.0018092532354712205
0.0,-3.409498267792206e-07,0.0,0.0,0.0,0.01974781120674512,0.0,0.0,0.2827861942259436,-0.2827861942259436,0.00370471964178316,0.0,0.0,0.00799089233482753,-0.1201766701463604,0.0,0.0,0.269852691424885,0.0,-8.046418667060628e-05,0.0,0.0,0.0,-1.1592298098096295e-05,0.0,0.0,0.0,0.0,-0.010451972296478824,0.0,0.0,-0.0006445227113755238,0.0,0.0,-6.05911180541386e-05,0.0,0.0,0.0,0.0,0.0,0.0,0.00036250934505784586,0.0013428338879497164
0.0,-3.1498556302952295e-07,0.0,0.0,0.0,0.019955258804339696,0.0,0.0,0.2834981185731584,-0.2834981185731584,0.0,0.0,0.0,0.008238012754794952,-0.12129267260940514,0.0017112975437720928,0.0,0.26898259114156564,0.0,-7.433661832761555e-05,0.0,0.0,0.0,-1.0709512826939694e-05,0.0,0.0,0.0,0.0,-0.010511674732289924,0.0,0.0,-0.0005954405404622631,0.0,0.0,-5.597693835236847e-05,0.0,0.0,0.0,0.0,0.0,0.0,0.0003349032649031053,0.001240573407080385
0.0,-3.571454057143919e-07,0.0,0.0,0.0,0.02456655785412883,0.0,0.0,0.28486464810921464,-0.28486464810921464,0.0,0.0,0.0,0.008370470552519242,-0.11632738920128546,0.0,0.0,0.2674360875469507,0.0,-8.428634460800279e-05,0.0,0.0,0.0,-1.2142947971308658e-05,0.0,0.0,0.0,0.0,-0.010948455148383777,0.0,0.0,-0.0006751384138271114,0.0,0.0,-6.3469278293978e-05,0.0,0.0,0.0,0.0,0.0,0.0,0.0003797290303355373,0.0014066203178609872
0.0,-3.5573079248505896e-07,0.0,0.0,0.0,0.0224888080622149,0.0,0.0,0.2837363309214896,-0.2837363309214896,0.00198044438861437,0.0,0.0,0.008337316049647645,-0.11784707373952814,0.0,0.0,0.2683572473377744,0.0,-8.395249577157132e-05,0.0,0.0,0.0,-1.209485110496663e-05,0.0,0.0,0.0,0.0,-0.01090508953525855,0.0,0.0,-0.0006724642656607076,0.0,0.0,-6.321788354188458e-05,0.0,0.0,0.0,0.0,0.0,0.0,0.0003782249658808933,0.0014010488512301497
0.0,-3.4071713041406736e-07,0.0,0.0,0.0,0.02248809488215239,0.0,0.0,0.2840907906749383,-0.2840907906749383,0.0,0.0,0.0,0.00845965346723765,-0.11856390188965293,0.0009484297441887482,0.0,0.2679381385986976,0.0,-8.040927030962692e-05,0.0,0.0,0.0,-1.1584386418959569e-05,0.0,0.0,0.0,0.0,-0.010919053755469437,0.0,0.0,-0.0006440828282008863,0.0,0.0,-6.0549764952232206e-05,0.0,0.0,0.0,0.0,0.0,0.0,0.0003622619344410818,0.001341917411271367
0.0,-1.102821240518807e-06,0.0,0.0,0.0,0.12075910980811173,0.0,0.0,0.2959194489434409,-0.2959194489434409,0.0,0.0,0.0,0.0033966921314558503,0.0,-0.0449005900722224,0.0,0.21965189496405302,0.0,-0.0002602659018767481,0.0,0.0,0.0,-3.7495935075763205e-05,0.0,0.0,0.0,0.0,-0.011357192601461296,0.0,0.0,-0.0020847446758257746,0.0,0.0,-0.0001959853524728615,0.0,0.0,0.0,0.0,0.0,0.0,0.001172556705462796,0.004343471143859382
0.0,-2.1410605073507747e-07,0.0,0.0,0.0,0.0,0.0,0.0,0.276789236365659,-0.276789236365659,0.014727471215207535,0.0,0.0,0.005018035691119456,-0.13747237245722638,0.0,0.0,0.28106841337834343,0.0,-5.0529045274480654e-05,0.0,0.0,0.0,-7.279608229085083e-06,0.0,0.0,0.0,0.0,-0.006563518544447332,0.0,0.0,-0.0004047405263268721,0.0,0.0,-3.804936673158947e-05,0.0,0.0,0.0,0.0,0.0,0.0,0.00022764476802375423,0.0008432585617012719
0.0,-1.0209154934268388e-07,0.0,0.0,0.0,0.0,0.0,0.0,0.27945216501820536,-0.27945216501820536,0.0,0.0,0.0,0.005903963064815584,-0.1427975589100306,0.007022456157115912,0.0,0.27798136414680324,0.0,-2.4093613894458737e-05,0.0,0.0,0.0,-3.4711138716701828e-06,0.0,0.0,0.0,0.0,-0.006640891042502789,0.0,0.0,-0.0001929912175420555,0.0,0.0,-1.8142966010532888e-05,0.0,0.0,0.0,0.0,0.0,0.0,0.00010854717551190331,0.0004020884639411164
0.06514662688249634,-2.800161347046085e-06,0.0,0.0,0.0,0.19261153757669888,0.0,0.0,0.27905279058470983,-0.27905279058470983,0.0,0.0,0.0,0.00048117547119178077,0.0,0.0,0.0,0.14240597715732226,0.0,-0.0006608383041720447,0.0,0.0,0.0,-9.520551854905182e-05,0.0,0.0,0.0,0.0,-0.020693595127495364,0.0,0.0,-0.005293352399488811,0.0,0.0,-0.0004976242644034845,0.0,0.0,0.0,0.0,0.0,0.0,0.0029772259031862827,0.011028460064228942
0.0,-7.687098483802406e-07,0.0,0.0,0.0,0.026380365563099282,0.0,0.0,0.2585949719081572,-0.2585949719081572,0.01780516282769431,0.0,0.0,0.0,-0.14420261078852062,0.03552499899271689,0.0,0.22981573389856286,0.0,-0.00018141558633392107,0.0,0.0,0.0,-2.613614383542854e-05,0.0,0.0,0.0,0.0,-0.014493499355161303,0.0,0.0,-0.0014531491639675357,0.0,0.0,-0.00013660951117815557,0.0,0.0,0.0,0.008944716937396142,0.0,0.0,0.0008173182145544365,0.003027570490816236
0.0,-4.5607262525461326e-07,0.0,0.0,0.0,0.02093323805907013,0.0,0.0,0.26962450012258776,-0.26962450012258776,0.0,0.0,0.0,0.0,-0.14365540385633827,0.03164058188917237,0.0,0.2419861525320854,0.0,-0.0001076331764133843,0.0,0.0,0.005281867645525231,-1.550647459268647e-05,0.0,0.0,0.0,0.0,-0.013880805611472553,0.0,0.0,-0.0008621478643648089,0.0,0.0,-8.104990267661094e-05,0.0,0.0,0.0,2.4998845639816506e-05,0.0,0.0,0.00048491178377081494,0.001796246041077066
0.0,-5.821385562868484e-07,0.0,0.0,0.0,0.028966814755205753,0.0,0.0,0.26774534876302464,-0.26774534876302464,0.0,0.0,0.0,0.0,-0.14516022048317923,0.03589198127116382,0.0,0.232467309973683,0.0044945748190107606,-0.0001373847463238453,0.0,0.0,0.0,-1.9792717722195477e-05,0.0,0.0,0.0,0.0,-0.010975825024144242,0.0,0.0,-0.0011004596313732443,0.0,0.0,-0.0001034534210533054,0.0,0.0,0.0,0.0022791963448453956,0.0,0.0,0.0006189493297766555,0.00229275781791289
0.0,-5.505867274648018e-07,0.0,0.0,0.0,0.02527133267810285,0.0,0.0,0.2681119812922255,-0.2681119812922255,0.0,0.0,0.0,0.003188227116490959,-0.1415435262017691,0.03182115613163024,0.0,0.2379342344174164,0.0,-0.00012993851217227273,0.0,0.0,0.0,-1.8719955173229243e-05,0.0,0.0,0.0,0.0,-0.013569163950181977,0.0,0.0,-0.0010408148723383313,0.0,0.0,-9.7846260014275e-05,0.0,0.0,0.0,0.006406633708462474,0.0,0.0,0.0005854023621488822,0.0021684906629204095
0.0,-6.664176265702653e-07,0.0,0.0,0.0,0.0343375153834961,0.0,0.0,0.2664890765234986,-0.2664890765234986,0.0,0.0,0.0,0.0,-0.14263514217168566,0.03873417649697874,0.0,0.22610366204416232,0.003968244612934095,-0.0001572746137209661,0.0,0.0,0.0,-2.2658207097523472e-05,0.0,0.0,0.0,0.0,-0.012564849352868706,0.0,0.0,-0.0012597786003969492,0.0,0.0,-0.0001184308831194242,0.0,0.0,0.0,0.0037861988150026263,0.0,0.0,0.0007085576773131078,0.0026246916765998232
0.0,-8.746724904747499e-07,0.0,0.0,0.0,0.05027627295520366,0.0,0.0,0.2664335797754811,-0.2664335797754811,0.0,0.0,0.0,0.0,-0.12991699678716528,0.040421934763222395,0.0,0.2134277623224044,0.0,-0.00020642277843061722,0.0,0.0,0.0,-2.9738874905935425e-05,0.0,0.0,0.0,0.0,-0.01649135262594221,0.0,0.0,-0.001653458194866359,0.0,0.0,-0.00015544041957640012,0.0,0.0,0.0,0.010177699500935737,0.0,0.0,0.0009299812663270165,0.003444905287567235
0.0,-6.343239318701542e-07,0.0,0.0,0.0,0.030795301156095477,0.0,0.0,0.2668753429818324,-0.2668753429818324,0.0,0.0,0.0,0.0028328548328472726,-0.13954318286762174,0.034980225523954855,0.0,0.23126768561727692,0.0,-0.00014970049917838445,0.0,0.0,0.0,-2.156702110236562e-05,0.0,0.0,0.0,0.0,-0.014792599484090355,0.0,0.0,-0.001199109512157264,0.0,0.0,-0.00011272742562616927,0.0,0.0,0.0,0.007381000814741909,0.0,0.0,0.0006744345796241407,0.002498290378086396
0.0,-5.356852298693376e-07,0.0,0.0,0.0,0.02600656722829642,0.0,0.0,0.2684377866864107,-0.2684377866864107,0.0,0.0,0.0,0.0,-0.1417673248575326,0.03432540700636619,0.0,0.2359748547707725,0.0,-0.00012642175753561634,0.0,0.0,0.004784679927954824,-1.8213304080701943e-05,0.0,0.0,0.0,0.0,-0.014884659198469201,0.0,0.0,-0.0010126454676945107,0.0,0.0,-9.519807447765381e-05,0.0,0.0,0.0,0.0014485597772753856,0.0,0.0,0.0005695585877591368,0.002109800983733835
0.0,-8.481673430197141e-07,0.0,0.0,0.0,0.03360128441432848,0.0,0.0,0.258359859159106,-0.258359859159106,0.015151469689328801,0.0,0.0,0.0,-0.14113159959859536,0.039197031324524415,0.0,0.22211174346835483,0.0,-0.00020016756148946016,0.0,0.0,0.0,-2.8837699582471382e-05,0.0,0.0,0.0,0.0,-0.015991616167046217,0.0,0.0,-0.001603353551422179,0.0,0.0,-0.00015073011796498336,0.0,0.0,0.0,0.009869285289944688,0.0,0.0,0.0009018001003902218,0.003340514531472868
0.0,-8.509214592470093e-07,0.0,0.0,0.0,0.009399015763626556,0.0,0.0,0.2670104368387919,-0.2670104368387919,0.03583690865630545,0.0,0.0,0.0,-0.1270886471194987,0.0,0.0,0.26797042520472963,0.0,-0.0002008175331416503,0.0,0.0,0.0,-2.893133956641038e-05,0.0,0.0,0.0,0.0,-0.006142210929023197,0.0,0.0,-0.0016085598613212865,0.0,0.0,-0.0001512195594263246,0.0,0.0,0.0,0.0,0.0,-0.013295449422318717,0.0009047283695704741,0.0033513616424284604
0.0,-7.486212333045401e-07,0.0,0.0,0.0,0.008269039047436217,0.0,0.0,0.2692590673618134,-0.2692590673618134,0.00862889677295002,0.0,0.0,0.0,-0.14043417885396742,0.017174696716091408,0.0,0.25865384535377184,0.0,-0.00017667467155277992,0.0,0.0,0.0,-2.5453130687906906e-05,0.0,0.0,0.0,0.0,-0.0054037766599175484,0.0,0.0,-0.0014151741669461886,0.0,0.0,-0.000133039508931508,0.0,0.0,0.0,0.0,0.0,-0.01742193114695532,0.0007959593220657568,0.002948451303865905
0.0,-4.5688355612074643e-07,0.0,0.0,0.0,0.02084524242771307,0.0,0.0,0.26965313311168865,-0.26965313311168865,0.0,0.0,0.0,0.0,-0.1436353575416441,0.03154658141179507,0.0,0.24211590226721597,0.0,-0.0001078245561633196,0.0,0.0,0.005266215901493759,-1.55340462516193e-05,0.0,0.0,0.0,0.0,-0.013830356824386249,0.0,0.0,-0.0008636808270459036,0.0,0.0,-8.119401539931788e-05,0.0,0.0,0.0,0.0,0.0,-0.00010017318174671524,0.0004857739927941956,0.0017994398994172058
0.0,-6.136054189161989e-07,0.0,0.0,0.0,0.020923000991966097,0.0,0.0,0.27020605155250305,-0.27020605155250305,0.0,0.0,0.0,0.0,-0.14339711411681727,0.02822249980577604,0.0,0.24383187812214802,0.0035363262378885316,-0.00014481092844707578,0.0,0.0,0.0,-2.0862591419616305e-05,0.0,0.0,0.0,0.0,-0.00796551752131212,0.0,0.0,-0.0011599437725207421,0.0,0.0,-0.00010904548251988282,0.0,0.0,0.0,0.0,0.0,-0.007207187427465316,0.0006524059584851885,0.0024166903328090247
0.0,-6.280416602262423e-07,0.0,0.0,0.0,0.010556679383170437,0.0,0.0,0.2729436407430741,-0.2729436407430741,0.0,0.0,0.0,0.0018097625388217562,-0.13953175539047918,0.018027912870550673,0.0,0.25861730220060497,0.0,-0.00014821788256277747,0.0,0.0,0.0,-2.135342379299786e-05,0.0,0.0,0.0,0.0,-0.006343159020251551,0.0,0.0,-0.0011872336687471612,0.0,0.0,-0.00011161098610068178,0.0,0.0,0.0,0.0,0.0,-0.014615800454366761,0.0006677550567142063,0.0024735475960282805
0.0,-6.637605757925646e-07,0.0,0.0,0.0,0.0,0.0,0.0,0.2669348243032035,-0.2669348243032035,0.03528624517949426,0.0,0.0,0.0,-0.13579386547229494,0.0,0.0,0.27501535684937023,0.0,-0.0001566475495227237,0.0,0.0,0.0,-2.2567867340005924e-05,0.0,0.0,0.0,0.0,-0.004791226521065257,0.0,0.0,-0.0012547557805067514,0.0,0.0,-0.00011795869142228116,0.0,0.0,0.0,0.0,0.0,-0.010371104251840749,0.000705732611389747,0.0026142268587701603
0.0,-5.998225505448865e-07,0.0,0.0,0.0,0.0,0.0,0.0,0.26874379235829754,-0.26874379235829754,0.013539240555583643,0.0,0.0,0.0,-0.14564824366857096,0.013760991447713937,0.0,0.2668719576311629,0.0,-0.00014155817039771088,0.0,0.0,0.0,-2.0393973733793175e-05,0.0,0.0,0.0,0.0,-0.004329702330802183,0.0,0.0,-0.0011338889955550902,0.0,0.0,-0.0001065960916153624,0.0,0.0,0.0,0.0,0.0,-0.013959084662688217,0.0006377515483817971,0.0023624063846487183
0.0,-2.986162629311423e-07,0.0,0.0,0.0,0.0,0.0,0.0,0.27533985272855427,-0.27533985272855427,0.0,0.0,0.0,0.0033701945800148755,-0.14665394914022314,0.013591175007628919,0.0,0.2710377820619636,0.0,-7.047346218166395e-05,0.0,0.0,0.0,-1.0152956432146446e-05,0.0,0.0,0.0,0.0,-0.0055256979508933116,0.0,0.0,-0.0005644964400285071,0.0,0.0,-5.306790565364574e-05,0.0,0.0,0.0,0.0,0.0,-0.006949404773336287,0.00031749887343068546,0.001176102774841707
0.0,-5.069234099172619e-07,0.0,0.0,0.0,0.0,0.0,0.0,0.2713721434387395,-0.2713721434387395,0.009113325977575654,0.0,0.0,0.0,-0.14638045840769567,0.013376461705151601,0.0,0.2686257201501532,0.0,-0.00011963396570280574,0.0,0.0,0.0,-1.7235401865945472e-05,0.0,0.0,0.0,0.0,-0.003659127966201254,0.0,0.0,-0.0009582748690796876,0.0,0.0,-9.008673347880187e-05,0.0,0.0,0.0,0.0,0.0,-0.012379380667442132,0.0005389780515788084,0.0019965223031854352
0.0,-3.0193012790356063e-07,0.0,0.0,0.0,0.0,0.0,0.0,0.2756210592828763,-0.2756210592828763,0.0,0.0,0.0,0.0027140073078153588,-0.14689425173749618,0.013395207912528751,0.0,0.2712712468049357,0.0,-7.125553458293407e-05,0.0,0.0,0.0,-1.0265627879966211e-05,0.0,0.0,0.0,0.0,-0.004893431167981851,0.0,0.0,-0.0005707608844405539,0.0,0.0,-5.3656821581998136e-05,0.0,0.0,0.0,0.0,0.0,-0.007373318957389879,0.00032102228633899995,0.0011891544611472536
0.0,-2.951219415031039e-07,0.0,0.0,0.0,0.0,0.0,0.0,0.27736454137250477,-0.27736454137250477,0.0,0.0,0.0,0.0,-0.14756116501745858,0.01176675622828194,0.0,0.2731128122967158,0.0,-6.964880204228561e-05,0.0,0.0,0.0,-1.0034149462725058e-05,0.0,0.0,0.0,0.0,-0.002130280291789786,0.0,0.0,-0.0005578908654121713,0.0,0.0,-5.244692031933589e-05,0.0,0.0,0.0,0.0,0.0,-0.008533463609227979,0.00031378359313778757,0.0011623403592004248
0.0,-7.56356407937851e-07,0.0,0.0,0.0,0.014717330904107137,0.0,0.0,0.27272495795877433,-0.27272495795877433,0.0,0.0,0.0,0.0,-0.13704185143317393,0.019118558222217186,0.0,0.2544697034055852,0.0,-0.00017850017339128798,0.0,0.0,0.0,-2.571612671590676e-05,0.0,0.0,0.0,0.0,-0.005459611512422818,0.0,0.0,-0.0014297965404922325,0.0,0.0,-0.0001344141477861563,0.0,0.0,0.0,0.0,0.0,-0.01819074528264666,0.0008041836203935145,0.0029789163571112467
0.0,-6.669570683222063e-07,0.0,0.0,0.0,0.012783429797580013,0.0,0.0,0.27301625609051483,-0.27301625609051483,0.0,0.0,0.0,0.0,-0.13977791901208225,0.01918548401324966,0.0,0.25622283640385374,0.0003965319404210857,-0.00015740192201801415,0.0,0.0,0.0,-2.2676548123398545e-05,0.0,0.0,0.0,0.0,-0.005210831720641753,0.0,0.0,-0.0012607983470965575,0.0,0.0,-0.00011852674877562338,0.0,0.0,0.0,0.0,0.0,-0.015494436905419401,0.0007091312299617197,0.0026268162726787365
0.0,-6.807234259523377e-07,0.0,0.0,0.0,0.011428420456615775,0.0,0.0,0.27298542844874213,-0.27298542844874213,0.000809433151857887,0.0,0.0,0.0,-0.1394252788840759,0.017962616562800366,0.0,0.2578689663007259,0.0,-0.00016065078353112619,0.0,0.0,0.0,-2.314460444382842e-05,0.0,0.0,0.0,0.0,-0.0049136695532705325,0.0,0.0,-0.0012868219125852208,0.0,0.0,-0.00012097320551156685,0.0,0.0,0.0,0.0,0.0,-0.016623683685243015,0.0007237680852887134,0.002681035193139858
0.0,-6.686805641327194e-07,0.0,0.0,0.0,0.011623793812166812,0.0,0.0,0.27332420570483296,-0.27332420570483296,0.0,0.0,0.0,0.00019877831288633876,-0.1393440084064967,0.01804239169180443,0.0,0.25787883802914846,0.0,-0.00015780866716856367,0.0,0.0,0.0,-2.273514700111326e-05,0.0,0.0,0.0,0.0,-0.005025518812151544,0.0,0.0,-0.0012640563988847921,0.0,0.0,-0.00011883303588861915,0.0,0.0,0.0,0.0,0.0,-0.016329589611318137,0.0007109637087853081,0.0026336042760690273
0.0,-6.422536807884985e-07,0.0,0.0,0.0,0.01307363464803408,0.0,0.0,0.2728319866260824,-0.2728319866260824,0.0,0.0,0.0,0.0,-0.13994651948028217,0.020002253146399265,0.0,0.255515043077234,0.0,-0.00015157192056388307,0.0,0.0,0.0007636896297577435,-2.1836632658332263e-05,0.0,0.0,0.0,0.0,-0.006163362445126229,0.0,0.0,-0.0012140997038862303,0.0,0.0,-0.0001141366428045144,0.0,0.0,0.0,0.0,0.0,-0.014156849647656842,0.0006828657558884524,0.0025295217638626397
0.0,-6.707694701024942e-07,0.0,0.0,0.0,0.011704416589452532,0.0,0.0,0.273424763050281,-0.273424763050281,0.0,0.0,0.0,0.0,-0.13933619871621344,0.017965821863447782,0.0,0.2579089897740389,0.0,-0.00015830164914622613,0.0,0.0,0.0,-2.2806169828516543e-05,0.0,0.0,0.0,0.0,-0.004841818860420423,0.0,0.0,-0.0012680052125626459,0.0,0.0,-0.00011920426103166805,0.0,0.0,0.0,0.0,0.0,-0.016469223879240293,0.0007131847040037066,0.0026418314505816287
0.0,-6.936368369290222e-07,0.0,0.0,0.0,0.01247000726602942,0.0,0.0,0.27321526793314777,-0.27321526793314777,0.0,0.0,0.0,0.0,-0.1387710415523008,0.018303369710185483,0.0,0.2569872563503042,0.0,-0.00016369834956510174,0.0,0.0,0.0,-2.3583660568065404e-05,0.0,0.0,0.0,0.0,-0.005006882496921229,0.0,0.0,-0.0013112330898379623,0.0,0.0,-0.0001232680827853323,0.0,0.0,0.0,0.0,0.0,-0.01693903710366493,0.0007374980589914189,0.002731894775713403
0.001117578891281144,-7.54877154015207e-07,0.0,0.0,0.0,0.01580612618326803,0.0,0.0,0.2727503620061694,-0.2727503620061694,0.0,0.0,0.0,0.0,-0.13649443531968197,0.01880177212947036,0.0,0.25397202095984106,0.0,-0.00017815106934601177,0.0,0.0,0.0,-2.5665832065236145e-05,0.0,0.0,0.0,0.0,-0.00544893380590628,0.0,0.0,-0.0014270001972353909,0.0,0.0,-0.0001341512655612094,0.0,0.0,0.0,0.0,0.0,-0.017316984326532826,0.0008026108277754993,0.002973090302541947
0.0,-7.486212333045401e-07,0.0,0.00871096557347766,0.0,0.008269039047436217,0.0,0.0,0.2692590673618134,-0.2692590673618134,0.026050827919905345,0.0,0.0,0.0,-0.13172321328048978,0.008463731142613746,0.0,0.2673648109272495,0.0,-0.00017667467155277992,0.0,0.0,0.0,-2.5453130687906906e-05,0.0,0.0,0.0,0.0,-0.0054037766599175484,0.0,0.0,-0.0014151741669461886,0.0,0.0,-0.000133039508931508,0.0,0.0,0.0,0.0,0.0,0.0,0.0007959593220657568,0.002948451303865905
0.0,-4.5575740760334794e-07,0.0,1.6654378346750353e-05,0.0,0.020893788343783685,0.0,0.0,0.2696546542609768,-0.2696546542609768,0.0,0.0,0.0,0.0,-0.14363106016383242,0.03158540453227029,0.0,0.2420687178563205,0.0,-0.00010755878502221428,0.0,0.0,0.005286544236479546,-1.54957571888568e-05,0.0,0.0,0.0,0.0,-0.013862884610480115,0.0,0.0,-0.000861551985090764,0.0,0.0,-8.099388449322897e-05,0.0,0.0,0.0,0.0,0.0,0.0,0.0004845766337418787,0.00179500455358843
0.0,-5.619654887042508e-07,0.0,0.0016501608688578985,0.0,0.0257628022751008,0.0,0.0,0.27056824762368603,-0.27056824762368603,0.0,0.0,0.0,0.0,-0.14288019657126372,0.03079782750750683,0.0,0.23981303379400487,0.004888876240705195,-0.00013262390074425214,0.0,0.0,0.0,-1.9106833188451615e-05,0.0,0.0,0.0,0.0,-0.008945314739162586,0.0,0.0,-0.001062324987522796,0.0,0.0,-9.986841052270086e-05,0.0,0.0,0.0,0.0,0.0,0.0,0.0005975006445367871,0.0022133060140222447
0.0,-4.739216124785363e-07,0.0,0.005514557518766165,0.0,0.013480650904814453,0.0,0.0,0.277653116908503,-0.277653116908503,0.0,0.0,0.0,0.004122929535308821,-0.13286375584392324,0.013603902540726607,0.0,0.2640851517043472,0.0,-0.00011184553884053114,0.0,0.0,0.0,-1.611334036705395e-05,0.0,0.0,0.0,0.0,-0.00754384045021497,0.0,0.0,-0.0008958891269709323,0.0,0.0,-8.422189458594205e-05,0.0,0.0,0.0,0.0,0.0,0.0,0.0005038894284571696,0.0018665444340584647
0.0,-5.998225505448865e-07,0.0,0.0069795423313441084,0.0,0.0,0.0,0.0,0.26874379235829754,-0.26874379235829754,0.02749832521827186,0.0,0.0,0.0,-0.13866870133722686,0.006781449116369828,0.0,0.273851499962507,0.0,-0.00014155817039771088,0.0,0.0,0.0,-2.0393973733793175e-05,0.0,0.0,0.0,0.0,-0.004329702330802183,0.0,0.0,-0.0011338889955550902,0.0,0.0,-0.0001065960916153624,0.0,0.0,0.0,0.0,0.0,0.0,0.0006377515483817971,0.0023624063846487183
0.0,-1.9675181615833183e-07,0.0,0.002289406472628353,0.0,0.0,0.0,0.0,0.2775705632685609,-0.2775705632685609,0.0,0.0,0.0,0.004509955005103274,-0.14470466050609626,0.011244338599326808,0.0,0.27473602167801003,0.0,-4.643344451204655e-05,0.0,0.0,0.0,-6.689564050508054e-06,0.0,0.0,0.0,0.0,-0.005930169693991573,0.0,0.0,-0.0003719345312955449,0.0,0.0,-3.496529865649492e-05,0.0,0.0,0.0,0.0,0.0,0.0,0.00020919316102390663,0.0007749087563670901
0.0,-1.9488009954194642e-07,0.0,0.002379545794829763,0.0,0.0,0.0,0.0,0.27783989571084544,-0.27783989571084544,0.0,0.0,0.0,0.004131295505854178,-0.14478301517693426,0.011025451619148419,0.0,0.2750323193534419,0.0,-4.599171923933411e-05,0.0,0.0,0.0,-6.6259256636601554e-06,0.0,0.0,0.0,0.0,-0.005537999572660658,0.0,0.0,-0.0003683962867394023,0.0,0.0,-3.463267082225133e-05,0.0,0.0,0.0,0.0,0.0,0.0,0.00020720308884481403,0.0007675369840307796
0.0,-5.069234099172619e-07,0.0,0.006189690333721066,0.0,0.0,0.0,0.0,0.2713721434387395,-0.2713721434387395,0.021492706645017786,0.0,0.0,0.0,-0.1401907680739746,0.007186771371430536,0.0,0.27481541048387426,0.0,-0.00011963396570280574,0.0,0.0,0.0,-1.7235401865945472e-05,0.0,0.0,0.0,0.0,-0.003659127966201254,0.0,0.0,-0.0009582748690796876,0.0,0.0,-9.008673347880187e-05,0.0,0.0,0.0,0.0,0.0,0.0,0.0005389780515788084,0.0019965223031854352
0.0,-1.5565390945048075e-07,0.0,0.0030004929830353406,0.0,0.0,0.0,0.0,0.2813104438884601,-0.2813104438884601,0.0,0.0,0.0,0.0,-0.14533814930371755,0.007706296774172152,0.0,0.27906798692575446,0.0,-3.6734335208046065e-05,0.0,0.0,0.0,-5.2922347417776445e-06,0.0,0.0,0.0,0.0,-0.0011235574486721234,0.0,0.0,-0.00029424411416459573,0.0,0.0,-2.7661678236338885e-05,0.0,0.0,0.0,0.0,0.0,0.0,0.00016549648170704375,0.0006130442897608796
0.0,-6.070962526631107e-07,0.0,0.004155812007349357,0.0,0.025739868012620494,0.0,0.0,0.2739407270824616,-0.2739407270824616,0.0,0.0,0.0,0.0,-0.13616747911823782,0.024892042439772166,0.0,0.24581050920181852,0.003257019464293393,-0.00014327476468536883,0.0,0.0,0.0,-2.0641279690882892e-05,0.0,0.0,0.0,0.0,-0.007639225598072352,0.0,0.0,-0.0011476390134250553,0.0,0.0,-0.00010788872093827255,0.0,0.0,0.0,0.0,0.0,0.0,0.0006454851935809505,0.002391053924339442
0.0,-5.40233334237934e-07,0.0,0.006596414727487564,0.0,0.01710838059697233,0.0,0.0,0.2785497644763744,-0.2785497644763744,0.0,0.0,0.0,0.0028983056264217755,-0.12986550710466893,0.013455625187566631,0.0,0.2622126022877223,0.0,-0.00012749511053411814,0.0,0.0,0.0,-1.8367939682426898e-05,0.0,0.0,0.0,0.0,-0.006797874797841215,0.0,0.0,-0.0010212430862560384,0.0,0.0,-9.600633043520447e-05,0.0,0.0,0.0,0.0,0.0,0.0,0.0005743942855845011,0.002127713732743789
0.0,-5.255101405979781e-07,0.0,0.0026575507475130188,0.0,0.02228075300901543,0.0,0.0,0.272837881739116,-0.272837881739116,0.0,0.0,0.0,0.0,-0.13760349866454005,0.02624572613225474,0.0,0.2466084672301907,0.0,-0.00012402043564536968,0.0,0.0,0.003759089269294656,-1.7867350926472245e-05,0.0,0.0,0.0,0.0,-0.011311471202461877,0.0,0.0,-0.0009934107427861116,0.0,0.0,-9.33898317779103e-05,0.0,0.0,0.0,0.0,0.0,0.0,0.0005587400899686858,0.0020697263052523508
0.0,-7.280274272126307e-07,0.0,0.0010778284659945677,0.0,0.015243928522932894,0.0,0.0,0.27382736922485623,-0.27382736922485623,0.0,0.0,0.0,0.0,-0.1359508687850258,0.018133024317464906,0.0,0.2557169425858161,0.0,-0.00017181453165099114,0.0,0.0,0.0,-2.475294103992567e-05,0.0,0.0,0.0,0.0,-0.005255124279050525,0.0,0.0,-0.0013762441699279053,0.0,0.0,-0.00012937972781976417,0.0,0.0,0.0,0.0,0.0,-0.015623219485011736,0.0007740632934648667,0.0028673424176602277
0.0,-7.515094204542522e-07,0.0,0.009176160549076285,0.0,0.03186274533548733,0.0,0.0,0.28265947113910334,-0.28265947113910334,0.0,0.0,0.0,0.0,-0.11614516228242962,0.010654324267964843,0.0,0.2559013383958433,0.0,-0.00017735628395349414,0.0,0.0,0.0,-2.5551329084776116e-05,0.0,0.0,0.0,0.0,-0.005424624476696931,0.0,0.0,-0.0014206339210404407,0.0,0.0,-0.00013355277649994694,0.0,0.0,0.0,0.0,0.0,0.0,0.000799030139968605,0.0029598264543272243
0.0,-7.280274272126307e-07,0.0,0.008889438208500435,0.0,0.015243928522932894,0.0,0.0,0.27382736922485623,-0.27382736922485623,0.015623219485011736,0.0,0.0,0.0,-0.12813925904251994,0.01032141457495904,0.0,0.263528552328322,0.0,-0.00017181453165099114,0.0,0.0,0.0,-2.475294103992567e-05,0.0,0.0,0.0,0.0,-0.005255124279050525,0.0,0.0,-0.0013762441699279053,0.0,0.0,-0.00012937972781976417,0.0,0.0,0.0,0.0,0.0,0.0,0.0007740632934648667,0.0028673424176602277
0.0,-5.006946438074619e-07,0.0,0.006915049894551891,0.0,0.016420129122078398,0.0,0.0,0.2809313018745711,-0.2809313018745711,0.0,0.0,0.0,0.0,-0.13089911132178875,0.011105538230576821,0.0,0.26550788691225174,0.0,-0.00011816397639757274,0.0,0.0,0.0,-1.7023623745363295e-05,0.0,0.0,0.0,0.0,-0.003614166830413471,0.0,0.0,-0.0009465001711438183,0.0,0.0,-8.897980256683839e-05,0.0,0.0,0.0,0.0,0.0,0.0,0.0005323554175557553,0.0019719902531434553
0.0,-5.506061969893337e-07,0.0,0.007461559350501356,0.0,0.018913851198939964,0.0,0.0,0.2809441621480693,-0.2809441621480693,0.0,0.0,0.0,0.0,-0.12866657291094297,0.011498516363109876,0.0,0.26355482608421327,0.0,-0.00012994310698163556,0.0,0.0,0.0,-1.872061713729104e-05,0.0,0.0,0.0,0.0,-0.003974443662201802,0.0,0.0,-0.0010408516770226426,0.0,0.0,-9.784971999626274e-05,0.0,0.0,0.0,0.0,0.0,0.0,0.000585423062803443,0.002168567343813815
0.0,-6.807234259523377e-07,0.0,0.008311841842621508,0.0,0.011428420456615775,0.0,0.0,0.27298542844874213,-0.27298542844874213,0.017433116837100904,0.0,0.0,0.0,-0.1311134370414544,0.009650774720178857,0.0,0.2661808081433474,0.0,-0.00016065078353112619,0.0,0.0,0.0,-2.314460444382842e-05,0.0,0.0,0.0,0.0,-0.0049136695532705325,0.0,0.0,-0.0012868219125852208,0.0,0.0,-0.00012097320551156685,0.0,0.0,0.0,0.0,0.0,0.0,0.0007237680852887134,0.002681035193139858
0.0,-4.760247480497862e-07,0.0,0.0017487925691166745,0.0,0.02018265494440754,0.0,0.0,0.2721689598680525,-0.2721689598680525,0.0,0.0,0.0,0.0,-0.14045002329728515,0.027066791963349966,0.0,0.2470924621806972,0.0,-0.00011234187900529157,0.0,0.0,0.004063615625045584,-1.6184847001073814e-05,0.0,0.0,0.0,0.0,-0.011563323239761116,0.0,0.0,-0.0008998648399184271,0.0,0.0,-8.459564851004647e-05,0.0,0.0,0.0,0.0,0.0,0.0,0.0005061255530673613,0.0018748276519814804
0.0,-5.569327387607481e-07,0.0,0.003234600692889727,0.0,0.023613018734220188,0.0,0.0,0.27326263866382355,-0.27326263866382355,0.0,0.0,0.0,0.0,-0.1393617104242649,0.025724359717902056,0.0,0.24630113656028113,0.003565718886359626,-0.00013143617135091034,0.0,0.0,0.0,-1.8935719631511642e-05,0.0,0.0,0.0,0.0,-0.007585829458931381,0.0,0.0,-0.0010528112075338073,0.0,0.0,-9.897402688612788e-05,0.0,0.0,0.0,0.0,0.0,0.0,0.0005921496552047396,0.002193484484158003
0.0,-4.904747286394585e-07,0.0,0.0059888468896901505,0.0,0.014514856798738393,0.0,0.0,0.2783373068158522,-0.2783373068158522,0.0,0.0,0.0,0.0031402266045328234,-0.1321525509102193,0.013234027791015901,0.0,0.2640137631216493,0.0,-0.00011575207559209594,0.0,0.0,0.0,-1.6676146510123445e-05,0.0,0.0,0.0,0.0,-0.006680622966524745,0.0,0.0,-0.0009271807085227837,0.0,0.0,-8.716359373547638e-05,0.0,0.0,0.0,0.0,0.0,0.0,0.0005214892593614628,0.0019317390274742523
1.998858299033779e-05,-4.5583332380972576e-07,0.0,0.0,0.0,0.02091725723695979,0.0,0.0,0.2696329424379709,-0.2696329424379709,0.0,0.0,0.0,0.0,-0.14364499071705453,0.03161398577475715,0.0,0.24201909098833263,0.0,-0.00010757670125305392,0.0,0.0,0.00529408768521135,-1.5498338340761532e-05,0.0,0.0,0.0,0.0,-0.013878519494303023,0.0,0.0,-0.0008616954951187179,0.0,0.0,-8.100737576807817e-05,0.0,0.0,0.0,0.0,0.0,0.0,0.0004846573504107014,0.0017953035502341588
0.0032761255973165746,-5.398571174584987e-07,0.0,0.0,0.0,0.026165166483501368,0.0,0.0,0.269366222817087,-0.269366222817087,0.0,0.0,0.0,0.0,-0.1397221554013419,0.03078440845580775,0.0,0.23859857130899806,0.0,-0.0001274063233437709,0.0,0.0,0.004953758206547966,-1.8355148307526026e-05,0.0,0.0,0.0,0.0,-0.013804369936920382,0.0,0.0,-0.0010205318958118688,0.0,0.0,-9.593947193138281e-05,0.0,0.0,0.0,0.0,0.0,0.0,0.0005739942792269639,0.0021262319996529894
0.0021359036064938688,-4.844976061842851e-07,0.0,0.0,0.0,0.022677793596604587,0.0,0.0,0.26989367003772174,-0.26989367003772174,0.0,0.0,0.0,0.0,-0.14188196908814504,0.030040446659015632,0.0,0.24187894329405144,0.0,-0.00011434147420968908,0.0,0.0,0.004847912587784706,-1.6472924276741688e-05,0.0,0.0,0.0,0.0,-0.013193076842514197,0.0,0.0,-0.0009158817112262504,0.0,0.0,-8.610138309959894e-05,0.0,0.0,0.0,0.0,0.0,0.0,0.000515134181351822,0.0019081980781766612
0.0023028148976848603,-5.88171064316552e-07,0.0,0.0,0.0,0.029266988211711194,0.0,0.0,0.26821708976596775,-0.26821708976596775,0.0,0.0,0.0,0.0,-0.14436165261775383,0.03396110302478294,0.0,0.2337248838556851,0.005692558050187088,-0.00013880841870631672,0.0,0.0,0.0,-1.999782306575902e-05,0.0,0.0,0.0,0.0,-0.00993815639551173,0.0,0.0,-0.0011118633281236663,0.0,0.0,-0.00010452547440978646,0.0,0.0,0.0,0.0,0.0,0.0,0.0006253632955955034,0.0023165169037823196
0.006241412360039976,-6.838262982789969e-07,0.0,0.0,0.0,0.03523450626244575,0.0,0.0,0.26799453180080074,-0.26799453180080074,0.0,0.0,0.0,0.0,-0.13933431839903,0.03271917211214438,0.0,0.23006756269630768,0.005229022685515352,-0.00016138306165094772,0.0,0.0,0.0,-2.3250102139224696e-05,0.0,0.0,0.0,0.0,-0.010165089718728433,0.0,0.0,-0.0012926875019709735,0.0,0.0,-0.00012152462536482657,0.0,0.0,0.0,0.0,0.0,0.0,0.0007270671637060891,0.0026932558830565514
0.00472549865707437,-6.102263831699151e-07,0.0,0.0,0.0,0.030598078979734652,0.0,0.0,0.2686957675915387,-0.2686957675915387,0.0,0.0,0.0,0.0,-0.14206504834886097,0.03173008236355398,0.0,0.2344287843557662,0.00508830199676041,-0.00014401347573790726,0.0,0.0,0.0,-2.0747704164722906e-05,0.0,0.0,0.0,0.0,-0.009493102368349726,0.0,0.0,-0.0011535561309677228,0.0,0.0,-0.00010844498491662458,0.0,0.0,0.0,0.0,0.0,0.0,0.0006488132538139948,0.0024033819708380957
0.01251265248739487,-5.376692892430411e-07,0.0,0.0,0.0,0.021550273174327044,0.0,0.0,0.27120623556474066,-0.27120623556474066,0.0,0.0,0.0,0.007805672090589897,-0.13196641566706566,0.015433777269094985,0.0,0.252685066477959,0.0,-0.0001268899957081338,0.0,0.0,0.0,-1.8280762122612568e-05,0.0,0.0,0.0,0.0,-0.01168673320228303,0.0,0.0,-0.001016396082085928,0.0,0.0,-9.555066704786893e-05,0.0,0.0,0.0,0.0,0.0,0.0,0.0005716681065435028,0.0021176152190067526
0.015373085241727346,-6.295126550378043e-07,0.0,0.0,0.0,0.02762226559543658,0.0,0.0,0.2707772858189313,-0.2707772858189313,0.0,0.0,0.0,0.007220552855957882,-0.12826753948189032,0.01567931077220048,0.0,0.24789696201030606,0.0,-0.00014856503745717096,0.0,0.0,0.0,-2.140343763379509e-05,0.0,0.0,0.0,0.0,-0.011764567427118434,0.0,0.0,-0.0011900143991945803,0.0,0.0,-0.00011187240057660726,0.0,0.0,0.0,0.0,0.0,0.0,0.000669319067967006,0.0024793411220160287
0.013747872733922006,-5.629618082362658e-07,0.0,0.0,0.0,0.023533938508916094,0.0,0.0,0.2713551203625998,-0.2713551203625998,0.0,0.0,0.0,0.007041287721947353,-0.13106151866163734,0.015189879886667692,0.0,0.25147773723499467,0.0,-0.00013285903223431606,0.0,0.0,0.0,-1.9140708064192653e-05,0.0,0.0,0.0,0.0,-0.011104917959021557,0.0,0.0,-0.0010642084041305616,0.0,0.0,-0.00010004546916782244,0.0,0.0,0.0,0.0,0.0,0.0,0.0005985599650369057,0.002217230027251565
0.0038476749202890964,-1.6533477947335143e-07,0.0,0.0,0.0,0.0,0.0,0.0,0.27557293365343416,-0.27557293365343416,0.0,0.0,0.0,0.005713649573509944,-0.14660832302522783,0.011372696835080819,0.0,0.27319100743830516,0.0,-3.901902131571362e-05,0.0,0.0,0.0,-5.6213844357785474e-06,0.0,0.0,0.0,0.0,-0.0069070864981439824,0.0,0.0,-0.000312544579821248,0.0,0.0,-2.938209189357286e-05,0.0,0.0,0.0,0.0,0.0,0.0,0.00017578950893844773,0.0006511724813905684
0.003974181582616677,-1.6273881009159492e-07,0.0,0.0,0.0,0.0,0.0,0.0,0.27573216596694644,-0.27573216596694644,0.0,0.0,0.0,0.005437017778926439,-0.14673634477967953,0.011194130819715447,0.0,0.2733876390669753,0.0,-3.84063723318498e-05,0.0,0.0,0.0,-5.533121446437482e-06,0.0,0.0,0.0,0.0,-0.006611716203861405,0.0,0.0,-0.0003076372266180419,0.0,0.0,-2.8920755136898715e-05,0.0,0.0,0.0,0.0,0.0,0.0,0.00017302938681355764,0.0006409482331754202
0.020929484514883863,-8.57041716634412e-07,0.0,0.0,0.0,0.0,0.0,0.0,0.24950670772767494,-0.24950670772767494,0.05726662309992641,0.0,0.0,0.0,-0.1428340645716168,0.0016857379782906857,0.0,0.2657928885722097,0.0,-0.0002022619143796294,0.0,0.0,0.0,-2.913942838916198e-05,0.0,0.0,0.0,0.0,-0.0061863888157186455,0.0,0.0,-0.0016201294371820751,0.0,0.0,-0.00015230720695905665,0.0,0.0,0.0,0.0,0.0,0.0,0.0009112356334633797,0.00337546632991405
0.005461709564679371,-9.444408533664998e-08,0.0,0.0,0.0,0.0,0.0,0.0,0.27992124735590174,-0.27992124735590174,0.0,0.0,0.0,0.0,-0.14826373178331692,0.006496418683483,0.0,0.2785606210953907,0.0,-2.2288811771075582e-05,0.0,0.0,0.0,-3.2111000060235736e-06,0.0,0.0,0.0,0.0,-0.0006817262472728146,0.0,0.0,-0.00017853464989139227,0.0,0.0,-1.6783914449247222e-05,0.0,0.0,0.0,0.0,0.0,0.0,0.00010041613407871328,0.0003719688597718267
0.05131094205115479,-2.101132391788129e-06,0.0,0.0,0.0,0.14039544916913838,0.0,0.0,0.27717338166155614,-0.27717338166155614,0.0,0.0,0.0,0.0,-0.0425181001999283,0.004132772771158916,0.0,0.17670530294219045,0.0,-0.0004958674142456004,0.0,0.0,0.0,-7.143852589473877e-05,0.0,0.0,0.0,0.0,-0.015166615202754455,0.0,0.0,-0.003971926188984821,0.0,0.0,-0.0003733979336515332,0.0,0.0,0.0,0.0,0.0,0.0,0.0022339947622855368,0.008275328383108295
0.02161748206308571,-6.979023518814382e-07,0.0,0.0,0.0,0.037484541746450876,0.0,0.0,0.275035758562809,-0.275035758562809,0.0,0.0,0.0,0.0,-0.12390529740536024,0.010521279495272668,0.0,0.2462390278061776,0.0,-0.00016470501143855007,0.0,0.0,0.0,-2.372868812633518e-05,0.0,0.0,0.0,0.0,-0.005037672286359405,0.0,0.0,-0.001319296508694967,0.0,0.0,-0.0001240261190116152,0.0,0.0,0.0,0.0,0.0,0.0,0.0007420332982268858,0.0027486945438252356
0.01964914451850116,-6.224426338281388e-07,0.0,0.0,0.0,0.0326935328865272,0.0,0.0,0.27555774934020527,-0.27555774934020527,0.0,0.0,0.0,0.0,-0.12711422438385725,0.010121725913256108,0.0,0.2502436474600069,0.0,-0.0001468965118803915,0.0,0.0,0.0,-2.1163056829978536e-05,0.0,0.0,0.0,0.0,-0.00449298099917747,0.0,0.0,-0.0011766494144325064,0.0,0.0,-0.00011061596794014931,0.0,0.0,0.0,0.0,0.0,0.0,0.0006618019831734111,0.002451495781372962
0.040031157695131436,-1.7386456292242266e-06,0.0,0.0,0.0,0.019635187649949017,0.0,0.0,0.22445863624503723,-0.22445863624503723,0.1005332595399913,0.0,0.0,0.0,-0.12571039574943924,0.0,0.0,0.23957245444633507,0.0,-0.0004103205089895007,0.0,0.0001435482469278358,0.0,-5.911397172807654e-05,0.0,0.0,0.0,0.0,-0.012693623309048784,0.0,0.0,-0.003286690612676087,0.0,0.0,-0.00030897942835106206,0.0,0.0,0.0,0.0,0.0,0.0,0.0018485866213561403,0.006847671084372699
0.04033409354596391,-1.7413953459645631e-06,0.0,0.0,0.0,0.01961831615812032,0.0,0.0,0.22433437295420666,-0.22433437295420666,0.10054848043213366,0.0,0.0,0.0,-0.1257654349873935,0.0,0.0,0.23952001917297197,9.585018166622878e-05,-0.0004109694423624131,0.0,0.0,0.0,-5.9207462129407486e-05,0.0,0.0,0.0,0.0,-0.012665773538868557,0.0,0.0,-0.003291888605899131,0.0,0.0,-0.00030946808796764855,0.0,0.0,0.0,0.0,0.0,0.0,0.0018515102128536056,0.006858500867910257
0.039951391686648775,-1.7167132543695417e-06,0.0,0.0,0.0,0.019529234421388902,0.0,0.0,0.22531234654531876,-0.22531234654531876,0.09855638227038882,0.0,0.0,0.00028347487722668786,-0.12568371718863303,0.0,0.0,0.240093772052726,0.0,-0.0004051444667515328,0.0,0.0,0.0,-5.836827072650561e-05,0.0,0.0,0.0,0.0,-0.012675235360407426,0.0,0.0,-0.0032452302199790714,0.0,0.0,-0.0003050817665555382,0.0,0.0,0.0,0.0,0.0,0.0,0.001825267381339974,0.0067612902333357575
0.04024537044638816,-1.7375647902461186e-06,0.0,0.0,0.0,0.019479522314144702,0.0,0.0,0.2244147395923584,-0.2244147395923584,0.10042294279566019,0.0,0.0,0.0,-0.12577570617381517,0.0,0.0,0.23966262121165552,0.0,-0.0004100654309033292,0.0,0.0,9.563933956058841e-05,-5.907722319017984e-05,0.0,0.0,0.0,0.0,-0.012733551915454673,0.0,0.0,-0.003284647422699101,0.0,0.0,-0.00030878734952603754,0.0,0.0,0.0,0.0,0.0,0.0,0.0018474374369328245,0.0068434141905624555
0.04032520988489459,-1.7451590066405797e-06,0.0,0.0,0.0,0.01956465969062975,0.0,0.0,0.22414682324141402,-0.22414682324141402,0.10090988088897333,0.0,0.0,0.0,-0.12574907856294879,0.0,0.0,0.23946134739008565,0.0,-0.00041185766658607845,0.0,0.0,0.0,-5.933542663641021e-05,0.0,0.0,0.0,0.0,-0.012741176621813123,0.0,0.0,-0.00329900333244561,0.0,0.0,-0.00031013693830991287,0.0,0.0,0.0,0.00014408601258518485,0.0,0.0,0.001855511863711068,0.006873324078545795
0.039642910624304466,-1.7279795465350393e-06,0.0,0.0,0.0,0.019086728652347344,0.0,0.0,0.2250789948116309,-0.2250789948116309,0.09920317927892038,0.0,0.0,0.0,-0.12593787256232394,0.0,0.0,0.2402427617767758,0.0,-0.00040780331261297157,0.0,0.0,0.0,-5.875132479189825e-05,0.0,0.0,0.0,0.0,-0.012473084020290407,0.0,0.0,-0.003266527726542574,0.0,0.0,-0.0003070839298799212,0.0,0.0,0.0,0.0,0.0,-0.0005706704815815499,0.0018372460828185043,0.006805662624001816
0.0383500275950833,-1.6960395168358554e-06,0.0,0.0005601221899847474,0.0,0.01873392894401823,0.0,0.0,0.22651984930819433,-0.22651984930819433,0.09736950451189215,0.0,0.0,0.0,-0.12585052162186916,0.0,0.0,0.24140332871542836,0.0,-0.00040026546302302575,0.0,0.0,0.0,-5.7665363408569124e-05,0.0,0.0,0.0,0.0,-0.012242531132759216,0.0,0.0,-0.0032061491226359554,0.0,0.0,-0.0003014077806105769,0.0,0.0,0.0,0.0,0.0,0.0,0.0018032863669366808,0.00667986653644446
0.040937802973761754,-1.7590993956115873e-06,0.0,0.0,0.0,0.019430468898704492,0.0,0.0,0.22332305004383549,-0.22332305004383549,0.1021516633485247,0.0,0.0,0.0,-0.12530119667616404,-0.0005809479060423136,0.0,0.23934085503367225,0.0,-0.00041514759950969995,0.0,0.0,0.0,-5.980940002446527e-05,0.0,0.0,0.0,0.0,-0.012697716593638211,0.0,0.0,-0.0033253558822682596,0.0,0.0,-0.0003126143226272537,0.0,0.0,0.0,0.0,0.0,0.0,0.0018703337550241377,0.006928228422971789
0.040142052787993064,-1.7372324947092044e-06,0.0,0.0,0.0,0.01947579700941791,0.0,0.0,0.2244674430958979,-0.2244674430958979,0.10045154822598015,0.0,0.0,0.0,-0.12570384203916915,0.0,0.0,0.23971240867831517,0.0,-0.000409987009129766,0.0,0.0,0.0,-5.9065925138038366e-05,0.0,0.0,0.0,0.0,-0.012683306199617628,0.0,0.0,-0.0032840192598328714,0.0001434315739388753,0.0,-0.00030872829638529763,0.0,0.0,0.0,0.0,0.0,0.0,0.0018470841291203808,0.006842105441671165
0.02519179124507168,-1.0941376733129027e-06,0.0,0.0,0.0,0.0,0.0,0.0,0.24010495942489382,-0.24010495942489382,0.07562255528327051,0.0,0.0,0.0,-0.1408926974254804,0.0,0.0,0.26197266827421467,0.0,-0.0002582165793144724,0.0,9.033557055088232e-05,0.0,-3.7200693689203176e-05,0.0,0.0,0.0,0.0,-0.007988155400862259,0.0,0.0,-0.0020683294855532624,0.0,0.0,-0.00019444217220298355,0.0,0.0,0.0,0.0,0.0,0.0,0.0011633240441932052,0.004309270838135431
0.025390517533971434,-1.0962172489361405e-06,0.0,0.0,0.0,0.0,0.0,0.0,0.2400182719398934,-0.2400182719398934,0.07564561113414027,0.0,0.0,0.0,-0.14091913278617532,0.0,0.0,0.26192754370708854,6.033817805914867e-05,-0.0002587073593295982,0.0,0.0,0.0,-3.727139928471508e-05,0.0,0.0,0.0,0.0,-0.007973169020235338,0.0,0.0,-0.002072260661385968,0.0,0.0,-0.00019481173922485418,0.0,0.0,0.0,0.0,0.0,0.0,0.0011655351190727544,0.004317461264996231
0.024551593405468884,-1.0858003299663954e-06,0.0,0.00035858884929849136,0.0,0.0,0.0,0.0,0.24096477287102305,-0.24096477287102305,0.07432913272672269,0.0,0.0,0.0,-0.14053627093138465,0.0,0.0,0.26248655506894186,0.0,-0.00025624896561099133,0.0,0.0,0.0,-3.691722391791194e-05,0.0,0.0,0.0,0.0,-0.007837638340156865,0.0,0.0,-0.002052568787886625,0.0,0.0,-0.00019296052031379451,0.0,0.0,0.0,0.0,0.0,0.0,0.0011544594997978744,0.004276434138123227
0.02519198579986995,-1.082500861690351e-06,0.0,0.0,0.0,0.0,0.0,0.0,0.24059004201660655,-0.24059004201660655,0.0744607647763693,0.0,0.0,0.00017874959495093446,-0.1408242156856051,0.0,0.0,0.2622251746420178,0.0,-0.0002554702908312288,0.0,0.0,0.0,-3.6805041957937264e-05,0.0,0.0,0.0,0.0,-0.007992571365570324,0.0,0.0,-0.002046331558616083,0.0,0.0,-0.0001923741628613851,0.0,0.0,0.0,0.0,0.0,0.0,0.0011509513939422802,0.004263439153332821
0.025401246188379505,-1.096680450838357e-06,0.0,0.0,0.0,0.0,0.0,0.0,0.23999896328504003,-0.23999896328504003,0.07567757486305046,0.0,0.0,0.0,-0.14085795021462472,0.0,0.0,0.26191749272115855,0.0,-0.0002588166750159507,0.0,0.0,6.036367369779184e-05,-3.7287148154807864e-05,0.0,0.0,0.0,0.0,-0.008036901722344654,0.0,0.0,-0.0020731362862506323,0.0,0.0,-0.00019489405609066765,0.0,0.0,0.0,0.0,0.0,0.0,0.0011660276109440315,0.004319285589757253
0.025410674129373898,-1.0997008310252356e-06,0.0,0.0,0.0,0.0,0.0,0.0,0.23987305819208746,-0.23987305819208746,0.07591626429949648,0.0,0.0,0.0,-0.1408827091762681,0.0,0.0,0.2618519537010979,0.0,-0.0002595294849841182,0.0,0.0,0.0,-3.73898411164868e-05,0.0,0.0,0.0,0.0,-0.008028771284411047,0.0,0.0,-0.002078845934634447,0.0,0.0,-0.00019543081604212538,0.0,0.0,0.0,9.079488297404975e-05,0.0,0.0,0.0011692389809385968,0.004331181383656743
0.025208485150293232,-1.0988029398662053e-06,0.0,0.0,0.0,0.0,0.0,0.0,0.24022152951898706,-0.24022152951898706,0.07521923442439549,0.0,0.0,0.0,-0.14076768031072504,0.0,0.0,0.262001038050694,0.0,-0.0002593175825980322,0.0,0.0,0.0,-3.735931280657842e-05,0.0,0.0,0.0,0.0,-0.007931495148872338,0.0,0.0,-0.0020771485844706264,0.0,0.0,-0.00019527124937001266,0.0,0.0,0.0,0.0,0.0,-0.0003628830006200279,0.0011682843128014457,0.0043276450314390985
0.025862302842727156,-1.111304417799945e-06,0.0,0.0,0.0,0.0,0.0,0.0,0.23928450011226746,-0.23928450011226746,0.076809054126761,0.0,0.0,0.0,-0.1405341867968556,-0.0003670116515911774,0.0,0.26167881363087464,0.0,-0.0002622679324005862,0.0,0.0,0.0,-3.778436320253749e-05,0.0,0.0,0.0,0.0,-0.008021734634031765,0.0,0.0,-0.0021007810541808186,0.0,0.0,-0.00019749292090593906,0.0,0.0,0.0,0.0,0.0,0.0,0.0011815763054116948,0.004376882212104251
0.025337823546456174,-1.0965480674988761e-06,0.0,0.0,0.0,0.0,0.0,0.0,0.24003034873144102,-0.24003034873144102,0.07569861780657006,0.0,0.0,0.0,-0.1408107686671899,0.0,0.0,0.26194623232106795,0.0,-0.00025878543253713587,0.0,0.0,0.0,-3.7282647119717214e-05,0.0,0.0,0.0,0.0,-0.008005753372127236,0.0,0.0,-0.0020728860322185095,9.053458054693076e-05,0.0,-0.00019487052988850865,0.0,0.0,0.0,0.0,0.0,0.0,0.0011658868565164809,0.004318764196811745
0.024995429865832947,-1.066487586859952e-06,0.0,0.0,0.0,0.0,0.0,0.0,0.24125755826663198,-0.24125755826663198,0.07335927771742712,0.0,0.0,0.0,-0.14103039385467458,0.0,0.0,0.2625726455812415,0.0,-0.00025169115667728975,0.0,0.0,0.0,-3.626059042641932e-05,0.0,0.0,0.0,0.0,-0.007698233063102524,0.0,0.0,-0.0020160604791168305,0.0,0.0,-0.0001895284003782431,0.0,0.0,0.0,0.0,0.0,0.0,0.0011339255405320124,0.004200370729739704
0.0,-4.291085979636991e-07,0.0,0.0,0.0,0.0,0.0,0.0,0.2621608916615549,-0.2621608916615549,0.02466521038856256,0.0,0.0,0.0,-0.15412679932561332,0.019830736580970815,0.0,0.260821794999299,0.0,-0.0001012696637938798,0.0,0.0,0.0,-1.4589697349435704e-05,0.0,0.0,0.0,0.0,-0.008090549641045691,0.0,0.0,-0.0008111757663780948,0.0,0.0,-7.625805228550709e-05,0.0,0.0,0.0,0.004993112748946631,0.0,0.0,0.0004562427213293176,0.0016900479827179197
0.0,-1.512245993415803e-07,0.0,0.0,0.0,0.0,0.0,0.0,0.27493015543571003,-0.27493015543571003,0.0,0.0,0.0,0.004346203474349516,-0.14993317758411934,0.015681069511828162,0.0,0.27011203329743655,0.0,-3.568901766443179e-05,0.0,0.0,0.0,-5.141638146271721e-06,0.0,0.0,0.0,0.0,-0.007197440046458015,0.0,0.0,-0.00028587106119114426,0.0,0.0,-2.6874533528737785e-05,0.0,0.0,0.0,0.0017596512363303148,0.0,0.0,0.00016078708994168197,0.0005955994129863235
0.0,-1.484336772246389e-07,0.0,0.0,0.0,0.0,0.0,0.0,0.2750561148205829,-0.2750561148205829,0.0,0.0,0.0,0.0040528804722365225,-0.15014965368491606,0.01564740198647234,0.0,0.2701990463783988,0.0,-3.5030359819311026e-05,0.0,0.0,0.0,-5.046746761654285e-06,0.0,0.0,0.0,0.0,-0.006936740810849393,0.0,0.0,-0.0002805951743926629,0.0,0.0,-2.6378551192964352e-05,0.0,0.0,0.0,0.0018124207309068172,0.0,0.0,0.00015781968749928378,0.0005846073417110266
0.0,-3.747182011486653e-07,0.0,0.0,0.0,0.0,0.0,0.0,0.2646544499461731,-0.2646544499461731,0.020462850593247067,0.0,0.0,0.0,-0.15395879694287423,0.01903873984533901,0.0,0.2626242915945203,0.0,-8.843352575047442e-05,0.0,0.0,0.0,-1.2740423221597824e-05,0.0,0.0,0.0,0.0,-0.007280254580054414,0.0,0.0,-0.0007083575706360087,0.0,0.0,-6.659218741159654e-05,0.0,0.0,0.0,0.004575424180741231,0.0,0.0,0.00039841301860410737,0.0014758309270525578
0.0,-9.831006052119007e-08,0.0,0.0,0.0,0.0,0.0,0.0,0.2777348764655783,-0.2777348764655783,0.0,0.0,0.0,0.0,-0.1520586492460986,0.013584678244214787,0.0,0.2729073867704422,0.0,-2.3201182227020112e-05,0.0,0.0,0.0,-3.3425432075127233e-06,0.0,0.0,0.0,0.0,-0.0029837437332884704,0.0,0.0,-0.00018584278913166754,0.0,0.0,-1.747094738020255e-05,0.0,0.0,0.0,0.002274111696624908,0.0,0.0,0.00010452656916940191,0.0003871950369979988
0.0,-6.651448047537675e-07,0.0,0.0,0.0,0.0342719325763165,0.0,0.0,0.2667440752050555,-0.2667440752050555,0.0,0.0,0.0,0.0,-0.14159873824145178,0.037896217821781986,0.0,0.22681778393572768,0.0020507192746698293,-0.00015697422766942126,0.0,0.0,0.0,-2.2614931140876166e-05,0.0,0.0,0.0,0.0,-0.01292284040744217,0.0,0.0,-0.0012573724910405766,0.0,0.0,-0.00011820468650371146,0.0,0.0,0.0,0.006070902824378915,0.0,0.0,0.0007072043702666351,0.002619678656694047
0.0,-6.481966211187895e-07,0.0,0.0,0.0,0.032399435564718936,0.0,0.0,0.2669419494053894,-0.2669419494053894,0.0,0.0,0.0,0.0014988495308133453,-0.1399892058421279,0.03593137242010953,0.0,0.22953184721678946,0.0,-0.00015297445496205558,0.0,0.0,0.0,-2.2038692699068236e-05,0.0,0.0,0.0,0.0,-0.014092410252470518,0.0,0.0,-0.0012253340841802624,0.0,0.0,-0.00011519277884230901,0.0,0.0,0.0,0.007914679578014502,0.0,0.0,0.000689184490311059,0.002552928086561098
0.0,-5.906522008054653e-07,0.0,0.0,0.0,0.029523137421058946,0.0,0.0,0.26782803578468484,-0.26782803578468484,0.0,0.0,0.0,0.0,-0.14121937276096688,0.03547309720052821,0.0,0.23237327219082557,0.0,-0.00013939396711819038,0.0,0.0,0.002731574788289124,-2.0082181735400378e-05,0.0,0.0,0.0,0.0,-0.014207127288679122,0.0,0.0,-0.0011165536042039724,0.0,0.0,-0.00010496640390175399,0.0,0.0,0.0,0.004480469765962913,0.0,0.0,0.0006280013235191177,0.0023262888816402193
0.0,-7.327662048597304e-07,0.0,0.0,0.0,0.019682528725368915,0.0,0.0,0.27127035281031403,-0.27127035281031403,0.0,0.0,0.0,0.0,-0.137920625910948,0.02367527395267623,0.0,0.24761782362581417,0.0,-0.0001729328835586272,0.0,0.0,0.0,-2.4914059535349773e-05,0.0,0.0,0.0,0.0,-0.007459018465623429,0.0,0.0,-0.001385202232310768,0.0,0.0,-0.00013022186884256533,0.0,0.0,0.0,0.0021696882424896697,0.0,-0.013555223789401463,0.0007791017215451873,0.0028860061350525954
0.0,-7.584692561199473e-07,0.0,0.0,0.0,0.04141897303087277,0.0,0.0,0.26675493616243584,-0.26675493616243584,0.0,0.0,0.0,0.0,-0.13574308371013305,0.038536422313327795,0.0,0.22122670798979616,0.0,-0.000178998805732993,0.0,0.0,0.0,-2.5787963578808997e-05,0.0,0.0,0.0,0.0,-0.014736004973259834,0.0,0.0,-0.0014337906139074137,0.0,0.0,-0.00013478962776466576,0.0,0.0,0.0,0.009261142277482301,0.0,0.0,0.0008064300717788509,0.0029872378282374047
0.0,-7.479746505247234e-07,0.0,0.0,0.0,0.03392759676494855,0.0,0.0,0.26306396540387794,-0.26306396540387794,0.006918280148170059,0.0,0.0,0.0,-0.14078314649573673,0.03800321078238421,0.0,0.22508397145370457,0.0,-0.0001765220779644956,0.0,0.0,0.0,-2.5431146865830984e-05,0.0,0.0,0.0,0.0,-0.014532109351920158,0.0,0.0,-0.0014139518836257573,0.0,0.0,-0.00013292460295277872,0.0,0.0,0.0,0.009132999923946932,0.0,0.0,0.0007952718534659009,0.0029459047319074895
0.0,-6.601280137994249e-07,0.0,0.0,0.0,0.03425288121134097,0.0,0.0,0.2673660390050093,-0.2673660390050093,0.0,0.0,0.0,0.0,-0.14005186052158977,0.036413182217773774,0.0,0.22810005006547668,0.0,-0.00015579026459881082,0.0,0.0,0.0,-2.2444360189754288e-05,0.0,0.0,0.0,0.0,-0.013184533225675359,0.0,0.0,-0.0012478888795108634,0.0,0.0,-0.00011731313898236798,0.0,0.0,0.0,0.008419527646310597,0.0,0.0,0.0007018703490696439,0.0025999199814488094
0.0,-5.916685101328953e-07,0.0,0.0,0.0,0.029978448557967267,0.0,0.0,0.26852604628387555,-0.26852604628387555,0.0,0.0,0.0,0.0,-0.14170462924266228,0.033792405095397375,0.0,0.23347662981776077,0.0,-0.00013963381620158755,0.0,0.0,0.0,-2.011673626441932e-05,0.0,0.0,0.0,0.0,-0.011961650563999553,0.0,0.0,-0.0011184748090026352,0.0,0.0,-0.00010514701498761242,0.0,0.0,0.0,0.007690806586797417,0.0,0.0,0.0006290818978433319,0.0023302916248543882
0.0,-5.975202676689162e-07,0.0,0.0,0.0,0.029960966694281506,0.0,0.0,0.2677280968196917,-0.2677280968196917,0.0,0.0,0.0,0.0,-0.14373407862608018,0.03569650400285354,0.0,0.23186106745139118,0.002668801292075569,-0.0001410148314529442,0.0,0.0,0.0,-2.0315696089083673e-05,0.0,0.0,0.0,0.0,-0.011608989507414168,0.0,0.0,-0.0011295368197068395,0.0,0.0,-0.00010618694668383479,0.0,0.0,0.0,0.004627104465357026,0.0,0.0,0.0006353036836464198,0.0023533388233165898
0.0,-5.778573891956756e-07,0.0,0.0,0.0,0.02768453827149774,0.0,0.0,0.2679512656221585,-0.2679512656221585,0.0,0.0,0.0,0.0019357333512769067,-0.1415851319826862,0.033231333575522944,0.0,0.23520026268944552,0.0,-0.00013637439054438555,0.0,0.0,0.0,-1.9647157991024906e-05,0.0,0.0,0.0,0.0,-0.013162700419900945,0.0,0.0,-0.0010923666241190093,0.0,0.0,-0.00010269260324301004,0.0,0.0,0.0,0.007055815979691192,0.0,0.0,0.0006143974486598211,0.0022758964037150626
0.0,-5.132756744967167e-07,0.0,0.0,0.0,0.0245904964098701,0.0,0.0,0.2689539610425204,-0.2689539610425204,0.0,0.0,0.0,0.0,-0.14295543169799543,0.03295616737713481,0.0,0.23814383678844456,0.0,-0.00012113310065685665,0.0,0.0,0.003438789085678718,-1.7451378935940297e-05,0.0,0.0,0.0,0.0,-0.013411023070124848,0.0,0.0,-0.0009702830253201543,0.0,0.0,-9.121561163862011e-05,0.0,0.0,0.0,0.0028284643471130884,0.0,0.0,0.0005457319933364133,0.0020215407530350614
0.0,-6.981317069528727e-07,0.0,0.0,0.0,0.02876948640452231,0.0,0.0,0.26291773669867735,-0.26291773669867735,0.00935453524693054,0.0,0.0,0.0,-0.14299083038540164,0.03547078285953054,0.0,0.23036589354959514,0.0,-0.00016475913925394185,0.0,0.0,0.0,-2.3736486201446394e-05,0.0,0.0,0.0,0.0,-0.013563730134924517,0.0,0.0,-0.0013197300755746018,0.0,0.0,-0.00012406687832315638,0.0,0.0,0.0,0.008524402293623955,0.0,0.0,0.0007422771562675742,0.0027495978607889214
0.0,-1.340010301350716e-06,0.0,0.0,0.0,0.12563659475864533,0.0,0.0,0.2962799957361662,-0.2962799957361662,0.0,0.0,0.0,0.0,0.0,-0.04080012555505107,0.0,0.214156591013445,0.0,-0.00031624253939932116,0.0,0.0,0.0,-4.556036591810953e-05,0.0,0.0,0.0,0.0,-0.009672603538807702,0.0,0.0,-0.0025331207258743006,0.0,0.0,-0.0002381368635083038,0.0,0.0,0.0,0.0,0.0,-0.0073373067054441745,0.0014247441076659319,0.005277642343606902
0.0,-1.0207261721596675e-06,0.0,0.0,0.0,0.05426293046848379,0.0,0.0,0.2878427557678832,-0.2878427557678832,0.0,0.0,0.0,0.0,-0.09323605036348444,0.0,0.0,0.24600600931162683,0.0,-0.00024089145911023667,0.0,0.0,0.0,-3.4704701791403777e-05,0.0,0.0,0.0,0.0,-0.007367913198154731,0.0,0.0,-0.0019295542874063828,0.0,0.0,-0.00018139601530967758,0.0,0.0,0.0,0.0,0.0,-0.01594860847438846,0.0010852704623680845,0.004020138995937258
0.0,-9.493716622283244e-07,0.0,0.0,0.0,0.015516829060101106,0.0,0.0,0.26772092551085347,-0.26772092551085347,0.03495281686584472,0.0,0.0,0.0,-0.12167114204203007,0.0,0.0,0.26376162019473837,0.0,-0.00022405178900058423,0.0,0.0,0.0,-3.22786476192064e-05,0.0,0.0,0.0,0.0,-0.006852854556757645,0.0,0.0,-0.0017946675721255412,0.0,0.0,-0.00016871541190305133,0.0,0.0,0.0,0.0,0.0,-0.014833710891847741,0.00100940394292596,0.0037391086317367867
0.0,-7.284761239046926e-07,0.0,0.0,0.0,0.020979994834020514,0.0,0.0,0.2706113181181537,-0.2706113181181537,0.0,0.0,0.0,0.0,-0.13936257093237214,0.02578608416655503,0.0,0.24508961812525498,0.0022683879830325752,-0.00017192042410657502,0.0,0.0,0.0,-2.476819673270354e-05,0.0,0.0,0.0,0.0,-0.007526751091819793,0.0,0.0,-0.001377092374519428,0.0,0.0,-0.00012945946692535646,0.0,0.0,0.0,0.0,0.0,-0.01241633771579798,0.000774540362907915,0.002869109613523629
0.0,-8.323171226553993e-07,0.0,0.0,0.0,0.01878712584567855,0.0,0.0,0.27290143479382384,-0.27290143479382384,0.0,0.0,0.0,0.0,-0.1333107143343505,0.019094828622635653,0.0,0.25151694062186297,0.0,-0.00019642690820269274,0.0,0.0,0.0,-2.8298791904707305e-05,0.0,0.0,0.0,0.0,-0.006007919146510938,0.0,0.0,-0.0015733907058574476,0.0,0.0,-0.00014791333233306046,0.0,0.0,0.0,0.0,0.0,-0.019369703874583373,0.0008849476119828556,0.0032780882993268252
0.0,-7.393778974991376e-07,0.0,0.0,0.0,0.014386959727552082,0.0,0.0,0.2723587293823533,-0.2723587293823533,0.0,0.0,0.0,0.00115116740451082,-0.13684348675218913,0.01926497303406275,0.0,0.25451326448221645,0.0,-0.00017449324355579018,0.0,0.0,0.0,-2.5138857162417134e-05,0.0,0.0,0.0,0.0,-0.006488222844052972,0.0,0.0,-0.001397700804628541,0.0,0.0,-0.00013139685066624408,0.0,0.0,0.0,0.0,0.0,-0.017206820016244986,0.0007861314959582634,0.00291204634459537
0.0,-5.970951155705806e-07,0.0,0.0,0.0,0.020914809298346344,0.0,0.0,0.2701478028115782,-0.2701478028115782,0.0,0.0,0.0,0.0,-0.14025843048615028,0.028572684487619654,0.0,0.24365110384220176,0.0,-0.00014091449552338224,0.0,0.0,0.0037185663069582097,-2.0301240912767865e-05,0.0,0.0,0.0,0.0,-0.011747147486228359,0.0,0.0,-0.0011287331232047624,0.0,0.0,-0.0001061113917518245,0.0,0.0,0.0,0.0,0.0,-0.0064584791171794,0.00063485164760882,0.002351664358042414
0.0,-8.237770702547376e-07,0.0,0.0,0.0,0.013464071544721847,0.0,0.0,0.2701013091086528,-0.2701013091086528,0.005130287584025487,0.0,0.0,0.0,-0.13707315731324182,0.01889890469823205,0.0,0.2540665197305996,0.0,-0.00019441145514605116,0.0,0.0,0.0,-2.8008430023204024e-05,0.0,0.0,0.0,0.0,-0.00594627444050459,0.0,0.0,-0.0015572468122512844,0.0,0.0,-0.0001463956564683002,0.0,0.0,0.0,0.0,0.0,-0.019170959571995324,0.0008758675404903183,0.003244453227924074
0.06423215294479974,-2.8127935213608073e-06,0.0,0.0,0.0,0.19235264497333165,0.0,0.0,0.27934496981878393,-0.27934496981878393,0.0,0.0,0.0,0.0,0.0,0.0,0.0,0.142645614927105,0.0,-0.0006638194983310717,0.0,0.0,0.0,-9.563501262349287e-05,0.0,0.0,0.0,0.0,-0.020303602547850207,0.0,0.0,-0.005317231934248526,0.0,0.0,-0.0004998691623476017,0.0,0.0,0.0,0.0,0.0,-0.0011278077179417022,0.0029906568565929606,0.01107821199373874
0.0,-8.936931611203831e-07,0.0,0.008378248375540623,0.0,0.01460680212503677,0.0,0.0,0.2687761953971179,-0.2687761953971179,0.03848841211498397,0.0,0.0,0.0,-0.12012090362191048,0.0,0.0,0.2678418438428474,0.0,-0.0002109116582399664,0.0,0.0,0.0,-3.0385577930344553e-05,0.0,0.0,0.0,0.0,-0.006450950133851849,0.0,0.0,-0.0016894143774299675,0.0,0.0,-0.00015882063452311347,0.0,0.0,0.0,0.0,0.0,0.0,0.000950204684310374,0.003519818365998056
0.0,-6.289138394406118e-07,0.0,0.002679843020378599,0.0,0.028831989186634936,0.0,0.0,0.27114413194664033,-0.27114413194664033,0.0,0.0,0.0,0.0,-0.13907451161125045,0.03030137768618231,0.0,0.2383911615015297,0.004638205894515307,-0.0001484237169278458,0.0,0.0,0.0,-2.138307789648706e-05,0.0,0.0,0.0,0.0,-0.009177898031841837,0.0,0.0,-0.0011888824137175314,0.0,0.0,-0.00011176598343340208,0.0,0.0,0.0,0.0,0.0,0.0,0.0006686823870453606,0.0024769826815260044
0.0,-8.658600273069478e-07,0.0,0.010075157574715705,0.0,0.039694574008194865,0.0,0.0,0.28389953462547896,-0.28389953462547896,0.0,0.0,0.0,0.0,-0.10845774742346936,0.009789204676860933,0.0,0.25157807428505,0.0,-0.00020434303641091812,0.0,0.0,0.0,-2.9439251055163367e-05,0.0,0.0,0.0,0.0,-0.006250042074899935,0.0,0.0,-0.0016367993430098755,0.0,0.0,-0.00015387433285568797,0.0,0.0,0.0,0.0,0.0,0.0,0.0009206115585272382,0.003410197323965024
0.0,-5.346761863513275e-07,0.0,0.006221498462854907,0.0,0.016625332261966615,0.0,0.0,0.2778338753786816,-0.2778338753786816,0.0,0.0,0.0,0.003943208248362726,-0.1300649454260836,0.013931336528795612,0.0,0.26181829744092566,0.0,-0.00012618362318382942,0.0,0.0,0.0,-1.817899658928826e-05,0.0,0.0,0.0,0.0,-0.007802664229413788,0.0,0.0,-0.0010107379979935657,0.0,0.0,-9.501875461848549e-05,0.0,0.0,0.0,0.0,0.0,0.0,0.0005684857386883391,0.002105826856973896
0.0,-5.150439076312043e-07,0.0,0.0009284953756733605,0.0,0.023611724602329,0.0,0.0,0.27016463196099993,-0.27016463196099993,0.0,0.0,0.0,0.0,-0.14048289636766292,0.031145770515568515,0.0,0.24080957060653393,0.0,-0.00012155040381947913,0.0,0.0,0.005064561658523402,-1.7511498883193368e-05,0.0,0.0,0.0,0.0,-0.013846867515411037,0.0,0.0,-0.0009736256473855466,0.0,0.0,-9.152984914274516e-05,0.0,0.0,0.0,0.0,0.0,0.0,0.0005476120383903963,0.0020285049547688343
0.0,-8.237770702547376e-07,0.0,0.009585479785997662,0.0,0.013464071544721847,0.0,0.0,0.2701013091086528,-0.2701013091086528,0.024301247156020812,0.0,0.0,0.0,-0.12748767752724416,0.009313424912234388,0.0,0.2636519995165973,0.0,-0.00019441145514605116,0.0,0.0,0.0,-2.8008430023204024e-05,0.0,0.0,0.0,0.0,-0.00594627444050459,0.0,0.0,-0.0015572468122512844,0.0,0.0,-0.0001463956564683002,0.0,0.0,0.0,0.0,0.0,0.0,0.0008758675404903183,0.003244453227924074
0.0,-1.3910428411815225e-06,0.0,0.0,0.0,0.09233760798249772,0.0,0.0,0.2618630012794795,-0.2618630012794795,0.06855064591881066,0.0,0.0,0.0,0.0,-0.06520416028374758,0.0,0.2299292031387252,0.0,-0.0003282862229231147,0.0,0.0,0.0,-4.729547286921162e-05,0.0,0.0,0.0,0.0,-0.010040971994530946,0.0,0.0,-0.0026295913158459728,0.0,0.0,-0.00024720599451417817,0.0,0.0,0.0,0.0,0.0,0.0,0.0014790036236934426,0.0054786344500417465
0.0,-1.2210656946425328e-06,0.0,0.0,0.0,0.019957481783741106,0.0,0.0,0.22986490285728048,-0.22986490285728048,0.12127118615790224,0.0,0.0,0.0,-0.06109702070520508,-0.05723660042190431,0.0,0.2629302452741343,0.0,-0.00028817160260478046,0.0,0.0,0.0,-4.151624789890625e-05,0.0,0.0,0.0,0.0,-0.008814025046830463,0.0,0.0,-0.0023082709257050346,0.0,0.0,-0.00021699889498361105,0.0,0.0,0.0,0.0,0.0,0.0,0.0012982781936536993,0.004809177965180845
0.0,-1.3073949256645915e-06,0.0,0.004295231556834943,0.0,0.1254421322863651,0.0,0.0,0.297659108788215,-0.297659108788215,0.0,0.0,0.0,0.0,0.0,-0.0398070649631454,0.0,0.2161028147704941,0.0,-0.0003085453081018855,0.0,0.0,0.0,-4.4451442763325866e-05,0.0,0.0,0.0,0.0,-0.009437175797720073,0.0,0.0,-0.0024714654654263623,0.0,0.0,-0.00023234069667271327,0.0,0.0,0.0,0.0,0.0,0.0,0.0013900663411731842,0.0051491863999471935
0.0,-9.682239672636817e-07,0.0,0.00907696425775124,0.0,0.05752316478481276,0.0,0.0,0.2911911666496254,-0.2911911666496254,0.0,0.0,0.0,0.0,-0.0884403486822794,0.0,0.0,0.24848068580350152,0.0,-0.00022850093451230342,0.0,0.0,0.0,-3.2919626210897015e-05,0.0,0.0,0.0,0.0,-0.006988936251216168,0.0,0.0,-0.001830305480705372,0.0,0.0,-0.00017206570614071242,0.0,0.0,0.0,0.0,0.0,0.0,0.0010294483489189377,0.0038133586007324765
0.0,-1.374416289811886e-06,0.0,0.0,0.0,0.13904425681646937,0.0,0.0,0.2985749973045852,-0.2985749973045852,0.0,0.0,0.0,0.0,0.0,-0.03255125464000608,0.0,0.20327579509907995,0.0,-0.00032436235545635936,0.0,0.0,0.0,-4.673016992818698e-05,0.0,0.0,0.0,0.0,-0.013905149929298984,0.0,0.0,-0.0025981609142798155,0.0,0.0,-0.0002442512449946156,0.0,0.0,0.0,0.00398419345961438,0.0,0.0,0.0014613257140006464,0.005413150631411324
0.0,-1.194573746584454e-06,0.0,0.0,0.0,0.10316784912642642,0.0,0.0,0.2948713202360413,-0.2948713202360413,0.0,0.0,0.0,0.0,-0.06012032767044682,0.0,0.0,0.2155785204078038,0.0,-0.0002819195007223718,0.0,0.0,0.0,-4.061552135509311e-05,0.0,0.0,0.0,0.0,-0.015622149186850127,0.0,0.0,-0.0022581912340585886,0.0,0.0,-0.00021229093907281193,0.0,0.0,0.0,0.0069993511106468224,0.0,0.0,0.0012701110617605385,0.004704839195027347
0.06182400961575401,-2.7639571959902014e-06,0.0,0.0,0.0,0.19233765646372392,0.0,0.0,0.2804054636594061,-0.2804054636594061,0.0,0.0,0.0,0.0,0.0,0.0,0.0,0.1433089461383625,0.0,-0.0006522941215973522,0.0,0.0,0.0,-9.397457698972357e-05,0.0,0.0,0.0,0.0,-0.02068990469077615,0.0,0.0,-0.005224913011142393,0.0,0.0,-0.0004911903265675301,0.0,0.0,0.0,0.0007388176520425081,0.0,0.0,0.0029387324297869186,0.010885869697248723
0.0,-1.275409429908078e-06,0.0,0.0,0.0,0.13230788977650862,0.0,0.0,0.2988923237226909,-0.2988923237226909,0.0,0.0,0.0,0.0,0.0,-0.03545403073457862,0.0,0.20980210077094327,0.0,-0.00030099672851873605,0.0,0.0,0.0,-4.3363935533515786e-05,0.0,0.0,0.0,0.0,-0.01224753150603362,0.0,0.0,-0.0024110009136639483,0.0030412367837299925,0.0,-0.0002266564675070595,0.0,0.0,0.0,0.0,0.0,0.0,0.0013560582842471064,0.0050232112439236335
0.0,-9.778394319686306e-07,0.0,0.0,0.0,0.08444986446056814,0.0,0.0,0.29484692155359216,-0.29484692155359216,0.0,0.0,0.0,0.0,-0.0702205113058556,0.0,0.0,0.22994040024007983,0.0,-0.0002307701849596563,0.0,0.0,0.0,-3.324655212332363e-05,0.0,0.0,0.0,0.0,-0.012787786045588232,0.0,0.0,-0.0018484823058450498,0.005729442433966984,0.0,-0.00017377449644158044,0.0,0.0,0.0,0.0,0.0,0.0,0.0010396718350123182,0.003851229192942957
0.0627771265797224,-2.768262967666006e-06,0.0,0.0,0.0,0.1919946812598197,0.0,0.0,0.28018021014970823,-0.28018021014970823,0.0,0.0,0.0,0.0,0.0,0.0,0.0,0.14351272406084317,0.0,-0.0006533102840607732,0.0,0.0,0.0,-9.412097327705938e-05,0.0,0.0,0.0,0.0,-0.020507934579024722,0.0,0.0,-0.005233052530265394,0.0005257671655307472,0.0,-0.000491955516925265,0.0,0.0,0.0,0.0,0.0,0.0,0.0029433104713272517,0.01090282801681927
0.0,-1.238253323887089e-06,0.0,0.0,0.0,0.1310123575922192,0.0,0.0,0.2981897146744422,-0.2981897146744422,0.0,0.0,0.0,0.0,0.0,-0.03770186768909763,0.0,0.21077633116788597,0.0,-0.00029222788449535515,0.0,0.0,0.002034039083260161,-4.2100627494240284e-05,0.0,0.0,0.0,0.0,-0.013006168769628249,0.0,0.0,-0.0023407619743366324,0.0,0.0,-0.00022005335517344426,0.0,0.0,0.0,0.0,0.0,0.0,0.0013165526602501457,0.004876871593950602
0.0,-8.660317563800693e-07,0.0,0.0,0.0,0.07580860194443055,0.0,0.0,0.2929327968325878,-0.2929327968325878,0.0,0.0,0.0,0.0,-0.07910581961799487,0.0,0.0,0.23443292190186407,0.0,-0.0002043835644860515,0.0,0.0,0.004059463287691269,-2.944508984565797e-05,0.0,0.0,0.0,0.0,-0.014370208243171213,0.0,0.0,-0.001637123975196599,0.0,0.0,-0.0001539048512948411,0.0,0.0,0.0,0.0,0.0,0.0,0.0009207941466646564,0.00341087368042812
0.06343092856789483,-2.7777070633613184e-06,0.0,0.0,0.0,0.19240348760408102,0.0,0.0,0.2798699157521188,-0.2798699157521188,0.0,0.0,0.0,0.0,0.0,0.0,0.0,0.14298237537464997,0.0,-0.0006555390914080043,0.0,0.0,0.000334121872840971,-9.44420726411541e-05,0.0,0.0,0.0,0.0,-0.020718581525740444,0.0,0.0,-0.005250905403873025,0.0,0.0,-0.000493633852774838,0.0,0.0,0.0,0.0,0.0,0.0,0.0029533517521148447,0.010940023670679854
0.0,-1.3613496687364009e-06,0.0,0.0,0.0,0.1391573823279659,0.0,0.0,0.29896523861418106,-0.29896523861418106,0.0,0.0,0.0,0.0,0.0,-0.03331805667782584,0.0,0.2036751591632935,0.0,-0.0003212786318266866,0.0,0.003049425691498865,0.0,-4.62859046587989e-05,0.0,0.0,0.0,0.0,-0.012876063300255609,0.0,0.0,-0.0025734601126291916,0.0,0.0,-0.00024192914033882974,0.0,0.0,0.0,0.0,0.0,0.0,0.0014474328421580677,0.00536168762951773
0.0,-1.1636242117915741e-06,0.0,0.0,0.0,0.1018585335176738,0.0,0.0,0.2954132768291759,-0.2954132768291759,0.0,0.0,0.0,0.0,-0.06265350947455368,0.0,0.0,0.216811227476271,0.0,-0.0002746154080103515,0.0,0.00545440710878913,0.0,-3.956323681016273e-05,0.0,0.0,0.0,0.0,-0.013853801992151075,0.0,0.0,-0.00219968503603833,0.0,0.0,-0.00020679081333856316,0.0,0.0,0.0,0.0,0.0,0.0,0.0012372044734405012,0.0045829441803597794
0.06208899080296943,-2.7675354280372533e-06,0.0,0.0,0.0,0.19258665770267647,0.0,0.0,0.28039859083328694,-0.28039859083328694,0.0,0.0,0.0,0.0,0.0,0.0,0.0,0.14312458751280882,0.0,-0.0006531385846495982,0.0,0.0005548305966496025,0.0,-9.409623692117281e-05,0.0,0.0,0.0,0.0,-0.020531746406942764,0.0,0.0,-0.005231677208217027,0.0,0.0,-0.000491826223885432,0.0,0.0,0.0,0.0,0.0,0.0,0.002942536926677547,0.01089996259560013
0.0,-1.2755017895023627e-06,0.0,0.0,0.0,0.13405544637565378,0.0,0.0,0.2984794743430286,-0.2984794743430286,0.0,0.0,0.0,0.0,0.0,-0.03733940488573578,0.0,0.2085862277896367,0.0022448849410068475,-0.00030101852539045034,0.0,0.0,0.0,-4.336707576080165e-05,0.0,0.0,0.0,0.0,-0.011451846343064816,0.0,0.0,-0.002411175507846007,0.0,0.0,-0.00022667288098095266,0.0,0.0,0.0,0.0,0.0,0.0,0.0013561564840800558,0.005023575002997085
0.0,-9.467401509840316e-07,0.0,0.0,0.0,0.08287345899503121,0.0,0.0,0.29360551401587476,-0.29360551401587476,0.0,0.0,0.0,0.0,-0.077602398921219,0.0,0.0,0.22965384016968576,0.004437778242644837,-0.00022343075213428985,0.0,0.0,0.0,-3.2189176206123416e-05,0.0,0.0,0.0,0.0,-0.01127163774768661,0.0,0.0,-0.0017896930315070324,0.0,0.0,-0.00016824775890562953,0.0,0.0,0.0,0.0,0.0,0.0,0.0010066060314951422,0.003728744401583811
0.06332994498450596,-2.781424402283144e-06,0.0,0.0,0.0,0.19280967393165618,0.0,0.0,0.2799470642814719,-0.2799470642814719,0.0,0.0,0.0,0.0,0.0,0.0,0.0,0.1427276332406935,0.0003717433557237791,-0.0006564163836939376,0.0,0.0,0.0,-9.456846220797257e-05,0.0,0.0,0.0,0.0,-0.020448914023241394,0.0,0.0,-0.005257932564976551,0.0,0.0,-0.0004942944711525838,0.0,0.0,0.0,0.0,0.0,0.0,0.0029573041521223148,0.010954664442679583
0.06368043037094202,-2.796477417699023e-06,0.0,0.0005652798001283947,0.0,0.19215112082853103,0.0,0.0,0.27975080313105044,-0.27975080313105044,0.0,0.0,0.0,0.0,0.0,0.0,0.0,0.1432081386196078,0.0,-0.0006599688965484553,0.0,8.956633532502231e-05,0.0,-9.508026490816606e-05,0.0,0.0,0.0,0.0,-0.020275394264682035,0.0,0.0,-0.005286388394979075,0.0,0.0,-0.0004969695833318455,0.0,0.0,0.0,0.0,0.0,0.0,0.0029733090253645273,0.011013950876132916
0.06388120204295203,-2.798733468401869e-06,0.0,0.0005657358381004208,0.0,0.19218662010945303,0.0,0.0,0.27967769603672243,-0.27967769603672243,0.0,0.0,0.0,0.0,0.0,0.0,0.0,0.1431443942182698,5.9759061818207205e-05,-0.0006605013246966289,0.0,0.0,0.0,-9.515697065844862e-05,0.0,0.0,0.0,0.0,-0.02026187185405283,0.0,0.0,-0.005290653174726098,0.0,0.0,-0.0004973705122185487,0.0,0.0,0.0,0.0,0.0,0.0,0.002975707734495521,0.011022836351645054
0.06362071150220948,-2.7934977232127763e-06,0.0,0.0006948169770051447,0.0,0.1916861015406897,0.0,0.0,0.2797292702896359,-0.2797292702896359,0.0,0.0,0.0,0.0,0.0,-0.0002277441112898158,0.0,0.14364117561492518,0.0,-0.0006592656884089246,0.0,0.0,0.0,-9.497895526078444e-05,0.0,0.0,0.0,0.0,-0.020164319584679975,0.0,0.0,-0.005280755657788714,0.0,0.0,-0.0004964400537465487,0.0,0.0,0.0,0.0,0.0,0.0,0.0029701409137778884,0.011002215323222781
0.06499570597979541,-2.800406965331443e-06,0.0,8.77157616710045e-05,0.0,0.19254071688275304,0.0,0.0,0.27912739120516583,-0.27912739120516583,0.0,0.0,0.0,0.00041856356238544485,0.0,0.0,0.0,0.14251244957929404,0.0,-0.0006608962701072365,0.0,0.0,0.0,-9.521386957362663e-05,0.0,0.0,0.0,0.0,-0.020632756166474395,0.0,0.0,-0.005293816709926325,0.0,0.0,-0.0004976679138948626,0.0,0.0,0.0,0.0,0.0,0.0,0.0029774870528240472,0.011029427434003534
0.06388244990931193,-2.79747965770337e-06,0.0,0.0005475627058030679,0.0,0.1921303881522915,0.0,0.0,0.27967186719735393,-0.27967186719735393,0.0,0.0,0.0,0.0,0.0,0.0,0.0,0.14317882492839518,0.0,-0.000660205425270468,0.0,0.0,6.27189047373273e-05,-9.511434108003562e-05,0.0,0.0,0.0,0.0,-0.020318500213225642,0.0,0.0,-0.005288283003494213,0.0,0.0,-0.000497147694120156,0.0,0.0,0.0,0.0,0.0,0.0,0.0029743746407103356,0.011017898207194525
0.062201926944697526,-2.7508957030077677e-06,0.0,0.0009084916420243207,0.0,0.1883142656924443,0.0,0.0,0.2799486991127721,-0.2799486991127721,0.0,0.0,0.0,0.0,-0.0024669800913713984,0.0,0.0,0.14616027628054895,0.0,-0.000649211608198054,0.0,0.0,0.0,-9.353048607555922e-05,0.0,0.0,0.0,0.0,-0.019856805193947336,0.0,0.0,-0.0052002219035058965,0.0,0.0,-0.000488869133239063,0.0,0.0,0.0,0.0,0.0,0.0,0.0029248450103056775,0.010834426892394663
0.0641237562147579,-2.808046714566702e-06,0.0,0.0002978077775114252,0.0,0.19222657351405087,0.0,0.0,0.2794691691142893,-0.2794691691142893,0.0,0.0,0.0,0.0,0.0,0.0,0.0,0.14290123570615598,0.0,-0.0006626992515440935,0.0,0.0,0.0,-9.547362113697669e-05,0.0,0.0,0.0,0.0,-0.02026933864693212,0.0,0.0,-0.005308258693774368,0.0,0.0,-0.0004990255944433187,0.0,0.0,0.0,0.0,0.0,-0.0006295581592663309,0.00298560989165298,0.011059516653480357
0.0637757199663496,-2.796153676586722e-06,0.0,0.0005564771916575222,0.0,0.1920546100562355,0.0,0.0,0.2797227856723971,-0.2797227856723971,0.0,0.0,0.0,0.0,0.0,0.0,0.0,0.14327456286674592,0.0,-0.0006598924936197922,0.0,0.0,0.0,-9.506925770656149e-05,0.0,0.0,0.0,0.0,-0.02027523132547319,0.0,0.0,-0.005285776403175311,9.174025832189596e-05,0.0,-0.0004969120504210952,0.0,0.0,0.0,0.0,0.0,0.0,0.002972964812904597,0.011012675818918115
0.06374985504300125,-2.7978759022147393e-06,0.0,0.0006002506676637638,0.0,0.19209689784101416,0.0,0.0,0.27971148086963077,-0.27971148086963077,0.0,0.0,0.0,0.0,0.0,0.0,0.0,0.1432335043728033,0.0,-0.00066029893900717,0.0,0.0,0.0,-9.51278133980565e-05,0.0,0.0,0.0,0.0,-0.02027686169950919,0.0,0.0,-0.005289032053843492,0.0,0.0,-0.0004972181118065161,0.0,0.0,0.0,8.093908187847428e-05,0.0,0.0,0.0029747959412273536,0.011019458819683487
0.0,0.0,0.0,0.0,0.0,0.0,0.0,0.0,0.2857142857142857,-0.2857142857142857,0.0,0.0,0.0,0.0,-0.14285714285714285,0.0,0.0,0.2857142857142857,0.0,0.0,0.0,0.0,0.0,0.0,0.0,0.0,0.0,0.0,0.0,0.0,0.0,0.0,0.0,0.0,0.0,0.0,0.0,0.0,0.0,0.0,0.0,0.0,0.0
0.0,-1.0359631319613867e-06,0.0,0.0,0.0,0.11981967375341841,0.0,0.0,0.29712406146117953,-0.29712406146117953,0.0,0.0,0.0,0.0,0.0,-0.048560047257127335,0.0,0.22228942927046508,0.0,-0.0002444873828546765,0.0,0.0,0.0,-3.522275860286717e-05,0.0,0.0,0.0,0.0,-0.007477898226740124,0.0,0.0,-0.0019583578411060394,0.0,0.0,-0.00018410381674443225,0.0,0.0,0.0,0.0,0.0,0.0,0.0011014709114798263,0.00408014989597014
0.06540086666407474,-2.804602516592871e-06,0.0,0.0,0.0,0.19318184653106504,0.0,0.0,0.2791935504620521,-0.2791935504620521,0.0,0.0,0.0,0.0,0.0,0.0,0.0,0.1420651904042439,0.0,-0.0006618864205439584,0.0,6.620480955743261e-05,0.0,-9.535651836558457e-05,0.0,0.0,0.0,0.0,-0.020310682183798997,0.0,0.0,-0.005301747871236115,0.0,0.0,-0.000498413516683944,0.0,0.0,0.0,0.0,0.0,0.0,0.0029819479043056408,0.011045951649503795
0.06555026569905052,-2.8062746164818215e-06,0.0,0.0,0.0,0.19320869555570208,0.0,0.0,0.2791391909763348,-0.2791391909763348,0.0,0.0,0.0,0.0,0.0,0.0,0.0,0.14201740089995282,4.416285384490991e-05,-0.0006622810362528659,0.0,0.0,0.0,-9.541336978136504e-05,0.0,0.0,0.0,0.0,-0.020300709955674984,0.0,0.0,-0.005304908765506974,0.0,0.0,-0.0004987106700883811,0.0,0.0,0.0,0.0,0.0,0.0,0.0029837257372534987,0.011052537229605508
0.06563419468308329,-2.8038228850402964e-06,0.0,0.0,0.0,0.19302224703113197,0.0,0.0,0.27908946486577124,-0.27908946486577124,0.0,0.0,0.0,0.0,0.0,-0.0001588473738052861,0.0,0.14218454608384065,0.0,-0.000661702427434552,0.0,0.0,0.0,-9.533001088367879e-05,0.0,0.0,0.0,0.0,-0.020238849755627886,0.0,0.0,-0.005300274075965749,0.0,0.0,-0.000498274966247104,0.0,0.0,0.0,0.0,0.0,0.0,0.0029811189737671503,0.011042881063785063
0.06526984419045022,-2.801820107093806e-06,0.0,0.0,0.0,0.19272563683158625,0.0,0.0,0.2790488444471093,-0.2790488444471093,0.0,0.0,0.0,0.0003968347717872166,0.0,0.0,0.0,0.14232108415749867,0.0,-0.0006612297716773443,0.0,0.0,0.0,-9.526191641007449e-05,0.0,0.0,0.0,0.0,-0.020621227864631886,0.0,0.0,-0.005296488076469727,0.0,0.0,-0.0004979190471485716,0.0,0.0,0.0,0.0,0.0,0.0,0.002978989552765424,0.011034993105248785
0.0655112381552676,-2.8051596617764293e-06,0.0,0.0,0.0,0.19314231937123535,0.0,0.0,0.27914773881609495,-0.27914773881609495,0.0,0.0,0.0,0.0,0.0,0.0,0.0,0.1420700411609273,0.0,-0.0006620179068522986,0.0,0.0,4.674209040000277e-05,-9.537546130834168e-05,0.0,0.0,0.0,0.0,-0.020341983199105563,0.0,0.0,-0.005302801084043785,0.0,0.0,-0.000498512528464971,0.0,0.0,0.0,0.0,0.0,0.0,0.002982540279839313,0.011048145970703653
0.06512396642083514,-2.77866402649245e-06,0.0,0.0,0.0,0.19113282565533665,0.0,0.0,0.27910393202922623,-0.27910393202922623,0.0,0.0,0.0,0.0,-0.0015742202749343922,0.0,0.0,0.14350617970468552,0.0,-0.0006557649347842796,0.0,0.0,0.0,-9.44746093988048e-05,0.0,0.0,0.0,0.0,-0.020057245432155923,0.0,0.0,-0.00525271442216111,0.0,0.0,-0.0004938039172872608,0.0,0.0,0.0,0.0,0.0,0.0,0.0029543692275633237,0.010943792678378556
0.06508825343698546,-2.811116346375316e-06,0.0,0.0,0.0,0.1928342181605074,0.0,0.0,0.27917840572790953,-0.27917840572790953,0.0,0.0,0.0,0.0,0.0,0.0,0.0,0.1422624267756441,0.0,-0.0006634236848989702,0.0,0.0,0.0,-9.557798865437065e-05,0.0,0.0,0.0,0.0,-0.020291496186665137,0.0,0.0,-0.005314061446146767,0.0,0.0,-0.0004995711070339994,0.0,0.0,0.0,0.0,0.0,-0.0005308685883421535,0.0029888736276314407,0.011071606425324716
0.06545170541783643,-2.8042683357008677e-06,0.0,0.0,0.0,0.19309830515373624,0.0,0.0,0.27917919671193436,-0.27917919671193436,0.0,0.0,0.0,0.0,0.0,0.0,0.0,0.14212769900867053,0.0,-0.0006618075538264418,0.0,0.0,0.0,-9.534515621134802e-05,0.0,0.0,0.0,0.0,-0.020310153416076164,0.0,0.0,-0.005301116144343514,6.808826155808665e-05,0.0,-0.0004983541284916399,0.0,0.0,0.0,0.0,0.0,0.0,0.002981592591920134,0.011044635475124923
0.0655287922246637,-2.805985469054113e-06,0.0,0.0,0.0,0.19318878809653797,0.0,0.0,0.2791398684480687,-0.2791398684480687,0.0,0.0,0.0,0.0,0.0,0.0,0.0,0.14203220685813303,0.0,-0.0006622127974365619,0.0,0.0,0.0,-9.54035387654412e-05,0.0,0.0,0.0,0.0,-0.020313337685375583,0.0,0.0,-0.005304362168707515,0.0,0.0,-0.0004986592849151055,0.0,0.0,0.0,5.88777379723607e-05,0.0,0.0,0.002983418305964755,0.01105139841992137
0.003851825817559813,-6.779687873571166e-07,0.0,0.0,0.0,0.03493269496068863,0.0,0.0,0.2672563634786678,-0.2672563634786678,0.0,0.0,0.0,0.0,-0.14125564210811278,0.035553738534157345,0.0,0.22809685278846178,0.005962939963441217,-0.00016000068860006335,0.0,0.0,0.0,-2.3050946699373833e-05,0.0,0.0,0.0,0.0,-0.010856725694178882,0.0,0.0,-0.0012816146152153317,0.0,0.0,-0.00012048367121880533,0.0,0.0,0.0,0.0,0.0,0.0,0.0007208392607092796,0.0026701860248336
0.014364412600334964,-6.172395118458111e-07,0.0,0.0,0.0,0.026374779733590998,0.0,0.0,0.2704608257956206,-0.2704608257956206,0.0,0.0,0.0,0.008143211503618126,-0.12860262184068955,0.0160825777880133,0.0,0.2483810602353254,0.0,-0.0001456685746721199,0.0,0.0,0.0,-2.0986150621725913e-05,0.0,0.0,0.0,0.0,-0.012598634779509153,0.0,0.0,-0.001166813567559239,0.0,0.0,-0.00010969130702666702,0.0,0.0,0.0,0.0,0.0,0.0,0.0006562698485485383,0.0024310032397371214
0.001124636650097314,-5.198708847556325e-07,0.0,0.0,0.0,0.024957649676257843,0.0,0.0,0.26894781851620386,-0.26894781851620386,0.0,0.0,0.0,0.0,-0.14123717982567174,0.032749743899159786,0.0,0.2380055662544152,0.0,-0.00012268957081089174,0.0,0.0,0.005486905472371282,-1.767561616187818e-05,0.0,0.0,0.0,0.0,-0.014726397737949856,0.0,0.0,-0.000982750439773251,0.0,0.0,-9.238766433377691e-05,0.0,0.0,0.0,0.0,0.0,0.0,0.0005527442431271324,0.002047516046577476
0.06381419197884254,-2.8039070678250167e-06,0.0,0.0,0.0,0.19379518904940513,0.0,0.0,0.27928963099383763,-0.27928963099383763,0.0,0.0,0.0,0.0,0.0,0.0009918678511339537,0.0,0.14103809507932813,0.0,-0.0006617222945785484,0.0,0.00047946666425769904,0.0,-9.533287309934384e-05,0.0,0.0,0.0,0.0,-0.020718924076931634,0.0,0.0,-0.005300433212919041,0.0,0.0,-0.0004982899265980016,0.0,0.0,0.0,0.0,0.0,0.0,0.0029812084797406313,0.011043212618422215
0.06489333078553752,-2.81605892523815e-06,0.0,0.0,0.0,0.19399301883439649,0.0,0.0,0.27889489602894274,-0.27889489602894274,0.0,0.0,0.0,0.0,0.0,0.0009961665088312648,0.0,0.14068625105832946,0.00032102975041047716,-0.000664590133909988,0.0,0.0,0.0,-9.57460363935133e-05,0.0,0.0,0.0,0.0,-0.020648202980566473,0.0,0.0,-0.005323404769063087,0.0,0.0,-0.000500449466123367,0.0,0.0,0.0,0.0,0.0,0.0,0.002994128744031963,0.01109107281559561
0.06519007903214316,-2.801220883759047e-06,0.0,0.0,0.0,0.1926515157616369,0.0,0.0,0.2790220674339839,-0.2790220674339839,0.0,0.0,0.0,0.0004790073281661175,0.0,3.290297086318773e-05,0.0,0.1423400005016393,0.0,-0.0006610883549219204,0.0,0.0,0.0,-9.524154280968441e-05,0.0,0.0,0.0,0.0,-0.0206990750440025,0.0,0.0,-0.005295355320216155,0.0,0.0,-0.000497812557545218,0.0,0.0,0.0,0.0,0.0,0.0,0.002978352438323458,0.011032633058880772
0.06474605801376689,-2.807531230685722e-06,0.0,0.0,0.0,0.19345480157754147,0.0,0.0,0.2789858890876773,-0.2789858890876773,0.0,0.0,0.0,0.0,0.0,0.0008454309897606788,0.0,0.14122039249995114,0.0,-0.000662577597306528,0.0,0.0,0.0002954377810707763,-9.545609467899448e-05,0.0,0.0,0.0,0.0,-0.020856493289013324,0.0,0.0,-0.005307284236412773,0.0,0.0,-0.0004989339864053192,0.0,0.0,0.0,0.0,0.0,0.0,0.0029850618118200988,0.011057486415686687
0.06447907335815156,-2.8179974845862948e-06,0.0,0.0,0.0,0.19256620178889797,0.0,0.0,0.27917867165609217,-0.27917867165609217,0.0,0.0,0.0,0.0,0.0,0.00017077891873358724,0.0,0.14229756649366918,0.0,-0.0006650476340727969,0.0,0.0,0.0,-9.581194743402276e-05,0.0,0.0,0.0,0.0,-0.020341166343486657,0.0,0.0,-0.005327069371386048,0.0,0.0,-0.0005007939727606866,0.0,0.0,0.0,0.0,0.0,-0.0011014311274643736,0.0029961898856559087,0.011098707848618154
0.06428146982830492,-2.801704016991024e-06,0.0,0.0,0.0,0.19318299636846717,0.0,0.0,0.27918517262043996,-0.27918517262043996,0.0,0.0,0.0,0.0,0.0,0.0009144341421247169,0.0,0.141540515517093,0.0,-0.0006612023744037069,0.0,0.0,0.0,-9.525796934522215e-05,0.0,0.0,0.0,0.0,-0.020683481464985592,0.0,0.0,-0.005296268622749759,0.0004599263459519187,0.0,-0.0004978984164616783,0.0,0.0,0.0,0.0,0.0,0.0,0.002978866121856176,0.011034535883359148
0.06438343805253673,-2.817520053157248e-06,0.0,0.0,0.0,0.19414308801514255,0.0,0.0,0.27879252811401556,-0.27879252811401556,0.0,0.0,0.0,0.0,0.0,0.0014414167394594815,0.0,0.14024039131491617,0.0,-0.0006649349602169626,0.0,0.0,0.0,-9.579571475985135e-05,0.0,0.0,0.0,0.0,-0.020930697916397522,0.0,0.0,-0.005326166847392851,0.0,0.0,-0.000500709127127083,0.0,0.0,0.0,0.0005929778187535133,0.0,0.0,0.0029956822644722036,0.01109682748074071
0.05079360335636004,-2.2060834997740982e-06,0.0,0.0,0.0,0.03660334693619997,0.0,0.0,0.21466949530826454,-0.21466949530826454,0.11587259415450361,0.0,0.0,0.0,-0.11275103092517684,0.0,0.0,0.2221574842679217,0.0,-0.0005206358842109433,0.0,0.0001821414402371902,0.0,-7.500686479372482e-05,0.0,0.0,0.0,0.0,-0.01610632578815688,0.0,0.0,-0.004170323042034945,0.0,0.0,-0.00039204907958101414,0.0,0.0,0.0,0.0,0.0,0.0,0.0023455823169075403,0.008688679243886673
0.051199753989668174,-2.2105123847777794e-06,0.0,0.0,0.0,0.03661599531413214,0.0,0.0,0.21449210408246852,-0.21449210408246852,0.11592271033785492,0.0,0.0,0.0,-0.11279488032643407,0.0,0.0,0.2220559614661919,0.00012167140227369739,-0.0005216811014296914,0.0,0.0,0.0,-7.515744693564833e-05,0.0,0.0,0.0,0.0,-0.016077824794548046,0.0,0.0,-0.004178695291400514,0.0,0.0,-0.00039283614874201423,0.0,0.0,0.0,0.0,0.0,0.0,0.002350291256686708,0.008706122446380587
0.05052105171327121,-2.170892062562261e-06,0.0,0.0,0.0,0.03619868637885242,0.0,0.0,0.21590522211261284,-0.21590522211261284,0.11312801528577368,0.0,0.0,0.00035847184108404276,-0.11292402195216478,0.0,0.0,0.22309452677484484,0.0,-0.0005123307021852789,0.0,0.0,0.0,-7.381035551693843e-05,0.0,0.0,0.0,0.0,-0.016028633649200996,0.0,0.0,-0.004103798061678635,0.0,0.0,-0.0003857951138678185,0.0,0.0,0.0,0.0,0.0,0.0,0.0023081655949932973,0.00855007745927773
0.051056874275425705,-2.2043436563512677e-06,0.0,0.0,0.0,0.03639248165353333,0.0,0.0,0.21462152654796682,-0.21462152654796682,0.115720544479,0.0,0.0,0.0,-0.11284410681681649,0.0,0.0,0.22228560784503715,0.0,-0.0005202252810225658,0.0,0.0,0.00012133186206434689,-7.494771009700012e-05,0.0,0.0,0.0,0.0,-0.016154289350946257,0.0,0.0,-0.004167034087144295,0.0,0.0,-0.000391739887289514,0.0,0.0,0.0,0.0,0.0,0.0,0.002343732456751659,0.008681826855281658
0.05021814925676093,-2.188939545910276e-06,0.0,0.0,0.0,0.035776716441127974,0.0,0.0,0.2155314157647836,-0.2155314157647836,0.11406849316916243,0.0,0.0,0.0,-0.11313990004014819,0.0,0.0,0.2231419399159939,0.0,-0.000516589909713751,0.0,0.0,0.0,-7.442397016184654e-05,0.0,0.0,0.0,0.0,-0.01580043405387702,0.0,0.0,-0.00413791455621054,0.0,0.0,-0.0003890023810614979,0.0,0.0,0.0,0.0,0.0,-0.0007229039182334941,0.00232735428744765,0.008621157630987615
0.04834200667908918,-2.137937279121794e-06,0.0,0.0007060602650731913,0.0,0.03494311935063023,0.0,0.0,0.21757013885348156,-0.21757013885348156,0.11141069856188632,0.0,0.0,0.0,-0.1133279827026218,0.0,0.0,0.22500333787760673,0.0,-0.0005045533706303923,0.0,0.0,0.0,-7.268989249453755e-05,0.0,0.0,0.0,0.0,-0.015432284118217407,0.0,0.0,-0.004041501193613069,0.0,0.0,-0.00037993862996004726,0.0,0.0,0.0,0.0,0.0,0.0,0.002273126958738871,0.00842028475519591
0.05210881278810391,-2.239118233588194e-06,0.0,0.0,0.0,0.036596852695596455,0.0,0.0,0.21307744673759638,-0.21307744673759638,0.11816232115918922,0.0,0.0,0.0,-0.11203611212662012,-0.0007394755818968215,0.0,0.22160190817073644,0.0,-0.0005284320840604666,0.0,0.0,0.0,-7.613004612976414e-05,0.0,0.0,0.0,0.0,-0.016162639144029625,0.0,0.0,-0.004232771046213626,0.0,0.0,-0.0003979197716864336,0.0,0.0,0.0,0.0,0.0,0.0,0.002380705959093353,0.008818786833217377
0.05092318520359536,-2.2038088718831484e-06,0.0,0.0,0.0,0.036383652660881234,0.0,0.0,0.21469076075049143,-0.21469076075049143,0.11575312132653155,0.0,0.0,0.0,-0.11275607907571765,0.0,0.0,0.22235298270424736,0.0,-0.0005200990718448761,0.0,0.0,0.0,-7.492952741882946e-05,0.0,0.0,0.0,0.0,-0.016089719028774378,0.0,0.0,-0.004166023144453255,0.00018195363954872867,0.0,-0.000391644849291849,0.0,0.0,0.0,0.0,0.0,0.0,0.002343163855884146,0.00867972060195599
0.051218298135910514,-2.2165805101034082e-06,0.0,0.0,0.0,0.036594505269219854,0.0,0.0,0.21422687315794395,-0.21422687315794395,0.11642394038317008,0.0,0.0,0.0,-0.11273849977516522,0.0,0.0,0.22193349965512704,0.0,-0.0005231131794968793,0.0,0.0,0.0,-7.536376326768989e-05,0.0,0.0,0.0,0.0,-0.01618296308143378,0.0,0.0,-0.00419016631816356,0.0,0.0,-0.000393914531744715,0.0,0.0,0.0,0.00018300810760484015,0.0,0.0,0.0023567430920148047,0.00873002181128291
0.05057134072687558,-2.1577427323945193e-06,0.0,0.0,0.0,0.036692028060537056,0.0,0.0,0.21673526384512434,-0.21673526384512434,0.11173018547365177,0.0,0.0,0.0,-0.11295262990199656,0.0,0.0,0.22316842102829787,0.0,-0.0005092274592031501,0.0,0.0,0.0,-7.336327813744627e-05,0.0,0.0,0.0,0.0,-0.015575245927705251,0.0,0.0,-0.004078940908904738,0.0,0.0,-0.00038345831075501795,0.0,0.0,0.0,0.0,0.0,0.0,0.002294184784056725,0.008498288706897698
0.040303416600311,-1.7196380995644319e-06,0.0,0.0,0.0,0.020414380837678686,0.0,0.0,0.2256962217979069,-0.2256962217979069,0.09787242387876623,0.0,0.0,0.0,-0.12532993476139553,0.0,0.0,0.23965095757570212,0.0,-0.0004058347304538712,0.0,0.0,0.0,-5.8467715497339614e-05,0.0,0.0,0.0,0.0,-0.012412872908924065,0.0,0.0,-0.0032507592714913487,0.0,0.0,-0.0003056015487245681,0.0,0.0,0.0,0.0,0.0,0.0,0.0018283771753117473,0.006772809761830044
0.06558261920969226,-2.8484046129866455e-06,0.0,0.0,0.0,0.19284025238104505,0.0,0.0,0.277172455515029,-0.277172455515029,0.004030434524828438,0.0,0.0,0.0,0.0,0.0,0.0,0.14126112924732623,0.0,-0.0006722237188323509,0.0,0.00023517356375711535,0.0,-9.684579015526342e-05,0.0,0.0,0.0,0.0,-0.020795827845115404,0.0,0.0,-0.0053845502184270075,0.0,0.0,-0.0005061977059844199,0.0,0.0,0.0,0.0,0.0,0.0,0.0030285197692215596,0.01121846659094381
0.0661145106149839,-2.8544462256095122e-06,0.0,0.0,0.0,0.19293504663177927,0.0,0.0,0.2769747779462427,-0.2769747779462427,0.004038983283663409,0.0,0.0,0.0,0.0,0.0,0.0,0.14108940660685299,0.00015711491931753475,-0.0006736495398995445,0.0,0.0,0.0,-9.7051205055101e-05,0.0,0.0,0.0,0.0,-0.020761379405445996,0.0,0.0,-0.005395971126264254,0.0,0.0,-0.0005072713773428351,0.0,0.0,0.0,0.0,0.0,0.0,0.0030349434153506623,0.011242261535333394
0.0652598644432383,-2.8042195662862605e-06,0.0,0.0,0.0,0.192627180176741,0.0,0.0,0.2788925616121947,-0.2788925616121947,0.0002635055456524558,0.0,0.0,0.00046305100473031995,0.0,0.0,0.0,0.14231121416822343,0.0,-0.0006617960442406537,0.0,0.0,0.0,-9.534349805068098e-05,0.0,0.0,0.0,0.0,-0.020704764126721602,0.0,0.0,-0.00530102395190678,0.0,0.0,-0.0004983454615467529,0.0,0.0,0.0,0.0,0.0,0.0,0.002981540738635106,0.011044443396357063
0.06593839222701442,-2.8468424414610143e-06,0.0,0.0,0.0,0.1927344915808091,0.0,0.0,0.27717714017389145,-0.27717714017389145,0.003714831302881023,0.0,0.0,0.0,0.0,0.0,0.0,0.14134035275609017,0.0,-0.0006718550462260694,0.0,0.0,0.0001566963905247059,-9.679267630512146e-05,0.0,0.0,0.0,0.0,-0.020862770831313198,0.0,0.0,-0.005381597129883614,0.0,0.0,-0.0005059200882474512,0.0,0.0,0.0,0.0,0.0,0.0,0.0030268588158139154,0.01121231396466673
0.06490479279456908,-2.8291099885170937e-06,0.0,0.0,0.0,0.19246830636802642,0.0,0.0,0.2785650623922593,-0.2785650623922593,0.0012001665836184731,0.0,0.0,0.0,0.0,0.0,0.0,0.14217289387980522,0.0,-0.0006676701858984197,0.0,0.0,0.0,-9.6189772697637e-05,0.0,0.0,0.0,0.0,-0.02042137979015771,0.0,0.0,-0.005348076160658558,0.0,0.0,-0.0005027688059609513,0.0,0.0,0.0,0.0,0.0,-0.000934322146828423,0.0030080050743009966,0.011142474542970852
0.0671567823924771,-2.885730223322972e-06,0.0,0.0,0.0,0.19155515431725703,0.0,0.0,0.27460989720664236,-0.27460989720664236,0.00789533410718953,0.0,0.0,0.0,0.0,-0.0009530211509507359,0.0,0.1412061785501482,0.0,-0.0006810325658878482,0.0,0.0,0.0,-9.811486134324283e-05,0.0,0.0,0.0,0.0,-0.020830081934461692,0.0,0.0,-0.005455109584316621,0.0,0.0,-0.000512830941389451,0.0,0.0,0.0,0.0,0.0,0.0,0.0030682056159184925,0.01136547383515186
0.0657507871034499,-2.845504800466653e-06,0.0,0.0,0.0,0.19256562037259214,0.0,0.0,0.2772035261884328,-0.2772035261884328,0.0038697085853026305,0.0,0.0,0.0,0.0,0.0,0.0,0.1415088755517987,0.0,-0.0006715393628433109,0.0,0.0,0.0,-9.67471964956687e-05,0.0,0.0,0.0,0.0,-0.020774656694895404,0.0,0.0,-0.005379068488034234,0.00023493414578909036,0.0,-0.0005056823724399113,0.0,0.0,0.0,0.0,0.0,0.0,0.0030254365908332806,0.011207045653859514
0.0661288278155386,-2.8618653142857146e-06,0.0,0.0,0.0,0.19280641757273304,0.0,0.0,0.2765920095769512,-0.2765920095769512,0.004758335912381147,0.0,0.0,0.0,0.0,0.0,0.0,0.140983547056144,0.0,-0.0006754004454266333,0.0,0.0,0.0,-9.730345415686235e-05,0.0,0.0,0.0,0.0,-0.02089410265678145,0.0,0.0,-0.005409995979113402,0.0,0.0,-0.000508589843705116,0.0,0.0,0.0,0.0002362849231056922,0.0,0.0,0.003042831640437451,0.011271481681259908
0.04301718389289218,-1.761511187823303e-06,0.0,0.0,0.0,0.03688370744812947,0.0,0.0,0.2323718460920678,-0.2323718460920678,0.08081861126223419,0.0,0.0,0.0,-0.11646420383882905,0.0034647628591040385,0.0,0.2289617598315042,0.0,-0.0004157167826665516,0.0,0.0,0.0,-5.989140098787089e-05,0.0,0.0,0.0,0.0,-0.012715125646283848,0.0,0.0,-0.0033299150717251177,0.0,0.0,-0.0003130429287597236,0.0,0.0,0.0,0.0,0.0,0.0,0.0018728980537754928,0.00693772728778477
0.03682544236483378,-1.5079654884827382e-06,0.0,0.0,0.0,0.025316689538540098,0.0,0.0,0.23647370713909846,-0.23647370713909846,0.07544397309962908,0.0,0.0,0.0,-0.12473318692753867,0.0029660571294820317,0.0,0.23981256397138123,0.0,-0.0003558799771342251,0.0,0.0,0.0,-5.1270844244930043e-05,0.0,0.0,0.0,0.0,-0.010884955366086017,0.0,0.0,-0.0028506188563837244,0.0,0.0,-0.000267984635150995,0.0,0.0,0.0,0.0,0.0,0.0,0.0016033197223287987,0.005939135323580932
