M_ac_e,M_ca2_e,M_cd2_e,M_cl_e,M_co2_e,M_cobalt2_e,M_cu2_e,M_fe2_e,M_fe3_e,M_for_e,M_fum_e,M_gln__45__L_e,M_gly_e,M_h2_e,M_h2o_e,M_h2s_e,M_h_e,M_ile__45__L_e,M_k_e,M_lac__45__L_e,M_leu__45__L_e,M_lys__45__L_e,M_mal__45__L_e,M_mg2_e,M_mn2_e,M_mobd_e,M_n2_e,M_na1_e,M_nh4_e,M_ni2_e,M_oxa_e,M_pi_e,M_pro__45__L_e,M_s_e,M_so4_e,M_ss_e,M_succ_e,M_ura_e,M_val__45__L_e,M_zn2_e,M_fixed_uptake,objective,virtual_tag_R_constraint_reaction
0.0,-2.34341442814784e-07,0.0,0.0,0.02933008630552527,0.0,0.0,0.2822519793375839,-0.2822519793375839,0.0,0.0,0.0,0.0,-0.13591662294047233,0.004506098560937379,0.0,0.2479202252601866,0.0,-5.530459944042765e-05,0.0,0.0,0.0,0.005888850132751221,-7.967611796459563e-06,0.0,0.0,-0.003765589906631165,0.0,0.0,0.0,0.0,-0.00044299298679051856,0.005839631720852307,0.0,-4.164545311754098e-05,0.0,0.0,0.0,0.0,0.0,0.0,0.00024915971876914115,0.001531631786119
0.0,-1.792545846933537e-07,0.0,0.0,0.030443529722229364,0.0,0.0,0.283637873571716,-0.283637873571716,0.0,0.0,0.0,0.0,-0.1358321172438687,0.005949375126774224,0.0,0.24836741099627518,0.0,-4.23040964724346e-05,0.0,0.0,0.0,0.0,-6.0946579760586895e-06,0.0,0.0,-0.0038814209466490304,0.0,0.0,0.0,0.0,-0.0003388582186547545,0.00646892756405393,0.0,-3.1855818216718696e-05,0.0,0.0,0.0,0.0,0.0,0.0,0.0001905895149138235,0.0011715896958989795
0.0,-1.8657258184696603e-07,0.0,0.0,0.032235584617805825,0.0,0.0,0.2840866230582849,-0.2840866230582849,0.0,0.0,0.0,0.0,-0.13443905771418266,0.005313520163995015,0.0,0.24737625787072845,0.0,-4.403114439202345e-05,0.0,0.0,0.0,0.0,-6.3434699648696625e-06,0.0,0.0,-0.00398495742383979,0.0,0.0,0.0,0.0,-0.00035269197071100293,0.006623176980367373,0.0,-3.315631933045441e-05,0.0,0.0,0.0,0.0,0.0,0.0,0.00019837025608724263,0.001219419379443515
0.0,-3.64967356294407e-07,0.0,0.0,0.021222121420667973,0.0,0.0,0.27857509827967974,-0.27857509827967974,0.0,0.0,0.0,0.0,-0.13728865632429565,0.007017874684193908,0.0,0.2526204260892721,0.0,-8.613232557694502e-05,0.0,0.0,0.0,0.0,-1.2408894382511349e-05,0.0,0.0,-0.002807462039243335,0.0,0.0,0.0,0.0,-0.0006899248263726184,0.0029804782548357735,0.0,-6.485933833737034e-05,0.0,0.0,0.0,0.0,0.0,-0.015285659241124712,0.000388045591773981,0.002385389443207211
0.0,-4.023414898812279e-07,0.0,0.0,0.016823969929684133,0.0,0.0,0.27972155448489017,-0.27972155448489017,0.0,0.0,0.0,0.0016428456421207938,-0.1335500756117147,0.0011651508708544495,0.0,0.2609660927275979,0.0,-9.495262412348008e-05,0.0,0.0,0.0,0.0,-1.367961536157508e-05,0.0,0.0,-0.002273534687257077,0.0,0.0,0.0,0.0,-0.0007605759193567105,0.0,0.0,-7.150119694079647e-05,0.0,0.0,0.0,0.0,0.0,-0.020136663862539334,0.00042778303002596196,0.002629662971152825
0.0,-2.5714915251700656e-07,0.0,0.0,0.03174833662351463,0.0,0.0,0.28315582187221094,-0.28315582187221094,0.0,0.0,0.0,0.0,-0.13279065660742154,0.0021053320154701956,0.0,0.24756354773458344,0.0,-6.068722077314652e-05,0.0,0.0,0.0,0.007502433608396087,-8.743074193084311e-06,0.0,0.0,-0.0037595420894526795,0.0,0.0,0.0,0.0,-0.0004861080897850165,0.005662903073334584,0.0,-4.569867304191054e-05,0.0,0.0,0.0,0.0,0.0,0.0,0.0002734096442919837,0.0016807006521671994
0.0,-4.1341736477543275e-08,0.0,0.0,0.0,0.0,0.0,0.2824344205709453,-0.2824344205709453,0.0,0.0,0.0,0.003102262231493518,-0.14756201680511222,0.001848433508108002,0.0,0.2784381436547833,0.0,-9.75665314935069e-06,0.0,0.0,0.0,0.0020690996874016673,-1.405619523751672e-06,0.0,0.0,-0.0017003397547214235,0.0,0.0,0.0,0.0,-7.815134660482698e-05,0.0,0.0,-7.346952069566436e-06,0.0,0.0,0.0,0.0,0.0,0.0,4.395592734450289e-05,0.00027020537606063546
0.0,-7.567670386670988e-08,0.0,0.0,0.0,0.0,0.0,0.28295543497611353,-0.28295543497611353,0.0,0.0,0.0,0.0,-0.1445738761081341,0.0005442167413022796,0.0,0.28131892692616983,0.0,-1.785970822765718e-05,0.0,0.0,0.0,0.0066268898638987515,-2.573008816550375e-06,0.0,0.0,-0.00027312877852080753,0.0,0.0,0.0,0.0,-0.00014305727861747396,0.0,0.0,-1.3448712208629761e-05,0.0,0.0,0.0,0.0,0.0,0.0,8.046202168221634e-05,0.0004946152234907
0.0,-4.202014310451243e-08,0.0,0.0,0.0,0.0,0.0,0.2824357576255996,-0.2824357576255996,0.0,0.0,0.0,0.0030566417007243576,-0.1475220101654117,0.001830501893945564,0.0,0.2784704307029153,0.0,-9.916757168134575e-06,0.0,0.0,0.0,0.002151316953489952,-1.428685357002976e-06,0.0,0.0,-0.0016799779624322208,0.0,0.0,0.0,0.0,-7.94337889006913e-05,0.0,0.0,-7.467513550449709e-06,0.0,0.0,0.0,0.0,0.0,0.0,4.467723213104188e-05,0.0002746393726311908
0.0,-9.92565617941264e-08,0.0,0.0,0.0,0.0,0.0,0.28067838529298694,-0.28067838529298694,0.0,0.0,0.0,0.0024804996267327457,-0.14812082269708268,0.004437867645436609,0.0,0.27605146339775904,0.0,-2.3424556603915842e-05,0.0,0.0,0.0,0.0,-3.374724261862431e-06,0.0,0.0,-0.001598481899303329,0.0,0.0,0.0,0.0,-0.00018763203059430755,0.0,0.0,-1.763915268744271e-05,0.0,0.0,0.0,0.0,0.0,-0.004967660734143294,0.00010553292121770709,0.0006487307716412928
0.0,-5.55515725181626e-07,0.0,0.0,0.01965152660855463,0.0,0.0,0.2766919889921932,-0.2766919889921932,0.004285666191285482,0.0,0.0,0.0,-0.12945366898973035,0.00026245317786029794,0.0,0.2569960361533549,0.0,-0.00013110175603173467,0.0,0.0,0.0,0.0,-1.8887541153248708e-05,0.0,0.0,-0.0020049410679301907,0.0,0.0,0.0,0.0,-0.0010501325218084056,0.0,0.0,-9.872220556136591e-05,0.0,0.0,0.0,0.0,0.0,-0.028440893086467366,0.0005906430386173134,0.0036307941615329495
0.0,-4.7268434964744337e-07,0.0,0.0,0.021583533365988925,0.0,0.0,0.2783845773886397,-0.2783845773886397,0.0,0.0,0.0,0.0,-0.1322336464197729,0.0038699621786957117,0.0,0.25433214696137846,0.0,-0.00011155354471241524,0.0,0.0,0.0,0.0,-1.607127341632629e-05,0.0,0.0,-0.0023137637620634925,0.0,0.0,0.0,0.0,-0.0008935502373984892,0.0012155475501445007,0.0,-8.400201725392835e-05,0.0,0.0,0.0,0.0,0.0,-0.022984604565394477,0.0005025739289222354,0.003089416733228962
0.0,-2.8592876865484e-07,0.0,0.0,0.025555898708915552,0.0,0.0,0.2835914250705409,-0.2835914250705409,0.0,0.0,0.0,0.0,-0.13280701614011328,0.00013508693016855538,0.0,0.255806790183444,0.0,-6.7479212507234e-05,0.0,0.0,0.00220586961159253,0.0,-9.721581478364683e-06,0.0,0.0,-0.0032378301930708828,0.0,0.0,0.0,0.0,-0.0005405123298479233,0.0,0.0,-5.0813176649180116e-05,0.0,0.0,0.0,0.0,0.0,-0.010227035470364408,0.0003040091019767003,0.0018688012900208645
0.0,-4.912969198972877e-07,0.0,0.0,0.019906590805216052,0.0,0.0,0.27881790978438403,-0.27881790978438403,0.0,0.0,0.0,0.0006317056697774225,-0.1305970427176573,0.0014955243690426452,0.0,0.2576086171765144,0.0,-0.00011594611279538142,0.0,0.0,0.0,0.0,-1.6704101022505632e-05,0.0,0.0,-0.00208901842966576,0.0,0.0,0.0,0.0,-0.0009287349575563475,0.0,0.0,-8.73097075729193e-05,0.0,0.0,0.0,0.0,0.0,-0.025153065051292715,0.0005223634408127441,0.0032110665953857215
0.0,-5.179794535518623e-07,0.0,0.0,0.020140071769239175,0.0,0.0,0.2783395704615331,-0.2783395704615331,0.0,0.0,0.0,0.0,-0.13015175477099708,0.002061120615832356,0.0,0.25706823348779556,0.0,-0.00012224319289396343,0.0,0.0,0.0,0.0,-1.7611307478828624e-05,0.0,0.0,-0.0018694669326068556,0.0,0.0,0.0,0.0,-0.0009791749272723348,0.0,0.0,-9.205153296676163e-05,0.0,0.0,0.0,0.0,0.0,-0.026882418434799008,0.000550733209734396,0.003385460915863798
0.0,-5.603184004317974e-07,0.0,0.0,0.02414414025102304,0.0,0.0,0.27908411167606334,-0.27908411167606334,0.0,0.0,0.0,0.0,-0.1262501346660116,0.0002647221998240351,0.0,0.25489516111065785,0.0,-0.00013223518777885895,0.0,0.0,0.0,0.0,-1.9050832167924565e-05,0.0,0.0,-0.002022274656177134,0.0,0.0,0.0,0.0,-0.0010592113745631865,0.0,0.0,-9.957570200043952e-05,0.0,0.0,0.0,0.0,0.0,-0.0286867769870077,0.0005957494047824224,0.003662183957478618
0.0,-1.0683215271487194e-07,0.0,0.0,0.0,0.0,0.0,0.28050438230102864,-0.28050438230102864,0.0,0.0,0.0,0.002301700672759313,-0.1480755626847142,0.004653874152509837,0.0,0.27589243727330076,0.0,-2.5212396673363182e-05,0.0,0.0,0.0,0.0,-3.6322944417686383e-06,0.0,0.0,-0.0015364238865854698,0.0,0.0,0.0,0.0,-0.00020195273122828217,0.0,0.0,-1.898543148788916e-05,0.0,0.0,0.0,0.0,0.0,-0.005469515435530509,0.00011358754476466061,0.0006982440617938119
0.0,-3.5306528741468555e-07,0.0,0.0,0.0,0.0,0.0,0.27284302707011177,-0.27284302707011177,0.015213596074194131,0.0,0.0,0.0,-0.14325966456715233,0.0001668055510829103,0.0,0.27281479139818954,0.0,-8.332343635957503e-05,0.0,0.0,0.0,0.0,-1.200422390139933e-05,0.0,0.0,-0.0012742665280390387,0.0,0.0,0.0,0.0,-0.0006674254639948697,0.0,0.0,-6.274418940947054e-05,0.0,0.0,0.0,0.0,0.0,-0.01807598171702678,0.00037539091106867273,0.002307598734070171
0.0,-1.906439795116895e-07,0.0,0.0,0.0,0.0,0.0,0.2787642171102106,-0.2787642171102106,0.0,0.0,0.0,0.0,-0.14718191973042558,0.006935783012118679,0.0,0.2746415427440849,0.0,-4.499199456989057e-05,0.0,0.0,0.0,0.0,-6.48189753308758e-06,0.0,0.0,-0.0006880632294462196,0.0,0.0,0.0,0.0,-0.00036038843528100775,0.0,0.0,-3.3879858447276865e-05,0.0,0.0,0.0,0.0,0.0,-0.011129595510788754,0.00020269910328112804,0.0012460296196226276
0.0,-4.4297655863719035e-07,0.0,0.0,0.017335935364709947,0.0,0.0,0.2789709388583882,-0.2789709388583882,0.0,0.0,0.0,0.0008759703280778097,-0.13291900797285314,0.0019612247506678635,0.0,0.2598476366961692,0.0,-0.00010454250363343486,0.0,0.0,0.0,0.0,-1.5061208174528121e-05,0.0,0.0,-0.0020367551975095342,0.0,0.0,0.0,0.0,-0.0008373913996252576,0.0,0.0,-7.872256517373852e-05,0.0,0.0,0.0,0.0,0.0,-0.022679194076625723,0.00047098760443580075,0.0028952496390088987
0.0,-4.2004139518214964e-07,0.0,0.0,0.019760832716039112,0.0,0.0,0.2783708000225808,-0.2783708000225808,0.0,0.0,0.0,0.0,-0.13503546002275707,0.005182149553408538,0.0,0.25525390791281316,0.0,-9.912980320475191e-05,0.0,0.0,0.0,0.0,-1.4281412348816912e-05,0.0,0.0,-0.002346610388089986,0.0,0.0,0.0,0.0,-0.0007940353613614347,0.0016612337225064063,0.0,-7.46466950974202e-05,0.0,0.0,0.0,0.0,0.0,-0.019843742411805986,0.0004466021657880631,0.0027453477482223872
0.0,-5.275430682899234e-07,0.0,0.0,0.016472664508486837,0.0,0.0,0.27589526045439544,-0.27589526045439544,0.006259185488642265,0.0,0.0,0.0,-0.13169239378510994,0.00024923750751717165,0.0,0.25938040677146396,0.0,-0.00012450020674494104,0.0,0.0,0.0,0.0,-1.7936470491774635e-05,0.0,0.0,-0.0019039834783624813,0.0,0.0,0.0,0.0,-0.000997253736579129,0.0,0.0,-9.375110886944538e-05,0.0,0.0,0.0,0.0,0.0,-0.0270087691916105,0.0005609015671957567,0.0034479677270665768
0.0,-2.2193456053271644e-07,0.0,0.0,0.025362404375566142,0.0,0.0,0.284592852360688,-0.284592852360688,0.0,0.0,0.0,0.0,-0.13439846947751355,0.00010485289263377032,0.0,0.25657949320878953,0.0,-5.2376574219312136e-05,0.0,0.0,0.002633206015231251,0.0,-7.545777653763697e-06,0.0,0.0,-0.0034342017290062313,0.0,0.0,0.0,0.0,-0.0004195393382472881,0.0,0.0,-3.9440592431328206e-05,0.0,0.0,0.0,0.0,0.0,-0.006096033391292917,0.00023596830344340612,0.001450541668034891
0.0,-4.770531309756645e-07,0.0,0.0,0.01746889138089532,0.0,0.0,0.2783051813124817,-0.2783051813124817,0.0,0.0,0.0,0.0,-0.13246691342255018,0.0027981713749330216,0.0,0.2592544658956523,0.0,-0.00011258457745889811,0.0,0.0,0.0,0.0,-1.62198120325812e-05,0.0,0.0,-0.0017217575858272489,0.0,0.0,0.0,0.0,-0.000901808868334516,0.0,0.0,-8.477840522781745e-05,0.0,0.0,0.0,0.0,0.0,-0.02493837939182199,0.0005072189644482981,0.0031179706427233033
0.0,-6.129318997101467e-08,0.0,0.0,0.0,0.0,0.0,0.2789363103416149,-0.2789363103416149,0.0,0.0,0.0,0.0,-0.15333455746644045,0.010938244976316968,0.0,0.27193148768708697,0.0,-1.4465197786002324e-05,0.0,0.0,0.0,0.0,-2.083969175873334e-06,0.0,0.0,-0.0013570880738088455,0.0,0.0,0.0,0.0,-0.00011586705692786437,0.002271743186004748,0.0,-1.0892578959582084e-05,0.0,0.0,0.0,0.0,0.0,-0.0016851128034172786,6.516898501692634e-05,0.0004006060426385402
0.0,-1.9407813261498343e-07,0.0,0.0,0.03313041503007445,0.0,0.0,0.2829339448891878,-0.2829339448891878,0.0,0.0,0.0,0.0,-0.13684783543429652,0.006780046342358755,0.0,0.2447467736945533,0.0,-4.5802454979767294e-05,0.0,0.0015240809298469396,0.0,0.0,-6.598658778763953e-06,0.0,0.0,-0.004033054675949444,0.0,0.0,0.0,0.0,-0.00036688026925647105,0.00514111319741178,0.0,-3.4490151105476124e-05,0.0,0.0,0.0,0.0,0.0,0.0,0.00020635041058362325,0.001268474894296307
0.0,-2.0342644266489008e-07,0.0,0.0,0.035332540646278256,0.0,0.0,0.2833582099793736,-0.2833582099793736,0.0,0.0,0.0,0.0,-0.1354227568707935,0.006163480961336113,0.0,0.2433316480638663,0.0,-4.800865690694257e-05,0.0,0.0016648600079202042,0.0,0.0,-6.9165014297946e-06,0.0,0.0,-0.00415995040457591,0.0,0.0,0.0,0.0,-0.0003845520721638427,0.005186646620064431,0.0,-3.61514646283229e-05,0.0,0.0,0.0,0.0,0.0,0.0,0.0002162898488452645,0.0013295744960011976
0.0,-1.9468254585770076e-07,0.0,0.0,0.033063722645404366,0.0,0.0,0.28268261512857606,-0.28268261512857606,0.0,0.0,0.0,0.0,-0.13755713380061801,0.006461421881756934,0.0,0.24437651846994943,0.0,-4.594509655388865e-05,0.0,0.0,0.0,0.0,-6.6192088360853e-06,0.0,0.0,-0.004215484433671266,0.0,0.0,0.0,0.0,-0.0003680228363774677,0.004307775529697481,0.0,-3.4597563021443114e-05,0.0,0.0,0.0,0.0027179152736561724,0.0,0.0,0.00020699304311061858,0.0012724252776488102
0.0,-2.041186870033106e-07,0.0,0.0,0.03526716059687546,0.0,0.0,0.2830850296757714,-0.2830850296757714,0.0,0.0,0.0,0.0,-0.13619294651859648,0.0058132269409762434,0.0,0.24292226048794754,0.0,-4.8172026626747145e-05,0.0,0.0,0.0,0.0,-6.940037745397091e-06,0.0,0.0,-0.004359720324744493,0.0,0.0,0.0,0.0,-0.0003858606729106091,0.004276226709584588,0.0,-3.6274485246423133e-05,0.0,0.0,0.0,0.0029698229277197365,0.0,0.0,0.00021702586635291769,0.0013340989344434574
0.0038138231821134355,-2.1247468177750037e-07,0.0,0.0,0.03269536786008398,0.0,0.0,0.28083159045324535,-0.28083159045324535,0.0,0.0,0.0,0.0,-0.13798081644213664,0.007899450744584088,0.0,0.24283850350984118,0.0,-5.014404206866845e-05,0.0,0.0,0.0,0.0,-7.22414166544767e-06,0.0,0.0,-0.00417698154789059,0.0,0.0,0.0,0.0,-0.000401656628752487,0.006820255961741623,0.0,-3.775945173139087e-05,0.0,0.0,0.0,0.0,0.0,0.0,0.00022591024157467076,0.0013887128646431987
0.004737702251200752,-2.2734150747766479e-07,0.0,0.0,0.03564852696658455,0.0,0.0,0.28128658146512797,-0.28128658146512797,0.0,0.0,0.0,0.0,-0.1357172392095112,0.006598993060262744,0.0,0.24129214955612177,0.0,-5.3652614135232415e-05,0.0,0.0,0.0,0.0,-7.729613913129271e-06,0.0,0.0,-0.004271292279386762,0.0,0.0,0.0,0.0,-0.0004297604905445097,0.006901564137117225,0.0,-4.040147563150057e-05,0.0,0.0,0.0,0.0,0.0,0.0,0.00024171715163697033,0.0014858809221901506
0.004202904620429502,-2.2467630619409857e-07,0.0,0.0,0.035083143875295826,0.0,0.0,0.2810856945919711,-0.2810856945919711,0.0,0.0,0.0,0.0,-0.13652245990659204,0.0073326793612673484,0.0,0.24108087497057226,0.0,-5.3023626416947174e-05,0.0,0.0,0.0,0.0,-7.63899703831697e-06,0.0,0.0,-0.00433181600346462,0.0,0.0,0.0,0.0,-0.0004247222631493746,0.00704184982197983,0.0,-3.992783548586362e-05,0.0,0.0,0.0,0.0,0.0,0.0,0.00023888341982112004,0.0014684614382385155
0.0,-2.3117548926503733e-08,0.0,0.0,0.0,0.0,0.0,0.28211719244140065,-0.28211719244140065,0.0,0.0,0.0,0.002891731754945913,-0.1492345089175426,0.003733284153299418,0.0,0.2775685408928615,0.0,-5.455743414686015e-06,0.0,0.0003856676676954464,0.0,0.0,-7.859969338740542e-07,0.0,0.0,-0.0017221344749675214,0.0,0.0,0.0,0.0,-4.3700815029639995e-05,0.0,0.0,-4.108282292910906e-06,0.0,0.0,0.0,0.0,0.0,0.0,2.4579357026968638e-05,0.00015109394363923626
0.0,-2.0339179032593182e-07,0.0,0.0,0.035866753707474504,0.0,0.0,0.283796637043381,-0.283796637043381,0.0,0.0,0.0,0.0,-0.1345771735393086,0.005373984753454682,0.0,0.24377689338597555,0.0,-4.8000478952148315e-05,0.0,0.0018543875564010018,0.0,0.0,-6.915323249864741e-06,0.0,0.0,-0.00408623749771037,0.0,0.0,0.0,0.0,-0.0003844865662808456,0.004849943389016543,0.0,-3.6145306467221874e-05,0.0,0.0,0.0,0.0,0.0,0.0,0.00021625300531077983,0.0013293480118455386
0.0,-2.309240924271496e-08,0.0,0.0,0.0,0.0,0.0,0.28211099991099414,-0.28211099991099414,0.0,0.0,0.0,0.0028620633742996704,-0.14924904528115526,0.0037645892501983595,0.0,0.2775672948929872,0.0,-5.449810447280433e-06,0.0,0.0003940894995464358,0.0,0.0,-7.85142184331213e-07,0.0,0.0,-0.001711420467612792,0.0,0.0,0.0,0.0,-4.365329162330269e-05,0.0,0.0,-4.1038146515494824e-06,0.0,0.0,0.0,0.0,0.0,0.0,2.4552627668014804e-05,0.00015092963322823355
0.0,-1.8362493446779007e-08,0.0,0.0,0.0,0.0,0.0,0.2819820584422938,-0.2819820584422938,0.0,0.0,0.0,0.0,-0.14978216661046773,0.00602795795709166,0.0,0.27836902037682776,0.0,-4.333549937235103e-06,0.0,0.0010719831025119185,0.0,0.0,-6.243249919503261e-07,0.0,0.0,-0.0006022645936779524,0.0,0.0,0.0,0.0,-3.471198145408352e-05,0.0,0.0,-3.263248492343688e-06,0.0,0.0,0.0,0.0,0.0,0.0,1.9523621806475527e-05,0.00012001538565979272
0.0,-3.52250527072083e-08,0.0,0.0,0.0,0.0,0.0,0.27942098105754365,-0.27942098105754365,0.0,0.0,0.0,0.0,-0.15373216932974026,0.010805525544988398,0.0,0.27249003474254213,0.0,-8.31311528528835e-06,0.0,0.0001614050635044324,0.0,0.0,-1.1976522040221758e-06,0.0,0.0,-0.0013448330595296771,0.0,0.0,0.0,0.0,-6.658852621707594e-05,0.002273995868841812,0.0,-6.259939614011825e-06,0.0,0.0,0.0,0.0,0.0,0.0,3.745246304168652e-05,0.00023022735435114291
0.0,-2.448440023869181e-08,0.0,0.0,0.0,0.0,0.0,0.28184615726192874,-0.28184615726192874,0.0,0.0,0.0,0.0027563556466292634,-0.1497355779581807,0.004158254168175607,0.0,0.27702856152914346,0.0,-5.778320434811862e-06,0.0,0.0,0.0,0.0,-8.32469894474555e-07,0.0,0.0,-0.001772898791666165,0.0,0.0,0.0,0.0,-4.628467530638716e-05,0.0,0.0,-4.351189145222848e-06,0.0,0.0,0.0,0.0006127060592582182,0.0,0.0,2.603263940183728e-05,0.00016002754450598683
0.0,-2.041630071294282e-07,0.0,0.0,0.03579592819416029,0.0,0.0,0.28349390241168126,-0.28349390241168126,0.0,0.0,0.0,0.0,-0.13543216771494154,0.004980713054887955,0.0,0.24332241271412963,0.0,-4.818248618009222e-05,0.0,0.0,0.0,0.0,-6.941544630203438e-06,0.0,0.0,-0.004308555940596648,0.0,0.0,0.0,0.0,-0.00038594445452775684,0.0038342116462046208,0.0,-3.628236149619024e-05,0.0,0.0,0.0,0.0033091893066001664,0.0,0.0,0.00021707298900449238,0.0013343886062706473
0.0,-2.4489393340561268e-08,0.0,0.0,0.0,0.0,0.0,0.28183331346393736,-0.28183331346393736,0.0,0.0,0.0,0.0027217574183747663,-0.1497625974899851,0.004201294558611361,0.0,0.2770147352792225,0.0,-5.7794988072565255e-06,0.0,0.0,0.0,0.0,-8.326396599965137e-07,0.0,0.0,-0.0017627122392859977,0.0,0.0,0.0,0.0,-4.629411413668508e-05,0.0,0.0,-4.352076482892693e-06,0.0,0.0,0.0,0.0006268951410184006,0.0,0.0,2.603794823600095e-05,0.0001600601789109078
0.0,-2.2448659807972885e-08,0.0,0.0,0.0,0.0,0.0,0.2813013086630062,-0.2813013086630062,0.0,0.0,0.0,0.0,-0.15100490594404264,0.006845134855162487,0.0,0.2768842689706581,0.0,-5.29788552866264e-06,0.0,0.0,0.0,0.0,-7.632546960209654e-07,0.0,0.0,-0.0008673381653119446,0.0,0.0,0.0,0.0,-4.243636438492901e-05,0.0,0.0,-3.989412194254791e-06,0.0,0.0,0.0,0.0015726350492388007,0.0,0.0,2.3868171576119437e-05,0.00014672215253380772
0.0,-3.6217654751716266e-08,0.0,0.0,0.0,0.0,0.0,0.279262608956725,-0.279262608956725,0.0,0.0,0.0,0.0,-0.15399831230656705,0.011043631692666334,0.0,0.2721363564333885,0.0,-8.547369448000194e-06,0.0,0.0,0.0,0.0,-1.2314006851444939e-06,0.0,0.0,-0.0013993242577937045,0.0,0.0,0.0,0.0,-6.846491538285613e-05,0.0023380744940003527,0.0,-6.436337614350175e-06,0.0,0.0,0.0,0.00019914393021712518,0.0,0.0,3.850783098381681e-05,0.00023671490014788322
0.0,-3.599068938608989e-08,0.0,0.0,0.0,0.0,0.0,0.2793595814141749,-0.2793595814141749,0.0,0.0,0.0,0.0,-0.15375886877860998,0.01097442450843113,0.0,0.27227798701463446,0.0,-8.49380560337226e-06,0.0,0.0,0.0,0.0,-1.2236838600587078e-06,0.0,0.0,-0.0013905551051807802,0.0,0.0,0.0,0.0,-6.803586594111357e-05,0.002521318424306545,0.0,-6.396002983906813e-06,0.0,0.0,0.0,0.0,0.0,0.0,3.826651375887124e-05,0.00023523147765049665
0.0,-3.9758862214555214e-08,0.0,0.0,0.0,0.0,0.0,0.2791314838620641,-0.2791314838620641,0.0,0.0,0.0,0.0,-0.1540258021357309,0.011194315458754017,0.0,0.2718549952605194,0.0,-9.383094695380148e-06,0.0,0.0,0.0,0.0002732692155471661,-1.3518017802974602e-06,0.0,0.0,-0.0014268365158423726,0.0,0.0,0.0,0.0,-7.515912214357739e-05,0.0025666814235099198,0.0,-7.06565519301553e-06,0.0,0.0,0.0,0.0,0.0,0.0,4.227296208886636e-05,0.00025985987120455097
0.0,-3.355431608262606e-08,0.0,0.0,0.0,0.0,0.0,0.28017335417380484,-0.28017335417380484,0.0,0.0,0.0,0.001678223532425751,-0.15237356662330476,0.00821764760760516,0.0,0.2735711450773886,0.0,-7.918821306881795e-06,0.0,0.0,0.0,0.0,-1.140847139246161e-06,0.0,0.0,-0.0017998891712635657,0.0,0.0,0.0,0.0,-6.343020902582706e-05,0.0016793495105182873,0.0,-5.963028478981427e-06,0.0,0.0,0.0,0.0,0.0,0.0,3.5676079562443245e-05,0.00021930759005462516
0.0,-3.683008448082355e-08,0.0,0.0,0.0,0.0,0.0,0.27932709422428725,-0.27932709422428725,0.0,0.0,0.0,0.0005062784865571939,-0.15381784611556595,0.010622842023655604,0.0,0.2720803388983167,0.0,-8.691902913557364e-06,0.0,0.0,0.0,0.0,-1.252223303096857e-06,0.0,0.0,-0.0015748699591933107,0.0,0.0,0.0,0.0,-6.962263666184891e-05,0.002377610635664121,0.0,-6.545174161846745e-06,0.0,0.0,0.0,0.0,0.0,0.0,3.915898690927911e-05,0.00024071767843838963
0.0,-3.385155743806522e-08,0.0,0.0,0.0,0.0,0.0,0.28010205172905484,-0.28010205172905484,0.0,0.0,0.0,0.001595886221129512,-0.15249536091375115,0.008407088400411551,0.0,0.27344135687551935,0.0,-7.988970290784253e-06,0.0,0.0,0.0,0.0,-1.1509533488075e-06,0.0,0.0,-0.0017866723503978984,0.0,0.0,0.0,0.0,-6.399210637638546e-05,0.00173310760121443,0.0,-6.015852046097211e-06,0.0,0.0,0.0,0.0,0.0,0.0,3.599211658789724e-05,0.0002212503292588877
0.0,-6.826944905587116e-08,0.0,0.0,0.0,0.0,0.0,0.27639187921255215,-0.27639187921255215,0.006829010948646775,0.0,0.0,0.0,-0.15465852188695908,0.009890575089853566,0.0,0.26978806749677336,0.0,-1.611159549375038e-05,0.0,0.0,0.0,0.0,-2.321162066349786e-06,0.0,0.0,-0.0019547930569236856,0.0,0.0,0.0,0.0,-0.00012905479620054454,0.003416796383899286,0.0,-1.2132348874645017e-05,0.0,0.0,0.0,0.0,0.0,0.0,7.258637875985608e-05,0.0004462021609956878
0.0,-4.35036476276603e-08,0.0,0.0,0.0,0.0,0.0,0.27851146661356907,-0.27851146661356907,0.0011960309725663066,0.0,0.0,0.0,-0.1544797340649622,0.01135165613475041,0.0,0.27114763967136346,0.0,-1.0266864355473185e-05,0.0,0.0,0.0,0.0,-1.4791245281404355e-06,0.0,0.0,-0.0015612265932690886,0.0,0.0,0.0,0.0,-8.223816738250313e-05,0.0028084305737491595,0.0,-7.731151161135773e-06,0.0,0.0,0.0,0.0,0.0,0.0,4.625454413074829e-05,0.00028433540699546005
0.0,-6.554707811339441e-08,0.0,0.0,0.0,0.0,0.0,0.27661305406825953,-0.27661305406825953,0.006180257968210319,0.0,0.0,0.0,-0.15467728355141772,0.010098463656229175,0.0,0.26989614809791374,0.0,-1.546911573134261e-05,0.0,0.0,0.0,0.0,-2.2286014224658944e-06,0.0,0.0,-0.0019144854069096608,0.0,0.0,0.0,0.0,-0.00012390849676467109,0.00335583198863339,0.0,-1.1648548953932407e-05,0.0,0.0,0.0,0.0,0.0,0.0,6.969186223616591e-05,0.00042840902198015444
0.0,-8.585951637749383e-08,0.0,0.0,0.008588550010233276,0.0,0.0,0.2788976434418667,-0.2788976434418667,0.0,0.0,0.0,0.0,-0.15156454532783986,0.012438946053528811,0.0,0.26200376670048076,0.0,-2.0262852803032107e-05,0.0,0.0,0.0,0.0,-2.9192245610108323e-06,0.0,0.0,-0.0024584581947950613,0.0,0.0,0.0,0.0,-0.00016230660333740974,0.004297156182436384,0.0,-1.5258327426189601e-05,0.0,0.0,0.0,0.0,0.0,0.0,9.128873108107882e-05,0.0005611690482272565
0.0,-4.512269173404467e-08,0.0,0.0,0.0012405428009481512,0.0,0.0,0.2789522860526531,-0.2789522860526531,0.0,0.0,0.0,0.0,-0.15402618171982166,0.011774122593654518,0.0,0.2700738620344819,0.0,-1.0648958895407987e-05,0.0,0.0,0.0,0.0,-1.534172046693149e-06,0.0,0.0,-0.0016193296455969518,0.0,0.0,0.0,0.0,-8.529876637778913e-05,0.002912949923655976,0.0,-8.01887587861544e-06,0.0,0.0,0.0,0.0,0.0,0.0,4.797596638272444e-05,0.0002949173142615465
0.0,-8.046611937689494e-08,0.0,0.0,0.00758693430376411,0.0,0.0,0.2788769317015297,-0.2788769317015297,0.0,0.0,0.0,0.0,-0.15194840369027615,0.012396955066091984,0.0,0.26304426969777256,0.0,-1.899001067507322e-05,0.0,0.0,0.0,0.0,-2.7358489999116142e-06,0.0,0.0,-0.0023502376571418217,0.0,0.0,0.0,0.0,-0.00015211106550362292,0.004119646293600338,0.0,-1.4299852223362367e-05,0.0,0.0,0.0,0.0,0.0,0.0,8.5554289644949e-05,0.0005259183551272524
0.05679031791834088,-1.1424166949008418e-06,0.0,0.0,0.06760536664615226,0.0,0.0,0.14874142144293914,-0.14874142144293914,0.1997255463493574,0.0,0.0,0.009623489847881608,0.00893490119921438,-0.1590757764990167,0.0,0.18047327055148182,0.0,-0.00026961043231044915,0.0,0.0,0.0,0.0,-3.884218098784382e-05,0.0,0.0,-0.00893490119921438,0.0,0.0,0.0,0.0,-0.002159594896040083,0.0,0.0,-0.00020302196801695054,0.0,0.0,0.0,0.0,0.0,0.0,0.0012146559268376579,0.007466719082574297
0.053479154653288875,-1.1918584647667402e-06,0.0,0.0,0.08405597447855949,0.0,0.0,0.1543729851387706,-0.1543729851387706,0.19351996515895314,0.0,0.0,0.007213518328878562,0.009451307906338123,-0.15229211612898516,0.0,0.16685983599739,0.0030858991408892703,-0.000281278693993981,0.0,0.0,0.0,0.0,-4.0523201741534073e-05,0.0,0.0,-0.009451307906338123,0.0,0.0,0.0,0.0,-0.002253058335720339,0.0,0.0,-0.00021180839897968004,0.0,0.0,0.0,0.0,0.0,0.0,0.0012672240826331835,0.007789865451304485
0.05402451881029836,-1.1733202354845904e-06,0.0,0.0,0.07821196474590361,0.0,0.0,0.1519718596040935,-0.1519718596040935,0.19780090760476274,0.0,0.0,0.006412728013777088,0.009790365910312094,-0.15543208351163149,0.0,0.17058332320611688,0.0,-0.00027690367038539786,0.0,0.0,0.002349310031852412,0.0,-3.9892901729125814e-05,0.0,0.0,-0.009790365910312094,0.0,0.0,0.0,0.0,-0.0022180141478000755,0.0,0.0,-0.00020851391999560128,0.0,0.0,0.0,0.0,0.0,0.0,0.0012475136125646477,0.007668701474135734
0.05745455971234242,-1.2159572242683207e-06,0.0,0.0,0.08149263467966958,0.0,0.0,0.1506893177118453,-0.1506893177118453,0.19727640141457875,0.0,0.0,0.007613582033604491,0.009896618554754549,-0.15333770279969597,0.0,0.16616629353479737,0.0,-0.00028696600318367255,0.0,0.0,0.0,0.0,-4.1342559846436555e-05,0.0,0.0,-0.009896618554754549,0.0,0.0,0.0,0.0,-0.0022986140057773387,0.003402504528150525,0.0,-0.00021609105486401366,0.0,0.0,0.0,0.0,0.0,0.0,0.001292846695808117,0.007947372487257279
0.05204199713629575,-1.1816484108820132e-06,0.0,0.0,0.08113309516088614,0.0,0.0,0.15305054917577102,-0.15305054917577102,0.1956559117457507,0.0,0.0,0.007641237940551823,0.009859857496700998,-0.15416934826925843,0.0,0.16824513813080152,0.0,-0.00027886912045215417,0.0,0.0,0.0,0.0,-4.017605979004095e-05,0.0,0.0,-0.009859857496700998,0.0,0.0,0.0,0.0,-0.002233757514613497,0.0,0.0,-0.0002099939426237036,0.0,0.0,0.0,0.0035489779966093923,0.0,0.0,0.001256368409287573,0.007723133579724282
0.05085373094022175,-1.5242525273310406e-06,0.0,0.0,0.0680329403929648,0.0,0.0,0.14655941602745498,-0.14655941602745498,0.20100900621790957,0.0,0.0,0.005278759320121201,0.008140639753000754,-0.15003724557612233,0.0,0.17480674223481305,0.0,-0.00035972371961851105,0.0,0.0,0.0,0.0,-5.182460375625854e-05,0.0,0.0,-0.008140639753000754,0.0,0.0,0.0,0.0,-0.0028814074522834484,0.0,0.0,-0.0002708790489799507,0.0,0.0,0.0,0.0,0.0,-0.025433108862334946,0.0016206366508681204,0.009962359166567179
0.04000178650443358,-1.1989842839419745e-06,0.0,0.0,0.08685804154964276,0.0,0.0,0.15529594202514493,-0.15529594202514493,0.20479484995443345,0.0,0.0,0.004152297175206168,0.009737766650795747,-0.15136301783618267,0.0,0.16417822021161735,0.0,-0.0002829603878951435,0.0,0.0066686014447399624,0.0,0.0,-4.076547967683256e-05,0.0,0.0,-0.009737766650795747,0.0,0.0,0.0,0.0,-0.0022665287995096276,0.0,0.0,-0.00021307474762387115,0.0,0.0,0.0,0.0,0.0,0.0,0.0012748004937040347,0.007836439079169153
0.025457107447166942,-1.271929399955679e-06,0.0,0.0,0.0567708404609066,0.0,0.0,0.16474400624016342,-0.16474400624016342,0.17622336680161318,0.0,0.0,0.004404919168025758,0.006793046985737961,-0.15066776816299518,0.0,0.19255988824914533,0.0,-0.0003001754411687634,0.0,0.0,0.0,0.03820129077407964,-4.3245614474433274e-05,0.0,0.0,-0.006793046985737961,0.0,0.0,0.0,0.0,-0.0024044223552825684,0.0,0.0,-0.0002260380219496306,0.0,0.0,0.0,0.0,0.0,0.0,0.0013523581991326979,0.008313200922856492
0.0559333160039137,-1.1175780580455229e-06,0.0,0.0,0.07570118017869656,0.0,0.0,0.15766177124128594,-0.15766177124128594,0.18323984822561504,0.0,0.0,0.010325273377033244,0.00919614653103377,-0.1530395952764417,0.0,0.17693821629423695,0.0,-0.00026374851200548885,0.0,0.0,0.0,0.0,-3.799766704426094e-05,0.0,0.0,-0.00919614653103377,0.0,0.0,0.0,0.0,-0.0021126405810193314,0.0,0.0,-0.00019860782652222832,0.0,0.0,0.0,0.0,0.0,0.0,0.001188246651128062,0.007304376283645889
0.05744114189059908,-1.147705238886986e-06,0.0,0.0,0.06846142702013353,0.0,0.0,0.14865413052301046,-0.14865413052301046,0.19922772950077008,0.0,0.0,0.00971976306131748,0.009002124968629482,-0.15893287884392615,0.0,0.1794984030900365,0.0,-0.00027085852911852397,0.0,0.0,0.0,0.0,-3.9021991545225264e-05,0.0,0.0,-0.009002124968629482,0.0,0.0,0.0,0.0,-0.0021695922224542878,0.0,0.0,-0.0002039618095063157,0.0,0.0,0.0,0.0,0.0,0.0,0.0012202788850155138,0.007501284467058463
0.0322761838696251,-6.448956984351138e-07,0.0,0.0,0.14281265845225755,0.0,0.0,0.2694113993866039,-0.2694113993866039,0.0,0.0,0.0,0.009262489761632386,0.006958771918689593,-0.08170249420859338,0.0,0.17479671663974006,0.0,-0.00015219543694197456,0.0,0.0,0.0,0.0,-2.1926461289217087e-05,0.0,0.0,-0.006958771918689593,0.0,0.0,0.0,0.0,-0.001219094105535248,0.0,0.0,-0.00011460616292317646,0.0,0.0,0.0,0.0,0.0,0.0,0.0006856748380802612,0.004214972557096158
0.0,-1.1588444411003029e-06,0.0,0.0,0.03253247403997993,0.0,0.0,0.17126188692989588,-0.17126188692989588,0.18457347635051588,0.0,0.0,0.0,0.004611367947363576,-0.15213675310277291,0.0,0.2205067016126016,0.0,-0.00027348738174097845,0.0,0.0,0.00042892142787942544,0.04655831427461028,-3.940072455075736e-05,0.0,0.0,-0.004611367947363576,0.0,0.0,0.0,0.0,-0.0021906494814677557,0.0,0.0,-0.00020594138733074743,0.0,0.0,0.0,0.0,0.0,0.0,0.0012321224601742457,0.007574089157415378
0.0,-1.277169031140727e-06,0.0,0.0,0.04122820687392356,0.0,0.0,0.17481614913574217,-0.17481614913574217,0.16978232402718313,0.0,0.0,0.0,0.004883178371976955,-0.14756810236444823,0.0,0.21037971737583244,0.0,-0.0003014119945518271,0.0,0.0,0.0002736803413218343,0.05867652891722495,-4.3423761996005384e-05,0.0,0.0,-0.004883178371976955,0.0,0.0,0.0,0.0,-0.0024143272182059385,0.0,0.0,-0.00022696917101250715,0.0,0.0,0.0,0.0,0.0,0.0,0.0013579291515721792,0.008347446618257894
0.0,-1.1641864854079514e-06,0.0,0.0,0.03298325838211345,0.0,0.0,0.17118957310750946,-0.17118957310750946,0.18502594565531716,0.0,0.0,0.0,0.004616365116863295,-0.15161041882338458,0.0,0.21996220260302587,0.0,-0.00027474810462925145,0.0,0.0,0.0,0.046407081558217815,-3.9582354119695666e-05,0.0,0.0,-0.004616365116863295,0.0,0.0,0.0,0.0,-0.002200747943502416,0.0008292766877065543,0.0,-0.00020689073650729,0.0,0.0,0.0,0.0,0.0,0.0,0.001237802301696763,0.007609004214548133
0.0,-1.280919387973911e-06,0.0,0.0,0.041540892789218936,0.0,0.0,0.17478052192427582,-0.17478052192427582,0.17002711495143555,0.0,0.0,0.0,0.004887159747466542,-0.14721940988412272,0.0,0.210003132068883,0.0,-0.000302297079067509,0.0,0.0,0.0,0.05861577779920615,-4.355127417219621e-05,0.0,0.0,-0.004887159747466542,0.0,0.0,0.0,0.0,-0.002421416795512909,0.0005282522127972403,0.0,-0.00022763565709279414,0.0,0.0,0.0,0.0,0.0,0.0,0.0013619166573356333,0.0083719585682826
0.0,-1.161751190981749e-06,0.0,0.0,0.03569572312622199,0.0,0.0,0.1708314715332015,-0.1708314715332015,0.18668476822526503,0.0,0.0,0.0,0.004802100263908429,-0.15173003201322993,0.0,0.21754815783946238,0.0,-0.0002741733749478819,0.0,0.0012183256806032267,0.0,0.04431011216799357,-3.949955408072263e-05,0.0,0.0,-0.004802100263908429,0.0,0.0,0.0,0.0,-0.002196144326068728,0.0,0.0,-0.00020645795373256767,0.0,0.0,0.0,0.0,0.0,0.0,0.0012352130145989952,0.007593087378384084
0.0,-1.279211251810834e-06,0.0,0.0,0.04325864372227439,0.0,0.0,0.1745474479830869,-0.1745474479830869,0.1711045951255584,0.0,0.0,0.0,0.005005202496438779,-0.14730151732767174,0.0,0.20847748903211547,0.0,-0.0003018939587949955,0.0,0.0007766675591608582,0.0,0.05726270515398893,-4.3493197522673956e-05,0.0,0.0,-0.005005202496438779,0.0,0.0,0.0,0.0,-0.0024181877792038963,0.0,0.0,-0.00022733209958438518,0.0,0.0,0.0,0.0,0.0,0.0,0.0013601005094067836,0.008360794364414247
0.0,-8.384087300617393e-07,0.0,0.0,0.055369635542149714,0.0,0.0,0.18013410812645878,-0.18013410812645878,0.19749683547423488,0.0,0.0,0.0,0.006426450220917015,-0.1462150166964939,0.0,0.21266409610191458,0.0,-0.00019786452804282595,0.0,0.006801010212939473,0.0,0.0,-2.8505906627767692e-05,0.0,0.0,-0.006426450220917015,0.0,0.0,0.0,0.0,-0.0015849061225369577,0.0,0.0,-0.00014899588839998587,0.0,0.0,0.0,0.0,0.0,0.0,0.0008914244142504567,0.005479754008927744
0.0,-8.537194905060423e-07,0.0,0.0,0.06425508543024355,0.0,0.0,0.18442889204408885,-0.18442889204408885,0.18920823212720897,0.0,0.0,0.0,0.00687888494700927,-0.14218361235778418,0.0,0.20565770321909146,0.0,-0.00020147786874487913,0.0,0.007595361920964758,0.0,0.0,-2.9026472661942076e-05,0.0,0.0,-0.00687888494700927,0.0,0.0,0.0,0.0,-0.0016138491870576308,0.0,0.0,-0.0001517168051470125,0.0,0.0,0.0,0.0,0.0,0.0,0.0009077033306923058,0.005579823578716484
0.01839526679997895,-1.0851727664924149e-06,0.0,0.0,0.07166626303679677,0.0,0.0,0.15957088058674243,-0.15957088058674243,0.21883441356547856,0.0,0.0,0.0,0.00831791048316585,-0.1524591109732621,0.0,0.18327996668715715,0.0,-0.00025610086058042115,0.0,0.008802712570961924,0.0,0.0,-3.689588675245689e-05,0.0,0.0,-0.00831791048316585,0.0,0.0,0.0,0.0,-0.0020513824581687573,0.0,0.0,-0.00019284899430746795,0.0,0.0,0.0,0.0,0.0,0.0,0.0011537922531648904,0.007092578600807425
0.023323112847235396,-1.1723018267773501e-06,0.0,0.0,0.08823314316621671,0.0,0.0,0.15995973443810532,-0.15995973443810532,0.21316880562519905,0.0,0.0,0.0,0.009445877105125207,-0.14859601764008418,0.0,0.16578738410422833,0.0,-0.0002766633258481959,0.0,0.010429721652136847,0.0,0.0,-3.985827582116877e-05,0.0,0.0,-0.009445877105125207,0.0,0.0,0.0,0.0,-0.0022160889743882586,0.0,0.0,-0.00020833293582326522,0.0,0.0,0.0,0.0,0.0,0.0,0.001246430806109075,0.007662045258621595
0.02731226484628709,-1.0729963234790952e-06,0.0,0.0,0.0613192408828022,0.0,0.0,0.1577803769968578,-0.1577803769968578,0.21742759661897504,0.0,0.0,0.0,0.008119710618163588,-0.15158734064953105,0.0,0.19139550357405183,0.0,-0.00025322721904535094,0.0,0.0,0.0,0.0,-3.648188754759357e-05,0.0,0.0,-0.008119710618163588,0.0,0.0,0.0,0.0,-0.0020283644260436482,0.008494206124809032,0.0,-0.00019068508560844024,0.0,0.0,0.0,0.0,0.0,0.0,0.0011408458486349624,0.007012994610297444
0.033800998843847616,-1.1567487101946816e-06,0.0,0.0,0.07577925378773699,0.0,0.0,0.15783752295517378,-0.15783752295517378,0.21158058239999986,0.0,0.0,0.0,0.009196564981821961,-0.1476165076522199,0.0,0.17561509528675318,0.0,-0.0002729927890779047,0.0,0.0,0.0,0.0,-3.932946967545547e-05,0.0,0.0,-0.009196564981821961,0.0,0.0,0.0,0.0,-0.0021866877661081553,0.01004336455030183,0.0,-0.00020556894930984644,0.0,0.0,0.0,0.0,0.0,0.0,0.0012298942084540707,0.007560391673813476
0.028252258710153407,-1.0134404435657991e-06,0.0,0.0,0.057533725746552904,0.0,0.0,0.15808258638445272,-0.15808258638445272,0.21376421283291894,0.0,0.0,0.0,0.008187508475364067,-0.1571451724995119,0.0,0.1961628005910445,0.0,-0.00023917202657335493,0.0,0.0,0.004529847183161883,0.0,-3.445698693400151e-05,0.0,0.0,-0.008187508475364067,0.0,0.0,0.0,0.0,-0.0019157815349987188,0.0,0.0,-0.00018010124872917615,0.0,0.0,0.0,0.0,0.0,0.0,0.0010775240302147617,0.0066237434491292265
0.03447972016855014,-1.0815954708156606e-06,0.0,0.0,0.07040873962255867,0.0,0.0,0.15818755514488247,-0.15818755514488247,0.20767236138874573,0.0,0.0,0.0,0.009205961802833413,-0.15438009491483362,0.0,0.18222059911851884,0.0,-0.00025525661851164103,0.0,0.0,0.005302318611424916,0.0,-3.677425865760873e-05,0.0,0.0,-0.009205961802833413,0.0,0.0,0.0,0.0,-0.0020446200311842536,0.0,0.0,-0.00019221326339447019,0.0,0.0,0.0,0.0,0.0,0.0,0.001149988751854716,0.007069197760862724
0.0,-5.120449214868052e-07,0.0,0.0,0.1402747827714542,0.0,0.0,0.28925130001713784,-0.28925130001713784,0.0,0.0,0.0,0.0,0.005756157207496372,-0.06830487336687323,0.0,0.1885003972096041,0.0,-0.00012084264284706558,0.0,0.0,0.0,0.0,-1.7409533319208944e-05,0.0,0.0,-0.005756157207496372,0.0,0.0,0.0,0.0,-0.0009679564417448664,0.007816217814384968,0.0,-9.09968911845771e-05,0.0,0.0,0.0,0.0,0.0,0.0,0.0005444234152627253,0.0033466734191350696
0.056787854993785816,-1.388088875038457e-06,0.0,0.0,0.11095472314018805,0.0,0.0,0.15442097509873795,-0.15442097509873795,0.19825973717466838,0.0,0.0,0.0,0.011351910983472437,-0.1396269681799162,0.0,0.1363456409990478,0.0,-0.00032758908667465377,0.0,0.0,0.0,0.0,-4.719503798579908e-05,0.0,0.0,-0.011351910983472437,0.0,0.0,0.0,0.0,-0.0026240072148483997,0.012684172602053513,0.0,-0.0002466810371824992,0.0,0.0,0.0,0.0,0.0,0.0,0.0014758628673482601,0.009072407413004708
0.03131136250227406,-8.510662758730538e-07,0.0,0.0,0.17906647097171108,0.0,0.0,0.27467686382894146,-0.27467686382894146,0.0,0.0,0.0,0.0,0.008713322308522859,-0.06456946637640858,0.0,0.13853085678192037,0.0,-0.00020085170987709883,0.0,0.0,0.0,0.0,-2.893626333338961e-05,0.0,0.0,-0.008713322308522859,0.0,0.0,0.0,0.0,-0.0016088336189159223,0.011283388357394732,0.0,-0.0001512452951815463,0.0,0.0,0.0,0.0,0.0,0.0,0.0009048823434872725,0.005562482438291343
0.003546293664328232,-7.238879034028646e-07,0.0,0.0,0.0,0.0,0.0,0.15596898437196335,-0.15596898437196335,0.24172963851441118,0.0,0.0,0.0,0.003402067329798206,-0.16997641010849723,0.0,0.2580219526833298,0.0,-0.00017083760369738897,0.0,0.0,0.0007894453637219697,0.0,-2.461219718197953e-05,0.0,0.0,-0.003402067329798206,0.0,0.0,0.0,0.0,-0.0013684189214598905,0.0,0.0,-0.00012864408182101177,0.0,0.0,0.0,0.0,0.0,0.0,0.0007696620122578773,0.004731257557866844
0.0,-7.788000533373285e-07,0.0,0.0,0.0,0.0,0.0,0.15882317348475528,-0.15882317348475528,0.23335944517050963,0.0,0.0,0.0,0.0030990644438479518,-0.16783356081764922,0.0,0.2575083272449005,0.0,-0.00018379687551914052,0.0,0.0,0.0002882561447098547,0.00942604955023942,-2.647921092198023e-05,0.0,0.0,-0.0030990644438479518,0.0,0.0,0.0,0.0,-0.0014722234257693702,0.0,0.0,-0.00013840266885628298,0.0,0.0,0.0,0.0,0.0,0.0,0.0008280464604815476,0.005090157773183139
0.0,-6.850194227797356e-07,0.0,0.0,0.0,0.0,0.0,0.1610178913805357,-0.1610178913805357,0.2354619502833824,0.0,0.0,0.0,0.003219396521976667,-0.16756144403905163,0.0,0.26094710023250145,0.0,-0.00016166463912953337,0.0,0.0,0.0007470568368815515,0.0,-2.3290668386204082e-05,0.0,0.0,-0.003219396521976667,0.0,0.0,0.0,0.0,-0.0012949429535882657,0.0,0.0,-0.00012173665875449114,0.0,0.0,0.0,0.0,0.0,0.0,0.0007283357338808302,0.004477217129996016
0.0,-4.5245678467758903e-07,0.0,0.0,0.13397634557210822,0.0,0.0,0.2881182584748321,-0.2881182584748321,0.0,0.0,0.0,0.0,0.005717547084880357,-0.07476340152425359,0.0,0.19500746586016524,0.0,-0.00010677983774502583,0.0,0.0,0.004084561468195694,0.0,-1.5383535970778327e-05,0.0,0.0,-0.005717547084880357,0.0,0.0,0.0,0.0,-0.0008553125731003426,0.0,0.0,-8.040732184488847e-05,0.0,0.0,0.0,0.0,0.0,0.0,0.000481067300223799,0.0029572114301827453
0.048121713500808905,-1.206193959098725e-06,0.0,0.0,0.09029188016120632,0.0,0.0,0.1562297601828624,-0.1562297601828624,0.19922258362896372,0.0,0.0,0.0,0.010476694220892048,-0.15072238453760523,0.0,0.1601177540022797,0.0,-0.0002846618718147199,0.0,0.0,0.006123356061660529,0.0,-4.101060871648335e-05,0.0,0.0,-0.010476694220892048,0.0,0.0,0.0,0.0,-0.0022801577824719055,0.0,0.0,-0.00021435599854187655,0.0,0.0,0.0,0.0,0.0,0.0,0.0012824660632801876,0.007883560781182394
0.02349640041946296,-6.870269897465103e-07,0.0,0.0,0.16098949042121516,0.0,0.0,0.27680427841236155,-0.27680427841236155,0.0,0.0,0.0,0.0,0.007923784961506123,-0.07411017630939656,0.0,0.15967578199884722,0.0,-0.00016213842509591516,0.0,0.0,0.005444199660714008,0.0,-2.3358925686554064e-05,0.0,0.0,-0.007923784961506123,0.0,0.0,0.0,0.0,-0.0012987380061240494,0.0,0.0,-0.00012209342892280156,0.0,0.0,0.0,0.0,0.0,0.0,0.0007304702467303014,0.0044903383830793
0.0,-1.1563644935516864e-06,0.0,0.0,0.03460287161387031,0.0,0.0,0.17175139052732843,-0.17175139052732843,0.18460648938328486,0.0,0.0,0.0,0.00460149953860116,-0.15138317423863673,0.0,0.21917880632399578,0.0008560070569132204,-0.00027290211391911096,0.0,0.0,0.0,0.045174668075297825,-3.93164063051e-05,0.0,0.0,-0.00460149953860116,0.0,0.0,0.0,0.0,-0.0021859614529293565,0.0,0.0,-0.0002055006691285834,0.0,0.0,0.0,0.0,0.0,0.0,0.0012294856963720197,0.007557880472994284
0.0,-1.275423739119466e-06,0.0,0.0,0.04253839896279562,0.0,0.0,0.17512387001578825,-0.17512387001578825,0.16982361744057675,0.0,0.0,0.0,0.004876505353728623,-0.14709313951997677,0.0,0.2095456141172183,0.0005466126968963813,-0.0003010001054937799,0.0,0.0,0.0,0.05777642653259047,-4.3364422046870325e-05,0.0,0.0,-0.004876505353728623,0.0,0.0,0.0,0.0,-0.0024110279634261037,0.0,0.0,-0.00022665901043580845,0.0,0.0,0.0,0.0,0.0,0.0,0.0013560734982828416,0.008336039567487383
0.02134708664295869,-1.0285832496074146e-06,0.0,0.0,0.06845049487424394,0.0,0.0,0.16532953092389677,-0.16532953092389677,0.2069011718640768,0.0,0.0,0.0,0.0072322994789333975,-0.14972347676103523,0.0,0.19119185284211618,0.0070399709754681225,-0.0002427457300228021,0.0,0.0,0.0,0.0,-3.497184251652019e-05,0.0,0.0,-0.0072322994789333975,0.0,0.0,0.0,0.0,-0.0019444071028717758,0.0,0.0,-0.00018279231784396578,0.0,0.0,0.0,0.0,0.0,0.0,0.0010936243718759956,0.006722715286059939
0.026485563290898746,-1.1005609260292087e-06,0.0,0.0,0.08344553981108806,0.0,0.0,0.1666938259405272,-0.1666938259405272,0.199511630682078,0.0,0.0,0.0,0.008102863765669995,-0.1456221059744715,0.0,0.17614262300689493,0.008261542701526913,-0.00025973246747455645,0.0,0.0,0.0,0.0,-3.741908435668119e-05,0.0,0.0,-0.008102863765669995,0.0,0.0,0.0,0.0,-0.0020804718359268394,0.0,0.0,-0.00019558366585705505,0.0,0.0,0.0,0.0,0.0,0.0,0.0011701534629300473,0.0071931540431761564
0.030528742792194273,-1.1212609026594404e-06,0.0,0.0,0.07611974164554086,0.0,0.0,0.1647084840101105,-0.1647084840101105,0.20802355088629107,0.0,0.0,0.0,0.0,-0.14619458546496347,0.0,0.18263941521573338,0.007924572113054763,-0.0002646176636319685,0.0,0.0,0.0,0.0,-3.8122883804207104e-05,0.0,0.0,-0.00800908784755028,0.0,0.0,0.0,0.0,-0.0021196025349776593,0.0,0.0,-0.0001992623148229994,0.0,0.0,0.0,0.0,0.0,0.0,0.0011921623756249852,0.007328446980686325
0.037409629881636645,-1.2128785192370407e-06,0.0,0.0,0.09366247720761753,0.0,0.0,0.16612962622202598,-0.16612962622202598,0.200028761673272,0.0,0.0,0.0,0.0,-0.14120652042363202,0.0,0.16491980415112004,0.009388159027402655,-0.0002862394285475134,0.0,0.0,0.0,0.0,-4.123788383936582e-05,0.0,0.0,-0.009071543271065963,0.0,0.0,0.0,0.0,-0.0022927941016200886,0.0,0.0,-0.00021554392984633486,0.0,0.0,0.0,0.0,0.0,0.0,0.0012895733128735706,0.007927250384954957
0.051424480773437475,-1.4673829255085413e-06,0.0,0.0,0.057554721430320095,0.0,0.0,0.14602749693448452,-0.14602749693448452,0.21140409763430784,0.0,0.0,0.005040606635086154,0.0,-0.15192606926724941,0.0,0.18617943565143621,0.0,-0.00034630248899300976,0.0,0.0,0.0,0.0,-4.989103662917112e-05,0.0,0.0,-0.007816312334695074,0.0,0.0,0.0,0.0,-0.0027739026316834997,0.0,0.0,-0.0002607725978628771,0.0,0.0,0.0,0.0,0.0,-0.022016110047354546,0.0015601709738354576,0.009590665245214503
0.04942659151086344,-1.1878784748009562e-06,0.0,0.0,0.07332558371503863,0.0,0.0,0.15385748522833395,-0.15385748522833395,0.2073382228316649,0.0,0.0,0.005751342340372704,0.0,-0.15306297029217314,0.0,0.17689314078080368,0.0,-0.0002803394160404498,0.0,0.0,0.0,0.0,-4.038788203614917e-05,0.0,0.0,-0.009669197986822245,0.0,0.0,0.0,0.0,-0.002245534665894117,0.0,0.0,-0.00021110110417284835,0.0,0.0,0.0,0.005012584073260528,0.0,0.0,0.00126299242318504,0.007763852642529353
0.057070150371236805,-1.233609950514348e-06,0.0,0.0,0.07329436552501242,0.0,0.0,0.15043994003692104,-0.15043994003692104,0.20972566069873105,0.0,0.0,0.005794376382337656,0.0,-0.15211220934476663,0.0,0.1745083828404694,0.0,-0.000291132048004177,0.0,0.0,0.0,0.0,-4.1942752745260193e-05,0.0,0.0,-0.009684679681662115,0.0,0.0,0.0,0.0,-0.0023319842617200905,0.004670409664777045,0.0,-0.00021922816870288662,0.0,0.0,0.0,0.0,0.0,0.0,0.0013116156692092285,0.00806274890683255
0.028856236520934272,-1.2523263573067334e-06,0.0,0.0,0.04911962200300047,0.0,0.0,0.1622049629720413,-0.1622049629720413,0.18793694588860171,0.0,0.0,0.0043018658839484025,0.0,-0.15220747284161176,0.0,0.20023021266097266,0.0,-0.0002955491215195734,0.0,0.0,0.0,0.03382105512683572,-4.2579110795100355e-05,0.0,0.0,-0.006670769969800493,0.0,0.0,0.0,0.0,-0.002367365271785383,0.0,0.0,-0.00022255431209536013,0.0,0.0,0.0,0.0,0.0,0.0,0.0013315155836108195,0.008185077434048319
0.05224455378988688,-1.1760879948970089e-06,0.0,0.0,0.06928922486947303,0.0,0.0,0.1523303478770485,-0.1523303478770485,0.21024308462986774,0.0,0.0,0.0040399795087356204,0.0,-0.15485227293364937,0.0,0.18010019016444523,0.0,-0.00027755686183037956,0.0,0.0,0.0033085539062747854,0.0,-3.9987005581518566e-05,0.0,0.0,-0.009573224798512709,0.0,0.0,0.0,0.0,-0.002223246248422559,0.0,0.0,-0.00020900578602435835,0.0,0.0,0.0,0.0,0.0,0.0,0.0012504563876390672,0.007686791267564807
0.03332427389664519,-1.209891018658355e-06,0.0,0.0,0.08073530805716513,0.0,0.0,0.15670861412175488,-0.15670861412175488,0.2196895220474386,0.0,0.0,0.0011306312975240859,0.0,-0.14947026299442914,0.0,0.17166202256193272,0.0,-0.0002855343781695363,0.0,0.009076394903142543,0.0,0.0,-4.113630878474999e-05,0.0,0.0,-0.00947019451197999,0.0,0.0,0.0,0.0,-0.002287146607995001,0.0,0.0,-0.00021501301301918784,0.0,0.0,0.0,0.0,0.0,0.0,0.0012863969015864032,0.007907724385659218
0.05188240432373337,-1.1982897905543812e-06,0.0,0.0,0.07666506469671963,0.0,0.0,0.15520598921567028,-0.15520598921567028,0.20409894819603863,0.0,0.0,0.005464649562114411,0.0,-0.15103349896987245,0.0,0.17540963326242606,0.004045214015879901,-0.0002827964873995524,0.0,0.0,0.0,0.0,-4.0741866893531896e-05,0.0,0.0,-0.009079742597149252,0.0,0.0,0.0,0.0,-0.0022652159472186253,0.0,0.0,-0.00021295132732114508,0.0,0.0,0.0,0.0,0.0,0.0,0.001274062084931513,0.007831899941170723
0.057426125451918705,-1.1474052022795016e-06,0.0,0.0,0.06795802966931358,0.0,0.0,0.1486152689063693,-0.1486152689063693,0.1997358390358943,0.0,0.0,0.009679875940756236,0.008607637026149098,-0.15896602242637278,0.0,0.1800116703259045,0.0,-0.00027078772045491294,0.0,0.0,0.0,0.0,-3.901179029706169e-05,0.0,0.0,-0.008981098530423072,0.0,0.0,0.0,0.0,-0.0021690250410317463,0.0,0.0,-0.0002039084891873808,0.0,0.0,0.0,0.0,0.0,0.0,0.0012199598759838916,0.007499323458371724
0.057009757560981034,-1.1390859454888962e-06,0.0,0.0,0.05633061001568463,0.0,0.0,0.14753773449866336,-0.14753773449866336,0.21149391565035497,0.0,0.0,0.008573906901281729,0.0,-0.1598850101980515,0.0,0.19191275694603155,0.0,-0.0002688243751800862,0.0,0.0,0.0,0.0,-3.8728935468882654e-05,0.0,0.0,-0.008398088542750254,0.0,0.0,0.0,0.0,-0.002153298533721384,0.0,0.0,-0.00020243005150907494,0.0,0.0,0.0,0.0,0.0,0.0,0.001211114561824271,0.007444949643888349
0.05444343033697494,-1.0634047810337796e-06,0.0,0.0,0.07560760084942646,0.0,0.0,0.1714234266790268,-0.1714234266790268,0.16899359388912036,0.0,0.0,0.009497338647822559,0.0,-0.14383320856006487,0.0,0.1856229655924943,0.0,-0.0002509636142532046,0.0,0.0,0.0,0.0,-3.615577499227428e-05,0.0,0.0,-0.008586659538555263,0.0,0.0,0.0,0.0,-0.0020102328229232537,0.0,0.0,-0.00018898054659718648,0.0,0.0,0.0,0.0,0.0,0.0,0.0011306477974941493,0.006950305266446447
0.04263604336412881,-1.2405904578987734e-06,0.0,0.0,0.09148053031233358,0.0,0.0,0.16068489504581343,-0.16068489504581343,0.20267823697508502,0.0,0.0,0.0014591669227258157,0.0,-0.14528249114248787,0.0,0.16189830961570628,0.0,-0.0002927794483109666,0.0,0.0,0.0,0.0,-4.218009007797168e-05,0.0,0.0,-0.010426766674286624,0.0,0.0,0.0,0.0,-0.002345180031868113,0.0,0.0,-0.00022046869359478336,0.0,0.0,0.0,0.010439405675779214,0.0,0.0,0.001319037579887418,0.008108372791642691
0.05867903691093872,-1.344385154797942e-06,0.0,0.0,0.09293163013952485,0.0,0.0,0.1538290394285731,-0.1538290394285731,0.2074767823599406,0.0,0.0,0.0011935820621160355,0.0,-0.1425653210801041,0.0,0.15546115700225863,0.0,-0.00031727500516637986,0.0,0.0,0.0,0.0,-4.570911098648162e-05,0.0,0.0,-0.010523794199543291,0.0,0.0,0.0,0.0,-0.002541390835386638,0.010149823770081683,0.0,-0.00023891433057492316,0.0,0.0,0.0,0.0,0.0,0.0,0.001429395599273537,0.008786764351803063
0.047674473799892904,-1.2634525944877949e-06,0.0,0.0,0.09883665971586478,0.0,0.0,0.1636460656681895,-0.1636460656681895,0.19578149148252413,0.0,0.0,0.0007772712440577173,0.0,-0.14087196124844806,0.0,0.15850276903517244,0.008505430040668636,-0.000298174914393368,0.0,0.0,0.0,0.0,-4.2957402989384134e-05,0.0,0.0,-0.009201343958921977,0.0,0.0,0.0,0.0,-0.0023883980220380722,0.0,0.0,-0.00022453158586876077,0.0,0.0,0.0,0.0,0.0,0.0,0.001343345373910366,0.00825779738627581
0.0550476823158889,-1.0998826155451498e-06,0.0,0.0,0.06643767703334726,0.0,0.0,0.15993298756940477,-0.15993298756940477,0.18952184927496962,0.0,0.0,0.009602534008774467,0.0,-0.15173490913717633,0.0,0.18808758787509683,0.0,-0.00025957238614550713,0.0,0.0,0.0,0.0,-3.7396021792289957e-05,0.0,0.0,-0.008770911293192836,0.0,0.0,0.0,0.0,-0.0020791895753770394,0.0,0.0,-0.000195463121461989,0.0,0.0,0.0,0.0,0.0,0.0,0.0011694322603658903,0.007188720674985864
0.05704310491004953,-1.3221877523637387e-06,0.0,0.0,0.08888032566013158,0.0,0.0,0.15299229879119453,-0.15299229879119453,0.2086780119865849,0.0,0.0,0.0029148828896123635,0.0,-0.14487616436258233,0.0,0.1585573158188778,0.0,-0.0003120364163982299,0.0,0.0,0.0,0.0,-4.495439904410742e-05,0.0,0.0,-0.010794747879281924,0.0,0.0,0.0,0.0,-0.0024994294414257294,0.00913065793100024,0.0,-0.00023496957000973607,0.0,0.0,0.0,0.0,0.0,0.0,0.001405794573004006,0.00864168439185602
0.0426127744935192,-1.2296395231618152e-06,0.0,0.0,0.08784831115065195,0.0,0.0,0.15926649803360196,-0.15926649803360196,0.20424349087653543,0.0,0.0,0.003035181794082265,0.0,-0.14717784461019343,0.0,0.16417662374338726,0.0,-0.00029019502682814586,0.0,0.0,0.0,0.0,-4.180775816883767e-05,0.0,0.0,-0.010687815391894243,0.0,0.0,0.0,0.0,-0.00232447866880999,0.0,0.0,-0.00021852257329398067,0.0,0.0,0.0,0.009464535430531376,0.0,0.0,0.0013073941770537318,0.008036798598323005
0.047172462093028174,-1.2501484519782468e-06,0.0,0.0,0.09444545953687053,0.0,0.0,0.16192287432070643,-0.16192287432070643,0.1980276374027366,0.0,0.0,0.002444312182758976,0.0,-0.14321766805878122,0.0,0.1611414595100261,0.007697914124782093,-0.0002950351356860633,0.0,0.0,0.0,0.0,-4.2505061988459966e-05,0.0,0.0,-0.009583089788745267,0.0,0.0,0.0,0.0,-0.0023632482160276624,0.0,0.0,-0.0002221672706349915,0.0,0.0,0.0,0.0,0.0,0.0,0.0013291999612751648,0.008170842866793801
0.053465301584119024,-1.0682657883723019e-06,0.0,0.0,0.07373980614447627,0.0,0.0,0.16931997613711922,-0.16931997613711922,0.17308620806614472,0.0,0.0,0.010214399190211203,0.0,-0.1455974001235213,0.0,0.1856775397086019,0.0,-0.00025211081237789325,0.0,0.0,0.0,0.0,-3.6321049298636286e-05,0.0,0.0,-0.008962733927409488,0.0,0.0,0.0,0.0,-0.0020194219451452437,0.0,0.0,-0.00018984440938982298,0.0,0.0,0.0,0.0,0.0,0.0,0.00113581618430125,0.0069820763149763595
0.031388610806723255,-6.2716150617049e-07,0.0,0.0,0.13845573080679915,0.0,0.0,0.27360404451231307,-0.27360404451231307,0.0,0.0,0.0,0.009222616031233932,0.0,-0.07902605443838312,0.0,0.18159120106901544,0.0,-0.00014801016613449843,0.0,0.0,0.0,0.0,-2.1323498544808378e-05,0.0,0.0,-0.006874829645963352,0.0,0.0,0.0,0.0,-0.0011855698483434365,0.0,0.0,-0.00011145457153727902,0.0,0.0,0.0,0.0,0.0,0.0,0.00066681924726296,0.004099063683926372
0.0,-3.457422115231727e-07,0.0,0.0,0.020464724146652624,0.0,0.0,0.28142278909508645,-0.28142278909508645,0.0,0.0,0.0,0.0019123605799363844,-0.13303565104818435,0.0,0.0,0.2592982852020962,0.0,-8.159518985743128e-05,0.0,0.0,0.0,0.0,-1.1755239235440343e-05,0.0,0.0,-0.00270463851541552,0.0,0.0,0.0,0.0,-0.0006535821112241909,0.0,0.0,-6.144278573945374e-05,0.0,0.0,0.0,0.0010012435927656573,0.0,-0.015301457030085943,0.00036760477000997603,0.0022597358564123435
0.0,-1.7682120598865637e-07,0.0,0.0,0.03237770416797237,0.0,0.0,0.2853082036746056,-0.2853082036746056,0.0,0.0,0.0,0.0017605837305551578,-0.1336419289694677,0.0,0.0,0.2505165371795145,0.0,-4.172981890149502e-05,0.0,0.0,0.0,0.0,-6.011923071639228e-06,0.0,0.0,-0.004122161328481032,0.0,0.0,0.0,0.0,-0.0003342582226513233,0.0015651094921408297,0.0,-3.142337589005866e-05,0.0,0.0,0.0,0.003642279975565545,0.0,0.0,0.0001880022646757152,0.001155685380695436
0.0,-1.9336541958814608e-07,0.0,0.0,0.037118661015190145,0.0,0.0,0.28575922258310726,-0.28575922258310726,0.0,0.0,0.0,0.001069537920504813,-0.13216844345269194,0.0,0.0,0.24771228611766025,0.004278871020546835,-4.563425464784236e-05,0.0,0.0,0.0,0.0,-6.574426527515898e-06,0.0,0.0,-0.0036520756911283103,0.0,0.0,0.0,0.0,-0.0003655329750318949,0.0,0.0,-3.4363492941265385e-05,0.0,0.0,0.0,0.0005599717968255609,0.0,0.0,0.00020559263007669751,0.0012638166745927272
0.0,-1.6540878649636333e-07,0.0,0.0,0.03175207174048848,0.0,0.0,0.2847069442343301,-0.2847069442343301,0.0,0.0,0.0,0.002745022363433168,-0.13044574101197795,-0.003660234930271348,0.0,0.25216080643958844,0.0,-3.903648697912462e-05,0.0,0.0,0.0,0.0,-5.623900675426505e-06,0.0,0.0,-0.00403911995069597,0.0,0.0,0.0,0.0,-0.000312684480778474,0.0,0.0,-2.9395243882270165e-05,0.0,0.0,0.0,0.004139246408033953,0.0,0.0,0.0001758681956991807,0.0010810949700494818
0.0,-9.982351939997506e-08,0.0,0.0,0.016953307476609152,0.0,0.0,0.2844752345318042,-0.2844752345318042,0.0,0.0,0.0,0.002761077988107853,-0.14002145821855322,0.0,0.0,0.2648337748103215,0.0,-2.3558358644709566e-05,0.0,0.0,0.0,0.0,-3.3940008270921777e-06,0.0,0.0,-0.0029898263712284747,0.0,0.0,0.0,0.0,-0.00018870379255062956,0.0,0.0,-1.7739908260637098e-05,0.0,0.0,0.0,0.002498018109350792,0.0,0.0,0.00010613572964941469,0.000652436348768707
0.0,-4.059898549944608e-07,0.0,0.0,0.023865161310729997,0.0,0.0,0.28107466943401777,-0.28107466943401777,0.0,0.0,0.0,0.0011399419199561711,-0.1304748366234212,0.0,0.0,0.2561330028684392,0.0,-9.581363858501195e-05,0.0,0.0,0.0,0.0,-1.380365981809471e-05,0.0,0.0,-0.0026531737282405534,0.0,0.0,0.0,0.0,-0.0007674726941610321,0.0,0.0,-7.214955779602469e-05,0.0,0.0,0.0,0.0012358467906846283,0.0,-0.018313881941830645,0.00043166209475587706,0.002653508313690942
0.0,-1.8941423945028517e-07,0.0,0.0,0.03505838694794023,0.0,0.0,0.28550266547478337,-0.28550266547478337,0.0,0.0,0.0,0.0013862716686186439,-0.13250286991304394,0.0,0.0,0.24823317049804164,0.0,-4.4701775816029066e-05,0.0,0.0,0.0,0.0,-6.44008635661732e-06,0.0,0.0,-0.00422835046130781,0.0,0.0,0.0,0.0,-0.0003580637665573111,0.0017088653702647285,0.0,-3.366131800705923e-05,0.0,0.0,0.0,0.003994314064114718,0.0,0.0,0.00020139160220842693,0.0012379921639165982
0.0,-2.0893226859692739e-07,0.0,0.0,0.040555902551003456,0.0,0.0,0.28601941751822785,-0.28601941751822785,0.0,0.0,0.0,0.0005866418790401287,-0.1307627248284302,0.0,0.0,0.244909519141257,0.004712384871015046,-4.930803227180583e-05,0.0,0.0,0.0,0.0,-7.103699575877645e-06,0.0,0.0,-0.0037215802628231334,0.0,0.0,0.0,0.0,-0.00039496014273422675,0.0,0.0,-3.7129919881358216e-05,0.0,0.0,0.0,0.00063599686159521,0.0,0.0,0.00022214382850989646,0.0013655600131383082
0.0,-1.761448135035774e-07,0.0,0.0,0.03419152024380412,0.0,0.0,0.2848364259560217,-0.2848364259560217,0.0,0.0,0.0,0.002481019351337993,-0.12911347391201775,-0.003972876759709065,0.0,0.2501778476933577,0.0,-4.157019022035997e-05,0.0,0.0,0.0,0.0,-5.988925719235746e-06,0.0,0.0,-0.004130776953195701,0.0,0.0,0.0,0.0,-0.0003329795878370595,0.0,0.0,-3.1303172347791165e-05,0.0,0.0,0.0,0.004509067503852434,0.0,0.0,0.00018728310139270578,0.0011512645483509932
0.0,-1.7343995579181372e-07,0.0,0.0,0.033600075754846304,0.0,0.0,0.28474555745853175,-0.28474555745853175,0.0,0.0,0.0,0.002725137207014129,-0.12919764131526107,-0.004144283002373466,0.0,0.25061919198617294,0.0,-4.093184358181565e-05,0.0,0.0,0.0,0.0,-5.896960525400927e-06,0.0,0.0,-0.004158650461081275,0.0,0.0,0.0,0.0,-0.0003278663949583905,0.0,0.0,-3.082248475078808e-05,0.0,0.0,0.0,0.004340221152862496,0.0,0.0,0.0001844072055260654,0.001133585874026449
0.0,-2.0738943613635669e-07,0.0,0.0,0.04017702110868126,0.0,0.0,0.28597179186106303,-0.28597179186106303,0.0,0.0,0.0,0.0007808143781676274,-0.1309484509053107,0.0,0.0,0.24516546404355,0.004955493162621572,-4.894392368644139e-05,0.0,0.0,0.0,0.0,-7.051243254173935e-06,0.0,0.0,-0.0037337996454879234,0.0,0.0,0.0,0.0,-0.0003920436122579432,0.0,0.0,-3.6855738942070834e-05,0.0,0.0,0.0,0.0002342914720083117,0.0,0.0,0.00022050343704790683,0.0013554762174217564
0.0,-4.2360320111648283e-07,0.0,0.0,0.02133251449350103,0.0,0.0,0.2804563459982625,-0.2804563459982625,0.0,0.0,0.0,0.0015948520630149853,-0.13082385553684325,0.0,0.0,0.25783844136478373,0.0,-9.997038969306899e-05,0.0,0.0,0.0,0.0,-1.4402513792241593e-05,0.0,0.0,-0.002565550631073477,0.0,0.0,0.0,0.0,-0.0008007685069385299,0.0,0.0,-7.52796732862986e-05,0.0,0.0,0.0,0.0004785519425963428,0.0,-0.02024368073807926,0.0004503891978821266,0.0027686273487893417
0.0,-1.8711376647917447e-07,0.0,0.0,0.0344606624258901,0.0,0.0,0.28543564348946143,-0.28543564348946143,0.0,0.0,0.0,0.0015986798724214298,-0.13275143426676825,0.0,0.0,0.24861879381589103,0.0,-4.415886400895547e-05,0.0,0.0,0.0,0.0,-6.361870248694212e-06,0.0,0.0,-0.004262963097351554,0.0,0.0,0.0,0.0,-0.00035371501210627426,0.0017884054418476087,0.0,-3.325249471863098e-05,0.0,0.0,0.0,0.0037881965771912034,0.0,0.0,0.0001989456618248859,0.0012229565070420027
0.0,-8.236282604315845e-07,0.0,0.0,0.05558467524460976,0.0,0.0,0.18696424750317234,-0.18696424750317234,0.1913945697984985,0.0,0.0,0.0,0.0,-0.1412550404635644,0.0,0.2163002022580315,0.0,-0.00019437633601576234,0.0,0.0069193462316604875,0.0,0.0,-2.8003370487476404e-05,0.0,0.0,-0.0064322732587106,0.0,0.0,0.0,0.0,-0.0015569655060203825,0.0,0.0,-0.00014636921107119452,0.0,0.0,0.0,0.0,0.0,0.0,0.0008757093208717927,0.00538315036585295
0.0,-8.37629497536557e-07,0.0,0.0,0.06431751555500209,0.0,0.0,0.19164988051169027,-0.19164988051169027,0.18284066655464187,0.0,0.0,0.0,0.0,-0.13695700485135057,0.0,0.20967702279587677,0.0,-0.00019768062910391647,0.0,0.007706900920103707,0.0,0.0,-2.8479412712797927e-05,0.0,0.0,-0.006876583205343076,0.0,0.0,0.0,0.0,-0.001583433081577627,0.0,0.0,-0.00014885740887538555,0.0,0.0,0.0,0.0,0.0,0.0,0.0008905959079713362,0.00547466102456266
0.0,-2.332805265362655e-07,0.0,0.0,0.03574773818543163,0.0,0.0,0.28187338284636865,-0.28187338284636865,0.009313791067397138,0.0,0.0,0.0,-0.13247396208383277,0.0,0.0,0.2452864674138357,0.0,-5.505422311296913e-05,0.0,0.0024140463127210335,0.0,0.0,-7.931540630581912e-06,0.0,0.0,-0.004265590917328887,0.0,0.0,0.0,0.0,-0.0004409874581682208,0.004433245447184965,0.0,-4.1456914809472265e-05,0.0,0.0,0.0,0.0,0.0,0.0,0.000248031716831378,0.0015246977454513647
0.0,-4.4131915598695145e-07,0.0,0.0,0.04805823623521985,0.0,0.0,0.25368706505637406,-0.25368706505637406,0.06234936982117218,0.0,0.0,0.0,-0.09685578242184077,-0.03913838037716531,0.0,0.2292016640866598,0.0,-0.0001041513564740508,0.0,0.007362481642838754,0.0,0.0,-1.5004856465035729e-05,0.0,0.0,-0.005274029035674225,0.0,0.0,0.0,0.0,-0.0008342582886333442,0.0,0.0,-7.842802365543795e-05,0.0,0.0,0.0,0.0,0.0,0.0,0.0004692253980874036,0.002884417024209688
0.0,-5.549040525871879e-07,0.0,0.0,0.019892052710133584,0.0,0.0,0.27670192334939253,-0.27670192334939253,0.00464797715951013,0.0,0.0,0.0,-0.12928491248019908,0.0,0.0,0.2569227918422714,0.0,-0.0001309574012500206,0.0,5.243283867849088e-05,0.0,0.0,-1.886674427788395e-05,0.0,0.0,-0.002028949867486368,0.0,0.0,0.0,0.0,-0.0010489762317971581,0.0,0.0,-9.861350356632404e-05,0.0,0.0,0.0,0.0,0.0,-0.02825227859849132,0.0005899926877029452,0.003626796331797474
0.0,-2.3464620780363668e-07,0.0,0.0,0.03827836492128532,0.0,0.0,0.28312238089986375,-0.28312238089986375,0.007085467292584121,0.0,0.0,0.0,-0.13090082534730643,0.0,0.0,0.2440384277284471,0.0,-5.537652400242365e-05,0.0,0.002582185713774574,0.0,0.0,-7.977973809644954e-06,0.0,0.0,-0.004271311857079855,0.0,0.0,0.0,0.0,-0.00044356910662258657,0.004266690021222968,0.0,-4.169961372994773e-05,0.0,0.0,0.0,0.0,0.0,0.0,0.0002494837551751695,0.0015336236990244432
0.0,-2.2603086851957588e-07,0.0,0.0,0.042626971362430585,0.0,0.0,0.28533127728407276,-0.28533127728407276,0.0018932756200373132,0.0,0.0,0.0,-0.13034166615788442,0.0,0.0,0.24275030248171806,0.005754046163026222,-5.3343303235216255e-05,0.0,2.135763833439291e-05,0.0,0.0,-7.685052173225577e-06,0.0,0.0,-0.003703481815401282,0.0,0.0,0.0,0.0,-0.00042728289264430935,0.0,0.0,-4.016855842903095e-05,0.0,0.0,0.0,0.0,0.0,0.0,0.00024032363613120717,0.00147731471954062
0.0,-4.2951217661145254e-07,0.0,0.0,0.05184387255380094,0.0,0.0,0.2579116877111443,-0.2579116877111443,0.05462324021687529,0.0,0.0,0.0,-0.09642566908713004,-0.03644683442267865,0.0,0.22802332016755122,0.0,-0.0001013649083873611,0.0,0.007329951455078541,0.0,0.0,-1.4603419028179404e-05,0.0,0.0,-0.0052151507505466465,0.0,0.0,0.0,0.0,-0.0008119386809886124,0.0,0.0,-7.632977334112738e-05,0.0,0.0,0.0,0.0,0.0,0.0,0.00045667181974728266,0.0028072478103807084
0.0,-4.664036652366824e-07,0.0,0.0,0.05326115588455599,0.0,0.0,0.25327881291213544,-0.25327881291213544,0.06342200059331854,0.0,0.0,0.0,-0.09247586020113877,-0.04136299957003697,0.0,0.22493036842635095,0.0,-0.00011007130268396015,0.0,0.00778096390531327,0.0,0.0,-1.5857730072904232e-05,0.0,0.0,-0.005573803990678968,0.0,0.0,0.0,0.0,-0.0008816773944527765,0.0,0.0,-8.28858597999472e-05,0.0,0.0,0.0,0.0,0.0,0.0,0.0004958960936120732,0.0030483668200486174
0.0,-2.4010664048149173e-07,0.0,0.0,0.03806600154415961,0.0,0.0,0.2824879838786492,-0.2824879838786492,0.008314090975792682,0.0,0.0,0.0,-0.1312613966992125,0.0,0.0,0.24355824958936195,0.0,-5.666518655563186e-05,0.0,0.002484684678659072,0.0,0.0,-8.163628584554902e-06,0.0,0.0,-0.004390408063782311,0.0,0.0,0.0,0.0,-0.0004538913669623567,0.004562968399284594,0.0,-4.2670002024718246e-05,0.0,0.0,0.0,0.0,0.0,0.0,0.00025528947120230646,0.0015693125304787063
0.02872336277344017,-1.2021462334689263e-06,0.0,0.0,0.08112993591172632,0.0,0.0,0.15799466691656164,-0.15799466691656164,0.22190777483063878,0.0,0.0,0.0,0.0,-0.14872543124967497,0.0,0.17208929522964542,0.0,-0.0002837066082390079,0.0,0.010099296503132812,0.0,0.0,-4.087298599772973e-05,0.0,0.0,-0.009388377550996084,0.0,0.0,0.0,0.0,-0.002272506066902883,0.0,0.0,-0.00021363666624655701,0.0,0.0,0.0,0.0,0.0,0.0,0.0012781623849915274,0.007857105259010894
0.032067658230791565,-1.2444458309345297e-06,0.0,0.0,0.0928379213240012,0.0,0.0,0.1611842542079516,-0.1611842542079516,0.21223193512792618,0.0,0.0,0.0,0.0,-0.1447724877814993,0.0,0.16062439149069252,0.0,-0.0002936893166589414,0.0,0.005897719597137457,0.0,0.0,-4.231117280627817e-05,0.0,0.0,-0.010570770957683545,0.0,0.0,0.0,0.0,-0.0023524681290812513,0.0,0.0,-0.00022115384238913517,0.0,0.0,0.0,0.006261032308318051,0.0,0.0,0.0013231367424162512,0.008133571116864139
0.04202374273081291,-1.3061078580516415e-06,0.0,0.0,0.09339730481874807,0.0,0.0,0.15692630642151792,-0.15692630642151792,0.21499307336129564,0.0,0.0,0.0,0.0,-0.14329308784901687,0.0,0.1569509322959797,0.0,-0.0003082415600412269,0.0,0.005740981927775117,0.0,0.0,-4.4407682449432574e-05,0.0,0.0,-0.010645581992612545,0.0,0.0,0.0,0.0,-0.002469032426185784,0.006122296706777326,0.0,-0.00023211196839789176,0.0,0.0,0.0,0.0,0.0,0.0,0.001388697887515873,0.008536587841497629
0.0367505924345557,-1.2569287582439257e-06,0.0,0.0,0.09682205682432737,0.0,0.0,0.162801079367136,-0.162801079367136,0.2067285990361791,0.0,0.0,0.0,0.0,-0.14229954825139873,0.0,0.15896465096975904,0.005451582910263882,-0.00029663528851265133,0.0,0.0050846258410473565,0.0,0.0,-4.27355924807926e-05,0.0,0.0,-0.009804552171155572,0.0,0.0,0.0,0.0,-0.0023760655311722205,0.0,0.0,-0.00022337221724331752,0.0,0.0,0.0,0.0,0.0,0.0,0.0013364090113775848,0.008215158257496347
0.02824867637346827,-1.2296187384268775e-06,0.0,0.0,0.09333568369947656,0.0,0.0,0.15926380593410147,-0.15926380593410147,0.21428581749773515,0.0,0.0,0.0,0.005728180112182914,-0.1467136146518698,0.0,0.1598562497878027,0.0,-0.000290190121629021,0.0,0.011097376244130345,0.0,0.0,-4.1807051487606694e-05,0.0,0.0,-0.009986569886370806,0.0,0.0,0.0,0.0,-0.0023244393778860326,0.0,0.0,-0.0002185188795823861,0.0,0.0,0.0,0.0,0.0,0.0,0.0013073720780231483,0.008036662751413836
0.02689105263496783,-1.1980253200462723e-06,0.0,0.0,0.09199056669324088,0.0,0.0,0.1665443423610215,-0.1665443423610215,0.20772700909484185,0.0,0.0,0.0,0.0,-0.14210158800037834,0.0,0.16543673332259398,0.0,-0.000282734072338268,0.0,0.01102284777282356,0.0,0.0,-4.073287489316306e-05,0.0,0.0,-0.009835280180120939,0.0,0.0,0.0,0.0,-0.0022647159990280795,0.0,0.0,-0.0002129043275501523,0.0,0.0,0.0,0.0,0.0,0.0,0.001273780890975243,0.007830171388884602
0.029823799645944858,-1.220055259317569e-06,0.0,0.0,0.08423388258019839,0.0,0.0,0.15802511622214377,-0.15802511622214377,0.22099506252760512,0.0,0.0,0.0,0.0,-0.14796564206477797,0.0,0.1687836561598988,0.0,-0.00028793313978644,0.0,0.010412788624610652,0.0,0.0,-4.148189308603985e-05,0.0,0.0,-0.009609760020360208,0.0,0.0,0.0,0.0,-0.0023063608249683154,0.0,0.0,-0.00021681932778265566,0.0,0.0,0.0,0.0,0.0,0.0,0.0012972038647668476,0.007974156826666759
0.030068364941947905,-1.2153876398754234e-06,0.0,0.0,0.08223786215787789,0.0,0.0,0.15742055253603798,-0.15742055253603798,0.22182335505595493,0.0,0.0,0.0,-0.0011357678361732808,-0.14787778139077631,0.0,0.17017035970525934,0.0,-0.0002868315812209231,0.0,0.010253397448913409,0.0,0.0,-4.1323193970416434e-05,0.0,0.0,-0.009513218281296035,0.0,0.0,0.0,0.0,-0.002297537278210895,0.0,0.0,-0.00021598983247737144,0.0,0.0,0.0,0.0,0.0,0.0,0.0012922410944879025,0.007943649741717438
0.0,-7.96426264995126e-07,0.0,0.0,0.05047464705335337,0.0,0.0,0.1864836892061898,-0.1864836892061898,0.19076769111324232,0.0,0.0,0.0,0.0,-0.14313826886114328,0.0,0.2205450800501133,0.0,-0.00018795666289468018,0.0,0.0,0.0,0.0,-2.7078502324493952e-05,0.0,0.0,-0.006646908041964098,0.0,0.0,0.0,0.0,-0.0015055435592220819,0.0,0.0,-0.00014153507071579884,0.0,0.0,0.0,0.007544968107590854,0.0,0.0,0.0008467872426789725,0.00520536089611211
0.0,-8.069317366242081e-07,0.0,0.0,0.05832713886222543,0.0,0.0,0.19094490914441642,-0.19094490914441642,0.18245853857418104,0.0,0.0,0.0,0.0,-0.13920424139664983,0.0,0.21463007148263183,0.0,-0.00019043595504804618,0.0,0.0,0.0,0.0,-2.743568848275023e-05,0.0,0.0,-0.007098469013228509,0.0,0.0,0.0,0.0,-0.001525402830372377,0.0,0.0,-0.00014340202656002135,0.0,0.0,0.0,0.00837225834796494,0.0,0.0,0.0008579570141252809,0.005274023587960393
0.023152040103611583,-1.0914485502229138e-06,0.0,0.0,0.06917210389807141,0.0,0.0,0.16295517441048177,-0.16295517441048177,0.21513019066805392,0.0,0.0,0.0,0.0,-0.14985727571047575,0.0,0.1864819761396466,0.0,-0.0002575819460479384,0.0,0.0,0.0,0.0,-3.7109263472692726e-05,0.0,0.0,-0.009109139746805236,0.0,0.0,0.0,0.0,-0.002063246036995582,0.0,0.0,-0.00019396428084827365,0.0,0.0,0.0,0.010339870574909475,0.0,0.0,0.0011604648779066564,0.007133596483641055
0.02849754977889141,-1.1748609739460587e-06,0.0,0.0,0.08492202755321072,0.0,0.0,0.16401810288275326,-0.16401810288275326,0.2086573795860223,0.0,0.0,0.0,0.0,-0.14568081861700855,0.0,0.17000522092614792,0.0,-0.00027726728478680496,0.0,0.0,0.0,0.0,-3.994528685483555e-05,0.0,0.0,-0.01033509259816287,0.0,0.0,0.0,0.0,-0.0022209267198347554,0.0,0.0,-0.00020878772880463122,0.0,0.0,0.0,0.012189679932490862,0.0,0.0,0.0012491517776162286,0.007678771583687573
0.0,-2.3137217082214733e-07,0.0,0.0,0.03545530314404225,0.0,0.0,0.2815627608296532,-0.2815627608296532,0.008639024884807243,0.0,0.0,0.0,-0.1338843169422943,0.0,0.0,0.24467657080327035,0.0,-5.460385101023111e-05,0.0,0.0,0.0,0.0,-7.866656513982584e-06,0.0,0.0,-0.004529983441190795,0.0,0.0,0.0,0.0,-0.00043737995201181243,0.0031998301189825645,0.0,-4.11177757418396e-05,0.0,0.0,0.0,0.004190021782924568,0.0,0.0,0.0002460026887289225,0.001512224927003817
0.0,-3.251975115841845e-07,0.0,0.0,0.04083819906672408,0.0,0.0,0.26831446428525324,-0.26831446428525324,0.03238066589108418,0.0,0.0,0.0,-0.11884152301414555,-0.01798966208403918,0.0,0.23670866823129047,0.0,-7.674663901169995e-05,0.0,0.0,0.0,0.0,-1.1056719197232752e-05,0.0,0.0,-0.00524261470269433,0.0,0.0,0.0,0.0,-0.0006147449432040184,0.0,0.0,-5.779173141527551e-05,0.0,0.0,0.0,0.008137854464919917,0.0,0.0,0.00034576095272563625,0.002125457791530316
0.0,-5.519665236605493e-07,0.0,0.0,0.02004752531446334,0.0,0.0,0.27674963263358465,-0.27674963263358465,0.004649449519434849,0.0,0.0,0.0,-0.12934372179373063,0.0,0.0,0.2567883531084712,0.0,-0.00013026414418596463,0.0,0.0,0.0,0.0,-1.876686826002216e-05,0.0,0.0,-0.002057325547513233,0.0,0.0,0.0,0.0,-0.0010434232032872854,0.0,0.0,-9.809146733693871e-05,0.0,0.0,0.0,0.00013038817952439486,0.0,-0.02799840727001255,0.0005868694079601641,0.0036075969421263954
0.0,-2.3259415336224513e-07,0.0,0.0,0.03794360865362101,0.0,0.0,0.2827793902473831,-0.2827793902473831,0.006383601742961546,0.0,0.0,0.0,-0.13242231055428577,0.0,0.0,0.24339733754159912,0.0,-5.489223898843742e-05,0.0,0.0,0.0,0.0,-7.908203934637692e-06,0.0,0.0,-0.004553908361168844,0.0,0.0,0.0,0.0,-0.0004396899561183914,0.002949574636914411,0.0,-4.133493757191469e-05,0.0,0.0,0.0,0.004479306461831527,0.0,0.0,0.0002473019417435598,0.0015202116803412346
0.0,-2.2603810997987998e-07,0.0,0.0,0.042606978700758615,0.0,0.0,0.2853190602576867,-0.2853190602576867,0.001904015437114143,0.0,0.0,0.0,-0.13036186071884595,0.0,0.0,0.24274740042932835,0.005732872185607966,-5.334501222043317e-05,0.0,0.0,0.0,0.0,-7.68529838296061e-06,0.0,0.0,-0.0037089400462850487,0.0,0.0,0.0,0.0,-0.00042729658171309,0.0,0.0,-4.016984532857366e-05,0.0,0.0,0.0,5.339580644846633e-05,0.0,0.0,0.00024033133549582309,0.0014773620489871167
0.0,-3.1686561292576765e-07,0.0,0.0,0.04365452491163472,0.0,0.0,0.2713834316289944,-0.2713834316289944,0.026778525071694065,0.0,0.0,0.0,-0.11845254957167144,-0.01607295388445291,0.0,0.2358148944971699,0.0,-7.478031025504816e-05,0.0,0.0,0.0,0.0,-1.0773434545400272e-05,0.0,0.0,-0.0051992806043885545,0.0,0.0,0.0,0.0,-0.0005989945380345615,0.0,0.0,-5.6311047116367926e-05,0.0,0.0,0.0,0.008111328457041657,0.0,0.0,0.00033690219730615674,0.0020710013510873864
0.0,-3.386173502908682e-07,0.0,0.0,0.044317663860754794,0.0,0.0,0.2686216909432665,-0.2686216909432665,0.03192270440817546,0.0,0.0,0.0,-0.1165689013130753,-0.018732036656278345,0.0,0.23391742120034886,0.0,-7.991372203087758e-05,0.0,0.0,0.0,0.0,-1.1512993870212672e-05,0.0,0.0,-0.00545896028101292,0.0,0.0,0.0,0.0,-0.0006401134583053764,0.0,0.0,-6.017660733389771e-05,0.0,0.0,0.0,0.008473677127909206,0.0,0.0,0.00036002937745632845,0.002213168489565031
0.0,-2.3808545229014222e-07,0.0,0.0,0.03774556662133256,0.0,0.0,0.2821631755040877,-0.2821631755040877,0.007628161752631502,0.0,0.0,0.0,-0.13272288033958418,0.0,0.0,0.2429452047066282,0.0,-5.618818597914972e-05,0.0,0.0,0.0,0.0,-8.094908162410068e-06,0.0,0.0,-0.0046614212618155,0.0,0.0,0.0,0.0,-0.00045007056521684843,0.0032926734378750946,0.0,-4.23108111916606e-05,0.0,0.0,0.0,0.004311595589687287,0.0,0.0,0.0002531404758078632,0.0015561022504598791
0.036788163596697745,-1.2164722462603346e-06,0.0,0.0,0.07918786681878465,0.0,0.0,0.15756103391892778,-0.15756103391892778,0.2130973548285841,0.0,0.0,0.0,-0.012291724361967486,-0.14087058334630698,0.0,0.16809123036354723,0.0,-0.0002870875484154046,0.0,0.0,0.0,0.0,-4.136007060018851e-05,0.0,0.0,-0.010414103271629204,0.0,0.0,0.0,0.0,-0.0022995875899960096,0.0,0.0,-0.00021618258081847265,0.0,0.0,0.0,0.012047338409499581,0.0,0.0,0.0012933942845450846,0.007950738618505957
0.035932424869474726,-1.2450843664534968e-06,0.0,0.0,0.09108967808831227,0.0,0.0,0.16126695919104653,-0.16126695919104653,0.20720974982626475,0.0,0.0,0.0,-0.006413854093669532,-0.14074190513062343,0.0,0.15942403838483107,0.0,-0.000293840011093015,0.0,0.0,0.0,0.0,-4.2332883021391095e-05,0.0,0.0,-0.011089303235783523,0.0,0.0,0.0,0.0,-0.002353675200068446,0.0,0.0,-0.00022126731826732223,0.0,0.0,0.0,0.013191207317297251,0.0,0.0,0.0013238156548971978,0.008137744519936464
0.0386366378791098,-1.1850385223684795e-06,0.0,0.0,0.06904257004031737,0.0,0.0,0.15599055756715138,-0.15599055756715138,0.22021566252423747,0.0,0.0,0.0,0.0,-0.14783046637325398,0.0,0.18167249345706654,0.0,-0.0002796691870369008,0.0,0.0,0.0,0.0,-4.029132362023009e-05,0.0,0.0,-0.00913261752125296,0.0,0.0,0.0,0.0,-0.0022401660934585526,0.009711265126356157,0.0,-0.00021059640852677674,0.0,0.0,0.0,0.0,0.0,0.0,0.0012599728900589556,0.007745291002879105
0.047585541527059835,-1.2954766143425895e-06,0.0,0.0,0.0863838872283999,0.0,0.0,0.1557887195238092,-0.1557887195238092,0.21408152534354594,0.0,0.0,0.0,0.0,-0.14282541542295588,0.0,0.16255541928975561,0.0,-0.00030573258566682484,0.0,0.0,0.0,0.0,-4.4046220038986345e-05,0.0,0.0,-0.010489062692820237,0.0,0.0,0.0,0.0,-0.002448935398756909,0.01162697959840137,0.0,-0.00023022266125636147,0.0,0.0,0.0,0.0,0.0,0.0,0.0013773943909559103,0.008467103116153374
0.05512409932405711,-1.3280702342793642e-06,0.0,0.0,0.07921858290247609,0.0,0.0,0.14932738282779184,-0.14932738282779184,0.21900092997900758,0.0,0.0,0.0,-0.012515117489323354,-0.13833966872734424,0.0,0.16213886427467142,0.0,-0.00031342468260565595,0.0,0.0,0.0,0.0,-4.515440349803767e-05,0.0,0.0,-0.010465245255082686,0.0,0.0,0.0,0.0,-0.002510549532700425,0.011344074021480749,0.0,-0.00023601496181875379,0.0,0.0,0.0,0.0,0.0,0.0,0.0014120490260028306,0.008680131694113025
0.006685385025722849,-2.7687422518070817e-07,0.0,0.0,0.03574261982754777,0.0,0.0,0.2778811496993736,-0.2778811496993736,0.012009336831522397,0.0,0.0,0.0,-0.13319414223881418,0.0,0.0,0.24209758853782795,0.0,-6.534233951567961e-05,0.0,0.0,0.0,0.0,-9.413726894346146e-06,0.0,0.0,-0.004585184751556424,0.0,0.0,0.0,0.0,-0.000523395855657737,0.007171806799835069,0.0,-4.920406918093462e-05,0.0,0.0,0.0,0.0,0.0,0.0,0.00029438200623768185,0.0018096217167145002
0.05609901941590065,-1.3712513839499536e-06,0.0,0.0,0.09232964169344067,0.0,0.0,0.15254785167064985,-0.15254785167064985,0.2131340532247523,0.0,0.0,0.0,-0.00606499028674834,-0.13793329576835758,0.0,0.1519709738329676,0.0,-0.0003236154374172007,0.0,0.0,0.0,0.0,-4.6622563091865895e-05,0.0,0.0,-0.011214212523770853,0.0,0.0,0.0,0.0,-0.0025921780583075737,0.012530313834799725,0.0,-0.00024368880099362553,0.0,0.0,0.0,0.0,0.0,0.0,0.0014579606794381805,0.008962359287330114
0.006918841980039652,-2.865428101748124e-07,0.0,0.0,0.03850905219526966,0.0,0.0,0.27847520265009906,-0.27847520265009906,0.010910426427217899,0.0,0.0,0.0,-0.131772218051963,0.0,0.0,0.23992377942918267,0.0,-6.762412635556557e-05,0.0,0.0,0.0,0.0,-9.74245889722531e-06,0.0,0.0,-0.0047453016727149735,0.0,0.0,0.0,0.0,-0.0005416730980145722,0.007422249843279228,0.0,-5.0922299632400995e-05,0.0,0.0,0.0,0.0,0.0,0.0,0.00030466197161252407,0.0018728146028121912
0.039820836018958916,-1.1179387079435378e-06,0.0,0.0,0.06478329465273377,0.0,0.0,0.15631937533611123,-0.15631937533611123,0.21604901563331694,0.0,0.0,0.0,0.0,-0.15415633471341392,0.0,0.1870364538365684,0.0,-0.00026383362541056296,0.0,0.0,0.005185091836378366,0.0,-3.8009929145011454e-05,0.0,0.0,-0.009219903319441222,0.0,0.0,0.0,0.0,-0.0021133223442345284,0.0,0.0,-0.00019867191859334991,0.0,0.0,0.0,0.0,0.0,0.0,0.0011886301062527048,0.007306733454621818
0.04781242172989045,-1.2076469548554778e-06,0.0,0.0,0.08031531801631317,0.0,0.0,0.15641795643182538,-0.15641795643182538,0.2095332079899026,0.0,0.0,0.0,0.0,-0.15050730598828588,0.0,0.1701829519412623,0.0,-0.000285004778930724,0.0,0.0,0.005961792837678459,0.0,-4.106001058920656e-05,0.0,0.0,-0.010496659768132768,0.0,0.0,0.0,0.0,-0.002282904487972847,0.0,0.0,-0.0002146142143569753,0.0,0.0,0.0,0.0003525693753885985,0.0,0.0,0.0012840109373313876,0.007893057413358965
0.048363319335223705,-1.2112650594237131e-06,0.0,0.0,0.0803668508245048,0.0,0.0,0.1561793325467707,-0.1561793325467707,0.2096968347966465,0.0,0.0,0.0,0.0,-0.150413052255245,0.0,0.1699560991117229,0.0,-0.00028585865190119123,0.0,0.0,0.005952641268705053,0.0,-4.1183026186842356e-05,0.0,0.0,-0.01050109463904682,0.0,0.0,0.0,0.0,-0.002289744059027591,0.00035362567157067764,0.0,-0.0002152571975287137,0.0,0.0,0.0,0.0,0.0,0.0,0.0012878578280301502,0.007916704976059138
0.047975050277715044,-1.2087834349104819e-06,0.0,0.0,0.0806849846415058,0.0,0.0,0.15656515664378676,-0.15656515664378676,0.20920104160834102,0.0,0.0,0.0,0.0,-0.150296042697957,0.0,0.16999020480675608,0.0003529011677733872,-0.0002852729883155391,0.0,0.0,0.005908586439461401,0.0,-4.1098650924368475e-05,0.0,0.0,-0.010447720996143587,0.0,0.0,0.0,0.0,-0.002285052860398769,0.0,0.0,-0.00021481618130862157,0.0,0.0,0.0,0.0,0.0,0.0,0.0012852192812226357,0.007900485331168237
0.048121713500808905,-1.206193959098725e-06,0.0,0.0,0.07999125852884982,0.0,0.0,0.1562297601828624,-0.1562297601828624,0.20952320526132023,0.0,0.0,0.0,0.00017607258853554223,-0.15072238453760523,0.0,0.17041837563463622,0.0,-0.0002846618718147199,0.0,0.0,0.006123356061660529,0.0,-4.101060871648335e-05,0.0,0.0,-0.010476694220892048,0.0,0.0,0.0,0.0,-0.0022801577824719055,0.0,0.0,-0.00021435599854187655,0.0,0.0,0.0,0.0,0.0,0.0,0.0012824660632801876,0.007883560781182394
0.048075580180317976,-1.205221346238685e-06,0.0,0.0,0.07995241423389787,0.0,0.0,0.15645564575329737,-0.15645564575329737,0.20932126951957047,0.0,0.0,0.0,0.0,-0.1505788584210424,0.0,0.17058883758111926,0.0,-0.00028443233510115775,0.0,0.0,0.006122083722916861,0.0,-4.0977539867866724e-05,0.0,0.0,-0.01047191157383865,0.0,0.0,0.0,0.0,-0.002278319180342104,0.0,0.0,-0.00021418315287370198,0.0,0.0,0.0,0.0,0.0,0.0,0.0012814319485125734,0.007877203882658036
0.04813312891862207,-1.2059285453980035e-06,0.0,0.0,0.0797206084154758,0.0,0.0,0.156195383026104,-0.156195383026104,0.20975215417498638,0.0,0.0,0.0,0.0,-0.15075523192840493,0.0,0.1706889356111641,0.0,-0.0002845992341599027,0.0,0.0,0.006111006548950018,0.0,-4.1001584647554655e-05,0.0,0.0,-0.010463386789612457,0.0,0.0,0.0,0.0,-0.002279656051294503,0.0,0.0,-0.00021430883115356752,0.0,0.0,0.0,0.0,0.0,0.0,0.0012821838664897483,0.007881826064285488
0.0,-2.0334699014377822e-07,0.0,0.0,0.02519089598704825,0.0,0.0,0.28165996551492717,-0.28165996551492717,0.0,0.0,0.0,0.004314438671088221,-0.12196191366264127,-0.012247084684441894,0.0,0.25870186686120056,0.0,-4.798990610553995e-05,0.0,0.0005502783769107137,0.0,0.008526415018620177,-6.913800043147554e-06,0.0,0.0,-0.003166268858303612,0.0,0.0,0.0,0.0,-0.0003844018771782157,0.0,0.0,-3.613734490539514e-05,0.0,0.0,0.0,0.0,0.0,0.0,0.00021620537224745088,0.0013290552024210246
0.0,-2.0758221303402425e-07,0.0,0.0,0.02498097883090586,0.0,0.0,0.281476756536932,-0.281476756536932,0.0,0.0,0.0,0.004188244337094432,-0.12244957437512487,-0.01202684375107856,0.0,0.25847260374633435,0.0,-4.898941904986842e-05,0.0,0.0,0.0,0.008920053082361334,-7.057797670949268e-06,0.0,0.0,-0.0032106091733388447,0.0,0.0,0.0,0.0,-0.0003924080327063974,0.0,0.0,-3.688999784718607e-05,0.0,0.0,0.0,0.0007345822088914756,0.0,0.0,0.00022070840394164575,0.0013567361875770584
0.0,-3.083922839133998e-07,0.0,0.0,0.02401683276096439,0.0,0.0,0.27193548033585274,-0.27193548033585274,0.014187214133350582,0.0,0.0,0.004039571860244534,-0.11152548562333953,-0.024415496151238898,0.0,0.25631211875729404,0.0,-7.278060392343556e-05,0.0,0.0,0.0,0.015434629326441407,-1.0485341259879346e-05,0.0,0.0,-0.0031328207678824518,0.0,0.0,0.0,0.0,-0.0005829767765914252,0.0,0.0,-5.48052288458328e-05,0.0,0.0,0.0,0.0,0.0,0.0,0.00032789306836847836,0.0020156205362656383
0.0,-1.1136647015373327e-06,0.0,0.0,0.02837874027599763,0.0,0.0,0.1942772397582421,-0.1942772397582421,0.13875889043302936,0.0,0.0,0.0,-0.03075439337581156,-0.11734448396404461,0.0,0.22538432554306517,0.0,-0.00026282495955333424,0.0,0.0,0.0,0.05573745764338775,-3.7864612877213534e-05,0.0,0.0,-0.0040193859413905735,0.0,0.0,0.0,0.0,-0.0021052428733534727,0.0,0.0,-0.00019791237332779328,0.0,0.0,0.0,0.0,0.0,0.0,0.0011840858386174269,0.007278798984358298
0.0,-5.570508226472774e-07,0.0,0.0,0.019705831117546004,0.0,0.0,0.27666705701600497,-0.27666705701600497,0.004560687521946087,0.0,0.0,0.0,-0.12928504096745266,0.0,0.0,0.2570482661189213,0.0,-0.00013146403915767312,0.0,0.0,0.0,0.000131589217016018,-1.89397344850347e-05,0.0,0.0,-0.0020104814690613264,0.0,0.0,0.0,0.0,-0.0010530344302508699,0.0,0.0,-9.899501189373611e-05,0.0,0.0,0.0,0.0,0.0,-0.028387896681353525,0.0005922752059720533,0.003640827402111061
0.0,-1.4269265978016115e-07,0.0,0.0,0.0,0.0,0.0,0.2744982292887105,-0.2744982292887105,0.01840812027305346,0.0,0.0,0.0,-0.14891825729217664,0.0,0.0,0.27309895069576745,0.0,-3.3675479238507e-05,0.0,0.0,0.0,0.004134535977202936,-4.851552101397566e-06,0.0,0.0,-0.002018521840813368,0.0,0.0,0.0,0.0,-0.0002697425038859111,0.0030070444909039234,0.0,-2.5358299418633727e-05,0.0,0.0,0.0,0.0,0.0,0.0,0.0001517156442932113,0.0009326246810637588
0.0,-2.737065387045686e-07,0.0,0.0,0.03199984419658106,0.0,0.0,0.28286303594427004,-0.28286303594427004,0.0022408906781839406,0.0,0.0,0.0,-0.13140620043396503,0.0,0.0,0.2481162841969406,0.0,-6.459476525134334e-05,0.0,0.0,0.0,0.008433680380988788,-9.3060255171095e-06,0.0,0.0,-0.003777523390733966,0.0,0.0,0.0,0.0,-0.0005174077432845018,0.005579349406455209,0.0,-4.864113102945534e-05,0.0,0.0,0.0,0.0,0.0,0.0,0.0002910140152324905,0.001788918040757579
0.0,-2.2626161627706477e-07,0.0,0.0,0.042595659842066876,0.0,0.0,0.28533394048884547,-0.28533394048884547,0.0018524495218339597,0.0,0.0,0.0,-0.13034377875798564,0.0,0.0,0.24277363444245084,0.005765265146997592,-5.339775972462938e-05,0.0,0.0,0.0,5.344860417795342e-05,-7.692897599678926e-06,0.0,0.0,-0.003699245292106953,0.0,0.0,0.0,0.0,-0.00042771909222154763,0.0,0.0,-4.020956523858651e-05,0.0,0.0,0.0,0.0,0.0,0.0,0.00024056897492263888,0.001478822863365718
0.0,-5.74220832491949e-08,0.0,0.0,0.0,0.0,0.0,0.28189222281740933,-0.28189222281740933,0.002567403109466255,0.0,0.0,0.003025221468237092,-0.14654954995361527,0.0,0.0,0.27890895086291595,0.0,-1.3551616286845134e-05,0.0,0.0,0.0,0.002873899952543118,-1.9523515020566595e-06,0.0,0.0,-0.001719855799728122,0.0,0.0,0.0,0.0,-0.00010854921716258148,0.0,0.0,-1.0204634089224853e-05,0.0,0.0,0.0,0.0,0.0,0.0,6.105309390288094e-05,0.0003753048836485605
0.0,-6.015379900035989e-07,0.0,0.0,0.0,0.0,0.0,0.22756603763541922,-0.22756603763541922,0.09027819081621628,0.0,0.0,0.0,-0.09325462839397823,-0.06338278022487424,0.0,0.25969687934471825,0.0,-0.0001419630142485844,0.0,0.0,0.0,0.03010618743005051,-2.045229869545244e-05,0.0,0.0,-0.002171042448319673,0.0,0.0,0.0,0.0,-0.0011371318178247899,0.0,0.0,-0.00010690094701223836,0.0,0.0,0.0,0.0,0.0,0.0,0.0006395754614206704,0.003931590993812558
0.0,-8.193431791045413e-07,0.0,0.0,0.03649924997301497,0.0,0.0,0.23155818607956835,-0.23155818607956835,0.07669075687633352,0.0,0.0,0.0,-0.05620660152081287,-0.07900033155971219,0.0,0.233935650549817,0.0,-0.00019336505647632088,0.0,0.0,0.0,0.043451091067626464,-2.785767767224046e-05,0.0,0.0,-0.002957134630127858,0.0,0.0,0.0,0.0,-0.0015488650993961582,0.0,0.0,-0.0001456076976514309,0.0,0.0,0.0,0.0,0.0,0.0,0.0008711532780074802,0.00535514351103559
0.0,-9.762943973552316e-07,0.0,0.0,0.030485037214648313,0.0,0.0,0.21068220486981631,-0.21068220486981631,0.11155075546303507,0.0,0.0,0.0,-0.043781271047028274,-0.09950598170197344,0.0,0.23010270630992255,0.0,-0.00023040555666604644,0.0,0.0,0.0,0.049983615795968536,-3.3194020928398e-05,0.0,0.0,-0.0035235955399960705,0.0,0.0,0.0,0.0,-0.0018455616124761637,0.0,0.0,-0.00017349992415174376,0.0,0.0,0.0,0.0,0.0,0.0,0.0010380291021472342,0.006380960677028102
0.0,-3.6334892500497383e-07,0.0,0.0,0.0253753489676588,0.0,0.0,0.2678106911040906,-0.2678106911040906,0.020471477501109017,0.0,0.0,0.0035074219324840276,-0.10573339946124587,-0.03001844402536617,0.0,0.2539939161576276,0.0,-8.575037566186023e-05,0.0,0.0,0.0,0.018602475970901845,-1.2353867699742143e-05,0.0,0.0,-0.003065092712442948,0.0,0.0,0.0,0.0,-0.000686865385830606,0.0,0.0,-6.457172252525247e-05,0.0,0.0,0.0,0.0,0.0,0.0,0.0003863248210896379,0.002374811541250259
0.0,-1.0766227776529344e-06,0.0,0.0,0.038085836643967655,0.0,0.0,0.20552472717791345,-0.20552472717791345,0.11854618956968185,0.0,0.0,0.0,-0.030408347891202444,-0.10973166158002702,0.0,0.2224729456225544,0.0,-0.00025408306252341537,0.0,0.0,0.0,0.05512015578617758,-3.6605187031917554e-05,0.0,0.0,-0.003885695982556928,0.0,0.0,0.0,0.0,-0.0020352197809763123,0.0,0.0,-0.00019132955261122684,0.0,0.0,0.0,0.0,0.0,0.0,0.0011447016169157658,0.0070366967451688505
0.0,-5.225018821823093e-07,0.0,0.0,0.029984978809622413,0.0,0.0,0.25501227111635366,-0.25501227111635366,0.04028033152508782,0.0,0.0,0.002875331569222733,-0.08807860211033487,-0.04750382942908882,0.0,0.24598551733672153,0.0,-0.0001233104864161872,0.0,0.0,0.0,0.026750674184365185,-1.7765070105156205e-05,0.0,0.0,-0.0033234548526267236,0.0,0.0,0.0,0.0,-0.0009877240090842621,0.0,0.0,-9.285522601927714e-05,0.0,0.0,0.0,0.0,0.0,0.0,0.0005555416082497465,0.003415019048465729
0.0,-8.02631623140315e-08,0.0,0.0,0.0,0.0,0.0,0.2827882322092584,-0.2827882322092584,0.0007695993510868399,0.0,0.0,0.0,-0.1442931206802719,0.0,0.0,0.28143734171161194,0.0,-1.8942112791837345e-05,0.0,0.0,0.0,0.006836118974571751,-2.7289484574005582e-06,0.0,0.0,-0.00028968200731443696,0.0,0.0,0.0,0.0,-0.00015172740073486423,0.0,0.0,-1.4263784173491077e-05,0.0,0.0,0.0,0.0,0.0,0.0,8.533849885652564e-05,0.0005245918484497942
0.0,-3.536847515034692e-07,0.0,0.0,0.0,0.0,0.0,0.2728204440442757,-0.2728204440442757,0.015407387020946196,0.0,0.0,0.0,-0.14317682169576176,0.0,0.0,0.2728757079403036,0.0,-8.346962993458424e-05,0.0,0.0,0.0,8.354910831954028e-05,-1.2025285687662962e-05,0.0,0.0,-0.0012765022685147997,0.0,0.0,0.0,0.0,-0.0006685964828449868,0.0,0.0,-6.28542760520958e-05,0.0,0.0,0.0,0.0,0.0,-0.018024147483950856,0.00037604954616238473,0.002311647488218579
0.0,-1.4021534685873603e-07,0.0,0.0,0.0,0.0,0.0,0.27488621314723677,-0.27488621314723677,0.017540963909325333,0.0,0.0,0.0,-0.14870029426101733,0.0,0.0,0.2734790177004638,0.0,-3.309083318886951e-05,0.0,0.0,0.0,0.004320435403234748,-4.767323433095524e-06,0.0,0.0,-0.001935162948629662,0.0,0.0,0.0,0.0,-0.00026505945577843555,0.002858208707672142,0.0,-2.491804942321047e-05,0.0,0.0,0.0,0.0,0.0,0.0,0.00014908168171539577,0.0009164332162974651
0.0,-7.254786531716324e-08,0.0,0.0,0.0,0.0,0.0,0.27778790535918896,-0.27778790535918896,0.014251712264735934,0.0,0.0,0.0,-0.14952470762760992,0.0,0.0,0.2759506832804507,0.0,-1.712130207713599e-05,0.0,0.0,0.0018485578167617544,1.7137604694489175e-05,-2.466628269272236e-06,0.0,0.0,-0.0021103941392483817,0.0,0.0,0.0,0.0,-0.00013714260335730464,0.0,0.0,-1.289267782750458e-05,0.0,0.0,0.0,0.0,0.0,0.0,7.713533510166453e-05,0.0004741654536226032
0.0,-9.96178095574378e-08,0.0,0.0,0.0,0.0,0.0,0.2748303176575848,-0.2748303176575848,0.01956948494692633,0.0,0.0,0.0,-0.15074343358040515,0.0,0.0,0.27484588312442076,0.0025383142528181287,-2.3509811105248235e-05,0.0,0.0,0.0,2.353219675400133e-05,-3.387006690040017e-06,0.0,0.0,-0.0016286930106788654,0.0,0.0,0.0,0.0,-0.00018831492399855784,0.0,0.0,-1.770335100682701e-05,0.0,0.0,0.0,0.0,0.0,0.0,0.0001059170120128798,0.0006510918502038646
0.0,-5.8144965125548224e-08,0.0,0.0,0.0,0.0,0.0,0.2819013512186369,-0.2819013512186369,0.0025329392268129873,0.0,0.0,0.002963128668728543,-0.14650778213990695,0.0,0.0,0.2789473078081605,0.0,-1.3722216468077536e-05,0.0,0.0,0.0,0.0029768639512615324,-1.9769294943071885e-06,0.0,0.0,-0.001691418391034702,0.0,0.0,0.0,0.0,-0.00010991573431659418,0.0,0.0,-1.0333099387251485e-05,0.0,0.0,0.0,0.0,0.0,0.0,6.182168627327893e-05,0.0003800295659161659
0.0,-5.099338372176121e-07,0.0,0.0,0.0,0.0,0.0,0.23742510643036102,-0.23742510643036102,0.07418751657142056,0.0,0.0,0.0,-0.10248170207393632,-0.0519735309480939,0.0,0.26349155000882524,0.0,-0.00012034442678894824,0.0,0.0,0.0,0.026107224490785404,-1.7337756429366044e-05,0.0,0.0,-0.001840429074857511,0.0,0.0,0.0,0.0,-0.0009639657027848973,0.0,0.0,-9.062172467581173e-05,0.0,0.0,0.0,0.0,0.0,0.0,0.0005421788393290273,0.00333287558751368
0.0023258842636954477,-2.0223413940390704e-07,0.0,0.0,0.02505303455513139,0.0,0.0,0.28066580067931624,-0.28066580067931624,0.0,0.0,0.0,0.004974910783912145,-0.1208155979712731,-0.013685044380847916,0.0,0.2587910611468362,0.0,-4.7727273241005606e-05,0.0,0.0,0.0,0.007795669165727293,-6.87596310497651e-06,0.0,0.0,-0.003217349278030755,0.0,0.0,0.0,0.0,-0.0003822981729968891,0.0,0.0,-3.593957718340175e-05,0.0,0.0,0.0,0.0,0.0,0.0,0.00021502215184030554,0.0013217817234071573
0.005921661387566725,-1.3181018046528116e-06,0.0,0.0,0.03358826828212259,0.0,0.0,0.17072439078651705,-0.17072439078651705,0.17607439128158783,0.0,0.0,0.0,-0.006791716654276952,-0.14480724864335992,0.0,0.21346351245082992,0.0,-0.000311072132408283,0.0,0.0,0.0,0.06004760512962856,-4.481547677414841e-05,0.0,0.0,-0.004757230659847267,0.0,0.0,0.0,0.0,-0.0024917054718256787,0.0,0.0,-0.00023424344516475667,0.0,0.0,0.0,0.0,0.0,0.0,0.0014014502557106938,0.008614979054057866
0.02791642183048481,-1.1221144265596739e-06,0.0,0.0,0.0,0.0,0.0,0.14533953385916382,-0.14533953385916382,0.2242386002416592,0.0,0.0,0.0,-0.03437592110218767,-0.14615123537130056,0.0,0.23319311945763282,0.0,-0.00026481909534139327,0.0,0.0,0.0,0.028243933467718512,-3.8151903626797494e-05,0.0,0.0,-0.004049882289094269,0.0,0.0,0.0,0.0,-0.002121216014425938,0.0,0.0,-0.00019941399686926884,0.0,0.0,0.0,0.0,0.0,0.0,0.0011930698709975089,0.007334025525906955
0.0,-1.4444041094199997e-07,0.0,0.0,0.028297540937452216,0.0,0.0,0.28620438138542426,-0.28620438138542426,0.0,0.0,0.0,0.0,-0.13532948646880436,0.0,0.0,0.2547022211048258,0.0,-3.4087948653929324e-05,0.0,0.0,0.0030817987192687628,0.0,-4.910975661341034e-06,0.0,0.0,-0.003983640681261328,0.0,0.0,0.0,0.0,-0.0002730464073613263,0.00045668218047964374,0.0,-2.566889701587142e-05,0.0,0.0,0.0,0.000304386751205688,0.0,0.0,0.00015357391222367884,0.0009440478045264514
0.0,-1.3827055019363347e-07,0.0,0.0,0.027689909360943347,0.0,0.0,0.2861834466482231,-0.2861834466482231,0.0,0.0,0.0,0.0,-0.13485865574678726,-0.0007650557617966985,0.0,0.25553509890524034,0.0,-3.263186101875453e-05,0.0,0.0,0.0034419793578566375,0.0,-4.70120032373653e-06,0.0,0.0,-0.003950094126448426,0.0,0.0,0.0,0.0,-0.0002613830625932363,0.0,0.0,-2.4572434335384574e-05,0.0,0.0,0.0,1.8150483785475985e-05,0.0,0.0,0.0001470139083658773,0.000903722223508351
0.0,-2.728618728597651e-07,0.0,0.0,0.025999417018654263,0.0,0.0,0.2839094339767977,-0.2839094339767977,0.0,0.0,0.0,0.0,-0.13289337692805142,0.0,0.0,0.255654220161312,0.0,-6.439542404371585e-05,0.0,0.0,0.0022984319687114436,0.0,-9.277306868507331e-06,0.0,0.0,-0.003315460498365415,0.0,0.0,0.0,0.0,-0.0005158110088745102,0.0,0.0,-4.8491023172231156e-05,0.0,0.0,0.0,6.445674028898453e-05,0.0,-0.009244007777261717,0.0002901159380429962,0.0017833973908844252
0.0,-1.6099553433533216e-07,0.0,0.0,0.03131334810340396,0.0,0.0,0.286207720330129,-0.286207720330129,0.0,0.0,0.0,0.0,-0.13405636995787723,0.0,0.0,0.25200505036698406,0.0,-3.799495911250506e-05,0.0,0.0,0.0025248918003084966,0.0,-5.4738500503359435e-06,0.0,0.0,-0.004098929606023711,0.0,0.0,0.0,0.0,-0.000304341783333276,0.0007791718183806322,0.0,-2.861095287611906e-05,0.0,0.0,0.0,0.0012067888648477642,0.0,0.0,0.00017117587728510947,0.001052250403724369
0.0,-1.8485745137344734e-07,0.0,0.0,0.036401777271797296,0.0,0.0,0.28628085463112435,-0.28628085463112435,0.0,0.0,0.0,0.0,-0.1323046370776963,0.0,0.0,0.24835082849733617,0.0031312980818305122,-4.362637346168061e-05,0.0,0.0,0.0015571331803825043,0.0,-6.2851555087105975e-06,0.0,0.0,-0.003811794944092276,0.0,0.0,0.0,0.0,-0.0003494497325389012,0.0,0.0,-3.28515188441749e-05,0.0,0.0,0.0,4.3667913764506213e-05,0.0,0.0,0.00019654667157183937,0.0012082094614749772
0.0,-1.4960580784377143e-07,0.0,0.0,0.03009363349514574,0.0,0.0,0.28617281199966427,-0.28617281199966427,0.0,0.0,0.0,0.0,-0.13336664744540838,-0.0012670854641004606,0.0,0.25357527567717,0.0,-3.5306982740141215e-05,0.0,0.0,0.0031608217433442506,0.0,-5.086599216413528e-06,0.0,0.0,-0.004035213612316083,0.0,0.0,0.0,0.0,-0.000282810939720559,0.0,0.0,-2.6586853703012907e-05,0.0,0.0,0.0,0.0006688833335085575,0.0,0.0,0.00015906593627165562,0.000977808312218327
0.0,-1.554662437175745e-07,0.0,0.0,0.030339949053768103,0.0,0.0,0.2862417927502824,-0.2862417927502824,0.0,0.0,0.0,0.0,-0.13446066522638112,0.0,0.0,0.2528056390485639,0.0,-3.669004607991572e-05,0.0,0.0,0.00284632895516971,0.0,-5.285854104663974e-06,0.0,0.0,-0.004111211807740553,0.0,0.0,0.0,0.0,-0.00029388935572946875,0.0007269020899064185,0.0,-2.762832765017008e-05,0.0,0.0,0.0,0.000680660795128606,0.0,0.0,0.00016529694917591362,0.001016111523792915
0.0,-1.4515658552894723e-07,0.0,0.0,0.029261181790274794,0.0,0.0,0.2862068114121914,-0.2862068114121914,0.0,0.0,0.0,0.0,-0.13378733292192102,-0.0011877214629216744,0.0,0.25422442257186584,0.0,-3.425696591431991e-05,0.0,0.0,0.003421111446859008,0.0,-4.93532560567331e-06,0.0,0.0,-0.0040506721830536555,0.0,0.0,0.0,0.0,-0.00027440024522937246,0.0,0.0,-2.57961703433138e-05,0.0,0.0,0.0,0.0002113369132308487,0.0,0.0,0.00015433537317796004,0.0009487286486341067
0.0479416811041532,-1.182057354258703e-06,0.0,0.0,0.06938712937623955,0.0,0.0,0.1531035167148527,-0.1531035167148527,0.21511690025557645,0.0,0.0,0.0,-0.006090727279858337,-0.15005507539636675,0.0,0.17796894414230127,0.0,-0.00027896563112209805,0.0,0.0,0.005609369552499853,0.0,-4.0189963869631236e-05,0.0,0.0,-0.009875595019703904,0.0,0.0,0.0,0.0,-0.0022345305705684837,0.0,0.0,-0.00021006661705984736,0.0,0.0,0.0,0.0,0.0,0.0,0.0012568032116661225,0.007725806391954752
0.00035663765729670614,-1.4505856561932792e-07,0.0,0.0,0.028163903378155143,0.0,0.0,0.286104582350775,-0.286104582350775,0.0,0.0,0.0,0.0,-0.13532274483831144,0.0,0.0,0.2547732932110095,0.0,-3.423383320772918e-05,0.0,0.0,0.003145935981731435,0.0,-4.931992927599856e-06,0.0,0.0,-0.003975215158243914,0.0,0.0,0.0,0.0,-0.00027421495093398184,0.0006114813315053656,0.0,-2.5778750959436992e-05,0.0,0.0,0.0,0.0,0.0,0.0,0.00015423115510700694,0.0009480880004950403
1.6125990698943464e-05,-1.3820393642414345e-07,0.0,0.0,0.027674553611384305,0.0,0.0,0.286178613197474,-0.286178613197474,0.0,0.0,0.0,0.0,-0.13485113454698344,-0.0007767816785182012,0.0,0.2555510779707513,0.0,-3.2616140163772117e-05,0.0,0.0,0.0034503998803960437,0.0,-4.698935454794783e-06,0.0,0.0,-0.003949198987830461,0.0,0.0,0.0,0.0,-0.0002612571376507537,0.0,0.0,-2.456059622181423e-05,0.0,0.0,0.0,0.0,0.0,0.0,0.00014694308236142445,0.0009032868427002506
4.341423065947984e-05,-2.756753188278116e-07,0.0,0.0,0.02585505869066092,0.0,0.0,0.28384120810389796,-0.28384120810389796,0.0,0.0,0.0,0.0,-0.1328635156225627,0.0,0.0,0.2557505075974812,0.0,-6.505939751951747e-05,0.0,0.0,0.0023004237090973345,0.0,-9.372964064325769e-06,0.0,0.0,-0.0032953780246604424,0.0,0.0,0.0,0.0,-0.0005211294741770548,0.0,0.0,-4.89910082826481e-05,0.0,0.0,0.0,0.0,0.0,-0.009469564322131923,0.00029310728860289134,0.001801785786984701
0.00143211600540123,-1.637623057135692e-07,0.0,0.0,0.030828540263564956,0.0,0.0,0.2858070241959174,-0.2858070241959174,0.0,0.0,0.0,0.0,-0.13400741922551576,0.0,0.0,0.252244095944422,0.0,-3.864791738134007e-05,0.0,0.0,0.0027728710565896385,0.0,-5.567920309554973e-06,0.0,0.0,-0.004067077317963502,0.0,0.0,0.0,0.0,-0.00030957201620156324,0.0014063261938801709,0.0,-2.9102643318643104e-05,0.0,0.0,0.0,0.0,0.0,0.0,0.0001741176018482927,0.0010703337394627319
2.91824558216931e-05,-1.8530520270931272e-07,0.0,0.0,0.03647535638422287,0.0,0.0,0.2862738890980119,-0.2862738890980119,0.0,0.0,0.0,0.0,-0.13227490846863757,0.0,0.0,0.2482957646690631,0.0031826562199018704,-4.3732042813125726e-05,0.0,0.0,0.001546313553001993,0.0,-6.300379059366727e-06,0.0,0.0,-0.0038064364317986874,0.0,0.0,0.0,0.0,-0.0003502961500535839,0.0,0.0,-3.293108994795459e-05,0.0,0.0,0.0,0.0,0.0,0.0,0.0001970227358803232,0.0012111359185713033
0.0005841863136914738,-1.469948025902127e-07,0.0,0.0,0.029495399077523098,0.0,0.0,0.2859978991640098,-0.2859978991640098,0.0,0.0,0.0,0.0,-0.1331202209549861,-0.0016831113065252196,0.0,0.2541883433672172,0.0,-3.469078528931709e-05,0.0,0.0,0.003470773738927328,0.0,-4.997825007255334e-06,0.0,0.0,-0.004001300424538345,0.0,0.0,0.0,0.0,-0.00027787516309519313,0.0,0.0,-2.6122844880797555e-05,0.0,0.0,0.0,0.0,0.0,0.0,0.00015628982750119102,0.0009607430479951524
0.0008017442836053344,-1.569619737839044e-07,0.0,0.0,0.030059173134103404,0.0,0.0,0.28601779806397465,-0.28601779806397465,0.0,0.0,0.0,0.0,-0.13443715073989546,0.0,0.0,0.2529471668070503,0.0,-3.7043038496433184e-05,0.0,0.0,0.0029882481884564265,0.0,-5.336708944412608e-06,0.0,0.0,-0.0040934980456981615,0.0,0.0,0.0,0.0,-0.00029671684506109145,0.0010775002580240122,0.0,-2.7894137895279272e-05,0.0,0.0,0.0,0.0,0.0,0.0,0.0001668872597851039,0.0010258874630613927
0.00018680664350311635,-1.4434648862001177e-07,0.0,0.0,0.02907452873807603,0.0,0.0,0.2861506893741863,-0.2861506893741863,0.0,0.0,0.0,0.0,-0.1337061847565353,-0.0013211979520343497,0.0,0.2544168418911498,0.0,-3.4065782978350646e-05,0.0,0.0,0.0035187728944486253,0.0,-4.90778230129496e-06,0.0,0.0,-0.004039741410598475,0.0,0.0,0.0,0.0,-0.000272868859039339,0.0,0.0,-2.5652205825401364e-05,0.0,0.0,0.0,0.0,0.0,0.0,0.00015347405084597442,0.000943433937802515
0.04759736072437844,-1.0184127065700676e-06,0.0,0.0,0.0,0.0,0.0,0.13190778457679114,-0.13190778457679114,0.2514098921287571,0.0,0.0,0.0,-0.043004032191379084,-0.14815962530776536,0.0,0.2288438458894352,0.0,-0.00024034548104414974,0.0,0.0,0.001686429751105577,0.0,-3.462604393430008e-05,0.0,0.0,-0.005362036699651779,0.0,0.0,0.0,0.0,-0.0019251809720462656,0.0,0.0,-0.00018098488306779378,0.0,0.0,0.0,0.0,0.0,0.0,0.0010828107077947443,0.0066562416533512605
0.0,-1.9788266429535787e-07,0.0,0.0,0.02451396802273676,0.0,0.0,0.2820749079676797,-0.2820749079676797,0.0,0.0,0.0,0.003419604894108555,-0.1241124966988495,-0.010700956133778987,0.0,0.25880879812767116,0.0,-4.670032476376374e-05,0.0,0.0,0.0008275775185396726,0.008248612770500296,-6.7280129003928535e-06,0.0,0.0,-0.0032515687136217236,0.0,0.0,0.0,0.0,-0.00037407225728976266,0.0,0.0,-3.516626474472883e-05,0.0,0.0,0.0,0.0,0.0,0.0,0.00021039551687017797,0.001293340925600739
0.0,-1.3836146024698854e-07,0.0,0.0,0.027660892623807887,0.0,0.0,0.2861754522925602,-0.2861754522925602,0.0,0.0,0.0,0.0,-0.1348401642870549,-0.0007873536711107514,0.0,0.2555614411410428,0.0,-3.2653315798692386e-05,0.0,0.0,0.0034478748722237807,2.9059867770609358e-05,-4.704291266613848e-06,0.0,0.0,-0.0039472425071854726,0.0,0.0,0.0,0.0,-0.00026155491660071075,0.0,0.0,-2.4588590207429383e-05,0.0,0.0,0.0,0.0,0.0,0.0,0.00014711056699806443,0.0009043164023515121
0.0,-1.3807102958262483e-07,0.0,0.0,0.0276652895216469,0.0,0.0,0.28618595635076793,-0.28618595635076793,0.0,0.0,0.0,0.0,-0.13484042171984326,-0.0007834702768490708,0.0,0.25556928574530363,0.0,-3.258477413843408e-05,0.0,0.0,0.003449560263615898,0.0,-4.694416620628729e-06,0.0,0.0,-0.0039478796899671525,0.0,0.0,0.0,0.0,-0.00026100589400395336,0.0,0.0,-2.4536976986688846e-05,0.0,0.0,0.0,0.0,0.0,0.0,0.0001468017713288665,0.000902418177129972
0.0,-1.4275464306651828e-07,0.0,0.0,0.028952854173068983,0.0,0.0,0.28623520473936137,-0.28623520473936137,0.0,0.0,0.0,0.0,-0.13359596213174244,-0.0013918954881422753,0.0,0.25463814737680956,0.0,-3.369010729909588e-05,0.0,0.0,0.0035083905964474046,0.0,-4.8536595338586384e-06,0.0,0.0,-0.004023613898952838,0.0,0.0,0.0,0.0,-0.0002698596754831524,0.0,0.0,-2.536931463649298e-05,0.0,0.0,0.0,0.0,0.0,0.0,0.0001517815470119606,0.0009330297975060424
0.0,-1.5284250703156137e-07,0.0,0.0,0.027946632258809,0.0,0.0,0.2859752159033316,-0.2859752159033316,0.0,0.0,0.0,0.0,-0.1351814864636861,0.0,0.0,0.25476638882140673,0.0,-3.607084401000358e-05,0.0,0.0,0.0029389739719633155,0.0009018601844356597,-5.19664702665343e-06,0.0,0.0,-0.003925485356859405,0.0,0.0,0.0,0.0,-0.00028892951193432983,0.0008697588822656989,0.0,-2.716205629057752e-05,0.0,0.0,0.0,0.0,0.0,0.0,0.0001625073039174435,0.0009989630482248081
0.0,-1.4306145392124144e-07,0.0,0.0,0.0280273873669146,0.0,0.0,0.28628583986741857,-0.28628583986741857,0.0,0.0,0.0,0.0,-0.13514294007476338,0.0,0.0,0.25508442731250636,0.0,-3.3762514685602636e-05,0.0,0.0,0.0030523771193661786,0.0,-4.864091106507554e-06,0.0,0.0,-0.003945609293440017,0.0,0.0,0.0,0.0,-0.00027043966276701063,0.0007538030887000877,0.0,-2.5423838825270058e-05,0.0,0.0,0.0,0.0,0.0,0.0,0.00015210775865152348,0.0009350350819823
0.0,-1.5218598759890197e-07,0.0,0.0,0.02969979205798558,0.0,0.0,0.28642103383155354,-0.28642103383155354,0.0,0.0,0.0,0.0,-0.1340667128876961,0.0,0.0,0.25369036541810236,0.0,-3.591590537084541e-05,0.0,0.0,0.002786272908611387,0.0,-5.174325358264641e-06,0.0,0.0,-0.004024467397088949,0.0,0.0,0.0,0.0,-0.000287688444623032,0.001377864047167428,0.0,-2.7045384442332646e-05,0.0,0.0,0.0,0.0,0.0,0.0,0.00016180927033344281,0.000994672104125515
0.0,-1.617061135949879e-07,0.0,0.0,0.027022878362655864,0.0,0.0,0.28580860282003423,-0.28580860282003423,0.0,0.0,0.0,0.0,-0.13528159626680608,0.0,0.0,0.2556524027517453,0.0,-3.816265587520272e-05,0.0,0.0,0.003109410256303081,0.0,-5.498009753474869e-06,0.0,0.0,-0.003835077627327489,0.0,0.0,0.0,0.0,-0.00030568504393970266,0.0002840906357691069,0.0,-2.873723184277917e-05,0.0,0.0,0.0,0.0,0.0,-0.0015902677453578072,0.00017193138909886468,0.0010568946773431237
0.0,-2.420261843291779e-07,0.0,0.0,0.02343726623746329,0.0,0.0,0.2839116809654505,-0.2839116809654505,0.0,0.0,0.0,0.0006377993792280931,-0.13448000350385114,0.0,0.0,0.2579107575812064,0.0,-5.7118199058796e-05,0.0,0.0,0.0021026691991718324,0.0,-8.228893097826392e-06,0.0,0.0,-0.0032950783404172602,0.0,0.0,0.0,0.0,-0.0004575200228763427,0.0,0.0,-4.301112936589905e-05,0.0,0.0,0.0,0.0,0.0,-0.007907754688845374,0.00025733039490538596,0.0015818584734269584
0.0,-1.400834109305531e-07,0.0,0.0,0.027593239517222517,0.0,0.0,0.28614756704969513,-0.28614756704969513,0.0,0.0,0.0,0.0,-0.1348706858697459,-0.0007383094748966753,0.0,0.25559387806833667,0.0,-3.3059696299157163e-05,0.0,0.0,0.0034319416759421755,0.0,-4.762837609994239e-06,0.0,0.0,-0.00393752409382707,0.0,0.0,0.0,0.0,-0.0002648100475210283,0.0,0.0,-2.4894602731726182e-05,0.0,0.0,0.0,0.0,0.0,-0.00014710763355745983,0.0001489414029906139,0.000915570896517793
0.0,-2.7099286993673347e-07,0.0,0.0,0.025910951956462744,0.0,0.0,0.283936428597572,-0.283936428597572,0.0,0.0,0.0,0.0,-0.13296253954336526,0.0,0.0,0.2557339190297645,0.0,-6.395433920285419e-05,0.0,0.0,0.0023467037951550632,0.0,-9.2137607472652e-06,0.0,0.0,-0.0033247584377572715,0.0,0.0,0.0,0.0,-0.0005122778942139148,0.0,0.0,-4.815887759579047e-05,0.0,0.0,0.0,0.0,0.0,-0.009155083648298597,0.00028812875115412264,0.0017711817782685762
0.0,-2.780594872241039e-07,0.0,0.0,0.025772137385661722,0.0,0.0,0.28379998617333263,-0.28379998617333263,0.0,0.0,0.0,0.0,-0.13283025928903497,0.0,0.0,0.25579476695007397,0.0,-6.562206145369699e-05,0.0,0.0,0.00227652914632653,6.568454568258255e-05,-9.454025817683916e-06,0.0,0.0,-0.003280088289645009,0.0,0.0,0.0,0.0,-0.0005256364442895493,0.0,0.0,-4.9414705311989116e-05,0.0,0.0,0.0,0.0,0.0,-0.009617146065138818,0.00029564221678282903,0.0018173684686280318
0.0,-2.0586244496939127e-07,0.0,0.0,0.030472651816501117,0.0,0.0,0.28511075128101937,-0.28511075128101937,0.0,0.0,0.0,0.0,-0.132992525322449,0.0,0.0,0.25156081001122127,0.0,-4.8583553647647875e-05,0.0,0.0,0.001685437388903575,0.004320685169648538,-6.999325536638078e-06,0.0,0.0,-0.003852444835582575,0.0,0.0,0.0,0.0,-0.0003891570277523106,0.002848036903702692,0.0,-3.658437320201683e-05,0.0,0.0,0.0,0.0,0.0,0.0,0.00021887988858309358,0.0013454959587856617
0.0,-1.8595776389291078e-07,0.0,0.0,0.03653059304790437,0.0,0.0,0.28627167616492133,-0.28627167616492133,0.0,0.0,0.0,0.0,-0.13224653277834172,0.0,0.0,0.2482476656139676,0.0032158280142827156,-4.388604730518557e-05,0.0,0.0,0.0015224737473054691,4.392783486509993e-05,-6.322566147241136e-06,0.0,0.0,-0.0038015377162367737,0.0,0.0,0.0,0.0,-0.00035152973479349753,0.0,0.0,-3.3047058365027706e-05,0.0,0.0,0.0,0.0,0.0,0.0,0.00019771656092053793,0.001215400991958157
0.0,-1.533181895825967e-07,0.0,0.0,0.029058138287420873,0.0,0.0,0.28587082719052637,-0.28587082719052637,0.0,0.0,0.0,0.0,-0.13263172420092034,-0.0021211050029306963,0.0,0.25452084568774264,0.0,-3.618310513048581e-05,0.0,0.0,0.003376351967280783,0.0010967700595431002,-5.212820238952009e-06,0.0,0.0,-0.003929700721997586,0.0,0.0,0.0,0.0,-0.0002898287298938856,0.0,0.0,-2.7246591126328408e-05,0.0,0.0,0.0,0.0,0.0,0.0,0.00016301306563511382,0.001002072060896731
0.0,-2.294499067623548e-08,0.0,0.0,0.0,0.0,0.0,0.2819253060128093,-0.2819253060128093,0.0,0.0,0.0,0.0022959634157174937,-0.14993881257233097,0.004470995281402422,0.0,0.27683642399924524,0.0,-5.415019653679007e-06,0.0,0.0,0.0005741833444928173,0.0,-7.801299513467665e-07,0.0,0.0,-0.0018049770269271156,0.0,0.0,0.0,0.0,-4.337461538793985e-05,0.0,0.0,-4.0776164984390714e-06,0.0,0.0,0.0,0.0,0.0,0.0,2.4395887280466675e-05,0.00014996612050264825
0.0,-2.291630329006178e-08,0.0,0.0,0.0,0.0,0.0,0.2819150024353509,-0.2819150024353509,0.0,0.0,0.0,0.002253610700871081,-0.14996850068206113,0.004518048199887832,0.0,0.27681932217267335,0.0,-5.4082494282239075e-06,0.0,0.0,0.0005866261766006843,0.0,-7.791545798813453e-07,0.0,0.0,-0.0017961399644551054,0.0,0.0,0.0,0.0,-4.332038549700952e-05,0.0,0.0,-4.07251838526877e-06,0.0,0.0,0.0,0.0,0.0,0.0,2.4365385884787765e-05,0.00014977862267044007
0.0,-1.2595575187544877e-07,0.0,0.0,0.024773212910467534,0.0,0.0,0.2860663226059515,-0.2860663226059515,0.0,0.0,0.0,0.0,-0.1368209323193309,5.950774361731445e-05,0.0,0.2580587408123915,0.0,-2.9725567620556295e-05,0.0,0.0,0.003224295830279168,0.0,-4.282497036889656e-06,0.0,0.0,-0.003678889369633156,0.0,0.0,0.0,0.0,-0.0002381034871875014,0.0,0.0,-2.2383938140039058e-05,0.0,0.0,0.0,0.0,0.0,0.0,0.00013392039981356067,0.0008232339568269676
0.0,-2.0014548278847705e-08,0.0,0.0,0.0,0.0,0.0,0.28164627375613754,-0.28164627375613754,0.0,0.0,0.0,0.0,-0.1509894181091702,0.006570287194642297,0.0,0.2765397460056611,0.0,-4.723435011098864e-06,0.0,0.0,0.0011684283303636652,0.0,-6.804948755623859e-07,0.0,0.0,-0.0012406638909091628,0.0,0.0,0.0,0.0,-3.783498306920224e-05,0.0,0.0,-3.5568396353789463e-06,0.0,0.0,0.0,0.0,0.0,0.0,2.1280142174384898e-05,0.00013081304766449328
0.0,-7.225562925214956e-08,0.0,0.0,0.0,0.0,0.0,0.2777954505951238,-0.2777954505951238,0.01421137233346319,0.0,0.0,0.0,-0.14954539762059949,3.4137142579216746e-05,0.0,0.2759400263258731,0.0,-1.7052334342178406e-05,0.0,0.0,0.0018496457735592653,0.0,-2.4566922396439035e-06,0.0,0.0,-0.0021104273714688615,0.0,0.0,0.0,0.0,-0.00013659016787797445,0.0,0.0,-1.284074376411998e-05,0.0,0.0,0.0,0.0,0.0,0.0,7.682461986965771e-05,0.0004722554284864217
0.0,-3.566834568038057e-08,0.0,0.0,0.0,0.0,0.0,0.27934178237598156,-0.27934178237598156,0.0,0.0,0.0,0.0,-0.15395074525870145,0.010941508692702656,0.0,0.2721601766376456,0.0,-8.417732462777631e-06,0.0,0.0,0.00016343628063505424,0.0,-1.2127241702945973e-06,0.0,0.0,-0.0014434753773731978,0.0,0.0,0.0,0.0,-6.742651575853338e-05,0.0023026131827195017,0.0,-6.338718410070413e-06,0.0,0.0,0.0,0.0,0.0,0.0,3.7923787068718464e-05,0.00023312467204330406
0.0,-7.11154566513952e-08,0.0,0.0,0.0,0.0,0.0,0.2779300070491632,-0.2779300070491632,0.013857354557676062,0.0,0.0,0.00018740697099158492,-0.14946392248261725,0.0,0.0,0.27601493557510837,0.0,-1.6783253516267863e-05,0.0,0.0,0.0017796176656338255,0.0,-2.4179263578832863e-06,0.0,0.0,-0.002129987692042342,0.0,0.0,0.0,0.0,-0.00013443481515931728,0.0,0.0,-1.2638120600157688e-05,0.0,0.0,0.0,0.0,0.0,0.0,7.561234993933742e-05,0.00046480337657447035
0.0,-7.533693820164839e-08,0.0,0.0,0.0,0.0,0.0,0.2773544781749573,-0.2773544781749573,0.015077003639169334,0.0,0.0,0.0,-0.14930305484999956,-0.0003970632562021003,0.0,0.27572278948206,0.0,-1.7779523503247645e-05,0.0,0.0,0.0018852574730079718,0.0,-2.561456779964531e-06,0.0,0.0,-0.00215715998536839,0.0,0.0,0.0,0.0,-0.00014241499441470314,0.0,0.0,-1.3388331531164819e-05,0.0,0.0,0.0,0.0,0.0,0.0,8.010077137780031e-05,0.0004923945497328307
0.0,-7.512151380859964e-08,0.0,0.0,0.0,0.0,0.0,0.2775292125308717,-0.2775292125308717,0.014769939355707765,0.0,0.0,0.0,-0.14962398963898352,0.0,0.0,0.27570422568645486,0.0,-1.7728683329080606e-05,0.0,0.0,0.001813878641819626,0.0,-2.5541323480813616e-06,0.0,0.0,-0.0021509916316809438,0.0,0.0,0.0,0.0,-0.00014200776172825243,0.00013197595405251448,0.0,-1.3350047878246555e-05,0.0,0.0,0.0,0.0,0.0,0.0,7.987172490380355e-05,0.0004909865578559536
0.0,-7.250412765999808e-08,0.0,0.0,0.0,0.0,0.0,0.2777780034958692,-0.2777780034958692,0.014280800192527409,0.0,0.0,0.0,-0.1495356130809969,0.0,0.0,0.27594017631430323,0.0,-1.7110979986510758e-05,0.0,0.0,0.0018525815400546597,0.0,-2.4651411884170835e-06,0.0,0.0,-0.002114260006658743,0.0,0.0,0.0,0.0,-0.00013705992282436055,0.0,0.0,-1.288490508987412e-05,0.0,0.0,0.0,0.0,0.0,0.0,7.708883175070792e-05,0.0004738795887531209
0.0,-1.3489184484824183e-07,0.0,0.0,0.026521621663060737,0.0,0.0,0.2861719824821145,-0.2861719824821145,0.0,0.0,0.0,0.0,-0.13606400667136503,0.0,0.0,0.2563733256558063,0.0,-3.183448628422325e-05,0.0,0.0,0.0032570887342510233,0.0,-4.586324302477327e-06,0.0,0.0,-0.0038624252193564944,0.0,0.0,0.0,0.0,-0.00025499604562149607,0.0002369824437125828,0.0,-2.397199544856461e-05,0.0,0.0,0.0,0.0,0.0,0.0,0.00014342155498804588,0.0008816393497290762
0.0,-1.2171481849610784e-07,0.0,0.0,0.023717001538661492,0.0,0.0,0.28594398688462735,-0.28594398688462735,0.0,0.0,0.0,0.0003207489135724842,-0.13722399717414827,0.0,0.0,0.2589493212790068,0.0,-2.8724707000339988e-05,0.0,0.0,0.0030458335130558235,0.0,-4.138305252391929e-06,0.0,0.0,-0.00364549533312729,0.0,0.0,0.0,0.0,-0.00023008653669881335,0.0,0.0,-2.163027037174957e-05,0.0,0.0,0.0,0.0,0.0,0.0,0.0001294112965349297,0.0007955156484962234
0.0,-1.3755400540290666e-07,0.0,0.0,0.027528358459311054,0.0,0.0,0.2861810153653306,-0.2861810153653306,0.0,0.0,0.0,0.0,-0.13496330294287337,-0.0007249782456346807,0.0,0.2556734368761598,0.0,-3.246275639024206e-05,0.0,0.0,0.0034421987781597233,0.0,-4.676837792471418e-06,0.0,0.0,-0.003938652185307486,0.0,0.0,0.0,0.0,-0.00026002852490156507,0.0,0.0,-2.444509521802488e-05,0.0,0.0,0.0,0.0,0.0,0.0,0.00014625205379846263,0.0008990389597865236
0.0,-1.2684949751679257e-07,0.0,0.0,0.02498495447120954,0.0,0.0,0.2861064908396261,-0.2861064908396261,0.0,0.0,0.0,0.0,-0.1366950552645426,0.0,0.0,0.2579061683331294,0.0,-2.9936491664133227e-05,0.0,0.0,0.0032411815030287277,0.0,-4.31288439914821e-06,0.0,0.0,-0.00369900070685878,0.0,0.0,0.0,0.0,-0.00023979300077218483,0.0,0.0,-2.254276810096495e-05,0.0,0.0,0.0,0.0,0.0,0.0,0.00013487066029661303,0.0008290753872480877
0.0,-2.117947127077461e-07,0.0,0.0,0.025644532720615777,0.0,0.0,0.2848384957253947,-0.2848384957253947,0.0,0.0,0.0,0.0,-0.13448188731951016,0.0,0.0,0.25650402654307297,0.0,-4.998356931326102e-05,0.0,0.0,0.0027330360095271272,0.0,-7.201022709123399e-06,0.0,0.0,-0.003497435464356964,0.0,0.0,0.0,0.0,-0.0004003712328552974,0.0,0.0,-3.763861258456437e-05,0.0,0.0,0.0,0.0,0.0,-0.005357228328300367,0.0002251872755463119,0.0013842686561058443
0.0,-1.659966829061947e-07,0.0,0.0,0.03269559317122276,0.0,0.0,0.28622752976412275,-0.28622752976412275,0.0,0.0,0.0,0.0,-0.13374366732448092,0.0,0.0,0.2514236661636577,0.002099396440779126,-3.9175230579350234e-05,0.0,0.0,0.002142050224222116,0.0,-5.643889160236556e-06,0.0,0.0,-0.00379085581747678,0.0,0.0,0.0,0.0,-0.0003137958249068809,0.0,0.0,-2.9499720547086783e-05,0.0,0.0,0.0,0.0,0.0,0.0,0.0001764932669728723,0.0010849374010656408
0.056787854993785816,-1.388088875038457e-06,0.0,0.0,0.09960281215671561,0.0,0.0,0.15442097509873795,-0.15442097509873795,0.20961164815814082,0.0,0.0,0.0,0.0,-0.1396269681799162,0.0,0.14769755198252024,0.0,-0.00032758908667465377,0.0,0.0,0.0,0.0,-4.719503798579908e-05,0.0,0.0,-0.011351910983472437,0.0,0.0,0.0,0.0,-0.0026240072148483997,0.012684172602053513,0.0,-0.0002466810371824992,0.0,0.0,0.0,0.0,0.0,0.0,0.0014758628673482601,0.009072407413004708
0.03020640112725807,-8.277746383061412e-07,0.0,0.0,0.17342171821353283,0.0,0.0,0.2798925783630112,-0.2798925783630112,0.0,0.0,0.0,0.0,0.0,-0.061314087307814215,0.0,0.1472245154913669,0.0,-0.0001953548815292089,0.0,0.0,0.0,0.0,-2.8144347383705582e-05,0.0,0.0,-0.008598881964297872,0.0,0.0,0.0,0.0,-0.0015648037112347445,0.011222633821204375,0.0,-0.00014710607512438266,0.0,0.0,0.0,0.0,0.0,0.0,0.0008801178895514335,0.005410250669041537
0.007073184907109914,-2.929348995130149e-07,0.0,0.0,0.05052190978176043,0.0,0.0,0.2846873228311202,-0.2846873228311202,0.0,0.0,0.0,0.0,-0.123557931057346,0.0,0.0,0.23412209682679422,0.0,-6.913265995589899e-05,0.0,0.0,0.0,0.0,-9.959790009483325e-06,0.0,0.0,-0.004851158079337811,0.0,0.0,0.0,0.0,-0.0005537565379462797,0.0075878226038023616,0.0,-5.2058255158063774e-05,0.0,0.0,0.0,0.0,0.0,0.0,0.0003114582563956323,0.0019145926472438847
0.0,-5.044709183778611e-07,0.0,0.0,0.13741587233718466,0.0,0.0,0.2923947604290426,-0.2923947604290426,0.0,0.0,0.0,0.0,0.0,-0.06604011189882289,0.0,0.19313413243739302,0.0,-0.00011905517750133171,0.0,0.0,0.0,0.0,-1.7152017124922558e-05,0.0,0.0,-0.005749415104144319,0.0,0.0,0.0,0.0,-0.0009536387426691478,0.00785740507490814,0.0,-8.965089455847055e-05,0.0,0.0,0.0,0.0,0.0,0.0,0.0005363704799307847,0.003297170506758655
0.0,-2.1233409612593755e-07,0.0,0.0,0.04046609950115113,0.0,0.0,0.2875333927149382,-0.2875333927149382,0.0,0.0,0.0,0.0,-0.12566371641899876,0.0,0.0,0.24575414448141947,0.0,-5.0110863843539486e-05,0.0,0.0,0.0,0.0,-7.219361751650304e-06,0.0,0.0,-0.004157241279419417,0.0,0.0,0.0,0.0,-0.0004013908692822983,0.006781790214961294,0.0,-3.773446787411477e-05,0.0,0.0,0.0,0.0,0.0,0.0,0.00022576076617251555,0.0013877940111530968
0.006818705838961541,-7.502100594820885e-07,0.0,0.0,0.0,0.0,0.0,0.1551835205423114,-0.1551835205423114,0.24397766225762824,0.0,0.0,0.0,0.0,-0.16944541185511203,0.0,0.25750654363721825,0.0,-0.00017704963465906766,0.0,0.0,0.0008606305377982567,0.0,-2.550715079652578e-05,0.0,0.0,-0.0035682531840126653,0.0,0.0,0.0,0.0,-0.001418177642752384,0.0,0.0,-0.00013332186353893144,0.0,0.0,0.0,0.0,0.0,0.0,0.0007976486155975198,0.004903296487242171
0.0,-6.764137926429147e-07,0.0,0.0,0.0,0.0,0.0,0.16451037790762205,-0.16451037790762205,0.2322741304255885,0.0,0.0,0.0,0.0,-0.1650734290596519,0.0,0.2629161109028958,0.0,-0.00015963370972185914,0.0,0.0,0.0007759724876767385,0.0,-2.2998076860904416e-05,0.0,0.0,-0.0032172531397065183,0.0,0.0,0.0,0.0,-0.001278675093530163,0.0,0.0,-0.00012020732889245248,0.0,0.0,0.0,0.0,0.0,0.0,0.0007191859379293892,0.004420971608508995
0.0,-4.446219708091007e-07,0.0,0.0,0.13110374640800052,0.0,0.0,0.29123459312514266,-0.29123459312514266,0.0,0.0,0.0,0.0,0.0,-0.07254771421973333,0.0,0.1996440146187023,0.0,-0.00010493082103896449,0.0,0.0,0.004105939781757377,0.0,-1.5117152207617108e-05,0.0,0.0,-0.005710648358976802,0.0,0.0,0.0,0.0,-0.0008405018441278638,0.0,0.0,-7.901497583162835e-05,0.0,0.0,0.0,0.0,0.0,0.0,0.0004727370621035874,0.0029060038852638252
0.022529356886706882,-6.66639144992043e-07,0.0,0.0,0.15594227563521326,0.0,0.0,0.281539276407467,-0.281539276407467,0.0,0.0,0.0,0.0,0.0,-0.07110159159607676,0.0,0.16748195706248062,0.0,-0.0001573268920864056,0.0,0.0,0.005417528982331334,0.0,-2.2665738726454696e-05,0.0,0.0,-0.007823531438602798,0.0,0.0,0.0,0.0,-0.0012601973530772847,0.0,0.0,-0.00011847024975870918,0.0,0.0,0.0,0.0,0.0,0.0,0.0007087932031638039,0.004357085507696595
0.043719747187435654,-1.23665721315137e-06,0.0,0.0,0.08603284564384094,0.0,0.0,0.16017544971242237,-0.16017544971242237,0.2051761909700165,0.0,0.0,0.0,-0.010915392304238101,-0.13767704214700013,0.0,0.16574443458876498,0.009086662173404978,-0.00029185120223275055,0.0,0.0,0.0,0.0,-4.2046359710558415e-05,0.0,0.0,-0.00900661578091818,0.0,0.0,0.0,0.0,-0.0023377447279905672,0.0,0.0,-0.00021976970600743942,0.0,0.0,0.0,0.0,0.0,0.0,0.001314855621530663,0.008082665504850615
0.04351855167735817,-1.2677413876702058e-06,0.0,0.0,0.09881297896151375,0.0,0.0,0.16420156267205666,-0.16420156267205666,0.19841566462678778,0.0,0.0,0.0,-0.004797503611412869,-0.13723728472696817,0.0,0.1566926462069613,0.00996512101097225,-0.0002991870699309762,0.0,0.0,0.0,0.0,-4.3103222007746e-05,0.0,0.0,-0.009558032731450169,0.0,0.0,0.0,0.0,-0.0023965054454574315,0.0,0.0,-0.0002252937589324049,0.0,0.0,0.0,0.0,0.0,0.0,0.0013479053633443866,0.008285828501401542
0.0,-2.1293163302922926e-07,0.0,0.0,0.02637825431396365,0.0,0.0,0.2817981334350826,-0.2817981334350826,0.0,0.0,0.0,0.0037687171856158755,-0.12304317300783918,-0.010980454567803806,0.0,0.2572969457224224,0.0009795662314294501,-5.025188260100076e-05,0.0,0.0,0.0,0.008697816491813698,-7.239678013350758e-06,0.0,0.0,-0.0031426444823769266,0.0,0.0,0.0,0.0,-0.00040252043754955514,0.0,0.0,-3.784065777716023e-05,0.0,0.0,0.0,0.0,0.0,0.0,0.00022639608754371673,0.001391699451451952
0.0,-2.506019524389667e-08,0.0,0.0,0.0,0.0,0.0,0.28157601551692607,-0.28157601551692607,0.0,0.0,0.0,0.0025076188647274824,-0.15027808517778488,0.004883157995898919,0.0,0.2766451252973251,0.0006271149516607418,-5.914208102567762e-06,0.0,0.0,0.0,0.0,-8.520469313857714e-07,0.0,0.0,-0.0016578129790022964,0.0,0.0,0.0,0.0,-4.737314325328959e-05,0.0,0.0,-4.453515236615592e-06,0.0,0.0,0.0,0.0,0.0,0.0,2.6644844054340457e-05,0.00016379088197488402
0.0,-2.5078963862582355e-08,0.0,0.0,0.0,0.0,0.0,0.2815564559434849,-0.2815564559434849,0.0,0.0,0.0,0.002466288764470369,-0.15031862106324012,0.004944426075192109,0.0,0.27662187277586764,0.0006419873440143214,-5.918637498094196e-06,0.0,0.0,0.0,0.0,-8.526850646405943e-07,0.0,0.0,-0.001644651863860946,0.0,0.0,0.0,0.0,-4.740862296336407e-05,0.0,0.0,-4.456850658725174e-06,0.0,0.0,0.0,0.0,0.0,0.0,2.6664799482186427e-05,0.00016391355175371296
0.0,-9.92383239954954e-08,0.0,0.0,0.0,0.0,0.0,0.27483828984578496,-0.27483828984578496,0.019518379213435244,0.0,0.0,0.0,-0.15077283504366717,4.6885105708991544e-05,0.0,0.27483035346444606,0.0025403660372650128,-2.342025248196521e-05,0.0,0.0,0.0,0.0,-3.374104176495676e-06,0.0,0.0,-0.001628349281569669,0.0,0.0,0.0,0.0,-0.00018759755433269976,0.0,0.0,-1.7635911598804137e-05,0.0,0.0,0.0,0.0,0.0,0.0,0.0001055135301756307,0.00064861157124824
0.0,-2.4165125153813022e-08,0.0,0.0,0.0,0.0,0.0,0.28080265759626566,-0.28080265759626566,0.0,0.0,0.0,0.0,-0.1519705057115529,0.007932820173754485,0.0,0.27604788301782773,0.0014107346537687807,-5.7029714889812015e-06,0.0,0.0,0.0,0.0,-8.216145378545719e-07,0.0,0.0,-0.0007925829530787919,0.0,0.0,0.0,0.0,-4.568112596505261e-05,0.0,0.0,-4.294449904313473e-06,0.0,0.0,0.0,0.0,0.0,0.0,2.5693175372757e-05,0.00015794079509178825
0.0,-2.0432700770317287e-07,0.0,0.0,0.039379319395280596,0.0,0.0,0.2855927083460908,-0.2855927083460908,0.0,0.0,0.0,0.0004040493621683907,-0.13192177351241247,0.0009046329358154036,0.0,0.24538894959328172,0.005230493321196035,-4.822119032874815e-05,0.0,0.0,0.0,0.0,-6.947120651628837e-06,0.0,0.0,-0.003554718708986604,0.0,0.0,0.0,0.0,-0.0003862544769596659,0.0,0.0,-3.631150648276665e-05,0.0,0.0,0.0,0.0,0.0,0.0,0.00021724735994094042,0.001335460497305677
0.0,-2.2064146565760736e-07,0.0,0.0,0.040778312508792006,0.0,0.0,0.2848350399568502,-0.2848350399568502,0.0026178637215604106,0.0,0.0,0.0,-0.13132912605712338,0.00010424197048726171,0.0,0.24403908209956654,0.00564812124189444,-5.207140372429688e-05,0.0,0.0,0.0,0.0,-7.501812412886505e-06,0.0,0.0,-0.0036203893578891167,0.0,0.0,0.0,0.0,-0.00041709490522661737,0.0,0.0,-3.921079303540808e-05,0.0,0.0,0.0,0.0,0.0,0.0,0.00023459344139786242,0.0014420901317236205
0.0,-2.0774046201761406e-07,0.0,0.0,0.039215585315111476,0.0,0.0,0.28488644984339767,-0.28488644984339767,0.0,0.0,0.0,0.0,-0.1330301726404135,0.002562942973757677,0.0,0.244011053526303,0.004907073759955795,-4.902676582278305e-05,0.0,0.0,0.0,0.0,-7.063178138242134e-06,0.0,0.0,-0.0036141032712635702,0.0,0.0,0.0,0.0,-0.0003927071824814221,0.0008215986923933242,0.0,-3.691812070308313e-05,0.0,0.0,0.0,0.0,0.0,0.0,0.00022087665959362576,0.001357770486805039
0.0,-1.6890694738254947e-07,0.0,0.0,0.03322093439371267,0.0,0.0,0.28618636798009683,-0.28618636798009683,0.0,0.0,0.0,0.0,-0.13360269929209093,7.980001842205005e-05,0.0,0.25094788085442254,0.002319743236010306,-3.9862053230936103e-05,0.0,0.0,0.0020040447454172535,0.0,-5.742838186469823e-06,0.0,0.0,-0.0037735273251198027,0.0,0.0,0.0,0.0,-0.0003192973134069313,0.0,0.0,-3.001691153709648e-05,0.0,0.0,0.0,0.0,0.0,0.0,0.00017958755823336225,0.0011039585930684612
0.0,-2.088375382845107e-07,0.0,0.0,0.04039879062550088,0.0,0.0,0.28559002451861537,-0.28559002451861537,0.0,0.0,0.0,0.0,-0.13168037459798565,0.0012249436880207927,0.0,0.24449876545256968,0.005458584613355103,-4.928567591042073e-05,0.0,0.0,0.0,0.0,-7.1004787441475515e-06,0.0,0.0,-0.003483018867514623,0.0,0.0,0.0,0.0,-0.00039478106700808536,0.0,0.0,-3.711308510071859e-05,0.0,0.0,0.0,0.0,0.0,0.0,0.00022204310804954102,0.0013649408654712817
0.0,-3.654637726407734e-08,0.0,0.0,0.0,0.0,0.0,0.27918491333449635,-0.27918491333449635,0.0,0.0,0.0,0.0,-0.15414010170827444,0.01121085087895297,0.0,0.2719939807635629,0.0001674595178663352,-8.62494798748008e-06,0.0,0.0,0.0,0.0,-1.2425772544093677e-06,0.0,0.0,-0.001395279000979816,0.0,0.0,0.0,0.0,-6.908632389612201e-05,0.0023592955732509003,0.0,-6.494755783210019e-06,0.0,0.0,0.0,0.0,0.0,0.0,3.885733983615286e-05,0.0002388633969852226
0.0,-9.631070196168462e-08,0.0,0.0,0.0,0.0,0.0,0.27517214230686365,-0.27517214230686365,0.01876682802339212,0.0,0.0,0.0002538027283884213,-0.15059955914836257,0.0,0.0,0.27498869904450285,0.002410112156641065,-2.2729333445417137e-05,0.0,0.0,0.0,0.0,-3.2745649931058985e-06,0.0,0.0,-0.0016795574705446123,0.0,0.0,0.0,0.0,-0.00018206325355613328,0.0,0.0,-1.7115635950201467e-05,0.0,0.0,0.0,0.0,0.0,0.0,0.00010240078377514374,0.0006294769320189724
0.0,-1.0421961773843494e-07,0.0,0.0,0.0,0.0,0.0,0.2741494946979098,-0.2741494946979098,0.020857226128693923,0.0,0.0,0.0,-0.15047027515285993,-0.0005492893893377751,0.0,0.27450027669097143,0.0026080275873372246,-2.4595838207816172e-05,0.0,0.0,0.0,0.0,-3.543468222014693e-06,0.0,0.0,-0.0016801583062644643,0.0,0.0,0.0,0.0,-0.00019701406285445446,0.0,0.0,-1.8521150814473934e-05,0.0,0.0,0.0,0.0,0.0,0.0,0.0001108098095412837,0.0006811687994578145
0.0,-9.963867753841867e-08,0.0,0.0,0.0,0.0,0.0,0.274807862999666,-0.274807862999666,0.01962536604876467,0.0,0.0,0.0,-0.1507620659593233,0.0,0.0,0.2748281391524202,0.0025459071178505397,-2.3514735950445973e-05,0.0,0.0,0.0,0.0,-3.38771620163743e-06,0.0,0.0,-0.0016325647589245395,0.0,0.0,0.0,0.0,-0.00018835437228867656,0.0,0.0,-1.770705951230158e-05,0.0,0.0,0.0,0.0,0.0,0.0,0.00010593919955346169,0.0006512282412006875
0.0,-1.0243472541964417e-07,0.0,0.0,0.0,0.0,0.0,0.2745532256986564,-0.2745532256986564,0.020140098430677832,0.0,0.0,0.0,-0.1508476369421577,0.0,0.0,0.27453807869714825,0.002473381474882902,-2.4174603476351965e-05,0.0,0.0,0.0,0.0,-3.4827818623004722e-06,0.0,0.0,-0.0016963736538403783,0.0,0.0,0.0,0.0,-0.0001936399486990444,0.000179960705395387,0.0,-1.8203952761542213e-05,0.0,0.0,0.0,0.0,0.0,0.0,0.00010891205188117318,0.000669502925178717
0.04648915048711823,-1.0223625606149462e-06,0.0,0.0,0.0,0.0,0.0,0.13241938119484234,-0.13241938119484234,0.251092156859426,0.0,0.0,0.0,-0.046525980470949434,-0.14485581229771272,0.0,0.22883874618779548,0.002339377376919434,-0.00024127764691791206,0.0,0.0,0.0,0.0,-3.476033901802176e-05,0.0,0.0,-0.004859551263314821,0.0,0.0,0.0,0.0,-0.0019326476737090625,0.0,0.0,-0.00018168682233842093,0.0,0.0,0.0,0.0,0.0,0.0,0.00108701032571627,0.006682057496818813
0.04652583103735804,-1.2690527909562419e-06,0.0,0.0,0.10023175601690422,0.0,0.0,0.16437141945117162,-0.16437141945117162,0.1958937520250417,0.0,0.0,0.0,-0.0015110641232602593,-0.13897792963842076,0.0,0.157089835615939,0.00922310883001866,-0.0002994965612124496,0.0,0.0,0.0,0.0,-4.314780973480883e-05,0.0,0.0,-0.009191759695656807,0.0,0.0,0.0,0.0,-0.0023989844882233635,0.0,0.0,-0.00022552681196566615,0.0,0.0,0.0,0.0,0.0,0.0,0.0013492996915093793,0.008294399699620635
3.562827684169163e-05,-2.2623541701467883e-07,0.0,0.0,0.04264417002495581,0.0,0.0,0.2853187152682381,-0.2853187152682381,0.001887863300026354,0.0,0.0,0.0,-0.1303420466080402,0.0,0.0,0.24272770908369223,0.005773504645204166,-5.3391576696589243e-05,0.0,0.0,0.0,0.0,-7.692006824451388e-06,0.0,0.0,-0.0037032704840722036,0.0,0.0,0.0,0.0,-0.00042766956581530616,0.0,0.0,-4.0204909296639994e-05,0.0,0.0,0.0,0.0,0.0,0.0,0.00024054111898401515,0.0014786516276569966
0.0,-1.9419913923534964e-07,0.0,0.0,0.03746616491440115,0.0,0.0,0.28586653751254065,-0.28586653751254065,0.0,0.0,0.0,0.000980418338443297,-0.13189472525904952,0.0,0.0,0.2476555568321833,0.004765975073698078,-4.5831012551951756e-05,0.0,0.0,0.0,0.0,-6.602773005271646e-06,0.0,0.0,-0.0035740910497588795,0.0,0.0,0.0,0.0,-0.0003671090170337894,0.0,0.0,-3.451165552003824e-05,0.0,0.0,0.0,0.0,0.0,0.0,0.00020647906890004184,0.001269265781234006
0.0,-1.98492215296402e-07,0.0,0.0,0.03738428368458478,0.0,0.0,0.2857193555447453,-0.2857193555447453,0.0,0.0,0.0,0.0009541904698556826,-0.13197229778338157,0.0,0.0,0.2475258892242675,0.004751580537655117,-4.684417884926538e-05,0.0,0.0,0.0,0.0004311139603922728,-6.748737641557399e-06,0.0,0.0,-0.003569274214411759,0.0,0.0,0.0,0.0,-0.0003752245366958731,0.0,0.0,-3.527458970565687e-05,0.0,0.0,0.0,0.0,0.0,0.0,0.00021104361203495698,0.0012973248888180251
0.0,-1.4946510270290896e-07,0.0,0.0,0.029386927802616793,0.0,0.0,0.28622143049006726,-0.28622143049006726,0.0,0.0,0.0,0.0,-0.13496262778732704,0.0,0.0,0.25393837068525127,0.0007349429362959946,-3.5273776315527886e-05,0.0,0.0,0.0028740306285997053,0.0,-5.081815239978576e-06,0.0,0.0,-0.003912237084603319,0.0,0.0,0.0,0.0,-0.00028254495437089673,0.0002625852239483935,0.0,-2.6561848610969427e-05,0.0,0.0,0.0,0.0,0.0,0.0,0.0001589163338244505,0.000976888677758341
0.0,-1.7198528568915523e-07,0.0,0.0,0.033512561048162484,0.0,0.0,0.28603885770882564,-0.28603885770882564,0.0,0.0,0.0,0.0004532241366897645,-0.1334925793031601,0.0,0.0,0.25070454622477456,0.0028096494044443547,-4.0588541320042534e-05,0.0,0.0,0.00149416958306258,0.0,-5.847501724897342e-06,0.0,0.0,-0.0037463275082741,0.0,0.0,0.0,0.0,-0.0003251165243173667,0.0,0.0,-3.056397138313918e-05,0.0,0.0,0.0,0.0,0.0,0.0,0.00018286055125387707,0.0011240782984956895
0.0,-1.3903011279986158e-07,0.0,0.0,0.02782376834889437,0.0,0.0,0.2861860238933503,-0.2861860238933503,0.0,0.0,0.0,0.0,-0.13484209288506352,-0.0007327580681696786,0.0,0.2554240659315462,7.300075987353596e-05,-3.28111178552014e-05,0.0,0.0,0.0034061366378730757,0.0,-4.727025461231804e-06,0.0,0.0,-0.003944417921924255,0.0,0.0,0.0,0.0,-0.0002628189200478366,0.0,0.0,-2.4707418265361103e-05,0.0,0.0,0.0,0.0,0.0,0.0,0.00014782150092433453,0.000908686647287912
0.0,-1.8416262278681217e-07,0.0,0.0,0.036273653705391394,0.0,0.0,0.2862836969139127,-0.2862836969139127,0.0,0.0,0.0,0.0,-0.13235548774575692,0.0,0.0,0.24845273559348754,0.0031108276333929913,-4.346239385908856e-05,0.0,0.0,0.0015947841207793359,0.0,-6.261531328638584e-06,0.0,0.0,-0.0038148689609329885,0.0,0.0,0.0,0.0,-0.000348136246596322,0.0,0.0,-3.2728038972318376e-05,0.0,0.0,0.0,0.0,0.0,0.0,0.00019580790640440112,0.0012036681326497737
0.0,-2.042105068804016e-07,0.0,0.0,0.037532827528376604,0.0,0.0,0.2841633465562849,-0.2841633465562849,0.0,0.0,0.0,0.0,-0.1345486322160605,0.003926717613961954,0.0,0.24398251072015656,0.00427639920090986,-4.81936961251602e-05,0.0,0.0,0.0,0.0,-6.943159622292071e-06,0.0,0.0,-0.0037090613123141537,0.0,0.0,0.0,0.0,-0.00038603424682528124,0.001667669627622955,0.0,-3.629080280571064e-05,0.0,0.0,0.0,0.0,0.0,0.0,0.00021712349234035983,0.0013346990598018273
0.0,-1.975129833448968e-07,0.0,0.0,0.03791483239605868,0.0,0.0,0.28559676278391377,-0.28559676278391377,0.0,0.0,0.0,0.0008064874046328874,-0.13228645302257291,0.0005719828313438479,0.0,0.2467337440268368,0.004942632880438965,-4.661308002958257e-05,0.0,0.0,0.0,0.0,-6.715443743753547e-06,0.0,0.0,-0.003587414655570859,0.0,0.0,0.0,0.0,-0.0003733734220072056,0.0,0.0,-3.510056774079324e-05,0.0,0.0,0.0,0.0,0.0,0.0,0.0002100024596262487,0.0012909247285864689
0.0,-2.261747834405866e-07,0.0,0.0,0.044484479523357816,0.0,0.0,0.28634642729218157,-0.28634642729218157,0.0,0.0,0.0,0.0,-0.12912322605687743,0.0001068561842177173,0.0,0.24184385990459595,0.005789766646646672,-5.3377267168203936e-05,0.0,0.0,0.0,0.0,-7.689945282223108e-06,0.0,0.0,-0.0037111826489670667,0.0,0.0,0.0,0.0,-0.0004275549456791311,0.0,0.0,-4.019413393980649e-05,0.0,0.0,0.0,0.0,0.0,0.0,0.0002404766513248281,0.0014782553327965136
0.0,-2.1723275287903316e-07,0.0,0.0,0.04226868144169226,0.0,0.0,0.2858426073096428,-0.2858426073096428,0.0,0.0,0.0,0.0,-0.13068371805304788,0.0008644028297314711,0.0,0.2430994903417452,0.005637039964223946,-5.126694723310974e-05,0.0,0.0,0.0,0.0,-7.385916138548142e-06,0.0,0.0,-0.003602546154196129,0.0,0.0,0.0,0.0,-0.00041065116298131133,0.0,0.0,-3.8605021446285144e-05,0.0,0.0,0.0,0.0,0.0,0.0,0.00023096918310588975,0.0014198111324194272
0.0,-2.164595893129877e-07,0.0,0.0,0.04146038889838938,0.0,0.0,0.28536502713580975,-0.28536502713580975,0.0,0.0,0.0,0.0,-0.13160177141642249,0.0017721983486063569,0.0,0.24277403925664676,0.005262748881423243,-5.1084480569046946e-05,0.0,0.0,0.0,0.0,-7.359628568260008e-06,0.0,0.0,-0.0036909321647553544,0.0,0.0,0.0,0.0,-0.0004091895946249588,0.000556644034631008,0.0,-3.846762045286638e-05,0.0,0.0,0.0,0.0,0.0,0.0,0.0002301471295486336,0.001414757814152712
0.0,-1.8728643856384215e-07,0.0,0.0,0.03683584710266514,0.0,0.0,0.28623773728121665,-0.28623773728121665,0.0,0.0,0.0,0.0,-0.13220706099847515,8.848340153673767e-05,0.0,0.24794204385642837,0.003349409468871603,-4.419961463488995e-05,0.0,0.0,0.0014448684734836232,0.0,-6.367741101592412e-06,0.0,0.0,-0.0037955185594578758,0.0,0.0,0.0,0.0,-0.0003540414269375713,0.0,0.0,-3.3283180742922554e-05,0.0,0.0,0.0,0.0,0.0,0.0,0.00019912925260395732,0.0012240850741886233
0.0,-2.14037026488625e-07,0.0,0.0,0.04154678856871838,0.0,0.0,0.2858407195615785,-0.2858407195615785,0.0,0.0,0.0,0.0002752071053151156,-0.13086280216625137,0.0006515359165249511,0.0,0.24372639961020945,0.005479056587388313,-5.051275554674031e-05,0.0,0.0,0.0,0.0,-7.27726140389842e-06,0.0,0.0,-0.003649624153971632,0.0,0.0,0.0,0.0,-0.00040461004468124565,0.0,0.0,-3.8037100245623165e-05,0.0,0.0,0.0,0.0,0.0,0.0,0.00022757137911896735,0.001398924190440679
0.0,-2.2538823151505005e-07,0.0,0.0,0.042590964652782656,0.0,0.0,0.28535062072908457,-0.28535062072908457,0.0017388143664193504,0.0,0.0,0.0,-0.13041299778228455,0.00010648457808120026,0.0,0.24274163111495045,0.005769631987799862,-5.319164085021939e-05,0.0,0.0,0.0,0.0,-7.663202507555691e-06,0.0,0.0,-0.0036982765335542064,0.0,0.0,0.0,0.0,-0.00042606806831517,0.0,0.0,-4.0054353664725855e-05,0.0,0.0,0.0,0.0,0.0,0.0,0.00023964036281260405,0.0014731145095767083
0.0,-2.2518675881600842e-07,0.0,0.0,0.039944798307242714,0.0,0.0,0.28400403599478635,-0.28400403599478635,0.004330065214478368,0.0,0.0,0.0,-0.13189099838930404,0.0,0.0,0.24402593936842934,0.005437343199414943,-5.31440932769654e-05,0.0,0.0,0.0,0.0,-7.656352433431938e-06,0.0,0.0,-0.003729212757531607,0.0,0.0,0.0,0.0,-0.00042568720954928906,0.00039561552780282275,0.0,-4.0018549405173545e-05,0.0,0.0,0.0,0.0,0.0,0.0,0.0002394261502498157,0.001471797704549903
0.0,-2.0842099390888323e-07,0.0,0.0,0.03880160413595557,0.0,0.0,0.2850729252702318,-0.2850729252702318,0.001810714842973112,0.0,0.0,0.0005492413182550107,-0.13189667278231043,0.0,0.0,0.24587434108648942,0.005215598691398288,-4.9187371404113466e-05,0.0,0.0,0.0,0.0,-7.086316230504494e-06,0.0,0.0,-0.00363464319341438,0.0,0.0,0.0,0.0,-0.00039399364232180895,0.0,0.0,-3.703905987044688e-05,0.0,0.0,0.0,0.0,0.0,0.0,0.00022160022403278505,0.0013622183738864519
0.0,-2.3114591909601023e-07,0.0,0.0,0.0405957803696576,0.0,0.0,0.2832626319969177,-0.2832626319969177,0.005662906890258598,0.0,0.0,0.0,-0.13074512057259544,-0.001218254331605965,0.0,0.24344484168276062,0.005784275041343724,-5.455045558458031e-05,0.0,0.0,0.0,0.0,-7.85896395264778e-06,0.0,0.0,-0.003726378433885507,0.0,0.0,0.0,0.0,-0.000436952251615655,0.0,0.0,-4.10775679342046e-05,0.0,0.0,0.0,0.0,0.0,0.0,0.00024576213026953,0.001510746168781398
0.0,-2.264080407214546e-07,0.0,0.0,0.04263392211879983,0.0,0.0,0.28529396397757356,-0.28529396397757356,0.0019606147148399176,0.0,0.0,0.0,-0.13036662462400328,0.0,0.0,0.24270611517218849,0.005785041076936138,-5.343231590533732e-05,0.0,0.0,0.0,0.0,-7.697876032500699e-06,0.0,0.0,-0.00370966172525201,0.0,0.0,0.0,0.0,-0.0004279958891942908,0.0,0.0,-4.023558672356524e-05,0.0,0.0,0.0,0.0,0.0,0.0,0.00024072465832608166,0.0014797798786106466
0.0,-2.215119905662533e-07,0.0,0.0,0.04077175518541072,0.0,0.0,0.2847657889138283,-0.2847657889138283,0.002858429462283087,0.0,0.0,0.0,-0.13130831136847784,0.0,0.0,0.2440391107112578,0.005659940169864444,-5.2276847673080755e-05,0.0,0.0,0.0,0.0,-7.531410269961754e-06,0.0,0.0,-0.0036294406791805515,0.0,0.0,0.0,0.0,-0.0004187405229403455,0.0,0.0,-3.9365496376973325e-05,0.0,0.0,0.0,0.0,0.0,0.0,0.00023551901281542508,0.0014477797938024885
0.0,-1.1724877705600884e-06,0.0,0.0,0.03178156119889923,0.0,0.0,0.1714583113573776,-0.1714583113573776,0.18242078725330313,0.0,0.0,0.00047596842804828405,0.004469671592582593,-0.15198202149746634,0.0,0.22094691831692104,0.0,-0.00027670720859594743,0.0,0.0,0.0,0.04888433757703369,-3.986459791195659e-05,0.0,0.0,-0.004469671592582593,0.0,0.0,0.0,0.0,-0.0022164404776934396,0.0,0.0,-0.00020836598039700134,0.0,0.0,0.0,0.0,0.0,0.0,0.0012466285078047608,0.007663260568234151
0.0,-7.939792626578351e-07,0.0,0.0,0.0,0.0,0.0,0.15915061066486308,-0.15915061066486308,0.23113914839509625,0.0,0.0,0.00032231386206242575,0.003026749314158008,-0.16748343127916013,0.0,0.2572280764871465,0.0,-0.00018737917014534765,0.0,0.0,0.0,0.01158157050254463,-2.6995304216406977e-05,0.0,0.0,-0.003026749314158008,0.0,0.0,0.0,0.0,-0.0015009178094568703,0.0,0.0,-0.00014110020729645606,0.0,0.0,0.0,0.0,0.0,0.0,0.0008441855073356056,0.005189367538234458
0.007233142289184069,-7.358085851036355e-07,0.0,0.0,0.0,0.0,0.0,0.15449029901317865,-0.15449029901317865,0.2403374438409237,0.0,0.0,0.0014653354765699455,0.0033883132646605786,-0.17061239590419056,0.0,0.25728183133006416,0.0,-0.00017365088554203065,0.0,0.0,0.0,0.0,-2.5017500499224914e-05,0.0,0.0,-0.0033883132646605786,0.0,0.0,0.0,0.0,-0.0013909534690319022,0.0,0.0,-0.00013076253848380085,0.0,0.0,0.0,0.0,0.0,0.0,0.0007823364827417346,0.004809169918505241
0.010822119458836396,-7.630849365323683e-07,0.0,0.0,0.0,0.0,0.0,0.15357554850641966,-0.15357554850641966,0.24245058057589175,0.0,0.0,0.001596884278150552,0.0,-0.17014083201265026,0.0,0.25670224953147525,0.0,-0.00018008810668329795,0.0,0.0,0.0,0.0,-2.5944896766814328e-05,0.0,0.0,-0.0035525321822913055,0.0,0.0,0.0,0.0,-0.0014425159764698734,0.0,0.0,-0.00013560989284416755,0.0,0.0,0.0,0.0,0.0,0.0,0.000811337618731167,0.004987445371433211
0.0006673652113019131,-3.840828973693403e-07,0.0,0.0,0.017840124700355776,0.0,0.0,0.28037486117754185,-0.28037486117754185,0.0,0.0,0.0,0.0020132020770105906,-0.1328283834408901,0.0,0.0,0.2611358075011587,0.0,-9.064359481527512e-05,0.0,0.0,0.0,0.0,-1.3058823002626242e-05,0.0,0.0,-0.002392814856617527,0.0,0.0,0.0,0.0,-0.0007260603495356912,0.0,0.0,-6.825641296527453e-05,0.0,0.0,0.0,0.0,0.0,-0.018555480043756758,0.00040836987919468586,0.0025103266714138817
0.005529438162685882,-1.9685364186121825e-07,0.0,0.0,0.031622289927355,0.0,0.0,0.2834717130718509,-0.2834717130718509,0.0,0.0,0.0,0.002328673071103225,-0.13299287841977112,0.0,0.0,0.2502678657234144,0.0,-4.645747538615585e-05,0.0,0.0,0.0,0.0,-6.693026125597102e-06,0.0,0.0,-0.004036225595363106,0.0,0.0,0.0,0.0,-0.0003721270199638397,0.0043228284217179,0.0,-3.498339437821099e-05,0.0,0.0,0.0,0.0,0.0,0.0,0.00020930142554250784,0.0012866153398493386
0.0003412572850558912,-1.9640083806131392e-07,0.0,0.0,0.03758759120705406,0.0,0.0,0.2856949266070348,-0.2856949266070348,0.0,0.0,0.0,0.0010294511362515578,-0.13196815331805817,0.0,0.0,0.24739199289147062,0.004744173531527211,-4.635061365278927e-05,0.0,0.0,0.0,0.0,-6.677630791104555e-06,0.0,0.0,-0.0035956529447943074,0.0,0.0,0.0,0.0,-0.00037127105140215315,0.0,0.0,-3.490292538734937e-05,0.0,0.0,0.0,0.0,0.0,0.0,0.00020881998928400132,0.0012836558603630016
0.008272785633031913,-1.6529475387698795e-07,0.0,0.0,0.02897258668923504,0.0,0.0,0.2803742747913236,-0.2803742747913236,0.0,0.0,0.0,0.006190123962065585,-0.12104892803713921,-0.013309294807229857,0.0,0.2561233598980438,0.0,-3.900957527173754e-05,0.0,0.0,0.0,0.0,-5.620023565034067e-06,0.0,0.0,-0.0036916359848614562,0.0,0.0,0.0,0.0,-0.00031246891647178593,0.0,0.0,-2.937497883633111e-05,0.0,0.0,0.0,0.0,0.0,0.0,0.0001757469523756234,0.0010803496644714678
0.0024410565576576597,-4.8773636933942035e-08,0.0,0.0,0.0046217783294672295,0.0,0.0,0.28301655278551574,-0.28301655278551574,0.0,0.0,0.0,0.0037901155384243226,-0.14469731304734434,0.0,0.0,0.2758608186162329,0.0,-1.151058225760117e-05,0.0,0.0,0.0,0.0,-1.658304226189547e-06,0.0,0.0,-0.002071089271631297,0.0,0.0,0.0,0.0,-9.220041851103702e-05,0.0,0.0,-8.667695248039604e-06,0.0,0.0,0.0,0.0,0.0,0.0,5.1857774347724236e-05,0.00031877951998313987
0.0008457115088617388,-4.630432286563565e-07,0.0,0.0,0.02101702565517429,0.0,0.0,0.2796977729292818,-0.2796977729292818,0.0,0.0,0.0,0.0011591849710021246,-0.1298523100891763,0.0,0.0,0.25801676941771245,0.0,-0.00010927823937946061,0.0,0.0,0.0,0.0,-1.5743475189870927e-05,0.0,0.0,-0.002250786194835909,0.0,0.0,0.0,0.0,-0.0008753249122807892,0.0,0.0,-8.228866750489489e-05,0.0,0.0,0.0,0.0,0.0,-0.02286084145383319,0.0004923231642008751,0.0030264033490558567
0.0061310040770934425,-2.1320797534654228e-07,0.0,0.0,0.034557529252390765,0.0,0.0,0.2834908047668568,-0.2834908047668568,0.0,0.0,0.0,0.0019691452014600676,-0.131640121294715,0.0,0.0,0.24767061452381658,0.0,-5.0317099410216685e-05,0.0,0.0,0.0,0.0,-7.249073655371382e-06,0.0,0.0,-0.00414640470408915,0.0,0.0,0.0,0.0,-0.00040304282790037266,0.00478466393577984,0.0,-3.788976731955196e-05,0.0,0.0,0.0,0.0,0.0,0.0,0.00022668990400758542,0.0013935055966730553
0.00038841618566929124,-2.126652916391833e-07,0.0,0.0,0.041151048661974554,0.0,0.0,0.28595088531690727,-0.28595088531690727,0.0,0.0,0.0,0.0005323874633417359,-0.13050964009569171,0.0,0.0,0.24449488662924732,0.005249733949251464,-5.0189026011427994e-05,0.0,0.0,0.0,0.0,-7.230622402974181e-06,0.0,0.0,-0.003658602213409372,0.0,0.0,0.0,0.0,-0.0004020169526923092,0.0,0.0,-3.7793325526666294e-05,0.0,0.0,0.0,0.0,0.0,0.0,0.00022611290440272667,0.00138995867127217
0.009011362867126603,-1.7601253810094046e-07,0.0,0.0,0.03116205660510395,0.0,0.0,0.2801168474897863,-0.2801168474897863,0.0,0.0,0.0,0.006233890765502806,-0.11887873332279561,-0.014483150018514428,0.0,0.25449565884634756,0.0,-4.153897321464904e-05,0.0,0.0,0.0,0.0,-5.984428353999055e-06,0.0,0.0,-0.0037522015062280588,0.0,0.0,0.0,0.0,-0.0003327295378459473,0.0,0.0,-3.127966532738131e-05,0.0,0.0,0.0,0.0,0.0,0.0,0.0001871424617272449,0.001150400009800889
0.004043605454904421,-2.0980874595575775e-07,0.0,0.0,0.02821478189503226,0.0,0.0,0.28031789757020753,-0.28031789757020753,0.0,0.0,0.0,0.0051981844742679,-0.118261556774727,-0.015031385890554114,0.0,0.25647520987791644,0.0,-4.951488099931421e-05,0.0,0.0,0.0,0.006698031265428813,-7.13349981632878e-06,0.0,0.0,-0.003356324034739856,0.0,0.0,0.0,0.0,-0.00039661701280543053,0.0,0.0,-3.7285681048983206e-05,0.0,0.0,0.0,0.0,0.0,0.0,0.0002230757287730791,0.0013712885798249069
0.002912108397949183,-2.067484295328406e-07,0.0,0.0,0.026087209068673203,0.0,0.0,0.2805191837453847,-0.2805191837453847,0.0,0.0,0.0,0.004907859386452003,-0.11986136778301228,-0.014168625112350812,0.0,0.2580967868695928,0.0,-4.879264607621457e-05,0.0,0.0,0.0,0.007672848451321013,-7.029449022157449e-06,0.0,0.0,-0.003200116341614643,0.0,0.0,0.0,0.0,-0.00039083186999659474,0.0,0.0,-3.674182392074931e-05,0.0,0.0,0.0,0.0,0.0,0.0,0.00021982189722659807,0.0013512866635926738
0.0013274888570376832,-2.652394896132098e-08,0.0,0.0,0.0,0.0,0.0,0.2820928662448166,-0.2820928662448166,0.0,0.0,0.0,0.0033178320816737456,-0.14843584359682405,0.002513403146198805,0.0,0.27820145400209423,0.0,-6.2596540981596315e-06,0.0,0.0,0.0,0.0,-9.018145748976329e-07,0.0,0.0,-0.0017546450222961283,0.0,0.0,0.0,0.0,-5.014018532411963e-05,0.0,0.0,-4.7136428780708e-06,0.0,0.0,0.0,0.0,0.0,0.0,2.820115633184478e-05,0.00017335782708594947
0.05075920176686371,-1.014196443039121e-06,0.0,0.0,0.0,0.0,0.0,0.13136168182495866,-0.13136168182495866,0.24779128935131026,0.0,0.0,0.002968326475155396,-0.038490675092494715,-0.1516862736722569,0.0,0.23035701093960903,0.0,-0.00023935044251014798,0.0,0.0,0.0,0.0,-3.448269092493629e-05,0.0,0.0,-0.005144553047304568,0.0,0.0,0.0,0.0,-0.0019172106567992685,0.0,0.0,-0.000180235599445144,0.0,0.0,0.0,0.0,0.0,0.0,0.0010783278343302436,0.0066286845846352666
0.0021438101050739503,-4.283449123379834e-08,0.0,0.0,0.0,0.0,0.0,0.28102563388044993,-0.28102563388044993,0.004058986284050368,0.0,0.0,0.0033285947288614077,-0.1473725121976528,0.0,0.0,0.27880023680058036,0.0,-1.010894339245007e-05,0.0,0.0,0.0,0.0,-1.456373202922963e-06,0.0,0.0,-0.0018188935832334377,0.0,0.0,0.0,0.0,-8.097321148743692e-05,0.0,0.0,-7.612233564255965e-06,0.0,0.0,0.0,0.0,0.0,0.0,4.554307450376048e-05,0.0002799618690057081
0.0012388345999457583,-7.239758325358557e-07,0.0,0.0,0.0,0.0,0.0,0.1561093974802397,-0.1561093974802397,0.24345955129997043,0.0,0.0,0.0,0.0032506457148037743,-0.16975412101255294,0.0,0.25835696377818285,0.0,-0.00017085835497988004,0.0,0.0012754127981232295,0.0,0.0,-2.461518677352961e-05,0.0,0.0,-0.0032506457148037743,0.0,0.0,0.0,0.0,-0.001368585140412807,0.0,0.0,-0.00012865970794561724,0.0,0.0,0.0,0.0,0.0,0.0,0.0007697555014750833,0.004731832253718322
0.0,-7.56626330779197e-07,0.0,0.0,0.0,0.0,0.0,0.15775515354531985,-0.15775515354531985,0.2378239277109594,0.0,0.0,0.0,0.0031275160558642615,-0.16856269307217528,0.0,0.25792466306675016,0.0,-0.00017856387520365696,0.0,0.0007934722138136106,0.0,0.005610386822218067,-2.5725304095669424e-05,0.0,0.0,-0.0031275160558642615,0.0,0.0,0.0,0.0,-0.0014303067956321453,0.0,0.0,-0.0001344621165060703,0.0,0.0,0.0,0.0,0.0,0.0,0.0008044706114542135,0.004945232582492645
0.0,-7.099045631676718e-07,0.0,0.0,0.0,0.0,0.0,0.1579342649686599,-0.1579342649686599,0.2411571591748942,0.0,0.0,0.0,0.0031874658275507406,-0.16888427527488772,0.0,0.25940929344562486,0.0,-0.00016753753427194902,0.0,0.0012506237426997086,0.0,0.0,-2.4136763450439834e-05,0.0,0.0,-0.0031874658275507406,0.0,0.0,0.0,0.0,-0.001341985177681194,0.0,0.0,-0.00012615906451806888,0.0,0.0,0.0,0.0,0.0,0.0,0.0007547944537133668,0.004639863871273963
0.004155086441444638,-7.490334331062025e-07,0.0,0.0,0.0,0.0,0.0,0.15537394297596288,-0.15537394297596288,0.24574738178092104,0.0,0.0,0.0,0.0,-0.16922970955519898,0.0,0.257895211909506,0.0,-0.00017677195073928037,0.0,0.001384860203048752,0.0,0.0,-2.546714548598434e-05,0.0,0.0,-0.0033958061235017257,0.0,0.0,0.0,0.0,-0.0014159533787625005,0.0,0.0,-0.00013311276207576196,0.0,0.0,0.0,0.0,0.0,0.0,0.0007963975867850711,0.004895606177171333
0.0,-7.02340842514149e-07,0.0,0.0,0.0,0.0,0.0,0.16127265930113555,-0.16127265930113555,0.23822033717467644,0.0,0.0,0.0,0.0,-0.16647255663119387,0.0,0.26129911739888056,0.0,-0.00016575249558652543,0.0,0.0012985319997534323,0.0,0.0,-2.3879596859758025e-05,0.0,0.0,-0.003184121333415496,0.0,0.0,0.0,0.0,-0.0013276869162925694,0.0,0.0,-0.00012481489521499163,0.0,0.0,0.0,0.0,0.0,0.0,0.0007467524510345253,0.004590428163978191
0.0,-1.1256364992972925e-07,0.0,0.0,0.0,0.0,0.0,0.27400428503562474,-0.27400428503562474,0.02174330742229845,0.0,0.0,0.0,-0.15016783718458201,0.0,0.0,0.27359936116446304,0.0,-2.65650304792075e-05,0.0,0.0011648373230889496,0.0,0.0,-3.827165414106917e-06,0.0,0.0,-0.002058253596606993,0.0,0.0,0.0,0.0,-0.0002127874049398285,0.0021391510726546524,0.0,-2.0003991396403978e-05,0.0,0.0,0.0,0.0,0.0,0.0,0.00011968146574179078,0.0007357045434349796
0.0,-5.321628090230442e-08,0.0,0.0,0.0,0.0,0.0,0.279889245989158,-0.279889245989158,0.008593968972304468,0.0,0.0,0.002359742394995937,-0.148023000791636,0.0,0.0,0.27801228141641676,0.0,-1.2559046593125921e-05,0.0,0.0008878016871194946,0.0,0.0,-1.8093541730731247e-06,0.0,0.0,-0.0018158377238584233,0.0,0.0,0.0,0.0,-0.00010059867746665515,0.0,0.0,-9.45720955195465e-06,0.0,0.0,0.0,0.0,0.0,0.0,5.658134312178643e-05,0.0003478161881653518
0.0,-1.8073909387517266e-07,0.0,0.0,0.0,0.0,0.0,0.2613509639556464,-0.2613509639556464,0.045216642887238125,0.0,0.0,0.0,-0.13807611991639718,-0.016028842866090885,0.0,0.2710050495038435,0.0,-4.265444075930078e-05,0.0,0.003015251531113265,0.0,0.0,-6.145131305602717e-06,0.0,0.0,-0.002159940750469699,0.0,0.0,0.0,0.0,-0.0003416644963172664,0.0,0.0,-3.21196343680209e-05,0.0,0.0,0.0,0.0,0.0,0.0,0.00019216789510048373,0.001181292296609928
0.0,-5.374518247804447e-08,0.0,0.0,0.0,0.0,0.0,0.2798313525656205,-0.2798313525656205,0.008761690219509025,0.0,0.0,0.0022803099346889464,-0.14803318868443505,0.0,0.0,0.2780180415909068,0.0,-1.2683867407738868e-05,0.0,0.0009172023517851985,0.0,0.0,-1.8273368328340922e-06,0.0,0.0,-0.001792730712576946,0.0,0.0,0.0,0.0,-0.00010159849929049056,0.0,0.0,-9.55120208486606e-06,0.0,0.0,0.0,0.0,0.0,0.0,5.714368909988174e-05,0.00035127303495865314
0.0,-1.6891050488330065e-07,0.0,0.0,0.0,0.0,0.0,0.2631302079393521,-0.2631302079393521,0.041869392186826115,0.0,0.0,0.0,-0.13916043332640252,-0.014333128462855697,0.0,0.27176445776551444,0.0,-3.986289280140084e-05,0.0,0.002882586032403505,0.0,0.0,-5.7429591415369696e-06,0.0,0.0,-0.002050916817462516,0.0,0.0,0.0,0.0,-0.0003193040384141017,0.0,0.0,-3.0017543750199585e-05,0.0,0.0,0.0,0.0,0.0,0.0,0.00017959134068804046,0.0011039818445307897
0.0,-9.947478300131668e-08,0.0,0.0,0.0,0.0,0.0,0.27482580285140235,-0.27482580285140235,0.01959308450545756,0.0,0.0,0.0,-0.15074906324045279,0.0,0.0,0.2748460456521416,0.002532320019807471,-2.3476056826446276e-05,0.0,9.39936413397596e-06,0.0,0.0,-3.3821437854591216e-06,0.0,0.0,-0.0016298793715622895,0.0,0.0,0.0,0.0,-0.00018804455030568723,0.0,0.0,-1.767793336978441e-05,0.0,0.0,0.0,0.0,0.0,0.0,0.00010576494135874533,0.000650157043210347
0.0,-6.347132732097646e-08,0.0,0.0,0.0,0.0,0.0,0.2787667313797388,-0.2787667313797388,0.012501651598043584,0.0,0.0,0.0,-0.14789269706220728,0.0,0.0,0.27877964759219837,0.0,-1.4979238376599354e-05,0.0,0.0016217808987236783,0.0,0.0,-2.1580258712465944e-06,0.0,0.0,-0.0010399681604207993,0.0,0.0,0.0,0.0,-0.00011998455129296556,0.0,0.0,-1.127966165311612e-05,0.0,0.0,0.0,0.0,0.0,0.0,6.748485404563236e-05,0.0004148421263617732
0.0,-3.5106256331034096e-07,0.0,0.0,0.0,0.0,0.0,0.2728212610925886,-0.2728212610925886,0.015525361095458627,0.0,0.0,0.0,-0.14325975072641572,0.0,0.0,0.2728927012033551,0.0,-8.285079330911807e-05,0.0,3.317187297927764e-05,0.0,0.0,-1.1936131258428614e-05,0.0,0.0,-0.001283624327461592,0.0,0.0,0.0,0.0,-0.0006636395662806434,0.0,0.0,-6.238827987937188e-05,0.0,0.0,0.0,0.0,0.0,-0.01787393207510565,0.00037326154731373047,0.002294509133442145
0.0,-7.249022219013732e-08,0.0,0.0,0.0,0.0,0.0,0.277779525584842,-0.277779525584842,0.014278061296921411,0.0,0.0,0.0,-0.1495309074285158,0.0,0.0,0.2759489004728814,0.0,-1.710769829449998e-05,0.0,6.849595183423585e-06,0.0018453766407306137,0.0,-2.4646684022791857e-06,0.0,0.0,-0.0021104297179626043,0.0,0.0,0.0,0.0,-0.00013703363628471844,0.0,0.0,-1.288243391112653e-05,0.0,0.0,0.0,0.0,0.0,0.0,7.707404698656957e-05,0.0004737887040193588
0.0,-1.0956919748052145e-07,0.0,0.0,0.0,0.0,0.0,0.2742901143506684,-0.2742901143506684,0.021182863924543962,0.0,0.0,0.0,-0.1500414176342261,0.0,0.0,0.27391394096652194,0.0,-2.585833945922545e-05,0.0,0.0012057642825436814,0.0,0.0,-3.725353995812022e-06,0.0,0.0,-0.001994510018934225,0.0,0.0,0.0,0.0,-0.00020712676967897458,0.0019923518300145487,0.0,-1.9471839133499493e-05,0.0,0.0,0.0,0.0,0.0,0.0,0.0001164976629916222,0.000716133107422044
0.0428230460573091,-1.019217269190563e-06,0.0,0.0,0.0,0.0,0.0,0.13201199387439533,-0.13201199387439533,0.2549840341532569,0.0,0.0,0.0,-0.0435048338803189,-0.14748665754166757,0.0,0.22927600507099688,0.0,-0.00024053535788759993,0.0,0.002729147157727371,0.0,0.0,-3.4653399072806744e-05,0.0,0.0,-0.0050430843167473096,0.0,0.0,0.0,0.0,-0.0019267018963609413,0.0,0.0,-0.00018112786407230367,0.0,0.0,0.0,0.0,0.0,0.0,0.0010836661458847676,0.006661500192637663
0.0017995754916041442,-7.178914699072447e-07,0.0,0.0,0.0,0.0,0.0,0.15700045460735174,-0.15700045460735174,0.24149508694942,0.0,0.0,0.0,0.003121335514949365,-0.1692250158786746,0.0,0.2590414678549307,0.0010607111857801272,-0.00016942244490787632,0.0,0.0,0.0,0.0,-2.4408318372996743e-05,0.0,0.0,-0.003121335514949365,0.0,0.0,0.0,0.0,-0.0013570834190732518,0.0,0.0,-0.0001275784393677831,0.0,0.0,0.0,0.0,0.0,0.0,0.0007632864020992962,0.0046920654796969614
0.0,-7.612453610998169e-07,0.0,0.0,0.0,0.0,0.0,0.15862429304757591,-0.15862429304757591,0.23542508670406218,0.0,0.0,0.0,0.003029209386310608,-0.16799509731696752,0.0,0.2581843603071066,0.0005635173033914758,-0.00017965396673256753,0.0,0.0,0.0,0.006959510655706104,-2.5882351180592697e-05,0.0,0.0,-0.003029209386310608,0.0,0.0,0.0,0.0,-0.0014390384907741977,0.0,0.0,-0.00013528297690683992,0.0,0.0,0.0,0.0,0.0,0.0,0.0008093817201418108,0.004975422093895886
0.0,-6.977995815083013e-07,0.0,0.0,0.0,0.0,0.0,0.15960326654412402,-0.15960326654412402,0.2382346967872199,0.0,0.0,0.0,0.0030339775681692974,-0.16798727435266003,0.0,0.2605376311426333,0.0010310246779143088,-0.0001646807576221853,0.0,0.0,0.0,0.0,-2.3725193932446566e-05,0.0,0.0,-0.0030339775681692974,0.0,0.0,0.0,0.0,-0.0013191022342465269,0.0,0.0,-0.00012400785540998786,0.0,0.0,0.0,0.0,0.0,0.0,0.000741924029303041,0.00456074694489004
0.004636340443167408,-7.413707834121278e-07,0.0,0.0,0.0,0.0,0.0,0.15636983191272846,-0.15636983191272846,0.24352311369178517,0.0,0.0,0.0,0.0,-0.1686797287525354,0.0,0.2586558038402704,0.0011478161007513572,-0.0001749635647922925,0.0,0.0,0.0,0.0,-2.520661530676674e-05,0.0,0.0,-0.0032496283996791536,0.0,0.0,0.0,0.0,-0.001401468104480945,0.0,0.0,-0.00013175101182468516,0.0,0.0,0.0,0.0,0.0,0.0,0.0007882503994166332,0.004845523879749379
0.0,-6.90172768688253e-07,0.0,0.0,0.0,0.0,0.0,0.16283579851350047,-0.16283579851350047,0.23533807557633218,0.0,0.0,0.0,0.0,-0.16566326864128766,0.0,0.2623742076531282,0.0010685495489240774,-0.00016288082918036352,0.0,0.0,0.0,0.0,-2.3465882207364998e-05,0.0,0.0,-0.0030252136717502176,0.0,0.0,0.0,0.0,-0.001304684705062345,0.0,0.0,-0.00012265247382695042,0.0,0.0,0.0,0.0,0.0,0.0,0.0007338149449066885,0.004510898873624223
0.0,-1.208881141026868e-06,0.0,0.0,0.03080507434454509,0.0,0.0,0.17015526227250602,-0.17015526227250602,0.1853839451372755,0.0,0.0,0.0,0.004363036609087232,-0.15154666584405735,0.0,0.22130265371568839,0.0,-0.00028529604696690144,0.0,0.0,0.0,0.04610768585604495,-4.1101972933468333e-05,0.0,0.0,-0.004363036609087232,0.0,0.0,0.0,0.0,-0.0022852375615075686,0.0,0.0,-0.0002148335449274522,0.0,0.0,0.0,0.0,0.0,-0.00380325223768099,0.0012853231656580492,0.007901123928386714
0.0,-8.268250390560656e-07,0.0,0.0,0.0,0.0,0.0,0.158518020065554,-0.158518020065554,0.2321420296377389,0.0,0.0,0.0,0.0029841378050180175,-0.16685990992311006,0.0,0.2567089507479174,0.0,-0.000195130776029458,0.0,0.0,0.0,0.010466357635381842,-2.8112060998096908e-05,0.0,0.0,-0.0029841378050180175,0.0,0.0,0.0,0.0,-0.001563008613436454,0.0,0.0,-0.00014693731926722627,0.0,0.0,0.0,0.0,0.0,-0.0026012682911816243,0.0008791082436294392,0.0054040441851263546
0.013789372817336141,-9.9136109836117e-07,0.0,0.0,0.0614499496275483,0.0,0.0,0.16387009446086634,-0.16387009446086634,0.21298429640220234,0.0,0.0,0.0,0.008101446902560372,-0.15335226219563464,0.0,0.195581726197176,0.0,-0.00023396129932092414,0.0,0.0,0.0,0.0,-3.3706288938813575e-05,0.0,0.0,-0.008101446902560372,0.0,0.0,0.0,0.0,-0.001874043313363256,0.0,0.0,-0.00017617746843431753,0.0,0.0,0.0,0.009046946676521141,0.0,0.0,0.0010540485263699714,0.006479435099202268
0.0,-1.1418121051695745e-06,0.0,0.0,0.035482217499185634,0.0,0.0,0.17109260661310413,-0.17109260661310413,0.18707295239110572,0.0,0.0,0.0,0.00491925129146153,-0.1519198657430941,0.0,0.2182049120472803,0.0,-0.00026946774908501566,0.0,0.0,0.0,0.042352204006010745,-3.882162492990971e-05,0.0,0.0,-0.00491925129146153,0.0,0.0,0.0,0.0,-0.002158451995289708,0.0,0.0,-0.00020291452473672483,0.0,0.0,0.0,0.0015965541456728649,0.0,0.0,0.0012140131066620888,0.0074627675457106185
0.0,-8.121716873453338e-07,0.0,0.0,0.050342815911169986,0.0,0.0,0.17943815242674818,-0.17943815242674818,0.19708105561837885,0.0,0.0,0.0,0.006637103081478754,-0.14822756527924277,0.0,0.2167148094443902,0.0,-0.00019167258384165004,0.0,0.0,0.0,0.0,-2.7613846868552716e-05,0.0,0.0,-0.006637103081478754,0.0,0.0,0.0,0.0,-0.001535308297338462,0.0,0.0,-0.00014433323240852053,0.0,0.0,0.0,0.007411702920096375,0.0,0.0,0.0008635283063062876,0.00530827137181703
0.0008824005913114836,-7.169926710071197e-07,0.0,0.0,0.0,0.0,0.0,0.15690019786659842,-0.15690019786659842,0.24191504222274068,0.0,0.0,0.0,0.0033341196217037444,-0.16949468425423433,0.0,0.25862084081590697,0.0,-0.00016921032829481867,0.0,0.0,0.0,0.0,-2.4377759199880528e-05,0.0,0.0,-0.0033341196217037444,0.0,0.0,0.0,0.0,-0.0013553843529392044,0.0,0.0,-0.0001274187113785395,0.0,0.0,0.0,0.0014927672042059545,0.0,0.0,0.0007623307688212244,0.004686191021691476
0.0,-7.451946992168089e-07,0.0,0.0,0.0,0.0,0.0,0.15797662636461995,-0.15797662636461995,0.2378776448797656,0.0,0.0,0.0,0.003210510704795999,-0.16862087814303064,0.0,0.25819567374544083,0.0,-0.00017586600923119168,0.0,0.0,0.0,0.004483642716168928,-2.5336628488848776e-05,0.0,0.0,-0.003210510704795999,0.0,0.0,0.0,0.0,-0.0014086967357601764,0.0,0.0,-0.00013243057026922003,0.0,0.0,0.0,0.0010419785190413154,0.0,0.0,0.0007923161155573513,0.004870516603714647
0.0,-7.070108029970682e-07,0.0,0.0,0.0,0.0,0.0,0.15819631981349666,-0.15819631981349666,0.24028736795625516,0.0,0.0,0.0,0.00328770249173947,-0.16887523571126553,0.0,0.25937093865820815,0.0,-0.0001668546066378541,0.0,0.0,0.0,0.0,-2.4038375570795132e-05,0.0,0.0,-0.00328770249173947,0.0,0.0,0.0,0.0,-0.0013365148884927627,0.0,0.0,-0.00012564480655297846,0.0,0.0,0.0,0.0014719851156231138,0.0,0.0,0.0007517177103869089,0.00462095054973141
0.0,-1.0716300772597026e-06,0.0,0.0,0.027307601284766864,0.0,0.0,0.1780851275225291,-0.1780851275225291,0.19158481251312628,0.0,0.0,0.0,0.003867676564555774,-0.14342357113869247,0.0,0.23704974222021621,0.0,-0.0002529047848271737,0.0,0.0,0.0,0.0,-3.6435435160155197e-05,0.0,0.0,-0.003867676564555774,0.0,0.0,0.0,0.0,-0.002025781709618631,0.0,0.0,-0.00019044228628880942,0.0,0.0,0.0,0.0,0.0,-0.026078570649185617,0.001139393209615144,0.007004064964255534
0.0,-8.03465707277911e-07,0.0,0.0,0.0,0.0,0.0,0.16082003622776722,-0.16082003622776722,0.23236403178828396,0.0,0.0,0.0,0.0028998304101443325,-0.1644059573233788,0.0,0.2596271133279327,0.0,-0.00018961797184224494,0.0,0.0,0.0,0.0,-2.731784344443894e-05,0.0,0.0,-0.0028998304101443325,0.0,0.0,0.0,0.0,-0.001518850738373723,0.0,0.0,-0.00014278606908825942,0.0,0.0,0.0,0.0,0.0,-0.008178146407787057,0.0008542718149270686,0.005251369973411277
0.025608977891720976,-1.510723692566054e-06,0.0,0.0,0.03849671740600728,0.0,0.0,0.14861846545274535,-0.14861846545274535,0.2188675163782949,0.0,0.0,0.0,0.005452432462700353,-0.15097251235432968,0.0,0.2061344784857021,0.0,-0.00035653091352076644,0.0,0.0,0.0,0.0,-5.136462321602155e-05,0.0,0.0,-0.005452432462700353,0.0,0.0,0.0,0.0,-0.002855832893859851,0.0,0.0,-0.0002684748030763121,0.0,0.0,0.0,0.0,0.0,-0.036764099276428465,0.0016062523378553239,0.009873936081404293
0.004872712564831934,-8.661066264341455e-07,0.0,0.0,0.0,0.0,0.0,0.15386726294769978,-0.15386726294769978,0.24073449685557655,0.0,0.0,0.0,0.003125911051350605,-0.16747817977744053,0.0,0.255504963260318,0.0,-0.0002044012338248634,0.0,0.0,0.0,0.0,-2.9447635428372207e-05,0.0,0.0,-0.003125911051350605,0.0,0.0,0.0,0.0,-0.0016372655076053696,0.0,0.0,-0.00015391815665512858,0.0,0.0,0.0,0.0,0.0,-0.008815742515919203,0.0009208737510290992,0.005660784636643633
0.00045781634685154715,-1.2358453898336169e-06,0.0,0.0,0.03149218547643944,0.0,0.0,0.17280605634111462,-0.17280605634111462,0.180369340223094,0.0,0.0,0.0,0.0,-0.14977985443099068,0.0,0.22051948811995808,0.0,-0.00029165961186416084,0.0,0.0,0.0,0.05502674631862497,-4.201875770826007e-05,0.0,0.0,-0.004460354699913307,0.0,0.0,0.0,0.0,-0.0023362100782420726,0.0,0.0,-0.00021962543468473557,0.0,0.0,0.0,0.0,0.0,0.0,0.0013139924636226465,0.008077359510386947
0.0,-1.2275559608467441e-06,0.0,0.0,0.031280951743404665,0.0,0.0,0.17278382413562154,-0.17278382413562154,0.18052375008781774,0.0,0.0,0.0,0.0005684319314675349,-0.15002575678721947,0.0,0.22085933654166673,0.0,-0.00028970330595342523,0.0,0.0,0.0,0.05454396820796267,-4.17369170257568e-05,0.0,0.0,-0.004430436885075503,0.0,0.0,0.0,0.0,-0.0023205399566384216,0.0,0.0,-0.00021815229778629613,0.0,0.0,0.0,0.0,0.0,0.0,0.001305178863389083,0.008023180647388713
0.0,-1.2268585752571732e-06,0.0,0.0,0.031263180753185314,0.0,0.0,0.17336739489025163,-0.17336739489025163,0.17996670572051116,0.0,0.0,0.0,0.0,-0.14959966040442838,0.0,0.22118835156494257,0.0,-0.0002895387228979337,0.0,0.0,0.0,0.05462660308875293,-4.1713205907555063e-05,0.0,0.0,-0.004427919914006401,0.0,0.0,0.0,0.0,-0.002319221637003798,0.0,0.0,-0.00021802836350251568,0.0,0.0,0.0,0.0,0.0,0.0,0.0013044373795299583,0.008018622606252931
0.0003109356835755001,-8.393506123671684e-07,0.0,0.0,0.0,0.0,0.0,0.16014207049489798,-0.16014207049489798,0.22944459260299646,0.0,0.0,0.0,0.0,-0.16589192282200338,0.0,0.25671341724812646,0.0,-0.00019808681234301676,0.0,0.0,0.0,0.01598399623219881,-2.8537930637168136e-05,0.0,0.0,-0.0030293445114935,0.0,0.0,0.0,0.0,-0.0015866866324231966,0.0,0.0,-0.000149163272857988,0.0,0.0,0.0,0.0,0.0,0.0,0.0008924258552568597,0.0054859100556792295
0.0,-8.355186719683919e-07,0.0,0.0,0.0,0.0,0.0,0.16018475415238326,-0.16018475415238326,0.2293256431509088,0.0,0.0,0.0,0.0003868951865596266,-0.16598573535257288,0.0,0.2567794918567061,0.0,-0.0001971824740992626,0.0,0.0,0.0,0.01583364444667703,-2.8407644618793e-05,0.0,0.0,-0.0030155144535363534,0.0,0.0,0.0,0.0,-0.0015794428316593728,0.0,0.0,-0.00014848228834108123,0.0,0.0,0.0,0.0,0.0,0.0,0.0008883516070972889,0.0054608648837848215
0.0,-8.351955388345806e-07,0.0,0.0,0.0,0.0,0.0,0.16058689807836374,-0.16058689807836374,0.2289275560321614,0.0,0.0,0.0,0.0,-0.16568949377303283,0.0,0.2569895799744657,0.0,-0.00019710621465357216,0.0,0.0,0.0,0.015904869966356115,-2.8396658088464193e-05,0.0,0.0,-0.0030143482167206896,0.0,0.0,0.0,0.0,-0.0015788319891623793,0.0,0.0,-0.00014842486347583665,0.0,0.0,0.0,0.0,0.0,0.0,0.0008880080410605763,0.005458752918556014
0.0038487037428975453,-7.421344965854622e-07,0.0,0.0,0.0,0.0,0.0,0.15621394909301098,-0.15621394909301098,0.2441305615064579,0.0,0.0,0.0,0.0,-0.16893273319012475,0.0,0.25816946252291467,0.0,-0.00017514380116291186,0.0,0.0,0.0,0.0,-2.523258156359217e-05,0.0,0.0,-0.0034906997900749645,0.0,0.0,0.0,0.0,-0.0014029118080599748,0.0,0.0,-0.0001318867333631946,0.0,0.0,0.0,0.0016244461666514722,0.0,0.0,0.0007890624049979025,0.004850515431212521
0.0,-6.990853388233166e-07,0.0,0.0,0.0,0.0,0.0,0.16165421702282637,-0.16165421702282637,0.23722012901722528,0.0,0.0,0.0,0.0,-0.16638431754481303,0.0,0.2613210258714914,0.0,-0.00016498419645242555,0.0,0.0,0.0,0.0,-2.3768909696194753e-05,0.0,0.0,-0.003288214005281749,0.0,0.0,0.0,0.0,-0.0013215327965338667,0.0,0.0,-0.00012423635082821114,0.0,0.0,0.0,0.0015302165632223872,0.0,0.0,0.0007432910898074341,0.004569150523656383
0.0,-1.0652212950215373e-06,0.0,0.0,0.027144290760179657,0.0,0.0,0.18214616799594327,-0.18214616799594327,0.18787602681637428,0.0,0.0,0.0,0.0,-0.14042998099721757,0.0,0.23947663496660904,0.0,-0.0002513923117011002,0.0,0.0,0.0,0.0,-3.6217536489103206e-05,0.0,0.0,-0.003844546290969877,0.0,0.0,0.0,0.0,-0.002013666713861697,0.0,0.0,-0.0001893033642226387,0.0,0.0,0.0,0.0,0.0,-0.02634978203608408,0.001132579176378283,0.006962177816731026
0.0,-7.998576714565026e-07,0.0,0.0,0.0,0.0,0.0,0.16394693717496192,-0.16394693717496192,0.2293960410016006,0.0,0.0,0.0,0.0,-0.16206389494515666,0.0,0.2613480426244241,0.0,-0.00018876647509684247,0.0,0.0,0.0,0.0,-2.7195170184313015e-05,0.0,0.0,-0.0028868084579925014,0.0,0.0,0.0,0.0,-0.001512030201016888,0.0,0.0,-0.00014214487526081665,0.0,0.0,0.0,0.0,0.0,-0.008462178192998467,0.0008504356296592258,0.005227788219014156
0.032715019349830274,-1.6228010594772312e-06,0.0,0.0,0.0413527067194868,0.0,0.0,0.14662873716437771,-0.14662873716437771,0.22078787375938438,0.0,0.0,0.0,0.0,-0.14850665502748137,0.0,0.2012532621656954,0.0,-0.00038298118116830113,0.0,0.0,0.0,0.0,-5.517525500181034e-05,0.0,0.0,-0.005856936791776241,0.0,0.0,0.0,0.0,-0.0030677010419912104,0.0,0.0,-0.0002883923757991442,0.0,0.0,0.0,0.0,0.0,-0.04014232010287289,0.0017254167711051687,0.01060646232859206
0.007966742318899331,-9.018138308211235e-07,0.0,0.0,0.0,0.0,0.0,0.1529779359384958,-0.1529779359384958,0.24270318272596864,0.0,0.0,0.0,0.0,-0.16678835095096176,0.0,0.2548278112081276,0.0,-0.00021282813694553803,0.0,0.0,0.0,0.0,-3.066168079514559e-05,0.0,0.0,-0.003254783803734028,0.0,0.0,0.0,0.0,-0.0017047654808552096,0.0,0.0,-0.0001602637807512969,0.0,0.0,0.0,0.0,0.0,-0.009540834082922115,0.0009588388539841211,0.0058941632852327714
0.0,-1.1211743812669072e-07,0.0,0.0,0.0,0.0,0.0,0.2738849587789527,-0.2738849587789527,0.021367060165212032,0.0,0.0,0.0,-0.15078112151311773,0.0,0.0,0.2731915851077499,0.0,-2.645972445763392e-05,0.0,0.0,0.0,0.0,-3.811994207584906e-06,0.0,0.0,-0.0021951219819476508,0.0,0.0,0.0,0.0,-0.00021194389771808002,0.0015505613925225284,0.0,-1.9924693887176715e-05,0.0,0.0,0.0,0.0020303846669513293,0.0,0.0,0.00011920703831648715,0.0007327881485683002
0.0,-6.616967435231712e-08,0.0,0.0,0.0,0.0,0.0,0.278471371042954,-0.278471371042954,0.01123778085229693,0.0,0.0,0.0018302263077141442,-0.14900444861766332,0.0,0.0,0.2766894847728454,0.0,-1.5616048494037732e-05,0.0,0.0,0.0,0.0,-2.249769701870885e-06,0.0,0.0,-0.001981855964839961,0.0,0.0,0.0,0.0,-0.00012508543655019125,0.0,0.0,-1.1759192219450345e-05,0.0,0.0,0.0,0.001655852707012193,0.0,0.0,7.0353827537452e-05,0.00043247824754264207
0.0,-1.4614659697657476e-07,0.0,0.0,0.0,0.0,0.0,0.2674072012829661,-0.2674072012829661,0.0329051962788496,0.0,0.0,0.0,-0.14517363014039417,-0.008084710985435185,0.0,0.27155632369063265,0.0,-3.449060869595863e-05,0.0,0.0,0.0,0.0,-4.9689860064713955e-06,0.0,0.0,-0.002356076755709702,0.0,0.0,0.0,0.0,-0.00027627173719798665,0.0,0.0,-2.5972107961657255e-05,0.0,0.0,0.0,0.0036572227473234803,0.0,0.0,0.0001553879867101899,0.0009551992625536706
0.0,-6.73703777792715e-08,0.0,0.0,0.0,0.0,0.0,0.2783399423703463,-0.2783399423703463,0.011557771057841894,0.0,0.0,0.001708675430612409,-0.14905796086885373,0.0,0.0,0.27664179368576164,0.0,-1.589941459982272e-05,0.0,0.0,0.0,0.0,-2.2905936324302456e-06,0.0,0.0,-0.0019597826869578168,0.0,0.0,0.0,0.0,-0.00012735521517307242,0.0,0.0,-1.1972572480639659e-05,0.0,0.0,0.0,0.0017245899843687745,0.0,0.0,7.1630455881938e-05,0.00044032592276532496
0.0,-1.37741862518838e-07,0.0,0.0,0.0,0.0,0.0,0.2686408322815018,-0.2686408322815018,0.030617331423270958,0.0,0.0,0.0,-0.14580320428096247,-0.00698693235842727,0.0,0.27215582088127943,0.0,-3.250709068478179e-05,0.0,0.0,0.0,0.0,-4.68322493661018e-06,0.0,0.0,-0.0022601335234641706,0.0,0.0,0.0,0.0,-0.0002603836451221999,0.0,0.0,-2.4478479815389923e-05,0.0,0.0,0.0,0.003526004222606237,0.0,0.0,0.0001464517898144742,0.0009002667747498226
0.0,-3.4815797668722417e-07,0.0,0.0,0.0,0.0,0.0,0.2728339414959463,-0.2728339414959463,0.015577844705946696,0.0,0.0,0.0,-0.14336568609616696,0.0,0.0,0.2728883418231957,0.0,-8.216531063135516e-05,0.0,0.0,0.0,0.0,-1.1837375279271844e-05,0.0,0.0,-0.0012976770679115324,0.0,0.0,0.0,0.0,-0.0006581488110471217,0.0,0.0,-6.187209791605414e-05,0.0,0.0,0.0,8.224354706529539e-05,0.0,-0.017660253670723013,0.0003701732929381338,0.0022755250513094003
0.0,-9.950424421498063e-08,0.0,0.0,0.0,0.0,0.0,0.274822578034917,-0.274822578034917,0.01959418626947773,0.0,0.0,0.0,-0.15075375110902234,0.0,0.0,0.2748381257569583,0.002523667863179271,-2.3483009675251606e-05,0.0,0.0,0.0,0.0,-3.383145467068262e-06,0.0,0.0,-0.0016327126261014978,0.0,0.0,0.0,0.0,-0.000188100243020039,0.0,0.0,-1.7683169001935903e-05,0.0,0.0,0.0,2.3505369804131523e-05,0.0,0.0,0.0001057962655138881,0.000650349598700163
0.0,-8.005793023804453e-08,0.0,0.0,0.0,0.0,0.0,0.2769511663071962,-0.2769511663071962,0.015257239557736724,0.0,0.0,0.0,-0.14946430892276838,0.0,0.0,0.27645605990871314,0.0,-1.889367800532049e-05,0.0,0.0,0.0,0.0,-2.721970564416695e-06,0.0,0.0,-0.0015674361226144277,0.0,0.0,0.0,0.0,-0.0001513394353402902,0.0,0.0,-1.4227311824869898e-05,0.0,0.0,0.0,0.002556989658393833,0.0,0.0,8.512028919748666e-05,0.0005232504725184303
0.0,-7.257896105575599e-08,0.0,0.0,0.0,0.0,0.0,0.27776981225259423,-0.27776981225259423,0.014292110787748169,0.0,0.0,0.0,-0.14953736261871683,0.0,0.0,0.2759403751719657,0.0,-1.7128640673956598e-05,0.0,0.0,0.0018407776774186607,0.0,-2.467685524748072e-06,0.0,0.0,-0.0021112987043130443,0.0,0.0,0.0,0.0,-0.00013720138593519698,0.0,0.0,-1.2898203935512474e-05,0.0,0.0,0.0,1.714495027899888e-05,0.0,0.0,7.716839713879133e-05,0.00047436869220076266
0.0,-1.0911965781198509e-07,0.0,0.0,0.0,0.0,0.0,0.27416544002788534,-0.27416544002788534,0.020795750711333646,0.0,0.0,0.0,-0.15067668018468103,0.0,0.0,0.2734906056845248,0.0,-2.5752248061125474e-05,0.0,0.0,0.0,0.0,-3.7100696418241632e-06,0.0,0.0,-0.002136429118680258,0.0,0.0,0.0,0.0,-0.0002062769715465839,0.0013837689830911062,0.0,-1.9391950220272554e-05,0.0,0.0,0.0,0.0021014302435574854,0.0,0.0,0.00011601969726757987,0.0007131949619656474
0.04453226420861877,-1.0215047249581318e-06,0.0,0.0,0.0,0.0,0.0,0.13230827181817081,-0.13230827181817081,0.2522599476969315,0.0,0.0,0.0,-0.04612733960357298,-0.14557333972309838,0.0,0.22810733069555403,0.0,-0.00024107519763358578,0.0,0.0,0.0,0.0,-3.4731172595657184e-05,0.0,0.0,-0.005334943385706208,0.0,0.0,0.0,0.0,-0.0019310260434279517,0.0,0.0,-0.00018153437403820003,0.0,0.0,0.0,0.003296353741420585,0.0,0.0,0.001086098245938853,0.0066764507703966245
0.03944540793005369,-1.248033168310091e-06,0.0,0.0,0.09305051451487047,0.0,0.0,0.16164889660949183,-0.16164889660949183,0.2040856383655799,0.0,0.0,0.0,-0.0030634871901473277,-0.14219708432924266,0.0,0.15961463571316928,0.0,-0.0002945359285694514,0.0,0.0,0.0,0.0,-4.243314231900321e-05,0.0,0.0,-0.01061696557840287,0.0,0.0,0.0,0.0,-0.0023592495386327884,0.0,0.0,-0.00022179135783965162,0.0,0.0,0.0,0.012225246650293068,0.0,0.0,0.0013269509203989794,0.008157017588328793
0.0,-5.118420055849691e-07,0.0,0.0,0.016639796267389553,0.0,0.0,0.274764716432912,-0.274764716432912,0.009842094070474101,0.0,0.0,0.0,-0.13293869737417985,0.0,0.0,0.2580492341947856,0.0,-0.00012079475467783552,0.0,0.0,0.0,0.0,-1.7402634176173303e-05,0.0,0.0,-0.0022969264075134964,0.0,0.0,0.0,0.0,-0.0009675728547858467,0.0008992209233607826,0.0,-9.096083044954357e-05,0.0,0.0,0.0,0.0,0.0,-0.024717800130657514,0.0005442076682380933,0.003345347181481892
0.0,-4.503543552658763e-07,0.0,0.0,0.01622325004105343,0.0,0.0,0.2778885408705334,-0.2778885408705334,0.003912577616984256,0.0,0.0,0.001186796085792837,-0.13285863435537257,0.0,0.0,0.26080749963425787,0.0,-0.00010628366423397322,0.0,0.0,0.0,0.0,-1.5312053346190985e-05,0.0,0.0,-0.002218795670836769,0.0,0.0,0.0,0.0,-0.0008513381950585254,0.0,0.0,-8.003369341430984e-05,0.0,0.0,0.0,0.0,0.0,-0.022539644801973204,0.0004788319264262231,0.002943470165827743
0.0,-5.718324362392887e-07,0.0,0.0,0.014571606846319491,0.0,0.0,0.271472144231089,-0.271472144231089,0.014009478756610778,0.0,0.0,0.0,-0.1302692850594033,-0.0030138422738579507,0.0,0.25882520882412124,0.0,-0.00013495250115982732,0.0,0.0,0.0,0.0,-1.9442309520042488e-05,0.0,0.0,-0.0020638305693612487,0.0,0.0,0.0,0.0,-0.0010809772092832746,0.0,0.0,-0.00010162189251909035,0.0,0.0,0.0,0.0,0.0,-0.028619463425575892,0.0006079915156495122,0.0037374385220039566
0.0,-5.602207400142657e-07,0.0,0.0,0.019606226996864068,0.0,0.0,0.2764945786714049,-0.2764945786714049,0.004851316335455546,0.0,0.0,0.0,-0.12933258429958291,0.0,0.0,0.25700235480646966,0.0,-0.00013221213991242994,0.0,0.0,0.0,0.0,-1.904751171258629e-05,0.0,0.0,-0.0020219221848195384,0.0,0.0,0.0,0.0,-0.0010590267598423163,0.0,0.0,-9.95583465028762e-05,0.0,0.0,0.0,0.0,0.0,-0.028628841827409338,0.0005956455689355709,0.003661545658943197
0.0,-3.4141148097954697e-07,0.0,0.0,0.0,0.0,0.0,0.2720682693752605,-0.2720682693752605,0.017664086379653506,0.0,0.0,0.0,-0.14416926352090428,0.0,0.0,0.27201778493069234,0.0,-8.057313709918764e-05,0.0,0.0,0.0,0.0,-1.1607994346306703e-05,0.0,0.0,-0.0015321076385553343,0.0,0.0,0.0,0.0,-0.0006453954105046686,0.0005998029544713398,0.0,-6.0673159873653236e-05,0.0,0.0,0.0,0.0,0.0,-0.016487393877568927,0.00036300019136031923,0.0022314306429679757
0.0,-3.0292265567998594e-07,0.0,0.0,0.0,0.0,0.0,0.2742148559886843,-0.2742148559886843,0.01354399778122776,0.0,0.0,0.0007982767744007622,-0.14392630940953333,0.0,0.0,0.2736378783624278,0.0,-7.14897712183724e-05,0.0,0.0,0.0,0.0,-1.029937383597285e-05,0.0,0.0,-0.0014924325015671883,0.0,0.0,0.0,0.0,-0.0005726371332118765,0.0,0.0,-5.3833206383954175e-05,0.0,0.0,0.0,0.0,0.0,-0.015160881607254345,0.0003220775753168021,0.001979871603597455
0.0,-3.978938526275899e-07,0.0,0.0,0.0,0.0,0.0,0.2700104258881588,-0.2700104258881588,0.019887361300487766,0.0,0.0,0.0,-0.14134055105049978,-0.002097099145763434,0.0,0.2713496555042373,0.0,-9.390298137222679e-05,0.0,0.0,0.0,0.0,-1.3528395642933732e-05,0.0,0.0,-0.001436059664286177,0.0,0.0,0.0,0.0,-0.0007521682212240882,0.0,0.0,-7.071079526661796e-05,0.0,0.0,0.0,0.0,0.0,-0.019914065451459597,0.0004230541522227325,0.0026005936673669677
0.0,-5.311704887679528e-07,0.0,0.0,0.016334980341093906,0.0,0.0,0.2756843434656277,-0.2756843434656277,0.006854316873359063,0.0,0.0,0.0,-0.13164430439010225,0.0,0.0,0.25945745462308517,0.0,-0.00012535627827087243,0.0,0.0,0.0,0.0,-1.8059802830452384e-05,0.0,0.0,-0.0019170753926996934,0.0,0.0,0.0,0.0,-0.001004110918188177,0.0,0.0,-9.439574759676931e-05,0.0,0.0,0.0,0.0,0.0,-0.027144292990541895,0.0005647583628837372,0.0034716761776036843
0.0,-3.564784396545336e-07,0.0,0.0,0.0,0.0,0.0,0.27271859805701704,-0.27271859805701704,0.015562770640491505,0.0,0.0,0.0,-0.14316250496836955,0.0,0.0,0.2727911402813279,0.0,-8.412894056398154e-05,0.0,0.0,0.0,0.0,-1.2120271117472928e-05,0.0,0.0,-0.0012865851155903307,0.0,0.0,0.0,0.0,-0.0006738775984826482,0.0,0.0,-6.335074994729213e-05,0.0,0.0,0.0,0.0,0.0,-0.01821704220284927,0.00037901988954547143,0.0023299067492407797
0.04407916071754504,-1.7817153415431418e-06,0.0,0.0,0.04540220845072573,0.0,0.0,0.14058625799350796,-0.14058625799350796,0.21996737277951156,0.0,0.0,0.0,-0.009180554730768072,-0.14162801104889544,0.0,0.18933926169899948,0.0,-0.00042048496457704556,0.0,0.0,0.0,0.0,-6.0578342450644524e-05,0.0,0.0,-0.006430482698672784,0.0,0.0,0.0,0.0,-0.0033681084800033126,0.0,0.0,-0.0003166334636920538,0.0,0.0,0.0,0.0,0.0,-0.04509335525135222,0.0018943797908440075,0.011645109879605065
0.04611307824297847,-1.2786031498411675e-06,0.0,0.0,0.0,0.0,0.0,0.12984974497973253,-0.12984974497973253,0.24835891176179883,0.0,0.0,0.0,-0.039169945559568285,-0.14507811133030873,0.0,0.22637941908520187,0.0,-0.0003017504466810161,0.0,0.0,0.0,0.0,-4.34725220485932e-05,0.0,0.0,-0.004614673984005243,0.0,0.0,0.0,0.0,-0.002417038239009128,0.0,0.0,-0.0002272240321347517,0.0,0.0,0.0,0.0,0.0,-0.017879332406830765,0.0013594539549009943,0.008356819871918358
8.789964435800117e-05,-5.58152525454278e-07,0.0,0.0,0.019744804167353754,0.0,0.0,0.2765989355636378,-0.2765989355636378,0.004657607029556246,0.0,0.0,0.0,-0.12927703448962027,0.0,0.0,0.2569852935820249,0.0,-0.0001317240411091492,0.0,0.0,0.0,0.0,-1.897719239335776e-05,0.0,0.0,-0.0020144576826990005,0.0,0.0,0.0,0.0,-0.0010551170606689748,0.0,0.0,-9.919079848635632e-05,0.0,0.0,0.0,0.0,0.0,-0.028487990439035684,0.0005934465735213109,0.003648028019371886
0.006290946627474239,-7.569641321280448e-07,0.0,0.0,0.0,0.0,0.0,0.15512002901491767,-0.15512002901491767,0.24492223264809243,0.0,0.0,0.0,0.0,-0.1686081868803808,0.0,0.25739155004031644,0.0,-0.00017864359634928135,0.0,0.0,0.0,0.0,-2.573678934548103e-05,0.0,0.0,-0.0034960496565739235,0.0,0.0,0.0,0.0,-0.0014309453665424824,0.001528101061946407,0.0,-0.00013452214809957553,0.0,0.0,0.0,0.0,0.0,0.0,0.0008048297732314381,0.004947440417679945
0.0,-6.877396020468146e-07,0.0,0.0,0.0,0.0,0.0,0.16379682244117746,-0.16379682244117746,0.23395531909299694,0.0,0.0,0.0,0.0,-0.1646202089612656,0.0,0.26243122945186187,0.0,-0.00016230660165637018,0.0,0.0,0.0,0.0,-2.338315451309882e-05,0.0,0.0,-0.003176335175602931,0.0,0.0,0.0,0.0,-0.0013000851099377996,0.0013883558964357444,0.0,-0.00012222006918662705,0.0,0.0,0.0,0.0,0.0,0.0,0.0007312279201413831,0.004494995944444527
0.0,-1.0534427384509433e-07,0.0,0.0,0.0,0.0,0.0,0.2751446489191269,-0.2751446489191269,0.020076247503668685,0.0,0.0,0.0,-0.14866722930162124,0.0,0.0,0.27449316287809167,0.0,-2.486125713986648e-05,0.0,0.0,0.0,0.0,-3.5817065427946073e-06,0.0,0.0,-0.002062511729249276,0.0,0.0,0.0,0.0,-0.0001991400835950326,0.0033646163221055752,0.0,-1.8721016500204387e-05,0.0,0.0,0.0,0.0,0.0,0.0,0.00011200558181221201,0.0006885194371458048
0.049548692089032544,-1.052010517576379e-06,0.0,0.0,0.0,0.0,0.0,0.13005336204292048,-0.13005336204292048,0.253878965091807,0.0,0.0,0.0,-0.046192036550145914,-0.14488153309460472,0.0,0.2264854901965821,0.0,-0.00024827456715653597,0.0,0.0,0.0,0.0,-3.576836990146025e-05,0.0,0.0,-0.005348393834137306,0.0,0.0,0.0,0.0,-0.001988693402747961,0.0031030545119584037,0.0,-0.00018695564114758092,0.0,0.0,0.0,0.0,0.0,0.0,0.001118533032625729,0.006875833521794084
0.05832506847180425,-1.3643749115334437e-06,0.0,0.0,0.09437400351267813,0.0,0.0,0.1536633918844171,-0.1536633918844171,0.20924444827358565,0.0,0.0,0.0,-0.0024302298437560007,-0.13974896701122902,0.0,0.15277598554227728,0.0,-0.00032199258937124577,0.0,0.0,0.0,0.0,-4.638876294928029e-05,0.0,0.0,-0.010687844039779775,0.0,0.0,0.0,0.0,-0.002579178953165168,0.011527213344509872,0.0,-0.0002424667644379226,0.0,0.0,0.0,0.0,0.0,0.0,0.0014506493822436183,0.008917415364467005
0.003226103402512244,-1.336085919489499e-07,0.0,0.0,0.0,0.0,0.0,0.27207833431632755,-0.27207833431632755,0.023043212808492915,0.0,0.0,0.0,-0.15051414522895137,0.0,0.0,0.27205857764166996,0.0,-3.1531638496296125e-05,0.0,0.0,0.0,0.0,-4.5426936888930265e-06,0.0,0.0,-0.0022126295002050447,0.0,0.0,0.0,0.0,-0.0002525702176166978,0.0034608313851911183,0.0,-2.374394509684919e-05,0.0,0.0,0.0,0.0,0.0,0.0,0.00014205715726284295,0.0008732521395686508
0.007245328439495981,-2.821677387854314e-07,0.0,0.0,0.038785330974703415,0.0,0.0,0.27904872520406293,-0.27904872520406293,0.00955549267057783,0.0,0.0,0.0,-0.13136272693107331,0.0,0.0,0.24032970179884425,0.0,-6.659160915414068e-05,0.0,0.0,0.0,0.0,-9.593706418817398e-06,0.0,0.0,-0.004618832331339547,0.0,0.0,0.0,0.0,-0.0005334025765100362,0.007200891761782565,0.0,-5.014479383469039e-05,0.0,0.0,0.0,0.0,0.0,0.0,0.0003000102482814756,0.0018442195821191931
0.0,-6.336371949910082e-07,0.0,0.0,0.0,0.0,0.0,0.1700984904895827,-0.1700984904895827,0.22194644799916052,0.0,0.0,0.0,0.0,-0.16190313688581906,0.0,0.2673693157671878,0.0,-0.00014953842921941368,0.0,0.0,0.0,0.0,-2.1543672040442874e-05,0.0,0.0,-0.002286893380003245,0.0,0.0,0.0,0.0,-0.0011978113225686962,0.0,0.0,-0.0001126053837535878,0.0,0.0,0.0,0.0,0.0,0.0,0.000673704417832777,0.0041413881260540086
0.0,-6.409663029663021e-07,0.0,0.0,0.0,0.0,0.0,0.1674392826649713,-0.1674392826649713,0.22451364180498168,0.0,0.0,0.0,0.002313345249689125,-0.16377582614894193,0.0,0.2658352129505228,0.0,-0.0001512680992938172,0.0,0.0,0.0,0.0,-2.179286179732097e-05,0.0,0.0,-0.002313345249689125,0.0,0.0,0.0,0.0,-0.001211666078234137,0.0,0.0,-0.00011390785940156671,0.0,0.0,0.0,0.0,0.0,0.0,0.0006814969724062171,0.004189290428796639
0.015315707097607816,-7.889108219451216e-07,0.0,0.0,0.0,0.0,0.0,0.15051852062849028,-0.15051852062849028,0.24570330242649827,0.0,0.0,0.0,0.0,-0.17094629905423717,0.0,0.25630998231399776,0.0,-0.00018618301772758806,0.0,0.0,0.0,0.0,-2.682297717289641e-05,0.0,0.0,-0.0028472996067486532,0.0,0.0,0.0,0.0,-0.0014913365605632625,0.0,0.0,-0.00014019948095652662,0.0,0.0,0.0,0.0,0.0,0.0,0.0008387965703750362,0.005156240726312475
0.0120897528567571,-7.649522900442524e-07,0.0,0.0,0.0,0.0,0.0,0.15146906397285803,-0.15146906397285803,0.24376316716975097,0.0,0.0,0.0,0.002760829607146638,-0.17127646862825854,0.0,0.2568085610698608,0.0,-0.00018052880226299551,0.0,0.0,0.0,0.0,-2.600838680805815e-05,0.0,0.0,-0.002760829607146638,0.0,0.0,0.0,0.0,-0.0014460459731264062,0.0,0.0,-0.00013594174529928154,0.0,0.0,0.0,0.0,0.0,0.0,0.0008133230519105271,0.004999650203665908
0.003122217310073326,-7.305831064849534e-07,0.0,0.0,0.0,0.0,0.0,0.15589604310692987,-0.15589604310692987,0.2426393295853091,0.0,0.0,0.0,0.0033388147172304294,-0.16919727432364545,0.0,0.25790671099630225,0.0,-0.00017241767216577292,0.0,0.0,0.0,0.0,-2.4839834165074773e-05,0.0,0.0,-0.0033388147172304294,0.0,0.0,0.0,0.0,-0.0013810753597530004,0.0014040574820240856,0.0,-0.00012983390451186175,0.0,0.0,0.0,0.0,0.0,0.0,0.0007767805777877226,0.004775016722835176
0.0,-7.788508854626599e-07,0.0,0.0,0.0,0.0,0.0,0.1586594870363391,-0.1586594870363391,0.23411440091873792,0.0,0.0,0.0,0.0030883884188262164,-0.16762694927405247,0.0,0.2574870607112445,0.0,-0.00018380887190482626,0.0,0.0,0.0,0.008980654472500071,-2.6480939214836015e-05,0.0,0.0,-0.0030883884188262164,0.0,0.0,0.0,0.0,-0.0014723195175009693,0.0005547933175735697,0.0,-0.00013841170237108484,0.0,0.0,0.0,0.0,0.0,0.0,0.0008281005069101259,0.005090490006773487
0.0,-6.958229396540117e-07,0.0,0.0,0.0,0.0,0.0,0.16037338348343122,-0.16037338348343122,0.23704220766178197,0.0,0.0,0.0,0.0031799583796579376,-0.16709442713853268,0.0,0.2605041866520817,0.0,-0.00016421426998484891,0.0,0.0,0.0,0.0,-2.3657988086282764e-05,0.0,0.0,-0.0031799583796579376,0.0,0.0,0.0,0.0,-0.001315365641741466,0.001337254305380424,0.0,-0.00012365658102725713,0.0,0.0,0.0,0.0,0.0,0.0,0.0007398223970752692,0.0045478278151900664
0.0,-5.446847965644836e-07,0.0,0.0,0.14921648142733418,0.0,0.0,0.28828898459450847,-0.28828898459450847,0.0,0.0,0.0,0.0,0.005430207292439024,-0.06988742500738382,0.0,0.1811157997886443,0.0069287133990933066,-0.00012854565600288763,0.0,0.0,0.0,0.0,-1.8519289453591978e-05,0.0,0.0,-0.005430207292439024,0.0,0.0,0.0,0.0,-0.0010296580152073047,0.0,0.0,-9.67974118734601e-05,0.0,0.0,0.0,0.0,0.0,0.0,0.0005791272303341463,0.003560004315981335
0.04394015780890674,-1.2800232197086954e-06,0.0,0.0,0.11426488772743693,0.0,0.0,0.1657923413851362,-0.1657923413851362,0.18584329605185604,0.0,0.0,0.0,0.009650630601779061,-0.13856683450488666,0.0,0.1437160665607851,0.010061662737613285,-0.0003020855832845025,0.0,0.0,0.0,0.0,-4.352080444069768e-05,0.0,0.0,-0.009650630601779061,0.0,0.0,0.0,0.0,-0.0024197227022628794,0.0,0.0,-0.00022747639660081206,0.0,0.0,0.0,0.0,0.0,0.0,0.0013609638210372434,0.008366101303838767
0.02123211549731801,-7.843917780505004e-07,0.0,0.0,0.17821059079116974,0.0,0.0,0.2781166558384969,-0.2781166558384969,0.0,0.0,0.0,0.0,0.007337405736308814,-0.06783048256073407,0.0,0.14501039890567058,0.009012832097880577,-0.00018511652300329265,0.0,0.0,0.0,0.0,-2.666932962762649e-05,0.0,0.0,-0.007337405736308814,0.0,0.0,0.0,0.0,-0.0014827938771681706,0.0,0.0,-0.00013939638941459092,0.0,0.0,0.0,0.0,0.0,0.0,0.0008339917706248734,0.005126704715998928
0.0,-5.377040194175604e-07,0.0,0.0,0.146564701616893,0.0,0.0,0.2912487755463156,-0.2912487755463156,0.0,0.0,0.0,0.0,0.0,-0.06775941056953054,0.0,0.18544914132231938,0.006963146254840846,-0.00012689819203212674,0.0,0.0,0.0,0.0,-1.8281942948952414e-05,0.0,0.0,-0.005422229029769409,0.0,0.0,0.0,0.0,-0.0010164617351072513,0.0,0.0,-9.555683904133853e-05,0.0,0.0,0.0,0.0,0.0,0.0,0.0005717050328353789,0.0035143786680310006
0.04394015780890674,-1.2800232197086954e-06,0.0,0.0,0.10461425712565786,0.0,0.0,0.1657923413851362,-0.1657923413851362,0.1954939266536351,0.0,0.0,0.0,0.0,-0.13856683450488666,0.0,0.15336669716256415,0.010061662737613285,-0.0003020855832845025,0.0,0.0,0.0,0.0,-4.352080444069768e-05,0.0,0.0,-0.009650630601779061,0.0,0.0,0.0,0.0,-0.0024197227022628794,0.0,0.0,-0.00022747639660081206,0.0,0.0,0.0,0.0,0.0,0.0,0.0013609638210372434,0.008366101303838767
0.02034658615661233,-7.650639919850057e-07,0.0,0.0,0.17345703724079195,0.0,0.0,0.2824968870692772,-0.2824968870692772,0.0,0.0,0.0,0.0,0.0,-0.06507202746180801,0.0,0.15230807161657706,0.00897193159698445,-0.00018055516393003946,0.0,0.0,0.0,0.0,-2.6012184675350185e-05,0.0,0.0,-0.007247198554997616,0.0,0.0,0.0,0.0,-0.001446257131578664,0.0,0.0,-0.00013596159615400407,0.0,0.0,0.0,0.0,0.0,0.0,0.000813441817178035,0.0050003802761659924
0.0,-2.5042809416896467e-07,0.0,0.0,0.03160887032521235,0.0,0.0,0.282696723252656,-0.282696723252656,0.0,0.0,0.0,0.0,-0.1340563902745636,0.003488501020882344,0.0,0.24653899410154836,0.0,-5.9101050459908396e-05,0.0,0.0,0.0,0.006558482185577427,-8.514558130644273e-06,0.0,0.0,-0.0038913909616679083,0.0,0.0,0.0,0.0,-0.0004734027753676018,0.0059751154692541195,0.0,-4.450425554165276e-05,0.0,0.0,0.0,0.0,0.0,0.0,0.000266263588572114,0.0016367724998157707
0.0,-4.541378633335076e-07,0.0,0.0,0.019791944889187472,0.0,0.0,0.27963758204108563,-0.27963758204108563,0.0,0.0,0.0,0.0014532903156909273,-0.13089093736910706,0.0005130474843721525,0.0,0.2584675920139462,0.0,-0.00010717657244366345,0.0,0.0,0.0,0.0,-1.5440692664740734e-05,0.0,0.0,-0.0023656980440652426,0.0,0.0,0.0,0.0,-0.0008584904405994505,0.0,0.0,-8.070607089034556e-05,0.0,0.0,0.0,0.0,0.0,-0.022729004418356756,0.0004828546796992618,0.002968198788942016
0.0,-4.1641544232003737e-07,0.0,0.0,0.023478248489679637,0.0,0.0,0.2786193939287414,-0.2786193939287414,0.0,0.0,0.0,0.0,-0.13445486106282775,0.005800729748254622,0.0,0.2512124170088522,0.0,-9.827407803629554e-05,0.0,0.0,0.0,0.0,-1.4158129909097506e-05,0.0,0.0,-0.0028354813949599106,0.0,0.0,0.0,0.0,-0.0007871809540954596,0.0026651489712208407,0.0,-7.400231718409969e-05,0.0,0.0,0.0,0.0,0.0,-0.01817589775166266,0.00044274693051878084,0.002721648889873334
0.0,-2.0781199752958908e-07,0.0,0.0,0.02794626200522997,0.0,0.0,0.28201509068957115,-0.28201509068957115,0.0,0.0,0.0,0.004279630061784886,-0.12065644748230327,-0.01245122938463565,0.0,0.2566097393045619,0.0,-4.904364820938964e-05,0.0,0.0008862192390363821,0.0,0.007742060195655718,-7.065610346485933e-06,0.0,0.0,-0.0033329498780843535,0.0,0.0,0.0,0.0,-0.0003928424113582728,0.0,0.0,-3.693083347285364e-05,0.0,0.0,0.0,0.0,0.0,0.0,0.0002209527185605401,0.0013582380356203967
0.0,-2.1487233337281404e-07,0.0,0.0,0.027697450580646328,0.0,0.0,0.2817282992528579,-0.2817282992528579,0.0,0.0,0.0,0.004072594985060723,-0.12140758340410246,-0.012098900663599404,0.0,0.25616467829421047,0.0,-5.0709888038906535e-05,0.0,0.0,0.0,0.008357527757653839,-7.3056618477302385e-06,0.0,0.0,-0.0034109422261836644,0.0,0.0,0.0,0.0,-0.0004061890871547788,0.0,0.0,-3.818554489658381e-05,0.0,0.0,0.0,0.0011982753519085602,0.0,0.0,0.00022845950554616087,0.0014043836711011236
0.0037333461342034914,-2.059865054881345e-07,0.0,0.0,0.027700772430588407,0.0,0.0,0.2804162075479415,-0.2804162075479415,0.0,0.0,0.0,0.005340079300440064,-0.11882792967402658,-0.014757548061851531,0.0,0.2567712856779132,0.0,-4.861283194009608e-05,0.0,0.0,0.0,0.0065760082961788735,-7.003543595726307e-06,0.0,0.0,-0.0034134763984013028,0.0,0.0,0.0,0.0,-0.0003893915485399302,0.0,0.0,-3.660642033313884e-05,0.0,0.0,0.0,0.0,0.0,0.0,0.000219011793907176,0.001346306805691899
0.0,-1.989636668873555e-07,0.0,0.0,0.02675635107912207,0.0,0.0,0.2826574457534811,-0.2826574457534811,0.0,0.0,0.0,0.0028632492114925123,-0.12411962833089704,-0.009992698534679276,0.0,0.25686825148523723,0.0,-4.695544146282641e-05,0.0,0.0,0.0013112954963382254,0.0073352795768033266,-6.764767001163714e-06,0.0,0.0,-0.003461010353513489,0.0,0.0,0.0,0.0,-0.0003761157565582032,0.0,0.0,-3.535837264602121e-05,0.0,0.0,0.0,0.0,0.0,0.0,0.00021154487525329468,0.0013004062483660734
0.0,-1.4627565223155598e-07,0.0,0.0,0.02893305515277557,0.0,0.0,0.28611325250590736,-0.28611325250590736,0.0,0.0,0.0,0.0,-0.13356224926598131,-0.0014524374810702412,0.0,0.2545231979702344,0.0,-3.452106574656261e-05,0.0,0.0,0.003490079319272804,0.00034074590234592,-4.973373886650132e-06,0.0,0.0,-0.004018010481440059,0.0,0.0,0.0,0.0,-0.0002765156999054721,0.0,0.0,-2.5995042720897174e-05,0.0,0.0,0.0,0.0,0.0,0.0,0.00015552520260615164,0.000956042754546895
0.0,-1.772558315142468e-07,0.0,0.0,0.029780716357143314,0.0,0.0,0.28569487842812263,-0.28569487842812263,0.0,0.0,0.0,0.0,-0.13398229899688835,0.0,0.0,0.25269442845322887,0.0,-4.1832390560654607e-05,0.0,0.0,0.002469200395613725,0.002172967317772055,-6.026700344592497e-06,0.0,0.0,-0.003988970640733599,0.0,0.0,0.0,0.0,-0.00033507982747462756,0.0017600537717788656,0.0,-3.150061437050946e-05,0.0,0.0,0.0,0.0,0.0,0.0,0.00018846437318040504,0.00115852604883359
0.0,-3.515903784361875e-07,0.0,0.0,0.022869544375530446,0.0,0.0,0.2820311097171371,-0.2820311097171371,0.0,0.0,0.0,0.0009265283660555425,-0.13201838415435488,0.0,0.0,0.2573002967750035,0.0,-8.297535772146834e-05,0.0,0.0,0.0011915933932181554,0.0,-1.1954076978880496e-05,0.0,0.0,-0.002923800932593502,0.0,0.0,0.0,0.0,-0.0006646373343077729,0.0,0.0,-6.248207933632728e-05,0.0,0.0,0.0,0.0,0.0,-0.015213450512795481,0.0003738227381416881,0.002297958879309674
0.0,-1.7090982869886325e-07,0.0,0.0,0.028231820564104938,0.0,0.0,0.28572543573092085,-0.28572543573092085,0.0,0.0,0.0,0.0,-0.13376005310113454,-0.0009007800784055353,0.0,0.25478728311807874,0.0,-4.03347333834305e-05,0.0,0.0,0.0032815797002424523,0.0,-5.810936174649331e-06,0.0,0.0,-0.0038984193664089333,0.0,0.0,0.0,0.0,-0.0003230835083105874,0.0,0.0,-3.0372849005760392e-05,0.0,0.0,0.0,0.0,0.0,-0.001990653362720654,0.0001817170891413678,0.0011170492212178944
0.0,-2.0422781622671492e-07,0.0,0.0,0.027635967208134268,0.0,0.0,0.28521504627483,-0.28521504627483,0.0,0.0,0.0,0.0,-0.13406250301519668,0.0,0.0,0.25470395574230226,0.0,-4.8197781132288836e-05,0.0,0.0,0.002844924199753623,0.0,-6.9437481402691666e-06,0.0,0.0,-0.0037614106528415024,0.0,0.0,0.0,0.0,-0.00038606696796470336,0.00035879416593301934,0.0,-3.629387889657075e-05,0.0,0.0,0.0,0.0,0.0,-0.004172691774082671,0.00021714189622064537,0.0013348121919251597
0.0,-2.2405430673390233e-07,0.0,0.0,0.030130504657192667,0.0,0.0,0.28227195793188553,-0.28227195793188553,0.0,0.0,0.0,0.003371989810595512,-0.12234736672770208,-0.010366849047585185,0.0,0.2541165701235393,0.0016243244243877733,-5.2876834494079713e-05,0.0,0.0,0.0,0.007964975336457599,-7.617849049395658e-06,0.0,0.0,-0.0033068033189480595,0.0,0.0,0.0,0.0,-0.00042354645149888387,0.0,0.0,-3.981729827551106e-05,0.0,0.0,0.0,0.0,0.0,0.0,0.00023822208903508598,0.0014643961131609602
0.0,-2.077626265586597e-07,0.0,0.0,0.04032755601822609,0.0,0.0,0.28601696248660896,-0.28601696248660896,0.0,0.0,0.0,0.0007431005824910446,-0.1308320186985229,0.0,0.0,0.24513720503355346,0.005160004634919883,-4.903199665626084e-05,0.0,0.0,0.0,0.0,-7.063931732896912e-06,0.0,0.0,-0.0037013996490071746,0.0,0.0,0.0,0.0,-0.0003927490817550662,0.0,0.0,-3.6922059623761864e-05,0.0,0.0,0.0,0.0,0.0,0.0,0.0002209002256805596,0.0013579153519862996
0.0,-2.0965511483864277e-07,0.0,0.0,0.04031988139492427,0.0,0.0,0.28595768712047104,-0.28595768712047104,0.0,0.0,0.0,0.0007301318214464632,-0.13085430197342246,0.0,0.0,0.24506083675754795,0.0051576626150174965,-4.94786240432608e-05,0.0,0.0,0.0,0.00017763828663862495,-7.128276356550067e-06,0.0,0.0,-0.003700574537679927,0.0,0.0,0.0,0.0,-0.000396326592525444,0.0,0.0,-3.725837884665673e-05,0.0,0.0,0.0,0.0,0.0,0.0,0.0002229123829923466,0.001370284462501552
0.0,-1.9713586613414761e-07,0.0,0.0,0.03841333124592759,0.0,0.0,0.28608632208361884,-0.28608632208361884,0.0,0.0,0.0,0.0005195021910230306,-0.13160086101294557,0.0,0.0,0.24662938210010982,0.004265072265442069,-4.652408033737253e-05,0.0,0.0,0.000668123504108983,0.0,-6.7026217541774745e-06,0.0,0.0,-0.003771904171784882,0.0,0.0,0.0,0.0,-0.0003726605294110295,0.0,0.0,-3.5033549218881665e-05,0.0,0.0,0.0,0.0,0.0,0.0,0.0002096014958997962,0.0012884599289328606
0.0,-1.5501763075026232e-07,0.0,0.0,0.031023312584078103,0.0,0.0,0.28624027057742324,-0.28624027057742324,0.0,0.0,0.0,0.0,-0.13350972660868046,-0.0008170202652738975,0.0,0.2527622765662288,0.0009027753707415976,-3.6584173383379533e-05,0.0,0.0,0.002976439179200491,0.0,-5.270601258528575e-06,0.0,0.0,-0.003987309161931679,0.0,0.0,0.0,0.0,-0.000293041309409042,0.0,0.0,-2.754860342353004e-05,0.0,0.0,0.0,0.0,0.0,0.0,0.00016481996875184054,0.00101317943516127
0.0,-1.6810345514588606e-07,0.0,0.0,0.03305148834348232,0.0,0.0,0.28628467162729393,-0.28628467162729393,0.0,0.0,0.0,0.0,-0.13353282046232484,0.0,0.0,0.25086661944480676,0.0017173074594878778,-3.967242899815673e-05,0.0,0.0,0.0023417064161124317,0.0,-5.715519441025966e-06,0.0,0.0,-0.003954736029636288,0.0,0.0,0.0,0.0,-0.00031777841251809516,0.00029532969648253624,0.0,-2.98741207533992e-05,0.0,0.0,0.0,0.0,0.0,0.0,0.0001787332582114985,0.0010987070497016902
0.0,-2.092276960699997e-07,0.0,0.0,0.04053314246921507,0.0,0.0,0.28590654057830517,-0.28590654057830517,0.0,0.0,0.0,0.0006695512729128133,-0.13098640381437415,0.0002363681863955573,0.0,0.24473851334705385,0.005235785883950046,-4.937775317932314e-05,0.0,0.0,0.0,0.0,-7.113744113417297e-06,0.0,0.0,-0.0037078032782853474,0.0,0.0,0.0,0.0,-0.00039551861116859466,0.0,0.0,-3.7182421098521034e-05,0.0,0.0,0.0,0.0,0.0,0.0,0.00022245793695449437,0.0013674908969922924
0.0,-2.1508409582926158e-07,0.0,0.0,0.040291102933130964,0.0,0.0,0.2847319920944656,-0.2847319920944656,0.0,0.0,0.0,0.0,-0.13281733985792177,0.0029961538076063096,0.0,0.24241164884915403,0.004694046061333301,-5.075986399573978e-05,0.0,0.0,0.0,0.0,-7.312861773726138e-06,0.0,0.0,-0.0038115867574050324,0.0,0.0,0.0,0.0,-0.00040658939741123625,0.001376584772004595,0.0,-3.822317777682092e-05,0.0,0.0,0.0,0.0,0.0,0.0,0.00022868465852576438,0.0014057677289336004
0.0,-2.138528387704985e-07,0.0,0.0,0.04094597286562406,0.0,0.0,0.2857037105595215,-0.2857037105595215,0.0007247798729114638,0.0,0.0,0.0005635555846654979,-0.13080164678234665,0.0,0.0,0.2443504115960688,0.005351527046890655,-5.046928723037903e-05,0.0,0.0,0.0,0.0,-7.270999019327938e-06,0.0,0.0,-0.0037293688618016243,0.0,0.0,0.0,0.0,-0.0004042618609950699,0.0,0.0,-3.800436774689e-05,0.0,0.0,0.0,0.0,0.0,0.0,0.00022737554453035214,0.0013977203582874469
0.0,-2.3784588746281998e-07,0.0,0.0,0.043032740619596846,0.0,0.0,0.2839117147912212,-0.2839117147912212,0.004566795496936404,0.0,0.0,0.0,-0.1294938602472565,-0.001253566508071856,0.0,0.24167951495517548,0.0059519373559261965,-5.613164866054346e-05,0.0,0.0,0.0,0.0,-8.086762955479265e-06,0.0,0.0,-0.003834390799959012,0.0,0.0,0.0,0.0,-0.0004496176980794326,0.0,0.0,-4.22682374767213e-05,0.0,0.0,0.0,0.0,0.0,0.0,0.0002528857624106697,0.0015545364791649877
0.0,-2.3154096893362204e-07,0.0,0.0,0.042298789498601656,0.0,0.0,0.2846568332065419,-0.2846568332065419,0.003225400525374157,0.0,0.0,0.0,-0.1307052408186947,0.0,0.0,0.2423238057930996,0.005590771497563191,-5.4643687378179006e-05,0.0,0.0,0.0,0.0,-7.872395651746915e-06,0.0,0.0,-0.0038344418640706927,0.0,0.0,0.0,0.0,-0.00043769904358464143,0.00040677881379115973,0.0,-4.114777331185246e-05,0.0,0.0,0.0,0.0,0.0,0.0,0.00024618216056915114,0.0015133281742564844
0.0,-2.1416328124202029e-07,0.0,0.0,0.04173124467095363,0.0,0.0,0.2861184563563927,-0.2861184563563927,0.0,0.0,0.0,0.0005643736780307733,-0.13026569481690342,0.0,0.0,0.24397929428697002,0.005359295666154275,-5.054255167874371e-05,0.0,0.0,0.0,0.0,-7.281554066990481e-06,0.0,0.0,-0.0037347826523939326,0.0,0.0,0.0,0.0,-0.00040484871339315284,0.0,0.0,-3.8059537320133905e-05,0.0,0.0,0.0,0.0,0.0,0.0,0.00022770561742727245,0.0013997493786409654
0.0,-2.4003829910975334e-07,0.0,0.0,0.048038298285111115,0.0,0.0,0.28652875121278387,-0.28652875121278387,0.0,0.0,0.0,0.0,-0.12607861525513436,-0.0012651216114281502,0.0,0.23929837292200792,0.006006801019620992,-5.664905798637923e-05,0.0,0.0,0.0,0.0,-8.161304977116505e-06,0.0,0.0,-0.003869735380176059,0.0,0.0,0.0,0.0,-0.0004537621762053822,0.0,0.0,-4.265785689426871e-05,0.0,0.0,0.0,0.0,0.0,0.0,0.00025521680835292697,0.0015688658582383884
0.0,-2.272993335575471e-07,0.0,0.0,0.04477009063058985,0.0,0.0,0.286417071025642,-0.286417071025642,0.0,0.0,0.0,0.0,-0.12891150148260117,0.0,0.0,0.24169323508371335,0.005807814851453791,-5.364266108667674e-05,0.0,0.0,0.0,0.0,-7.72817999935202e-06,0.0,0.0,-0.0037242654244382563,0.0,0.0,0.0,0.0,-0.00042968076605953085,0.0,0.0,-4.03939807898202e-05,0.0,0.0,0.0,0.0,0.0,0.0,0.0002416723109039369,0.0014856052777466342
0.0,-2.3304429129276431e-07,0.0,0.0,0.045819764207067806,0.0,0.0,0.28650502009119083,-0.28650502009119083,0.0,0.0,0.0,0.0,-0.12830752662086534,0.0,0.0,0.2406507956733183,0.005627070610570494,-5.4998471576413686e-05,0.0,0.0,0.0,0.0,-7.923508629539965e-06,0.0,0.0,-0.003859337683655611,0.0,0.0,0.0,0.0,-0.00044054088518972085,0.00040941990011300595,0.0,-4.141493280390053e-05,0.0,0.0,0.0,0.0,0.0,0.0,0.00024778054355990235,0.001523153735976976
0.0,-8.038244455940603e-07,0.0,0.0,0.0,0.0,0.0,0.15916618324731124,-0.15916618324731124,0.2307421223895708,0.0,0.0,0.0,0.002901125151499229,-0.16727601866982322,0.0,0.2571545479352151,0.0,-0.00018970263411384429,0.0,0.0,0.0,0.012704111111151514,-2.7330040551383663e-05,0.0,0.0,-0.002901125151499229,0.0,0.0,0.0,0.0,-0.0015195288879841305,0.0,0.0,-0.00014284982144698526,0.0,0.0,0.0,0.0,0.0,0.0,0.0008546532375934559,0.0052537146504829605
0.0,-8.533742969394489e-07,0.0,0.0,0.11732961990673517,0.0,0.0,0.2726306379034055,-0.2726306379034055,0.0,0.0,0.0,0.0008425384195398202,0.0035012273400110545,-0.08143904287882711,0.0,0.19466907792772836,0.0,-0.00020139640303526945,0.0,0.0,0.0,0.04497497002696693,-2.9014736076640663e-05,0.0,0.0,-0.0035012273400110545,0.0,0.0,0.0,0.0,-0.0016131966420905549,0.0,0.0,-0.0001516554598624509,0.0,0.0,0.0,0.0,0.0,0.0,0.0009073363092600732,0.005577567428747414
0.0,-8.558250348021024e-07,0.0,0.0,0.11845450585361092,0.0,0.0,0.2730921890960337,-0.2730921890960337,0.0,0.0,0.0,0.0,0.0034257496745174216,-0.08083314695057592,0.0,0.194009941553302,0.0,-0.0002019747773688894,0.0,0.0,0.0003369464571530296,0.044824205322153296,-2.909806119263366e-05,0.0,0.0,-0.0034257496745174216,0.0,0.0,0.0,0.0,-0.0016178294533960463,0.0,0.0,-0.00015209098713213313,0.0,0.0,0.0,0.0,0.0,0.0,0.0009099420163398844,0.005593585201638111
0.0,-8.677827527478139e-07,0.0,0.0,0.11921084103303578,0.0,0.0,0.27298090825071514,-0.27298090825071514,0.0,0.0,0.0,0.0,0.0034674402958381314,-0.08031603314633935,0.0,0.19293229415880114,0.0,-0.00020479679977032983,0.0,0.0,0.0,0.0453489601336903,-2.950462374264019e-05,0.0,0.0,-0.0034674402958381314,0.0,0.0,0.0,0.0,-0.001640434013325107,0.0006709596974234228,0.0,-0.0001542160256064183,0.0,0.0,0.0,0.0,0.0,0.0,0.000922655865007399,0.0056717396273987
0.005372391464102604,-8.371516510722293e-07,0.0,0.0,0.11923179258452378,0.0,0.0,0.27240705990499603,-0.27240705990499603,0.0,0.0,0.0,0.0,0.0030214081244442025,-0.08071740839137234,0.0,0.19468776658296494,0.0,-0.00019756785729972237,0.0,0.0,0.0,0.040813908766498194,-2.8463165927422096e-05,0.0,0.0,-0.0030214081244442025,0.0,0.0,0.0,0.0,-0.0015825297730124956,0.0,0.0,-0.00014877248948473698,0.0,0.0,0.0,0.0,0.0,0.0,0.0008900878455081346,0.005471537868774004
0.0,-8.533058261830511e-07,0.0,0.0,0.11875106906328242,0.0,0.0,0.2733175085895213,-0.2733175085895213,0.0,0.0,0.0,0.0,0.0032970149897130537,-0.08053654756260237,0.0,0.19418541924929528,0.0,-0.00020138024393122673,0.0,0.00043460796177163135,0.0,0.044382969128558415,-2.9012408070122336e-05,0.0,0.0,-0.0032970149897130537,0.0,0.0,0.0,0.0,-0.0016130672067481754,0.0,0.0,-0.00015164329173870277,0.0,0.0,0.0,0.0,0.0,0.0,0.0009072635088445639,0.005577119910862149
0.0,-8.611758790634465e-07,0.0,0.0,0.11930709557677434,0.0,0.0,0.2731261420016979,-0.2731261420016979,0.0,0.0,0.0,0.0,0.003361627438039241,-0.08049868075417926,0.0,0.19332860022566634,0.0005070244135450491,-0.00020323757704694567,0.0,0.0,0.0,0.04482450596802619,-2.927998996010054e-05,0.0,0.0,-0.003361627438039241,0.0,0.0,0.0,0.0,-0.0016279445506349806,0.0,0.0,-0.00015304190017230416,0.0,0.0,0.0,0.0,0.0,0.0,0.0009156312142697089,0.0056285577743713285
0.0,-9.231133021720315e-07,0.0,0.0,0.10777873944472618,0.0,0.0,0.2608851177970236,-0.2608851177970236,0.019746824519534596,0.0,0.0,0.0,0.003331656847827741,-0.08900575338708774,0.0,0.1969068433620162,0.0,-0.00021785481390547233,0.0,0.0,0.0,0.04895418816112045,-3.1385863070185935e-05,0.0,0.0,-0.003331656847827741,0.0,0.0,0.0,0.0,-0.0017450294491805024,0.0,0.0,-0.00016404896754932188,0.0,0.0,0.0,0.0,0.0,0.0,0.0009814851696676773,0.00603337445913668
0.0,-8.965570694876502e-07,0.0,0.0,0.11746397827487534,0.0,0.0,0.2725586894002661,-0.2725586894002661,0.0,0.0,0.0,0.0,0.0032358113494829048,-0.08005231016541323,0.0,0.19443866158669032,0.0,-0.00021158754084606176,0.0,0.0,0.0,0.044349410695378406,-3.048295084832668e-05,0.0,0.0,-0.0032358113494829048,0.0,0.0,0.0,0.0,-0.0016948282355434587,0.0,0.0,-0.0001593295874433028,0.0,0.0,0.0,0.0,0.0,-0.0031964575892731648,0.0009532496881935875,0.005859805628927172
0.0,-8.555367647202657e-07,0.0,0.0,0.11635992540035921,0.0,0.0,0.2728991527562065,-0.2728991527562065,0.0,0.0,0.0,0.0,0.0030877628066261703,-0.0811174901725157,0.0,0.19621821510667586,0.0,-0.00020190674560628208,0.0,0.0,0.0,0.045828026763784835,-2.9088260006479732e-05,0.0,0.0,-0.0030877628066261703,0.0,0.0,0.0,0.0,-0.001617284515108472,0.0,0.0,-0.00015203975787437095,0.0,0.0,0.0,0.0,0.0,0.0,0.0009096355178748359,0.005591701097763761
0.0,-8.581788538915596e-07,0.0,0.0,0.11872661651605414,0.0,0.0,0.2730728112694332,-0.2730728112694332,0.0,0.0,0.0,0.0,0.003354650509993761,-0.08068601635222454,0.0,0.19386463290637806,0.0,-0.00020253027886420343,0.0,0.0,0.0,0.04482433757530069,-2.9178091069204462e-05,0.0,0.0,-0.003354650509993761,0.0,0.0,0.0,0.0,-0.0016222790519658874,0.0,0.0,-0.00015250929070387756,0.0,0.0,0.0,0.000514704000312154,0.0,0.0,0.000912444676114093,0.005608969523305174
0.0,-1.0103806815985525e-06,0.0,0.0,0.12063871949430076,0.0,0.0,0.2719475756996728,-0.2719475756996728,0.0,0.0,0.0,0.0,0.003646618144100088,-0.07662402523987907,0.0,0.18977874267398356,0.0,-0.00023844992250183827,0.0,0.0,0.0,0.03855068959046768,-3.435295499132945e-05,0.0,0.0,-0.003646618144100088,0.0,0.0,0.0,0.0,-0.0019099974403185046,0.0,0.0,-0.00017955749013476259,0.0,0.0,0.0,0.0,0.0,-0.013178051180247985,0.0010742707881842334,0.0066037451567627446
0.0,-8.436213931611135e-07,0.0,0.0,0.13593759458890786,0.0,0.0,0.2754772094215315,-0.2754772094215315,0.0,0.0,0.0,0.0,0.005245371724480283,-0.07718121636500017,0.0,0.17826204041680796,0.0,-0.00019909471695549148,0.0,0.0,0.0,0.034388665848030416,-2.8683137234111485e-05,0.0,0.0,-0.005245371724480283,0.0,0.0,0.0,0.0,-0.001594760005690479,0.0,0.0,-0.0001499222448912451,0.0,0.0,0.0,0.004401226626083263,0.0,0.0,0.000896966693312487,0.005513823443669772
0.0,-8.888699899847948e-07,0.0,0.0,0.12680269423077278,0.0,0.0,0.27360319173191433,-0.27360319173191433,0.0,0.0,0.0,0.0,0.004465164583631208,-0.07802453115167239,0.0,0.18469455357780262,0.0,-0.00020977338946222756,0.0,0.0,0.0,0.04299352994120579,-3.022159005532481e-05,0.0,0.0,-0.004465164583631208,0.0,0.0,0.0,0.0,-0.0016802967797848731,0.002514194155463988,0.0,-0.00015796349570467675,0.0,0.0,0.0,0.0,0.0,0.0,0.0009450765262292254,0.005809563660764916
0.0,-8.410973975285235e-07,0.0,0.0,0.12535857049326302,0.0,0.0,0.27425410622282803,-0.27425410622282803,0.0,0.0,0.0,0.0,0.004531578055333871,-0.07974270214710384,0.0,0.18740238069632423,0.0,-0.00019849905378224687,0.0,0.0,0.001495929129495112,0.04007003913481176,-2.859732135308386e-05,0.0,0.0,-0.004531578055333871,0.0,0.0,0.0,0.0,-0.0015899887097963468,0.0,0.0,-0.00014947369878466084,0.0,0.0,0.0,0.0,0.0,0.0,0.0008942830961030609,0.005497326865461215
0.0,-7.739467658492066e-07,0.0,0.0,0.14563329980849055,0.0,0.0,0.27988847600528494,-0.27988847600528494,0.0,0.0,0.0,0.0,0.005546289532625794,-0.07337628984250263,0.0,0.1738172492194834,0.0,-0.00018265149927977018,0.0,0.00550599497805769,0.0,0.023105982893088232,-2.6314199090622124e-05,0.0,0.0,-0.005546289532625794,0.0,0.0,0.0,0.0,-0.0014630488969523936,0.0,0.0,-0.00013754017797919013,0.0,0.0,0.0,0.0,0.0,0.0,0.0008228862816795335,0.005058437180808634
0.0,-8.656004533308213e-07,0.0,0.0,0.13114217484693963,0.0,0.0,0.2746646233930019,-0.2746646233930019,0.0,0.0,0.0,0.0,0.0044267455756617,-0.07780253068955649,0.0,0.1825589655612934,0.002605322760646289,-0.0002042817769315772,0.0,0.0,0.0,0.03910574163539964,-2.9430425536939203e-05,0.0,0.0,-0.0044267455756617,0.0,0.0,0.0,0.0,-0.0016363086510964172,0.0,0.0,-0.00015382820326066856,0.0,0.0,0.0,0.0,0.0,0.0,0.0009203355707287737,0.005657476340829552
0.0,-8.436213931611135e-07,0.0,0.0,0.11860776474870502,0.0,0.0,0.2724513661160992,-0.2724513661160992,0.0,0.0,0.0,0.0020630749809765294,0.004076295901926916,-0.08185751965521364,0.0,0.19284110361570878,0.0,-0.00019909471695549148,0.0,0.0,0.0,0.04319111910019694,-2.8683137234111485e-05,0.0,0.0,-0.004076295901926916,0.0,0.0,0.0,0.0,-0.001594760005690479,0.0,0.0,-0.0001499222448912451,0.0,0.0,0.0,0.0,0.0,0.0,0.000896966693312487,0.005513823443669772
0.0,-1.1463393491112322e-06,0.0,0.0,0.0770668305033643,0.0,0.0,0.2188334548271488,-0.2188334548271488,0.08970788270784942,0.0,0.0,0.0,0.0041373137332269576,-0.11683732141239576,0.0,0.20036440267170327,0.0,-0.0002705361790210743,0.0,0.0,0.0,0.058689454485241835,-3.897555127687477e-05,0.0,0.0,-0.0041373137332269576,0.0,0.0,0.0,0.0,-0.002167010179841082,0.0,0.0,-0.00020371907353125025,0.0,0.0,0.0,0.0,0.0,0.0,0.0012188266249785835,0.007492357150695846
0.0,-3.1739827860155403e-07,0.0,0.0,0.03931972151181874,0.0,0.0,0.27987682523705354,-0.27987682523705354,0.0,0.0,0.0,0.004157539671417123,-0.10018084571029312,-0.025128503058728366,0.0,0.24919568984996235,0.0,-7.49060193975762e-05,0.0,0.0,0.0,0.01588536754843465,-1.0791545184606838e-05,0.0,0.0,-0.0032243086833272216,0.0,0.0,0.0,0.0,-0.0006000014754155177,0.0,0.0,-5.6405708577703293e-05,0.0,0.0,0.0,0.0,0.0,0.0,0.00033746854540226285,0.0020744827996549533
0.0,-8.409020619955512e-07,0.0,0.0,0.11550616100685278,0.0,0.0,0.2747312254557589,-0.2747312254557589,0.0,0.0,0.0,0.000993219334512942,0.0,-0.08008580030106528,0.0,0.19780042598509578,0.0,-0.00019845295458068113,0.0,0.0,0.0,0.04426332030818096,-2.8590679942678237e-05,0.0,0.0,-0.003531553597333041,0.0,0.0,0.0,0.0,-0.0015896194525700602,0.0,0.0,-0.00014943898517752897,0.0,0.0,0.0,0.0,0.0,0.0,0.0008940754087820458,0.005496050172326337
0.0,-8.440957361150756e-07,0.0,0.0,0.11687329185976186,0.0,0.0,0.275220054635694,-0.275220054635694,0.0,0.0,0.0,0.0,0.0,-0.0794085458173893,0.0,0.1969471218977145,0.0,-0.00019920666193095618,0.0,0.0,0.0003956810002161723,0.044104290778593666,-2.869926490009391e-05,0.0,0.0,-0.003442151387798021,0.0,0.0,0.0,0.0,-0.0015956566913104648,0.0,0.0,-0.00015000654166356836,0.0,0.0,0.0,0.0,0.0,0.0,0.0008974710307254077,0.005516923700871756
0.0,-8.579997240975413e-07,0.0,0.0,0.11774070973121917,0.0,0.0,0.27511957243871915,-0.27511957243871915,0.0,0.0,0.0,0.0,0.0,-0.07877959833839424,0.0,0.19572099990825115,0.0,-0.0002024880042183404,0.0,0.0,0.0,0.044711517537328195,-2.9172000654112816e-05,0.0,0.0,-0.003491448251225197,0.0,0.0,0.0,0.0,-0.0016219404296482888,0.000789592496327072,0.0,-0.00015247745706255,0.0,0.0,0.0,0.0,0.0,0.0,0.0009122542192808301,0.005607798749228409
0.006181691356501693,-8.24202342472816e-07,0.0,0.0,0.11798241447608675,0.0,0.0,0.27414273135978795,-0.27414273135978795,0.0,0.0,0.0,0.0,0.0,-0.07946884771629513,0.0,0.19732815577559074,0.0,-0.00019451181942388212,0.0,0.0,0.0,0.039587652771903285,-2.8022889283592494e-05,0.0,0.0,-0.0029746720926176026,0.0,0.0,0.0,0.0,-0.0015580507358246086,0.0,0.0,-0.00014647123274711562,0.0,0.0,0.0,0.0,0.0,0.0,0.0008763197042432764,0.005386902507563903
0.0,-8.416708801009067e-07,0.0,0.0,0.11728860714749778,0.0,0.0,0.2753896390382098,-0.2753896390382098,0.0,0.0,0.0,0.0,0.0,-0.07912496876347738,0.0,0.1970230754308691,0.0,-0.00019863439571566997,0.0,0.0005070449053861211,0.0,0.043621075273780924,-2.8616819767252092e-05,0.0,0.0,-0.0032912411646944654,0.0,0.0,0.0,0.0,-0.0015910728063802065,0.0,0.0,-0.0001495756139273477,0.0,0.0,0.0,0.0,0.0,0.0,0.0008948928420990643,0.005501075089104873
0.0,-8.506158504853775e-07,0.0,0.0,0.11790588679726693,0.0,0.0,0.27521317693047714,-0.27521317693047714,0.0,0.0,0.0,0.0,0.0,-0.07904826635831831,0.0,0.19608526449912075,0.0005934696033526355,-0.00020074540944921022,0.0,0.0,0.0,0.044120415294105764,-2.892094886494063e-05,0.0,0.0,-0.0033667372775070567,0.0,0.0,0.0,0.0,-0.0016079821464430367,0.0,0.0,-0.00015116524886476973,0.0,0.0,0.0,0.0,0.0,0.0,0.0009044034360367937,0.0055595385038649196
0.0,-9.231133021720315e-07,0.0,0.0,0.10444708259689844,0.0,0.0,0.2608851177970236,-0.2608851177970236,0.023078481367362336,0.0,0.0,0.0,0.0,-0.08900575338708774,0.0,0.20023850020984393,0.0,-0.00021785481390547233,0.0,0.0,0.0,0.04895418816112045,-3.1385863070185935e-05,0.0,0.0,-0.003331656847827741,0.0,0.0,0.0,0.0,-0.0017450294491805024,0.0,0.0,-0.00016404896754932188,0.0,0.0,0.0,0.0,0.0,0.0,0.0009814851696676773,0.00603337445913668
0.0,-8.922264547547439e-07,0.0,0.0,0.11582320144705065,0.0,0.0,0.27446233822619215,-0.27446233822619215,0.0,0.0,0.0,0.0,0.0,-0.07859224187986799,0.0,0.1972563483317197,0.0,-0.00021056551541915724,0.0,0.0,0.0,0.04359849405099207,-3.033570989675885e-05,0.0,0.0,-0.0032201814997166378,0.0,0.0,0.0,0.0,-0.001686641753749517,0.0,0.0,-0.00015855998215853916,0.0,0.0,0.0,0.0,0.0,-0.003717714745502195,0.00094864523267779,0.005831501172409862
0.0,-8.450989048549394e-07,0.0,0.0,0.11463528286862139,0.0,0.0,0.2747548384431299,-0.2747548384431299,0.0,0.0,0.0,0.0,0.0,-0.07989907044994139,0.0,0.19916194068648282,0.0,-0.00019944340983462584,0.0,0.0,0.0,0.0453451604345493,-2.8733372648981908e-05,0.0,0.0,-0.003050090976727114,0.0,0.0,0.0,0.0,-0.0015975530554831407,0.0,0.0,-0.0001501848174999854,0.0,0.0,0.0,0.0,0.0,0.0,0.0008985376335341138,0.0055234803095123835
0.0,-8.471347326143347e-07,0.0,0.0,0.11723008200620219,0.0,0.0,0.2751457073725547,-0.2751457073725547,0.0,0.0,0.0,0.0,0.0,-0.07927098646838274,0.0,0.1967057717548064,0.0,-0.00019992386535034974,0.0,0.0,0.0,0.044121928115692974,-2.8802590816611515e-05,0.0,0.0,-0.0033585612969534375,0.0,0.0,0.0,0.0,-0.001601401531488464,0.0,0.0,-0.0001505466099703693,0.0,0.0,0.0,0.000602245414027834,0.0,0.0,0.0009007021942106231,0.005536786272255891
0.0,-1.004884039044309e-06,0.0,0.0,0.1187734977251698,0.0,0.0,0.2740949146105364,-0.2740949146105364,0.0,0.0,0.0,0.0,0.0,-0.07499825088483376,0.0,0.19297755731589858,0.0,-0.00023715271441487645,0.0,0.0,0.0,0.03773650396967823,-3.416606908019881e-05,0.0,0.0,-0.0036267799218983095,0.0,0.0,0.0,0.0,-0.0018996067297673681,0.0,0.0,-0.00017858066688469177,0.0,0.0,0.0,0.0,0.0,-0.013710823663418963,0.0010684265725963305,0.0065678196612469235
0.0,-8.256995946506499e-07,0.0,0.0,0.13411194594227357,0.0,0.0,0.27883068726043425,-0.27883068726043425,0.0,0.0,0.0,0.0,0.0,-0.07483345763315173,0.0,0.18226448722228425,0.0,-0.00019486517105883752,0.0,0.0,0.0,0.03294998727267287,-2.8073795875150065e-05,0.0,0.0,-0.005310972035485367,0.0,0.0,0.0,0.0,-0.0015608811025163486,0.0,0.0,-0.00014673731349078672,0.0,0.0,0.0,0.004661792262317107,0.0,0.0,0.0008779116332127095,0.005396688395198037
0.0,-8.760075749704972e-07,0.0,0.0,0.12480580924674903,0.0,0.0,0.276339327358628,-0.276339327358628,0.0,0.0,0.0,0.0,0.0,-0.07608555783892511,0.0,0.18839327686827953,0.0,-0.0002067378584794961,0.0,0.0,0.0,0.042209407526781526,-2.978426779440541e-05,0.0,0.0,-0.004481543051791449,0.0,0.0,0.0,0.0,-0.0016559820039770516,0.0026397959310066007,0.0,-0.00015567768106164047,0.0,0.0,0.0,0.0,0.0,0.0,0.0009314007731521766,0.005725496227170924
0.0,-8.25610087145628e-07,0.0,0.0,0.1232572058092497,0.0,0.0,0.2770660291100219,-0.2770660291100219,0.0,0.0,0.0,0.0,0.0,-0.07786060213064772,0.0,0.19129629815951468,0.0,-0.0001948440472804196,0.0,0.0,0.0015718293084160556,0.03912533063984584,-2.8070752618932475e-05,0.0,0.0,-0.004551582166491302,0.0,0.0,0.0,0.0,-0.0015607118998498737,0.0,0.0,-0.00014672140686940857,0.0,0.0,0.0,0.0,0.0,0.0,0.0008778164658171726,0.005396103383267833
0.0,-7.50555795803393e-07,0.0,0.0,0.1443053513211779,0.0,0.0,0.2837235045093822,-0.2837235045093822,0.0,0.0,0.0,0.0,0.0,-0.07064638668839973,0.0,0.1777845428566143,0.0,-0.000177131228458833,0.0,0.005851841188194284,0.0,0.020870890263564854,-2.5518905835493717e-05,0.0,0.0,-0.005634791055481917,0.0,0.0,0.0,0.0,-0.0014188312137288915,0.0,0.0,-0.00013338330527790419,0.0,0.0,0.0,0.0,0.0,0.0,0.0007980162141048508,0.004905556184600714
0.0,-8.517022069086977e-07,0.0,0.0,0.12937815209741718,0.0,0.0,0.27742859856860524,-0.27742859856860524,0.0,0.0,0.0,0.0,0.0,-0.07587007619658737,0.0,0.18611856461324733,0.002734301745321615,-0.00020100178965289764,0.0,0.0,0.0,0.0381362312784874,-2.8957884996039076e-05,0.0,0.0,-0.004441074174687442,0.0,0.0,0.0,0.0,-0.0016100357664553793,0.0,0.0,-0.00015135830820994103,0.0,0.0,0.0,0.0,0.0,0.0,0.0009055584867937844,0.005566638818726115
0.0,-8.298753412893852e-07,0.0,0.0,0.11642056257237424,0.0,0.0,0.27488608984273893,-0.27488608984273893,0.0,0.0,0.0,0.0021567566907871,0.0,-0.08026912967052363,0.0,0.19657300497051622,0.0,-0.0001958506476030034,0.0,0.0,0.0,0.04248735865936147,-2.8215771309704803e-05,0.0,0.0,-0.004073525156889615,0.0,0.0,0.0,0.0,-0.0015687748256809526,0.0,0.0,-0.00014747939674667767,0.0,0.0,0.0,0.0,0.0,0.0,0.000882351427752085,0.0054239806496360265
0.0,-5.682831495068209e-07,0.0,0.0,0.07642191008251886,0.0,0.0,0.2773562766656678,-0.2773562766656678,0.0,0.0,0.0,0.0031272662085151197,-0.05198632325631668,-0.05166608336193169,0.0,0.223728937347891,0.0,-0.0001341148692041621,0.0,0.0,0.0,0.029094550460619484,-1.9321633729627647e-05,0.0,0.0,-0.003614653755898733,0.0,0.0,0.0,0.0,-0.0010742677296807503,0.0,0.0,-0.00010099113915151581,0.0,0.0,0.0,0.0,0.0,0.0,0.0006042177943927403,0.0037142407456644344
0.0,-1.1463393491112322e-06,0.0,0.0,0.07292951677013734,0.0,0.0,0.2188334548271488,-0.2188334548271488,0.09384519644107638,0.0,0.0,0.0,0.0,-0.11683732141239576,0.0,0.20450171640493023,0.0,-0.0002705361790210743,0.0,0.0,0.0,0.058689454485241835,-3.897555127687477e-05,0.0,0.0,-0.0041373137332269576,0.0,0.0,0.0,0.0,-0.002167010179841082,0.0,0.0,-0.00020371907353125025,0.0,0.0,0.0,0.0,0.0,0.0,0.0012188266249785835,0.007492357150695846
0.00030151703433998155,-4.448266028156082e-07,0.0,0.0,0.020190192934271135,0.0,0.0,0.27993446910684716,-0.27993446910684716,0.0,0.0,0.0,0.0016245046304680759,-0.130619396030316,0.0,0.0,0.25859549666850706,0.0,-0.00010497911420903569,0.0,0.0,0.0,0.0,-1.512410969823165e-05,0.0,0.0,-0.0024176994406080194,0.0,0.0,0.0,0.0,-0.0008408886751666542,0.0,0.0,-7.90513415402755e-05,0.0,0.0,0.0,0.0,0.0,-0.021961471007627593,0.00047295463374853476,0.00290734133920223
0.008674167671389852,-1.7331458518702566e-07,0.0,0.0,0.030684398806810606,0.0,0.0,0.28020264606374695,-0.28020264606374695,0.0,0.0,0.0,0.006337403878671469,-0.11934581251798776,-0.01426114960185827,0.0,0.25477511641412154,0.0,-4.090225610895501e-05,0.0,0.0,0.0,0.0,-5.892697923371852e-06,0.0,0.0,-0.0037942207388245207,0.0,0.0,0.0,0.0,-0.00032762939761808355,0.0,0.0,-3.080020480072331e-05,0.0,0.0,0.0,0.0,0.0,0.0,0.00018427390727435326,0.0011327664645313469
0.0057771787183597875,-2.092620437099658e-07,0.0,0.0,0.03391795820568256,0.0,0.0,0.2835319556844035,-0.2835319556844035,0.0,0.0,0.0,0.002173057616049465,-0.13196789764943528,0.0,0.0,0.24813434886654556,0.0,-4.938585922513062e-05,0.0,0.0,0.0,0.0,-7.114911933577859e-06,0.0,0.0,-0.004189843525690799,0.0,0.0,0.0,0.0,-0.00039558354105651813,0.004696112103870676,0.0,-3.71885251107381e-05,0.0,0.0,0.0,0.0,0.0,0.0,0.0002224944565227429,0.0013677153896663936
0.00014148981928674976,-2.087392368530387e-07,0.0,0.0,0.04039135125056845,0.0,0.0,0.2859465174062101,-0.2859465174062101,0.0,0.0,0.0,0.0007623146967419537,-0.13085746758550476,0.0,0.0,0.24501609013034564,0.005152817602730691,-4.926247676465003e-05,0.0,0.0,0.0,0.0,-7.097136494327813e-06,0.0,0.0,-0.003710937925698619,0.0,0.0,0.0,0.0,-0.0003945952405310846,0.0,0.0,-3.709561568683012e-05,0.0,0.0,0.0,0.0,0.0,0.0,0.00022193859065506756,0.001364298377334079
0.017454929162042034,-1.0541149746919475e-06,0.0,0.0,0.07464870615148746,0.0,0.0,0.16493426010014722,-0.16493426010014722,0.20691760346270643,0.0,0.0,0.0,0.009079720873450063,-0.15002706936353774,0.0,0.18189718683567677,0.0,-0.00024877121920586234,0.0,0.0,0.0,0.0,-3.58399214680024e-05,0.0,0.0,-0.009079720873450063,0.0,0.0,0.0,0.0,-0.0019926716139085665,0.0,0.0,-0.00018732962992690897,0.0,0.0,0.0,0.010550517976509686,0.0,0.0,0.0011207705623463733,0.006889588039014823
0.0,-1.2651275545500869e-06,0.0,0.0,0.0430384191124431,0.0,0.0,0.17467404891074953,-0.17467404891074953,0.1715251396376756,0.0,0.0,0.0,0.005078116305487893,-0.14747204813445747,0.0,0.20899864801492796,0.0,-0.0002985702051034153,0.0,0.0,0.0,0.05586414480595634,-4.301435165109168e-05,0.0,0.0,-0.005078116305487893,0.0,0.0,0.0,0.0,-0.0023915643231064497,0.0,0.0,-0.00022482924756235659,0.0,0.0,0.0,0.001024155604665119,0.0,0.0,0.0013451262478909026,0.008268744754530747
0.0,-8.239915488477947e-07,0.0,0.0,0.05835217644946518,0.0,0.0,0.18350492834574586,-0.18350492834574586,0.1890342036454428,0.0,0.0,0.0,0.007097530578015155,-0.14456341968674644,0.0,0.210409035648982,0.0,-0.0001944620721113437,0.0,0.0,0.0,0.0,-2.8015722297876412e-05,0.0,0.0,-0.007097530578015155,0.0,0.0,0.0,0.0,-0.0015576522570219563,0.0,0.0,-0.0001464337720405378,0.0,0.0,0.0,0.008247238543548153,0.0,0.0,0.0008760955813578925,0.0053855247819148844
0.0,-1.1207471297936786e-06,0.0,0.0,0.03449763363116913,0.0,0.0,0.18768179336136698,-0.18768179336136698,0.17589507705405413,0.0,0.0,0.0,0.0,-0.1345535668968003,0.0,0.234144368330887,0.0,-0.0002644964131941329,0.0,0.0,0.0,0.0,-3.810541552076234e-05,0.0,0.0,-0.004044947506307884,0.0,0.0,0.0,0.0,-0.0021186313120748644,0.0,0.0,-0.00019917101085415316,0.0,0.0,0.0,0.0,0.0,-0.03036258983067316,0.0011916161150011416,0.007325089013599522
0.0,-1.127843680768838e-06,0.0,0.0,0.03471607203629896,0.0,0.0,0.18344277776300952,-0.18344277776300952,0.1797225482613526,0.0,0.0,0.0,0.004070560042273639,-0.13766697994488308,0.0,0.2315564062817151,0.0,-0.0002661711997977127,0.0,0.0,0.0,0.0,-3.834669833691597e-05,0.0,0.0,-0.004070560042273639,0.0,0.0,0.0,0.0,-0.002132046448017685,0.0,0.0,-0.00020043215816716096,0.0,0.0,0.0,0.0,0.0,-0.030102560762556706,0.0011991614071354018,0.007371471347491519
0.03500660578588806,-1.759555346701313e-06,0.0,0.0,0.05416074160764632,0.0,0.0,0.14616369870614443,-0.14616369870614443,0.21037295905470305,0.0,0.0,0.0,0.006350503893916218,-0.14476182751973546,0.0,0.18621943866268975,0.0,-0.00041525520400371877,0.0,0.0,0.0,0.0,-5.982490236684856e-05,0.0,0.0,-0.006350503893916218,0.0,0.0,0.0,0.0,-0.003326217800385013,0.0,0.0,-0.00031269535093152206,0.0,0.0,0.0,0.0,0.0,-0.04696317640672574,0.001870818537587239,0.011500274411869195
0.044367360715640076,-1.8842358721901127e-06,0.0,0.0,0.060198914516499016,0.0,0.0,0.1441793799942577,-0.1441793799942577,0.21199770200575727,0.0,0.0,0.0,0.0,-0.14138265216589532,0.0,0.1779569453557999,0.0,-0.0004446798180939802,0.0,0.0,0.0,0.0,-6.406404169167765e-05,0.0,0.0,-0.007075543818179251,0.0,0.0,0.0,0.0,-0.0035619106326790803,0.0005500977432782583,0.0,-0.00033485266513316785,0.0,0.0,0.0,0.0,0.0,-0.04938607560422677,0.0020033830737343134,0.012315173619004307
0.043500090681389034,-1.8802135895415485e-06,0.0,0.0,0.06007040775527243,0.0,0.0,0.14452217587908753,-0.14452217587908753,0.21174845500473882,0.0,0.0,0.0,0.0,-0.1415077827530887,0.0,0.17832928868462888,0.0,-0.0004437305590638955,0.0,0.0,0.0,0.0,-6.392728403458357e-05,0.0,0.0,-0.007060439638522625,0.0,0.0,0.0,0.0,-0.003554307013862022,0.0,0.0,-0.00033413785437902107,0.0,0.0,0.0,0.0005489234483609079,0.0,-0.049504286514048736,0.0019991064472806718,0.012288884389565
0.0438042781607416,-1.9067286742078974e-06,0.0,0.0,0.05869087280105555,0.0,0.0,0.1437150777363505,-0.1437150777363505,0.21182754142161545,0.0,0.0,0.0,0.00027833222905011146,-0.14146224602120258,0.0,0.17905042137759242,0.0,-0.00044998812118772534,0.0,0.0,0.0,0.0,-6.482879722334848e-05,0.0,0.0,-0.006881674903207478,0.0,0.0,0.0,0.0,-0.0036044304423527864,0.0,0.0,-0.00033884992195920067,0.0,0.0,0.0,0.0,0.0,-0.051624991142118604,0.002027298178795396,0.012462184280522462
0.0438116614812969,-1.8726752502639584e-06,0.0,0.0,0.06092301280332896,0.0,0.0,0.14491469457893083,-0.14491469457893083,0.2112032268497435,0.0,0.0,0.0,0.0,-0.14130491744659163,0.0,0.1779180479741965,0.0005467226498908903,-0.00044195151038524296,0.0,0.0,0.0,0.0,-6.367098041098032e-05,0.0,0.0,-0.007032132221886462,0.0,0.0,0.0,0.0,-0.0035400567327682963,0.0,0.0,-0.00033279819566907137,0.0,0.0,0.0,0.0,0.0,-0.0488198333174281,0.001991091430936016,0.012239614572355452
0.043732778218699926,-1.904961300457862e-06,0.0,0.0,0.058636471401759274,0.0,0.0,0.14407622040273577,-0.14407622040273577,0.21150760692971163,0.0,0.0,0.0,0.0,-0.14123843125352475,0.0,0.17931701693934368,0.0,-0.000449571020839903,0.0,0.0,0.0,0.0,-6.476870649517683e-05,0.0,0.0,-0.006875296181502221,0.0,0.0,0.0,0.0,-0.0036010894448454773,0.0,0.0,-0.00033853583717861647,0.0,0.0,0.0,0.0,0.0,-0.05160803634603609,0.0020254190474679216,0.012450632905823255
0.043836050641985286,-1.9040788416664564e-06,0.0,0.0,0.05833136308045687,0.0,0.0,0.14370064994464202,-0.14370064994464202,0.21218169826419148,0.0,0.0,0.0,0.0,-0.14154359752521786,0.0,0.17945012947267872,0.0,-0.0004493627604938236,0.0,0.0,0.0,0.0,-6.473870288594818e-05,0.0,0.0,-0.0068721112529908516,0.0,0.0,0.0,0.0,-0.003599421267629238,0.0,0.0,-0.0003383790130343925,0.0,0.0,0.0,0.0,0.0,-0.051460598017662694,0.0020244807875440646,0.012444865245102974
0.0,-1.3118142460033412e-06,0.0,0.0,0.04037885625377659,0.0,0.0,0.17421732895263922,-0.17421732895263922,0.1698902664865458,0.0,0.0,0.0,0.004734537900701302,-0.14707344918944618,0.0,0.21060506263363474,0.0,-0.000309588268058937,0.0,0.0,0.0,0.05872214794808565,-4.460169970652983e-05,0.0,0.0,-0.004734537900701302,0.0,0.0,0.0,0.0,-0.0024798196339973658,0.0,0.0,-0.000233126066071178,0.0,0.0,0.0,0.0,0.0,-0.0023893869767177135,0.0013947651114782896,0.00857388421155394
0.0,-1.2867225378462924e-06,0.0,0.0,0.040816153621329725,0.0,0.0,0.17496753583712057,-0.17496753583712057,0.16830395247454807,0.0,0.0,0.0003024108402095949,0.0047951835150829795,-0.14743561772377153,0.0,0.2105836609544898,0.0,-0.00030366662290631894,0.0,0.0,0.0,0.06024503575810139,-4.3748581335728323e-05,0.0,0.0,-0.0047951835150829795,0.0,0.0,0.0,0.0,-0.0024323869195502145,0.0,0.0,-0.00022866695058933257,0.0,0.0,0.0,0.0,0.0,0.0,0.001368086761832773,0.008409887364390495
0.0,-1.324472959767676e-06,0.0,0.0,0.04318094720204188,0.0,0.0,0.17589848717051754,-0.17589848717051754,0.16429233744222854,0.0,0.0,0.0,0.004780225131400288,-0.14608023101893874,0.0,0.20781246628233774,0.0,-0.00031257572553021695,0.0,0.0,0.0,0.064113691580286,-4.503209612256809e-05,0.0,0.0,-0.004780225131400288,0.0,0.0,0.0,0.0,-0.002503749338244433,0.0,0.0,-0.00023537568041283598,0.0,0.0,0.0,0.0,0.0,0.0,0.0014082242825221136,0.00865662027453944
0.0,-1.3102278812377503e-06,0.0,0.0,0.05347180474316274,0.0,0.0,0.1869129864589216,-0.1869129864589216,0.14316582187523375,0.0,0.0,0.0,0.004728812468057229,-0.1380559286712683,0.0,0.2034263287135545,0.0,-0.00030921388584607013,0.0,0.0,0.0,0.06557518697760996,-4.45477632859463e-05,0.0,0.0,-0.004728812468057229,0.0,0.0,0.0,0.0,-0.0024768208111805076,0.0,0.0,-0.00023284414888794655,0.0,0.0,0.0,0.0,0.0,0.0,0.0013930784350026637,0.008563515893128594
0.0,-1.324472959767676e-06,0.0,0.0,0.04076850317597236,0.0,0.0,0.17589848717051754,-0.17589848717051754,0.16670478146829806,0.0,0.0,0.0,0.002367781105330771,-0.14608023101893874,0.0,0.21022491030840726,0.0,-0.00031257572553021695,0.0,0.0,0.0,0.064113691580286,-4.503209612256809e-05,0.0,0.0,-0.004780225131400288,0.0,0.0,0.0,0.0,-0.002503749338244433,0.0,0.0,-0.00023537568041283598,0.0,0.0,0.0,0.0,0.0,0.0,0.0014082242825221136,0.00865662027453944
0.0,-1.3213443056870338e-06,0.0,0.0,0.0406722003085695,0.0,0.0,0.1783176074352814,-0.1783176074352814,0.16442124307137404,0.0,0.0,0.0,0.0,-0.14431784927905536,0.0,0.21161806992515653,0.0,-0.00031183736291437214,0.0,0.0,0.0,0.06443468058214173,-4.492572184723486e-05,0.0,0.0,-0.004768933341142549,0.0,0.0,0.0,0.0,-0.002497835011699497,0.0,0.0,-0.00023481967881417993,0.0,0.0,0.0,0.0,0.0,0.0,0.001404897792075117,0.008636171710341301
0.0035074070776052414,-1.3602515010943905e-06,0.0,0.0,0.043458287279151596,0.0,0.0,0.17538949867648249,-0.17538949867648249,0.16730452403764134,0.0,0.0,0.0,0.0,-0.1448486089423099,0.0,0.20690438572302441,0.0,-0.0003210194641744339,0.0,0.0,0.0,0.06417427458925833,-4.624856694612685e-05,0.0,0.0,-0.005107916286802538,0.0,0.0,0.0,0.0,-0.0025713841649953138,0.00039712187422328714,0.0,-0.000241733981989964,0.0,0.0,0.0,0.0,0.0,0.0,0.0014462652333153546,0.008890465174096024
0.0028111734211831822,-1.3564448719901505e-06,0.0,0.0,0.04333667037151051,0.0,0.0,0.17569069671899226,-0.17569069671899226,0.16704753221840254,0.0,0.0,0.0,0.0,-0.14494486715670887,0.0,0.20722299296892402,0.0,-0.00032012109939823566,0.0,0.0,0.0,0.06428509224837281,-4.611914151206198e-05,0.0,0.0,-0.005093621913457814,0.0,0.0,0.0,0.0,-0.0025641882120463347,0.0,0.0,-0.0002410574956118299,0.0,0.0,0.0,0.00039601053879514573,0.0,0.0,0.0014422178969770677,0.008865585434242977
0.0017853639441781923,-1.3593517872119467e-06,0.0,0.0,0.041842105756492665,0.0,0.0,0.17606720885831062,-0.17606720885831062,0.16573871305155863,0.0,0.0,0.0,0.00019842960255219872,-0.1450173742393706,0.0,0.20861954216342718,0.0,-0.00032080713162547505,0.0,0.0,0.0,0.0662484100971457,-4.621797666360108e-05,0.0,0.0,-0.004906108144921472,0.0,0.0,0.0,0.0,-0.0025696833692024166,0.0,0.0,-0.0002415740913967319,0.0,0.0,0.0,0.0,0.0,0.0,0.0014453086271972485,0.008884584735859357
0.0034442447003756003,-1.3562300394346919e-06,0.0,0.0,0.04412170238544711,0.0,0.0,0.17566287097971908,-0.17566287097971908,0.16710026493978092,0.0,0.0,0.0,0.0,-0.1447635317875024,0.0,0.20663584622549155,0.0003959478189914923,-0.00032007039889778773,0.0,0.0,0.0,0.06364139432115866,-4.6111837202663796e-05,0.0,0.0,-0.005092815190062853,0.0,0.0,0.0,0.0,-0.0025637820981543173,0.0,0.0,-0.00024101931713597428,0.0,0.0,0.0,0.0,0.0,0.0,0.0014419894797647402,0.008864181310556269
0.001744224379516118,-1.3582198409144597e-06,0.0,0.0,0.04180726340211782,0.0,0.0,0.17631712460818658,-0.17631712460818658,0.16552139496314877,0.0,0.0,0.0,0.0,-0.14485696389781288,0.0,0.2088026983749296,0.0,-0.00032053999220780035,0.0,0.0,0.0,0.06623289723426502,-4.617949047624777e-05,0.0,0.0,-0.004902022777909078,0.0,0.0,0.0,0.0,-0.0025675435672741402,0.0,0.0,-0.00024137293015142532,0.0,0.0,0.0,0.0,0.0,0.0,0.0014441051037497698,0.008877186450227137
0.0019035151926779872,-1.3587047298370809e-06,0.0,0.0,0.04162385358260506,0.0,0.0,0.1759834000995805,-0.1759834000995805,0.1660961580300774,0.0,0.0,0.0,0.0,-0.1450673464267545,0.0,0.208837574590893,0.0,-0.0003206544260327208,0.0,0.0,0.0,0.06609787447570616,-4.6195976705287944e-05,0.0,0.0,-0.0049037728160633174,0.0,0.0,0.0,0.0,-0.0025684601887198118,0.0,0.0,-0.00024145910107642983,0.0,0.0,0.0,0.0,0.0,0.0,0.0014446206539919437,0.00888035563480543
0.0,-4.603412789435437e-07,0.0,0.0,0.028532721878361093,0.0,0.0,0.25957122185966713,-0.25957122185966713,0.03337331889942019,0.0,0.0,0.003590747844930837,-0.09451991878775722,-0.04132368701944916,0.0,0.24844589645086188,0.0,-0.00010864057902890369,0.0,0.0,0.0,0.023039477233317503,-1.5651608868034448e-05,0.0,0.0,-0.0034568158827549445,0.0,0.0,0.0,0.0,-0.0008702172166079298,0.0,0.0,-8.180849669626914e-05,0.0,0.0,0.0,0.0,0.0,0.0,0.0004894503602167121,0.003008743681116072
0.0,-1.2885468795871733e-06,0.0,0.0,0.039662665187255725,0.0,0.0,0.18382004299010923,-0.18382004299010923,0.15372109943634674,0.0,0.0,0.0,-0.00827375220793478,-0.13577144758194354,0.0,0.21298444527165786,0.0,-0.00030409716770458413,0.0,0.0,0.0,0.06449008128152649,-4.381060897625499e-05,0.0,0.0,-0.004650562422860233,0.0,0.0,0.0,0.0,-0.0024358356078701808,0.0,0.0,-0.00022899115930601386,0.0,0.0,0.0,0.0,0.0,0.0,0.0013700264634478045,0.00842181107607168
0.0,-1.3102278812377503e-06,0.0,0.0,0.04874299227510551,0.0,0.0,0.1869129864589216,-0.1869129864589216,0.14789463434329098,0.0,0.0,0.0,0.0,-0.1380559286712683,0.0,0.20815514118161174,0.0,-0.00030921388584607013,0.0,0.0,0.0,0.06557518697760996,-4.45477632859463e-05,0.0,0.0,-0.004728812468057229,0.0,0.0,0.0,0.0,-0.0024768208111805076,0.0,0.0,-0.00023284414888794655,0.0,0.0,0.0,0.0,0.0,0.0,0.0013930784350026637,0.008563515893128594
0.0,-3.6171093265988194e-07,0.0,0.0,0.08143993415930798,0.0,0.0,0.2869415943403411,-0.2869415943403411,0.0,0.0,0.0,0.0,-0.09041903730651518,-0.020009554866994836,0.0,0.2157706843447476,0.0,-8.536380933605933e-05,0.0,0.0,0.0,0.0,-1.2298175940851763e-05,0.0,0.0,-0.0058312594227741335,0.0,0.0,0.0,0.0,-0.000683768967576214,0.0,0.0,-6.428063046490217e-05,0.0,0.0,0.0,0.009051578882068307,0.0,0.0,0.00038458325243175576,0.002364105790227188
0.0,-2.417740351861144e-07,0.0,0.0,0.046076689251232344,0.0,0.0,0.2865346406777315,-0.2865346406777315,0.0,0.0,0.0,0.0,-0.12703277164696905,0.0,0.0,0.238962735756399,0.0,-5.705869184065791e-05,0.0,0.0,0.0,0.0,-8.220320024013206e-06,0.0,0.0,-0.004733639192696469,0.0,0.0,0.0,0.0,-0.0004570433666747733,0.0033436857899870887,0.0,-4.296631925809247e-05,0.0,0.0,0.0,0.004378393781653627,0.0,0.0,0.00025706230143963374,0.0015802104523269776
0.0,-5.571473809053588e-07,0.0,0.0,0.02492878508960814,0.0,0.0,0.2793472545504346,-0.2793472545504346,0.0,0.0,0.0,0.0,-0.12586467518136743,0.0,0.0,0.254505524768695,0.0,-0.0001314868269143828,0.0,0.0,0.0,0.0,-1.8943017466938772e-05,0.0,0.0,-0.0020766359757926137,0.0,0.0,0.0,0.0,-0.0010532169614780953,0.0,0.0,-9.90121715235555e-05,0.0,0.0,0.0,0.0001316120264708483,0.0,-0.028261205365422374,0.000592377869965837,0.003641458497044648
0.0,-3.347963160101446e-07,0.0,0.0,0.07441869580622851,0.0,0.0,0.2867404017010318,-0.2867404017010318,0.0,0.0,0.0,0.0,-0.0968616486750376,-0.016982485723928735,0.0,0.22086526129984413,0.0,-7.901195763186522e-05,0.0,0.0,0.0,0.0,-1.1383078659978892e-05,0.0,0.0,-0.005493496047676468,0.0,0.0,0.0,0.0,-0.0006328902741843135,0.0,0.0,-5.949756097279733e-05,0.0,0.0,0.0,0.008570330053460211,0.0,0.0,0.00035596672504898275,0.002188194598946664
0.0,-2.2690216041215858e-07,0.0,0.0,0.044681141303452056,0.0,0.0,0.2864097173038588,-0.2864097173038588,0.0,0.0,0.0,0.0,-0.1289488866231903,0.0,0.0,0.2417640298822838,0.0057547865906196405,-5.3548928192271175e-05,0.0,0.0,0.0,0.0,-7.714676107763645e-06,0.0,0.0,-0.0037231177937921984,0.0,0.0,0.0,0.0,-0.0004289299602445829,0.0,0.0,-4.032339807339093e-05,0.0,0.0,0.0,5.3599916585680666e-05,0.0,0.0,0.000241250023031937,0.0014830093945483274
0.0,-2.3560213374549148e-07,0.0,0.0,0.04490046375394144,0.0,0.0,0.28643638181984865,-0.28643638181984865,0.0,0.0,0.0,0.0,-0.12766868083836702,0.0,0.0,0.24007887160509056,0.0,-5.5602122601945706e-05,0.0,0.0,0.0,0.0,-8.010475302848116e-06,0.0,0.0,-0.004612800929272926,0.0,0.0,0.0,0.0,-0.000445376164234959,0.0029877194592089844,0.0,-4.1869493920652284e-05,0.0,0.0,0.0,0.004537234254826193,0.0,0.0,0.0002505001278490585,0.0015398715335522767
0.0,-3.316292511289845e-07,0.0,0.0,0.028538822005712245,0.0,0.0,0.28294561353679015,-0.28294561353679015,0.0,0.0,0.0,0.0,-0.13057280458455917,0.0,0.0,0.25386293390359105,0.0,-7.826453006399436e-05,0.0,0.0,0.0,0.0,-1.1275398416978818e-05,0.0,0.0,-0.002725258403422337,0.0,0.0,0.0,0.0,-0.0006269033368581088,0.0,0.0,-5.893473328664705e-05,0.0,0.0,0.0,0.0030567156063546347,0.0,-0.012056434414287618,0.00035259939494451995,0.0021674949856711756
0.0,-1.9450576906384007e-07,0.0,0.0,0.038696678820936144,0.0,0.0,0.2857917785598576,-0.2857917785598576,0.0,0.0,0.0,0.0,-0.1281289725934979,-0.002605211483916183,0.0,0.24752046482911388,0.0,-4.5903377216252955e-05,0.0,0.0,0.0,0.0,-6.613198423026531e-06,0.0,0.0,-0.00364535877542219,0.0,0.0,0.0,0.0,-0.00036768866211035143,0.0,0.0,-3.456614753815272e-05,0.0,0.0,0.0,0.0058867155157339,0.0,0.0,0.00020680508806641393,0.0012712698825412569
0.0,-2.04594945635934e-07,0.0,0.0,0.03992095185320744,0.0,0.0,0.2861313507471473,-0.2861313507471473,0.0,0.0,0.0,0.0,-0.1307624798683245,0.0,0.0,0.24587487203269173,0.003719040969933894,-4.82844237025307e-05,0.0,0.0,0.0,0.0,-6.956230544476402e-06,0.0,0.0,-0.0035408380798229006,0.0,0.0,0.0,0.0,-0.00038676097987986056,0.0,0.0,-3.6359122459194825e-05,0.0,0.0,0.0,0.001885806397287306,0.0,0.0,0.00021753224057994506,0.0013372117123259255
0.0,-1.9590076102420376e-07,0.0,0.0,0.037334275712624466,0.0,0.0,0.28596101336671675,-0.28596101336671675,0.0,0.0,0.0,0.0,-0.1312891558478542,0.0,0.0,0.2474152184459091,0.0,-4.623259543162217e-05,0.0,0.0,0.0,0.0,-6.660628165994123e-06,0.0,0.0,-0.003835496725483341,0.0,0.0,0.0,0.0,-0.00037032571873869477,0.0012463506070933875,0.0,-3.481405534134308e-05,0.0,0.0,0.0,0.005010571330820128,0.0,0.0,0.00020828829052669807,0.0012803874078163835
0.0,-1.476313249826237e-07,0.0,0.0,0.028135207652615297,0.0,0.0,0.28563186229688253,-0.28563186229688253,0.0,0.0,0.0,0.0,-0.1349445517055938,0.0,0.0,0.25658365060584043,0.0,-3.484100462536076e-05,0.0,0.0,0.0,0.0,-5.019466776041801e-06,0.0,0.0,-0.0028904403463734405,0.0,0.0,0.0,0.0,-0.00027907842852014855,0.0,0.0,-2.623596300080661e-05,0.0,0.0,0.0,0.004715232708528843,0.0,0.0,0.00015696659955814527,0.0009649032934774837
0.0,-1.2705584927998563e-07,0.0,0.0,0.025019595868091802,0.0,0.0,0.28610369871532915,-0.28610369871532915,0.0,0.0,0.0,0.0,-0.13668031467527567,0.0,0.0,0.2578815124739059,0.0,-2.9985190696921207e-05,0.0,0.0,0.0032224430845792474,0.0,-4.319900361510177e-06,0.0,0.0,-0.003696013914475191,0.0,0.0,0.0,0.0,-0.0002401830827944187,0.0,0.0,-2.2579439432235075e-05,0.0,0.0,0.0,3.0013742093771272e-05,0.0,0.0,0.00013509006044482046,0.000830424081340912
0.0,-1.0312841665799734e-07,0.0,0.0,0.017692265778827144,0.0,0.0,0.2845357432581171,-0.2845357432581171,0.0,0.0,0.0,0.002615585626056809,-0.13971182377897132,0.0,0.0,0.2642440058589161,0.0,-2.4338314664657567e-05,0.0,0.0,0.0,0.0,-3.5063673725175954e-06,0.0,0.0,-0.0029999725719498673,0.0,0.0,0.0,0.0,-0.00019495128462792392,0.0,0.0,-1.8327230512152117e-05,0.0,0.0,0.0,0.0026399471152574456,0.0,0.0,0.00010964960778159198,0.0006740368204114682
0.0,-3.9151677648102636e-07,0.0,0.0,0.028353873278416458,0.0,0.0,0.2820477186249084,-0.2820477186249084,0.0,0.0,0.0,0.0,-0.12919999105051336,0.0,0.0,0.2532838901599407,0.0,-9.23979908863333e-05,0.0,0.0,0.0,0.0,-1.3311574979367026e-05,0.0,0.0,-0.0026371128241668173,0.0,0.0,0.0,0.0,-0.0007401131618405478,0.0,0.0,-6.957750777594307e-05,0.0,0.0,0.0,0.002448138002682166,0.0,-0.016090578104608365,0.0004162738299708848,0.002558913747625679
0.0,-2.1398081852113217e-07,0.0,0.0,0.02571715005370804,0.0,0.0,0.28480634852030806,-0.28480634852030806,0.0,0.0,0.0,0.0,-0.13440915953856047,0.0,0.0,0.256432154069023,0.0,-5.049949046187008e-05,0.0,0.0,0.002690479295905123,0.0,-7.2753503323462794e-06,0.0,0.0,-0.003488042528004415,0.0,0.0,0.0,0.0,-0.00040450379059702563,0.0,0.0,-3.802711137533655e-05,0.0,0.0,0.0,5.054757523169783e-05,0.0,-0.005473181737558258,0.00022751161691384952,0.0013985568208938713
0.0,-3.472822211353526e-07,0.0,0.0,0.022816225525239833,0.0,0.0,0.28174557509946213,-0.28174557509946213,0.0,0.0,0.0,0.0014555130568215493,-0.13226536387861726,0.0,0.0,0.25752810000622683,0.0,-8.195863225034739e-05,0.0,0.0,0.0,0.0,-1.180759958026575e-05,0.0,0.0,-0.0027499259516482843,0.0,0.0,0.0,0.0,-0.0006564933054610758,0.0,0.0,-6.171646502270066e-05,0.0,0.0,0.0,0.0015375497287101409,0.0,-0.014704805006872228,0.00036924216012443307,0.0022698012022795183
0.0,-5.243412732451394e-07,0.0,0.0,0.01686813729735813,0.0,0.0,0.27595485465307124,-0.27595485465307124,0.006592784107493536,0.0,0.0,0.0,-0.13157436191337907,0.0,0.0,0.2591686466486344,0.0,-0.00012374458285564852,0.0,0.0,0.0,0.0,-1.782760942280516e-05,0.0,0.0,-0.001954358916386478,0.0,0.0,0.0,0.0,-0.0009912011462521976,0.0,0.0,-9.318210919176176e-05,0.0,0.0,0.0,0.00012386241037686953,0.0,-0.026597121179440877,0.0005574973108110022,0.003427041120981347
0.0,-2.0342001087996367e-07,0.0,0.0,0.03876727549169306,0.0,0.0,0.28601872349497814,-0.28601872349497814,0.0,0.0,0.0,0.0,-0.1307004223606088,0.0,0.0,0.24599342710933128,0.0,-4.800713900518021e-05,0.0,0.0,0.0,0.0,-6.916282749031878e-06,0.0,0.0,-0.0039827144190189715,0.0,0.0,0.0,0.0,-0.00038453991368440037,0.001463029197475573,0.0,-3.615032161838664e-05,0.0,0.0,0.0,0.005034051885982785,0.0,0.0,0.00021628301035479434,0.0013295324585104473
0.0,-1.516088232246185e-07,0.0,0.0,0.02957753241108282,0.0,0.0,0.28617895103407326,-0.28617895103407326,0.0,0.0,0.0,0.0,-0.13479419947224383,0.0,0.0,0.2536109069789929,0.0,-3.577969453187631e-05,0.0,0.0,0.0027372124766409174,0.0,-5.154701762788736e-06,0.0,0.0,-0.003994769564258132,0.0,0.0,0.0,0.0,-0.00028659738805633244,0.0005539766523136367,0.0,-2.6942814996648494e-05,0.0,0.0,0.0,0.0008667787418287757,0.0,0.0,0.00016119560972159067,0.0009908998165998862
0.0,-1.9669435618026007e-07,0.0,0.0,0.03403295516511408,0.0,0.0,0.283160505473779,-0.283160505473779,0.0,0.0,0.0,0.0,-0.13653951029781283,0.005524099075196311,0.0,0.24445856130691657,0.0,-4.641988395257852e-05,0.0,0.0,0.0,0.0,-6.687610410581587e-06,0.0,0.0,-0.004196290537886828,0.0,0.0,0.0,0.0,-0.0003718259104429924,0.003875346641584713,0.0,-3.495508728801404e-05,0.0,0.0,0.0,0.0030974345089682643,0.0,0.0,0.00020913206763895144,0.0012855742648730187
0.0,-1.8105815870951397e-07,0.0,0.0,0.033361493475994,0.0,0.0,0.2853975025260371,-0.2853975025260371,0.0,0.0,0.0,0.0015254884174216328,-0.1332280088001758,0.0,0.0,0.2497721654019322,0.0,-4.2729740085987594e-05,0.0,0.0,0.0,0.0,-6.1559795137019656e-06,0.0,0.0,-0.004116954925803875,0.0,0.0,0.0,0.0,-0.00034226764820643687,0.001533291805162149,0.0,-3.217633624473725e-05,0.0,0.0,0.0,0.0038681965517943723,0.0,0.0,0.0001925071355841076,0.0011833776718480423
0.0,-2.275424178728459e-07,0.0,0.0,0.03617519899268291,0.0,0.0,0.28230352858417884,-0.28230352858417884,0.007189264324192395,0.0,0.0,0.0,-0.13332345189839684,0.0,0.0,0.2447211272483905,0.0,-5.3700029004729876e-05,0.0,0.0,0.0,0.0,-7.73644486891519e-06,0.0,0.0,-0.004455001573740873,0.0,0.0,0.0,0.0,-0.0004301402863457538,0.0028855125327878033,0.0,-4.043717996250938e-05,0.0,0.0,0.0,0.004382019960455509,0.0,0.0,0.0002419307663393458,0.001487194052056234
0.0,-2.1409980789967277e-07,0.0,0.0,0.04190249013886042,0.0,0.0,0.2862232586843811,-0.2862232586843811,0.0,0.0,0.0,0.0,-0.13004646715327484,0.0,0.0,0.24409658574682433,0.004399542865257375,-5.0527571964820686e-05,0.0,0.0,0.0,0.0,-7.279395972608309e-06,0.0,0.0,-0.0036418688930199943,0.0,0.0,0.0,0.0,-0.00040472872503270594,0.0,0.0,-3.804825730038496e-05,0.0,0.0,0.0,0.0013387571301469925,0.0,0.0,0.0002276381304307827,0.0013993345233445956
0.0,-1.6692879067771848e-07,0.0,0.0,0.03287129955191842,0.0,0.0,0.28622590514547863,-0.28622590514547863,0.0,0.0,0.0,0.0,-0.13367446677503445,0.0,0.0,0.2512818160270471,0.0021348446438430326,-3.939520808874953e-05,0.0,0.0,0.0020988724985390593,0.0,-5.675580835369898e-06,0.0,0.0,-0.0037884826723600168,0.0,0.0,0.0,0.0,-0.0003155578572676884,0.0,0.0,-2.96653679461692e-05,0.0,0.0,0.0,3.9432719546705616e-05,0.0,0.0,0.00017748431536544776,0.001091029562459743
0.0,-1.976229007691545e-07,0.0,0.0,0.03808725736597538,0.0,0.0,0.2858466834726976,-0.2858466834726976,0.0,0.0,0.0,0.0008282678896030947,-0.13174934991242146,0.0,0.0,0.24696203716056922,0.0041839259884977895,-4.663902055058935e-05,0.0,0.0,0.0,0.0,-6.719180937463855e-06,0.0,0.0,-0.0036568238203759647,0.0,0.0,0.0,0.0,-0.00037358120705575427,0.0,0.0,-3.512010146425138e-05,0.0,0.0,0.0,0.0008749513190486582,0.0,0.0,0.00021011932753568424,0.0012916431376686153
0.0,-2.2126422115471776e-07,0.0,0.0,0.040788872173355945,0.0,0.0,0.28480269082262055,-0.28480269082262055,0.002782056868721388,0.0,0.0,0.0,-0.13128165475143752,0.0,0.0,0.24404839159271385,0.00561179483955604,-5.221837407193717e-05,0.0,0.0,0.0,0.0,-7.522986107071741e-06,0.0,0.0,-0.003630607824157847,0.0,0.0,0.0,0.0,-0.00041827214606968583,0.0,0.0,-3.932146460313032e-05,0.0,0.0,0.0,5.2268095533976964e-05,0.0,0.0,0.00023525557602782033,0.0014461603981813914
0.0,-2.0172174882520138e-07,0.0,0.0,0.040352592107552626,0.0,0.0,0.28581983097533603,-0.28581983097533603,0.0,0.0,0.0,0.0,-0.12700034164242527,-0.0030543474223648118,0.0,0.2461286877626652,0.0,-4.7606349023026956e-05,0.0,0.0,0.0,0.0,-6.858541819307817e-06,0.0,0.0,-0.0037585678161671993,0.0,0.0,0.0,0.0,-0.00038132956313370093,0.0,0.0,-3.584851886453571e-05,0.0,0.0,0.0,0.006061046451844997,0.0,0.0,0.00021447736091063986,0.0013184327908076692
0.0,-1.438239035016712e-07,0.0,0.0,0.028781368496924722,0.0,0.0,0.28615509106249876,-0.28615509106249876,0.0,0.0,0.0,0.0,-0.13425569701512494,-0.0009196786510001466,0.0,0.2546681525450676,0.0,-3.3942452848194376e-05,0.0,0.0,0.003187882096713584,0.0,-4.890014401159449e-06,0.0,0.0,-0.003953871572275377,0.0,0.0,0.0,0.0,-0.0002718809776827795,0.0,0.0,-2.555933580725874e-05,0.0,0.0,0.0,0.0004938140977839227,0.0,0.0,0.00015291842073823634,0.0009400183747310022
0.0,-1.6959480271647044e-07,0.0,0.0,0.03268548773372843,0.0,0.0,0.284802038631395,-0.284802038631395,0.0,0.0,0.0,0.0025060657378566478,-0.1301188900359569,-0.0035905358125901373,0.0,0.25143225256743873,0.0,-4.002438714532412e-05,0.0,0.0,0.0,0.0,-5.7662252758679964e-06,0.0,0.0,-0.004035824476471492,0.0,0.0,0.0,0.0,-0.0003205976172934029,0.0,0.0,-3.0139152173308216e-05,0.0,0.0,0.0,0.004341396141848766,0.0,0.0,0.0001803189092035321,0.0011084543454246397
0.0,-3.075633391203194e-07,0.0,0.0,0.04109655396841951,0.0,0.0,0.27107477439348193,-0.27107477439348193,0.02726878185101469,0.0,0.0,0.0,-0.120080712043897,-0.015601097640681358,0.0,0.23782682658551424,0.0,-7.258497288528506e-05,0.0,0.0,0.0,0.0,-1.045715712721963e-05,0.0,0.0,-0.005046644503150554,0.0,0.0,0.0,0.0,-0.0005814097608499484,0.0,0.0,-5.4657914819331116e-05,0.0,0.0,0.0,0.007873202907422607,0.0,0.0,0.00032701170633093937,0.0020102026375842545
0.0050012459351554414,-2.8556216820591444e-08,0.0,0.0,0.0,0.0,0.0,0.2818153926905027,-0.2818153926905027,0.0,0.0,0.0,0.0,-0.1470772618866835,0.0027059803691024454,0.0,0.2811978647550215,0.0,-6.7392694771664125e-06,0.0,0.0,0.0,0.0,-9.70911705881361e-07,0.0,0.0,-0.00010306374644858816,0.0,0.0,0.0,0.0,-5.398193178655884e-05,0.0,0.0,-5.074802708952384e-06,0.0,0.0,0.0,0.0,0.0,0.0,3.036193200258094e-05,0.0001866405226850665
0.0013608560985505275,-2.6580633742962188e-08,0.0,0.0,0.0,0.0,0.0,0.282085126847785,-0.282085126847785,0.0,0.0,0.0,0.0032943924344059432,-0.14843250081161902,0.0025187745827343812,0.0,0.27821592844443016,0.0,-6.273031711207414e-06,0.0,0.0,0.0,0.0,-9.037418581363949e-07,0.0,0.0,-0.0017431297826937628,0.0,0.0,0.0,0.0,-5.024734076544144e-05,0.0,0.0,-4.723716484292398e-06,0.0,0.0,0.0,0.0,0.0,0.0,2.826142550183268e-05,0.00017372831304143414
0.0005117190053522116,-3.722586421897242e-08,0.0,0.0,0.0,0.0,0.0,0.27925845683148587,-0.27925845683148587,0.0,0.0,0.0,0.0,-0.15367977141644645,0.010736996136897136,0.0,0.2724455461598913,0.0,-8.785306963741778e-06,0.0,0.0,0.0,0.0,-1.2656798188227882e-06,0.0,0.0,-0.001335934165187832,0.0,0.0,0.0,0.0,-7.03708084158835e-05,0.0024031606752056554,0.0,-6.615509252097846e-06,0.0,0.0,0.0,0.0,0.0,0.0,3.957979326374726e-05,0.00024330445446899454
0.05045964039384795,-1.008211043970398e-06,0.0,0.0,0.0,0.0,0.0,0.13058643547751053,-0.13058643547751053,0.2522305371391554,0.0,0.0,0.0,-0.03088649649406994,-0.15669269646381362,0.0,0.2348991491630157,0.0,-0.00023793788784627466,0.0,0.0,0.0,0.0,-3.427918728659706e-05,0.0,0.0,-0.0036387875906413346,0.0,0.0,0.0,0.0,-0.0019058960136071022,0.0,0.0,-0.00017917191794983428,0.0,0.0,0.0,0.0,0.0,0.0,0.0010719639563461741,0.006589564626354953
0.05195224571586752,-1.0147462446387224e-06,0.0,0.0,0.0,0.0,0.0,0.13143289373197076,-0.13143289373197076,0.24738351277588713,0.0,0.0,0.0020754613355531797,-0.038606409588973635,-0.15122639802696156,0.0,0.23110531024379657,0.0,-0.00023948019573208105,0.0,0.0,0.0,0.0,-3.450138418575298e-05,0.0,0.0,-0.004700104795419742,0.0,0.0,0.0,0.0,-0.001918249987486253,0.0,0.0,-0.00018033330617795714,0.0,0.0,0.0,0.0,0.0,0.0,0.001078912401917991,0.006632278031854392
0.05114599867626554,-1.0409068779801017e-06,0.0,0.0,0.0,0.0,0.0,0.13053009475423213,-0.13053009475423213,0.25158231019139643,0.0,0.0,0.0,-0.04393448282757638,-0.14650941921636967,0.0,0.22844764719342892,0.0,-0.00024565410731457643,0.0,0.0,0.0,0.0,-3.539084602532342e-05,0.0,0.0,-0.004829591977948716,0.0,0.0,0.0,0.0,-0.00196770337038357,0.0021456002607789003,0.0,-0.0001849823832522358,0.0,0.0,0.0,0.0,0.0,0.0,0.001106727268839812,0.0068032612650775915
0.048980529169072196,-1.0204453069548215e-06,0.0,0.0,0.0,0.0,0.0,0.1321710529079433,-0.1321710529079433,0.24968362113804402,0.0,0.0,0.0,-0.04421179084890009,-0.14645947853801441,0.0,0.23005050322646975,0.0016317465126300373,-0.00024082517489919751,0.0,0.0,0.0,0.0,-3.469515237115414e-05,0.0,0.0,-0.004498816169985794,0.0,0.0,0.0,0.0,-0.001929023347106256,0.0,0.0,-0.00018134610199268053,0.0,0.0,0.0,0.0,0.0,0.0,0.0010849718370177799,0.006669526522303047
0.04761377022411347,-1.0198479257715376e-06,0.0,0.0,0.0,0.0,0.0,0.13209367835445776,-0.13209367835445776,0.2504992019842217,0.0,0.0,0.0,-0.043935017760593296,-0.14695915161526463,0.0,0.22953949239721613,0.0,-0.00024068419289167067,0.0,0.0,0.0,0.0,-3.4674841403935777e-05,0.0,0.0,-0.0048307037936800475,0.0,0.0,0.0,0.0,-0.0019278940732080643,0.0,0.0,-0.00018123993976305983,0.0,0.0,0.0,0.002299833839814964,0.0,0.0,0.0010843366812133385,0.006665622099774292
0.03656187991731221,-1.0879021686034737e-06,0.0,0.0,0.0,0.0,0.0,0.14090826240775878,-0.14090826240775878,0.23139676364572953,0.0,0.0,0.0,-0.03582693672079507,-0.1474431607848966,0.0,0.2330807694831385,0.0,-0.0002567449996991824,0.0,0.0,0.0,0.019135749984471855,-3.69886864561548e-05,0.0,0.0,-0.003926405026626891,0.0,0.0,0.0,0.0,-0.002056542049143393,0.0,0.0,-0.00019333404375621122,0.0,0.0,0.0,0.0,0.0,0.0,0.0011566942454639512,0.007110417694824194
0.04914155307316805,-1.1862695149645797e-06,0.0,0.0,0.0,0.0,0.0,0.13046465361890341,-0.13046465361890341,0.24768260883211474,0.0,0.0,0.0,-0.03906638305630136,-0.14686420667083966,0.0,0.22865289029483324,0.0,-0.00027995970138905174,0.0,0.0,0.0,0.0,-4.0333177382894656e-05,0.0,0.0,-0.00428142779830129,0.0,0.0,0.0,0.0,-0.0022424931299413584,0.0,0.0,-0.00021081517155833088,0.0,0.0,0.0,0.0,0.0,-0.011592217218955142,0.0012612817228687529,0.007753336645024247
0.046415639955631,-1.0182534993169068e-06,0.0,0.0,0.0,0.0,0.0,0.1318871635889367,-0.1318871635889367,0.2524038107515161,0.0,0.0,0.0,-0.042107509100758694,-0.14829279250541635,0.0,0.23035317841935976,0.0,-0.00024030790811953897,0.0,0.001905389217820137,0.0,0.0,-3.46206308858306e-05,0.0,0.0,-0.004627726954171962,0.0,0.0,0.0,0.0,-0.0019248800107832928,0.0,0.0,-0.00018095658991521335,0.0,0.0,0.0,0.0,0.0,0.0,0.0010826414332782651,0.006655201090971031
0.05420024022703252,-1.015062253007617e-06,0.0,0.0,0.0,0.0,0.0,0.13147382405774113,-0.13147382405774113,0.247149135846889,0.0,0.0,0.0,-0.03789179456471309,-0.15096207621947783,0.0,0.23309767976244639,0.0,-0.00023955477373267545,0.0,0.0,0.0,0.0,-3.45121284739913e-05,0.0,0.0,-0.003663514650094428,0.0,0.0,0.0,0.0,-0.0019188473615124,0.0,0.0,-0.00018038946488191268,0.0,0.0,0.0,0.0,0.0,0.0,0.0010792483926645561,0.006634343430345861
0.049747703152598584,-1.017692180980178e-06,0.0,0.0,0.0,0.0,0.0,0.1318144600005363,-0.1318144600005363,0.2499093051544697,0.0,0.0,0.0,-0.04175855491078771,-0.14876230120183773,0.0,0.2300507952189718,0.0,-0.0002401754369467132,0.0,0.0,0.0011776832427445568,0.0,-3.460154605581688e-05,0.0,0.0,-0.0048506897044275086,0.0,0.0,0.0,0.0,-0.0019238189091550831,0.0,0.0,-0.00018085683651182266,0.0,0.0,0.0,0.0,0.0,0.0,0.001082044620707516,0.0066515323715318295
0.005898966491479156,-4.617334355470654e-08,0.0,0.0,0.0,0.0,0.0,0.2806601640077745,-0.2806601640077745,0.004375375142296984,0.0,0.0,0.0,-0.14593044948595674,0.0,0.0,0.28184935343406214,0.0,-1.0896912809982908e-05,0.0,0.0,0.0,0.0,-1.5698942208836252e-06,0.0,0.0,-0.00016664664660251256,0.0,0.0,0.0,0.0,-8.728489133512226e-05,0.0,0.0,-8.205590062050827e-06,0.0,0.0,0.0,0.0,0.0,0.0,4.909305480300569e-05,0.0003017842674787859
5.576929767274266e-05,-3.5412855838271963e-07,0.0,0.0,0.0,0.0,0.0,0.2727723965630566,-0.2727723965630566,0.015482489649564371,0.0,0.0,0.0,-0.14318917339549575,0.0,0.0,0.2728556144535659,0.0,-8.357436839394948e-05,0.0,0.0,0.0,0.0,-1.204037512674805e-05,0.0,0.0,-0.0012781040353021362,0.0,0.0,0.0,0.0,-0.0006694354438611682,0.0,0.0,-6.293314617579677e-05,0.0,0.0,0.0,0.0,0.0,-0.01807464899882965,0.0003765214165916764,0.0023145481647484896
0.003361535299854534,-1.3091426045460877e-07,0.0,0.0,0.0,0.0,0.0,0.2723389942901859,-0.2723389942901859,0.022428159946736644,0.0,0.0,0.0,-0.15037763603557647,0.0,0.0,0.27236975828347226,0.0,-3.0895776045914116e-05,0.0,0.0,0.0,0.0,-4.451086386573684e-06,0.0,0.0,-0.0021429488056427417,0.0,0.0,0.0,0.0,-0.00024747692322648924,0.003340918503529936,0.0,-2.3265128142481535e-05,0.0,0.0,0.0,0.0,0.0,0.0,0.0001391924532252756,0.0008556422635283468
1.1413985322114567e-05,-7.247748019422336e-08,0.0,0.0,0.0,0.0,0.0,0.277780920320271,-0.277780920320271,0.014266420377099822,0.0,0.0,0.0,-0.14953087574358476,0.0,0.0,0.27594833419005965,0.0,-1.710469118243466e-05,0.0,0.0,0.001849617863090337,0.0,-2.4642351742690862e-06,0.0,0.0,-0.0021112001549219235,0.0,0.0,0.0,0.0,-0.00013700954914605532,0.0,0.0,-1.288016949648828e-05,0.0,0.0,0.0,0.0,0.0,0.0,7.706049926713786e-05,0.00047370542363273153
1.5676264984045774e-05,-9.954246066001474e-08,0.0,0.0,0.0,0.0,0.0,0.2748183948731721,-0.2748183948731721,0.01959387364656033,0.0,0.0,0.0,-0.1507528648812004,0.0,0.0,0.2748417866990956,0.002540313389474112,-2.3492028759367766e-05,0.0,0.0,0.0,0.0,-3.3844448266463847e-06,0.0,0.0,-0.0016294206333318407,0.0,0.0,0.0,0.0,-0.0001881724863967411,0.0,0.0,-1.7689960549990187e-05,0.0,0.0,0.0,0.0,0.0,0.0,0.0001058368985260548,0.0006505993774898795
0.0022005880718836833,-4.298252079714638e-08,0.0,0.0,0.0,0.0,0.0,0.2810094306044529,-0.2810094306044529,0.004073013530550954,0.0,0.0,0.003290728570612902,-0.14736343199473964,0.0,0.0,0.2788257121680876,0.0,-1.0143878381361849e-05,0.0,0.0,0.0,0.0,-1.4614062098080867e-06,0.0,0.0,-0.0018004947654043574,0.0,0.0,0.0,0.0,-8.125304273543634e-05,0.0,0.0,-7.63854029927634e-06,0.0,0.0,0.0,0.0,0.0,0.0,4.570046452376846e-05,0.00028092937514455346
0.006790265221237321,-5.3149860969823765e-08,0.0,0.0,0.005036468286694028,0.0,0.0,0.2827744981751273,-0.2827744981751273,0.0,0.0,0.0,0.0,-0.14279733047945736,0.0,0.0,0.279106898759692,0.0,-1.2543371483693372e-05,0.0,0.0,0.0,0.0,-1.8070958945919633e-06,0.0,0.0,-0.0001918259631234364,0.0,0.0,0.0,0.0,-0.00010047311894862859,0.0,0.0,-9.445405885684748e-06,0.0,0.0,0.0,0.0,0.0,0.0,5.6510723211373796e-05,0.00034738207425618874
0.008627783237539276,-2.361272664162261e-07,0.0,0.0,0.03852970479313143,0.0,0.0,0.28342334175780737,-0.28342334175780737,0.0,0.0,0.0,0.0,-0.12912946561981534,0.0,0.0,0.24559028870810917,0.0,-5.572605395467282e-05,0.0,0.0,0.0,0.0,-8.02832981979482e-06,0.0,0.0,-0.0035446094784580655,0.0,0.0,0.0,0.0,-0.00044636886141850363,0.0053847802444343205,0.0,-4.1962816671237433e-05,0.0,0.0,0.0,0.0,0.0,0.0,0.00025105846660034866,0.00154330374716659
0.00105746528267981,-2.1306358310078586e-07,0.0,0.0,0.041120168968394086,0.0,0.0,0.2858896429019752,-0.2858896429019752,0.0,0.0,0.0,0.0,-0.1302834359319908,0.0,0.0,0.245024324749012,0.005232578524621633,-5.0283022828550444e-05,0.0,0.0,0.0,0.0,-7.244164317326914e-06,0.0,0.0,-0.003385268264119372,0.0,0.0,0.0,0.0,-0.0004027698725432292,0.0,0.0,-3.78641069821018e-05,0.0,0.0,0.0,0.0,0.0,0.0,0.0002265363813062101,0.001392561863671273
0.0022936299741172124,-4.621324487876793e-07,0.0,0.0,0.021092757158119986,0.0,0.0,0.27960926066576003,-0.27960926066576003,0.0,0.0,0.0,0.0,-0.12936633500344777,0.0,0.0,0.25906927198030244,0.0,-0.00010906329525685653,0.0,0.0,0.0,0.0,-1.571250866368381e-05,0.0,0.0,-0.0016679065657315617,0.0,0.0,0.0,0.0,-0.0008736031976344692,0.0,0.0,-8.212681034524867e-05,0.0,0.0,0.0,0.0,0.0,-0.022698804665397542,0.0004913547923533075,0.0030204505846610167
1.9954262039017376e-05,-1.2670724474484378e-07,0.0,0.0,0.02494097219591374,0.0,0.0,0.2860969290608574,-0.2860969290608574,0.0,0.0,0.0,0.0,-0.13670937719455745,0.0,0.0,0.2579521763431257,0.0,-2.990291999845847e-05,0.0,0.0,0.0032335558939823815,0.0,-4.308047803238224e-06,0.0,0.0,-0.0036908616858394175,0.0,0.0,0.0,0.0,-0.00023952408982084861,0.0,0.0,-2.2517487975205394e-05,0.0,0.0,0.0,0.0,0.0,0.0,0.00013471941235588533,0.0008281456376290564
0.0025069082027764076,-4.896565392637888e-08,0.0,0.0,0.004639973814371012,0.0,0.0,0.28300593207736385,-0.28300593207736385,0.0,0.0,0.0,0.0037487954025482947,-0.14467643689242765,0.0,0.0,0.27587826793574677,0.0,-1.1555898283332345e-05,0.0,0.0,0.0,0.0,-1.664832806178148e-06,0.0,0.0,-0.0020511222223360062,0.0,0.0,0.0,0.0,-9.256340245434814e-05,0.0,0.0,-8.701819108336138e-06,0.0,0.0,0.0,0.0,0.0,0.0,5.2061933284614774e-05,0.0003200345234753036
0.0017035119413019847,-5.059469419453895e-07,0.0,0.0,0.022769518215821266,0.0,0.0,0.27930733008696784,-0.27930733008696784,0.0,0.0,0.0,0.0,-0.12790269108385524,0.0,0.0,0.25698147284671335,0.0,-0.00011940351918253959,0.0,0.0,0.0,0.0,-1.7202201943481457e-05,0.0,0.0,-0.001826039761103697,0.0,0.0,0.0,0.0,-0.000956428979346445,0.0,0.0,-8.99132027082521e-05,0.0,0.0,0.0,0.0,0.0,-0.025173894642860153,0.0005379398379263854,0.003306817646359455
3.397025991366438e-05,-2.1570720222628626e-07,0.0,0.0,0.02560191692402448,0.0,0.0,0.2847602001862856,-0.2847602001862856,0.0,0.0,0.0,0.0,-0.13439802325136654,0.0,0.0,0.2565137722585107,0.0,-5.0906917155788196e-05,0.0,0.0,0.0026952007826796702,0.0,-7.334047398512562e-06,0.0,0.0,-0.003473721009538063,0.0,0.0,0.0,0.0,-0.00040776730158640343,0.0,0.0,-3.833391170391824e-05,0.0,0.0,0.0,0.0,0.0,-0.005619249801266901,0.00022934716624433565,0.0014098402888374471
0.0010895511771798938,-4.101566557342054e-07,0.0,0.0,0.01895699473320187,0.0,0.0,0.28009315059340073,-0.28009315059340073,0.0,0.0,0.0,0.0015374375933861074,-0.13178751720105666,0.0,0.0,0.2602075815908261,0.0,-9.679700389629319e-05,0.0,0.0,0.0,0.0,-1.394533109197914e-05,0.0,0.0,-0.0022490367896671483,0.0,0.0,0.0,0.0,-0.0007753495062301604,0.0,0.0,-7.289005125195311e-05,0.0,0.0,0.0,0.0,0.0,-0.019909353202395667,0.00043609237771398955,0.0026807420986448955
8.345356482521884e-05,-5.299204371708953e-07,0.0,0.0,0.016546898447558602,0.0,0.0,0.2758033233393702,-0.2758033233393702,0.006621206720407333,0.0,0.0,0.0,-0.1315347824866566,0.0,0.0,0.25938095272181916,0.0,-0.0001250612659929555,0.0,0.0,0.0,0.0,-1.8017301061532367e-05,0.0,0.0,-0.0019125637656289155,0.0,0.0,0.0,0.0,-0.0010017478530641802,0.0,0.0,-9.417359753848489e-05,0.0,0.0,0.0,0.0,0.0,-0.02704703044259668,0.0005634292659018777,0.0034635059677707815
0.008676563986456812,-2.454266953044764e-07,0.0,0.0,0.04026538106579616,0.0,0.0,0.2834786213774821,-0.2834786213774821,0.0,0.0,0.0,0.0,-0.12840694665483338,0.0,0.0,0.24386457630331823,0.0,-5.792071992374732e-05,0.0,0.0,0.0,0.0,-8.344510510757457e-06,0.0,0.0,-0.0037205833013262447,0.0,0.0,0.0,0.0,-0.0004639482606454172,0.005669601772794781,0.0,-4.361544339032624e-05,0.0,0.0,0.0,0.0,0.0,0.0,0.00026094593276373393,0.001604083866580871
0.0010236639273003576,-1.534711810253645e-07,0.0,0.0,0.02920967332743596,0.0,0.0,0.28589218355978674,-0.28589218355978674,0.0,0.0,0.0,0.0,-0.13476827339270203,0.0,0.0,0.2538015009455238,0.0,-3.62192111233416e-05,0.0,0.0,0.0029170740086252936,0.0,-5.218021949795437e-06,0.0,0.0,-0.003970722330317807,0.0,0.0,0.0,0.0,-0.0002901179409500737,0.000999494795000271,0.0,-2.727377965039245e-05,0.0,0.0,0.0,0.0,0.0,0.0,0.00016317573129252482,0.0010030719973737482
0.004402553611536299,-2.1744526243826477e-07,0.0,0.0,0.03370999067925613,0.0,0.0,0.2810741592935031,-0.2810741592935031,0.0,0.0,0.0,0.0,-0.13692123830083924,0.007085226992207764,0.0,0.2426917821644641,0.0,-5.13170995062604e-05,0.0,0.0,0.0,0.0,-7.393141466047436e-06,0.0,0.0,-0.0041498191350687625,0.0,0.0,0.0,0.0,-0.00041105288554149866,0.006730051967079061,0.0,-3.864278709618346e-05,0.0,0.0,0.0,0.0,0.0,0.0,0.0002311951304303489,0.0014212000732395555
0.005913965723242874,-2.0299708200837738e-07,0.0,0.0,0.03267275263161189,0.0,0.0,0.28344411929662405,-0.28344411929662405,0.0,0.0,0.0,0.0021045971253558773,-0.13248366710116824,0.0,0.0,0.24941600489874613,0.0,-4.790732775731076e-05,0.0,0.0,0.0,0.0,-6.901903162451551e-06,0.0,0.0,-0.004024412196829444,0.0,0.0,0.0,0.0,-0.0003837404199125197,0.004478932343463499,0.0,-3.60751617820293e-05,0.0,0.0,0.0,0.0,0.0,0.0,0.0002158333381267921,0.0013267682385107395
0.007055306952928482,-2.747673933582851e-07,0.0,0.0,0.03662782353481746,0.0,0.0,0.27857194474696384,-0.27857194474696384,0.010445176954111107,0.0,0.0,0.0,-0.13247868385031228,0.0,0.0,0.24200868974895245,0.0,-6.48451270353436e-05,0.0,0.0,0.0,0.0,-9.34209458774316e-06,0.0,0.0,-0.004497695326559648,0.0,0.0,0.0,0.0,-0.0005194131554128717,0.007012035705274964,0.0,-4.8829658386013415e-05,0.0,0.0,0.0,0.0,0.0,0.0,0.00029214195164868747,0.0017958516786517888
0.000741800520989478,-2.2031645099081284e-07,0.0,0.0,0.04280126437133908,0.0,0.0,0.2860563718874611,-0.2860563718874611,0.0,0.0,0.0,0.0,-0.12968963270231582,0.0,0.0,0.2434483013146736,0.00548103236280676,-5.1994700236670315e-05,0.0,0.0,0.0,0.0,-7.49076191041426e-06,0.0,0.0,-0.003535671890789804,0.0,0.0,0.0,0.0,-0.00041648050592846237,0.0,0.0,-3.915303379783608e-05,0.0,0.0,0.0,0.0,0.0,0.0,0.0002342478748518786,0.0014399658689869998
2.6345965113431033e-05,-1.6729381638565514e-07,0.0,0.0,0.032930006736593624,0.0,0.0,0.2862194964928127,-0.2862194964928127,0.0,0.0,0.0,0.0,-0.13365062316924484,0.0,0.0,0.251238513554566,0.0021790318885414497,-3.9481354185318766e-05,0.0,0.0,0.00209028915217714,0.0,-5.687991713708928e-06,0.0,0.0,-0.0037835940220857646,0.0,0.0,0.0,0.0,-0.00031624789240049245,0.0,0.0,-2.9730237654335113e-05,0.0,0.0,0.0,0.0,0.0,0.0,0.0001778724229986541,0.0010934153332833366
0.0005379618472375328,-2.0251332548384835e-07,0.0,0.0,0.03885045335135486,0.0,0.0,0.2857474908967778,-0.2857474908967778,0.0,0.0,0.0,0.0007591041018294995,-0.13142323928546118,0.0,0.0,0.2464385574485614,0.004915084601068204,-4.779316117843159e-05,0.0,0.0,0.0,0.0,-6.885455434959755e-06,0.0,0.0,-0.003567995862711977,0.0,0.0,0.0,0.0,-0.00038282593912283754,0.0,0.0,-3.5989192098559774e-05,0.0,0.0,0.0,0.0,0.0,0.0,0.00021531899188842888,0.0013236064551709623
3.487517038202707e-05,-2.214532785263171e-07,0.0,0.0,0.04082372388559099,0.0,0.0,0.284801911917955,-0.284801911917955,0.0027669963888594484,0.0,0.0,0.0,-0.13126304537940345,0.0,0.0,0.24403022810156794,0.00565146496131694,-5.226299162691154e-05,0.0,0.0,0.0,0.0,-7.529414059917252e-06,0.0,0.0,-0.003624991174190557,0.0,0.0,0.0,0.0,-0.00041862953522251166,0.0,0.0,-3.935506250118409e-05,0.0,0.0,0.0,0.0,0.0,0.0,0.00023545658819610398,0.001447396057893406
0.02703462541683366,-3.398554618640698e-07,0.0,0.0,0.06497318100292153,0.0,0.0,0.2762788856785673,-0.2762788856785673,0.0,0.0,0.0,0.0,-0.08161879264103984,-0.03276855761340874,0.0,0.23644292382846183,0.0,-8.020591646219972e-05,0.0,0.0,0.0,0.0,-1.1555089678181947e-05,0.0,0.0,-0.0012265902507600044,0.0,0.0,0.0,0.0,-0.0006424539523178929,0.0,0.0,-6.039663549817255e-05,0.0,0.0,0.0,0.0,0.0,0.0,0.0003613457794024731,0.002221260660618941
0.024553784573346955,-3.0082150600783715e-07,0.0,0.0,0.056262294346160306,0.0,0.0,0.27700589333568393,-0.27700589333568393,0.0,0.0,0.0,0.0,-0.09097079059528569,-0.027756519404919994,0.0,0.24236948376315942,0.0,-7.09938997259603e-05,0.0,0.0,0.0,0.0,-1.0227934722545647e-05,0.0,0.0,-0.00108571074439797,0.0,0.0,0.0,0.0,-0.000568665174356546,0.0,0.0,-5.34598053793629e-05,0.0,0.0,0.0,0.0,0.0,0.0,0.0003198435621814548,0.001966138703489811
0.023735177276286004,-2.8819518438626216e-07,0.0,0.0,0.05347684048370061,0.0,0.0,0.2772502753392024,-0.2772502753392024,0.0,0.0,0.0,0.0,-0.09393597479179668,-0.02616753280059229,0.0,0.24427963679099188,0.0,-6.801408680298906e-05,0.0,0.0,0.0,0.0,-9.798639639740061e-06,0.0,0.0,-0.0010401404218878126,0.0,0.0,0.0,0.0,-0.0005447967033761909,0.0,0.0,-5.1215947533211917e-05,0.0,0.0,0.0,0.0,0.0,0.0,0.00030641883155535374,0.0018836143522479752
0.021963706654902486,-3.1114874556117937e-07,0.0,0.0,0.05132776111137117,0.0,0.0,0.27736084026758473,-0.27736084026758473,0.0,0.0,0.0,0.0,-0.0963825040240507,-0.024132054308701256,0.0,0.24496837084870562,0.0,-7.34311290950495e-05,0.0,0.0,0.0,0.0,-1.0579060988142244e-05,0.0,0.0,-0.0011229833287016442,0.0,0.0,0.0,0.0,-0.0005881875202125972,0.0,0.0,-5.52950871182069e-05,0.0,0.0,0.0,0.0,0.0,-0.0022886749223027416,0.0003308238312788249,0.0020336364886565004
0.02329178755467185,-2.9059766283388166e-07,0.0,0.0,0.05413638990882751,0.0,0.0,0.2774240037671475,-0.2774240037671475,0.0,0.0,0.0,0.0,-0.09397092372664403,-0.025958170907531726,0.0,0.2435372594085264,0.0,-6.858107191076138e-05,0.0,0.0,0.0,0.0,-9.88032393505748e-06,0.0,0.0,-0.0011556868379589559,0.0,0.0,0.0,0.0,-0.0005493382863349166,0.0,0.0,-5.164289849141404e-05,0.0,0.0,0.0,0.0002137510090899341,0.0,0.0,0.0003089732275988692,0.0018993167065206173
0.02328708801066634,-2.9092043018489796e-07,0.0,0.0,0.05379911222448658,0.0,0.0,0.2774672010639709,-0.2774672010639709,0.0,0.0,0.0,0.0,-0.09475292740730414,-0.025314467652180973,0.0,0.24351224886227307,0.0,-6.865724503168268e-05,0.0,0.0,0.0,0.0,-9.891298028766983e-06,0.0,0.0,-0.0012028251234374842,0.0,0.0,0.0,0.0,-0.0005499484373655995,0.0003056977467475714,0.0,-5.1700258352406474e-05,0.0,0.0,0.0,0.0,0.0,0.0,0.0003093164047229882,0.0019014262810303582
0.02284244037820293,-2.857065066822301e-07,0.0,0.0,0.05324430526195843,0.0,0.0,0.2776072087674849,-0.2776072087674849,0.0,0.0,0.0,0.0,-0.09499707579086061,-0.02540663031921194,0.0,0.24404246169166532,0.0,-6.742675866373801e-05,0.0,0.0,0.00019104844293946465,0.0,-9.714024568696465e-06,0.0,0.0,-0.0012222068470238664,0.0,0.0,0.0,0.0,-0.0005400921715783754,0.0,0.0,-5.077367787146091e-05,0.0,0.0,0.0,0.0,0.0,0.0,0.0003037727855577034,0.001867348608420863
0.022950488603033774,-2.889915845208262e-07,0.0,0.0,0.05404975796993182,0.0,0.0,0.27759129095739227,-0.27759129095739227,0.0,0.0,0.0,0.0,-0.09408927314982568,-0.02581470500717104,0.0,0.243679262577132,0.0,-6.820203729909991e-05,0.0,0.00021256964769581543,0.0,0.0,-9.825717253629592e-06,0.0,0.0,-0.0011492995754151737,0.0,0.0,0.0,0.0,-0.0005463021975391237,0.0,0.0,-5.135747796021796e-05,0.0,0.0,0.0,0.0,0.0,0.0,0.0003072655910152778,0.0018888195423582528
0.0231205947193721,-2.905355605646345e-07,0.0,0.0,0.05410107563719611,0.0,0.0,0.2775071869986235,-0.2775071869986235,0.0,0.0,0.0,0.0,-0.09439012481645681,-0.025620192995730356,0.0,0.24346146916169747,0.0002374503659557061,-6.856641577020081e-05,0.0,0.0,0.0,0.0,-9.878212457176754e-06,0.0,0.0,-0.001167312379820398,0.0,0.0,0.0,0.0,-0.0005492208898155054,0.0,0.0,-5.163186212878282e-05,0.0,0.0,0.0,0.0,0.0,0.0,0.00030890719837350174,0.0018989108124182912
0.023105493929679567,-2.856519333251457e-07,0.0,0.0,0.05300492062287795,0.0,0.0,0.2773249681326076,-0.2773249681326076,0.0,0.0,0.0,0.0004202262908882658,-0.09457780511828326,-0.025936610810332,0.0,0.24422506100556077,0.0,-6.741387934705624e-05,0.0,0.0,0.0,0.0,-9.712169073917328e-06,0.0,0.0,-0.0012410745859505953,0.0,0.0,0.0,0.0,-0.0005399890075192844,0.0,0.0,-5.076397949222151e-05,0.0,0.0,0.0,0.0,0.0,0.0,0.00030371476132545446,0.0018669919225210846
0.024499574066005166,-3.0015734417928925e-07,0.0,0.0,0.0550341634606126,0.0,0.0,0.27639431225865957,-0.27639431225865957,0.0011039134757383404,0.0,0.0,0.0,-0.0918738563077506,-0.027695237813298624,0.0,0.24293828736042997,0.0,-7.083715748075489e-05,0.0,0.0,0.0,0.0,-1.0205353212607267e-05,0.0,0.0,-0.0010833136829549804,0.0,0.0,0.0,0.0,-0.0005674096600582354,0.0,0.0,-5.3341775380225646e-05,0.0,0.0,0.0,0.0,0.0,0.0,0.0003191374029446143,0.0019617978094699047
0.014831882043450284,-3.9669295511154107e-07,0.0,0.0,0.042391269648960325,0.0,0.0,0.27788643504730637,-0.27788643504730637,0.0,0.0,0.0,0.0,-0.10641808156778633,-0.015950085049914055,0.0,0.24811231858679464,0.0,-9.361956946139983e-05,0.0,0.0,0.0,0.0,-1.3487565113342888e-05,0.0,0.0,-0.0014317254417985697,0.0,0.0,0.0,0.0,-0.0007498980757002158,0.0,0.0,-7.049738051332949e-05,0.0,0.0,0.0,0.0,0.0,-0.011149346241825633,0.0004217773175161809,0.002592744723597745
0.021811609795904154,-2.9504543605189824e-07,0.0,0.0,0.05557720436615711,0.0,0.0,0.2779968008090894,-0.2779968008090894,0.0,0.0,0.0,0.0,-0.09449086928735222,-0.02513102798509359,0.0,0.24175472663297662,0.0,-6.963074674961898e-05,0.0,0.0,0.0,0.0,-1.003154827648929e-05,0.0,0.0,-0.0014794874370725436,0.0,0.0,0.0,0.0,-0.0005577462414910744,0.0,0.0,-5.243332432819086e-05,0.0,0.0,0.0,0.0008292468220637006,0.0,0.0,0.0003137022499640077,0.001928386898955795
0.021786920921710296,-2.963208560984296e-07,0.0,0.0,0.054270766018871194,0.0,0.0,0.27816739845786037,-0.27816739845786037,0.0,0.0,0.0,0.0,-0.09753663335788265,-0.022622193814504712,0.0,0.24164968140770984,0.0,-6.993174598366168e-05,0.0,0.0,0.0,0.0,-1.0074912572988123e-05,0.0,0.0,-0.0016643468428479333,0.0,0.0,0.0,0.0,-0.0005601572624741279,0.0011897592622581474,0.0,-5.2659982682406834e-05,0.0,0.0,0.0,0.0,0.0,0.0,0.0003150583195362064,0.001936722914388903
0.020241133989223066,-2.7667033901035526e-07,0.0,0.0,0.052186609866343256,0.0,0.0,0.2786390167576105,-0.2786390167576105,0.0,0.0,0.0,0.0,-0.09825542170209291,-0.02314174921178992,0.0,0.24373507359672783,0.0,-6.529422236300114e-05,0.0,0.0,0.0007069111500978434,0.0,-9.406794762169582e-06,0.0,0.0,-0.0017054566454187325,0.0,0.0,0.0,0.0,-0.0005230104345282729,0.0,0.0,-4.9167836016852505e-05,0.0,0.0,0.0,0.0,0.0,0.0,0.0002941652275908669,0.0018082891374851856
0.02053952230038856,-2.8881839099681897e-07,0.0,0.0,0.05521597179072084,0.0,0.0,0.27862353566650533,-0.27862353566650533,0.0,0.0,0.0,0.0,-0.0949318396682469,-0.024600628174007856,0.0,0.24233461886069993,0.0,-6.816116361343916e-05,0.0,0.0008117452555528949,0.0,0.0,-9.81982867178775e-06,0.0,0.0,-0.0014482622974725061,0.0,0.0,0.0,0.0,-0.0005459747969924207,0.0,0.0,-5.132669926952771e-05,0.0,0.0,0.0,0.0,0.0,0.0,0.0003070814458243293,0.0018876875671372541
0.021149102219605056,-2.9480097328166313e-07,0.0,0.0,0.055439093138569,0.0,0.0,0.2783188370126853,-0.2783188370126853,0.0,0.0,0.0,0.0,-0.09611572853693245,-0.0238213347179934,0.0,0.2414623562056602,0.0009206219350346066,-6.957305351608949e-05,0.0,0.0,0.0,0.0,-1.0023236539442164e-05,0.0,0.0,-0.0015242926900958145,0.0,0.0,0.0,0.0,-0.0005572841154093846,0.0,0.0,-5.2389880186537875e-05,0.0,0.0,0.0,0.0,0.0,0.0,0.0003134423289088597,0.0019267891152052242
0.021215811905365766,-2.764748958237753e-07,0.0,0.0,0.05130205049470825,0.0,0.0,0.27759448873819836,-0.27759448873819836,0.0,0.0,0.0,0.0015541059154152155,-0.096702548177338,-0.025103354590798786,0.0,0.24441059040528573,0.0,-6.524809775517533e-05,0.0,0.0,0.0,0.0,-9.400149691540044e-06,0.0,0.0,-0.0017748930687280016,0.0,0.0,0.0,0.0,-0.0005226409737963982,0.0,0.0,-4.913310327830616e-05,0.0,0.0,0.0,0.0,0.0,0.0,0.0002939574258089085,0.0018070117407373006
0.026778836996203426,-3.3663991548632565e-07,0.0,0.0,0.05962768072544424,0.0,0.0,0.2736648698107092,-0.2736648698107092,0.004730755774980446,0.0,0.0,0.0,-0.08557731126675323,-0.03245851752707391,0.0,0.23893657214873276,0.0,-7.944704725721741e-05,0.0,0.0,0.0,0.0,-1.1445761063730996e-05,0.0,0.0,-0.0012149848529353692,0.0,0.0,0.0,0.0,-0.0006363753668277191,0.0,0.0,-5.982519203382781e-05,0.0,0.0,0.0,0.0,0.0,0.0,0.000357926902137127,0.0022002441772230215
0.00043326425060696405,-1.4196228004804185e-07,0.0,0.0,0.02835467106625762,0.0,0.0,0.2860255955937952,-0.2860255955937952,0.0,0.0,0.0,0.0,-0.13406142611344765,-0.0012327227304948162,0.0,0.25510869084435894,0.0,-3.3503109562707954e-05,0.0,0.0,0.0034174090423317147,0.0,-4.8267191819633025e-06,0.0,0.0,-0.0039297725857260395,0.0,0.0,0.0,0.0,-0.0002683618129797852,0.0,0.0,-2.5228501656331746e-05,0.0,0.0,0.0,0.0,0.0,0.0,0.0001509390799499024,0.0009278509935750497
0.00867651425278058,-1.694721784062232e-07,0.0,0.0,0.02976968330778651,0.0,0.0,0.2802578574260542,-0.2802578574260542,0.0,0.0,0.0,0.006119468016924146,-0.120263729967916,-0.013710539662904727,0.0,0.25558871340024486,0.0,-3.999544779819702e-05,0.0,0.0,0.0,0.0,-5.762056047885429e-06,0.0,0.0,-0.003671384975222982,0.0,0.0,0.0,0.0,-0.0003203658114770818,0.0,0.0,-3.011736027469168e-05,0.0,0.0,0.0,0.0,0.0,0.0,0.0001801885309047196,0.0011076528854307537
8.872614741380109e-05,-5.634007237975108e-07,0.0,0.0,0.024631862266597936,0.0,0.0,0.2791997409155146,-0.2791997409155146,0.0,0.0,0.0,0.0,-0.1257911994093143,0.0,0.0,0.25470027412687507,0.0,-0.00013296261634223677,0.0,0.0,0.0,0.0,-1.915563119840835e-05,0.0,0.0,-0.0020333992318109545,0.0,0.0,0.0,0.0,-0.0010650381187260222,0.0,0.0,-0.00010012347004213998,0.0,0.0,0.0,0.0,0.0,-0.028755857406228016,0.0005990266348520677,0.0036823297088460155
0.0073864915716442435,-2.876653062360679e-07,0.0,0.0,0.04928266391289366,0.0,0.0,0.2844855238807183,-0.2844855238807183,0.0,0.0,0.0,0.0,-0.12418044492307864,0.0,0.0,0.2352704594296331,0.0,-6.788903551672602e-05,0.0,0.0,0.0,0.0,-9.78062377643623e-06,0.0,0.0,-0.004708822570457667,0.0,0.0,0.0,0.0,-0.0005437950354613309,0.007341189119430655,0.0,-5.11217814506067e-05,0.0,0.0,0.0,0.0,0.0,0.0,0.00030585544725039043,0.001880151122663574
3.5763309319997055e-05,-2.270928575576412e-07,0.0,0.0,0.04470081136750639,0.0,0.0,0.2864000836824553,-0.2864000836824553,0.0,0.0,0.0,0.0,-0.1289410293824915,0.0,0.0,0.24175263764826735,0.005795386439943043,-5.3593932734014496e-05,0.0,0.0,0.0,0.0,-7.721159812940365e-06,0.0,0.0,-0.003717306015274612,0.0,0.0,0.0,0.0,-0.0004292904491834366,0.0,0.0,-4.0357287380107036e-05,0.0,0.0,0.0,0.0,0.0,0.0,0.00024145277866306994,0.0014842557716553172
0.0,-7.411254771542597e-07,0.0,0.0,0.15539890314038232,0.0,0.0,0.28241290281744913,-0.28241290281744913,0.0,0.0,0.0,0.0,0.006355799052616817,-0.07072888913330196,0.0,0.16660083507050516,0.0,-0.0001749056724956135,0.0,0.007361928102102349,0.0,0.015006573774449026,-2.5198274891130226e-05,0.0,0.0,-0.006355799052616817,0.0,0.0,0.0,0.0,-0.0014010043838921064,0.0,0.0,-0.00013170741778455817,0.0,0.0,0.0,0.0,0.0,0.0,0.0007879895815370103,0.004843920583049608
0.0,-7.155699431321839e-07,0.0,0.0,0.15354707894616446,0.0,0.0,0.28670132497854706,-0.28670132497854706,0.0,0.0,0.0,0.0,0.0,-0.06770556953884506,0.0,0.17137604574710177,0.0,-0.00016887456440136924,0.0,0.007692515361497851,0.0,0.01273579103677326,-2.4329386435493096e-05,0.0,0.0,-0.006428858858227959,0.0,0.0,0.0,0.0,-0.0013526948650571739,0.0,0.0,-0.00012716587455077665,0.0,0.0,0.0,0.0,0.0,0.0,0.0007608180766019305,0.004676892217305555
0.0,-6.238550291694851e-07,0.0,0.0,0.163387046790076,0.0,0.0,0.28758919966949276,-0.28758919966949276,0.0,0.0,0.0,0.0,0.006846001861899239,-0.06751538090718988,0.0,0.16483833393033198,0.0,-0.0001472298372950789,0.0,0.009188827623760118,0.0,0.0,-2.121107828810308e-05,0.0,0.0,-0.006846001861899239,0.0,0.0,0.0,0.0,-0.0011793193699609723,0.0,0.0,-0.0001108669685453558,0.0,0.0,0.0,0.0,0.0,0.0,0.00066330368949481,0.004077452887244485
0.02824867637346827,-1.2296187384268775e-06,0.0,0.0,0.09759407347366446,0.0,0.0,0.15926380593410147,-0.15926380593410147,0.21002742772354727,0.0,0.0,0.0,0.009986569886370806,-0.1467136146518698,0.0,0.15559786001361478,0.0,-0.000290190121629021,0.0,0.011097376244130345,0.0,0.0,-4.1807051487606694e-05,0.0,0.0,-0.009986569886370806,0.0,0.0,0.0,0.0,-0.0023244393778860326,0.0,0.0,-0.0002185188795823861,0.0,0.0,0.0,0.0,0.0,0.0,0.0013073720780231483,0.008036662751413836
0.004752854162860085,-6.828447536732087e-07,0.0,0.0,0.17083159327771122,0.0,0.0,0.2852649833101806,-0.2852649833101806,0.0,0.0,0.0,0.0,0.007368262663584405,-0.0668952119818323,0.0,0.15566004478133713,0.0,-0.00016115141704466725,0.0,0.009807543382643386,0.0,0.0,-2.3216729611148173e-05,0.0,0.0,-0.007368262663584405,0.0,0.0,0.0,0.0,-0.0012908320155006188,0.0,0.0,-0.00012135019241190055,0.0,0.0,0.0,0.0,0.0,0.0,0.000726023552405416,0.00446300371435839
0.0,-6.155394338585561e-07,0.0,0.0,0.16012844034667953,0.0,0.0,0.29132113528657705,-0.29132113528657705,0.0,0.0,0.0,0.0,0.0,-0.06481417693805254,0.0,0.17020646141223453,0.0,-0.00014526735612975164,0.0,0.009246472967669502,0.0,0.0,-2.0928347950275858e-05,0.0,0.0,-0.006844812280757552,0.0,0.0,0.0,0.0,-0.0011635997842168442,0.0,0.0,-0.0001093891815585297,0.0,0.0,0.0,0.0,0.0,0.0,0.0006544622683437648,0.004023103003819095
0.0,-5.341584617989622e-07,0.0,0.0,0.1336338027070184,0.0,0.0,0.29007280858901113,-0.29007280858901113,0.0,0.0,0.0,0.0,-0.03327453473068389,-0.047371832325781585,0.0,0.18497080481898495,0.0,-0.0001260614401476361,0.0,0.008911310139182185,0.0,0.0,-1.8161393948452755e-05,0.0,0.0,-0.006383514513161318,0.0,0.0,0.0,0.0,-0.0010097593049248866,0.0,0.0,-9.492674838469965e-05,0.0,0.0,0.0,0.0,0.0,0.0,0.0005679352764981358,0.003491205264799659
0.0,-2.4416668860615086e-07,0.0,0.0,0.04716434991191587,0.0,0.0,0.2872646731317466,-0.2872646731317466,0.0,0.0,0.0,0.0,-0.12502626521005986,0.0,0.0,0.23922198531215932,0.0,-5.76233582411267e-05,0.0,0.0025266990908791153,0.0,0.0,-8.301670268277893e-06,0.0,0.0,-0.004464647026895128,0.0,0.0,0.0,0.0,-0.00046156637665612876,0.004640125246155817,0.0,-4.339152418400653e-05,0.0,0.0,0.0,0.0,0.0,0.0,0.0002596062511827421,0.0015958485912207054
0.0,-4.821897047576108e-07,0.0,0.0,0.11952477361248057,0.0,0.0,0.2895432710013135,-0.2895432710013135,0.0,0.0,0.0,0.0,-0.04692928846423236,-0.04091685704528719,0.0,0.19466673568139561,0.0,-0.00011379680928650221,0.0,0.008228933474939111,0.0,0.0,-1.6394455601242537e-05,0.0,0.0,-0.005854763002324317,0.0,0.0,0.0,0.0,-0.0009115189142154434,0.0,0.0,-8.569123968019346e-05,0.0,0.0,0.0,0.0,0.0,0.0,0.0005126803427840038,0.003151542765441659
0.0,-2.2688999912713127e-07,0.0,0.0,0.04468946593512281,0.0,0.0,0.2864158054072144,-0.2864158054072144,0.0,0.0,0.0,0.0,-0.12893661563968858,0.0,0.0,0.24177251086250312,0.00577591696858619,-5.354605812802203e-05,0.0,2.1438817515441743e-05,0.0,0.0,-7.714262623930482e-06,0.0,0.0,-0.003717558541305914,0.0,0.0,0.0,0.0,-0.0004289069708667214,0.0,0.0,-4.0321236858458684e-05,0.0,0.0,0.0,0.0,0.0,0.0,0.00024123709274388855,0.001482929909628869
0.0,-5.601108171570691e-07,0.0,0.0,0.024770293385423338,0.0,0.0,0.2792982672834409,-0.2792982672834409,0.0,0.0,0.0,0.0,-0.12580642611085466,0.0,0.0,0.25464195466099593,0.0,-0.00013218619810924915,0.0,5.2924825438105634e-05,0.0,0.0,-1.9043774334155996e-05,0.0,0.0,-0.0020479878691640244,0.0,0.0,0.0,0.0,-0.0010588189645234808,0.0,0.0,-9.953881181391577e-05,0.0,0.0,0.0,0.0,0.0,-0.028517374812042445,0.0005955286952496516,0.0036608272143519153
0.0,-2.3801916177516917e-07,0.0,0.0,0.04601592081765268,0.0,0.0,0.2871921622444022,-0.2871921622444022,0.0,0.0,0.0,0.0,-0.12559515883478387,0.0,0.0,0.2403590731382569,0.0,-5.617254141225943e-05,0.0,0.002619303695096476,0.0,0.0,-8.09265428412568e-06,0.0,0.0,-0.00433271041291779,0.0,0.0,0.0,0.0,-0.0004499452513463224,0.0043280221398499415,0.0,-4.229903052452684e-05,0.0,0.0,0.0,0.0,0.0,0.0,0.0002530699934985058,0.0015556689824103556
0.0,-1.9057917030794395e-07,0.0,0.0,0.04146494971451229,0.0,0.0,0.28667757986554715,-0.28667757986554715,0.0,0.0,0.0,0.0,-0.12055092798727014,-0.006545764236263976,0.0,0.24917887094547272,0.0,-4.4976699592569664e-05,0.0,0.004214987065049599,0.0,0.0,-6.47969401940225e-06,0.0,0.0,-0.002795322855659678,0.0,0.0,0.0,0.0,-0.0003602659216428142,0.0,0.0,-3.386834102797726e-05,0.0,0.0,0.0,0.0,0.0,0.0,0.00020263019595178442,0.0012456060332723114
0.0,-2.0638527795228836e-07,0.0,0.0,0.040650746546971706,0.0,0.0,0.2863524069949552,-0.2863524069949552,0.0,0.0,0.0,0.0,-0.1301946549111365,0.0,0.0,0.24574365919310304,0.0046076236449848025,-4.87069422738595e-05,0.0,0.0006658079293724025,0.0,0.0,-7.017101864171409e-06,0.0,0.0,-0.0033815917660673035,0.0,0.0,0.0,0.0,-0.00039014537766560034,0.0,0.0,-3.6677287268841766e-05,0.0,0.0,0.0,0.0,0.0,0.0,0.00021943578222878064,0.0013489131418746535
0.0,-3.9280448870245104e-07,0.0,0.0,0.024751882805941355,0.0,0.0,0.28191765369898575,-0.28191765369898575,0.0,0.0,0.0,0.0,-0.12940583380813564,0.0,0.0,0.25724570535235525,0.0,-9.270189107464409e-05,0.0,0.001267204453079374,0.0,0.0,-1.3355357209955995e-05,0.0,0.0,-0.002051293599379538,0.0,0.0,0.0,0.0,-0.0007425474196322712,0.0,0.0,-6.980635060588421e-05,0.0,0.0,0.0,0.0,0.0,-0.017538995687667085,0.00041764296899764815,0.002567330103461069
0.0,-1.9463867156260312e-07,0.0,0.0,0.03782585145007032,0.0,0.0,0.2867542769711511,-0.2867542769711511,0.0,0.0,0.0,0.0,-0.12934517388715583,0.0,0.0,0.24845681309971882,0.0,-4.5934742216700316e-05,0.0,0.002928406326759559,0.0,0.0,-6.617717109538845e-06,0.0,0.0,-0.0034447357703086194,0.0,0.0,0.0,0.0,-0.0003679398975477192,0.0025561038479282087,0.0,-3.458976600151524e-05,0.0,0.0,0.0,0.0,0.0,0.0,0.0002069463944816078,0.0012721385197277276
0.0,-1.0156217522827799e-07,0.0,0.0,0.020004228426207277,0.0,0.0,0.28602830513450433,-0.28602830513450433,0.0,0.0,0.0,0.0,-0.13662593376917895,0.0,0.0,0.2660447442866899,0.0,-2.3968681560682466e-05,0.0,0.0025950551653835243,0.0,0.0,-3.45311514558905e-06,0.0,0.0,-0.0016640809795320068,0.0,0.0,0.0,0.0,-0.00019199050244337958,0.0,0.0,-1.804888950149409e-05,0.0,0.0,0.0,0.0,0.0,0.0,0.000107984327114775,0.0006638000260584068
0.0,-1.2680694009794033e-07,0.0,0.0,0.024976572134714325,0.0,0.0,0.28610635925662325,-0.28610635925662325,0.0,0.0,0.0,0.0,-0.13669113162767263,0.0,0.0,0.25792747980513325,0.0,-2.9926448109845218e-05,0.0,1.1981977429194715e-05,0.003228112124218363,0.0,-4.311437446409501e-06,0.0,0.0,-0.0036917687205407384,0.0,0.0,0.0,0.0,-0.00023971255133114274,0.0,0.0,-2.2535205106684783e-05,0.0,0.0,0.0,0.0,0.0,0.0,0.00013482541181480205,0.0008287972362959287
0.0,-7.290949466841145e-08,0.0,0.0,0.01188591008331821,0.0,0.0,0.28452558075172324,-0.28452558075172324,0.0,0.0,0.0,0.0030934167000632477,-0.14138891336934623,0.0,0.0,0.27017977415773514,0.0,-1.7206646633252305e-05,0.0,0.0012442558922310045,0.0,0.0,-2.478923671444137e-06,0.0,0.0,-0.002431977794175723,0.0,0.0,0.0,0.0,-0.00013782621810549573,0.0,0.0,-1.2956943959915643e-05,0.0,0.0,0.0,0.0,0.0,0.0,7.751983161399029e-05,0.0004765290262050385
0.0,-4.4731106225769213e-07,0.0,0.0,0.02540198465655651,0.0,0.0,0.2811256294555301,-0.2811256294555301,0.0,0.0,0.0,0.0,-0.12810283175554052,0.0,0.0,0.2558146711719752,0.0,-0.00010556544683812613,0.0,0.0009789560670465647,0.0,0.0,-1.5208581348319674e-05,0.0,0.0,-0.002103891952349263,0.0,0.0,0.0,0.0,-0.0008455852328714667,0.0,0.0,-7.949286156325972e-05,0.0,0.0,0.0,0.0,0.0,-0.02090093034414111,0.0004755961947479361,0.0029235795128991753
0.0,-2.148997998787516e-07,0.0,0.0,0.025654997401208347,0.0,0.0,0.28479084586001674,-0.28479084586001674,0.0,0.0,0.0,0.0,-0.134392458721194,0.0,0.0,0.2564876987428485,0.0,-5.071637013652725e-05,0.0,2.0305864566220895e-05,0.002691881139106497,0.0,-7.306595709253351e-06,0.0,0.0,-0.003477640259902125,0.0,0.0,0.0,0.0,-0.0004062410091253693,0.0,0.0,-3.819042604381746e-05,0.0,0.0,0.0,0.0,0.0,-0.005557604952080511,0.00022848870886083185,0.0014045631893845406
0.0,-3.778163804486365e-07,0.0,0.0,0.020849552766563518,0.0,0.0,0.2812174117037837,-0.2812174117037837,0.0,0.0,0.0,0.001478940402034155,-0.13171494706845654,0.0,0.0,0.2592615910427279,0.0,-8.916469631561837e-05,0.0,0.0006272759997926577,0.0,0.0,-1.2845761354031821e-05,0.0,0.0,-0.0024167052026914278,0.0,0.0,0.0,0.0,-0.0007142142884458055,0.0,0.0,-6.714277325436043e-05,0.0,0.0,0.0,0.0,0.0,-0.017461342311674028,0.0004017071072373643,0.002469369355504598
0.0,-5.269914149775651e-07,0.0,0.0,0.016704415874700018,0.0,0.0,0.2759055282375099,-0.2759055282375099,0.006601207871061484,0.0,0.0,0.0,-0.13152978498011283,0.0,0.0,0.2593083534331878,0.0,-0.00012437001651864773,0.0,4.979537582693499e-05,0.0,0.0,-1.7917714272702557e-05,0.0,0.0,-0.0019268901652456088,0.0,0.0,0.0,0.0,-0.0009962109054623659,0.0,0.0,-9.36530730637381e-05,0.0,0.0,0.0,0.0,0.0,-0.026831139916066792,0.0005603150308046076,0.0034443621772416
0.0,-2.0210337702712182e-07,0.0,0.0,0.039251864866928325,0.0,0.0,0.28681530690482987,-0.28681530690482987,0.0,0.0,0.0,0.0,-0.12875120004043647,0.0,0.0,0.2470490738235423,0.0,-4.7696413309517936e-05,0.0,0.0029420406110541248,0.0,0.0,-6.871517182636472e-06,0.0,0.0,-0.00358918126599864,0.0,0.0,0.0,0.0,-0.0003820509831906127,0.002777478031558841,0.0,-3.591633904691792e-05,0.0,0.0,0.0,0.0,0.0,0.0,0.00021488312087491568,0.001320927073839812
0.0,-1.5062461514679332e-07,0.0,0.0,0.029518007068230816,0.0,0.0,0.28630841943413454,-0.28630841943413454,0.0,0.0,0.0,0.0,-0.13454845114928682,0.0,0.0,0.25388555685332587,0.0,-3.554742134597988e-05,0.0,0.0004636971351156649,0.002785685598343886,0.0,-5.121238676631805e-06,0.0,0.0,-0.0039357152554877865,0.0,0.0,0.0,0.0,-0.0002847368666275055,0.0007491077125222527,0.0,-2.676790871088593e-05,0.0,0.0,0.0,0.0,0.0,0.0,0.00016014916652769493,0.0009844671329138702
0.0,-1.9599872852609788e-07,0.0,0.0,0.03410549950294893,0.0,0.0,0.28344511573671416,-0.28344511573671416,0.0,0.0,0.0,0.0,-0.1357351174317815,0.0058903726099299005,0.0,0.24488004454961143,0.0,-4.6255715769985515e-05,0.0,0.0017361450828971743,0.0,0.0,-6.6639590622043094e-06,0.0,0.0,-0.003988544961820223,0.0,0.0,0.0,0.0,-0.0003705109139638807,0.004826166168346216,0.0,-3.483146541170097e-05,0.0,0.0,0.0,0.0,0.0,0.0,0.00020839245287599173,0.0012810277134238997
0.0,-1.7885840046479005e-07,0.0,0.0,0.03339707715814488,0.0,0.0,0.28594723699329677,-0.28594723699329677,0.0,0.0,0.0,0.0016539237953637894,-0.13192779422564646,0.0,0.0,0.2507547283571118,0.0,-4.2210596962479616e-05,0.0,0.0022045384993819002,0.0,0.0,-6.081187707653925e-06,0.0,0.0,-0.0038464823105930114,0.0,0.0,0.0,0.0,-0.00033810928226252863,0.0025434477759362323,0.0,-3.1785411243379385e-05,0.0,0.0,0.0,0.0,0.0,0.0,0.00019016827849151598,0.0011690002761602493
0.0,-2.2950592652014198e-07,0.0,0.0,0.03648736195862046,0.0,0.0,0.28263489920123175,-0.28263489920123175,0.007882706665974676,0.0,0.0,0.0,-0.13184307326126019,0.0,0.0,0.24535959662566834,0.0,-5.416341720415456e-05,0.0,0.00252561901696211,0.0,0.0,-7.803204185887612e-06,0.0,0.0,-0.004177742288662666,0.0,0.0,0.0,0.0,-0.00043385205217687136,0.004173221701134371,0.0,-4.0786120407420293e-05,0.0,0.0,0.0,0.0,0.0,0.0,0.00024401843489888327,0.0015000273444538367
0.0,-2.1542646499342137e-07,0.0,0.0,0.04243154703109261,0.0,0.0,0.2863803613815795,-0.2863803613815795,0.0,0.0,0.0,0.0,-0.12963994518056937,0.0,0.0,0.24399265294830283,0.005032978076135904,-5.084066314614689e-05,0.0,0.00047146843148316897,0.0,0.0,-7.324502329311773e-06,0.0,0.0,-0.0035297302571317564,0.0,0.0,0.0,0.0,-0.00040723660320119115,0.0,0.0,-3.828402112916888e-05,0.0,0.0,0.0,0.0,0.0,0.0,0.00022904867695815363,0.001408005418896227
0.0,-1.6707900573203245e-07,0.0,0.0,0.0329087732551496,0.0,0.0,0.2862308761909347,-0.2862308761909347,0.0,0.0,0.0,0.0,-0.1336526715582306,0.0,0.0,0.25126323539927836,0.0021604466597198624,-3.9430658853705866e-05,0.0,1.5787281626914863e-05,0.002092867580725907,0.0,-5.680688148973423e-06,0.0,0.0,-0.003783998192591132,0.0,0.0,0.0,0.0,-0.00031584181991113787,0.0,0.0,-2.9692063070714138e-05,0.0,0.0,0.0,0.0,0.0,0.0,0.00017764402907309674,0.0010920113527447958
0.0,-1.9892829507544721e-07,0.0,0.0,0.03855902471726958,0.0,0.0,0.2859733767083284,-0.2859733767083284,0.0,0.0,0.0,0.0007786933227868541,-0.13140861289261518,0.0,0.0,0.24683187860574204,0.004596882553987501,-4.6947093712357816e-05,0.0,0.0003302740474945183,0.0,0.0,-6.76356435914514e-06,0.0,0.0,-0.003570887551293724,0.0,0.0,0.0,0.0,-0.0003760488906021981,0.0,0.0,-3.5352086625431705e-05,0.0,0.0,0.0,0.0,0.0,0.0,0.00021150726675092497,0.001300175061808542
0.0,-2.212572823366553e-07,0.0,0.0,0.04080849962203543,0.0,0.0,0.28481466602873007,-0.28481466602873007,0.0027715163324863283,0.0,0.0,0.0,-0.13126185783838204,0.0,0.0,0.24405119155722335,0.00563252543694305,-5.221673651031374e-05,0.0,2.09065825652379e-05,0.0,0.0,-7.522750187176463e-06,0.0,0.0,-0.003625267323113181,0.0,0.0,0.0,0.0,-0.00041825902910795106,0.0,0.0,-3.932023148696085e-05,0.0,0.0,0.0,0.0,0.0,0.0,0.0002352481984426341,0.0014461150467737407
0.0,-1.975313846813237e-07,0.0,0.0,0.043166742144554196,0.0,0.0,0.2867307370055127,-0.2867307370055127,0.0,0.0,0.0,0.0,-0.11922598546330676,-0.007099842834146388,0.0,0.24786409756755387,0.0,-4.6617422746466256e-05,0.0,0.004337217974615616,0.0,0.0,-6.716069389407276e-06,0.0,0.0,-0.002881529913575408,0.0,0.0,0.0,0.0,-0.000373408207416422,0.0,0.0,-3.5103837892176885e-05,0.0,0.0,0.0,0.0,0.0,0.0,0.00021002202454722054,0.001291044997845888
0.0,-1.4198037270091807e-07,0.0,0.0,0.02861317858643164,0.0,0.0,0.2862149849531177,-0.2862149849531177,0.0,0.0,0.0,0.0,-0.1340402777561862,-0.0010799435540849048,0.0,0.25498826737372626,0.0,-3.350737943024873e-05,0.0,0.00022940442465549103,0.0032903976779426465,0.0,-4.827334332372698e-06,0.0,0.0,-0.00391752873281132,0.0,0.0,0.0,0.0,-0.000268396014861622,0.0,0.0,-2.5231716950724743e-05,0.0,0.0,0.0,0.0,0.0,0.0,0.00015095831666812125,0.0009279692453102426
0.0,-1.5769042821562893e-07,0.0,0.0,0.03218526530706606,0.0,0.0,0.28499421997372243,-0.28499421997372243,0.0,0.0,0.0,0.0034514519125224768,-0.12603127523473245,-0.006478129915508319,0.0,0.2539667605846137,0.0,-3.721495380118349e-05,0.0,0.00269110690381365,0.0,0.0,-5.361476403610932e-06,0.0,0.0,-0.003640408239661796,0.0,0.0,0.0,0.0,-0.000298093896429276,0.0,0.0,-2.8023593507228484e-05,0.0,0.0,0.0,0.0,0.0,0.0,0.00016766177708415488,0.0010306485669829485
0.0,-4.1259683350187705e-07,0.0,0.0,0.048089830921003204,0.0,0.0,0.2580281768716822,-0.2580281768716822,0.054184320996712124,0.0,0.0,0.0,-0.09947733000819359,-0.03501146019328817,0.0,0.2310291842049368,0.0,-9.737288604664412e-05,0.0,0.007041278279809406,0.0,0.0,-1.4028297164619247e-05,0.0,0.0,-0.005009764107006948,0.0,0.0,0.0,0.0,-0.0007799623550059318,0.0,0.0,-7.332370185852702e-05,0.0,0.0,0.0,0.0,0.0,0.0,0.000438686856944965,0.0026966908518310777
0.003938714205675741,-6.638988089624132e-07,0.0,0.0,0.16609176639365555,0.0,0.0,0.2896309762188187,-0.2896309762188187,0.0,0.0,0.0,0.0,0.0,-0.06412947131739336,0.0,0.16293973674467235,0.0,-0.000156680172561978,0.0,0.009762850140533652,0.0,0.0,-2.2572567269397488e-05,0.0,0.0,-0.007277537235414782,0.0,0.0,0.0,0.0,-0.0012550170929065097,0.0,0.0,-0.00011798325721365407,0.0,0.0,0.0,0.0,0.0,0.0,0.0007058795855540704,0.004339174950702434
0.0,-5.881529942380175e-07,0.0,0.0,0.15613683092122801,0.0,0.0,0.2863568410682695,-0.2863568410682695,0.0,0.0,0.0,0.0,0.00711050371050991,-0.07047697340775183,0.0,0.17063077354596626,0.0,-0.00013880415416632242,0.0,0.0,0.0,0.0,-1.9997208682877505e-05,0.0,0.0,-0.00711050371050991,0.0,0.0,0.0,0.0,-0.0011118291689157797,0.0,0.0,-0.00010452226312714094,0.0,0.0,0.0,0.009975539511039895,0.0,0.0,0.0006253440828790853,0.0038441080256896897
0.036399345045934235,-1.2612634864044387e-06,0.0,0.0,0.11000393377975135,0.0,0.0,0.1633625260033643,-0.1633625260033643,0.1921717151810142,0.0,0.0,0.0,0.011233402039092054,-0.142570761252011,0.0,0.14376505725741218,0.0,-0.0002976582847088034,0.0,0.0,0.0,0.0,-4.2882973288947166e-05,0.0,0.0,-0.011233402039092054,0.0,0.0,0.0,0.0,-0.0023842597888830445,0.0,0.0,-0.00022414255353645288,0.0,0.0,0.0,0.013362619095675135,0.0,0.0,0.0013410178404282267,0.008243489598957252
0.013811042241828017,-7.525823247385235e-07,0.0,0.0,0.1763509247349533,0.0,0.0,0.2793619122124396,-0.2793619122124396,0.0,0.0,0.0,0.0,0.008679863522186642,-0.06925432713678559,0.0,0.14509346870478798,0.0,-0.00017760948945127903,0.0,0.0,0.0,0.0,-2.5587807842989566e-05,0.0,0.0,-0.008679863522186642,0.0,0.0,0.0,0.0,-0.0014226621114779526,0.0,0.0,-0.00013374344522901825,0.0,0.0,0.0,0.011927358016931941,0.0,0.0,0.0008001708879580528,0.004918801371176565
0.0,-5.792813404397461e-07,0.0,0.0,0.15270425217744843,0.0,0.0,0.29022587157379487,-0.29022587157379487,0.0,0.0,0.0,0.0,0.0,-0.06769002746662275,0.0,0.17624540700948282,0.0,-0.00013671044315304967,0.0,0.0,0.0,0.0,-1.9695572349977227e-05,0.0,0.0,-0.007110991727154869,0.0,0.0,0.0,0.0,-0.0010950584246263292,0.0,0.0,-0.00010294565747901845,0.0,0.0,0.0,0.010040553850481443,0.0,0.0,0.0006159114416064038,0.0037861238006646042
0.036399345045934235,-1.2612634864044387e-06,0.0,0.0,0.09877053174065929,0.0,0.0,0.1633625260033643,-0.1633625260033643,0.20340511722010626,0.0,0.0,0.0,0.0,-0.142570761252011,0.0,0.15499845929650424,0.0,-0.0002976582847088034,0.0,0.0,0.0,0.0,-4.2882973288947166e-05,0.0,0.0,-0.011233402039092054,0.0,0.0,0.0,0.0,-0.0023842597888830445,0.0,0.0,-0.00022414255353645288,0.0,0.0,0.0,0.013362619095675135,0.0,0.0,0.0013410178404282267,0.008243489598957252
0.012804170345070217,-7.299079002572644e-07,0.0,0.0,0.17074229712627614,0.0,0.0,0.28453257611879734,-0.28453257611879734,0.0,0.0,0.0,0.0,0.0,-0.0659862526062947,0.0,0.1537187222800935,0.0,-0.00017225832344147776,0.0,0.0,0.0,0.0,-2.4816877145436424e-05,0.0,0.0,-0.008566039735058498,0.0,0.0,0.0,0.0,-0.0013797989674089457,0.0,0.0,-0.00012971391178261102,0.0,0.0,0.0,0.011863381362411704,0.0,0.0,0.0007760626757735444,0.00477060364374813
0.0,-9.62701619317722e-07,0.0,0.0,0.12028727041232389,0.0,0.0,0.2820878487117835,-0.2820878487117835,0.0,0.0,0.0,0.0,0.0,-0.06521552420124954,0.0,0.20112579952604173,0.0,-0.00022719765995081942,0.0,0.0,0.0,0.0,-3.273186631614738e-05,0.0,0.0,-0.00347453712872292,0.0,0.0,0.0,0.0,-0.0018198661773483013,0.0,0.0,-0.0001710843147157907,0.0,0.0,0.0,0.0,0.0,-0.03615363212049895,0.0010235768024923495,0.006292119665153114
0.0,-9.658337227723376e-07,0.0,0.0,0.12207295581337381,0.0,0.0,0.2802169348768433,-0.2802169348768433,0.0,0.0,0.0,0.0,0.003485841368297977,-0.06658964689799042,0.0,0.198294311281149,0.0,-0.00022793683661920066,0.0,0.0,0.0,0.0,-3.283835787023604e-05,0.0,0.0,-0.003485841368297977,0.0,0.0,0.0,0.0,-0.0018257870245003505,0.0,0.0,-0.00017164092931204702,0.0,0.0,0.0,0.0,0.0,-0.036038866800641625,0.0010269069604299905,0.006312590774107981
0.0,-3.003401014492099e-07,0.0,0.0,0.10520124013443624,0.0,0.0,0.29102811003595663,-0.29102811003595663,0.0,0.0,0.0,0.0,0.0,-0.07674108297560128,0.0,0.23193263793860486,0.0,-7.0880288211224e-05,0.0,0.0,0.0,0.0,-1.0211566961922019e-05,0.0,0.0,-0.0010839732818453752,0.0,0.0,0.0,0.0,-0.0005677551396622158,0.0,0.0,-5.337425367013011e-05,0.0,0.0,0.0,0.0,0.0,0.0,0.00031933171663249424,0.001962992292359455
0.0,-3.019767752296437e-07,0.0,0.0,0.10577452392360173,0.0,0.0,0.29043427846219116,-0.29043427846219116,0.0,0.0,0.0,0.0,0.001089880287405161,-0.07715927594344744,0.0,0.23101677141427038,0.0,-7.126654335565904e-05,0.0,0.0,0.0,0.0,-1.0267213889598602e-05,0.0,0.0,-0.001089880287405161,0.0,0.0,0.0,0.0,-0.0005708490653361699,0.0,0.0,-5.36651114047803e-05,0.0,0.0,0.0,0.0,0.0,0.0,0.00032107188334799927,0.0019736894253783092
0.0438042781607416,-1.9067286742078974e-06,0.0,0.0,0.06529421547521291,0.0,0.0,0.1437150777363505,-0.1437150777363505,0.2052241987474581,0.0,0.0,0.0,0.006881674903207478,-0.14146224602120258,0.0,0.17244707870343506,0.0,-0.00044998812118772534,0.0,0.0,0.0,0.0,-6.482879722334848e-05,0.0,0.0,-0.006881674903207478,0.0,0.0,0.0,0.0,-0.0036044304423527864,0.0,0.0,-0.00033884992195920067,0.0,0.0,0.0,0.0,0.0,-0.051624991142118604,0.002027298178795396,0.012462184280522462
0.01901323942601826,-1.2939305397657059e-06,0.0,0.0,0.14072564357776132,0.0,0.0,0.26893338666729355,-0.26893338666729355,0.0,0.0,0.0,0.0,0.004669992874418002,-0.06385937787244311,0.0,0.17058932843180272,0.0,-0.0003053677119417486,0.0,0.0,0.0,0.0,-4.3993653485290075e-05,0.0,0.0,-0.004669992874418002,0.0,0.0,0.0,0.0,-0.002446012739468019,0.0,0.0,-0.00022994790415179454,0.0,0.0,0.0,0.0,0.0,-0.0457462869863031,0.001375750552366605,0.008456998130295037
0.05378190993942481,-1.0745917954135948e-06,0.0,0.0,0.03679843345660038,0.0,0.0,0.13918426404438364,-0.13918426404438364,0.2320389963488784,0.0,0.0,0.0,0.0038783658575662133,-0.167009364783541,0.0,0.21356650744521952,0.0,-0.0002536037505508162,0.0,0.0,0.0,0.0,-3.653613361202652e-05,0.0,0.0,-0.0038783658575662133,0.0,0.0,0.0,0.0,-0.0020313804648164533,0.0,0.0,-0.00019096862125134856,0.0,0.0,0.0,0.0,0.0,0.0,0.0011425422081594626,0.007023422452250572
0.050384214528562475,-1.205080928697845e-06,0.0,0.0,0.08928579983780732,0.0,0.0,0.15608559723850834,-0.15608559723850834,0.19811598615106044,0.0,0.0,0.0,0.010005645534797575,-0.15058330359227468,0.0,0.16181552811098515,0.0,-0.00028439919655017296,0.0,0.0,0.005656324472219528,0.0,-4.0972765669835904e-05,0.0,0.0,-0.010005645534797575,0.0,0.0,0.0,0.0,-0.002278053738664067,0.0,0.0,-0.0002141581988918382,0.0,0.0,0.0,0.0,0.0,0.0,0.0012812826518514035,0.007876286127922485
0.04772755024977867,-1.8241651158756375e-06,0.0,0.0,0.0666573349589132,0.0,0.0,0.14494171002109252,-0.14494171002109252,0.20285620722047393,0.0,0.0,0.0,0.006583690415440411,-0.14232082468411178,0.0,0.17359359169951677,0.0,-0.0004305031147497009,0.0,0.0,0.0,0.0,-6.20216352744237e-05,0.0,0.0,-0.006583690415440411,0.0,0.0,0.0,0.0,-0.003448354432636618,0.0,0.0,-0.00032417732817278667,0.0,0.0,0.0,0.0,0.0,-0.045664738538661834,0.001939513821374227,0.011922557278154269
0.058609939721106195,-1.3710387903037301e-06,0.0,0.0,0.1080170901082474,0.0,0.0,0.15441391449099148,-0.15441391449099148,0.19708429465928307,0.0,0.0,0.0,0.010740045598453096,-0.14043152879579668,0.0,0.14034002871083479,0.0,-0.00032356526529951315,0.0,0.0,0.0,0.0,-4.66153349054079e-05,0.0,0.0,-0.010740045598453096,0.0,0.0,0.0,0.0,-0.0025917761767915173,0.011583514550019951,0.0,-0.0002436510204003999,0.0,0.0,0.0,0.0,0.0,0.0,0.001457734642709598,0.008960969796925976
0.046666864286093575,-1.2728996569645407e-06,0.0,0.0,0.11127085462860888,0.0,0.0,0.16486967675829756,-0.16486967675829756,0.18575229546510574,0.0,0.0,0.0,0.00921962257747044,-0.13939921193435026,0.0,0.14683075316361557,0.009251066740124436,-0.0003004044219012571,0.0,0.0,0.0,0.0,-4.3278603224082286e-05,0.0,0.0,-0.00921962257747044,0.0,0.0,0.0,0.0,-0.002406256503972392,0.0,0.0,-0.00022621044895310542,0.0,0.0,0.0,0.0,0.0,0.0,0.0013533898090799528,0.00831954242377766
0.03968857883577076,-1.2557269753165e-06,0.0,0.0,0.10738893654636734,0.0,0.0,0.1626454209366429,-0.1626454209366429,0.19157898513072855,0.0,0.0,0.0,0.010682416470436875,-0.14307369318186205,0.0,0.1468338300595545,0.0,-0.0002963516676446679,0.0,0.0,0.0,0.0,-4.269473184720459e-05,0.0,0.0,-0.010682416470436875,0.0,0.0,0.0,0.0,-0.002373793711889641,0.0,0.0,-0.00022315864514117284,0.0,0.0,0.0,0.012300612186018745,0.0,0.0,0.001335131235271821,0.008207303526768605
0.008255333707493043,-1.3450710403590476e-06,0.0,0.0,0.049150622441164686,0.0,0.0,0.17421752486741446,-0.17421752486741446,0.1630471573271655,0.0,0.0,0.0,0.0048545667491549874,-0.14534780775261674,0.0,0.20207864299203693,0.0,-0.0003174368742142243,0.0,0.0,0.0,0.060608642447363095,-4.573243110358104e-05,0.0,0.0,-0.0048545667491549874,0.0,0.0,0.0,0.0,-0.0025426874156656578,0.0,0.0,-0.00023903622115746773,0.0,0.0,0.0,0.0,0.0,0.0,0.001430124855914873,0.00879124722992488
0.032094582558614596,-1.2266671472895658e-06,0.0,0.0,0.0960030531158825,0.0,0.0,0.15888150723988098,-0.15888150723988098,0.208062155309409,0.0,0.0,0.0,0.00954513511313653,-0.1468832702011819,0.0,0.15767695560442016,0.0,-0.0002894935458821099,0.0,0.010235812183784622,0.0,0.0,-4.1706697354417555e-05,0.0,0.0,-0.00954513511313653,0.0,0.0,0.0,0.0,-0.0023188597665377507,0.0,0.0,-0.0002179943443194185,0.0,0.0,0.0,0.0,0.0,0.0,0.0013042338468641154,0.008017371452567021
0.05759687083149185,-1.147852793411778e-06,0.0,0.0,0.0684405599455217,0.0,0.0,0.1486732422154943,-0.1486732422154943,0.1992038951690742,0.0,0.0,0.009612227058632515,0.008948889514095495,-0.15887419520565937,0.0,0.17962037629137328,0.0,-0.0002708933519982981,0.0,0.0,0.0,0.0,-3.902700840079392e-05,0.0,0.0,-0.008948889514095495,0.0,0.0,0.0,0.0,-0.0021698711557017187,0.0,0.0,-0.00020398803182094638,0.0,0.0,0.0,0.0,0.0,0.0,0.0012204357699585212,0.007502248868393721
0.05650754512351115,-1.18811957028377e-06,0.0,0.0,0.0810429166991397,0.0,0.0,0.15388871261857,-0.15388871261857,0.19897434288787463,0.0,0.0,0.0,0.008143887295329668,-0.15200819994152687,0.0,0.1717382210832754,0.0,-0.0002803963145938758,0.0,0.0,0.003855782364916276,0.0,-4.0396079285384584e-05,0.0,0.0,-0.008143887295329668,0.0,0.0,0.0,0.0,-0.0022459904265429826,0.0,0.0,-0.00021114394990472474,0.0,0.0,0.0,0.0,0.0,0.0,0.0012632487640267319,0.0077654284180325335
0.053868199224457694,-1.619745016525624e-06,0.0,0.0,0.06492797417104829,0.0,0.0,0.14593701369918805,-0.14593701369918805,0.2031184582415746,0.0,0.0,0.0,0.005845907066169405,-0.14648831967524517,0.0,0.18000528411754466,0.0,-0.00038225995478477595,0.0,0.0,0.0,0.0,-5.507134950571353e-05,0.0,0.0,-0.005845907066169405,0.0,0.0,0.0,0.0,-0.003061923977641724,0.0,0.0,-0.00028784927812108244,0.0,0.0,0.0,0.0,0.0,-0.03192854290775464,0.0017221674832573906,0.010586488343332756
0.06335993387744807,-1.2820417777615705e-06,0.0,0.0,0.09005675250609164,0.0,0.0,0.15240706765278458,-0.15240706765278458,0.1981720952207142,0.0,0.0,0.0,0.00803876533210621,-0.14627278642839506,0.0,0.16168219286173943,0.0,-0.00030256196314809217,0.0,0.0,0.0,0.0,-4.3589435438103616e-05,0.0,0.0,-0.00803876533210621,0.0,0.0,0.0,0.0,-0.0024235385320628177,0.006823361629857888,0.0,-0.00022783512002483094,0.0,0.0,0.0,0.0,0.0,0.0,0.001363110019979831,0.00837929439354059
0.05541875289132176,-1.2282703082314541e-06,0.0,0.0,0.09358811102849642,0.0,0.0,0.1590891533216711,-0.1590891533216711,0.19109450695894376,0.0,0.0,0.0,0.0073255707403682545,-0.1451515680137019,0.0,0.1639256827657829,0.005785111333030555,-0.00028987189199394017,0.0,0.0,0.0,0.0,-4.176120484519163e-05,0.0,0.0,-0.0073255707403682545,0.0,0.0,0.0,0.0,-0.0023218903404107396,0.0,0.0,-0.00021827924639667527,0.0,0.0,0.0,0.0,0.0,0.0,0.001305938381600373,0.008027849549088775
0.05222799288639297,-1.2145336680871609e-06,0.0,0.0,0.08984192674265101,0.0,0.0,0.15730994361889264,-0.15730994361889264,0.1948063189248035,0.0,0.0,0.0,0.008014935091133227,-0.14777033591207406,0.0,0.16537037166493151,0.0,-0.0002866300438098873,0.0,0.0,0.0,0.0,-4.1294158919627825e-05,0.0,0.0,-0.008014935091133227,0.0,0.0,0.0,0.0,-0.002295922952086701,0.0,0.0,-0.00021583807083570616,0.0,0.0,0.0,0.007262995297723094,0.0,0.0,0.0012913331229057335,0.007938068269146299
0.06296530964417245,-9.930638631513662e-07,0.0,0.0,0.09162438220545026,0.0,0.0,0.1908050648172418,-0.1908050648172418,0.13028915728526438,0.0,0.0,0.0,0.003584119102404548,-0.12781104209634944,0.0,0.1886624551239481,0.0,-0.00023436315194900366,0.0,0.0,0.0,0.0,-3.376418296159505e-05,0.0,0.0,-0.003584119102404548,0.0,0.0,0.0,0.0,-0.0018772621757682593,0.0,0.0,-0.00017648007138148963,0.0,0.0,0.0,0.0,0.0,0.0,0.0010558589632741712,0.006490564196324923
0.022677660563203916,-1.2967892140366897e-06,0.0,0.0,0.05198219209519402,0.0,0.0,0.16796392187874687,-0.16796392187874687,0.17284428041954114,0.0,0.0,0.0,0.0046803102663223566,-0.1479553748073816,0.0,0.20035191078855372,0.0,-0.0003060423593006981,0.0,0.0,0.0,0.046012342283784355,-4.409084844393735e-05,0.0,0.0,-0.0046803102663223566,0.0,0.0,0.0,0.0,-0.002451416703181621,0.0,0.0,-0.00023045592690654334,0.0,0.0,0.0,0.0,0.0,0.0,0.001378789991182273,0.008475682133973636
0.06650765198322874,-1.136624302955055e-06,0.0,0.0,0.0581648739158759,0.0,0.0,0.14721889537679833,-0.14721889537679833,0.20694942805719183,0.0,0.0,0.0,0.0041022506483629085,-0.15740805117085002,0.0,0.19703168197673313,0.0,-0.0002682434273431848,0.0,0.0,0.0,0.0,-3.864523959394174e-05,0.0,0.0,-0.0041022506483629085,0.0,0.0,0.0,0.0,-0.002148645108508248,0.0,0.0,-0.00020199258634071265,0.0,0.0,0.0,0.0,0.0,0.0,0.0012084972605305908,0.007428860599178176
0.040183022180640696,-1.208249966827931e-06,0.0,0.0,0.08812826876901225,0.0,0.0,0.15649606030154972,-0.15649606030154972,0.20708964011718375,0.0,0.0,0.0,0.008330278551649644,-0.1489682674999863,0.0,0.16603123147922513,0.0,-0.00028514708980494974,0.0,0.007939039893227216,0.0,0.0,-4.1080513003322534e-05,0.0,0.0,-0.008330278551649644,0.0,0.0,0.0,0.0,-0.0022840444061688722,0.0,0.0,-0.0002147213772494047,0.0,0.0,0.0,0.0,0.0,0.0,0.001284652079980618,0.00789699863815184
0.05879134802206025,-1.1483295630551093e-06,0.0,0.0,0.06797810983456673,0.0,0.0,0.14873499481048802,-0.14873499481048802,0.19932439586889575,0.0,0.0,0.008672224508362957,0.008480608973396352,-0.15848706721560063,0.0,0.18090329670271627,0.0,-0.00027100586967265003,0.0,0.0,0.0,0.0,-3.904321857424328e-05,0.0,0.0,-0.008480608973396352,0.0,0.0,0.0,0.0,-0.0021707724286723616,0.0,0.0,-0.00020407275984681637,0.0,0.0,0.0,0.0,0.0,0.0,0.001220942687509353,0.007505364986190094
0.05641765344724495,-1.2970918714622537e-06,0.0,0.0,0.0680835518768054,0.0,0.0,0.14802328324486427,-0.14802328324486427,0.19968803125223183,0.0,0.0,0.006895383285505764,0.008129094245933622,-0.15484938324491737,0.0,0.17888053943056145,0.0,-0.00030611378647758765,0.0,0.0,0.0,0.0,-4.410113879994628e-05,0.0,0.0,-0.008129094245933622,0.0,0.0,0.0,0.0,-0.0024519888389306996,0.0,0.0,-0.00023050971297816433,0.0,0.0,0.0,0.0,0.0,-0.009989919853263312,0.001379111786755993,0.008477660272060228
0.04492509258490959,-1.203326978868185e-06,0.0,0.0,0.06316189052836549,0.0,0.0,0.1558584205401063,-0.1558584205401063,0.18895997792125663,0.0,0.0,0.00639692601552726,0.007541453797614608,-0.1547768612448248,0.0,0.18633860297526364,0.0,-0.00028398526424864396,0.0,0.0,0.0,0.016681973430840703,-4.091313135511402e-05,0.0,0.0,-0.007541453797614608,0.0,0.0,0.0,0.0,-0.0022747381173877403,0.0,0.0,-0.00021384649971253704,0.0,0.0,0.0,0.0,0.0,0.0,0.0012794177932884277,0.007864822490598684
0.05098476091133046,-1.1721848553728285e-06,0.0,0.0,0.07657378159496442,0.0,0.0,0.15182480185998953,-0.15182480185998953,0.20152365576693135,0.0,0.0,0.00623137345710828,0.008850933031009402,-0.15498425947335676,0.0,0.17369196524115338,0.0,-0.0002766357205872768,0.0,0.003009304382113018,0.0,0.0,-3.9854298792046994e-05,0.0,0.0,-0.008850933031009402,0.0,0.0,0.0,0.0,-0.0022158678546783358,0.0,0.0,-0.0002083121485178506,0.0,0.0,0.0,0.0,0.0,0.0,0.0012463064381701202,0.007661280745443387
0.033544822436947654,-1.2177130022566552e-06,0.0,0.0,0.08602134168395825,0.0,0.0,0.15772174025499286,-0.15772174025499286,0.21582432089165574,0.0,0.0,0.0,0.002721304356308817,-0.1480571073317188,0.0,0.16749142816551948,0.0,-0.00028738036693079646,0.0,0.009599589606458195,0.0,0.0,-4.140225631857475e-05,0.0,0.0,-0.009194706947936985,0.0,0.0,0.0,0.0,-0.0023019330829574178,0.0,0.0,-0.00021640307893034912,0.0,0.0,0.0,0.0,0.0,0.0,0.001294713498131,0.007958848073239851
0.06211301728804889,-9.64763874290427e-07,0.0,0.0,0.0977274605986844,0.0,0.0,0.19902760015546558,-0.19902760015546558,0.11597792165075235,0.0,0.0,0.0,0.0034819801217830493,-0.12228458512316515,0.0,0.18728982045642503,0.0,-0.00022768435229101984,0.0,0.0,0.0,0.0,-3.2801983009338595e-05,0.0,0.0,-0.0034819801217830493,0.0,0.0,0.0,0.0,-0.0018237646106723812,0.0,0.0,-0.00017145080363789773,0.0,0.0,0.0,0.0,0.0,0.0,0.001025769461472586,0.006305598353469347
0.058102785346069837,-1.1348803583088695e-06,0.0,0.0,0.07167154167250295,0.0,0.0,0.15304420058783907,-0.15304420058783907,0.19152432657922552,0.0,0.0,0.009058654521445967,0.008625283746593567,-0.15565487323276203,0.0,0.179370160836538,0.0,-0.00026783185626576424,0.0,0.0,0.0,0.0,-3.8585945455575e-05,0.0,0.0,-0.008625283746593567,0.0,0.0,0.0,0.0,-0.0021453484007713172,0.0,0.0,-0.0002016826652096914,0.0,0.0,0.0,0.0,0.0,0.0,0.0012066430398158367,0.007417462354713832
0.04906131499819761,-1.7894864573131183e-06,0.0,0.0,0.06678115920045488,0.0,0.0,0.1452774374131522,-0.1452774374131522,0.20240005648999257,0.0,0.0,0.0,0.006458529841975112,-0.14286093549410023,0.0,0.17438925728941562,0.0,-0.000422318948526711,0.0,0.0,0.0,0.0,-6.084256047771136e-05,0.0,0.0,-0.006458529841975112,0.0,0.0,0.0,0.0,-0.0033827987957421196,0.0,0.0,-0.0003180144897435377,0.0,0.0,0.0,0.0,0.0,-0.043251034333393334,0.0019026423029994018,0.011695901100244233
0.04851675115237478,-1.2324719700441997e-06,0.0,0.0,0.09720317993530048,0.0,0.0,0.1596333648163674,-0.1596333648163674,0.1922814021631339,0.0,0.0,0.0,0.008966623414436601,-0.14558516556510626,0.0,0.15792806100085438,0.0,-0.0002908634845212666,0.0,0.0,0.0,0.0,-4.190406139596582e-05,0.0,0.0,-0.008966623414436601,0.0,0.0,0.0,0.0,-0.0023298330529482867,0.0,0.0,-0.00021902593510839734,0.0,0.0,0.0,0.009036887803189316,0.0,0.0,0.0013104057300260383,0.008055311182462816
0.056389301665255256,-1.1644754808048802e-06,0.0,0.0,0.07403729296477844,0.0,0.0,0.1508262611768556,-0.1508262611768556,0.19738810767346784,0.0,0.0,0.007804726866178223,0.008912301584227242,-0.15623696869576537,0.0,0.17547932797222263,0.0,-0.00027481630756627913,0.0,0.0,0.0,0.0,-3.959217996657121e-05,0.0,0.0,-0.008912301584227242,0.0,0.0,0.0,0.0,-0.0022012942529068317,0.0,0.0,-0.00020694209466276355,0.0,0.0,0.0,0.0016143366992339662,0.0,0.0,0.0012381095713412589,0.007610893059008001
0.06229794577187603,-1.3188817194454155e-06,0.0,0.0,0.09799025698476228,0.0,0.0,0.1536119668196708,-0.1536119668196708,0.19634983595823285,0.0,0.0,0.0,0.009063405692880997,-0.1435430111424396,0.0,0.1527541498131614,0.0,-0.0003112561923623591,0.0,0.0,0.0,0.0,-4.484199388621849e-05,0.0,0.0,-0.009063405692880997,0.0,0.0,0.0,0.0,-0.0024931798025256513,0.00860672040294076,0.0,-0.00023438204593695017,0.0,0.0,0.0,0.0,0.0,0.0,0.0014022794873995276,0.00862007649765328
0.05886949389115043,-1.1796152266038912e-06,0.0,0.0,0.07410603487714255,0.0,0.0,0.14974001531899,-0.14974001531899,0.19813626163781023,0.0,0.0,0.00779446850533464,0.008916443182816968,-0.1558914510828555,0.0,0.17464250400807418,0.0,-0.0002783892887982244,0.0,0.0,0.0,0.0,-4.010693150080555e-05,0.0,0.0,-0.008916443182816968,0.0,0.0,0.0,0.0,-0.0022299140357766247,0.0015235949490282875,0.0,-0.00020963261993354345,0.0,0.0,0.0,0.0,0.0,0.0,0.0012542066592494327,0.007709844894504952
0.010812726882685858,-1.3380757931615568e-06,0.0,0.0,0.049935137648131005,0.0,0.0,0.17331148004449026,-0.17331148004449026,0.16427946674347868,0.0,0.0,0.0,0.004829319833989827,-0.14563203481809067,0.0,0.20154776743239133,0.0,-0.0003157859953103602,0.0,0.0,0.0,0.058213176915401385,-4.549459261705294e-05,0.0,0.0,-0.004829319833989827,0.0,0.0,0.0,0.0,-0.002529463781757234,0.0,0.0,-0.0002377930768134305,0.0,0.0,0.0,0.0,0.0,0.0,0.0014226872733707344,0.008745527007198826
0.05391329006685235,-1.199297374082338e-06,0.0,0.0,0.08611482802963298,0.0,0.0,0.1553364943734432,-0.1553364943734432,0.19750797422032926,0.0,0.0,0.0,0.009100606062880651,-0.15088903108543403,0.0,0.16600963746302982,0.0,-0.0002830342771935688,0.0,0.0,0.004772158731939015,0.0,-4.077612474526669e-05,0.0,0.0,-0.009100606062880651,0.0,0.0,0.0,0.0,-0.0022671206569922324,0.0,0.0,-0.00021313038772152295,0.0,0.0,0.0,0.0,0.0,0.0,0.001275133381691688,0.007838485404416371
0.057280585827700674,-1.1607278696094118e-06,0.0,0.0,0.07272625916030151,0.0,0.0,0.15034085964262467,-0.15034085964262467,0.1983619982656346,0.0,0.0,0.007243228613556621,0.008883619278979085,-0.15680691484725817,0.0,0.17652372720921777,0.0,-0.00027393187102132006,0.0,0.0,0.0010727608716667098,0.0,-3.9464761142094834e-05,0.0,0.0,-0.008883619278979085,0.0,0.0,0.0,0.0,-0.0021942098658822022,0.0,0.0,-0.00020627609651719867,0.0,0.0,0.0,0.0,0.0,0.0,0.001234124984832346,0.00758639905419157
0.0335727266838592,-1.2245480933001474e-06,0.0,0.0,0.09502634672052332,0.0,0.0,0.15860704118565805,-0.15860704118565805,0.20756171071794177,0.0,0.0,0.0,0.009352371610760392,-0.14708784437441907,0.0,0.15879713805382648,0.0,-0.0002889934489693754,0.0,0.00986558115779931,0.0,0.0,-4.163464949399378e-05,0.0,0.0,-0.009352371610760392,0.0,0.0,0.0,0.0,-0.0023148539618253307,0.0,0.0,-0.00021761776149006548,0.0,0.0,0.0,0.0,0.0,0.0,0.0013019807972553127,0.008003521531666512
0.05244543866528478,-1.2498640885173593e-06,0.0,0.0,0.10198111154511892,0.0,0.0,0.1618860427357328,-0.1618860427357328,0.18761460464948176,0.0,0.0,0.0,0.00811994462979918,-0.14228693557960181,0.0,0.15602052362289856,0.007217988611942407,-0.00029496802588631566,0.0,0.0,0.0,0.0,-4.2495393627464e-05,0.0,0.0,-0.00811994462979918,0.0,0.0,0.0,0.0,-0.002362710662715028,0.0,0.0,-0.00022211673563342932,0.0,0.0,0.0,0.0,0.0,0.0,0.0013288976164611535,0.00816898429619581
0.05705696837745473,-1.1690308137068511e-06,0.0,0.0,0.07533284264283803,0.0,0.0,0.15141628118272582,-0.15141628118272582,0.1964278528713535,0.0,0.0,0.007611720133210565,0.008723627593028464,-0.15539515673465898,0.0,0.1748804441877316,0.0013971136659076025,-0.00027589136649924144,0.0,0.0,0.0,0.0,-3.974706133851545e-05,0.0,0.0,-0.008723627593028464,0.0,0.0,0.0,0.0,-0.002209905536100408,0.0,0.0,-0.00020775163522257725,0.0,0.0,0.0,0.0,0.0,0.0,0.001242952954786892,0.007640666250575005
0.054423144384081315,-1.182370964788725e-06,0.0,0.0,0.08095195400850273,0.0,0.0,0.15314413646553748,-0.15314413646553748,0.19715380486279407,0.0,0.0,0.004434159393400207,0.00953995240738565,-0.15384250368522004,0.0,0.16902007937134492,0.0,-0.00027903964323252467,0.0,0.0,0.003055515375196812,0.0,-4.0200626631319826e-05,0.0,0.0,-0.00953995240738565,0.0,0.0,0.0,0.0,-0.0022351234117822037,0.0,0.0,-0.00021012234963735607,0.0,0.0,0.0,0.0,0.0,0.0,0.0012571366529495961,0.007727856118415736
0.050062196496828956,-1.6877523982097254e-06,0.0,0.0,0.06757639477986074,0.0,0.0,0.1459103490852189,-0.1459103490852189,0.20146186633389335,0.0,0.0,0.0019679185444274215,0.00707531536220018,-0.14545337446924916,0.0,0.17438753567513754,0.0,-0.0003983097023576122,0.0,0.0,0.0,0.0,-5.738360127835812e-05,0.0,0.0,-0.00707531536220018,0.0,0.0,0.0,0.0,-0.0031904833684783425,0.0,0.0,-0.0002999350542926086,0.0,0.0,0.0,0.0,0.0,-0.036346132445106406,0.0017944752231565128,0.011030977658696508
0.058952576640641345,-1.2388696009886274e-06,0.0,0.0,0.08539684880915914,0.0,0.0,0.15151365486848437,-0.15151365486848437,0.1964331762215839,0.0,0.0,0.005918696288041697,0.009667705126326552,-0.15101250925238363,0.0,0.16313714093976805,0.0,-0.000292373325941117,0.0,0.0,0.0,0.0,-4.2121580922900305e-05,0.0,0.0,-0.009667705126326552,0.0,0.0,0.0,0.0,-0.002341926968588703,0.0044741748851990695,0.0,-0.00022016287544792605,0.0,0.0,0.0,0.0,0.0,0.0,0.0013172079068316247,0.008097125446267997
0.05371868880831526,-1.2067837401097252e-06,0.0,0.0,0.08864552475564086,0.0,0.0,0.1563061503398632,-0.1563061503398632,0.19154607506615787,0.0,0.0,0.005439786290421627,0.009091698407693239,-0.1497063493581325,0.0,0.16412192056653954,0.004032676987069712,-0.0002848010601809737,0.0,0.0,0.0,0.0,-4.103066127775518e-05,0.0,0.0,-0.009091698407693239,0.0,0.0,0.0,0.0,-0.0022812726892014927,0.0,0.0,-0.00021446081012427618,0.0,0.0,0.0,0.0,0.0,0.0,0.0012830931383253487,0.007887415529759715
0.05184284887437346,-1.1933094912826724e-06,0.0,0.0,0.08478465180521416,0.0,0.0,0.154560926325918,-0.154560926325918,0.19435206900513838,0.0,0.0,0.006017072856882263,0.009628209836963036,-0.15218197137007025,0.0,0.1659580685992789,0.0,-0.00028162113636899224,0.0,0.0,0.0,0.0,-4.057253666004635e-05,0.0,0.0,-0.009628209836963036,0.0,0.0,0.0,0.0,-0.002255801318619497,0.0,0.0,-0.00021206626483565377,0.0,0.0,0.0,0.004625674521659982,0.0,0.0,0.001268766862921184,0.007799349212723756
0.056846489802300774,-1.1103420314737187e-06,0.0,0.0,0.07756548542651137,0.0,0.0,0.1603688325774136,-0.1603688325774136,0.178521741998104,0.0,0.0,0.009571705149623367,0.00879324649263975,-0.15087147846760826,0.0,0.17726411913055076,0.0,-0.0002620408091498305,0.0,0.0,0.0,0.0,-3.775164205619014e-05,0.0,0.0,-0.00879324649263975,0.0,0.0,0.0,0.0,-0.0020989617840253545,0.0,0.0,-0.00019732189262281334,0.0,0.0,0.0,0.0,0.0,0.0,0.001180553063839442,0.007257082351469598
0.01635005319051678,-1.314961135733371e-06,0.0,0.0,0.052650100170351086,0.0,0.0,0.17031760218639452,-0.17031760218639452,0.16829010315878057,0.0,0.0,0.0015332440984566053,0.0055125175554301895,-0.14730717412784874,0.0,0.19816833668426134,0.0,-0.0003103309342895108,0.0,0.0,0.0,0.05097237780281829,-4.4708693994155504e-05,0.0,0.0,-0.0055125175554301895,0.0,0.0,0.0,0.0,-0.0024857684327410346,0.0,0.0,-0.00023368530837652472,0.0,0.0,0.0,0.0,0.0,0.0,0.0013981109906822141,0.008594451962097894
0.03607586815509714,-1.216229755322857e-06,0.0,0.0,0.09234994138068817,0.0,0.0,0.15752962578533294,-0.15752962578533294,0.20629180850163725,0.0,0.0,0.0014181233528822745,0.009463918039074396,-0.14846972533322636,0.0,0.1605896934253429,0.0,-0.0002870303205345652,0.0,0.008730594965141095,0.0,0.0,-4.1351825905478195e-05,0.0,0.0,-0.009463918039074396,0.0,0.0,0.0,0.0,-0.002299129191415833,0.0,0.0,-0.00021613948709656476,0.0,0.0,0.0,0.0,0.0,0.0,0.0012931364600089704,0.007949153722453318
0.03316429729868426,-6.477746183288359e-07,0.0,0.0,0.14289217707348997,0.0,0.0,0.2693120482328155,-0.2693120482328155,0.0,0.0,0.0,0.00883882199093363,0.006757328494788119,-0.08150920705987476,0.0,0.17501901732886554,0.0,-0.00015287486226952626,0.0,0.0,0.0,0.0,-2.202434459927425e-05,0.0,0.0,-0.006757328494788119,0.0,0.0,0.0,0.0,-0.001224536341049086,0.0,0.0,-0.00011511778358242929,0.0,0.0,0.0,0.0,0.0,0.0,0.0006887358027242556,0.004233788884101536
0.024866265842968697,-6.880379798298637e-07,0.0,0.0,0.16019086286230946,0.0,0.0,0.27633958217940435,-0.27633958217940435,0.0,0.0,0.0,0.0,0.007662937104781285,-0.07427373426587085,0.0,0.16064652359092843,0.0,-0.00016237701883728043,0.0,0.0,0.005179702986421093,0.0,-2.339329936121219e-05,0.0,0.0,-0.007662937104781285,0.0,0.0,0.0,0.0,-0.001300649155561643,0.0,0.0,-0.00012227309471137432,0.0,0.0,0.0,0.0,0.0,0.0,0.000731545165454967,0.004496946111223823
0.021880373662599747,-1.2425095035744622e-06,0.0,0.0,0.1410612743442525,0.0,0.0,0.2687847577278168,-0.2687847577278168,0.0,0.0,0.0,0.0,0.0044844065038762105,-0.06505409787944687,0.0,0.17138486356066474,0.0,-0.00029323234324549907,0.0,0.0,0.0,0.0,-4.2245337653389426e-05,0.0,0.0,-0.0044844065038762105,0.0,0.0,0.0,0.0,-0.002348807746050673,0.0,0.0,-0.00022080973240446792,0.0,0.0,0.0,0.0,0.0,-0.0417327309682856,0.0013210779739172424,0.008120915478589542
0.032523910831532506,-8.425450831986856e-07,0.0,0.0,0.17701304572913867,0.0,0.0,0.27423438111408793,-0.27423438111408793,0.0,0.0,0.0,0.0,0.00834692590853717,-0.06533736002907421,0.0,0.1409775679774331,0.0,-0.00019884070771738644,0.0,0.0,0.0,0.0,-2.8646542682800878e-05,0.0,0.0,-0.00834692590853717,0.0,0.0,0.0,0.0,-0.0015927253772472926,0.010612104128166338,0.0,-0.00014973097092987555,0.0,0.0,0.0,0.0,0.0,0.0,0.0008958223242912598,0.005506788791453033
0.022910159485541128,-7.801744157579224e-07,0.0,0.0,0.17635632308736326,0.0,0.0,0.2775174336194552,-0.2775174336194552,0.0,0.0,0.0,0.0,0.0070739303494954595,-0.06836188537200094,0.0,0.14691903665507866,0.008516323533089504,-0.0001841212251614571,0.0,0.0,0.0,0.0,-2.652593926035438e-05,0.0,0.0,-0.0070739303494954595,0.0,0.0,0.0,0.0,-0.0014748214848506775,0.0,0.0,-0.00013864691052803283,0.0,0.0,0.0,0.0,0.0,0.0,0.0008295077289199804,0.005099140465888897
0.015817760708185427,-7.502119838838139e-07,0.0,0.0,0.17466638259956266,0.0,0.0,0.27871973754467444,-0.27871973754467444,0.0,0.0,0.0,0.0,0.008355392313047038,-0.06968989566414806,0.0,0.14692440514014368,0.0,-0.00017705008881803037,0.0,0.0,0.0,0.0,-2.550721622620695e-05,0.0,0.0,-0.008355392313047038,0.0,0.0,0.0,0.0,-0.001418181280591504,0.0,0.0,-0.00013332220552957926,0.0,0.0,0.0,0.011295525442745974,0.0,0.0,0.0007976506616862822,0.004903309064935713
0.046034433727040414,-6.634113512364184e-07,0.0,0.0,0.1403066845703486,0.0,0.0,0.2697782247880099,-0.2697782247880099,0.0,0.0,0.0,0.0,0.0023943528557901377,-0.07744198143533805,0.0,0.18527861791611938,0.0,-0.00015656513249925387,0.0,0.0,0.0,0.0,-2.255599370101257e-05,0.0,0.0,-0.0023943528557901377,0.0,0.0,0.0,0.0,-0.0012540956154615526,0.0,0.0,-0.00011789662977963789,0.0,0.0,0.0,0.0,0.0,0.0,0.0007053613040735869,0.004335988976687104
0.007020129368956563,-6.840518959753569e-07,0.0,0.0,0.16956220176194486,0.0,0.0,0.2843943124507314,-0.2843943124507314,0.0,0.0,0.0,0.0,0.007135758700322562,-0.06740631773938385,0.0,0.15681912958300886,0.0,-0.00016143630272551825,0.0,0.00933382193437152,0.0,0.0,-2.3257772463539427e-05,0.0,0.0,-0.007135758700322562,0.0,0.0,0.0,0.0,-0.0012931139660062,0.0,0.0,-0.00012156471694305677,0.0,0.0,0.0,0.0,0.0,0.0,0.0007273070267789833,0.004470893473413088
0.05378190993942481,-1.0745917954135948e-06,0.0,0.0,0.03292006759903417,0.0,0.0,0.13918426404438364,-0.13918426404438364,0.23591736220644463,0.0,0.0,0.0,0.0,-0.167009364783541,0.0,0.21744487330278572,0.0,-0.0002536037505508162,0.0,0.0,0.0,0.0,-3.653613361202652e-05,0.0,0.0,-0.0038783658575662133,0.0,0.0,0.0,0.0,-0.0020313804648164533,0.0,0.0,-0.00019096862125134856,0.0,0.0,0.0,0.0,0.0,0.0,0.0011425422081594626,0.007023422452250572
0.058609939721106195,-1.3710387903037301e-06,0.0,0.0,0.0972770445097943,0.0,0.0,0.15441391449099148,-0.15441391449099148,0.20782434025773616,0.0,0.0,0.0,0.0,-0.14043152879579668,0.0,0.15108007430928788,0.0,-0.00032356526529951315,0.0,0.0,0.0,0.0,-4.66153349054079e-05,0.0,0.0,-0.010740045598453096,0.0,0.0,0.0,0.0,-0.0025917761767915173,0.011583514550019951,0.0,-0.0002436510204003999,0.0,0.0,0.0,0.0,0.0,0.0,0.001457734642709598,0.008960969796925976
0.046666864286093575,-1.2728996569645407e-06,0.0,0.0,0.10205123205113845,0.0,0.0,0.16486967675829756,-0.16486967675829756,0.1949719180425762,0.0,0.0,0.0,0.0,-0.13939921193435026,0.0,0.15605037574108602,0.009251066740124436,-0.0003004044219012571,0.0,0.0,0.0,0.0,-4.3278603224082286e-05,0.0,0.0,-0.00921962257747044,0.0,0.0,0.0,0.0,-0.002406256503972392,0.0,0.0,-0.00022621044895310542,0.0,0.0,0.0,0.0,0.0,0.0,0.0013533898090799528,0.00831954242377766
0.03968857883577076,-1.2557269753165e-06,0.0,0.0,0.09670652007593047,0.0,0.0,0.1626454209366429,-0.1626454209366429,0.2022614016011654,0.0,0.0,0.0,0.0,-0.14307369318186205,0.0,0.15751624652999138,0.0,-0.0002963516676446679,0.0,0.0,0.0,0.0,-4.269473184720459e-05,0.0,0.0,-0.010682416470436875,0.0,0.0,0.0,0.0,-0.002373793711889641,0.0,0.0,-0.00022315864514117284,0.0,0.0,0.0,0.012300612186018745,0.0,0.0,0.001335131235271821,0.008207303526768605
0.031141965253639995,-1.2180244426130634e-06,0.0,0.0,0.08348575814247695,0.0,0.0,0.1577620789184606,-0.1577620789184606,0.22041009754793378,0.0,0.0,0.0,0.0,-0.1481680480188919,0.0,0.16965340672322904,0.0,-0.000287453866880075,0.0,0.0100770247096891,0.0,0.0,-4.141284529433511e-05,0.0,0.0,-0.009434548535349207,0.0,0.0,0.0,0.0,-0.0023025218217312135,0.0,0.0,-0.00021645842584042154,0.0,0.0,0.0,0.0,0.0,0.0,0.001295044632012758,0.007960883615667283
0.051859208313488635,-1.1956932522395673e-06,0.0,0.0,0.07586799751601067,0.0,0.0,0.15486967799874787,-0.15486967799874787,0.20912149112260806,0.0,0.0,0.0,0.0,-0.1516112112053445,0.0,0.17556490189486662,0.0,-0.0002821837041474411,0.0,0.0,0.005018666733014891,0.0,-4.065358456046023e-05,0.0,0.0,-0.009334106237951183,0.0,0.0,0.0,0.0,-0.0022603075185191205,0.0,0.0,-0.00021248988945783495,0.0,0.0,0.0,0.0,0.0,0.0,0.0012713013578978247,0.007814929231384713
0.05026659713190385,-1.710870620207133e-06,0.0,0.0,0.058289449715187916,0.0,0.0,0.14499947548050665,-0.14499947548050665,0.2106579130237396,0.0,0.0,0.0,0.0,-0.1451244054099708,0.0,0.18418614514645298,0.0,-0.0004037656046170859,0.0,0.0,0.0,0.0,-5.816962109665078e-05,0.0,0.0,-0.006174793282848967,0.0,0.0,0.0,0.0,-0.0032341854558637657,0.0,0.0,-0.00030404345619877455,0.0,0.0,0.0,0.0,0.0,-0.03829873902321231,0.0018190552958151473,0.011182076001458572
0.06082144972505367,-1.317341097580877e-06,0.0,0.0,0.08764147043053468,0.0,0.0,0.15293223762740613,-0.15293223762740613,0.20791151689188975,0.0,0.0,0.0,0.0,-0.1441816194549887,0.0,0.16246274110623812,0.0,-0.00031089260547783687,0.0,0.0,0.0,0.0,-4.478961272480572e-05,0.0,0.0,-0.009177891191902371,0.0,0.0,0.0,0.0,-0.0024902674509027834,0.008846812080043875,0.0,-0.0002341082578486767,0.0,0.0,0.0,0.0,0.0,0.0,0.0014006414463177312,0.008610007150167088
0.05107378723953329,-1.2454546896685367e-06,0.0,0.0,0.09237337743634916,0.0,0.0,0.16131492453413204,-0.16131492453413204,0.19787873037498233,0.0,0.0,0.0,0.0,-0.14299955094928146,0.0,0.16520948116813758,0.007308391072373871,-0.00029392740740168864,0.0,0.0,0.0,0.0,-4.234547401503359e-05,0.0,0.0,-0.008149231666345598,0.0,0.0,0.0,0.0,-0.0023543752494713083,0.0,0.0,-0.00022133312940983736,0.0,0.0,0.0,0.0,0.0,0.0,0.0013242093950184702,0.008140164914726562
0.04641078503407599,-1.2297549535036215e-06,0.0,0.0,0.08737245827163743,0.0,0.0,0.1592814489081957,-0.1592814489081957,0.2035140604781285,0.0,0.0,0.0,0.0,-0.14612958838202514,0.0,0.16723744247325847,0.0,-0.00029022226839813957,0.0,0.0,0.0,0.0,-4.18116828018091e-05,0.0,0.0,-0.009142646900378668,0.0,0.0,0.0,0.0,-0.002324696875334917,0.0,0.0,-0.00021854308673296225,0.0,0.0,0.0,0.009408547030127688,0.0,0.0,0.0013075169064828778,0.008037553039272371
0.061948441606949185,-9.737657059058637e-07,0.0,0.0,0.09087751784252343,0.0,0.0,0.1953664992129519,-0.1953664992129519,0.12631012068202913,0.0,0.0,0.0,0.0,-0.12491382995806201,0.0,0.19202512587878334,0.0,-0.00022980878527966277,0.0,0.0,0.0,0.0,-3.3108045389545e-05,0.0,0.0,-0.003514469106476472,0.0,0.0,0.0,0.0,-0.0018407814397317613,0.0,0.0,-0.00017305054353882924,0.0,0.0,0.0,0.0,0.0,0.0,0.0010353405121871714,0.006364433407439681
0.015112920644826984,-1.317341097580877e-06,0.0,0.0,0.04488187871032262,0.0,0.0,0.1706258617874939,-0.1706258617874939,0.17399873725172155,0.0,0.0,0.0,0.0,-0.1471305568150033,0.0,0.2066968015064575,0.0,-0.00031089260547783687,0.0,0.0,0.0,0.05308087248026325,-4.478961272480572e-05,0.0,0.0,-0.004754485151880435,0.0,0.0,0.0,0.0,-0.0024902674509027834,0.0,0.0,-0.0002341082578486767,0.0,0.0,0.0,0.0,0.0,0.0,0.0014006414463177312,0.008610007150167088
0.06579244781839308,-1.1331379909116287e-06,0.0,0.0,0.052874382627610336,0.0,0.0,0.14676733807097822,-0.14676733807097822,0.21244916423843024,0.0,0.0,0.0,0.0,-0.15794765817058748,0.0,0.20205062987268413,0.0,-0.00026742065741922207,0.0,0.0,0.0,0.0,-3.8526704943690834e-05,0.0,0.0,-0.004089668015910515,0.0,0.0,0.0,0.0,-0.002142054674624892,0.0,0.0,-0.00020137302437585618,0.0,0.0,0.0,0.0,0.0,0.0,0.0012047904960853103,0.007406074418987838
0.03450252158990561,-1.2117999272946438e-06,0.0,0.0,0.08121465842387908,0.0,0.0,0.1569558615368234,-0.1569558615368234,0.21916527616290676,0.0,0.0,0.0,0.0,-0.14883227759315032,0.0,0.1721876714030041,0.0,-0.0002859848807619513,0.0,0.00917944544099875,0.0,0.0,-4.120121170070959e-05,0.0,0.0,-0.008963293674865242,0.0,0.0,0.0,0.0,-0.002290755159381143,0.0,0.0,-0.0002153522503481185,0.0,0.0,0.0,0.0,0.0,0.0,0.0012884265175743428,0.00792020081794972
0.058371327317133806,-1.1401255975263498e-06,0.0,0.0,0.05652091361224398,0.0,0.0,0.14767239326333365,-0.14767239326333365,0.2109131306437313,0.0,0.0,0.007589659235764741,0.0,-0.15939601160618674,0.0,0.192623636608538,0.0,-0.00026906973314493515,0.0,0.0,0.0,0.0,-3.87642836503154e-05,0.0,0.0,-0.007909716972928272,0.0,0.0,0.0,0.0,-0.0021552638649737755,0.0,0.0,-0.00020261481089121525,0.0,0.0,0.0,0.0,0.0,0.0,0.0012122199549043778,0.007451744703643639
0.050574661831690584,-1.6334874689373506e-06,0.0,0.0,0.058441169517110904,0.0,0.0,0.14546316117190114,-0.14546316117190114,0.21052695527362586,0.0,0.0,0.0018587784877927384,0.0,-0.1472346880308126,0.0,0.18432312353393704,0.0,-0.00038550317466441275,0.0,0.0,0.0,0.0,-5.553859304843806e-05,0.0,0.0,-0.006824894919007652,0.0,0.0,0.0,0.0,-0.0030879023533254006,0.0,0.0,-0.00029029148659585457,0.0,0.0,0.0,0.0,0.0,-0.03305545043370382,0.0017367789217506255,0.01067630761166279
0.04061920437758978,-1.4745206478550754e-06,0.0,0.0,0.0712105805585898,0.0,0.0,0.15144170155871417,-0.15144170155871417,0.21520731445237326,0.0,0.0,0.0,0.0,-0.14632928027158007,0.0,0.17645259028260227,0.0,-0.0003479869920435609,0.0,0.005033660763536003,0.0,0.0,-5.013371927243301e-05,0.0,0.0,-0.007838600528651062,0.0,0.0,0.0,0.0,-0.0027873955969191524,0.0,0.0,-0.00026204106185191017,0.0,0.0,0.0,0.0,0.0,-0.019771257045161698,0.001567760040759144,0.009637316670993611
0.04814038207444787,-1.7844022570015393e-06,0.0,0.0,0.05876416886649262,0.0,0.0,0.14468867248629064,-0.14468867248629064,0.21068731757667894,0.0,0.0,0.0,0.0,-0.14357810610458183,0.0,0.18206256385952468,0.0,-0.0004211190768423456,0.0,0.0,0.0,0.0,-6.0669697607655044e-05,0.0,0.0,-0.0064401801867985005,0.0,0.0,0.0,0.0,-0.0033731877553114784,0.0,0.0,-0.00031711096272256855,0.0,0.0,0.0,0.0,0.0,-0.0432161565690606,0.0018972366099022561,0.011662671285190284
0.04812949908154814,-1.7471523939011147e-06,0.0,0.0,0.05455527133211398,0.0,0.0,0.1436563787725248,-0.1436563787725248,0.213247585183841,0.0,0.0,0.0,-0.0029821801633945055,-0.1435630558085165,0.0,0.1852203806757082,0.0,-0.00041232810614064185,0.0,0.0,0.0,0.0,-5.94032018265822e-05,0.0,0.0,-0.006305739743586203,0.0,0.0,0.0,0.0,-0.003302771580032412,0.0,0.0,-0.0003104911885641853,0.0,0.0,0.0,0.0,0.0,-0.041319947960586946,0.0018576313002190417,0.011419209976478089
0.05861238582000524,-1.271667518051213e-06,0.0,0.0,0.08012852073463969,0.0,0.0,0.15172302695655962,-0.15172302695655962,0.20838761960328853,0.0,0.0,0.0036115661639015083,0.0,-0.14853263696871083,0.0,0.16850738695824946,0.0,-0.0003001136370181479,0.0,0.0,0.0,0.0,-4.323671048661858e-05,0.0,0.0,-0.009642190205748446,0.0,0.0,0.0,0.0,-0.0024039273005212244,0.006493529787699543,0.0,-0.00022599148220640906,0.0,0.0,0.0,0.0,0.0,0.0,0.001352079757467051,0.008311489289419952
0.040033617760230886,-1.2525611755622897e-06,0.0,0.0,0.08584037072216306,0.0,0.0,0.156602241090882,-0.156602241090882,0.21619372305244905,0.0,0.0,0.0,0.0,-0.14652193859702603,0.0,0.16637333565638884,0.0,-0.00029560453864685936,0.0,0.0070925123345864875,0.0,0.0,-4.2587094618535606e-05,0.0,0.0,-0.009475224746708127,0.0,0.0,0.0,0.0,-0.002367809166126616,0.0028165681133048067,0.0,-0.00022259604228416267,0.0,0.0,0.0,0.0,0.0,0.0,0.0013317652502929632,0.00818661218223392
0.05750498459924095,-1.3306582247546743e-06,0.0,0.0,0.0840345150340485,0.0,0.0,0.1511085456935403,-0.1511085456935403,0.2139446292845353,0.0,0.0,0.0,-0.007581821745855648,-0.14002300098244802,0.0,0.16073539394373865,0.0,-0.00031403544856695365,0.0,0.0,0.0,0.0,-4.524239520446624e-05,0.0,0.0,-0.01011309601035726,0.0,0.0,0.0,0.0,-0.002515441802785785,0.010621094626513986,0.0,-0.000236474880622332,0.0,0.0,0.0,0.0,0.0,0.0,0.001414800664685516,0.008697046536091236
0.01918403382643533,-1.2986526040292533e-06,0.0,0.0,0.04646180544334614,0.0,0.0,0.16820527358629717,-0.16820527358629717,0.17788468104178917,0.0,0.0,0.001477763110760771,0.0,-0.14858991683129089,0.0,0.20435559723032837,0.0,-0.00030648211948951573,0.0,0.0,0.0,0.04730344473338866,-4.4154203725477925e-05,0.0,0.0,-0.005425917080686976,0.0,0.0,0.0,0.0,-0.0024549392073040088,0.0,0.0,-0.00023078707499389354,0.0,0.0,0.0,0.0,0.0,0.0,0.0013807712102143301,0.008487861061048017
0.021488354807692355,-1.2775086266610791e-06,0.0,0.0,0.06169607126592335,0.0,0.0,0.16546664395826458,-0.16546664395826458,0.19330511357853575,0.0,0.0,0.0,0.0,-0.14733361646594992,0.0,0.19056172583865733,0.0,-0.0003014921391220715,0.0,0.004361108851515161,0.0,0.03083328310754071,-4.343530824766912e-05,0.0,0.0,-0.006791278108494857,0.0,0.0,0.0,0.0,-0.002414969180771563,0.0,0.0,-0.00022702952145309453,0.0,0.0,0.0,0.0,0.0,0.0,0.0013582902209730069,0.008349666179967285
0.010147033626625253,-1.334545592921893e-06,0.0,0.0,0.04394943027828057,0.0,0.0,0.17285423821146675,-0.17285423821146675,0.17050045889576268,0.0,0.0,0.0,0.0,-0.14616673189538082,0.0,0.20727021590930855,0.0,-0.000314952867768539,0.0,0.0,0.0,0.05817806826837177,-4.537456576761666e-05,0.0,0.0,-0.004816578802336394,0.0,0.0,0.0,0.0,-0.002522790382765775,0.0,0.0,-0.0002371657153582369,0.0,0.0,0.0,0.0,0.0,0.0,0.001418933845516283,0.008722453978230973
0.011399524267055252,-1.3213024392629042e-06,0.0,0.0,0.04125799978147276,0.0,0.0,0.17113894631781928,-0.17113894631781928,0.17377019585833123,0.0,0.0,0.0,-0.002255305225788806,-0.14606945241602157,0.0,0.20882189082577185,0.0,-0.00031182748243489453,0.0,0.0,0.0,0.056247564206773876,-4.49242983883248e-05,0.0,0.0,-0.004768782238825729,0.0,0.0,0.0,0.0,-0.002497755868496961,0.0,0.0,-0.00023481223861844528,0.0,0.0,0.0,0.0,0.0,0.0,0.0014048532782821802,0.008635898075660224
0.05192483262698441,-1.190698042519661e-06,0.0,0.0,0.07422435425283991,0.0,0.0,0.15422268386424964,-0.15422268386424964,0.20917935801835616,0.0,0.0,0.0013549194278988095,0.0,-0.15250211422045337,0.0,0.17652509926573376,0.0,-0.0002810048342499015,0.0,0.0,0.004517833111036369,0.0,-4.048374737156159e-05,0.0,0.0,-0.009492703855377822,0.0,0.0,0.0,0.0,-0.002250864703595363,0.0,0.0,-0.00021160217719617125,0.0,0.0,0.0,0.0,0.0,0.0,0.0012659902825965241,0.0077822810497680025
0.04333694818253183,-1.2062242407728039e-06,0.0,0.0,0.07948154278659247,0.0,0.0,0.15623368235362406,-0.15623368235362406,0.2134511286452722,0.0,0.0,0.0,0.0,-0.1500297694489835,0.0,0.17265027029196953,0.0,-0.0002846690182922495,0.0,0.004117761010424883,0.0030325833627417734,0.0,-4.101163829375619e-05,0.0,0.0,-0.00944491131837087,0.0,0.0,0.0,0.0,-0.0022802150261633505,0.0,0.0,-0.00021436137998027271,0.0,0.0,0.0,0.0,0.0,0.0,0.0012824982597764913,0.007883758699117862
0.050566143308891406,-1.200662195799182e-06,0.0,0.0,0.07770609044108173,0.0,0.0,0.15551327006354382,-0.15551327006354382,0.20900853967526548,0.0,0.0,0.0,0.0,-0.1511311775618178,0.0,0.17339119921125806,0.0,-0.0002833563752290294,0.0,0.0,0.005452246533462492,0.0,-4.082252869960175e-05,0.0,0.0,-0.009785619714360235,0.0,0.0,0.0,0.0,-0.00226970068057457,0.0,0.0,-0.00021337293388894388,0.0,0.0,0.0,0.0,0.0,0.0,0.0012765845061323937,0.007847405740054807
0.05048605393974939,-1.1927180886575718e-06,0.0,0.0,0.07426545141727992,0.0,0.0,0.1544843261327285,-0.1544843261327285,0.2108066274758824,0.0,0.0,0.0,-0.002035827118992422,-0.15089466264457171,0.0,0.17580666452646088,0.0,-0.00028148156530167975,0.0,0.0,0.005288932886630636,0.0,-4.055242896387614e-05,0.0,0.0,-0.009593634571953624,0.0,0.0,0.0,0.0,-0.002254683346432665,0.0,0.0,-0.0002119611650718161,0.0,0.0,0.0,0.0,0.0,0.0,0.0012681380637212666,0.007795483865441951
0.05141858260259542,-1.2216044712407252e-06,0.0,0.0,0.08449414433326749,0.0,0.0,0.15822577466965249,-0.15822577466965249,0.20070363360512367,0.0,0.0,0.0032441286916224167,0.0,-0.14719034389019148,0.0,0.16998284284729873,0.005562120636814897,-0.0002882987539254901,0.0,0.0,0.0,0.0,-4.1534566309546084e-05,0.0,0.0,-0.008812081714636795,0.0,0.0,0.0,0.0,-0.0023092894150152444,0.0,0.0,-0.00021709464243353425,0.0,0.0,0.0,0.0,0.0,0.0,0.0012988510390884314,0.007984282317900573
0.037592544957477686,-1.2304135635309589e-06,0.0,0.0,0.08758224877213915,0.0,0.0,0.1593667540001743,-0.1593667540001743,0.21229151102192506,0.0,0.0,0.0,0.0,-0.14599828209652507,0.0,0.16715236870917896,0.0025600535502410377,-0.00029037770041781064,0.0,0.006760391122100549,0.0,0.0,-4.183407555044139e-05,0.0,0.0,-0.009100972745630393,0.0,0.0,0.0,0.0,-0.002325941894652183,0.0,0.0,-0.00021866013010645507,0.0,0.0,0.0,0.0,0.0,0.0,0.001308217162857588,0.008041857647285405
0.04662629584715516,-1.244526507711784e-06,0.0,0.0,0.09013087379550976,0.0,0.0,0.16119470369948463,-0.16119470369948463,0.20127122378519202,0.0,0.0,0.0,-0.006396776370012075,-0.13929091150033082,0.0,0.16421689314441884,0.00854503695276675,-0.0002937083563848926,0.0,0.0,0.0,0.0,-4.231391581764839e-05,0.0,0.0,-0.008764204656145951,0.0,0.0,0.0,0.0,-0.0023526206383689442,0.0,0.0,-0.00022116817967794109,0.0,0.0,0.0,0.0,0.0,0.0,0.0013232225206844504,0.008134098412057684
0.061140679686837535,-9.465398567161486e-07,0.0,0.0,0.09688619327500142,0.0,0.0,0.20330617932124742,-0.20330617932124742,0.1123804700187187,0.0,0.0,0.0,0.0,-0.11957276977348279,0.0,0.19058440168644716,0.0,-0.00022338348267088453,0.0,0.0,0.0,0.0,-3.218236619867284e-05,0.0,0.0,-0.003416206859927309,0.0,0.0,0.0,0.0,-0.0017893144004168557,0.0,0.0,-0.00016821216406827323,0.0,0.0,0.0,0.0,0.0,0.0,0.001006393071880072,0.006186488031998734
0.03282550350402995,-1.2026459303941495e-06,0.0,0.0,0.08546407836294655,0.0,0.0,0.1612468952014686,-0.1612468952014686,0.21264677126332374,0.0,0.0,0.0,0.0,-0.14581947873859394,0.0,0.17008433938953035,0.0,-0.00028382453675373896,0.0,0.009582231561192221,0.0,0.0,-4.088997569903156e-05,0.0,0.0,-0.009131648562522294,0.0,0.0,0.0,0.0,-0.002273450681012687,0.0,0.0,-0.00021372546874184938,0.0,0.0,0.0,0.0,0.0,0.0,0.0012786936796010636,0.00786037122718496
0.05569158786763616,-1.087784153850173e-06,0.0,0.0,0.06999409507894246,0.0,0.0,0.1642003636152585,-0.1642003636152585,0.1816310339998019,0.0,0.0,0.009006940569662888,0.0,-0.14854695928362102,0.0,0.18748856982653375,0.0,-0.0002567171482078672,0.0,0.0,0.0,0.0,-3.698467395316233e-05,0.0,0.0,-0.008429449378195264,0.0,0.0,0.0,0.0,-0.0020563189571139932,0.0,0.0,-0.00019331307103445647,0.0,0.0,0.0,0.0,0.0,0.0,0.0011565687682014159,0.007109646362424703
0.04194700084867169,-1.249777882578662e-06,0.0,0.0,0.09453973498664833,0.0,0.0,0.16187487709108053,-0.16187487709108053,0.20200215986494235,0.0,0.0,0.0,0.0,-0.14371617775417198,0.0,0.15991543741652953,0.0,-0.0002949476812778172,0.0,0.0,0.0,0.0,-4.249246262454007e-05,0.0,0.0,-0.01024348249086723,0.0,0.0,0.0,0.0,-0.00236254770124392,0.0,0.0,-0.00022210141574235351,0.0,0.0,0.0,0.011465686594867748,0.0,0.0,0.0013288059594021885,0.008168420862966609
0.03537785478424268,-1.224644875641485e-06,0.0,0.0,0.0857447184137514,0.0,0.0,0.15861957671683286,-0.15861957671683286,0.21486347192309307,0.0,0.0,0.0,0.0,-0.14714837843204304,0.0,0.16789751981861709,0.0,-0.00028901628960975167,0.0,0.007136383764887658,0.0,0.0,-4.163794009473119e-05,0.0,0.0,-0.009465991773312647,0.0,0.0,0.0,0.0,-0.002315036916653733,0.0,0.0,-0.00021763496094232782,0.0,0.0,0.0,0.0029557391135230674,0.0,0.0,0.0013020836995019656,0.008004154091185425
0.0480583584450838,-1.2070579009755573e-06,0.0,0.0,0.07982408301985189,0.0,0.0,0.15634166045496314,-0.15634166045496314,0.2051835636448267,0.0,0.0,0.0036634890802226443,0.0,-0.15001754378911747,0.0,0.17208064449964613,0.0,-0.00028486576216746383,0.0,0.0,0.0,0.0,-4.103998275039994e-05,0.0,0.0,-0.009623130954350027,0.0,0.0,0.0,0.0,-0.002281790955792998,0.0,0.0,-0.00021450953199501118,0.0,0.0,0.0,0.006869860313735318,0.0,0.0,0.001283384635396493,0.007889207417236274
0.04005687560801821,-1.2254053071666565e-06,0.0,0.0,0.08362466924460658,0.0,0.0,0.15871807002623542,-0.15871807002623542,0.2087874849638871,0.0,0.0,0.0,-0.00776175547189847,-0.1422722253085461,0.0,0.166449423083691,0.0,-0.00028919575151113935,0.0,0.0,0.0,0.0,-4.1663794775480696e-05,0.0,0.0,-0.010092810028140001,0.0,0.0,0.0,0.0,-0.0023164744166901717,0.0,0.0,-0.00021777009929024548,0.0,0.0,0.0,0.011340270361112447,0.0,0.0,0.001302892215924324,0.008009124194130638
0.05939273698083055,-1.3599681977989768e-06,0.0,0.0,0.09550467530020833,0.0,0.0,0.15424369718903747,-0.15424369718903747,0.20731257282671603,0.0,0.0,0.0,0.0,-0.14109195608932684,0.0,0.1533591570280938,0.0,-0.00032095260457382373,0.0,0.0,0.0,0.0,-4.6238934630769385e-05,0.0,0.0,-0.01038417060650389,0.0,0.0,0.0,0.0,-0.0025708486157919996,0.010951675483321384,0.0,-0.00024168363539328234,0.0,0.0,0.0,0.0,0.0,0.0,0.0014459640157050003,0.008888613532631519
0.04757581389189747,-1.269276242349522e-06,0.0,0.0,0.1007629633557457,0.0,0.0,0.1644003615274615,-0.1644003615274615,0.19509187727758626,0.0,0.0,0.0,0.0,-0.1398534407971774,0.0,0.15732291909119442,0.008931270637848043,-0.0002995492957593199,0.0,0.0,0.0,0.0,-4.315540708479375e-05,0.0,0.0,-0.00904664706976625,0.0,0.0,0.0,0.0,-0.0023994068949429034,0.0,0.0,-0.00022556652211855725,0.0,0.0,0.0,0.0,0.0,0.0,0.0013495372725605135,0.008295860155152912
0.054757701119109554,-1.5314402101893265e-06,0.0,0.0,0.08410747601995221,0.0,0.0,0.1510608648872174,-0.1510608648872174,0.20839622867547344,0.0,0.0,0.0,0.0,-0.14110031744471765,0.0,0.16138014557715105,0.0,-0.0003614200133538727,0.0,0.0,0.0,0.0,-5.206898505750431e-05,0.0,0.0,-0.009268744472740207,0.0,0.0,0.0,0.0,-0.002894994861574991,0.007483085869908286,0.0,-0.0002721563915869734,0.0,0.0,0.0,0.0,0.0,-0.01616478338807862,0.0016282788374914559,0.010009337129159114
0.04693604148527384,-1.412797890103192e-06,0.0,0.0,0.09139830571806916,0.0,0.0,0.15981242658686898,-0.15981242658686898,0.1986435516439125,0.0,0.0,0.0,0.0,-0.14014064866868575,0.0,0.1621732182269429,0.006903363159806575,-0.00033342041622656197,0.0,0.0,0.0,0.0,-4.80351447869861e-05,0.0,0.0,-0.008550684870272614,0.0,0.0,0.0,0.0,-0.0026707164961974534,0.0,0.0,-0.0002510721432374036,0.0,0.0,0.0,0.0,0.0,-0.011588638713037041,0.0015021343248021503,0.009233903017120933
0.042975330297573326,-1.4881341818120397e-06,0.0,0.0,0.08172908689380294,0.0,0.0,0.15540721909036898,-0.15540721909036898,0.20519634577756124,0.0,0.0,0.0,0.0,-0.142765881210891,0.0,0.16678126166676158,0.0,-0.0003511997871574564,0.0,0.0,0.0,0.0,-5.059657958618784e-05,0.0,0.0,-0.009006643145840421,0.0,0.0,0.0,0.0,-0.00281313026849893,0.0,0.0,-0.00026446035987858017,0.0,0.0,0.0,0.007271479352803801,0.0,-0.018670130594474955,0.0015822344088070196,0.00972629334144271
0.04654096045144132,-1.797462523684404e-06,0.0,0.0,0.06358574746109122,0.0,0.0,0.15062708523057275,-0.15062708523057275,0.2000308198563656,0.0,0.0,0.0,0.0,-0.13877367091789297,0.0,0.1799795102951649,0.0,-0.0004242013008348465,0.0,0.0,0.0,0.0,-6.111374682761971e-05,0.0,0.0,-0.006487316683289278,0.0,0.0,0.0,0.0,-0.0033978765447830687,0.0,0.0,-0.00031943193812201465,0.0,0.0,0.0,0.0,0.0,-0.04548422829785247,0.0019111227255404724,0.011748031857124957
0.04772755024977867,-1.8241651158756375e-06,0.0,0.0,0.06453035924645849,0.0,0.0,0.14494171002109252,-0.14494171002109252,0.20498318293292864,0.0,0.0,0.0,0.004456714702985709,-0.14232082468411178,0.0,0.17572056741197145,0.0,-0.0004305031147497009,0.0,0.0,0.0,0.0,-6.20216352744237e-05,0.0,0.0,-0.006583690415440411,0.0,0.0,0.0,0.0,-0.003448354432636618,0.0,0.0,-0.00032417732817278667,0.0,0.0,0.0,0.0,0.0,-0.045664738538661834,0.001939513821374227,0.011922557278154269
0.037142722688378045,-1.3599681977989768e-06,0.0,0.0,0.07469014580081727,0.0,0.0,0.16285660594740617,-0.16285660594740617,0.19080449770650934,0.0,0.0,0.0,0.0,-0.14252744088238828,0.0,0.17489142892401557,0.0,-0.00032095260457382373,0.0,0.0,0.0,0.025838726275106135,-4.6238934630769385e-05,0.0,0.0,-0.008230943416911713,0.0,0.0,0.0,0.0,-0.0025708486157919996,0.006645221104137029,0.0,-0.00024168363539328234,0.0,0.0,0.0,0.0,0.0,0.0,0.0014459640157050003,0.008888613532631519
0.034542762477709654,-1.2956796187819015e-06,0.0,0.0,0.08382155914845671,0.0,0.0,0.16782020386453533,-0.16782020386453533,0.18642756215058712,0.0,0.0,0.0,0.0,-0.14127680910976115,0.0,0.1721108828446501,0.006331087418709189,-0.00030578049473090643,0.0,0.0,0.0,0.019130332492117565,-4.405312219229721e-05,0.0,0.0,-0.0078418492769902,0.0,0.0,0.0,0.0,-0.002449319153084878,0.0,0.0,-0.0002302587377256299,0.0,0.0,0.0,0.0,0.0,0.0,0.0013776102321165704,0.008468429932478472
0.024475003963641783,-1.298969173739162e-06,0.0,0.0,0.07134004834404677,0.0,0.0,0.1682462766185932,-0.1682462766185932,0.1856314442272709,0.0,0.0,0.0,0.0,-0.14417435625844818,0.0,0.18143387471946862,0.0,-0.00030655682996663484,0.0,0.0,0.0,0.029334359720356848,-4.416496709931729e-05,0.0,0.0,-0.007861758669550887,0.0,0.0,0.0,0.0,-0.002455537642474653,0.0,0.0,-0.00023084333345528254,0.0,0.0,0.0,0.006347161191655192,0.0,0.0,0.0013811077977975773,0.008489930128407144
0.007494648903569972,-1.32675897897588e-06,0.0,0.0,0.04693447583317063,0.0,0.0,0.1783286439494282,-0.1783286439494282,0.16107781153692705,0.0,0.0,0.0,0.0,-0.14272071907517447,0.0,0.2067091606479305,0.0,-0.0003131152262480767,0.0,0.0,0.0,0.06043179955155955,-4.510982080238333e-05,0.0,0.0,-0.0047884757237505,0.0,0.0,0.0,0.0,-0.0025080707696768715,0.0,0.0,-0.00023578193508387303,0.0,0.0,0.0,0.0,0.0,0.0,0.0014106548551778737,0.008671561463092808
0.008255333707493043,-1.3450710403590476e-06,0.0,0.0,0.04758227020732835,0.0,0.0,0.17421752486741446,-0.17421752486741446,0.16461550956100182,0.0,0.0,0.0,0.0032862145153186527,-0.14534780775261674,0.0,0.2036469952258733,0.0,-0.0003174368742142243,0.0,0.0,0.0,0.060608642447363095,-4.573243110358104e-05,0.0,0.0,-0.0048545667491549874,0.0,0.0,0.0,0.0,-0.0025426874156656578,0.0,0.0,-0.00023903622115746773,0.0,0.0,0.0,0.0,0.0,0.0,0.001430124855914873,0.00879124722992488
0.05488046830906903,-1.2957949563590942e-06,0.0,0.0,0.08911741287116198,0.0,0.0,0.15517184073711884,-0.15517184073711884,0.20795912957494178,0.0,0.0,0.0,0.0,-0.14503425414811252,0.0,0.16048390621699593,0.0,-0.0003058077144084438,0.0,0.0,0.002564527737380623,0.0,-4.405704367127069e-05,0.0,0.0,-0.010407075072658693,0.0,0.0,0.0,0.0,-0.0024495371842499845,0.0063316509934334365,0.0,-0.00023027923467916047,0.0,0.0,0.0,0.0,0.0,0.0,0.001377732862915253,0.008469183767127778
0.04793017855080928,-1.2498519586725197e-06,0.0,0.0,0.09431264798835307,0.0,0.0,0.16188447164284506,-0.16188447164284506,0.1994407519535427,0.0,0.0,0.0,0.0,-0.14320004360415814,0.0,0.16140996594900775,0.006107159436713026,-0.0002949651632419533,0.0,0.0,0.0019222604612229254,0.0,-4.2494981212597586e-05,0.0,0.0,-0.009486746724945412,0.0,0.0,0.0,0.0,-0.0023626877327708818,0.0,0.0,-0.00022211458000581807,0.0,0.0,0.0,0.0,0.0,0.0,0.0013288847196013722,0.008168905016766214
0.04515901000758377,-1.2298233525576857e-06,0.0,0.0,0.08779356368196428,0.0,0.0,0.15929030815320566,-0.15929030815320566,0.2052586975310281,0.0,0.0,0.0,0.0,-0.1469145875482417,0.0,0.16483269984351226,0.0,-0.0002902384105804258,0.0,0.0,0.002893005577178748,0.0,-4.1814008370447256e-05,0.0,0.0,-0.010336272591864665,0.0,0.0,0.0,0.0,-0.002324826175133065,0.0,0.0,-0.0002185552421142943,0.0,0.0,0.0,0.00600929353348371,0.0,0.0,0.0013075896306620498,0.008038000088518491
0.04959232898640221,-1.1890357974481057e-06,0.0,0.0,0.0815532151953627,0.0,0.0,0.1598173780816768,-0.1598173780816768,0.2019008988207319,0.0,0.0,0.0,0.0,-0.1482152274815107,0.0,0.17171219644124158,0.0,-0.0002806125442786955,0.0,0.0,0.005641533719705012,0.0,-4.04272310196878e-05,0.0,0.0,-0.00993294545384341,0.0,0.0,0.0,0.0,-0.002247722438615762,0.0,0.0,-0.00021130677511805042,0.0,0.0,0.0,0.0,0.0,0.0,0.001264222927622605,0.007771416785396609
0.050384214528562475,-1.205080928697845e-06,0.0,0.0,0.08222435153958353,0.0,0.0,0.15608559723850834,-0.15608559723850834,0.2051774344492842,0.0,0.0,0.0,0.00294419723657379,-0.15058330359227468,0.0,0.16887697640920893,0.0,-0.00028439919655017296,0.0,0.0,0.005656324472219528,0.0,-4.0972765669835904e-05,0.0,0.0,-0.010005645534797575,0.0,0.0,0.0,0.0,-0.002278053738664067,0.0,0.0,-0.0002141581988918382,0.0,0.0,0.0,0.0,0.0,0.0,0.0012812826518514035,0.007876286127922485
0.052476236760154546,-1.3376418132686215e-06,0.0,0.0,0.09477429457946084,0.0,0.0,0.15544738678043715,-0.15544738678043715,0.2100873952120785,0.0,0.0,0.0,0.0,-0.14192398711415888,0.0,0.1548141493674654,0.0,-0.0003156835760205594,0.0,0.0023678139093007435,0.0,0.0,-4.54798372956175e-05,0.0,0.0,-0.010463631219535122,0.0,0.0,0.0,0.0,-0.0025286433974211595,0.00890394146117654,0.0,-0.00023771595307010924,0.0,0.0,0.0,0.0,0.0,0.0,0.00142222585132444,0.008742690558849903
0.044373480627483225,-1.2656235910629878e-06,0.0,0.0,0.09959715846877508,0.0,0.0,0.16392725947764422,-0.16392725947764422,0.19853426977949684,0.0,0.0,0.0,0.0,-0.14057705197685189,0.0,0.15780857868039488,0.007795135151421506,-0.0002986872697605426,0.0,0.001610910688792836,0.0,0.0,-4.303121689833174e-05,0.0,0.0,-0.00927085169477207,0.0,0.0,0.0,0.0,-0.002392502017667718,0.0,0.0,-0.00022491739955585155,0.0,0.0,0.0,0.0,0.0,0.0,0.00134565365062671,0.008271986798622944
0.037598101111874886,-1.247727376563299e-06,0.0,0.0,0.09388528161950493,0.0,0.0,0.1616092895704192,-0.1616092895704192,0.20648582278385413,0.0,0.0,0.0,0.0,-0.14412239476212357,0.0,0.16018807442207822,0.0,-0.0002944637616924988,0.0,0.0028177176515810556,0.0,0.0,-4.2422745396035885e-05,0.0,0.0,-0.010369345294672648,0.0,0.0,0.0,0.0,-0.002358671477844137,0.0,0.0,-0.00022173701475930788,0.0,0.0,0.0,0.008914495729456049,0.0,0.0,0.0013266257923093107,0.008155018964638107
0.030053168100179363,-1.1824906058901639e-06,0.0,0.0,0.09264282836821522,0.0,0.0,0.16910002141198163,-0.16910002141198163,0.20047193657467105,0.0,0.0,0.0,0.0,-0.14041272431766078,0.0,0.16695609431725977,0.0,-0.000279067878542132,0.0,0.010162377444347155,0.0,0.0,-4.020469443016803e-05,0.0,0.0,-0.009348977860664125,0.0,0.0,0.0,0.0,-0.0022353495782179516,0.0,0.0,-0.00021014361138184767,0.0,0.0,0.0,0.0,0.0,0.0,0.0012572638594002766,0.007728638080460901
0.032094582558614596,-1.2266671472895658e-06,0.0,0.0,0.09457275976861684,0.0,0.0,0.15888150723988098,-0.15888150723988098,0.20949244865667466,0.0,0.0,0.0,0.008114841765870878,-0.1468832702011819,0.0,0.1591072489516858,0.0,-0.0002894935458821099,0.0,0.010235812183784622,0.0,0.0,-4.1706697354417555e-05,0.0,0.0,-0.00954513511313653,0.0,0.0,0.0,0.0,-0.0023188597665377507,0.0,0.0,-0.0002179943443194185,0.0,0.0,0.0,0.0,0.0,0.0,0.0013042338468641154,0.008017371452567021
0.032277996743906745,-6.304631403130355e-07,0.0,0.0,0.13865587860116946,0.0,0.0,0.27338922277904404,-0.27338922277904404,0.0,0.0,0.0,0.008811394008915722,0.0,-0.07891334016030814,0.0,0.18161612965182905,0.0,-0.00014878935205893021,0.0,0.0,0.0,0.0,-2.1435754144269423e-05,0.0,0.0,-0.00668113473651587,0.0,0.0,0.0,0.0,-0.0011918111719118494,0.0,0.0,-0.00011204131389169614,0.0,0.0,0.0,0.0,0.0,0.0,0.0006703296559408029,0.004120642828178954
0.023890790889241245,-6.682729723507619e-07,0.0,0.0,0.15532796926222311,0.0,0.0,0.28093653281368425,-0.28093653281368425,0.0,0.0,0.0,0.0,0.0,-0.07135664737441316,0.0,0.16817521839944669,0.0,-0.00015771247547508588,0.0,0.0,0.005161483170732411,0.0,-2.272128887575968e-05,0.0,0.0,-0.007573382359393103,0.0,0.0,0.0,0.0,-0.0012632858979494395,0.0,0.0,-0.00011876060164803957,0.0,0.0,0.0,0.0,0.0,0.0,0.0007105303434678238,0.004367764036793228
0.021314839915959557,-1.2297829345207982e-06,0.0,0.0,0.13825075103435772,0.0,0.0,0.27149443174303073,-0.27149443174303073,0.0,0.0,0.0,0.0,0.0,-0.06336350930188667,0.0,0.17577501117374003,0.0,-0.0002902288719204543,0.0,0.0,0.0,0.0,-4.181263415672037e-05,0.0,0.0,-0.004438474373077937,0.0,0.0,0.0,0.0,-0.0023247497699242126,0.0,0.0,-0.00021854805931538309,0.0,0.0,0.0,0.0,0.0,-0.041646699019473224,0.001307546656843236,0.008037735920348808
0.03143236795636737,-8.204308111106603e-07,0.0,0.0,0.1716533217764839,0.0,0.0,0.27924814450425567,-0.27924814450425567,0.0,0.0,0.0,0.0,0.0,-0.06219512227296539,0.0,0.1492510334404972,0.0,-0.00019362173771765188,0.0,0.0,0.0,0.0,-2.7894657173168986e-05,0.0,0.0,-0.008246788292420783,0.0,0.0,0.0,0.0,-0.0015509211307371466,0.010571456464647907,0.0,-0.00014580098368387957,0.0,0.0,0.0,0.0,0.0,0.0,0.0008723096850070868,0.00536225216297595
0.02201577377574238,-7.616244350980586e-07,0.0,0.0,0.17181349247902364,0.0,0.0,0.2817583645407823,-0.2817583645407823,0.0,0.0,0.0,0.0,0.0,-0.06568749217340401,0.0,0.15391551026178932,0.008488662128435081,-0.00017974342822678392,0.0,0.0,0.0,0.0,-2.58952397009664e-05,0.0,0.0,-0.006993149934768817,0.0,0.0,0.0,0.0,-0.0014397550824307083,0.0,0.0,-0.00013535034317476178,0.0,0.0,0.0,0.0,0.0,0.0,0.0008097847643906646,0.00497789968291311
0.014789169325063236,-7.284293888572166e-07,0.0,0.0,0.16931024058044072,0.0,0.0,0.28372136929548764,-0.28372136929548764,0.0,0.0,0.0,0.0,0.0,-0.06652779450012147,0.0,0.15518342906577753,0.0,-0.00017190939463159423,0.0,0.0,0.0,0.0,-2.4766607740542763e-05,0.0,0.0,-0.008255121053645068,0.0,0.0,0.0,0.0,-0.0013770040277975655,0.0,0.0,-0.00012945116151336775,0.0,0.0,0.0,0.01125221634634655,0.0,0.0,0.0007744906726305747,0.004760940243927543
0.04570557692140804,-6.572477592928393e-07,0.0,0.0,0.13880545399461203,0.0,0.0,0.2712252940727432,-0.2712252940727432,0.0,0.0,0.0,0.0,0.0,-0.07652481137809625,0.0,0.18760959010983622,0.0,-0.00015511052430251544,0.0,0.0,0.0,0.0,-2.2346431502844153e-05,0.0,0.0,-0.002372107511412883,0.0,0.0,0.0,0.0,-0.0012424441210794762,0.0,0.0,-0.00011680128114544492,0.0,0.0,0.0,0.0,0.0,0.0,0.0006988079654202795,0.004295704367938176
0.006170013222417201,-6.656552440917984e-07,0.0,0.0,0.16500205535086526,0.0,0.0,0.2886496579811058,-0.2886496579811058,0.0,0.0,0.0,0.0,0.0,-0.06471175686284267,0.0,0.16384411810930852,0.0,-0.00015709469139444298,0.0,0.009303241148850606,0.0,0.0,-2.2632286084339096e-05,0.0,0.0,-0.007054071982126488,0.0,0.0,0.0,0.0,-0.0012583374123289906,0.0,0.0,-0.00011829539806230724,0.0,0.0,0.0,0.0,0.0,0.0,0.000707747086571463,0.004350654831691938
0.018455120098699672,-1.2801346481842078e-06,0.0,0.0,0.13780362588345266,0.0,0.0,0.2717524197500269,-0.2717524197500269,0.0,0.0,0.0,0.0,0.0,-0.06211230865793236,0.0,0.17516770639478507,0.0,-0.00030211188041372747,0.0,0.0,0.0,0.0,-4.352459301016831e-05,0.0,0.0,-0.004620201395353364,0.0,0.0,0.0,0.0,-0.0024199333437635367,0.0,0.0,-0.00022749619885728523,0.0,0.0,0.0,0.0,0.0,-0.04561394003448485,0.001361082295547292,0.008366829588997907
0.0,-8.33126767599305e-07,0.0,0.0,0.1432415907358105,0.0,0.0,0.2766435009751368,-0.2766435009751368,0.0,0.0,0.0,0.0,0.006041348205986764,-0.07564693177920097,0.0,0.1718340141443042,0.0,-0.00019661798447487847,0.0,0.0,0.0,0.029559035997749238,-2.832631984226936e-05,0.0,0.0,-0.006041348205986764,0.0,0.0,0.0,0.0,-0.0015749212376645087,0.0,0.0,-0.00014805721653104217,0.0,0.0,0.0,0.00606893300102544,0.0,0.0,0.0008858084537703915,0.005445231640611756
0.0,-8.128076475038846e-07,0.0,0.0,0.14096752254627398,0.0,0.0,0.2804650076716408,-0.2804650076716408,0.0,0.0,0.0,0.0,0.0,-0.07298901322350124,0.0,0.1765857856862494,0.0,-0.00019182267049045728,0.0,0.0,0.0,0.02802515465432994,-2.7635469521381365e-05,0.0,0.0,-0.006097247407489639,0.0,0.0,0.0,0.0,-0.0015365104999311076,0.0,0.0,-0.00014444625061242605,0.0,0.0,0.0,0.006327401017497826,0.0,0.0,0.0008642044805772558,0.0053124279425961545
0.0,-1.0785999160532647e-06,0.0,0.0,0.12258970268566738,0.0,0.0,0.2717259951939449,-0.2717259951939449,0.0,0.0,0.0,0.0,0.0038928317769118185,-0.0743643402179269,0.0,0.1871064302325231,0.0,-0.00025454966734565754,0.0,0.0,0.0,0.03433979022845186,-3.667240976065255e-05,0.0,0.0,-0.0038928317769118185,0.0,0.0,0.0,0.0,-0.0020389573121391328,0.0,0.0,-0.0001916809152365006,0.0,0.0,0.0,0.0,0.0,-0.01964272089198802,0.0011468037770880205,0.007049619120243138
0.0,-1.0723382673292778e-06,0.0,0.0,0.12058794919256925,0.0,0.0,0.2740187635455564,-0.2740187635455564,0.0,0.0,0.0,0.0,0.0,-0.0726425517747658,0.0,0.19053548342880552,0.0,-0.0002530719177408193,0.0,0.0,0.0,0.03349539701348831,-3.6459513630803435e-05,0.0,0.0,-0.003870232530642832,0.0,0.0,0.0,0.0,-0.0020271204537620833,0.0,0.0,-0.00019056814066602306,0.0,0.0,0.0,0.0,0.0,-0.020173726801015396,0.0011401461811614954,0.007008693622371429
0.0017853639441781923,-1.3593517872119467e-06,0.0,0.0,0.04654978429886194,0.0,0.0,0.17606720885831062,-0.17606720885831062,0.16103103450918937,0.0,0.0,0.0,0.004906108144921472,-0.1450173742393706,0.0,0.2039118636210579,0.0,-0.00032080713162547505,0.0,0.0,0.0,0.0662484100971457,-4.621797666360108e-05,0.0,0.0,-0.004906108144921472,0.0,0.0,0.0,0.0,-0.0025696833692024166,0.0,0.0,-0.0002415740913967319,0.0,0.0,0.0,0.0,0.0,0.0,0.0014453086271972485,0.008884584735859357
0.0,-2.4328619089746524e-07,0.0,0.0,0.029189281827337973,0.0,0.0,0.28298433985399446,-0.28298433985399446,0.0,0.0,0.0,0.0018976776700784235,-0.12814582037756217,-0.004201697446280291,0.0,0.25241221136878456,0.0,-5.74155607107276e-05,0.0,0.0,0.0,0.008648655490922624,-8.271733335884658e-06,0.0,0.0,-0.0035906454789527064,0.0,0.0,0.0,0.0,-0.0004599019066198103,0.003527499272400498,0.0,-4.323504854910932e-05,0.0,0.0,0.0,0.0,0.0,0.0,0.0002586700763481168,0.0015900937479372077
0.0,-2.4813421058457334e-07,0.0,0.0,0.030628028463346585,0.0,0.0,0.28390946545640705,-0.28390946545640705,0.0,0.0,0.0,0.0008641367193771043,-0.13187790356063275,0.0,0.0,0.25015686377916135,0.0,-5.855969374863304e-05,0.0,0.0,0.0,0.007535371540862608,-8.436566061946691e-06,0.0,0.0,-0.0037693327352442464,0.0,0.0,0.0,0.0,-0.00046906647732234996,0.0048834202491988875,0.0,-4.4096603271002664e-05,0.0,0.0,0.0,0.0,0.0,0.0,0.0002638246542465802,0.0016217799105011817
0.0,-4.434449719496441e-07,0.0,0.0,0.019993890877070923,0.0,0.0,0.28006692807575595,-0.28006692807575595,0.0,0.0,0.0,0.0015860610852715977,-0.13056436962799872,0.0,0.0,0.25889442796643525,0.0,-0.00010465304921302443,0.0,0.0,0.0,0.0,-1.507713423262991e-05,0.0,0.0,-0.0023934911512680885,0.0,0.0,0.0,0.0,-0.0008382768760046974,0.0,0.0,-7.880580817339369e-05,0.0,0.0,0.0,0.0,0.0,-0.022026850049915375,0.0004714856372540545,0.002898311140678334
0.0,-3.5861251533964234e-07,0.0,0.0,0.022227403081834844,0.0,0.0,0.28020463119050026,-0.28020463119050026,0.0,0.0,0.0,0.0027972445129757083,-0.12562898037387404,-0.006193451771135548,0.0,0.25853869267290885,0.0,-8.46325825981128e-05,0.0,0.0,0.0,0.0049489369497825635,-1.2192829715725858e-05,0.0,0.0,-0.002692909577054915,0.0,0.0,0.0,0.0,-0.0006779117998190739,0.0,0.0,-6.373000232291108e-05,0.0,0.0,0.0,0.0,0.0,-0.012999149091321079,0.00038128891072732876,0.002343854850413305
0.0,-4.4725398734108486e-07,0.0,0.0,0.019997206873137642,0.0,0.0,0.2799462380053916,-0.2799462380053916,0.0,0.0,0.0,0.001557578829774157,-0.13061216534313227,0.0,0.0,0.2587181922294771,0.0,-0.00010555197715319485,0.0,0.0,0.0,0.00037895298697916517,-1.5206640800487503e-05,0.0,0.0,-0.002392997341624865,0.0,0.0,0.0,0.0,-0.0008454773399291216,0.0,0.0,-7.948271862509562e-05,0.0,0.0,0.0,0.0,0.0,-0.022005522466761632,0.00047553551077330567,0.002923206477061315
0.0,-1.0463674425699587e-07,0.0,0.0,0.025507938670531586,0.0,0.0,0.28438171650202787,-0.28438171650202787,0.0,0.0,0.0,0.005571780716675487,-0.11656762116766951,-0.015592585470031565,0.0,0.26379319778354854,0.0,-2.4694280099902776e-05,0.0,0.0,0.0,0.0,-3.5576505285242972e-06,0.0,0.0,-0.003163540344225665,0.0,0.0,0.0,0.0,-0.0001978025880086368,0.0,0.0,-1.859527949894458e-05,0.0,0.0,0.0,0.0,0.0,0.0,0.00011125331251202343,0.0006838950958695253
0.0,-1.231975009699737e-07,0.0,0.0,0.025498862568199263,0.0,0.0,0.2838215027256736,-0.2838215027256736,0.0,0.0,0.0,0.005426682374830975,-0.11684285657951896,-0.015524850892807364,0.0,0.26298124420090147,0.0,-2.9074620183981617e-05,0.0,0.0,0.0,0.00170015445248399,-4.188716473844185e-06,0.0,0.0,-0.0031579797781238097,0.0,0.0,0.0,0.0,-0.000232889361199979,0.0,0.0,-2.18937618938291e-05,0.0,0.0,0.0,0.0,0.0,0.0,0.0001309877345041383,0.0008052063100301689
0.0,-2.7832650258963985e-07,0.0,0.0,0.032028485159800266,0.0,0.0,0.2821390078456278,-0.2821390078456278,0.0038771300466291657,0.0,0.0,0.0,-0.1318020470204692,0.0,0.0,0.24738118595945074,0.0,-6.568507710153987e-05,0.0,0.0,0.0,0.008064541933262944,-9.463104343235037e-06,0.0,0.0,-0.003937190078452065,0.0,0.0,0.0,0.0,-0.0005261412032125847,0.005865334471823299,0.0,-4.946215733649458e-05,0.0,0.0,0.0,0.0,0.0,0.0,0.00029592611651727154,0.0018191136538429251
0.0,-4.7650693074613333e-07,0.0,0.0,0.01969018280659439,0.0,0.0,0.27887685160886894,-0.27887685160886894,0.0016149546327895543,0.0,0.0,0.001255714647033456,-0.13047455941343086,0.0,0.0,0.2582790647236707,0.0,-0.00011245567416059263,0.0,0.0,0.0,0.0,-1.6201241218389016e-05,0.0,0.0,-0.0023476435893221323,0.0,0.0,0.0,0.0,-0.0009007763455841252,0.0,0.0,-8.468133850424305e-05,0.0,0.0,0.0,0.0,0.0,-0.0238485469033724,0.0005066382259585672,0.0031144007336919048
0.0,-6.146675524598632e-07,0.0,0.0,0.0189200359885208,0.0,0.0,0.2722663676355472,-0.2722663676355472,0.01180201617371006,0.0,0.0,0.0,-0.12699999611093216,-0.003239604710351083,0.0,0.25541517735766156,0.0,-0.0001450615920492071,0.0,0.0,0.0,0.0,-2.089870397252315e-05,0.0,0.0,-0.0022184290438366804,0.0,0.0,0.0,0.0,-0.0011619516022295065,0.0,0.0,-0.00010923423715144069,0.0,0.0,0.0,0.0,0.0,-0.030763304810418262,0.0006535352546602737,0.0040174044758595345
0.0,-5.458933784526781e-07,0.0,0.0,0.020639277273863613,0.0,0.0,0.2756891207802108,-0.2756891207802108,0.007604376874505973,0.0,0.0,0.0,-0.13021279226679025,0.0,0.0,0.2549691223661982,0.0,-0.0001288308814261619,0.0,0.0,0.0,0.0,-1.856038125192564e-05,0.0,0.0,-0.0024497342988129634,0.0,0.0,0.0,0.0,-0.0010319426870690177,0.0009590434987213357,0.0,-9.701219223735541e-05,0.0,0.0,0.0,0.0,0.0,-0.026362204105975243,0.0005804122353241087,0.0035679034840237086
0.0,-8.296935712162868e-07,0.0,0.0,0.12864039835241559,0.0,0.0,0.27495404501308085,-0.27495404501308085,0.0,0.0,0.0,0.0,0.0050549193420876826,-0.07918133490498754,0.0,0.18445001545169135,0.0,-0.00019580774985106415,0.0,0.0,0.002060428566537956,0.03740421789069116,-2.8209591125093556e-05,0.0,0.0,-0.0050549193420876826,0.0,0.0,0.0,0.0,-0.0015684312122482462,0.0,0.0,-0.00014744709389419685,0.0,0.0,0.0,0.0,0.0,0.0,0.0008821581636851328,0.005422792618964291
0.0,-8.12688061381408e-07,0.0,0.0,0.12623406126075196,0.0,0.0,0.2780697082568751,-0.2780697082568751,0.0,0.0,0.0,0.0,0.0,-0.0770978364691063,0.0,0.1888449272531382,0.0,-0.00019179444815588958,0.0,0.0,0.0021333445634222604,0.03640728243389876,-2.763140359181853e-05,0.0,0.0,-0.005066459857588644,0.0,0.0,0.0,0.0,-0.001536284437426165,0.0,0.0,-0.00014442499863839494,0.0,0.0,0.0,0.0,0.0,0.0,0.0008640773325820609,0.005311646339887885
0.0,-2.805015848350218e-07,0.0,0.0,0.03618621251002206,0.0,0.0,0.2843438842802643,-0.2843438842802643,0.0,0.0,0.0,0.0,-0.12892463210359897,0.0,0.0,0.24540700566344364,0.0,-6.619839668720917e-05,0.0,0.0,0.0,0.008127565187652916,-9.537057165016851e-06,0.0,0.0,-0.003967958661956171,0.0,0.0,0.0,0.0,-0.00053025292228721,0.005911171231004292,0.0,-4.984869709911114e-05,0.0,0.0,0.0,0.0,0.0,0.0,0.0002982387372558383,0.001833329769714001
0.0,0.0,0.0,0.0,0.0,0.0,0.0,0.2857142857142857,-0.2857142857142857,0.0,0.0,0.0,0.0,-0.14285714285714285,0.0,0.0,0.2857142857142857,0.0,0.0,0.0,0.0,0.0,0.0,0.0,0.0,0.0,0.0,0.0,0.0,0.0,0.0,0.0,0.0,0.0,0.0,0.0,0.0,0.0,0.0,0.0,0.0,0.0,0.0
0.0,-2.556872594423736e-07,0.0,0.0,0.030198984743497432,0.0,0.0,0.28385639961884107,-0.28385639961884107,0.0,0.0,0.0,0.0,-0.13157359472855865,0.0,0.0,0.2509861989392615,0.0,-6.034221388940376e-05,0.0,0.0,0.0,0.008719647949093566,-8.693369811449116e-06,0.0,0.0,-0.0033711090754923534,0.0,0.0,0.0,0.0,-0.0004833445650250709,0.004896589436028243,0.0,-4.543887606033011e-05,0.0,0.0,0.0,0.0,0.0,0.0,0.00027185531031259457,0.0016711458680277811
0.0,-8.216007246772373e-08,0.0,0.0,0.0007877877800156659,0.0,0.0,0.28316924337913363,-0.28316924337913363,0.0,0.0,0.0,0.0,-0.1437643524965609,0.0,0.0,0.28099863865068603,0.0,-1.9389783741389984e-05,0.0,0.0,0.0,0.006997681304298777,-2.793443424811541e-06,0.0,0.0,-0.0002965282456780186,0.0,0.0,0.0,0.0,-0.00015531327050063821,0.0,0.0,-1.460088921955079e-05,0.0,0.0,0.0,0.0,0.0,0.0,8.73553576534472e-05,0.0005369898598809315
0.0,-2.159465777124468e-07,0.0,0.0,0.03997959650844007,0.0,0.0,0.28591753411440285,-0.28591753411440285,0.0,0.0,0.0,0.0,-0.13059495959785836,0.0,0.0,0.245749664344924,0.00516940956248318,-5.0963409789865e-05,0.0,0.0,0.0,0.0011610885006618484,-7.342186167841653e-06,0.0,0.0,-0.0033640889507772164,0.0,0.0,0.0,0.0,-0.000408219810798197,0.0,0.0,-3.837645177052637e-05,0.0,0.0,0.0,0.0,0.0,0.0,0.0002296016783276257,0.0014114048226178033
0.0,-4.618676104388352e-07,0.0,0.0,0.019170406391676654,0.0,0.0,0.27983107509273236,-0.27983107509273236,0.0,0.0,0.0,0.0,-0.13005630306939278,0.0,0.0,0.26025798891744134,0.0,-0.00010900079338512885,0.0,0.0,0.0,0.002483341838474471,-1.5703504156725677e-05,0.0,0.0,-0.0016669507236952508,0.0,0.0,0.0,0.0,-0.000873102554087336,0.0,0.0,-8.207974520428155e-05,0.0,0.0,0.0,0.0,0.0,-0.02211271757390906,0.0004910732072963723,0.0030187196282053397
0.0,-1.2673253328662446e-07,0.0,0.0,0.024896054364741512,0.0,0.0,0.28609415425195805,-0.28609415425195805,0.0,0.0,0.0,0.0,-0.13672169330297404,0.0,0.0,0.2579886903859071,0.0,-2.9908888096362176e-05,0.0,0.0,0.0032292116938358096,2.993736683915273e-05,-4.3089076139545315e-06,0.0,0.0,-0.003686608755901169,0.0,0.0,0.0,0.0,-0.0002395718946244738,0.0,0.0,-2.252198207052413e-05,0.0,0.0,0.0,0.0,0.0,0.0,0.00013474629998567236,0.0008283109209607227
0.0,-6.292664624621271e-08,0.0,0.0,0.002741241143487806,0.0,0.0,0.2831542095416945,-0.2831542095416945,0.0,0.0,0.0,0.003206808175333551,-0.14484997122975976,0.0,0.0,0.27721599262763685,0.0,-1.485069359894174e-05,0.0,0.0,0.0,0.003221673009514446,-2.1395067083342707e-06,0.0,0.0,-0.0018305159615653903,0.0,0.0,0.0,0.0,-0.00011895490031335384,0.0,0.0,-1.1182864902653956e-05,0.0,0.0,0.0,0.0,0.0,0.0,6.690573077244216e-05,0.0004112821463711021
0.0,-7.324440937909666e-07,0.0,0.0,0.09713224715025401,0.0,0.0,0.275898383554261,-0.275898383554261,0.0,0.0,0.0,0.0,-0.022217283369002014,-0.06758193246262903,0.0,0.21149316294692458,0.0,-0.00017285686532037052,0.0,0.0,0.0,0.03985591484605091,-2.4903107755244528e-05,0.0,0.0,-0.0026435025635400196,0.0,0.0,0.0,0.0,-0.001384593321899037,0.0,0.0,-0.00013016462561127123,0.0,0.0,0.0,0.0,0.0,0.0,0.0007787592422024744,0.004787179946195146
0.0,-1.970112800613984e-07,0.0,0.0,0.014923024926936696,0.0,0.0,0.2814735386421736,-0.2814735386421736,0.0,0.0,0.0,0.0,-0.12641254827438683,-0.009775494029333788,0.0,0.2697516589946634,0.0,-4.649467801413644e-05,0.0,0.0,0.0,0.013521211523258378,-6.698385826246895e-06,0.0,0.0,-0.0007110437892850827,0.0,0.0,0.0,0.0,-0.000372425015129745,0.0,0.0,-3.501140869013244e-05,0.0,0.0,0.0,0.0,0.0,0.0,0.0002094690317889847,0.0012876456470592046
0.0,-4.422930861599446e-07,0.0,0.0,0.020926500997792325,0.0,0.0,0.27978686313472645,-0.27978686313472645,0.0,0.0,0.0,0.0,-0.12659920328118188,-0.0030822723515617103,0.0,0.25975902857030286,0.0,-0.00010438120407357634,0.0,0.0,0.0,0.005203511042276536,-1.5037970102308165e-05,0.0,0.0,-0.0015963032769481529,0.0,0.0,0.0,0.0,-0.000836099380977393,0.0,0.0,-7.860110342686874e-05,0.0,0.0,0.0,0.0,0.0,-0.01886384881279343,0.00047026091346654016,0.0028907825325572476
0.0,-2.5721876202700466e-07,0.0,0.0,0.035155576741441874,0.0,0.0,0.2828641790248071,-0.2828641790248071,0.0,0.0,0.0,0.0,-0.1180287221696127,-0.01119572520907368,0.0,0.2518880311241203,0.0,-6.0703648623130925e-05,0.0,0.0,0.0,0.00981734497462948,-8.745440917238369e-06,0.0,0.0,-0.002495543000614061,0.0,0.0,0.0,0.0,-0.0004862396777976732,0.0,0.0,-4.571104353664823e-05,0.0,0.0,0.0,0.003134402432958319,0.0,0.0,0.00027348365546869433,0.0016811556128299343
0.0,-2.6203723217017183e-07,0.0,0.0,0.03027940519331195,0.0,0.0,0.2834798225500415,-0.2834798225500415,0.0,0.0,0.0,0.0,-0.129393358169809,-0.0018260970860073608,0.0,0.25149765033432203,0.0,-6.184080796627851e-05,0.0,0.0,0.0,0.009788378351697892,-8.90926895846081e-06,0.0,0.0,-0.003180915738038675,0.0,0.0,0.0,0.0,-0.0004953483888085958,0.004470366718952911,0.0,-4.656734692897708e-05,0.0,0.0,0.0,0.0,0.0,0.0,0.00027860681529628793,0.0017126486425864044
0.0,-2.079309736954701e-07,0.0,0.0,0.029052577973876156,0.0,0.0,0.2837722818194791,-0.2837722818194791,0.0,0.0,0.0,0.0,-0.12455090521172277,-0.008100248097537451,0.0,0.2558812084531444,0.0,-4.9071726594151516e-05,0.0,0.0,0.0022170697293411017,0.0076194390545409295,-7.069655537517382e-06,0.0,0.0,-0.002967524360162683,0.0,0.0,0.0,0.0,-0.00039306732081708404,0.0,0.0,-3.69519770498445e-05,0.0,0.0,0.0,0.0,0.0,0.0,0.00022107921802932837,0.0013590156517145247
0.0,-2.435720431442105e-07,0.0,0.0,0.037495218928503535,0.0,0.0,0.2839340909670381,-0.2839340909670381,0.0,0.0,0.0,0.0,-0.11516767457817427,-0.012085790482285145,0.0,0.25212795739045574,0.0,-5.7483021864057994e-05,0.0,0.0025970936131895703,0.0,0.008059775352783677,-8.281452315617203e-06,0.0,0.0,-0.002177635498710254,0.0,0.0,0.0,0.0,-0.00046044227429462465,0.0,0.0,-4.3285848126842496e-05,0.0,0.0,0.0,0.0,0.0,0.0,0.0002589740040894206,0.0015919620490878266
0.0,-2.596604026201513e-07,0.0,0.0,0.03654400843931469,0.0,0.0,0.28343982079452174,-0.28343982079452174,0.0,0.0,0.0,0.0,-0.12125854300825104,-0.008137844616005696,0.0,0.25006019573789656,0.003164155644408598,-6.127987600041215e-05,0.0,0.0,0.0,0.008855817249037022,-8.828456725961734e-06,0.0,0.0,-0.002519231860027833,0.0,0.0,0.0,0.0,-0.00049085529186079,0.0,0.0,-4.614495410590311e-05,0.0,0.0,0.0,0.0,0.0,0.0,0.00027607969002500863,0.0016971139268943294
0.0,-6.510872953028426e-07,0.0,0.0,0.030805317471948226,0.0,0.0,0.24525275560217175,-0.24525275560217175,0.055537889634032944,0.0,0.0,0.0,-0.07528737093960362,-0.06007521664990071,0.0,0.24353928469675984,0.0,-0.00015365665430307524,0.0,0.0,0.0,0.03542888804608413,-2.2136975655134126e-05,0.0,0.0,-0.002349873456297682,0.0,0.0,0.0,0.0,-0.0012307985396997415,0.0,0.0,-0.00011570648838836322,0.0,0.0,0.0,0.0,0.0,0.0,0.000692257952512626,0.004255440203175062
0.0,-1.9580072516040861e-07,0.0,0.0,0.020293192866494277,0.0,0.0,0.2811094631869006,-0.2811094631869006,0.0,0.0,0.0,0.004096397934211437,-0.12427032814390195,-0.011763626526118018,0.0,0.26263227987439774,0.0,-4.6208986959683036e-05,0.0,0.0,0.0,0.010024464183654313,-6.657226945455112e-06,0.0,0.0,-0.0027548736789264595,0.0,0.0,0.0,0.0,-0.0003701366135358058,0.0,0.0,-3.47962776967843e-05,0.0,0.0,0.0,0.0,0.0,0.0,0.00020818192902533219,0.0012797335836062902
0.0,-4.960090491993604e-07,0.0,0.0,0.022095696574164107,0.0,0.0,0.27945907130602815,-0.27945907130602815,0.0,0.0,0.0,0.0,-0.1268791935192526,-0.001398156440393577,0.0,0.2576850317290963,0.0,-0.00011705817569143777,0.0,0.0,0.0,0.003090865624329986,-1.6864313473887144e-05,0.0,0.0,-0.0017901723888728125,0.0,0.0,0.0,0.0,-0.0009376426445987891,0.0,0.0,-8.814711284608031e-05,0.0,0.0,0.0,0.0,0.0,-0.02321329472845713,0.0005273735354746439,0.003241864592243074
0.0,-5.057315620066466e-07,0.0,0.0,0.021340836339017722,0.0,0.0,0.279472227674575,-0.279472227674575,0.0,0.0,0.0,0.0,-0.1284158389188599,0.0,0.0,0.2578653689619874,0.0,-0.00011935268949959233,0.0,0.0,0.0,0.001844685658731917,-1.7194879023045208e-05,0.0,0.0,-0.0018252624220207164,0.0,0.0,0.0,0.0,-0.0009560218306952613,0.0,0.0,-8.987492695542904e-05,0.0,0.0,0.0,0.0,0.0,-0.024737481508747685,0.0005377108387177046,0.00330540994503139
0.0,-2.1716418417289396e-07,0.0,0.0,0.025535445635364636,0.0,0.0,0.28473421317873565,-0.28473421317873565,0.0,0.0,0.0,0.0,-0.1343824148317304,0.0,0.0,0.2565534941965081,0.0,-5.1250765012920144e-05,0.0,0.0,0.002679205651956935,5.12995651338046e-05,-7.383584801737458e-06,0.0,0.0,-0.0034629843491116126,0.0,0.0,0.0,0.0,-0.0004105215424772805,0.0,0.0,-3.8592835915622914e-05,0.0,0.0,0.0,0.0,0.0,-0.005708504267439828,0.0002308962785469146,0.001419362974344635
0.0,-4.1836152907095413e-07,0.0,0.0,0.018224868235541664,0.0,0.0,0.2801394678734301,-0.2801394678734301,0.0,0.0,0.0,0.0012903561624552542,-0.13178437799037443,0.0,0.0,0.2606896132374779,0.0,-9.873335466676691e-05,0.0,0.0,0.0,0.0013891835293702646,-1.422429688138927e-05,0.0,0.0,-0.0021551087147883307,0.0,0.0,0.0,0.0,-0.0007908597860254288,0.0,0.0,-7.434816153657313e-05,0.0,0.0,0.0,0.0,0.0,-0.02002978803242985,0.0004448160755310099,0.0027343683145318438
0.0,-5.289272676854091e-07,0.0,0.0,0.016515886481488204,0.0,0.0,0.27586949670230393,-0.27586949670230393,0.006525500189887055,0.0,0.0,0.0,-0.13153815330554508,0.0,0.0,0.25943625608384324,0.0,-0.00012482687791412692,0.0,0.0,0.0,0.00012494573597859296,-1.798353328741015e-05,0.0,0.0,-0.0019089792653193781,0.0,0.0,0.0,0.0,-0.0009998703912226892,0.0,0.0,-9.399709869667192e-05,0.0,0.0,0.0,0.0,0.0,-0.026954690697066862,0.0005623732946373779,0.0034570147132376413
0.0,-5.621786650932677e-07,0.0,0.0,0.024489900204040637,0.0,0.0,0.27921387145500315,-0.27921387145500315,0.0,0.0,0.0,0.0,-0.1258724835759086,0.0,0.0,0.25481181270628317,0.0,-0.00013267421038928604,0.0,0.0,0.0,0.0001328005405524283,-1.9114081188171414e-05,0.0,0.0,-0.002028988635364279,0.0,0.0,0.0,0.0,-0.0010627279706407183,0.0,0.0,-9.990629467672816e-05,0.0,0.0,0.0,0.0,0.0,-0.028649216933719808,0.0005977273008571447,0.003674342457707508
0.0,-2.749387540867777e-07,0.0,0.0,0.034394885230143876,0.0,0.0,0.28413647349383886,-0.28413647349383886,0.0,0.0,0.0,0.0,-0.1297468065745351,0.0,0.0,0.2469823142501154,0.0,-6.48855681811148e-05,0.0,0.0,0.0,0.008471648457101529,-9.347920854516072e-06,0.0,0.0,-0.0037945296429438974,0.0,0.0,0.0,0.0,-0.0005197370912904603,0.0056044674039787325,0.0,-4.886011136564395e-05,0.0,0.0,0.0,0.0,0.0,0.0,0.0002923241481496839,0.0017969716749081032
0.0,-4.780509920748552e-07,0.0,0.0,0.021374174082296454,0.0,0.0,0.2797805172940053,-0.2797805172940053,0.0,0.0,0.0,0.0012597836338651017,-0.1292771582719717,0.0,0.0,0.25749579815519025,0.0,-0.00011282007275894005,0.0,0.0,0.0,0.0,-1.625373932162424e-05,0.0,0.0,-0.002355250835819509,0.0,0.0,0.0,0.0,-0.0009036951990808959,0.0,0.0,-8.495573782902111e-05,0.0,0.0,0.0,0.0,0.0,-0.023925825147703594,0.0005082799239945851,0.003124492561165446
0.0,-6.295269263940402e-07,0.0,0.0,0.031464747069871506,0.0,0.0,0.2788483122171441,-0.2788483122171441,0.0,0.0,0.0,0.0,-0.11798285096790949,-0.0033179210255646976,0.0,0.24950242448218887,0.0,-0.00014856840549839584,0.0,0.0,0.0,0.0,-2.1403922860074023e-05,0.0,0.0,-0.0022720587930838724,0.0,0.0,0.0,0.0,-0.0011900413773963381,0.0,0.0,-0.00011187493677801453,0.0,0.0,0.0,0.0,0.0,-0.031506996986456655,0.000669334241753868,0.004114523829423477
0.0,-5.657096125835674e-07,0.0,0.0,0.024697170909666822,0.0,0.0,0.27920358853132454,-0.27920358853132454,0.0,0.0,0.0,0.0,-0.12570089759994343,0.0,0.0,0.25462153772162965,0.0,-0.00013350751428231768,0.0,0.0,0.0,0.0,-1.923413344413805e-05,0.0,0.0,-0.002041732363959347,0.0,0.0,0.0,0.0,-0.0010694027822154026,0.0,0.0,-0.00010053378892785811,0.0,0.0,0.0,0.0,0.0,-0.02890933851982623,0.000601481523213653,0.0036974203706293574
0.0,-5.54323954981165e-07,0.0,0.0,0.028679838753533447,0.0,0.0,0.2799467621485615,-0.2799467621485615,0.0,0.0,0.0,0.0,-0.12450193465776987,0.0,0.0,0.25118495562728405,0.0,-0.00013082049816812396,0.0,0.0,0.0,0.0,-1.88470209524946e-05,0.0,0.0,-0.0024875670941825307,0.0,0.0,0.0,0.0,-0.00104787963032524,0.0009738546137288774,0.0,-9.85104128480753e-05,0.0,0.0,0.0,0.0,0.0,-0.026769332288780784,0.0005893759083802644,0.0036230048729681517
0.0,-3.0949453629491495e-07,0.0,0.0,0.021614297777156496,0.0,0.0,0.2804284530802423,-0.2804284530802423,0.0,0.0,0.0,0.002987563330674224,-0.1249364651608008,-0.008131946385716142,0.0,0.2599409242585081,0.0,-7.304073557454147e-05,0.0,0.0,0.0,0.007126646807273086,-1.0522817853742331e-05,0.0,0.0,-0.002610794700233302,0.0,0.0,0.0,0.0,-0.0005850604459109415,0.0,0.0,-5.50011131048299e-05,0.0,0.0,0.0,0.0,0.0,-0.008718631046439437,0.0003290650202438792,0.002022824745489477
0.0,-2.6588154790499006e-07,0.0,0.0,0.032028292509256644,0.0,0.0,0.28391893900310455,-0.28391893900310455,0.0,0.0,0.0,0.0,-0.13080582873298544,0.0,0.0,0.24914970936521508,0.0,-6.274806679033848e-05,0.0,0.0,0.0,0.00877305696648138,-9.039975738406098e-06,0.0,0.0,-0.0035606865545785215,0.0,0.0,0.0,0.0,-0.0005026155835867681,0.005202158907163847,0.0,-4.7250530700402165e-05,0.0,0.0,0.0,0.0,0.0,0.0,0.00028269422133015863,0.0017377746984158842
0.0,-2.6861953162862923e-07,0.0,0.0,0.03208047648015684,0.0,0.0,0.2837634359761896,-0.2837634359761896,0.0,0.0,0.0,0.0,-0.12989389107678587,-0.0007571880568878911,0.0,0.24934287009356101,0.0,-6.339423117036217e-05,0.0,0.0,0.0,0.009216754206849932,-9.13306721703211e-06,0.0,0.0,-0.0034837754329802325,0.0,0.0,0.0,0.0,-0.000507791397019296,0.005028573061383188,0.0,-4.773710521078241e-05,0.0,0.0,0.0,0.0,0.0,0.0,0.0002856053378888955,0.0017556698809778376
0.0,-1.797463620123288e-07,0.0,0.0,0.02869550556147774,0.0,0.0,0.2854430722139695,-0.2854430722139695,0.0,0.0,0.0,0.0,-0.13422265563046282,0.0,0.0,0.2536130956616138,0.0,-4.242015595945117e-05,0.0,0.0,0.0022175731732941915,0.0028774111041746497,-6.111378410655459e-06,0.0,0.0,-0.0038112887561621515,0.0,0.0,0.0,0.0,-0.00033978786174627035,0.0018899670376349969,0.0,-3.1943213297314126e-05,0.0,0.0,0.0,0.0,0.0,0.0,0.00019111238913112414,0.0011748039023337755
0.0,-2.436950752780582e-07,0.0,0.0,0.02988499095951783,0.0,0.0,0.28276956191606023,-0.28276956191606023,0.0,0.0,0.0,0.0,-0.13437202247272642,0.0030065234998384207,0.0,0.24863494311691745,0.0,-5.751205745758777e-05,0.0,0.0,0.0,0.006907636756248394,-8.285635409606956e-06,0.0,0.0,-0.00366397662943473,0.0,0.0,0.0,0.0,-0.00046067485105010485,0.00556888779112749,0.0,-4.330771250089671e-05,0.0,0.0,0.0,0.0,0.0,0.0,0.00025910481600002793,0.0015927661745752
0.0,-2.4176883352730806e-07,0.0,0.0,0.029052218885723843,0.0,0.0,0.2838154981590735,-0.2838154981590735,0.0,0.0,0.0,0.0007456897504996704,-0.13248964544411143,0.0,0.0,0.2517403454161126,0.0,-5.705746424875929e-05,0.0,0.0,0.0,0.007747864345197321,-8.220143167552953e-06,0.0,0.0,-0.003560446442307181,0.0,0.0,0.0,0.0,-0.00045703353359385,0.0046300418675241034,0.0,-4.296539485720396e-05,0.0,0.0,0.0,0.0,0.0,0.0,0.0002570567708607069,0.0015801764548151731
0.0,-2.667378782354107e-07,0.0,0.0,0.030078146273137846,0.0,0.0,0.2823030747874801,-0.2823030747874801,0.003290807983283064,0.0,0.0,0.0,-0.13248843894457368,0.0,0.0,0.2495479581530813,0.0,-6.295016081751417e-05,0.0,0.0,0.0,0.00821895604389889,-9.06909097965567e-06,0.0,0.0,-0.0036813463755668535,0.0,0.0,0.0,0.0,-0.0005042343682378985,0.005437297295327712,0.0,-4.740271148498855e-05,0.0,0.0,0.0,0.0,0.0,0.0,0.0002836047005938274,0.001743371586178185
0.0,-2.348321428430768e-07,0.0,0.0,0.02698463003937983,0.0,0.0,0.28245964622347863,-0.28245964622347863,0.0,0.0,0.0,0.002266844213860698,-0.126991525338142,-0.006170197439036701,0.0,0.2550068935616375,0.0,-5.5420404686756146e-05,0.0,0.0,0.0,0.009376626361663889,-7.984295603160534e-06,0.0,0.0,-0.0033040372488625605,0.0,0.0,0.0,0.0,-0.0004439205933996638,0.0026461401688107145,0.0,-4.173265674988865e-05,0.0,0.0,0.0,0.0,0.0,0.0,0.0002496814475746861,0.0015348389514916942
0.0,-3.7886059739628335e-07,0.0,0.0,0.04780406620012248,0.0,0.0,0.27924375562530795,-0.27924375562530795,0.0,0.0,0.0,0.003657156736169056,-0.08890182539698047,-0.031299956745988546,0.0,0.243491708730484,0.0,-8.941113159964176e-05,0.0,0.0,0.0,0.019396631376546396,-1.2881264742464526e-05,0.0,0.0,-0.0031959441082569148,0.0,0.0,0.0,0.0,-0.0007161882490860536,0.0,0.0,-6.732834387906696e-05,0.0,0.0,0.0,0.0,0.0,0.0,0.0004028173538838155,0.002476194251047654
0.0,-2.630759644711409e-07,0.0,0.0,0.03751579173831534,0.0,0.0,0.28306665166692224,-0.28306665166692224,0.0,0.0,0.0,0.0,-0.11712913050575954,-0.011294698565052877,0.0,0.24982545974611445,0.0,-6.208594887324277e-05,0.0,0.0,0.0,0.009261059940476974,-8.944585868842326e-06,0.0,0.0,-0.0027083374526639253,0.0,0.0,0.0,0.0,-0.0004973119814149868,0.0,0.0,-4.675194286225327e-05,0.0,0.0,0.0,0.003517712261269184,0.0,0.0,0.0002797112304815714,0.0017194376910377714
0.0,-2.0779648980574064e-07,0.0,0.0,0.03032733118190255,0.0,0.0,0.284019927109234,-0.284019927109234,0.0,0.0,0.0,0.0,-0.12447034919880892,-0.007879418486157197,0.0,0.25463775870709593,0.0,-4.9039988385308286e-05,0.0,0.0,0.002431226390519305,0.006967739218182987,-7.065083083693714e-06,0.0,0.0,-0.0031811956484499473,0.0,0.0,0.0,0.0,-0.0003928130959592404,0.0,0.0,-3.692807755320609e-05,0.0,0.0,0.0,0.0,0.0,0.0,0.00022093623022596974,0.001358136678717873
0.0,-1.4644170573405016e-07,0.0,0.0,0.027997945078275008,0.0,0.0,0.2859332619087962,-0.2859332619087962,0.0,0.0,0.0,0.0,-0.13373281097390557,-0.0015397807981972678,0.0,0.25538162242836915,0.0,-3.456025438656931e-05,0.0,0.0,0.0033464665883942207,0.0008044835611811456,-4.979019707677025e-06,0.0,0.0,-0.0038749970630049084,0.0,0.0,0.0,0.0,-0.0002768296031406547,0.0,0.0,-2.6024552539007285e-05,0.0,0.0,0.0,0.0,0.0,0.0,0.00015570175628562514,0.0009571280633149967
0.0,-2.4751259369027553e-07,0.0,0.0,0.03998499657681916,0.0,0.0,0.2842476858557841,-0.2842476858557841,0.0,0.0,0.0,0.0,-0.11399211981066183,-0.01228131648629538,0.0,0.25021501122873147,0.0,-5.841299211134852e-05,0.0,0.0028959062317570274,0.0,0.007334179822861445,-8.4154310802704e-06,0.0,0.0,-0.0023412638565552136,0.0,0.0,0.0,0.0,-0.0004678913888645133,0.0,0.0,-4.398613404747308e-05,0.0,0.0,0.0,0.0,0.0,0.0,0.00026316373021750096,0.0016177170858353471
0.0,-2.2710301000163393e-07,0.0,0.0,0.04461339749762456,0.0,0.0,0.28639500506923776,-0.28639500506923776,0.0,0.0,0.0,0.0,-0.12896914690518338,0.0,0.0,0.24181709283660982,0.005786704302232925,-5.3596328711617164e-05,0.0,0.0,0.0,5.364736223900803e-05,-7.721504996154858e-06,0.0,0.0,-0.0037130015881399903,0.0,0.0,0.0,0.0,-0.00042930964110029753,0.0,0.0,-4.035909159845292e-05,0.0,0.0,0.0,0.0,0.0,0.0,0.00024146357308363708,0.0014843221269945149
0.0,-2.223992716726932e-07,0.0,0.0,0.04202027650014653,0.0,0.0,0.2860774347797225,-0.2860774347797225,0.0,0.0,0.0,0.0,-0.12990167038897166,0.0,0.0,0.243940172932852,0.005439247106442109,-5.2486246085897996e-05,0.0,0.0,0.0,0.0008112144421819749,-7.5615778379579686e-06,0.0,0.0,-0.00352229648045198,0.0,0.0,0.0,0.0,-0.0004204178161358784,0.0,0.0,-3.952317750787567e-05,0.0,0.0,0.0,0.0,0.0,0.0,0.00023646239998712765,0.0014535789726823432
0.0,-1.6782550475408592e-07,0.0,0.0,0.032968589688792085,0.0,0.0,0.28621732646808234,-0.28621732646808234,0.0,0.0,0.0,0.0,-0.13362938657556678,0.0,0.0,0.25120445707294436,0.00220577949748659,-3.96068326832319e-05,0.0,0.0,0.0020705027516033448,3.964454564658582e-05,-5.706069124453973e-06,0.0,0.0,-0.0037791003704840116,0.0,0.0,0.0,0.0,-0.00031725298230496606,0.0,0.0,-2.9824725435730764e-05,0.0,0.0,0.0,0.0,0.0,0.0,0.00017843773198864668,0.001096890394269634
0.0,-2.0593379773139162e-07,0.0,0.0,0.03854930762045102,0.0,0.0,0.2857871265989295,-0.2857871265989295,0.0,0.0,0.0,0.0006351634328103996,-0.13142060935888616,0.0,0.0,0.24663483308212697,0.00492971990808157,-4.8600392905245674e-05,0.0,0.0,0.0,0.0006838101021965566,-7.001751531380601e-06,0.0,0.0,-0.003525688188285787,0.0,0.0,0.0,0.0,-0.000389291911163348,0.0,0.0,-3.65970534947939e-05,0.0,0.0,0.0,0.0,0.0,0.0,0.0002189557532440766,0.0013459623131658108
0.0,-2.214783818393005e-07,0.0,0.0,0.04077603286107193,0.0,0.0,0.28481675668974493,-0.28481675668974493,0.002732430923958019,0.0,0.0,0.0,-0.13126484531300794,0.0,0.0,0.24407533023512495,0.005643385814357307,-5.226891601080411e-05,0.0,0.0,0.0,5.231868559803239e-05,-7.530267572852284e-06,0.0,0.0,-0.0036210422024000534,0.0,0.0,0.0,0.0,-0.00041867698987442157,0.0,0.0,-3.935952367899109e-05,0.0,0.0,0.0,0.0,0.0,0.0,0.00023548327888439193,0.0014475601305885318
0.0,-2.65881852023881e-07,0.0,0.0,0.039101000700851575,0.0,0.0,0.2837155996906448,-0.2837155996906448,0.0,0.0,0.0,0.0,-0.12074854795630131,-0.007859933254530348,0.0,0.24774971334415888,0.0035552311013800947,-6.274813856242132e-05,0.0,0.0,0.0,0.008174758531679996,-9.039986078451946e-06,0.0,0.0,-0.002737223749298155,0.0,0.0,0.0,0.0,-0.0005026161584852334,0.0,0.0,-4.725058474619475e-05,0.0,0.0,0.0,0.0,0.0,0.0,0.00028269454467961153,0.0017377766861059595
0.0,-8.633554984223362e-07,0.0,0.0,0.1368281821380397,0.0,0.0,0.27555415631662855,-0.27555415631662855,0.0,0.0,0.0,0.0,0.004930155355005469,-0.07645654657894745,0.0,0.17758496898315582,0.0036283470893795425,-0.00020375196739176943,0.0,0.0,0.0,0.03595311615111222,-2.935409704379468e-05,0.0,0.0,-0.004930155355005469,0.0,0.0,0.0,0.0,-0.0016320648465513292,0.0,0.0,-0.0001534292462376626,0.0,0.0,0.0,0.0,0.0,0.0,0.0009179486590202474,0.005642803544353868
0.0,-8.479450252283479e-07,0.0,0.0,0.13476564286205006,0.0,0.0,0.2786109627439351,-0.2786109627439351,0.0,0.0,0.0,0.0,0.0,-0.07433228098768567,0.0,0.18163092382039822,0.0037534712807808825,-0.0002001150944727332,0.0,0.0,0.0,0.03493159379713242,-2.8830140774964802e-05,0.0,0.0,-0.004937098700088841,0.0,0.0,0.0,0.0,-0.001602933287634302,0.0,0.0,-0.00015069060926756168,0.0,0.0,0.0,0.0,0.0,0.0,0.0009015637246228423,0.005542082262195925
0.0,-8.960230015930922e-07,0.0,0.0,0.13093540222913355,0.0,0.0,0.2740938230453706,-0.2740938230453706,0.0,0.0,0.0,0.0,0.005003278993681771,-0.07671808858582561,0.0,0.18040265658429167,0.0,-0.0002114615007797903,0.0,0.0,0.0,0.04130598566374023,-3.0464792533665477e-05,0.0,0.0,-0.005003278993681771,0.0,0.0,0.0,0.0,-0.0016938186474444975,0.003538790353542874,0.0,-0.00015923467678986798,0.0,0.0,0.0,0.0,0.0,0.0,0.0009526818492112318,0.0058563150156006275
0.0,-8.33126767599305e-07,0.0,0.0,0.11934516704427284,0.0,0.0,0.2724711095369318,-0.2724711095369318,0.0,0.0,0.0,0.0028448123442306747,0.004429287877589382,-0.0820951730927905,0.0,0.19193735471020096,0.0,-0.00019661798447487847,0.0,0.0,0.0,0.04169690199980012,-2.832631984226936e-05,0.0,0.0,-0.004429287877589382,0.0,0.0,0.0,0.0,-0.0015749212376645087,0.0,0.0,-0.00014805721653104217,0.0,0.0,0.0,0.0,0.0,0.0,0.0008858084537703915,0.005445231640611756
0.0,-3.6339759566443456e-07,0.0,0.0,0.11457638215025281,0.0,0.0,0.2859462024526795,-0.2859462024526795,0.0,0.0,0.0,0.006356120059655485,0.004489617435869672,-0.08014091171574092,0.0,0.21444342153461438,0.0,-8.576186194142582e-05,0.0,0.0,0.0,0.0,-1.2355522502733039e-05,0.0,0.0,-0.004489617435869672,0.0,0.0,0.0,0.0,-0.0006869573915831719,0.0,0.0,-6.458037192009456e-05,0.0,0.0,0.0,0.0,0.0,0.0,0.00038637656937486596,0.002375129647719973
0.0,-8.183969514375438e-07,0.0,0.0,0.11695887263482407,0.0,0.0,0.27511259451371906,-0.27511259451371906,0.0,0.0,0.0,0.0029326418664165775,0.0,-0.08036746460840224,0.0,0.1960026895133866,0.0,-0.0001931417466704488,0.0,0.0,0.0,0.04095969402034479,-2.7825505920495874e-05,0.0,0.0,-0.004420040483216579,0.0,0.0,0.0,0.0,-0.00154707637515109,0.0,0.0,-0.00014543954096744388,0.0,0.0,0.0,0.0,0.0,0.0,0.000870147216866229,0.005348959063443773
0.0,-4.932650634740694e-07,0.0,0.0,0.06633358451746744,0.0,0.0,0.2781358550345275,-0.2781358550345275,0.0,0.0,0.0,0.0038475595056649404,-0.06551982812482714,-0.044279172937543604,0.0,0.23045465064725212,0.0,-0.00011641059483853923,0.0,0.0,0.0,0.02468726946665039,-1.6771017927134772e-05,0.0,0.0,-0.0037040486782728994,0.0,0.0,0.0,0.0,-0.0009324554851379762,0.0,0.0,-8.765947170371469e-05,0.0,0.0,0.0,0.0,0.0,0.0,0.000524456037385497,0.0032239301812100486
0.0,-3.5688672386020075e-07,0.0,0.0,0.11224360802618528,0.0,0.0,0.28838159274114883,-0.28838159274114883,0.0,0.0,0.0,0.006382213526433942,0.0,-0.07842510626783553,0.0,0.21815990296336085,0.0,-8.42252956695107e-05,0.0,0.0,0.0,0.0,-1.2134152785240727e-05,0.0,0.0,-0.004479165438842099,0.0,0.0,0.0,0.0,-0.000674649408357826,0.0,0.0,-6.342330724036632e-05,0.0,0.0,0.0,0.0,0.0,0.0,0.00037945399107117687,0.002332575253196627
0.0,-8.815197969147115e-07,0.0,0.0,0.1286348672645048,0.0,0.0,0.27714642232457376,-0.27714642232457376,0.0,0.0,0.0,0.0,0.0,-0.07457037064959045,0.0,0.18460938198492263,0.0,-0.00020803874330374997,0.0,0.0,0.0,0.040456210078436076,-2.9971683404977277e-05,0.0,0.0,-0.005012889320344055,0.0,0.0,0.0,0.0,-0.0016664021654030003,0.0036626995669141443,0.0,-0.00015665727296733977,0.0,0.0,0.0,0.0,0.0,0.0,0.0009372615532724861,0.00576152354799174
0.0,-2.235906987390238e-07,0.0,0.0,0.025641509622632692,0.0,0.0,0.2821898687761832,-0.2821898687761832,0.0,0.0,0.0,0.0029287720282009577,-0.1264596070098039,-0.007415713176279219,0.0,0.2564621851874434,0.0,-5.276742296982619e-05,0.0,0.0,0.0,0.009133217264348282,-7.602086372147629e-06,0.0,0.0,-0.003299960957921829,0.0,0.0,0.0,0.0,-0.00042267005896718166,0.002057203948803584,0.0,-3.973490924186971e-05,0.0,0.0,0.0,0.0,0.0,0.0,0.0002377291653924064,0.0014613660185574372
0.0,-2.315761546254553e-07,0.0,0.0,0.028093398790108928,0.0,0.0,0.2838195527276187,-0.2838195527276187,0.0,0.0,0.0,0.001113231365066239,-0.13308821797337259,0.0,0.0,0.2525646772922214,0.0,-5.465199120429486e-05,0.0,0.0,0.0,0.007155237852508004,-7.873591965680763e-06,0.0,0.0,-0.003609831858528931,0.0,0.0,0.0,0.0,-0.00043776555770408306,0.004434844954136682,0.0,-4.1154026256538846e-05,0.0,0.0,0.0,0.0,0.0,0.0,0.0002462195711823853,0.001513558144352175
0.0,-1.5853585972465712e-07,0.0,0.0,0.029029477191267514,0.0,0.0,0.2862832333241244,-0.2862832333241244,0.0,0.0,0.0,0.001578519124899036,-0.13179577977752951,0.0,0.0,0.2550894252725796,0.0,-3.741447570562988e-05,0.0,0.0,0.0,0.0,-5.390221084805695e-06,0.0,0.0,-0.0036958824394422458,0.0,0.0,0.0,0.0,-0.0002996920782310635,0.00466888550820605,0.0,-2.817383743271781e-05,0.0,0.0,0.0,0.0,0.0,0.0,0.000168560668353654,0.0010361742211594382
0.0,-1.6707189567355342e-07,0.0,0.0,0.03076955964274625,0.0,0.0,0.28643190060353146,-0.28643190060353146,0.0,0.0,0.0,0.0014274442863632384,-0.1309346282187563,0.0,0.0,0.2535585263808162,0.0,-3.942898087933028e-05,0.0,0.0,0.0,0.0,-5.68044640690198e-06,0.0,0.0,-0.0038063544936454284,0.0,0.0,0.0,0.0,-0.00031582837924096,0.004979288741117165,0.0,-2.9690799522946e-05,0.0,0.0,0.0,0.0,0.0,0.0,0.00017763646941932918,0.0010919648821272354
0.0,-3.814523610024859e-07,0.0,0.0,0.017423364550341613,0.0,0.0,0.2806639233836991,-0.2806639233836991,0.0,0.0,0.0,0.0019257700700521679,-0.13269191849508885,0.0,0.0,0.2617775671148846,0.0,-9.0022788020135e-05,0.0,0.0,0.0,0.0,-1.2969384735387568e-05,0.0,0.0,-0.002339604845761898,0.0,0.0,0.0,0.0,-0.0007210876518002125,0.0,0.0,-6.778893321596529e-05,0.0,0.0,0.0,0.0,0.0,-0.018722971188228656,0.00040557300428641167,0.002493133753824821
0.0,-2.752049550737779e-07,0.0,0.0,0.021432285195733633,0.0,0.0,0.2806528277395928,-0.2806528277395928,0.0,0.0,0.0,0.003604857353136876,-0.12484472383150035,-0.00912757562379652,0.0,0.2603805230759015,0.0,-6.494839163555741e-05,0.0,0.0,0.0,0.00744341144706758,-9.356971691187451e-06,0.0,0.0,-0.0027956853775284317,0.0,0.0,0.0,0.0,-0.0005202403107334292,0.0,0.0,-4.8907418664731977e-05,0.0,0.0,0.0,0.0,0.0,-0.006330235599032064,0.0002926071820094244,0.001798711537427888
0.0,-3.8875281930250484e-07,0.0,0.0,0.017381556721995414,0.0,0.0,0.2804064381543192,-0.2804064381543192,0.0,0.0,0.0,0.0018688099921402932,-0.13283913092830846,0.0,0.0,0.26144007353159926,0.0,-9.174569676885856e-05,0.0,0.0,0.0,0.0008443493226819886,-1.3217600402971237e-05,0.0,0.0,-0.002337473275439561,0.0,0.0,0.0,0.0,-0.0007348882488624278,0.0,0.0,-6.908631745247995e-05,0.0,0.0,0.0,0.0,0.0,-0.01861221940012095,0.0004133350975596712,0.002540848805209833
0.0,-1.4255301346640799e-07,0.0,0.0,0.024217636200314776,0.0,0.0,0.28309250847690776,-0.28309250847690776,0.0,0.0,0.0,0.005146264314248533,-0.118771463393913,-0.0145649481184785,0.0,0.2627547184105883,0.0,-3.3642522697177025e-05,0.0,0.0,0.0,0.0038556018439616464,-4.8468041250967154e-06,0.0,0.0,-0.003087627747618237,0.0,0.0,0.0,0.0,-0.00026947852011555986,0.0,0.0,-2.5333482493626395e-05,0.0,0.0,0.0,0.0,0.0,0.0,0.00015156716762666886,0.0009317119669898436
0.0,-1.0165890869088722e-07,0.0,0.0,0.02460246274274616,0.0,0.0,0.28436833960014524,-0.28436833960014524,0.0,0.0,0.0,0.00550298993206034,-0.11769412833803754,-0.014969288537976924,0.0,0.26436574529788054,0.0,-2.3991510665674865e-05,0.0,0.0,0.0,0.0,-3.456404084449117e-06,0.0,0.0,-0.003118397488706168,0.0,0.0,0.0,0.0,-0.00019217336487270122,0.0,0.0,-1.8066080267385098e-05,0.0,0.0,0.0,0.0,0.0,0.0,0.00010808717739191669,0.0006644322661109303
0.0,-1.9358903801860013e-07,0.0,0.0,0.02041973603321601,0.0,0.0,0.28113606550239284,-0.28113606550239284,0.0,0.0,0.0,0.00431695190549398,-0.12433415882158116,-0.011764161904868734,0.0,0.26242288435007277,0.0,-4.5687028615499176e-05,0.0,0.0,0.0,0.00968887744389391,-6.582029556766681e-06,0.0,0.0,-0.0028571683479941086,0.0,0.0,0.0,0.0,-0.0003659556975141771,0.0,0.0,-3.4403232778785514e-05,0.0,0.0,0.0,0.0,0.0,0.0,0.00020583038872738383,0.0012652782218629476
0.0,-6.221393040002948e-08,0.0,0.0,0.00278165175004152,0.0,0.0,0.2831627886647714,-0.2831627886647714,0.0,0.0,0.0,0.0032776748459786387,-0.14487078556629582,0.0,0.0,0.2771489122506445,0.0,-1.4682492601650952e-05,0.0,0.0,0.0,0.003113725617516192,-2.1152743612284227e-06,0.0,0.0,-0.0018633769965821056,0.0,0.0,0.0,0.0,-0.00011760760075915942,0.0,0.0,-1.1056206237409622e-05,0.0,0.0,0.0,0.0,0.0,0.0,6.614794726789288e-05,0.00040662390824056495
0.0,-4.7020100792622525e-07,0.0,0.0,0.02048312480524703,0.0,0.0,0.2797274524508538,-0.2797274524508538,0.0,0.0,0.0,0.0009624076396946012,-0.12981996961858705,0.0,0.0,0.2583553897823268,0.0,-0.00011096747586553945,0.0,0.0,0.0,0.0010734807769338804,-1.5986839768760778e-05,0.0,0.0,-0.0021782310474118016,0.0,0.0,0.0,0.0,-0.0008888557926042179,0.0,0.0,-8.35606958641494e-05,0.0,0.0,0.0,0.0,0.0,-0.022999531001817626,0.0004999335563213234,0.0030731858648416774
0.0,-3.8923463202179857e-07,0.0,0.0,0.022337129474822717,0.0,0.0,0.27998962789309756,-0.27998962789309756,0.0,0.0,0.0,0.002141960944930284,-0.1256268054863674,-0.005381101282986453,0.0,0.2582619067453924,0.0,-9.185940460954512e-05,0.0,0.0,0.0,0.004924458458021074,-1.3233982041062299e-05,0.0,0.0,-0.002475787687501314,0.0,0.0,0.0,0.0,-0.0007357990551330979,0.0,0.0,-6.917194169705132e-05,0.0,0.0,0.0,0.0,0.0,-0.015003295254554827,0.0004138473770788064,0.002543997884036705
0.0,-2.757235125161305e-08,0.0,0.0,0.002612749499893903,0.0,0.0,0.2841892233123198,-0.2841892233123198,0.0,0.0,0.0,0.003522560066109393,-0.14458739425048625,0.0,0.0,0.27876403664498556,0.0,-6.507077123385506e-06,0.0,0.0,0.0,0.0,-9.374602650292264e-07,0.0,0.0,-0.0018607928584489393,0.0,0.0,0.0,0.0,-5.212205782757426e-05,0.0,0.0,-4.899957291365548e-06,0.0,0.0,0.0,0.0,0.0,0.0,2.9315852975632864e-05,0.00018021007760196447
0.0,-1.8703085584177418e-08,0.0,0.0,0.0,0.0,0.0,0.2831606795988291,-0.2831606795988291,0.0,0.0,0.0,0.0032755995424884965,-0.1472589378691012,0.0017722999776333404,0.0,0.2794806259964598,0.0,-4.413929709182935e-06,0.0,0.0,0.0,0.0,-6.359051286052914e-07,0.0,0.0,-0.0017053020626914802,0.0,0.0,0.0,0.0,-3.53558279987288e-05,0.0,0.0,-3.3237760444482437e-06,0.0,0.0,0.0,0.0,0.0,0.0,1.9885750844130384e-05,0.00012224146115662201
0.0,-2.5568248404641358e-08,0.0,0.0,0.0,0.0,0.0,0.2829155921540877,-0.2829155921540877,0.0024228411869111678,0.0,0.0,0.0032665219577632416,-0.14619223136809484,0.0,0.0,0.2803075776447935,0.0,-6.034108689557131e-06,0.0,0.0,0.0,0.0,-8.693207447930624e-07,0.0,0.0,-0.0017255406911161318,0.0,0.0,0.0,0.0,-4.833355377403788e-05,0.0,0.0,-4.543802741176764e-06,0.0,0.0,0.0,0.0,0.0,0.0,2.7185023295068997e-05,0.00016711146565264953
0.0,-2.1964688513864321e-07,0.0,0.0,0.02823527344942128,0.0,0.0,0.28173953371158683,-0.28173953371158683,0.0,0.0,0.0,0.0038137732035080597,-0.12103908713670317,-0.012154272013999035,0.0,0.2558019432973649,0.0,-5.183668264145351e-05,0.0,0.0,0.0,0.008640267834002732,-7.467996663609538e-06,0.0,0.0,-0.003350889454335204,0.0,0.0,0.0,0.0,-0.00041521477600402906,0.0,0.0,-3.903404343501035e-05,0.0,0.0,0.0,0.0013025274171681457,0.0,0.0,0.0002335359698750203,0.0014355896548194811
0.0,-2.1363985315700846e-07,0.0,0.0,0.026030858337659057,0.0,0.0,0.2815364617209829,-0.2815364617209829,0.0,0.0,0.0,0.00391407479108557,-0.12188909800689977,-0.012094673708412912,0.0,0.25767224706830455,0.0,-5.041902260838492e-05,0.0,0.0,0.0,0.009085978370847266,-7.263757505978289e-06,0.0,0.0,-0.0031910463965701694,0.0,0.0,0.0,0.0,-0.000403859238514257,0.0,0.0,-3.7966517496098804e-05,0.0,0.0,0.0,0.0009259003052028304,0.0,0.0,0.00022714909104896346,0.0013963283060252048
0.0,-2.5572244379979073e-07,0.0,0.0,0.031153461016413617,0.0,0.0,0.28388783996975697,-0.28388783996975697,0.0,0.0,0.0,0.0005234128158077163,-0.13147815659626189,0.0,0.0,0.2497492287857982,0.0,-6.03505174005973e-05,0.0,0.0,0.0,0.008088904166421306,-8.694566080012799e-06,0.0,0.0,-0.0036863422072533143,0.0,0.0,0.0,0.0,-0.0004834110766219669,0.005003388912306766,0.0,-4.5445128767873794e-05,0.0,0.0,0.0,0.0,0.0,0.0,0.0002718927195070325,0.001671375829401864
0.0,-2.5158655438464114e-07,0.0,0.0,0.02995397699035044,0.0,0.0,0.28312237618324476,-0.28312237618324476,0.0,0.0,0.0,0.0013844825959147963,-0.12839522529367955,-0.003478140481871395,0.0,0.2516227851062339,0.0,-5.9374447164418305e-05,0.0,0.0,0.0,0.009001521606569009,-8.553945791526127e-06,0.0,0.0,-0.0035397681805225127,0.0,0.0,0.0,0.0,-0.0004755926985192918,0.0038790251914659984,0.0,-4.471012864724178e-05,0.0,0.0,0.0,0.0,0.0,0.0,0.0002674953025108701,0.0016443440777149764
0.0,-2.020830208146481e-07,0.0,0.0,0.027175837360835668,0.0,0.0,0.28274215515224693,-0.28274215515224693,0.0,0.0,0.0,0.0025283221070875094,-0.12399768347457013,-0.009875051755907463,0.0,0.25659083959967194,0.0,-4.769160924172924e-05,0.0,0.0,0.00141625780805497,0.007513585005435284,-6.8708250711742875e-06,0.0,0.0,-0.003409767337612092,0.0,0.0,0.0,0.0,-0.0003820125023344092,0.0,0.0,-3.5912721489212197e-05,0.0,0.0,0.0,0.0,0.0,0.0,0.000214861477463856,0.0013207940277097923
0.0,-2.0120862074396244e-07,0.0,0.0,0.025388204242360934,0.0,0.0,0.28227785964191765,-0.28227785964191765,0.0,0.0,0.0,0.0029728490510755124,-0.12399253154062843,-0.010439612155514661,0.0,0.2581374775832196,0.0,-4.748525075439086e-05,0.0,0.0,0.0010305740618414751,0.008240185594248448,-6.841095458544368e-06,0.0,0.0,-0.0032431912200347073,0.0,0.0,0.0,0.0,-0.00038035955911484804,0.0,0.0,-3.575732948209506e-05,0.0,0.0,0.0,0.0,0.0,0.0,0.00021393178584342868,0.00131507903796679
0.0,-2.1182411809554948e-07,0.0,0.0,0.028485806275367384,0.0,0.0,0.282049987743157,-0.282049987743157,0.0,0.0,0.0,0.004047397169348107,-0.12023805259273927,-0.012534190172092863,0.0,0.25629726521818613,0.0,-4.999050898715874e-05,0.0,0.0009605758475944101,0.0,0.007963090745521857,-7.202022492652626e-06,0.0,0.0,-0.0032684920918352716,0.0,0.0,0.0,0.0,-0.0004004268200378899,0.0,0.0,-3.764383829575083e-05,0.0,0.0,0.0,0.0,0.0,0.0,0.0002252185403455185,0.0013844608467235252
0.0,-2.0817484770281034e-07,0.0,0.0,0.02626719238996583,0.0,0.0,0.2817646386410004,-0.2817646386410004,0.0,0.0,0.0,0.004079308418356172,-0.1212920147940866,-0.01236907280968707,0.0,0.2579801666350664,0.0,-4.912928087959023e-05,0.0,0.0006899293857722769,0.0,0.008588197419727795,-7.077947256619195e-06,0.0,0.0,-0.0031359537114128084,0.0,0.0,0.0,0.0,-0.0003935283339166646,0.0,0.0,-3.6995316560847265e-05,0.0,0.0,0.0,0.0,0.0,0.0,0.0002213385130919265,0.0013606095873708215
0.0,-2.1524660419543646e-07,0.0,0.0,0.04096255765438398,0.0,0.0,0.2859818379096681,-0.2859818379096681,0.0,0.0,0.0,0.00044056684865403505,-0.13049666093831105,0.0,0.0,0.24461234608630894,0.0052643134136003975,-5.079821598328866e-05,0.0,0.0,0.0,0.0004914134338485945,-7.318387060076711e-06,0.0,0.0,-0.0036292979893684887,0.0,0.0,0.0,0.0,-0.0004068965990126497,0.0,0.0,-3.825205757914463e-05,0.0,0.0,0.0,0.0,0.0,0.0,0.00022885744289684022,0.0014068298670520398
0.0,-2.298875568607962e-07,0.0,0.0,0.03091495184179281,0.0,0.0,0.2823332206904949,-0.2823332206904949,0.0,0.0,0.0,0.003037305135379664,-0.12204726479182681,-0.010267084712254158,0.0,0.2535504264250386,0.0017722322769766418,-5.425348199538689e-05,0.0,0.0,0.0,0.008225152632759882,-7.81617962193324e-06,0.0,0.0,-0.0032344679979590513,0.0,0.0,0.0,0.0,-0.00043457347627679004,0.0,0.0,-4.085394096988268e-05,0.0,0.0,0.0,0.0,0.0,0.0,0.00024442419713713293,0.0015025216414645255
0.0,-2.2062615473807207e-07,0.0,0.0,0.027838279776414482,0.0,0.0,0.281946229119171,-0.281946229119171,0.0,0.0,0.0,0.003372745220806191,-0.1226240236032885,-0.010769064085594979,0.0,0.2561542094091403,0.0012430319871772875,-5.206779034604934e-05,0.0,0.0,0.0,0.008809394632028466,-7.501291841443235e-06,0.0,0.0,-0.003104162081487372,0.0,0.0,0.0,0.0,-0.0004170659618613552,0.0,0.0,-3.9208072090388565e-05,0.0,0.0,0.0,0.0,0.0,0.0,0.0002345771623122697,0.0014419900611140294
0.0,-3.649486819811685e-07,0.0,0.0,0.019091516386543717,0.0,0.0,0.2810711549294986,-0.2810711549294986,0.0,0.0,0.0,0.001952540917845552,-0.13273067854887702,0.0,0.0,0.2604918717002591,0.0,-8.612791843751174e-05,0.0,0.00039632403566532614,0.0,0.0,-1.240825945564283e-05,0.0,0.0,-0.002491587990133228,0.0,0.0,0.0,0.0,-0.0006898895249351157,0.0,0.0,-6.485601967453743e-05,0.0,0.0,0.0,0.0,0.0,-0.01707623076407991,0.0003880257366148643,0.002385267389799173
0.0,-1.7479695542794907e-07,0.0,0.0,0.032422495854418594,0.0,0.0,0.2858272215229527,-0.2858272215229527,0.0,0.0,0.0,0.001878912520494719,-0.13241204370642795,0.0,0.0,0.2514338503002915,0.0,-4.125209560559699e-05,0.0,0.002077259495584284,0.0,0.0,-5.943098528900414e-06,0.0,0.0,-0.0038672448435235914,0.0,0.0,0.0,0.0,-0.0003304316318821914,0.0025165798709371333,0.0,-3.1063640835040155e-05,0.0,0.0,0.0,0.0,0.0,0.0,0.00018585001326697594,0.0011424550853426033
0.0,-1.941809384557687e-07,0.0,0.0,0.03741579237805347,0.0,0.0,0.2858397454584702,-0.2858397454584702,0.0,0.0,0.0,0.0010389028554433893,-0.13195265547391904,0.0,0.0,0.2476323459970599,0.004542938060572865,-4.5826717166499924e-05,0.0,0.0002108750544331098,0.0,0.0,-6.602154178553026e-06,0.0,0.0,-0.0035971866395204844,0.0,0.0,0.0,0.0,-0.0003670746107520339,0.0,0.0,-3.450842101015541e-05,0.0,0.0,0.0,0.0,0.0,0.0,0.00020645971721786692,0.0012691468227936913
0.0,-1.543025667187088e-07,0.0,0.0,0.03133625075321064,0.0,0.0,0.2848971628495544,-0.2848971628495544,0.0,0.0,0.0,0.0036332994184165614,-0.12651373321956672,-0.006417721155812552,0.0,0.25453630533477045,0.0,-3.641541821415161e-05,0.0,0.002574213694324625,0.0,0.0,-5.246289073092674e-06,0.0,0.0,-0.003660658078465633,0.0,0.0,0.0,0.0,-0.00029168957090611435,0.0,0.0,-2.7421527455897468e-05,0.0,0.0,0.0,0.0,0.0,0.0,0.0001640596885774771,0.0010085058495304799
0.0,-7.170257101961539e-08,0.0,0.0,0.011579344894625069,0.0,0.0,0.28448251018030796,-0.28448251018030796,0.0,0.0,0.0,0.0031794705266197333,-0.14154655767362204,0.0,0.0,0.2703741801086587,0.0,-1.692181255461005e-05,0.0,0.001196206545115094,0.0,0.0,-2.4378882532694103e-06,0.0,0.0,-0.0024466240621752525,0.0,0.0,0.0,0.0,-0.00013554468093654156,0.0,0.0,-1.2742458286239416e-05,0.0,0.0,0.0,0.0,0.0,0.0,7.623658972003503e-05,0.0004686406962463644
0.0,-4.341948005518159e-07,0.0,0.0,0.02238407683841698,0.0,0.0,0.2806107347026377,-0.2806107347026377,0.0,0.0,0.0,0.0011365295418716797,-0.12991553607137196,0.0,0.0,0.25740579148634524,0.0,-0.00010247000801566985,0.0,0.0004956388480457551,0.0,0.0,-1.4762628296917716e-05,0.0,0.0,-0.0023831595227065904,0.0,0.0,0.0,0.0,-0.000820790591860382,0.0,0.0,-7.716193513646806e-05,0.0,0.0,0.0,0.0,0.0,-0.020742675421340843,0.00046165054331435024,0.0028378529632011205
0.0,-1.8703887004881487e-07,0.0,0.0,0.03507383616767683,0.0,0.0,0.2860687797414691,-0.2860687797414691,0.0,0.0,0.0,0.0015205878638842373,-0.13116988883534428,0.0,0.0,0.24926666682762258,0.0,-4.414118844533855e-05,0.0,0.002275513236959571,0.0,0.0,-6.359323769186029e-06,0.0,0.0,-0.00394777305924714,0.0,0.0,0.0,0.0,-0.0003535734298364614,0.0027493413397122095,0.0,-3.323918467094268e-05,0.0,0.0,0.0,0.0,0.0,0.0,0.0001988660294162899,0.0012224669916066288
0.0,-2.0993364715241868e-07,0.0,0.0,0.04091004170238058,0.0,0.0,0.28611217212153855,-0.28611217212153855,0.0,0.0,0.0,0.0005495132404127345,-0.13051076240845813,0.0,0.0,0.24480524065375042,0.005014552796770823,-4.954435769181893e-05,0.0,0.00023964190936517576,0.0,0.0,-7.137746458476043e-06,0.0,0.0,-0.0036595365583688487,0.0,0.0,0.0,0.0,-0.0003968531227887862,0.0,0.0,-3.730787757925711e-05,0.0,0.0,0.0,0.0,0.0,0.0,0.0002232085279342525,0.0013721049213163321
0.0,-1.633378709928115e-07,0.0,0.0,0.03356388416395751,0.0,0.0,0.2850329897851301,-0.2850329897851301,0.0,0.0,0.0,0.003462084138546024,-0.12495256809040559,-0.006936086829047156,0.0,0.25289432914300847,0.0,-3.854775075294449e-05,0.0,0.0027874848033383227,0.0,0.0,-5.5534895240852056e-06,0.0,0.0,-0.003714295785666344,0.0,0.0,0.0,0.0,-0.0003087696758114571,0.0,0.0,-2.9027215873747062e-05,0.0,0.0,0.0,0.0,0.0,0.0,0.00017366632855070775,0.0010675596773863161
0.0,-1.848868921557904e-07,0.0,0.0,0.034482437537875756,0.0,0.0,0.2859736900279801,-0.2859736900279801,0.0,0.0,0.0,0.001723619566213461,-0.13148346180725315,0.0,0.0,0.2495950042519607,0.0,-4.3633321488692554e-05,0.0,0.0021594880233239836,0.0,0.0,-6.286156495654587e-06,0.0,0.0,-0.003996280010515922,0.0,0.0,0.0,0.0,-0.0003495053866304138,0.0027748823871129274,0.0,-3.2856750845420966e-05,0.0,0.0,0.0,0.0,0.0,0.0,0.00019657797400371324,0.001208401883427762
0.0,-1.6126874203028432e-07,0.0,0.0,0.03303579765519462,0.0,0.0,0.2849416540249078,-0.2849416540249078,0.0,0.0,0.0,0.003654912048321242,-0.1251757041559161,-0.006992291011895511,0.0,0.2532101190123003,0.0,-3.805943615059053e-05,0.0,0.00269042967352356,0.0,0.0,-5.483139115159637e-06,0.0,0.0,-0.003754714373307658,0.0,0.0,0.0,0.0,-0.0003048582480752664,0.0,0.0,-2.8659505356272872e-05,0.0,0.0,0.0,0.0,0.0,0.0,0.0001714663609128545,0.001054036061373203
0.0,-4.3453340506032005e-07,0.0,0.0,0.02071706841705199,0.0,0.0,0.28026807931839787,-0.28026807931839787,0.0,0.0,0.0,0.001605322670832984,-0.1306251288681539,0.0,0.0,0.2583551789252378,0.0,-0.00010254991870703801,0.0,0.00018408749441092948,0.0,0.0,-1.477414085416703e-05,0.0,0.0,-0.002463002485738919,0.0,0.0,0.0,0.0,-0.0008214306810429067,0.0,0.0,-7.722210946165323e-05,0.0,0.0,0.0,0.0,0.0,-0.021195564511510775,0.0004620105590379862,0.0028400660477580766
0.0,-2.0775449944253724e-07,0.0,0.0,0.04030641985497739,0.0,0.0,0.28600577427097257,-0.28600577427097257,0.0,0.0,0.0,0.000767519836308941,-0.1308562388875275,0.0,0.0,0.24512761592426927,0.005066899166106293,-4.903007865619922e-05,0.0,8.80139589030319e-05,0.0,0.0,-7.063655410853697e-06,0.0,0.0,-0.0037110341889579155,0.0,0.0,0.0,0.0,-0.00039273371846549254,0.0,0.0,-3.69206153319226e-05,0.0,0.0,0.0,0.0,0.0,0.0,0.00022089158465683306,0.0013578622339836402
0.0,-6.594860787753454e-07,0.0,0.0,0.0,0.0,0.0,0.16439714150666906,-0.16439714150666906,0.2283739482176729,0.0,0.0,0.0013133420390812737,0.003036856967710927,-0.16588120297504616,0.0,0.2630093929718656,0.0,-0.000155638767881256,0.0,0.0,0.0,0.0,-2.2422534391427786e-05,0.0,0.0,-0.003036856967710927,0.0,0.0,0.0,0.0,-0.0012466753821873569,0.0,0.0,-0.00011719905896891112,0.0,0.0,0.0,0.0,0.0,0.0,0.0007011878221203064,0.004310333795945947
0.0,-6.504559454265112e-07,0.0,0.0,0.0,0.0,0.0,0.1678075011629729,-0.1678075011629729,0.22511523589568816,0.0,0.0,0.0013611890671060176,0.0,-0.16347818395886035,0.0,0.26493782599273297,0.0,-0.00015350765568124432,0.0,0.0,0.0,0.0,-2.211550975195486e-05,0.0,0.0,-0.003028189351752956,0.0,0.0,0.0,0.0,-0.0012296050522650542,0.0,0.0,-0.00011559428949020968,0.0,0.0,0.0,0.0,0.0,0.0,0.0006915866800490695,0.004251313764730643
0.0,-6.979443665987339e-07,0.0,0.0,0.03962279187611283,0.0,0.0,0.18669757168998186,-0.18669757168998186,0.18613085647571598,0.0,0.0,0.0,0.005638639599534318,-0.14713799755261317,0.0,0.23237995597682873,0.0,-0.0001647149269152269,0.0,0.0,0.0031196518188251177,0.0,-2.3730116627214618e-05,0.0,0.0,-0.005638639599534318,0.0,0.0,0.0,0.0,-0.0013193759322270595,0.0,0.0,-0.00012403358556093046,0.0,0.0,0.0,0.0,0.0,0.0,0.0007420779696901141,0.004561693245484588
0.0,-6.970500307537587e-07,0.0,0.0,0.045375942710102646,0.0,0.0,0.1908301262009031,-0.1908301262009031,0.1782794132403801,0.0,0.0,0.0,0.005932916816805558,-0.14393443215742116,0.0,0.22853953341027358,0.0,-0.00016450386358354526,0.0,0.0,0.0034171568307074405,0.0,-2.3699709198025696e-05,0.0,0.0,-0.005932916816805558,0.0,0.0,0.0,0.0,-0.0013176853029367357,0.0,0.0,-0.00012387465071331713,0.0,0.0,0.0,0.0,0.0,0.0,0.0007411270816826723,0.0045558479575526865
0.0,-6.828635492532992e-07,0.0,0.0,0.03957117702835847,0.0,0.0,0.19277764657426982,-0.19277764657426982,0.1806149040458183,0.0,0.0,0.0,0.0,-0.14280938262907392,0.0,0.23586388227162708,0.0,-0.0001611558528030874,0.0,0.0,0.00316717740376556,0.0,-2.3217368661091077e-05,0.0,0.0,-0.005631736212146515,0.0,0.0,0.0,0.0,-0.0012908675461778339,0.0,0.0,-0.00012135353262539449,0.0,0.0,0.0,0.0,0.0,0.0,0.0007260435364995362,0.004463126560354213
0.0,-6.812203383159422e-07,0.0,0.0,0.04519104382242317,0.0,0.0,0.19712646200105968,-0.19712646200105968,0.17266042679929078,0.0,0.0,0.0,0.0,-0.13945779121129773,0.0,0.23228836885398704,0.0,-0.00016076805488909022,0.0,0.0,0.003460350215285694,0.0,-2.3161499470002647e-05,0.0,0.0,-0.005918978424509439,0.0,0.0,0.0,0.0,-0.0012877612628319473,0.0,0.0,-0.00012106151315486482,0.0,0.0,0.0,0.0,0.0,0.0,0.0007242964192585032,0.004452386701143977
0.0,-2.6919560640295173e-07,0.0,0.0,0.029551379124356455,0.0,0.0,0.28144123357411516,-0.28144123357411516,0.005176301383369648,0.0,0.0,0.0,-0.13318355806378154,0.0,0.0,0.24925005749079604,0.0,-6.353018486365245e-05,0.0,0.0,0.0,0.007799973182171404,-9.152653766096597e-06,0.0,0.0,-0.00380802496647346,0.0,0.0,0.0,0.0,-0.0005088803938344837,0.005672913844739202,0.0,-4.783948102070352e-05,0.0,0.0,0.0,0.0,0.0,0.0,0.00028621784000135213,0.0017594350469891738
0.0,-2.0426894535301549e-07,0.0,0.0,0.031302024589517786,0.0,0.0,0.28310598918720703,-0.28310598918720703,0.007627038704903369,0.0,0.0,0.0,-0.1317646643716771,0.0,0.0,0.2505406935943677,0.0,-4.820748760941923e-05,0.0,0.0,0.0,0.0,-6.9451465310444135e-06,0.0,0.0,-0.003999335515203166,0.0,0.0,0.0,0.0,-0.0003861447173985428,0.006524195407570824,0.0,-3.630118806510936e-05,0.0,0.0,0.0,0.0,0.0,0.0,0.00021718562609368523,0.0013350810077027726
0.0,-2.0948381794704938e-07,0.0,0.0,0.03321112369677886,0.0,0.0,0.2836736727269106,-0.2836736727269106,0.0067117769375994165,0.0,0.0,0.0,-0.13068863968909003,0.0,0.0,0.24916702742051916,0.0,-4.943819796300298e-05,0.0,0.0,0.0,0.0,-7.122452260232477e-06,0.0,0.0,-0.00410143632713293,0.0,0.0,0.0,0.0,-0.0003960027773234745,0.006690754488640464,0.0,-3.722793721165463e-05,0.0,0.0,0.0,0.0,0.0,0.0,0.00022273025436489262,0.001369164883476705
0.0,-7.667106356862557e-07,0.0,0.0,0.051023310420523924,0.0,0.0,0.18688624698684322,-0.18688624698684322,0.1860495062673077,0.0,0.0,0.0,0.005390988948228375,-0.1434289921025475,0.0,0.22207635499426814,0.0052476264063935464,-0.00018094377197659274,0.0,0.0,0.0,0.0,-2.6068170580451116e-05,0.0,0.0,-0.005390988948228375,0.0,0.0,0.0,0.0,-0.0014493699041323988,0.0,0.0,-0.00013625422567031158,0.0,0.0,0.0,0.0,0.0,0.0,0.0008151925842493151,0.005011142571571164
0.0,-7.729912059101472e-07,0.0,0.0,0.05860890289747054,0.0,0.0,0.1914889821880852,-0.1914889821880852,0.1773340724652825,0.0,0.0,0.0,0.005691136479058183,-0.1394841654728986,0.0,0.2167278798167622,0.0058025863943510355,-0.00018242598705693738,0.0,0.0,0.0,0.0,-2.6281710041518282e-05,0.0,0.0,-0.005691136479058183,0.0,0.0,0.0,0.0,-0.0014612425312222146,0.0,0.0,-0.00013737036283183459,0.0,0.0,0.0,0.0,0.0,0.0,0.0008218702981521499,0.005052191738437768
0.0,-7.533027354003445e-07,0.0,0.0,0.05113993492821326,0.0,0.0,0.19269814264527096,-0.19269814264527096,0.1807781581761694,0.0,0.0,0.0,0.0,-0.1392392722055722,0.0,0.22525506574192172,0.005324007851769877,-0.0001777795064256821,0.0,0.0,0.0,0.0,-2.5612301813917095e-05,0.0,0.0,-0.005380788511675914,0.0,0.0,0.0,0.0,-0.0014240239571120944,0.0,0.0,-0.00013387147136081071,0.0,0.0,0.0,0.0,0.0,0.0,0.0008009368528498858,0.004923509901837853
0.0,-7.587347440093756e-07,0.0,0.0,0.05859199791262605,0.0,0.0,0.19753360244319318,-0.19753360244319318,0.17193539161475155,0.0,0.0,0.0,0.0,-0.13513823720172916,0.0,0.22017894694953402,0.005872906744903398,-0.00017906146089635103,0.0,0.0,0.0,0.0,-2.579699017015459e-05,0.0,0.0,-0.005674842906667916,0.0,0.0,0.0,0.0,-0.001434292485329224,0.0,0.0,-0.00013483680833725102,0.0,0.0,0.0,0.0,0.0,0.0,0.0008067123474492232,0.004959012956475268
0.0,-7.46693899015017e-07,0.0,0.0,0.04267181728168582,0.0,0.0,0.18582472897703942,-0.18582472897703942,0.1893199990399168,0.0,0.0,0.0,0.0056504745148535694,-0.14350202523496863,0.0,0.22822385976930779,0.0,-0.00017621982050471279,0.0,0.0,0.0,0.0,-2.5387601299521848e-05,0.0,0.0,-0.0056504745148535694,0.0,0.0,0.0,0.0,-0.001411530784182968,0.005911084457219451,0.0,-0.00013269699712978796,0.0,0.0,0.0,0.0,0.0,0.0,0.0007939101153023964,0.004880315220797045
0.0,-7.507377416136368e-07,0.0,0.0,0.04918124857057123,0.0,0.0,0.19018592865644365,-0.19018592865644365,0.18119138394165993,0.0,0.0,0.0,0.005968632914139228,-0.13967826653133464,0.0,0.22366077042512938,0.0,-0.00017717416768475282,0.0,0.0,0.0,0.0,-2.5525091995169966e-05,0.0,0.0,-0.005968632914139228,0.0,0.0,0.0,0.0,-0.0014191751593705406,0.0065182115650918495,0.0,-0.00013341563936110956,0.0,0.0,0.0,0.0,0.0,0.0,0.000798209665021458,0.00490674536387252
0.0,-5.985485216007183e-07,0.0,0.0,0.03542060654308032,0.0,0.0,0.19694740302269517,-0.19694740302269517,0.1641510956491195,0.0,0.0,0.00504205308518274,0.004681279543015116,-0.14285338549140622,0.0,0.2433269880194217,0.0,-0.00014125749946393833,0.0,0.0,0.0,0.0,-2.035065673479096e-05,0.0,0.0,-0.004681279543015116,0.0,0.0,0.0,0.0,-0.0011314806042758716,0.0,0.0,-0.00010636968047771875,0.0,0.0,0.0,0.0,0.0,0.0,0.0006363969578765078,0.003912052133018442
0.0,-5.897717887552603e-07,0.0,0.0,0.03994926360933933,0.0,0.0,0.20127098107065652,-0.20127098107065652,0.15573451488921117,0.0,0.0,0.00544888556563976,0.004853019214378978,-0.13979714293163667,0.0,0.24096091144378487,0.0,-0.00013918618980319965,0.0,0.0,0.0,0.0,-2.0052247715396485e-05,0.0,0.0,-0.004853019214378978,0.0,0.0,0.0,0.0,-0.0011148892960942246,0.0,0.0,-0.0001048099434894576,0.0,0.0,0.0,0.0,0.0,0.0,0.0006270652397594755,0.0038546883016665847
0.0,-5.848066258493973e-07,0.0,0.0,0.03532485483997442,0.0,0.0,0.20211144817143448,-0.20211144817143448,0.15930621089447472,0.0,0.0,0.005105658943879329,0.0,-0.1392149278331425,0.0,0.24635002915744092,0.0,-0.00013801441095620222,0.0,0.0,0.0,0.0,-1.9883432118526734e-05,0.0,0.0,-0.004663485872493928,0.0,0.0,0.0,0.0,-0.001105503280888591,0.0,0.0,-0.00010392757092857644,0.0,0.0,0.0,0.0,0.0,0.0,0.0006217861112433746,0.0038222365029640854
0.0,-5.757464591668192e-07,0.0,0.0,0.039742386912922194,0.0,0.0,0.20651715278149546,-0.20651715278149546,0.150916269462327,0.0,0.0,0.005505094546967715,0.0,-0.13610105773136175,0.0,0.24414848743602224,0.0,-0.00013587621088700014,0.0,0.0,0.0,0.0,-1.957538634535526e-05,0.0,0.0,-0.004830504149180828,0.0,0.0,0.0,0.0,-0.0010883761767309732,0.0,0.0,-0.00010231746414471306,0.0,0.0,0.0,0.0,0.0,0.0,0.0006121530367196468,0.0037630201769404347
0.0,-7.323251909615673e-07,0.0,0.0,0.04266664107104108,0.0,0.0,0.19190443468096868,-0.19190443468096868,0.18384098020816292,0.0,0.0,0.0,0.0,-0.1391086769172016,0.0,0.2316517601296268,0.0,-0.00017282880424302426,0.0,0.0,0.0,0.0,-2.4899065057654315e-05,0.0,0.0,-0.005643737097139639,0.0,0.0,0.0,0.0,-0.001384368551073609,0.006001327344129843,0.0,-0.00013014349506710536,0.0,0.0,0.0,0.0,0.0,0.0,0.0007786328207075047,0.004786402809420788
0.0,-7.354943008252313e-07,0.0,0.0,0.0490436153275213,0.0,0.0,0.19651245796602126,-0.19651245796602126,0.17557517324019398,0.0,0.0,0.0,0.0,-0.1351202069634266,0.0,0.2273704165470569,0.0,-0.0001735767144269313,0.0,0.0,0.0,0.0,-2.5006814830083443e-05,0.0,0.0,-0.00595506375503564,0.0,0.0,0.0,0.0,-0.0013903593541817107,0.006601105057210994,0.0,-0.00013070668617264048,0.0,0.0,0.0,0.0,0.0,0.0,0.0007820023251062769,0.004807115788493497
0.0,-1.441097356161808e-07,0.0,0.0,0.028279479354026683,0.0,0.0,0.2862499809060047,-0.2862499809060047,0.0,0.0,0.0,0.0,-0.13524159651631895,0.0,0.0,0.2547965794807037,0.0,-3.400990925031553e-05,0.0,0.00016352533183684972,0.003098104150744622,0.0,-4.8997326963957455e-06,0.0,0.0,-0.0039628403341153305,0.0,0.0,0.0,0.0,-0.00027242130730013766,0.0005257189580810826,0.0,-2.5610131807237736e-05,0.0,0.0,0.0,0.0,0.0,0.0,0.0001532223270742688,0.0009418865442993809
0.0,-1.3820459192001517e-07,0.0,0.0,0.027684170792583892,0.0,0.0,0.28618566208458096,-0.28618566208458096,0.0,0.0,0.0,0.0,-0.13485035125236589,-0.0007710938096396336,0.0,0.25554659848640765,0.0,-3.261629486085081e-05,0.0,8.537329685587452e-06,0.003445673284571454,0.0,-4.6989577416620885e-06,0.0,0.0,-0.003948743422633347,0.0,0.0,0.0,0.0,-0.00026125837678315193,0.0,0.0,-2.4560712711762686e-05,0.0,0.0,0.0,0.0,0.0,0.0,0.00014694377930672396,0.0009032911269544599
0.0,-2.743579578408662e-07,0.0,0.0,0.025921615714951718,0.0,0.0,0.2838847243357914,-0.2838847243357914,0.0,0.0,0.0,0.0,-0.13286374440983942,0.0,0.0,0.2557208674890303,0.0,-6.4748500220148e-05,0.0,2.592406106345759e-05,0.0022980721002642617,0.0,-9.328173775362338e-06,0.0,0.0,-0.003301233889423465,0.0,0.0,0.0,0.0,-0.0005186391691278131,0.0,0.0,-4.875689649020653e-05,0.0,0.0,0.0,0.0,0.0,-0.009372464290423873,0.0002917066260095311,0.0017931756498396746
0.0,-1.5954410869876953e-07,0.0,0.0,0.03121503441469939,0.0,0.0,0.28638725790442476,-0.28638725790442476,0.0,0.0,0.0,0.0,-0.13372174311017426,0.0,0.0,0.2524009428016056,0.0,-3.765242254499273e-05,0.0,0.00064395115170422,0.002594122124222207,0.0,-5.4245015617175635e-06,0.0,0.0,-0.004015979949019946,0.0,0.0,0.0,0.0,-0.0003015980459468275,0.0010481264031392229,0.0,-2.8353016091336008e-05,0.0,0.0,0.0,0.0,0.0,0.0,0.00016963267263860531,0.0010427640336933355
0.0,-1.8504168413561671e-07,0.0,0.0,0.03644679832328295,0.0,0.0,0.2862864148779034,-0.2862864148779034,0.0,0.0,0.0,0.0,-0.13227913345461398,0.0,0.0,0.2483273291818269,0.0031606456587763574,-4.366985240843965e-05,0.0,1.7484573644476336e-05,0.0015499427647169654,0.0,-6.2914194247790625e-06,0.0,0.0,-0.0038068515710068425,0.0,0.0,0.0,0.0,-0.0003497980013751675,0.0,0.0,-3.288425934780704e-05,0.0,0.0,0.0,0.0,0.0,0.0,0.0001967425540527988,0.0012094135880314826
0.0,-1.4702006350460605e-07,0.0,0.0,0.029844165895359143,0.0,0.0,0.2862532664631119,-0.2862532664631119,0.0,0.0,0.0,0.0,-0.1330915428266567,-0.00147718171032176,0.0,0.25402580655047646,0.0,-3.4696746867155145e-05,0.0,0.00030932825587593344,0.003299521156989144,0.0,-4.99868387864015e-06,0.0,0.0,-0.003984803141034992,0.0,0.0,0.0,0.0,-0.00027792291567272173,0.0,0.0,-2.6127334066378387e-05,0.0,0.0,0.0,0.0,0.0,0.0,0.00015631668575660885,0.0009609081507570309
0.0,-1.5467259770318594e-07,0.0,0.0,0.030289247872480843,0.0,0.0,0.28634328232900075,-0.28634328232900075,0.0,0.0,0.0,0.0,-0.13426911819010184,0.0,0.0,0.2530257269864032,0.0,-3.650274555638885e-05,0.0,0.00036463864870072576,0.002883889849082793,0.0,-5.25887013089262e-06,0.0,0.0,-0.004064178695922857,0.0,0.0,0.0,0.0,-0.0002923890678838987,0.000879465004151227,0.0,-2.7487286665327018e-05,0.0,0.0,0.0,0.0,0.0,0.0,0.0001644531179893676,0.0010109243343314038
0.0,-1.4435441990373445e-07,0.0,0.0,0.0291860185701856,0.0,0.0,0.2862323476319295,-0.2862323476319295,0.0,0.0,0.0,0.0,-0.13369704755172604,-0.001255335167547697,0.0,0.2543648857377163,0.0,-3.406765476195009e-05,0.0,9.890306883997988e-05,0.0034640200881140876,0.0,-4.908051965034291e-06,0.0,0.0,-0.0040344687638978255,0.0,0.0,0.0,0.0,-0.00027288385213242226,0.0,0.0,-2.5653615315333943e-05,0.0,0.0,0.0,0.0,0.0,0.0,0.0001534824836540944,0.0009434857758645686
