M_ac_e,M_ca2_e,M_cd2_e,M_cl_e,M_co2_e,M_cobalt2_e,M_cu2_e,M_fe2_e,M_fe3_e,M_for_e,M_fum_e,M_gln__45__L_e,M_gly_e,M_h2_e,M_h2o_e,M_h2s_e,M_h_e,M_ile__45__L_e,M_k_e,M_lac__45__L_e,M_leu__45__L_e,M_lys__45__L_e,M_mal__45__L_e,M_mg2_e,M_mn2_e,M_mobd_e,M_n2_e,M_na1_e,M_nh4_e,M_ni2_e,M_oxa_e,M_pi_e,M_pro__45__L_e,M_s_e,M_so4_e,M_ss_e,M_succ_e,M_ura_e,M_val__45__L_e,M_zn2_e,M_fixed_uptake,objective,virtual_tag_R_constraint_reaction
0.020352418666194593,-1.204192431105926e-06,0.0,0.0,0.15640488790594057,0.0,0.0,0.2817960115252409,-0.2817960115252409,0.0,0.0,0.0,0.0,0.0055800959511961385,-0.06740395098251108,0.0,0.17014902725704908,0.0024679632241650295,-0.00028418951104668437,0.0,0.0,0.0,0.0,-4.0942556741319166e-05,0.0,0.0,-0.0055800959511961385,0.0,0.0,0.0,0.0,-0.0022763741458559287,0.0,0.0,-0.0002140003015760034,0.0,0.0,0.0,0.0,0.0,0.0,0.0012803379712713469,0.004372488332343069
0.019691558444994157,-1.1814930174647977e-06,0.0,0.0,0.15317939499282593,0.0,0.0,0.28507759490925355,-0.28507759490925355,0.0,0.0,0.0,0.0,0.0,-0.06530173308239107,0.0,0.17525798151166264,0.0025600466257068733,-0.00027883244759313466,0.0,0.0,0.0,0.0,-4.017077641203821e-05,0.0,0.0,-0.005544212002405739,0.0,0.0,0.0,0.0,-0.002233463762927099,0.0,0.0,-0.00020996632723824856,0.0,0.0,0.0,0.0,0.0,0.0,0.0012562031897699881,0.00429006552454838
0.0,-8.469193789871535e-07,0.0,0.0,0.13472521557878372,0.0,0.0,0.2905802893812377,-0.2905802893812377,0.0,0.0,0.0,0.0,0.004249850798887546,-0.06952750270347974,0.0,0.19774392081413464,0.002386378906137125,-0.00019987304187693317,0.0,0.0,0.0,0.0,-2.8795268790768673e-05,0.0,0.0,-0.004249850798887546,0.0,0.0,0.0,0.0,-0.0016009944325759743,0.0,0.0,-0.0001505083388934452,0.0,0.0,0.0,0.0,0.0,0.0,0.0009004732229772813,0.00307521041272084
0.0,-8.384007554352332e-07,0.0,0.0,0.13278981005352636,0.0,0.0,0.2928801391793772,-0.2928801391793772,0.0,0.0,0.0,0.0,0.0,-0.06786101935747599,0.0,0.20097755261723463,0.0024590908782795126,-0.00019786264603032611,0.0,0.0,0.0,0.0,-2.8505635490373217e-05,0.0,0.0,-0.004255461771942414,0.0,0.0,0.0,0.0,-0.0015848910475098005,0.0,0.0,-0.00014899447120748975,0.0,0.0,0.0,0.0,0.0,0.0,0.0008914159353588288,0.003044278826434264
0.0,-3.69273791783432e-07,0.0,0.0,0.021472532026608957,0.0,0.0,0.28186214757025385,-0.28186214757025385,0.0,0.0,0.0,0.0,-0.13890859501645253,0.007100682157455061,0.0,0.2556012230000125,0.0,-8.714864470033973e-05,0.0,0.0,0.0,0.0,-1.255531323950442e-05,0.0,0.0,-0.0028405887119480992,0.0,0.0,0.0,0.0,-0.0006980656003509184,0.0030156464338784448,0.0,-6.562464666315227e-05,0.0,0.0,0.0,0.0,0.0,-0.004739196436037508,0.0003926243391028987,0.0013408532592504802
0.0,-4.07581409500441e-07,0.0,0.0,0.017043077956881692,0.0,0.0,0.2833645256875241,-0.2833645256875241,0.0,0.0,0.0,0.001664241345343021,-0.13528937339467959,0.0011803252862728935,0.0,0.26436480099811804,0.0,-9.618924557703005e-05,0.0,0.0,0.0,0.0,-1.3857772689912176e-05,0.0,0.0,-0.0023031442088011682,0.0,0.0,0.0,0.0,-0.0007704813275285468,0.0,0.0,-7.243239726209045e-05,0.0,0.0,0.0,0.0,0.0,-0.008559312514732869,0.0004333542891383671,0.0014799503065169618
0.0,-4.799331715502021e-07,0.0,0.0,0.021914526320418237,0.0,0.0,0.2826537270304041,-0.2826537270304041,0.0,0.0,0.0,0.0,-0.13426150740811374,0.003929309746739166,0.0,0.2582324420289947,0.0,-0.00011326426726721287,0.0,0.0,0.0,0.0,-1.6317733445799198e-05,0.0,0.0,-0.0023492463445707514,0.0,0.0,0.0,0.0,-0.0009072532223543071,0.0012341885051748592,0.0,-8.529022504629626e-05,0.0,0.0,0.0,0.0,0.0,-0.009395775586377043,0.0005102811206379,0.001742663496880151
0.0,-9.957236277773904e-08,0.0,0.0,0.0,0.0,0.0,0.28157140947750564,-0.28157140947750564,0.0,0.0,0.0,0.002488391741952269,-0.14859209331794376,0.004451987447112578,0.0,0.27692976627358845,0.0,-2.3499085661566964e-05,0.0,0.0,0.0,0.0,-3.3854614989987335e-06,0.0,0.0,-0.0016035677308792204,0.0,0.0,0.0,0.0,-0.00018822901258469548,0.0,0.0,-1.7695274536397565e-05,0.0,0.0,0.0,0.0,0.0,-0.002091044760578318,0.00010586869146525197,0.000361552674824276
0.0,-4.991325765079673e-07,0.0,0.0,0.02022407948369503,0.0,0.0,0.2832647550819988,-0.2832647550819988,0.0,0.0,0.0,0.0006417806946899134,-0.1326799248601298,0.0015193763716384915,0.0,0.26171719710526536,0.0,-0.00011779532838866799,0.0,0.0,0.0,0.0,-1.6970513438911215e-05,0.0,0.0,-0.002122336023172481,0.0,0.0,0.0,0.0,-0.0009435472796268115,0.0,0.0,-8.870220335217896e-05,0.0,0.0,0.0,0.0,0.0,-0.011055208682629014,0.0005306945749648519,0.001812377582434284
0.0,-5.655546304948323e-07,0.0,0.0,0.02000665573621116,0.0,0.0,0.28169217990039336,-0.28169217990039336,0.004363113858647657,0.0,0.0,0.0,-0.1317930683379849,0.00026719605458233527,0.0,0.26164029509304443,0.0,-0.00013347093849685272,0.0,0.0,0.0,0.0,-1.9228864051308448e-05,0.0,0.0,-0.0020411730099385455,0.0,0.0,0.0,0.0,-0.0010691098080936972,0.0,0.0,-0.00010050624664070244,0.0,0.0,0.0,0.0,0.0,-0.012526380276138343,0.0006013167410343694,0.0020535596797184356
0.0,-1.0719808814300373e-07,0.0,0.0,0.0,0.0,0.0,0.2814652025093804,-0.2814652025093804,0.0,0.0,0.0,0.002309584758212176,-0.14858277042180346,0.00466981520945938,0.0,0.2768374600458118,0.0,-2.5298757463971975e-05,0.0,0.0,0.0,0.0,-3.644736250604943e-06,0.0,0.0,-0.0015416866461427927,0.0,0.0,0.0,0.0,-0.00020264448607255312,0.0,0.0,-1.9050462864897258e-05,0.0,0.0,0.0,0.0,0.0,-0.002374313540284118,0.00011397661964303389,0.0003892420991421568
0.0,-3.570938754701389e-07,0.0,0.0,0.0,0.0,0.0,0.27595625343092756,-0.27595625343092756,0.015387188080006374,0.0,0.0,0.0,-0.14489430324185623,0.00016870885586712337,0.0,0.2759276955809417,0.0,-8.427418346619516e-05,0.0,0.0,0.0,0.0,-1.2141195942401382e-05,0.0,0.0,-0.0012888063174131572,0.0,0.0,0.0,0.0,-0.000675041002389606,0.0,0.0,-6.346012071456996e-05,0.0,0.0,0.0,0.0,0.0,-0.007909215904580632,0.0003796742416433967,0.0012966273194479202
0.0,-1.9181244344296212e-07,0.0,0.0,0.0,0.0,0.0,0.2804727732044394,-0.2804727732044394,0.0,0.0,0.0,0.0,-0.1480840031058406,0.006978292680168789,0.0,0.276324830816163,0.0,-4.5267752152089525e-05,0.0,0.0,0.0,0.0,-6.5216253204167e-06,0.0,0.0,-0.0006922803941744324,0.0,0.0,0.0,0.0,-0.00036259726919725426,0.0,0.0,-3.408750934028519e-05,0.0,0.0,0.0,0.0,0.0,-0.005625957739042638,0.00020394145350740819,0.0006964814337707717
0.0,-4.25755761327566e-07,0.0,0.0,0.020029664871090883,0.0,0.0,0.2821578379044821,-0.2821578379044821,0.0,0.0,0.0,0.0,-0.13687252196483102,0.005252649033479165,0.0,0.25872645682487855,0.0,-0.00010047839407682388,0.0,0.0,0.0,0.0,-1.447570086459384e-05,0.0,0.0,-0.002378534362993385,0.0,0.0,0.0,0.0,-0.0008048376509435355,0.001683833632544792,0.0,-7.566221059714122e-05,0.0,0.0,0.0,0.0,0.0,-0.007746163548239706,0.00045267787243488596,0.001545942368299828
0.0,-4.4933671940210876e-07,0.0,0.0,0.017584840941720616,0.0,0.0,0.28297634272295874,-0.28297634272295874,0.0,0.0,0.0,0.0008885473188987535,-0.13482743008444664,0.0019893835876698927,0.0,0.2635784723612802,0.0,-0.00010604350208789324,0.0,0.0,0.0,0.0,-1.5277453714921055e-05,0.0,0.0,-0.002065998484185463,0.0,0.0,0.0,0.0,-0.0008494144826099686,0.0,0.0,-7.985284658608255e-05,0.0,0.0,0.0,0.0,0.0,-0.009952288100512184,0.0004777499416838738,0.0016315661119665405
0.0,-5.365881911449099e-07,0.0,0.0,0.016755100736321703,0.0,0.0,0.28062569229194734,-0.28062569229194734,0.0063665039335617304,0.0,0.0,0.0,-0.13395035896834107,0.0002535108721220203,0.0,0.26382767901604,0.0,-0.00012663485646961586,0.0,0.0,0.0,0.0,-1.8244004774632048e-05,0.0,0.0,-0.0019366287077491149,0.0,0.0,0.0,0.0,-0.001014352402275169,0.0,0.0,-9.535854217392262e-05,0.0,0.0,0.0,0.0,0.0,-0.011884807181377622,0.0005705186466150464,0.0019483809600924211
0.0,-4.844376131157463e-07,0.0,0.0,0.017739298821981442,0.0,0.0,0.2826131703129755,-0.2826131703129755,0.0,0.0,0.0,0.0,-0.13451741784816834,0.0028414853062362737,0.0,0.2632675618148165,0.0,-0.00011432731584066615,0.0,0.0,0.0,0.0,-1.6470884511709718e-05,0.0,0.0,-0.0017484093093283373,0.0,0.0,0.0,0.0,-0.0009157683018851647,0.0,0.0,-8.609072156874381e-05,0.0,0.0,0.0,0.0,0.0,-0.011252254847752679,0.0005150703946997231,0.0017590193696462462
0.0,-5.266968886818779e-07,0.0,0.0,0.02047902299203053,0.0,0.0,0.28302393995336644,-0.28302393995336644,0.0,0.0,0.0,0.0,-0.1323421688337438,0.0020958086428196224,0.0,0.26139461291086125,0.0,-0.0001243005082890661,0.0,0.0,0.0,0.0,-1.7907700375204535e-05,0.0,0.0,-0.0019009294869629385,0.0,0.0,0.0,0.0,-0.0009956541405903583,0.0,0.0,-9.360073199725153e-05,0.0,0.0,0.0,0.0,0.0,-0.012035120466302202,0.0005600018805221732,0.0019124651018839758
0.0,-5.705332334098514e-07,0.0,0.0,0.02458429777551778,0.0,0.0,0.28417192886251064,-0.28417192886251064,0.0,0.0,0.0,0.0,-0.12855172611486695,0.00026954819349959833,0.0,0.25954200386230236,0.0,-0.00013464588918709705,0.0,0.0,0.0,0.0,-1.9398136608646703e-05,0.0,0.0,-0.0020591415479884363,0.0,0.0,0.0,0.0,-0.001078521229944127,0.0,0.0,-0.0001013910076620475,0.0,0.0,0.0,0.0,0.0,-0.012636650566566087,0.0006066101594211027,0.0020716372581809557
0.0,-3.1485900880176005e-07,0.0,0.0,0.024773775615019866,0.0,0.0,0.28289159503519884,-0.28289159503519884,0.0,0.0,0.0,0.0,-0.13810500495440017,0.006054352612231475,0.0,0.25322685691836516,0.0,-7.43067515196372e-05,0.0,0.0,0.0,0.0024245078728620767,-1.0705209981715633e-05,0.0,0.0,-0.0032301796425090496,0.0,0.0,0.0,0.0,-0.0005952013056317771,0.004187610814583542,0.0,-5.595444805745597e-05,0.0,0.0,0.0,0.0,0.0,0.0,0.000334768708183561,0.001143270217247942
0.0,-3.446007090438443e-07,0.0,0.0,0.027479097629953365,0.0,0.0,0.2835640016936378,-0.2835640016936378,0.0,0.0,0.0,0.0,-0.13575195364361337,0.004800339711426876,0.0,0.25182748500040786,0.0,-8.13257951800698e-05,0.0,0.0,0.0,0.0030187096618030963,-1.1716428137792653e-05,0.0,0.0,-0.0033527126926190926,0.0,0.0,0.0,0.0,-0.0006514242445375625,0.004217992240572569,0.0,-6.123992623916466e-05,0.0,0.0,0.0,0.0,0.0,0.0,0.00036639108610794194,0.0012512639514164299
0.0,-2.794962012737471e-07,0.0,0.0,0.025817494808813363,0.0,0.0,0.28348191603549205,-0.28348191603549205,0.0,0.0,0.0,0.0,-0.13781884539416972,0.006570037942302747,0.0,0.25284451063618973,0.0,-6.596112608550755e-05,0.0,0.0,0.0,0.0,-9.502874112174976e-06,0.0,0.0,-0.00334565548791865,0.0,0.0,0.0,0.0,-0.0005283523712735714,0.004673822048477039,0.0,-4.967002766077665e-05,0.0,0.0,0.0,0.0,0.0,0.0,0.0002971697795743738,0.0010148659362368708
0.0,-2.977029853601315e-07,0.0,0.0,0.028375625708054467,0.0,0.0,0.28418780011596984,-0.28418780011596984,0.0,0.0,0.0,0.0,-0.13572543989106967,0.005595872137523119,0.0,0.25155463011403595,0.0,-7.025792860110733e-05,0.0,0.0,0.0,0.0,-1.0121904984050777e-05,0.0,0.0,-0.0034759620732090313,0.0,0.0,0.0,0.0,-0.0005627700037904635,0.0048030130919243345,0.0,-5.2905604620546395e-05,0.0,0.0,0.0,0.0,0.0,0.0,0.00031652784594183,0.0010809757613203027
0.0,-4.6082498411457163e-07,0.0,0.0,0.020083378695201052,0.0,0.0,0.2837552089491512,-0.2837552089491512,0.0,0.0,0.0,0.0014746898259621927,-0.13281828934304085,0.0005206020416364036,0.0,0.262273493581151,0.0,-0.00010875473348835244,0.0,0.0,0.0,0.0,-1.5668054849506606e-05,0.0,0.0,-0.0024005326390846267,0.0,0.0,0.0,0.0,-0.000871131600320285,0.0,0.0,-8.189445725356876e-05,0.0,0.0,0.0,0.0,0.0,-0.009677441025752083,0.0004899646518543025,0.001673280627119222
0.0,-4.2203091777217765e-07,0.0,0.0,0.02379485905368393,0.0,0.0,0.2823766522051878,-0.2823766522051878,0.0,0.0,0.0,0.0,-0.1362680214190159,0.005878954165976357,0.0,0.25460008475029455,0.0,-9.959933069676341e-05,0.0,0.0,0.0,0.0,-1.4349056140146466e-05,0.0,0.0,-0.002873718632464087,0.0,0.0,0.0,0.0,-0.0007977963032753252,0.00270108922968197,0.0,-7.500025855061949e-05,0.0,0.0,0.0,0.0,0.0,-0.006161666607290741,0.0004487174932481233,0.001532417258387967
0.0,-2.9008211170093167e-07,0.0,0.0,0.026872891334527096,0.0,0.0,0.2831536061462171,-0.2831536061462171,0.0,0.0,0.0,0.0,-0.1383592968849653,0.0069739972705300185,0.0,0.2513558099158397,0.0,-6.845940180172567e-05,0.0,0.0006980370022124107,0.0,0.0,-9.862795190507516e-06,0.0,0.0,-0.0033948124245017364,0.0,0.0,0.0,0.0,-0.0005483637018419413,0.003997686585468685,0.0,-5.155127850188477e-05,0.0,0.0,0.0,0.0,0.0,0.0,0.00030842507626142754,0.001053303953811507
0.0,-3.114762597992753e-07,0.0,0.0,0.02978316932844214,0.0,0.0,0.2838194198177423,-0.2838194198177423,0.0,0.0,0.0,0.0,-0.13628876217686575,0.00604424788230818,0.0,0.24967647118287953,0.0,-7.350842248170518e-05,0.0,0.0008526683657000369,0.0,0.0,-1.059019647606797e-05,0.0,0.0,-0.003542037064012388,0.0,0.0,0.0,0.0,-0.000588806644635524,0.003983075007141588,0.0,-5.535329056137137e-05,0.0,0.0,0.0,0.0,0.0,0.0,0.0003311720554532462,0.0011309872712979947
0.0,-2.9049517469906966e-07,0.0,0.0,0.026833486933273105,0.0,0.0,0.28303900256410597,-0.28303900256410597,0.0,0.0,0.0,0.0,-0.13868576406036326,0.006828587691463637,0.0,0.25119592779873695,0.0,-6.855688470266411e-05,0.0,0.0,0.0,0.0,-9.876839337275214e-06,0.0,0.0,-0.0034773165825388946,0.0,0.0,0.0,0.0,-0.0005491445454224872,0.0036150285584388817,0.0,-5.162468504712459e-05,0.0,0.0,0.0,0.0012427217304636351,0.0,0.0,0.0003088642587603223,0.001054803808065052
0.0,-3.1201820954461076e-07,0.0,0.0,0.02974008445842369,0.0,0.0,0.28368054319066377,-0.28368054319066377,0.0,0.0,0.0,0.0,-0.13668407262107118,0.005864952960006037,0.0,0.24947818790204965,0.0,-7.363632266539702e-05,0.0,0.0,0.0,0.0,-1.0608622773747788e-05,0.0,0.0,-0.0036431057660226617,0.0,0.0,0.0,0.0,-0.0005898311323808106,0.0035154764504853856,0.0,-5.544960191987602e-05,0.0,0.0,0.0,0.0015184923676259449,0.0,0.0,0.0003317482746849487,0.0011329551203534977
0.0020481689193251546,-3.2733212441080085e-07,0.0,0.0,0.029379139036425923,0.0,0.0,0.2827354506471373,-0.2827354506471373,0.0,0.0,0.0,0.0,-0.1368687563907426,0.006607954649292906,0.0,0.24890260597813732,0.0,-7.725040781127042e-05,0.0,0.0,0.0,0.0,-1.1129296058303225e-05,0.0,0.0,-0.0035943357865368623,0.0,0.0,0.0,0.0,-0.0006187801599388217,0.004825888345400096,0.0,-5.817107924776802e-05,0.0,0.0,0.0,0.0,0.0,0.0,0.00034803054501444497,0.001188560779669439
0.0,-5.4583523349876135e-08,0.0,0.0,0.0,0.0,0.0,0.28082320546187556,-0.28082320546187556,0.0,0.0,0.0,0.0019372191100696303,-0.15128194424493638,0.0070255591342447445,0.0,0.2748399487114393,0.0,-1.2881715921233911e-05,0.0,0.0,0.0,0.0,-1.8558404322812435e-06,0.0,0.0,-0.0017387437109833955,0.0,0.0,0.0,0.0,-0.000103183277135589,0.0011462677728099446,0.0,-9.70018591399601e-06,0.0,0.0,0.0,0.0,0.0,0.0,5.803504136497531e-05,0.00019819574747394734
0.0,-1.3215625991099116e-07,0.0,0.0,0.0,0.0,0.0,0.2765523226270454,-0.2765523226270454,0.009380692798955493,0.0,0.0,0.0,-0.15286929398475377,0.00762941505014497,0.0,0.27144650400832704,0.0,-3.118888801798107e-05,0.0,0.0,0.0,0.0,-4.493314382616577e-06,0.0,0.0,-0.0018646295334854622,0.0,0.0,0.0,0.0,-0.000249824766792554,0.002775314827884004,0.0,-2.3485847233016724e-05,0.0,0.0,0.0,0.0,0.0,0.0,0.00014051298889983078,0.00047986658077248497
0.0,-1.8391327909660582e-07,0.0,0.0,0.013054500589043517,0.0,0.0,0.28042389167378073,-0.28042389167378073,0.0,0.0,0.0,0.0,-0.14746575969065526,0.010617361148130219,0.0,0.26026395510105066,0.0,-4.340354872805145e-05,0.0,0.0,0.0,0.0,-6.2530536402553515e-06,0.0,0.0,-0.0025948837537824792,0.0,0.0,0.0,0.0,-0.0003476648937500857,0.0038622252995457926,0.0,-3.268372742914481e-05,0.0,0.0,0.0,0.0,0.0,0.0,0.000195542795790664,0.0006677991376131861
0.0,-1.608233273586408e-07,0.0,0.0,0.01049193352689041,0.0,0.0,0.28019087875236187,-0.28019087875236187,0.0,0.0,0.0,0.0,-0.14874755136435355,0.010762132423059175,0.0,0.2625619827047711,0.0,-3.7954318252090584e-05,0.0,0.0,0.0,0.0,-5.467995011114378e-06,0.0,0.0,-0.0023614611940999414,0.0,0.0,0.0,0.0,-0.0003040162477300367,0.003562050502540489,0.0,-2.8580349507426897e-05,0.0,0.0,0.0,0.0,0.0,0.0,0.00017099278102451158,0.000583958264708932
0.0,-5.5374481352989904e-08,0.0,0.0,0.0,0.0,0.0,0.2807159855584635,-0.2807159855584635,0.0,0.0,0.0,0.001806284532796626,-0.15146535725511462,0.007318172667800274,0.0,0.27464602673163124,0.0,-1.3068382073882726e-05,0.0,0.0,0.0,0.0,-1.882733013637817e-06,0.0,0.0,-0.0017162375493163648,0.0,0.0,0.0,0.0,-0.00010467848363434804,0.0012264806503565907,0.0,-9.84074920506806e-06,0.0,0.0,0.0,0.0,0.0,0.0,5.887601456735416e-05,0.00020106775908160387
0.0,-1.2232161861601476e-07,0.0,0.0,0.0,0.0,0.0,0.2769531315719684,-0.2769531315719684,0.00798012522498598,0.0,0.0,0.0,-0.15303745488535617,0.008185637490342354,0.0,0.2715247846905046,0.0,-2.8867911877670968e-05,0.0,0.0,0.0,0.0,-4.1589364635656375e-06,0.0,0.0,-0.0017961185128140677,0.0,0.0,0.0,0.0,-0.00023123361591055513,0.0027092822305005686,0.0,-2.1738106466132904e-05,0.0,0.0,0.0,0.0,0.0,0.0,0.00013005646687018528,0.0004441564623526483
0.0,-6.359105291130235e-08,0.0,0.0,0.0,0.0,0.0,0.27950020147147775,-0.27950020147147775,0.0,0.0,0.0,0.0,-0.15354274946270918,0.010893222526897563,0.0,0.27252957053290605,0.0,-1.5007493625590782e-05,0.0,0.0,0.0,0.0,-2.1620965427179337e-06,0.0,0.0,-0.0013486048156643809,0.0,0.0,0.0,0.0,-0.00012021087744431405,0.0022381899933406313,0.0,-1.1300938412356812e-05,0.0,0.0,0.0,0.0,0.0,0.0,6.761215032774429e-05,0.00023090257812093964
0.0,-8.287249822736361e-07,0.0,0.0,0.131830909366915,0.0,0.0,0.29087605782249276,-0.29087605782249276,0.0,0.0,0.0,0.0,0.004392062340208618,-0.06896788598933701,0.0,0.20003409599711786,0.0,-0.000195579162782331,0.0,0.0,0.0,0.0,-2.8176659089715228e-05,0.0,0.0,-0.004392062340208618,0.0,0.0,0.0,0.0,-0.0015666002168275334,0.0028021347000727914,0.0,-0.00014727496332729063,0.0,0.0,0.0,0.0,0.0,0.0,0.0008811283272820835,0.003009145566863261
0.0,-8.690405527871426e-07,0.0,0.0,0.1366117074765966,0.0,0.0,0.29000775586709965,-0.29000775586709965,0.0,0.0,0.0,0.0,0.004768973444654415,-0.0697110580837681,0.0,0.1947465408565385,0.0,-0.0002050936406812489,0.0,0.0,0.0,0.0,-2.9547388958688056e-05,0.0,0.0,-0.004768973444654415,0.0,0.0,0.0,0.0,-0.0016428117259034488,0.0,0.0,-0.00015443955266138527,0.0,0.0,0.0,0.0032649468102920677,0.0,0.0,0.0009239932003941861,0.003155533600144759
0.018268730309257693,-1.1904146946386554e-06,0.0,0.0,0.15612969818127245,0.0,0.0,0.28210524617012483,-0.28210524617012483,0.0,0.0,0.0,0.0,0.005978958099764344,-0.06781054922620126,0.0,0.16988484128999165,0.0,-0.00028093796412708805,0.0,0.0,0.0,0.0,-4.047411354029348e-05,0.0,0.0,-0.005978958099764344,0.0,0.0,0.0,0.0,-0.002250329070108602,0.0,0.0,-0.00021155182267606319,0.0,0.0,0.0,0.0033651394302724,0.0,0.0,0.0012656890175812663,0.004322460620498118
0.022932653300686872,-1.2305914426411876e-06,0.0,0.0,0.1561475889867164,0.0,0.0,0.28098952215030865,-0.28098952215030865,0.0,0.0,0.0,0.0,0.005896431263270938,-0.06655355768378213,0.0,0.1690290043191855,0.0,-0.00029041967990219833,0.0,0.0,0.0,0.0,-4.184012344226957e-05,0.0,0.0,-0.005896431263270938,0.0,0.0,0.0,0.0,-0.0023262781527095774,0.0029100777218881305,0.0,-0.0002186917414853757,0.0,0.0,0.0,0.0,0.0,0.0,0.001308406289921701,0.004468344581677996
0.02106672987263956,-1.1592075347735722e-06,0.0,0.0,0.15203670061263175,0.0,0.0,0.2812635953116036,-0.2812635953116036,0.0,0.0,0.0,0.0,0.005822217510046894,-0.06930979175145924,0.0,0.17362355022654288,0.0,-0.00027357307187721007,0.0,0.0,0.0016384605300590268,0.0,-3.94130697398951e-05,0.0,0.0,-0.005822217510046894,0.0,0.0,0.0,0.0,-0.0021913358643323244,0.0,0.0,-0.00020600591369179477,0.0,0.0,0.0,0.0,0.0,0.0,0.0012325085136030887,0.0042091457225873884
0.0,-7.913612840709671e-07,0.0,0.0,0.12977143558775653,0.0,0.0,0.2903638357174,-0.2903638357174,0.0,0.0,0.0,0.0,0.004438605070081847,-0.07144018905929544,0.0,0.20203509168849698,0.0,-0.00018676132698729905,0.0,0.0,0.0015824613713861866,0.0,-2.690629291383471e-05,0.0,0.0,-0.004438605070081847,0.0,0.0,0.0,0.0,-0.001495968850623042,0.0,0.0,-0.00014063495922427314,0.0,0.0,0.0,0.0,0.0,0.0,0.0008414019842821812,0.0028734759427863875
0.0,-3.861591208801525e-07,0.0,0.0,0.01763835232229821,0.0,0.0,0.28412704965776164,-0.28412704965776164,0.0,0.0,0.0,0.00194953224385419,-0.1343292107546568,0.0,0.0,0.26500765368855633,0.0,-9.113358373159764e-05,0.0,0.0,0.0,0.0,-1.3129414626276476e-05,0.0,0.0,-0.0023684733476861913,0.0,0.0,0.0,0.0,-0.0007299851886219912,0.0,0.0,-6.862538427415823e-05,0.0,0.0,0.0,0.0,0.0,-0.007736676397792709,0.0004105773899953457,0.0014021648092619491
0.0,-3.9364261937823615e-07,0.0,0.0,0.017600184943208145,0.0,0.0,0.2839334387429776,-0.2839334387429776,0.0,0.0,0.0,0.0018923162068540298,-0.13451000445056033,0.0,0.0,0.2647285119116673,0.0,-9.289968998185517e-05,0.0,0.0,0.0,0.0008549696942317095,-1.3383853662735106e-05,0.0,0.0,-0.0023668744178409755,0.0,0.0,0.0,0.0,-0.0007441318001282139,0.0,0.0,-6.995529708050488e-05,0.0,0.0,0.0,0.0,0.0,-0.007411624708358967,0.0004185340977752219,0.0014293378000753247
0.0,-1.8067686763439442e-07,0.0,0.0,0.022732069768632023,0.0,0.0,0.28497164667410063,-0.28497164667410063,0.0,0.0,0.0,0.004532001814788451,-0.12257774844488444,-0.010859552825799756,0.0,0.26516647431481905,0.0,-4.263975536144887e-05,0.0,0.0,0.0,0.0,-6.143015612688485e-06,0.0,0.0,-0.002918091308303665,0.0,0.0,0.0,0.0,-0.00034154686544528746,0.0,0.0,-3.21085759740728e-05,0.0,0.0,0.0,0.0,0.0,0.0,0.00019210173406440688,0.0006560475512457279
0.0,-2.990684169777273e-07,0.0,0.0,0.020879607211939037,0.0,0.0,0.2832887319294507,-0.2832887319294507,0.0,0.0,0.0,0.003314663871305515,-0.12753272775041494,-0.0075079365889904525,0.0,0.2630669125874593,0.0,-7.058017057319468e-05,0.0,0.0,0.0,0.0062805122719809415,-1.0168329675018536e-05,0.0,0.0,-0.0027367155140806624,0.0,0.0,0.0,0.0,-0.0005653511803133675,0.0,0.0,-5.3148259175083454e-05,0.0,0.0,0.0,0.0,0.0,0.0,0.00031797961884956765,0.0010859337179245198
0.0,-3.109517573080789e-07,0.0,0.0,0.02195993939062928,0.0,0.0,0.28326397970707,-0.28326397970707,0.0,0.0,0.0,0.0033210249604132907,-0.12639557773638124,-0.008056951838920223,0.0,0.2622386560573748,0.0,-7.338463985140001e-05,0.0,0.0,0.0,0.006530065419488515,-1.0572363385232937e-05,0.0,0.0,-0.002782784848226822,0.0,0.0,0.0,0.0,-0.0005878151387270373,0.0,0.0,-5.526007980170042e-05,0.0,0.0,0.0,0.0,0.0,0.0,0.00033061438673007674,0.0011290827741729506
0.0,-6.126114557680888e-08,0.0,0.0,0.004025551241400428,0.0,0.0,0.2844104570748132,-0.2844104570748132,0.0,0.0,0.0,0.003377687216966818,-0.1437398078350668,0.0,0.0,0.27769522250737055,0.0,-1.4457635306380385e-05,0.0,0.0,0.0,0.0,-2.0828796660955594e-06,0.0,0.0,-0.0019099444361786763,0.0,0.0,0.0,0.0,-0.00011580648103600071,0.0,0.0,-1.088688426341333e-05,0.0,0.0,0.0,0.0,0.0,0.0,6.513491433718423e-05,0.00022244255763554502
0.0,-5.4660041624333795e-08,0.0,0.0,0.0,0.0,0.0,0.28249850123572023,-0.28249850123572023,0.0035917839332592154,0.0,0.0,0.0030137295366425244,-0.14621025753081007,0.0,0.0,0.280098640750359,0.0,-1.2899774240189037e-05,0.0,0.0,0.0,0.0,-1.858442054507729e-06,0.0,0.0,-0.0017041412040001442,0.0,0.0,0.0,0.0,-0.00010332792529742886,0.0,0.0,-9.713784183995912e-06,0.0,0.0,0.0,0.0,0.0,0.0,5.8116398172868826e-05,0.0001984735894978919
0.0,-3.5398021709217855e-08,0.0,0.0,0.0,0.0,0.0,0.2829671471633867,-0.2829671471633867,0.0,0.0,0.0,0.003114726614297982,-0.14760390165898968,0.00232605102129538,0.0,0.2790869386435707,0.0,-8.353935983739497e-06,0.0,0.0,0.0,0.0,-1.203533152113472e-06,0.0,0.0,-0.001685120172042584,0.0,0.0,0.0,0.0,-6.691550233321665e-05,0.0,0.0,-6.290678404289182e-06,0.0,0.0,0.0,0.0,0.0,0.0,3.763636951328123e-05,0.00012853214562180457
0.0,-3.098871684048091e-07,0.0,0.0,0.023190830608014232,0.0,0.0,0.28497916733820855,-0.28497916733820855,0.0,0.0,0.0,0.0014896875546523852,-0.13428557558885532,0.0,0.0,0.2593581059790981,0.0,-7.313339678420341e-05,0.0,0.0,0.0,0.00417384829087873,-1.0536167350070788e-05,0.0,0.0,-0.0030302041278687966,0.0,0.0,0.0,0.0,-0.0005858026674701444,0.0023338604928300234,0.0,-5.5070888821530434e-05,0.0,0.0,0.0,0.0,0.0,0.0,0.0003294824799339191,0.0011252171938570088
0.0,-3.31220975773658e-07,0.0,0.0,0.024345304646877168,0.0,0.0,0.28392190250032046,-0.28392190250032046,0.0,0.0,0.0,0.0025835853949152604,-0.12763919951355154,-0.005720383565252099,0.0,0.25961821726265727,0.0,-7.81681770471463e-05,0.0,0.0,0.0,0.006001805382972642,-1.1261517050122702e-05,0.0,0.0,-0.0029641791407682503,0.0,0.0,0.0,0.0,-0.0006261315437133854,0.0009539187423163345,0.0,-5.886217756639087e-05,0.0,0.0,0.0,0.0,0.0,0.0,0.0003521653028287949,0.0012026814108668073
0.0,-3.4027214108426585e-07,0.0,0.0,0.026185921196557643,0.0,0.0,0.2852161689455618,-0.2852161689455618,0.0,0.0,0.0,0.0011850105271629214,-0.1327432466257376,0.0,0.0,0.2567223234451186,0.0,-8.030425279183606e-05,0.0,0.0,0.0,0.00440280394548514,-1.1569256776541912e-05,0.0,0.0,-0.003192097841648553,0.0,0.0,0.0,0.0,-0.0006432416319108451,0.002742996936766221,0.0,-6.04706846920381e-05,0.0,0.0,0.0,0.0,0.0,0.0,0.00036178880679051833,0.0012355466852967377
0.0,-2.442461492036818e-07,0.0,0.0,0.024857963165466155,0.0,0.0,0.28638811384124907,-0.28638811384124907,0.0,0.0,0.0,0.0017224274894074452,-0.13316396230776464,0.0,0.0,0.2596146970424907,0.0,-5.764211094856487e-05,0.0,0.0,0.0,0.0,-8.30437192952328e-06,0.0,0.0,-0.00321077277176956,0.0,0.0,0.0,0.0,-0.000461716586909209,0.0029360747665193956,0.0,-4.3405645342216604e-05,0.0,0.0,0.0,0.0,0.0,0.0,0.00025969073636767666,0.0008868710764375169
0.0,-2.651144166086089e-07,0.0,0.0,0.027262763242159795,0.0,0.0,0.2866329842297444,-0.2866329842297444,0.0,0.0,0.0,0.0014949931140540934,-0.13191435944404992,0.0,0.0,0.2575720602464444,0.0,-6.256702374240389e-05,0.0,0.0,0.0,0.0,-9.013893265357099e-06,0.0,0.0,-0.0033446254321089475,0.0,0.0,0.0,0.0,-0.000501165418476566,0.003280580936118017,0.0,-4.711420171797931e-05,0.0,0.0,0.0,0.0,0.0,0.0,0.0002818785814852831,0.0009626448924716026
0.0,-4.498186873456491e-07,0.0,0.0,0.020281266714368053,0.0,0.0,0.2840923810728664,-0.2840923810728664,0.0,0.0,0.0,0.0016088578302967005,-0.13244099510693674,0.0,0.0,0.2626155647609617,0.0,-0.00010615724656151454,0.0,0.0,0.0,0.0,-1.5293840630638315e-05,0.0,0.0,-0.0024278932357792,0.0,0.0,0.0,0.0,-0.0008503255823125294,0.0,0.0,-7.993849841597561e-05,0.0,0.0,0.0,0.0,0.0,-0.009276916669242652,0.0004782623862426587,0.001633316163831389
0.0,-3.627694343984699e-07,0.0,0.0,0.02248505587293058,0.0,0.0,0.2834526716853067,-0.2834526716853067,0.0,0.0,0.0,0.0028296692570401387,-0.12708523045026257,-0.006265244239624772,0.0,0.26153558869032334,0.0,-8.561361583189912e-05,0.0,0.0,0.0,0.0050063034092548515,-1.2334165012343536e-05,0.0,0.0,-0.002724124904645913,0.0,0.0,0.0,0.0,-0.0006857699318148383,0.0,0.0,-6.446873967853384e-05,0.0,0.0,0.0,0.0,0.0,-0.0026119463132120114,0.00038570868714930026,0.0013172355831710708
0.0,-4.537384689159727e-07,0.0,0.0,0.020287135019533775,0.0,0.0,0.28400501953375107,-0.28400501953375107,0.0,0.0,0.0,0.0015801612807057868,-0.1325058369561208,0.0,0.0,0.2624692003771606,0.0,-0.00010708231532885185,0.0,0.0,0.0,0.0003844472111367267,-1.54271132498734e-05,0.0,0.0,-0.0024276920511405306,0.0,0.0,0.0,0.0,-0.0008577354357492367,0.0,0.0,-8.063509342562114e-05,0.0,0.0,0.0,0.0,0.0,-0.009144175206083736,0.000482430030095864,0.001647549104297418
0.0,-2.6212495634104114e-07,0.0,0.0,0.023796160105371812,0.0,0.0,0.2840801197058142,-0.2840801197058142,0.0,0.0,0.0,0.003931927854236803,-0.12296802162245721,-0.01018896704694567,0.0,0.26258166194279325,0.0,-6.186151087769229e-05,0.0,0.0,0.0,0.003617385970670048,-8.91225158129635e-06,0.0,0.0,-0.0029120129156069534,0.0,0.0,0.0,0.0,-0.0004955142203064323,0.0,0.0,-4.658293662920821e-05,0.0,0.0,0.0,0.0,0.0,0.0,0.0002787000865908593,0.0009517899993479692
0.0,-1.9030223917310696e-07,0.0,0.0,0.024279210347114697,0.0,0.0,0.2850281157225304,-0.2850281157225304,0.0,0.0,0.0,0.004605382836849551,-0.12078914615939616,-0.011774197456291657,0.0,0.2641678434777887,0.0,-4.49113438223705e-05,0.0,0.0,0.0,0.0,-6.470278357578924e-06,0.0,0.0,-0.0029895212548123763,0.0,0.0,0.0,0.0,-0.00035974241820661796,0.0,0.0,-3.381912684522702e-05,0.0,0.0,0.0,0.0,0.0,0.0,0.00020233575343728245,0.0006909977997777131
0.0,-3.6925467418629845e-07,0.0,0.0,0.019316775237454734,0.0,0.0,0.28438748476426634,-0.28438748476426634,0.0,0.0,0.0,0.0019755787486079443,-0.13429675426152354,0.0,0.0,0.26356538867517154,0.0,-8.714413294587138e-05,0.0,0.0004010002224623745,0.0,0.0,-1.2554663240978286e-05,0.0,0.0,-0.00252098598221712,0.0,0.0,0.0,0.0,-0.0006980294609410353,0.0,0.0,-6.562124922313662e-05,0.0,0.0,0.0,0.0,0.0,-0.006551440728161787,0.0003926040126294072,0.0013407838422135933
0.0,-2.6052278701103107e-07,0.0,0.0,0.02678442563140122,0.0,0.0,0.28609883100635136,-0.28609883100635136,0.0,0.0,0.0,0.0019271839908439688,-0.13365552675519224,0.0,0.0,0.25754122555397707,0.0,-6.148339878634541e-05,0.0,0.0013496011305047938,0.0,0.0,-8.857777805337726e-06,0.0,0.0,-0.0032897795345866337,0.0,0.0,0.0,0.0,-0.0004924855209508247,0.0014222409183075834,0.0,-4.6298210773986646e-05,0.0,0.0,0.0,0.0,0.0,0.0,0.00027699660616976553,0.0009459724352104226
0.0,-2.7609906965433687e-07,0.0,0.0,0.029139465235794283,0.0,0.0,0.2861218224161512,-0.2861218224161512,0.0,0.0,0.0,0.0014771795528966988,-0.1334821940302318,0.0,0.0,0.25585679881718937,0.0024493213172277835,-6.515940274881895e-05,0.0,0.00029983584797408627,0.0,0.0,-9.387371597383637e-06,0.0,0.0,-0.0031096520560433,0.0,0.0,0.0,0.0,-0.000521930521751238,0.0,0.0,-4.9066314190846016e-05,0.0,0.0,0.0,0.0,0.0,0.0,0.00029355783476108275,0.0010025307662211757
0.0,-2.4233264101138976e-07,0.0,0.0,0.026531215049704782,0.0,0.0,0.28552600713802645,-0.28552600713802645,0.0,0.0,0.0,0.002968569270915684,-0.13005619929553655,-0.0038218198142179888,0.0,0.25896234247884986,0.0,-5.719052286056147e-05,0.0,0.001696348883592225,0.0,0.0,-8.239312628605782e-06,0.0,0.0,-0.003207074577841029,0.0,0.0,0.0,0.0,-0.00045809934064166955,0.0,0.0,-4.306559061371896e-05,0.0,0.0,0.0,0.0,0.0,0.0,0.00025765622997679996,0.0008799230239265442
0.0,-1.4373087006897202e-07,0.0,0.0,0.013469259123797825,0.0,0.0,0.28495496516454133,-0.28495496516454133,0.0,0.0,0.0,0.002894087172136074,-0.14004114265924597,0.0,0.0,0.269199685076192,0.0,-3.392049695055974e-05,0.0,0.0010061281879389095,0.0,0.0,-4.886851263359597e-06,0.0,0.0,-0.0024688543348444325,0.0,0.0,0.0,0.0,-0.00027170510969405436,0.0,0.0,-2.5542802583714068e-05,0.0,0.0,0.0,0.0,0.0,0.0,0.00015281950445757752,0.0005218946209427017
0.0,-4.4030354901586435e-07,0.0,0.0,0.02269900160221434,0.0,0.0,0.2845586870789253,-0.2845586870789253,0.0,0.0,0.0,0.0011525195378007669,-0.13174333624406728,0.0,0.0,0.26102727021290073,0.0,-0.00010391167314680735,0.0,0.000502612061561611,0.0,0.0,-1.4970325816140664e-05,0.0,0.0,-0.0024166885333152264,0.0,0.0,0.0,0.0,-0.0008323384115508993,0.0,0.0,-7.824753738722936e-05,0.0,0.0,0.0,0.0,0.0,-0.008244377650219719,0.0004681455705321212,0.0015987661780874957
0.0,-2.886840491971383e-07,0.0,0.0,0.03026717300321049,0.0,0.0,0.2865010223056518,-0.2865010223056518,0.0,0.0,0.0,0.0013793478110858172,-0.1318727446361067,0.0,0.0,0.25485647684400425,0.0,-6.812945893785892e-05,0.0,0.0015769383323238427,0.0,0.0,-9.815261049027401e-06,0.0,0.0,-0.0033516491110196682,0.0,0.0,0.0,0.0,-0.0005457208407379207,0.0016632024593700773,0.0,-5.130282502409707e-05,0.0,0.0,0.0,0.0,0.0,0.0,0.00030693860909589864,0.0010482275126814885
0.0,-3.090748605702583e-07,0.0,0.0,0.033295394520998736,0.0,0.0,0.28655659239163156,-0.28655659239163156,0.0,0.0,0.0,0.0008090209952803175,-0.13154204650650653,0.0,0.0,0.2526768768217252,0.0028936058753394277,-7.294169206961028e-05,0.0,0.0003528128564834436,0.0,0.0,-1.0508548874195658e-05,0.0,0.0,-0.003143218224681705,0.0,0.0,0.0,0.0,-0.0005842671018036593,0.0,0.0,-5.492653139403293e-05,0.0,0.0,0.0,0.0,0.0,0.0,0.0003286188068713161,0.0011222676598480778
0.0,-2.6538823544257305e-07,0.0,0.0,0.029693478603110127,0.0,0.0,0.2858065245534033,-0.2858065245534033,0.0,0.0,0.0,0.00262713936291312,-0.12785667938146397,-0.004417075632490105,0.0,0.25671558549804185,0.0,-6.263164500934557e-05,0.0,0.001959347384388761,0.0,0.0,-9.023203108914348e-06,0.0,0.0,-0.003251070034652076,0.0,0.0,0.0,0.0,-0.0005016830384998974,0.0,0.0,-4.716286280530379e-05,0.0,0.0,0.0,0.0,0.0,0.0,0.0002821697148966197,0.0009636391435777855
0.0,-4.406517521184732e-07,0.0,0.0,0.021008770304932006,0.0,0.0,0.2842143291547112,-0.2842143291547112,0.0,0.0,0.0,0.0016279260452251418,-0.132464365768296,0.0,0.0,0.2619928892382491,0.0,-0.00010399384910715985,0.0,0.00018667949577781068,0.0,0.0,-1.4982164725701798e-05,0.0,0.0,-0.0024976822222962333,0.0,0.0,0.0,0.0,-0.0008329966456668185,0.0,0.0,-7.83094175045953e-05,0.0,0.0,0.0,0.0,0.0,-0.008693759572714083,0.00046851579180445986,0.0016000305225262368
0.0,-2.5996880831135346e-07,0.0,0.0,0.02892122796415251,0.0,0.0,0.2856434931101549,-0.2856434931101549,0.0,0.0,0.0,0.002955032452913464,-0.12815707556064143,-0.004559118129499439,0.0,0.2571466128838383,0.0,-6.135265976845682e-05,0.0,0.001819803539082622,0.0,0.0,-8.838942523069588e-06,0.0,0.0,-0.003325685117048289,0.0,0.0,0.0,0.0,-0.0004914382939821723,0.0,0.0,-4.619976171739457e-05,0.0,0.0,0.0,0.0,0.0,0.0,0.0002764075973484583,0.00094396090836626
0.0,-2.835894194743694e-07,0.0,0.0,0.029444880990257653,0.0,0.0,0.28634754049181377,-0.28634754049181377,0.0,0.0,0.0,0.0016932612843876707,-0.13234131582078315,0.0,0.0,0.25526145069240597,0.0,-6.692712591161003e-05,0.0,0.0014113009335376362,0.0,0.0,-9.642043578868657e-06,0.0,0.0,-0.0034365719297363992,0.0,0.0,0.0,0.0,-0.0005360900848188112,0.0017215466153157944,0.0,-5.0397444564190574e-05,0.0,0.0,0.0,0.0,0.0,0.0,0.0003015218270973288,0.0010297286345578678
0.0,-3.0437455379504245e-07,0.0,0.0,0.032526848221248746,0.0,0.0,0.2863939536677162,-0.2863939536677162,0.0,0.0,0.0,0.0011244690648444559,-0.132032509759233,0.0,0.0,0.2530294694444868,0.003002551536473619,-7.183241929084747e-05,0.0,0.00012894647066960473,0.0,0.0,-1.0348738388865549e-05,0.0,0.0,-0.003226517772332668,0.0,0.0,0.0,0.0,-0.000575381763759418,0.0,0.0,-5.409122713417129e-05,0.0,0.0,0.0,0.0,0.0,0.0,0.0003236212823183624,0.0011052005898332053
0.0,-3.4960450134529915e-07,0.0,0.0,0.02069333579183192,0.0,0.0,0.28456656598379165,-0.28456656598379165,0.0,0.0,0.0,0.0019337235797609778,-0.134521793682489,0.0,0.0,0.26219490902890297,0.0,-8.250669056754839e-05,0.0,0.0,0.0,0.0,-1.1886557134564324e-05,0.0,0.0,-0.0027348520602546067,0.0,0.0,0.0,0.0,-0.0006608832837509245,0.0,0.0,-6.212916373466327e-05,0.0,0.0,0.0,0.0010124284952997492,0.0,-0.005316925813575541,0.00037171128669915817,0.0012694329939136374
0.0,-2.6247502421488893e-07,0.0,0.0,0.02671319283870287,0.0,0.0,0.28576502142188676,-0.28576502142188676,0.0,0.0,0.0,0.0018509777880411904,-0.1344606762274518,0.0,0.0,0.25699341848984153,0.0,-6.194412692420787e-05,0.0,0.0,0.0,0.0,-8.924153893101419e-06,0.0,0.0,-0.0034504030616914123,0.0,0.0,0.0,0.0,-0.0004961759795375462,0.0007983651390624597,0.0,-4.664514814012653e-05,0.0,0.0,0.0,0.0023568383224924047,0.0,0.0,0.00027907229055081767,0.0009530611148726879
0.0,-2.744532511883508e-07,0.0,0.0,0.028767066713641987,0.0,0.0,0.28600585080266033,-0.28600585080266033,0.0,0.0,0.0,0.0015180488847333106,-0.1337793552112463,0.0,0.0,0.2559212361227689,0.0020869976934619005,-6.477098945785462e-05,0.0,0.0,0.0,0.0,-9.331413750291323e-06,0.0,0.0,-0.0031904650229893352,0.0,0.0,0.0,0.0,-0.0005188193092008467,0.0,0.0,-4.8773831329334496e-05,0.0,0.0,0.0,0.0007947960940477242,0.0,0.0,0.00029180794510774363,0.0009965547096925111
0.0,-2.5355138549834107e-07,0.0,0.0,0.02657621868345616,0.0,0.0,0.28543277267167455,-0.28543277267167455,0.0,0.0,0.0,0.0023664648661318654,-0.1327492248734596,-0.0019280557049985761,0.0,0.25763934810394995,0.0,-5.983814746602116e-05,0.0,0.0,0.0,0.0,-8.620750072371746e-06,0.0,0.0,-0.0034294988748166458,0.0,0.0,0.0,0.0,-0.0004793069643066063,0.0,0.0,-4.505930411124261e-05,0.0,0.0,0.0,0.002662321558880448,0.0,0.0,0.0002695843771612522,0.0009206588964545603
0.0,-1.8836195137443222e-07,0.0,0.0,0.018310986813549413,0.0,0.0,0.28509591058686345,-0.28509591058686345,0.0,0.0,0.0,0.0024742050069523538,-0.13836617483503968,0.0,0.0,0.2644483259693897,0.0,-4.4453435745096834e-05,0.0,0.0,0.0,0.0,-6.404308549731211e-06,0.0,0.0,-0.002905841680126564,0.0,0.0,0.0,0.0,-0.0003560745484655945,0.0,0.0,-3.347431304027785e-05,0.0,0.0,0.0,0.0019778242703399566,0.0,0.0,0.0002002727740664885,0.0006839525090567763
0.0,-3.511791884175494e-07,0.0,0.0,0.023072253847347426,0.0,0.0,0.28490713426156616,-0.28490713426156616,0.0,0.0,0.0,0.0014718458444393555,-0.13374955674607167,0.0,0.0,0.26041790696694483,0.0,-8.287831684384324e-05,0.0,0.0,0.0,0.0,-1.1940096513437696e-05,0.0,0.0,-0.0027807837693246476,0.0,0.0,0.0,0.0,-0.0006638600313591053,0.0,0.0,-6.240900564335215e-05,0.0,0.0,0.0,0.001554803076629724,0.0,-0.004668606281028201,0.0003733855470577127,0.0012751507684757829
0.0,-2.719206637101307e-07,0.0,0.0,0.02798684077964542,0.0,0.0,0.2859155735609849,-0.2859155735609849,0.0,0.0,0.0,0.0015011548751744036,-0.13386849782751103,0.0,0.0,0.25610857234748696,0.0,-6.417329860834702e-05,0.0,0.0,0.0,0.0,-9.245305746411784e-06,0.0,0.0,-0.003418409431057253,0.0,0.0,0.0,0.0,-0.0005140317715045302,0.0007229873297782435,0.0,-4.8323758342570276e-05,0.0,0.0,0.0,0.0026498702731912616,0.0,0.0,0.00028911521275851805,0.0009873587465614479
0.0,-2.831101116707608e-07,0.0,0.0,0.029891228313460694,0.0,0.0,0.28613892449868633,-0.28613892449868633,0.0,0.0,0.0,0.0011865579029869068,-0.13322978296269053,0.0,0.0,0.2551053747603716,0.0018818450653704214,-6.681400923122759e-05,0.0,0.0,0.0,0.0,-9.625747107940189e-06,0.0,0.0,-0.0031827068679507863,0.0,0.0,0.0,0.0,-0.0005351840137757973,0.0,0.0,-5.03122654749766e-05,0.0,0.0,0.0,0.0012534355313997493,0.0,0.0,0.00030101221088895997,0.0010279882418060592
0.0,-2.6352177888208853e-07,0.0,0.0,0.027823060121901454,0.0,0.0,0.2856090750888155,-0.2856090750888155,0.0,0.0,0.0,0.0019802804839310828,-0.13233193329457754,-0.0017516405764538793,0.0,0.2567227305361455,0.0,-6.219116111025078e-05,0.0,0.0,0.0,0.0,-8.9597435640286e-06,0.0,0.0,-0.003400406151596245,0.0,0.0,0.0,0.0,-0.0004981547374170314,0.0,0.0,-4.68311697498547e-05,0.0,0.0,0.0,0.0029183511506512597,0.0,0.0,0.00028018523538621276,0.0009568619381056928
0.0,-4.1132586505137154e-07,0.0,0.0,0.02417882614544758,0.0,0.0,0.2847688929334283,-0.2847688929334283,0.0,0.0,0.0,0.0011549244163765887,-0.13218969484421556,0.0,0.0,0.2594994127981439,0.0,-9.707293738962325e-05,0.0,0.0,0.0,0.0,-1.3985084222437358e-05,0.0,0.0,-0.0026880449485985505,0.0,0.0,0.0,0.0,-0.0007775597492045715,0.0,0.0,-7.309783460950937e-05,0.0,0.0,0.0,0.0012520897849929073,0.0,-0.006606212114964102,0.0004373355204596695,0.0014935466286532708
0.0,-2.912149054402165e-07,0.0,0.0,0.03021436881900482,0.0,0.0,0.2861140162689297,-0.2861140162689297,0.0,0.0,0.0,0.0012853895007973821,-0.1327990792710546,0.0,0.0,0.25419204711288784,0.0,-6.872674121573315e-05,0.0,0.0,0.0,0.0,-9.901310190891868e-06,0.0,0.0,-0.003540108906293473,0.0,0.0,0.0,0.0,-0.0005505051057522176,0.0009354274067530432,0.0,-5.175259034837074e-05,0.0,0.0,0.0,0.0027573227925956852,0.0,0.0,0.00030962950073758276,0.0010574171896034186
0.0,-3.069092301270134e-07,0.0,0.0,0.03282853933526867,0.0,0.0,0.2864172273569458,-0.2864172273569458,0.0,0.0,0.0,0.0008617424616386817,-0.13190493848432724,0.0,0.0,0.2527749006944106,0.002464600024613284,-7.243060311000907e-05,0.0,0.0,0.0,0.0,-1.0434917413797047e-05,0.0,0.0,-0.0032379745293179994,0.0,0.0,0.0,0.0,-0.0005801732501706992,0.0,0.0,-5.454167133679859e-05,0.0,0.0,0.0,0.0009342420319570166,0.0,0.0,0.0003263162356072855,0.001114404137706057
0.0,-2.796817372726537e-07,0.0,0.0,0.02991615113566913,0.0,0.0,0.2857131650225853,-0.2857131650225853,0.0,0.0,0.0,0.0019082692195128118,-0.1308712498226449,-0.0022459527081697813,0.0,0.2550554218097858,0.0,-6.60049125962419e-05,0.0,0.0,0.0,0.0,-9.50918233830775e-06,0.0,0.0,-0.003512205368667737,0.0,0.0,0.0,0.0,-0.0005287031037147716,0.0,0.0,-4.9702999766142526e-05,0.0,0.0,0.0,0.0030973133349672818,0.0,0.0,0.0002973670477005484,0.0010155396275585342
0.0,-2.858124216901896e-07,0.0,0.0,0.02939122090712795,0.0,0.0,0.2860003000715852,-0.2860003000715852,0.0,0.0,0.0,0.0016117101733051631,-0.13317326105968627,0.0,0.0,0.2546705324698343,0.0,-6.745175461417498e-05,0.0,0.0,0.0,0.0,-9.717625680205822e-06,0.0,0.0,-0.0036057469323100308,0.0,0.0,0.0,0.0,-0.0005402923905629405,0.0010712716887791803,0.0,-5.079250031466788e-05,0.0,0.0,0.0,0.0024654306674974057,0.0,0.0,0.0003038853979632584,0.0010378004767322283
0.0,-2.729235453231211e-07,0.0,0.0,0.02908876888376218,0.0,0.0,0.2855489897719282,-0.2855489897719282,0.0,0.0,0.0,0.0023062507259593965,-0.13096122022581996,-0.0025574051818400795,0.0,0.25563205615003026,0.0,-6.440997875005136e-05,0.0,0.0,0.0,0.0,-9.27940373298273e-06,0.0,0.0,-0.00357101394922435,0.0,0.0,0.0,0.0,-0.0005159275929000101,0.0,0.0,-4.8501983152892216e-05,0.0,0.0,0.0,0.002865731682797625,0.0,0.0,0.00029018151028425667,0.000991000264344029
0.0,-3.0359161245602047e-07,0.0,0.0,0.03235743636309027,0.0,0.0,0.28634320925328566,-0.28634320925328566,0.0,0.0,0.0,0.0011430123950040424,-0.13216447064427164,0.0,0.0,0.2530645483475045,0.0028447775069717946,-7.164764507157211e-05,0.0,0.0,0.0,0.0,-1.0322118374181856e-05,0.0,0.0,-0.0032610898087949217,0.0,0.0,0.0,0.0,-0.000573901711754578,0.0,0.0,-5.395208850620869e-05,0.0,0.0,0.0,0.00034297275259927563,0.0,0.0,0.0003227888327033891,0.0011023576871696844
0.0,-4.294155603647662e-07,0.0,0.0,0.021625222947022238,0.0,0.0,0.2843045535474649,-0.2843045535474649,0.0,0.0,0.0,0.0016167354036358223,-0.1326189204575556,0.0,0.0,0.26137630331974443,0.0,-0.00010134210694533598,0.0,0.0,0.0,0.0,-1.4600134074662086e-05,0.0,0.0,-0.0026007531552710186,0.0,0.0,0.0,0.0,-0.0008117560401412319,0.0,0.0,-7.63126034059958e-05,0.0,0.0,0.0,0.00048511826646264653,0.0,-0.008047598663130658,0.0004565690940980601,0.0015592312980219501
0.023874246799958178,-1.1368552257835205e-06,0.0,0.0,0.146493908409411,0.0,0.0,0.27885303255511834,-0.27885303255511834,0.0,0.0,0.0,0.002912446565804271,0.005559307367010111,-0.07178964157999848,0.0,0.1781091476097679,0.0,-0.0002682979251493625,0.0,0.0,0.0,0.0,-3.865309097281034e-05,0.0,0.0,-0.005559307367010111,0.0,0.0,0.0,0.0,-0.002149081639035121,0.0,0.0,-0.0002020336242626061,0.0,0.0,0.0,0.0,0.0,0.0,0.0012087427854633843,0.004127983270694074
0.00030586449090199374,-4.5124038417161525e-07,0.0,0.0,0.020481307454392795,0.0,0.0,0.28397073507542164,-0.28397073507542164,0.0,0.0,0.0,0.0016479277293692952,-0.13250274617549476,0.0,0.0,0.26232408431317944,0.0,-0.00010649276712732385,0.0,0.0,0.0,0.0,-1.5342178339348724e-05,0.0,0.0,-0.002452559306224079,0.0,0.0,0.0,0.0,-0.000853013121126324,0.0,0.0,-8.019115201323082e-05,0.0,0.0,0.0,0.0,0.0,-0.00917029751591494,0.0004797739822159441,0.0016384784224730228
0.005728727199755509,-2.7279325327832554e-07,0.0,0.0,0.02716530634871769,0.0,0.0,0.2825483068166697,-0.2825483068166697,0.0,0.0,0.0,0.004692119402418921,-0.12445388203405996,-0.009239699358502674,0.0,0.2583743825571417,0.0,-6.437922981695126e-05,0.0,0.0,0.0,0.0,-9.274973801935842e-06,0.0,0.0,-0.003330612202172735,0.0,0.0,0.0,0.0,-0.0005156812921971309,0.0,0.0,-4.847882860038138e-05,0.0,0.0,0.0,0.0,0.0,0.0,0.0002900429793916874,0.0009905271668299196
0.0002077502251570417,-3.0649288884482275e-07,0.0,0.0,0.032597410463775005,0.0,0.0,0.28630964809614157,-0.28630964809614157,0.0,0.0,0.0,0.0011193105672691603,-0.1320425002757937,0.0,0.0,0.2529207095478968,0.0031143389153643836,-7.23323465337693e-05,0.0,0.0,0.0,0.0,-1.0420761805333216e-05,0.0,0.0,-0.0032230043722761602,0.0,0.0,0.0,0.0,-0.0005793862094069892,0.0,0.0,-5.4467682198812135e-05,0.0,0.0,0.0,0.0,0.0,0.0,0.0003258735675263153,0.0011128923798244868
0.0036106628979051974,-3.0695638761974824e-07,0.0,0.0,0.028677008170291108,0.0,0.0,0.284852291942795,-0.284852291942795,0.0,0.0,0.0,0.0019716528873696165,-0.1327147667843471,0.0,0.0,0.25481545893716656,0.0,-7.244173228210509e-05,0.0,0.0,0.0,0.0,-1.0436520769101566e-05,0.0,0.0,-0.003511428287133835,0.0,0.0,0.0,0.0,-0.0005802623954721245,0.002835498749288531,0.0,-5.4550051822679534e-05,0.0,0.0,0.0,0.0,0.0,0.0,0.00032636637504266037,0.0011145753691317324
0.023346837049782722,-1.1117407777491976e-06,0.0,0.0,0.14291251404336652,0.0,0.0,0.28201255338740866,-0.28201255338740866,0.0,0.0,0.0,0.003020694418782824,0.0,-0.06985855095068216,0.0,0.18349421748810496,0.0,-0.0002623709133838702,0.0,0.0,0.0,0.0,-3.7799199445915555e-05,0.0,0.0,-0.005522789416087277,0.0,0.0,0.0,0.0,-0.0021016059377136384,0.0,0.0,-0.000197570467615521,0.0,0.0,0.0,0.0,0.0,0.0,0.0011820402580140683,0.0040367913414253755
0.0,-7.227389005663087e-07,0.0,0.0,0.12158952263759532,0.0,0.0,0.2892122255159939,-0.2892122255159939,0.0,0.0,0.0,0.002800151054402446,0.004008550566611386,-0.07409738955733375,0.0,0.20998809082799258,0.0,-0.00017056643893511575,0.0,0.0,0.0,0.0,-2.457313107209839e-05,0.0,0.0,-0.004008550566611386,0.0,0.0,0.0,0.0,-0.0013662468762924511,0.0,0.0,-0.00012843988941190585,0.0,0.0,0.0,0.0,0.0,0.0,0.0007684403537232943,0.0026243043291298185
0.0,-7.111550989666688e-07,0.0,0.0,0.11939029715578194,0.0,0.0,0.2913384972001061,-0.2913384972001061,0.0,0.0,0.0,0.002880487197494332,0.0,-0.07265935106395337,0.0,0.21338413871677547,0.0,-0.0001678326608215628,0.0,0.0,0.0,0.0,-2.4179281682231458e-05,0.0,0.0,-0.004006910929577557,0.0,0.0,0.0,0.0,-0.0013443491581279815,0.0,0.0,-0.00012638130062519266,0.0,0.0,0.0,0.0,0.0,0.0,0.0007561240655150449,0.0025822429143341065
0.0,-3.811675813267005e-07,0.0,0.0,0.024127566833979177,0.0,0.0,0.2818783209567251,-0.2818783209567251,0.00732938514443536,0.0,0.0,0.0,-0.1346959892538177,0.0,0.0,0.25622739741785333,0.0,-8.99555799936378e-05,0.0,0.0,0.0,0.004400980602144638,-1.2959702223080202e-05,0.0,0.0,-0.0031775094231002404,0.0,0.0,0.0,0.0,-0.0007205493116857277,0.0036036348513885925,0.0,-6.77383242477252e-05,0.0,0.0,0.0,0.0,0.0,0.0,0.0004052702169386955,0.0013840402571603772
0.0,-3.997362320038281e-07,0.0,0.0,0.02742099749247274,0.0,0.0,0.28290176645837817,-0.28290176645837817,0.00556838583968201,0.0,0.0,0.0,-0.13278552305429192,0.0,0.0,0.2538832016515708,0.0,-9.433778305389388e-05,0.0,0.0,0.0,0.004615375202948833,-1.359103656327351e-05,0.0,0.0,-0.0033323023944632976,0.0,0.0,0.0,0.0,-0.0007556510074222004,0.003779186603430183,0.0,-7.103820950037983e-05,0.0,0.0,0.0,0.0,0.0,0.0,0.00042501303205950297,0.001451464039552473
0.0,-3.232041602967618e-07,0.0,0.0,0.026056132066660284,0.0,0.0,0.28286147716285137,-0.28286147716285137,0.008547152107632919,0.0,0.0,0.0,-0.13357138868527269,0.0,0.0,0.25598010880893235,0.0,-7.627620794679393e-05,0.0,0.0,0.0,0.0,-1.0988945230147e-05,0.0,0.0,-0.0033940114159893725,0.0,0.0,0.0,0.0,-0.000610976763619855,0.004455036509789559,0.0,-5.7437487553882364e-05,0.0,0.0,0.0,0.0,0.0,0.0,0.0003436415544654878,0.0011735719170435628
0.0,-3.364566328068996e-07,0.0,0.0,0.0289072792488325,0.0,0.0,0.2837632205322281,-0.2837632205322281,0.007114857553654741,0.0,0.0,0.0,-0.13191724329721005,0.0,0.0,0.25399686749478406,0.0,-7.940379253006258e-05,0.0,0.0,0.0,0.0,-1.1439529450486916e-05,0.0,0.0,-0.003533177455647383,0.0,0.0,0.0,0.0,-0.0006360288940032343,0.004637708195771065,0.0,-5.979262037197572e-05,0.0,0.0,0.0,0.0,0.0,0.0,0.0003577320298161559,0.0012216923668391633
0.0,-6.269818804332359e-07,0.0,0.0,0.019299082397426327,0.0,0.0,0.2777209866955014,-0.2777209866955014,0.01203845926775089,0.0,0.0,0.0,-0.12954433019602962,-0.0033045073634156456,0.0,0.2605321975269746,0.0,-0.00014796777444599167,0.0,0.0,0.0,0.0,-2.1317391267640913e-05,0.0,0.0,-0.002262873333635505,0.0,0.0,0.0,0.0,-0.0011852302885076054,0.0,0.0,-0.00011142264976053451,0.0,0.0,0.0,0.0,0.0,-0.013166777803434473,0.0006666282631261366,0.002276605371341758
0.0,-4.838743823214592e-07,0.0,0.0,0.01999462007492488,0.0,0.0,0.2831886707391605,-0.2831886707391605,0.001639924049361932,0.0,0.0,0.0012751297200523527,-0.13249187529335996,0.0,0.0,0.26227241378008953,0.0,-0.00011419439332770209,0.0,0.0,0.0,0.0,-1.645173465811665e-05,0.0,0.0,-0.0023839413834242503,0.0,0.0,0.0,0.0,-0.0009147035849967787,0.0,0.0,-8.599062829733565e-05,0.0,0.0,0.0,0.0,0.0,-0.01016148420812167,0.0005144715487396526,0.0017569742479424208
0.0,-5.555844851290225e-07,0.0,0.0,0.021005681127947002,0.0,0.0,0.2805833598101137,-0.2805833598101137,0.007739375448232678,0.0,0.0,0.0,-0.1325244269381229,0.0,0.0,0.2594955245200923,0.0,-0.00013111798338487644,0.0,0.0,0.0,0.0,-1.8889878992264376e-05,0.0,0.0,-0.0024932238104201357,0.0,0.0,0.0,0.0,-0.00105026250382995,0.0009760691546831414,0.0,-9.873442507803044e-05,0.0,0.0,0.0,0.0,0.0,-0.010691345319359776,0.0005907161465104377,0.0020173575386339486
0.0,-3.507030670281128e-07,0.0,0.0,0.028273043955489192,0.0,0.0,0.28210226990998977,-0.28210226990998977,0.00963590114095353,0.0,0.0,0.0,-0.13415001970232704,0.0,0.0,0.2532953156906467,0.0,-8.276595215746286e-05,0.0,0.0014461556231768866,0.0,0.0,-1.1923908380628342e-05,0.0,0.0,-0.0035020117712770836,0.0,0.0,0.0,0.0,-0.0006629599838308153,0.0030263860913737756,0.0,-6.232439282043926e-05,0.0,0.0,0.0,0.0,0.0,0.0,0.00037287931875226634,0.0012734219457674568
0.0,-5.171129835698071e-07,0.0,0.0,0.03127640127217262,0.0,0.0,0.2672135981614014,-0.2672135981614014,0.038007732830626965,0.0,0.0,0.0,-0.11599371615981921,-0.02082461549945719,0.0,0.24853719703002927,0.0,-0.00012203870590818264,0.0,0.0036198344090528764,0.0,0.0,-1.7581847489304886e-05,0.0,0.0,-0.00367625691467603,0.0,0.0,0.0,0.0,-0.0009775369748866855,0.0,0.0,-9.189755023719399e-05,0.0,0.0,0.0,0.0,0.0,0.0,0.0005498119496514263,0.0018776654202065821
0.0,-5.649206632908222e-07,0.0,0.0,0.02025112550328511,0.0,0.0,0.28169668854206925,-0.28169668854206925,0.004731878110582895,0.0,0.0,0.0,-0.1316186432073938,0.0,0.0,0.26156052259009394,0.0,-0.00013332132218547816,0.0,5.337930740705794e-05,0.0,0.0,-1.92073091589575e-05,0.0,0.0,-0.0020655745792091357,0.0,0.0,0.0,0.0,-0.0010679113729306364,0.0,0.0,-0.00010039358261015139,0.0,0.0,0.0,0.0,0.0,-0.012352200714344556,0.000600642685739827,0.0020512577102565644
0.0,-3.537987263093651e-07,0.0,0.0,0.032022734845002974,0.0,0.0,0.28398752516757947,-0.28398752516757947,0.006278885664340669,0.0,0.0,0.0,-0.1317928442439215,0.0,0.0,0.25148422002468146,0.0,-8.349652799798549e-05,0.0,0.0016911320400855303,0.0,0.0,-1.2029160832396422e-05,0.0,0.0,-0.003503897663773302,0.0,0.0,0.0,0.0,-0.0006688119378625724,0.002762836045479332,0.0,-6.287453082384469e-05,0.0,0.0,0.0,0.0,0.0,0.0,0.0003761707280167025,0.0012846624532964353
0.0,-3.4527683300887275e-07,0.0,0.0,0.03502621163366717,0.0,0.0,0.28541577980122423,-0.28541577980122423,0.002892101483221872,0.0,0.0,0.0,-0.13140453542039304,0.0,0.0,0.25045983090067986,0.0037748032781226406,-8.148536049045122e-05,0.0,3.2625179794897856e-05,0.0,0.0,-1.1739416360511277e-05,0.0,0.0,-0.003149871035911496,0.0,0.0,0.0,0.0,-0.0006527023717484857,0.0,0.0,-6.1360082062006e-05,0.0,0.0,0.0,0.0,0.0,0.0,0.0003671099638913851,0.0012537189943746297
0.0,-5.009763401250747e-07,0.0,0.0,0.03621559022018191,0.0,0.0,0.27171903355367677,-0.27171903355367677,0.029755682142485883,0.0,0.0,0.0,-0.11489483450137802,-0.01825672378582298,0.0,0.2465594246906946,0.0,-0.00011823045675129203,0.0,0.003698681970690157,0.0,0.0,-1.7033201423456728e-05,0.0,0.0,-0.0036574410855712736,0.0,0.0,0.0,0.0,-0.0009470326825579679,0.0,0.0,-8.902986358313843e-05,0.0,0.0,0.0,0.0,0.0,0.0,0.0005326549265731602,0.0018190723885924628
0.0,-3.663611975643259e-07,0.0,0.0,0.031476583937659515,0.0,0.0,0.283050264076482,-0.283050264076482,0.008124913253751491,0.0,0.0,0.0,-0.1323746870196841,0.0,0.0,0.25101593194085275,0.0,-8.64612722292763e-05,0.0,0.0015107233320232056,0.0,0.0,-1.245628500199036e-05,0.0,0.0,-0.0036583689936951465,0.0,0.0,0.0,0.0,-0.0006925597077655835,0.0031615076598085095,0.0,-6.510704164824216e-05,0.0,0.0,0.0,0.0,0.0,0.0,0.00038952757078140865,0.0013302774709371497
0.0,-5.518931213933862e-07,0.0,0.0,0.03630427242384283,0.0,0.0,0.2676402870034158,-0.2676402870034158,0.037639794439584144,0.0,0.0,0.0,-0.1120981609314859,-0.022225243641095006,0.0,0.24478346925235772,0.0,-0.00013024682124498284,0.0,0.0038632983011723013,0.0,0.0,-1.876437258208014e-05,0.0,0.0,-0.003923515688347989,0.0,0.0,0.0,0.0,-0.0010432844455448343,0.0,0.0,-9.807842282104285e-05,0.0,0.0,0.0,0.0,0.0,0.0,0.0005867913641962285,0.002003953995771883
0.0,-3.48978751947743e-07,0.0,0.0,0.028134032807187768,0.0,0.0,0.2819144513516242,-0.2819144513516242,0.009228762626355158,0.0,0.0,0.0,-0.1349894446827698,0.0,0.0,0.252889372063707,0.0,-8.235901365916099e-05,0.0,0.0,0.0,0.0,-1.186528164772892e-05,0.0,0.0,-0.0036646739539516696,0.0,0.0,0.0,0.0,-0.0006597003833160882,0.002291983516545505,0.0,-6.201796011277617e-05,0.0,0.0,0.0,0.002518329196138862,0.0,0.0,0.00037104596885335884,0.0012671608637547789
0.0,-4.3988577146680416e-07,0.0,0.0,0.029684726629671043,0.0,0.0,0.27349567510652406,-0.27349567510652406,0.024633449852577847,0.0,0.0,0.0,-0.125614192321024,-0.011556129784265953,0.0,0.24991037047015058,0.0,-0.0001038130776114703,0.0,0.0,0.0,0.0,-1.495612137458647e-05,0.0,0.0,-0.003897042978911154,0.0,0.0,0.0,0.0,-0.000831548655705543,0.0,0.0,-7.81732930063637e-05,0.0,0.0,0.0,0.004618856136475313,0.0,0.0,0.0004677013753638164,0.001597249205042662
0.0,-5.332760051488078e-07,0.0,0.0,0.01715556896096418,0.0,0.0,0.28065710253941734,-0.28065710253941734,0.006705124603092251,0.0,0.0,0.0,-0.13381637815180453,0.0,0.0,0.2635848589397457,0.0,-0.00012585318030689207,0.0,0.0,0.0,0.0,-1.813139041202667e-05,0.0,0.0,-0.001987661030586619,0.0,0.0,0.0,0.0,-0.0010080911317564129,0.0,0.0,-9.476992462100322e-05,0.0,0.0,0.0,0.00012597301559932373,0.0,-0.011559500065156696,0.0005669970188509291,0.0019363542322635428
0.0,-3.403388700269e-07,0.0,0.0,0.029392049856242095,0.0,0.0,0.2830137226292046,-0.2830137226292046,0.007045731836559499,0.0,0.0,0.0,-0.13412318944846754,0.0,0.0,0.2527526864788104,0.0,-8.03200008276898e-05,0.0,0.0,0.0,0.0,-1.1571525561371907e-05,0.0,0.0,-0.00357394536356095,0.0,0.0,0.0,0.0,-0.0006433677745736529,0.001844329743072494,0.0,-6.048254327334013e-05,0.0,0.0,0.0,0.0028468910947972528,0.0,0.0,0.00036185975525093907,0.001235788981723422
0.0,-3.342764624757284e-07,0.0,0.0,0.032491447404426395,0.0,0.0,0.2846145219111055,-0.2846145219111055,0.0042030117821543625,0.0,0.0,0.0,-0.1327907671770772,0.0,0.0,0.2521753058216801,0.003622953922978669,-7.888927215573584e-05,0.0,0.0,0.0,0.0,-1.1365403633728758e-05,0.0,0.0,-0.003057413946259445,0.0,0.0,0.0,0.0,-0.0006319075565431719,0.0,0.0,-5.940517639183941e-05,0.0,0.0,0.0,7.896438920065636e-05,0.0,0.0,0.00035541399925332115,0.001213776049571821
0.0,-4.0822558708527105e-07,0.0,0.0,0.030830394492070378,0.0,0.0,0.276786495046205,-0.276786495046205,0.01840609531194731,0.0,0.0,0.0,-0.12677150116698988,-0.0088488581052771,0.0,0.2504443156091516,0.0,-9.63412715391032e-05,0.0,0.0,0.0,0.0,-1.387967473533042e-05,0.0,0.0,-0.0037337795007480737,0.0,0.0,0.0,0.0,-0.0007716990641307444,0.0,0.0,-7.2546875807098e-05,0.0,0.0,0.0,0.004520862058724369,0.0,0.0,0.0004340392004538637,0.0014822893504279418
0.0,-5.618764170308912e-07,0.0,0.0,0.020407454458151304,0.0,0.0,0.2817183385824381,-0.2817183385824381,0.004732924779243763,0.0,0.0,0.0,-0.13166593235570181,0.0,0.0,0.2613986783527892,0.0,-0.0001326028798221418,0.0,0.0,0.0,0.0,-1.9103804750515646e-05,0.0,0.0,-0.0020942623469928966,0.0,0.0,0.0,0.0,-0.0010621566087411943,0.0,0.0,-9.985258135414902e-05,0.0,0.0,0.0,0.00013272914206551156,0.0,-0.012179453822352648,0.0005974059405321604,0.002040203886209437
0.0,-3.517662090281166e-07,0.0,0.0,0.031838769338274744,0.0,0.0,0.28375724273791597,-0.28375724273791597,0.0058224602781303415,0.0,0.0,0.0,-0.13278719115132492,0.0,0.0,0.2510203097124693,0.0,-8.301685375537174e-05,0.0,0.0,0.0,0.0,-1.1960055221062524e-05,0.0,0.0,-0.003693945424788189,0.0,0.0,0.0,0.0,-0.0006649697198992937,0.0019062556147851502,0.0,-6.25133266675072e-05,0.0,0.0,0.0,0.0029424793231921514,0.0,0.0,0.00037400968715211436,0.0012772822722987999
0.0,-3.4529373091395244e-07,0.0,0.0,0.03499529904575729,0.0,0.0,0.2853971213200234,-0.2853971213200234,0.0029085564113831186,0.0,0.0,0.0,-0.13143543646235822,0.0,0.0,0.2504557750578203,0.003742361241140267,-8.148934839741548e-05,0.0,0.0,0.0,0.0,-1.1739990889481616e-05,0.0,0.0,-0.0031581818852379666,0.0,0.0,0.0,0.0,-0.0006527343151100689,0.0,0.0,-6.136308503452903e-05,0.0,0.0,0.0,8.156694119142717e-05,0.0,0.0,0.00036712793031348643,0.0012537803515887207
0.0,-4.247772213855863e-07,0.0,0.0,0.0338432622000346,0.0,0.0,0.27743185195190845,-0.27743185195190845,0.017389536505847857,0.0,0.0,0.0,-0.1248601325674366,-0.009207637828958,0.0,0.24825878089217787,0.0,-0.000100247458571445,0.0,0.0,0.0,0.0,-1.4442430495121947e-05,0.0,0.0,-0.003885166760169142,0.0,0.0,0.0,0.0,-0.0008029878444117304,0.0,0.0,-7.548831161116644e-05,0.0,0.0,0.0,0.004704161827003092,0.0,0.0,0.0004516374557940243,0.0015423892364510349
0.0,-3.6447988432454337e-07,0.0,0.0,0.03131494751300882,0.0,0.0,0.28284923481337,-0.28284923481337,0.007707449356868512,0.0,0.0,0.0,-0.13326051461426888,0.0,0.0,0.2506036618212698,0.0,-8.601728215266667e-05,0.0,0.0,0.0,0.0,-1.239232032983472e-05,0.0,0.0,-0.0038274534806734674,0.0,0.0,0.0,0.0,-0.0006890033220014209,0.002393790115649672,0.0,-6.477270837203759e-05,0.0,0.0,0.0,0.002630189743578596,0.0,0.0,0.00038752729514893603,0.0013234463200530032
0.0,-4.6480299860179764e-07,0.0,0.0,0.033829027026827066,0.0,0.0,0.27421087816228523,-0.27421087816228523,0.023565989918921552,0.0,0.0,0.0,-0.12287831513947499,-0.012210724066040188,0.0,0.2468267734678378,0.0,-0.00010969354522878428,0.0,0.0,0.0,0.0,-1.580330738859744e-05,0.0,0.0,-0.004117790071358741,0.0,0.0,0.0,0.0,-0.0008786515357530673,0.0,0.0,-8.260140099275025e-05,0.0,0.0,0.0,0.004880490167220723,0.0,0.0,0.000494194210907074,0.0016877250144795653
0.0,-1.126497321307534e-06,0.0,0.0,0.05858186359681595,0.0,0.0,0.21510010525397222,-0.21510010525397222,0.13966261551192852,0.0,0.0,0.0,0.004065700825416579,-0.12422084393956326,0.0,0.23127998662911714,0.0,-0.0002658534588560514,0.0,0.0,0.0,0.0,-3.83009220994852e-05,0.0,0.0,-0.004065700825416579,0.0,0.0,0.0,0.0,-0.0021295013250044754,0.0,0.0,-0.0002001928929772244,0.0,0.0,0.0,0.0,0.0,0.0,0.0011977299123869215,0.004090373155152008
0.0,-1.126497321307534e-06,0.0,0.0,0.05451616277139937,0.0,0.0,0.21510010525397222,-0.21510010525397222,0.14372831633734512,0.0,0.0,0.0,0.0,-0.12422084393956326,0.0,0.23534568745453371,0.0,-0.0002658534588560514,0.0,0.0,0.0,0.0,-3.83009220994852e-05,0.0,0.0,-0.004065700825416579,0.0,0.0,0.0,0.0,-0.0021295013250044754,0.0,0.0,-0.0002001928929772244,0.0,0.0,0.0,0.0,0.0,0.0,0.0011977299123869215,0.004090373155152008
0.0,-1.0835006919983473e-06,0.0,0.0,0.03335115381340148,0.0,0.0,0.20689007286859804,-0.20689007286859804,0.1573266456241141,0.0,0.0,0.0,-0.019084212849827437,-0.1194795298873076,0.0,0.2454471259190186,0.0,-0.00025570625086470793,0.0,0.0,0.0,0.0,-3.683903620010273e-05,0.0,0.0,-0.003910519425544641,0.0,0.0,0.0,0.0,-0.0020482216119037254,0.0,0.0,-0.00019255184541602425,0.0,0.0,0.0,0.0,0.0,0.0,0.001152014447217727,0.003934250051295726
0.03806439167030989,-1.8125682853684126e-06,0.0,0.0,0.09425999160842989,0.0,0.0,0.19384501304812596,-0.19384501304812596,0.14859259214804388,0.0,0.0,0.0,0.006541835683543922,-0.1237463143162551,0.0,0.1818145402224437,0.0,-0.0004277662618129051,0.0,0.0,0.0,0.0,-6.162734290154651e-05,0.0,0.0,-0.006541835683543922,0.0,0.0,0.0,0.0,-0.003426432084963103,0.0,0.0,-0.00032211642398358436,0.0,0.0,0.0,0.0,0.0,0.0,0.0019271836803923892,0.006581534208838845
0.035779806176986444,-1.7037798080356522e-06,0.0,0.0,0.05244391892095936,0.0,0.0,0.1822106354755489,-0.1822106354755489,0.17583290346064098,0.0,0.0,0.0,-0.03000948383874232,-0.11631918827709993,0.0,0.20706090450738032,0.0,-0.0004020921723716379,0.0,0.0,0.0,0.0,-5.792853339988933e-05,0.0,0.0,-0.006149201459101883,0.0,0.0,0.0,0.0,-0.003220781168406606,0.0,0.0,-0.0003027833287441267,0.0,0.0,0.0,0.0,0.0,0.0,0.0018115161053703424,0.006186517319890287
0.003910315145780202,-4.064054358110673e-07,0.0,0.0,0.031006741840807695,0.0,0.0,0.28084382313753325,-0.28084382313753325,0.009571603997671095,0.0,0.0,0.0,-0.1327850729706252,0.0,0.0,0.2497769862095962,0.0,-9.59117156913124e-05,0.0,0.0,0.0,0.0,-1.3817789570719785e-05,0.0,0.0,-0.00377893007980778,0.0,0.0,0.0,0.0,-0.0007682582973603213,0.004624301624539813,0.0,-7.222341178961052e-05,0.0,0.0,0.0,0.0,0.0,0.0,0.00043210395428421223,0.0014756802819734537
0.03806439167030989,-1.8125682853684126e-06,0.0,0.0,0.08771815592488597,0.0,0.0,0.19384501304812596,-0.19384501304812596,0.1551344278315878,0.0,0.0,0.0,0.0,-0.1237463143162551,0.0,0.1883563759059876,0.0,-0.0004277662618129051,0.0,0.0,0.0,0.0,-6.162734290154651e-05,0.0,0.0,-0.006541835683543922,0.0,0.0,0.0,0.0,-0.003426432084963103,0.0,0.0,-0.00032211642398358436,0.0,0.0,0.0,0.0,0.0,0.0,0.0019271836803923892,0.006581534208838845
0.0,-1.8140375464456056e-07,0.0,0.0,0.0,0.0,0.0,0.2757562756217853,-0.2757562756217853,0.019421673491101965,0.0,0.0,0.0,-0.14809138693846674,0.0,0.0,0.2752930979175125,0.0,-4.281130075458474e-05,0.0,0.0,0.0,0.0,-6.167729779535492e-06,0.0,0.0,-0.0019049458200094285,0.0,0.0,0.0,0.0,-0.00034292095380040284,0.0025004639457994055,0.0,-3.2237753035287484e-05,0.0,0.0,0.0,0.0,0.0,0.0,0.00019287458482803848,0.0006586869175868402
0.0,-3.124014695413312e-07,0.0,0.0,0.02386175738591926,0.0,0.0,0.28376668076416117,-0.28376668076416117,0.0,0.0,0.0,0.0028457526594039195,-0.12641230824035363,-0.007440174099405052,0.0,0.2605985187093504,0.0,-7.372677205559265e-05,0.0,0.0,0.00040896292357331284,0.00574258389529579,-1.0621653618118726e-05,0.0,0.0,-0.0029593438540862996,0.0,0.0,0.0,0.0,-0.0005905556371402982,0.0,0.0,-5.551771209293604e-05,0.0,0.0,0.0,0.0,0.0,0.0,0.0003321557696284436,0.0011343467582849657
0.0,-2.446646862646602e-07,0.0,0.0,0.024902709445917846,0.0,0.0,0.28513573181195356,-0.28513573181195356,0.0,0.0,0.0,0.0,-0.13714587986232732,0.0028206111291749604,0.0,0.25643244568699297,0.0,-5.774088572877598e-05,0.0,0.0,0.0018839907434043944,0.0,-8.318602194491578e-06,0.0,0.0,-0.00345204230293217,0.0,0.0,0.0,0.0,-0.00046250777851620053,0.001370038703133243,0.0,-4.3480024698004333e-05,0.0,0.0,0.0,0.0,0.0,0.0,0.0002601357390746467,0.0008883908073115107
0.0,-2.62366158750955e-07,0.0,0.0,0.02873868728179367,0.0,0.0,0.2866653316622996,-0.2866653316622996,0.0,0.0,0.0,0.0,-0.13376250826834976,0.00012395478472670445,0.0,0.25588157227149894,0.0008814634128792336,-6.19184346659225e-05,0.0,0.0,0.002024089913798174,0.0,-8.920452466054422e-06,0.0,0.0,-0.0034117411450503357,0.0,0.0,0.0,0.0,-0.0004959701830875152,0.0,0.0,-4.662580136338946e-05,0.0,0.0,0.0,0.0,0.0,0.0,0.000278956541121047,0.0009526658184411956
0.0,-2.885652047866465e-07,0.0,0.0,0.025791539547205266,0.0,0.0,0.28620630948124187,-0.28620630948124187,0.0,0.0,0.0,0.0,-0.13403157712974867,0.00013633251334406693,0.0,0.25816548346070284,0.0,-6.810141164737956e-05,0.0,0.0,0.0022262090631748814,0.0,-9.811220337680728e-06,0.0,0.0,-0.0032676849451821356,0.0,0.0,0.0,0.0,-0.0005454961803460808,0.0,0.0,-5.1281704861713646e-05,0.0,0.0,0.0,0.0,0.0,-0.0019389670638954427,0.0003068122497138801,0.0010477959821513039
0.0,-2.2499821349408477e-07,0.0,0.0,0.02437089525091346,0.0,0.0,0.2863644783640651,-0.2863644783640651,0.0,0.0,0.0,0.0005249638211125742,-0.13551876409758132,-0.00013592521325580173,0.0,0.25933844395432465,0.0,-5.3099596565755875e-05,0.0,0.0,0.002362509647965646,0.0,-7.649941890281389e-06,0.0,0.0,-0.0034370444635908677,0.0,0.0,0.0,0.0,-0.00042533078836189223,0.0,0.0,-3.998504250485584e-05,0.0,0.0,0.0,0.0,0.0,0.0,0.00023922568251000213,0.0008169807730791001
0.0,-2.2596097278762793e-07,0.0,0.0,0.024401673759479103,0.0,0.0,0.2863822612659264,-0.2863822612659264,0.0,0.0,0.0,0.0005009588085750612,-0.1356287455141997,0.0,0.0,0.2592720850000284,0.0,-5.3326807836828557e-05,0.0,0.0,0.0023411171653958474,0.0,-7.682675717521876e-06,0.0,0.0,-0.0034386257967375673,0.0,0.0,0.0,0.0,-0.00042715076356510074,6.30031534028928e-05,0.0,-4.0156137069014586e-05,0.0,0.0,0.0,0.0,0.0,0.0,0.00024024932063367445,0.0008204766045335515
0.0,-2.3329039054542096e-07,0.0,0.0,0.025128135628909646,0.0,0.0,0.28634817378750493,-0.28634817378750493,0.0,0.0,0.0,0.0006147783830999766,-0.13533387992753562,0.0,0.0,0.2587489147193909,0.00042280397154685775,-5.5056551019926894e-05,0.0,0.0,0.002026774582354506,0.0,-7.931876007008563e-06,0.0,0.0,-0.003387546397768883,0.0,0.0,0.0,0.0,-0.00044100610483534475,0.0,0.0,-4.145866776928126e-05,0.0,0.0,0.0,0.0,0.0,0.0,0.0002480422045783066,0.0008470901197832574
0.0,-2.439124889566168e-07,0.0,0.0,0.02361993169525572,0.0,0.0,0.2861244329413305,-0.2861244329413305,0.0,0.0,0.0,0.0006427702625387159,-0.13552811428413886,0.0,0.0,0.2599208634581392,0.0,-5.7563367103295866e-05,0.0,0.0,0.0021190569906472233,0.0,-8.293027477220725e-06,0.0,0.0,-0.0033207595349480515,0.0,0.0,0.0,0.0,-0.0004610858442302992,0.0,0.0,-4.334634967513601e-05,0.0,0.0,0.0,0.0,0.0,-0.00088410987524716,0.0002593359775494131,0.0008856595378996784
0.0,-2.1963932673656274e-07,0.0,0.0,0.023657754521201297,0.0,0.0,0.28631108161874924,-0.28631108161874924,0.0,0.0,0.0,0.0005788044241367141,-0.1359731378574498,0.0,0.0,0.2599287387995223,0.0,-5.183489885795175e-05,0.0,0.0,0.0023062406604461784,0.0,-7.467739677850402e-06,0.0,0.0,-0.0033883547370845172,0.0,0.0,0.0,0.0,-0.000415200487796733,0.0,0.0,-3.903270021088531e-05,0.0,0.0,0.0,0.0,0.0,0.0,0.00023352793352722755,0.0007975223632632427
0.0,-2.2781387577993674e-07,0.0,0.0,0.024774180816600797,0.0,0.0,0.2864681107072022,-0.2864681107072022,0.0,0.0,0.0,0.0003054331096999953,-0.1354599326974922,0.0,0.0,0.2590448856836247,0.0,-5.376409309273868e-05,0.0,0.0,0.0024510571155772314,0.0,-7.745674440931134e-06,0.0,0.0,-0.0034259887305791385,0.0,0.0,0.0,0.0,-0.000430653443334145,0.0,0.0,-4.048542148311857e-05,0.0,0.0,0.0,0.0,0.0,0.0,0.00024221938953367287,0.0008272045962610806
0.0,-2.476135775173547e-07,0.0,0.0,0.02472708859649086,0.0,0.0,0.2854006259922025,-0.2854006259922025,0.00237883946100275,0.0,0.0,0.0,-0.13578567323510476,0.0,0.0,0.2582544568535919,0.0,-5.843682430269929e-05,0.0,0.0,0.0023824659739961206,0.0,-8.418864531572157e-06,0.0,0.0,-0.003493649032151917,0.0,0.0,0.0,0.0,-0.00046808228607261285,0.0004350157028580561,0.0,-4.400408015715706e-05,0.0,0.0,0.0,0.0,0.0,0.0,0.0002632710996253746,0.0008990983921315825
0.0,-2.48333771451564e-07,0.0,0.0,0.024580867835049335,0.0,0.0,0.2847764551813967,-0.2847764551813967,0.0034764608184572215,0.0,0.0,0.0,-0.13479905488007596,-0.0013088428899722486,0.0,0.2584238922572853,0.0,-5.8606790129368496e-05,0.0,0.0,0.0026075359526596415,0.0,-8.443351133758351e-06,0.0,0.0,-0.0035038104492536738,0.0,0.0,0.0,0.0,-0.0004694437220104975,0.0,0.0,-4.4132067773698095e-05,0.0,0.0,0.0,0.0,0.0,0.0,0.0002640368340851076,0.0009017134555491978
0.0,-2.338273224237197e-07,0.0,0.0,0.025240030626619205,0.0,0.0,0.28638052476524095,-0.28638052476524095,0.0004388935852422114,0.0,0.0,0.0,-0.13530498016767514,0.0,0.0,0.2586096221792511,0.0,-5.518326698659259e-05,0.0,0.0,0.0025784550729236215,0.0,-7.950131697150445e-06,0.0,0.0,-0.003422373580141742,0.0,0.0,0.0,0.0,-0.0004420211069349034,0.0,0.0,-4.1554087389031045e-05,0.0,0.0,0.0,0.0,0.0,0.0,0.00024861308864468503,0.0008490397486901326
0.0,-4.148927162506168e-08,0.0,0.0,0.0,0.0,0.0,0.28199654554878795,-0.28199654554878795,0.0,0.0,0.0,0.0023437773339781256,-0.14969652876968292,0.004468885504035544,0.0,0.2770129927233631,0.0,-9.791471456086725e-06,0.0,0.0,0.00043564259013039884,0.0,-1.4106357204928058e-06,0.0,0.0,-0.0017572723729670824,0.0,0.0,0.0,0.0,-7.843024322196276e-05,0.0,0.0,-7.3731709406093335e-06,0.0,0.0,0.0,0.0,0.0,0.0,4.4112791684940126e-05,0.00015064980597111628
0.0,-4.1395569765910505e-08,0.0,0.0,0.0,0.0,0.0,0.28197777247288214,-0.28197777247288214,0.0,0.0,0.0,0.002267164218163187,-0.14975070398870427,0.004553885756383963,0.0,0.2769817015391796,0.0,-9.769357809755397e-06,0.0,0.0,0.00045843197162183624,0.0,-1.407449856185769e-06,0.0,0.0,-0.0017414170122350401,0.0,0.0,0.0,0.0,-7.825311165720572e-05,0.0,0.0,-7.356518929187731e-06,0.0,0.0,0.0,0.0,0.0,0.0,4.401316471075313e-05,0.00015030956941483673
0.0,-1.322334132327638e-07,0.0,0.0,0.0,0.0,0.0,0.2779168196791142,-0.2779168196791142,0.014484393601645334,0.0,0.0,0.0,-0.1488415425636976,6.247362216597199e-05,0.0,0.27644183608043565,0.0,-3.120709620815385e-05,0.0,0.0,0.001464408502779007,0.0,-4.4959375964591995e-06,0.0,0.0,-0.0019416590804404595,0.0,0.0,0.0,0.0,-0.0002499706154313707,0.0,0.0,-2.349955835899663e-05,0.0,0.0,0.0,0.0,0.0,0.0,0.00014059502091142925,0.00048014672868783325
0.0,-3.612638382150198e-08,0.0,0.0,0.0,0.0,0.0,0.2816996434304859,-0.2816996434304859,0.0,0.0,0.0,0.0,-0.1508047028521135,0.00661233442542912,0.0,0.2766799889384067,0.0,-8.525829501094405e-06,0.0,0.0,0.0010596054405857223,0.0,-1.2282974724497426e-06,0.0,0.0,-0.001189991075548363,0.0,0.0,0.0,0.0,-6.829237918312499e-05,0.0,0.0,-6.420117609900354e-06,0.0,0.0,0.0,0.0,0.0,0.0,3.8410788655192225e-05,0.0001311768681390838
0.0,-2.3234180719992245e-07,0.0,0.0,0.025303015203422815,0.0,0.0,0.286430576004982,-0.286430576004982,0.0,0.0,0.0,0.0,-0.1354244203076518,0.00033013149602179823,0.0,0.25842574787620237,0.0,-5.4832685273738246e-05,0.0,0.0,0.0025363240634286863,0.0,-7.89962416216739e-06,0.0,0.0,-0.003411608070053951,0.0,0.0,0.0,0.0,-0.00043921292747672343,7.345390131449272e-05,0.0,-4.129009245128144e-05,0.0,0.0,0.0,0.0,0.0,0.0,0.0002470336388002922,0.0008436457619685866
0.0,-2.312617123480531e-07,0.0,0.0,0.025270686100082474,0.0,0.0,0.2865003585970028,-0.2865003585970028,0.0,0.0,0.0,3.0463514081105653e-05,-0.13534016533974755,0.00017018652986815541,0.0,0.2585891611989696,0.0,-5.4577782801419195e-05,0.0,0.0,0.0025610895888590036,0.0,-7.862900924571506e-06,0.0,0.0,-0.0034109801746390568,0.0,0.0,0.0,0.0,-0.0004371711441766827,0.0,0.0,-4.10981458669482e-05,0.0,0.0,0.0,0.0,0.0,0.0,0.00024588524555706865,0.0008397238787083795
0.0,-2.3255818307376123e-07,0.0,0.0,0.025289818306462063,0.0,0.0,0.28645224944725506,-0.28645224944725506,0.0001838057691300368,0.0,0.0,0.0,-0.13531771806807086,0.00010987201877169178,0.0,0.25856838552564676,0.0,-5.4883749997448616e-05,0.0,0.0,0.002575447251630584,0.0,-7.906980944408547e-06,0.0,0.0,-0.0034147852411634022,0.0,0.0,0.0,0.0,-0.0004396219588177868,0.0,0.0,-4.132854519443043e-05,0.0,0.0,0.0,0.0,0.0,0.0,0.0002472636969207277,0.0008444314345565564
0.0,-2.3354550432790786e-07,0.0,0.0,0.025581771852365865,0.0,0.0,0.2865608602367978,-0.2865608602367978,0.0,0.0,0.0,0.0,-0.13515386236286828,0.0001103384782956505,0.0,0.25837402979895624,0.0,-5.511675789320847e-05,0.0,0.0,0.002586381262968563,0.0,-7.940549878596819e-06,0.0,0.0,-0.0034292826456511108,0.0,0.0,0.0,0.0,-0.000441488365314404,0.0,0.0,-4.15040047311971e-05,0.0,0.0,0.0,0.0,0.0,0.0,0.00024831345014859527,0.0008480164518283107
0.0,-2.3146313084749702e-07,0.0,0.0,0.025305952267475826,0.0,0.0,0.2865033157810007,-0.2865033157810007,0.0,0.0,0.0,0.0,-0.13533276618579765,0.00018889391333749958,0.0,0.25855985506634266,0.0,-5.4625317583563735e-05,0.0,0.0,0.002571274107295288,0.0,-7.869749155908304e-06,0.0,0.0,-0.003406659886151716,0.0,0.0,0.0,0.0,-0.00043755190048504964,0.0,0.0,-4.113394049454305e-05,0.0,0.0,0.0,0.0,0.0,0.0,0.0002460994004930183,0.0008404552402549121
0.0,-1.4293199620679442e-07,0.0,0.0,0.0,0.0,0.0,0.2770900102504374,-0.2770900102504374,0.016148790272200113,0.0,0.0,0.0,-0.14832481432666392,-0.0007533229406991518,0.0,0.2760702862142371,0.0,-3.373196265453221e-05,0.0,0.0,0.001500804005496775,0.0,-4.859689542702273e-06,0.0,0.0,-0.002016667402563618,0.0,0.0,0.0,0.0,-0.0002701949392605872,0.0,0.0,-2.5400832543867377e-05,0.0,0.0,0.0,0.0,0.0,0.0,0.00015197011484709572,0.0005189938664194588
0.0,-1.4215855901325086e-07,0.0,0.0,0.0,0.0,0.0,0.27742210539919887,-0.27742210539919887,0.015561907840453804,0.0,0.0,0.0,-0.14893743884667435,0.0,0.0,0.2760332760488349,0.0,-3.354943141435775e-05,0.0,0.0,0.0013678083938577714,0.0,-4.833392669076003e-06,0.0,0.0,-0.002005754761464749,0.0,0.0,0.0,0.0,-0.00026873285364590764,0.0002497488469189596,0.0,-2.5263382923364108e-05,0.0,0.0,0.0,0.0,0.0,0.0,0.00015114777035986297,0.0005161854738260396
0.0,-1.2846413653141417e-07,0.0,0.0,0.0,0.0,0.0,0.27815642509007926,-0.27815642509007926,0.013837107643675737,0.0,0.0,0.00033853505049425027,-0.1487144277203717,0.0,0.0,0.27656284943898796,0.0,-3.0317546602056065e-05,0.0,0.0,0.0013488896523217106,0.0,-4.3677821445294705e-06,0.0,0.0,-0.001981803860124605,0.0,0.0,0.0,0.0,-0.00024284527249623093,0.0,0.0,-2.2829709977644968e-05,0.0,0.0,0.0,0.0,0.0,0.0,0.00013658739890658555,0.00046646027960187803
0.0,-1.3306806291883278e-07,0.0,0.0,0.0,0.0,0.0,0.27788556479474924,-0.27788556479474924,0.014613539030823219,0.0,0.0,0.0,-0.14881914213860417,0.0,0.0,0.27644527875102176,0.0,-3.140407360151063e-05,0.0,0.0,0.001467364969673786,0.0,-4.524315695547248e-06,0.0,0.0,-0.0019476279254859877,0.0,0.0,0.0,0.0,-0.00025154841555461945,0.0,0.0,-2.3647886217497643e-05,0.0,0.0,0.0,0.0,0.0,0.0,0.00014148244858343544,0.0004831773871770073
0.0,-2.539030064332651e-07,0.0,0.0,0.026919282621618065,0.0,0.0,0.2860364025000522,-0.2860364025000522,0.0,0.0,0.0,0.0,-0.13523894766320674,0.0013127112454483373,0.0,0.2559802386375,0.0,-5.9921130035076224e-05,0.0,0.0,0.002224195825968056,0.0,-8.63270518827157e-06,0.0,0.0,-0.0035823883390395557,0.0,0.0,0.0,0.0,-0.0004799716594041063,0.0008836355942432659,0.0,-4.512179162085523e-05,0.0,0.0,0.0,0.0,0.0,0.0,0.0002699582323880815,0.0009219356512286713
0.0,-2.401228003581167e-07,0.0,0.0,0.02643323599550197,0.0,0.0,0.2865293582690338,-0.2865293582690338,0.0,0.0,0.0,0.00034819899727071965,-0.13413181801962773,-0.0005691689806303035,0.0,0.25768660896777185,0.0,-5.666900028782116e-05,0.0,0.0,0.0025213197195341,0.0,-8.16417802054915e-06,0.0,0.0,-0.0035620590664419568,0.0,0.0,0.0,0.0,-0.0004539219151740869,0.0,0.0,-4.267287384020375e-05,0.0,0.0,0.0,0.0,0.0,0.0,0.0002553066529276849,0.00087189897210295
0.0,-2.8211164556447807e-07,0.0,0.0,0.030386762505157264,0.0,0.0,0.2864808291069282,-0.2864808291069282,0.0,0.0,0.0,0.0007434345705724044,-0.13301206649208522,0.0,0.0,0.25460060838912774,0.0020060885200039336,-6.657837114946304e-05,0.0,0.0,0.0009561193753359392,0.0,-9.591799248648943e-06,0.0,0.0,-0.0033490649220736792,0.0,0.0,0.0,0.0,-0.000533296539339699,0.0,0.0,-5.01348253563224e-05,0.0,0.0,0.0,0.0,0.0,0.0,0.0002999506080787453,0.0010243627569689292
0.0,-3.555851880102006e-07,0.0,0.0,0.023129390720675148,0.0,0.0,0.2852355790267887,-0.2852355790267887,0.0,0.0,0.0,0.0009370556859548415,-0.13351839193986734,0.0,0.0,0.2602237717959212,0.0,-8.391813310373907e-05,0.0,0.0,0.001205132411881667,0.0,-1.2089900551118517e-05,0.0,0.0,-0.0029570214888839886,0.0,0.0,0.0,0.0,-0.0006721890187371041,0.0,0.0,-6.319200777591427e-05,0.0,0.0,0.0,0.0,0.0,-0.005057113910511485,0.0003780701542966875,0.0012911491930743188
0.0,-2.4448471534712663e-07,0.0,0.0,0.02660136216760391,0.0,0.0,0.2866078465608489,-0.2866078465608489,0.0,0.0,0.0,0.00024308028220699167,-0.13457352428414485,0.0,0.0,0.2573748912367775,0.0,-5.769841257769537e-05,0.0,0.0,0.002433387731069901,0.0,-8.312483181190573e-06,0.0,0.0,-0.003571043184160821,0.0,0.0,0.0,0.0,-0.0004621675661605198,0.0002674652930909629,0.0,-4.344804157833655e-05,0.0,0.0,0.0,0.0,0.0,0.0,0.00025994438793051835,0.0008877373231035474
0.0,-2.560839005294078e-07,0.0,0.0,0.026704892406106216,0.0,0.0,0.28552255379693275,-0.28552255379693275,0.0022280639051817657,0.0,0.0,0.0,-0.1335783652468725,-0.0013496899373980212,0.0,0.25699067432296285,0.0,-6.043582121799471e-05,0.0,0.0,0.002688913286439522,0.0,-8.706855613047222e-06,0.0,0.0,-0.0036131591821597425,0.0,0.0,0.0,0.0,-0.0004840943650507027,0.0,0.0,-4.5509364223226795e-05,0.0,0.0,0.0,0.0,0.0,0.0,0.00027227703248222304,0.0009298545965260621
0.0,-2.553181220844905e-07,0.0,0.0,0.026849311295048122,0.0,0.0,0.2861639147137404,-0.2861639147137404,0.0011000229796909804,0.0,0.0,0.0,-0.1345993327031705,0.0,0.0,0.2568202527155615,0.0,-6.025509744311491e-05,0.0,0.0,0.0024565968656070666,0.0,-8.680819136963817e-06,0.0,0.0,-0.0036023546004814995,0.0,0.0,0.0,0.0,-0.00048264675733582723,0.0004485513009608656,0.0,-4.537327565970526e-05,0.0,0.0,0.0,0.0,0.0,0.0,0.00027146283103461193,0.0009270740132662206
0.0,-2.5723015095875913e-07,0.0,0.0,0.029062462358039283,0.0,0.0,0.2868005738099153,-0.2868005738099153,0.0,0.0,0.0,0.0,-0.13193823497983465,-0.0013557312491206065,0.0,0.255902946655125,0.0,-6.070633641194526e-05,0.0,0.0,0.0027009490606631184,0.0,-8.74582814105122e-06,0.0,0.0,-0.003629331949191576,0.0,0.0,0.0,0.0,-0.00048626120713893544,0.0,0.0,-4.5713067494586445e-05,0.0,0.0,0.0,0.0,0.0,0.0,0.0002734957645647165,0.0009340166942928442
0.0,-2.5588107220347405e-07,0.0,0.0,0.02801095967338695,0.0,0.0,0.2867948766232268,-0.2867948766232268,0.0,0.0,0.0,0.0,-0.13379366192879688,0.0,0.0,0.2562840664607415,0.0,-6.038795371668465e-05,0.0,0.0,0.002462013408257849,0.0,-8.699959447593281e-06,0.0,0.0,-0.003610297420734153,0.0,0.0,0.0,0.0,-0.00048371094364289764,0.0004495403103041295,0.0,-4.5473319051544295e-05,0.0,0.0,0.0,0.0,0.0,0.0,0.0002720613785712415,0.000929118115822725
0.0,-2.426941934052105e-07,0.0,0.0,0.02681685127388081,0.0,0.0,0.2866817305786864,-0.2866817305786864,0.0,0.0,0.0,0.0,-0.13423589196347677,-0.0002736116670593695,0.0,0.2574295633441038,0.0,-5.7275849254718676e-05,0.0,0.0,0.0026488704544251453,0.0,-8.251605414224249e-06,0.0,0.0,-0.0035247908528030832,0.0,0.0,0.0,0.0,-0.0004587828099115353,0.0,0.0,-4.312984306981695e-05,0.0,0.0,0.0,0.0,0.0,0.0,0.00025804064466539557,0.0008812358403690625
0.0,-2.562764830722131e-07,0.0,0.0,0.028144291770011615,0.0,0.0,0.2867193633116416,-0.2867193633116416,0.0,0.0,0.0,0.0,-0.1339329526637737,0.0,0.0,0.2564079579731811,0.0006067409072836503,-6.0481270713658554e-05,0.0,0.0,0.0022192650145185003,0.0,-8.713403421754967e-06,0.0,0.0,-0.003447576423680897,0.0,0.0,0.0,0.0,-0.0004844584180957652,0.0,0.0,-4.554358858901256e-05,0.0,0.0,0.0,0.0,0.0,0.0,0.0002724817927313231,0.0009305538742325795
0.0,-2.362117745739611e-07,0.0,0.0,0.025940784825147244,0.0,0.0,0.28664067256028075,-0.28664067256028075,0.0,0.0,0.0,0.0,-0.13491127476736797,0.0,0.0,0.2581432072302817,0.0,-5.574599788672702e-05,0.0,0.0,0.002604748846804299,0.0,-8.03120309814618e-06,0.0,0.0,-0.003457273205889116,0.0,0.0,0.0,0.0,-0.0004465286134485053,0.0,0.0,-4.1977834845055636e-05,0.0,0.0,0.0,0.0,0.0,0.0,0.0002511483185213833,0.0008576978243735893
0.0,-2.7335992383722377e-07,0.0,0.0,0.026137277541738405,0.0,0.0,0.2864165411959591,-0.2864165411959591,0.0,0.0,0.0,0.0,-0.13412393356055358,0.0,0.0,0.2579676898690799,0.0,-6.45129641146415e-05,0.0,0.0,0.002367201656862325,0.0,-9.294240607565917e-06,0.0,0.0,-0.0033537993583915254,0.0,0.0,0.0,0.0,-0.0005167525115273412,0.0,0.0,-4.8579533161684e-05,0.0,0.0,0.0,0.0,0.0,-0.001294372750989027,0.00029064548262540445,0.0009925847785064764
0.0,-2.447383351444675e-07,0.0,0.0,0.0268466759834483,0.0,0.0,0.2867002518720875,-0.2867002518720875,0.0,0.0,0.0,0.0,-0.13446979365386236,0.0,0.0,0.257296094635266,0.0,-5.775826687036176e-05,0.0,0.0,0.002576788720183027,0.0,-8.32110625726639e-06,0.0,0.0,-0.0035363267456843847,0.0,0.0,0.0,0.0,-0.0004626470024487996,0.00015248001497663986,0.0,-4.34931130401018e-05,0.0,0.0,0.0,0.0,0.0,0.0,0.0002602140450454559,0.0008886582304071299
0.0,-8.193388057495171e-07,0.0,0.0,0.1297374661303263,0.0,0.0,0.29326461570331874,-0.29326461570331874,0.0,0.0,0.0,0.0,0.0,-0.06722623994362585,0.0,0.2034515340344838,0.0,-0.00019336402436418175,0.0,0.0,0.0,0.0,-2.7857528978118488e-05,0.0,0.0,-0.0044023496852268135,0.0,0.0,0.0,0.0,-0.0015488568321192259,0.002890461678409918,0.0,-0.0001456069204506531,0.0,0.0,0.0,0.0,0.0,0.0,0.0008711486281090464,0.0029750638484627137
0.0,-4.0423813987166975e-07,0.0,0.0,0.033360916239326514,0.0,0.0,0.28608786165385464,-0.28608786165385464,0.0,0.0,0.0,0.0,-0.12864988157225737,0.0,0.0,0.25111138598367766,0.0,-9.540023367448459e-05,0.0,0.0,0.0,0.004667354463960623,-1.3744101483432505e-05,0.0,0.0,-0.0033698314377838393,0.0,0.0,0.0,0.0,-0.0007641612973166222,0.0038217485443849397,0.0,-7.183825575253963e-05,0.0,0.0,0.0,0.0,0.0,0.0,0.00042979961220854874,0.0014678107123241519
0.0,-3.4131342561571107e-07,0.0,0.0,0.036542120770467895,0.0,0.0,0.2878593774645156,-0.2878593774645156,0.0,0.0,0.0,0.0,-0.12660392350652072,0.0,0.0,0.25044578206981005,0.0,-8.054999602539892e-05,0.0,0.0,0.0,0.0,-1.1604660462789468e-05,0.0,0.0,-0.0035841793060662195,0.0,0.0,0.0,0.0,-0.0006452100491875462,0.004704654083051326,0.0,-6.065573418911147e-05,0.0,0.0,0.0,0.0,0.0,0.0,0.00036289593559324834,0.001239327646168757
0.02233479446284434,-1.2075973893245738e-06,0.0,0.0,0.15272185255498866,0.0,0.0,0.2844326239052782,-0.2844326239052782,0.0,0.0,0.0,0.0,0.0,-0.06429385729919551,0.0,0.17439477570869874,0.0,-0.0002849930814614255,0.0,0.0,0.0,0.0,-4.105832536057612e-05,0.0,0.0,-0.005870931170207113,0.0,0.0,0.0,0.0,-0.0022828107905785095,0.0030250556340315335,0.0,-0.00021460540593210296,0.0,0.0,0.0,0.0,0.0,0.0,0.0012839582375886857,0.004384851921167057
0.003986632072749753,-4.1433717860123396e-07,0.0,0.0,0.041370306215187114,0.0,0.0,0.28632500220908863,-0.28632500220908863,0.0,0.0,0.0,0.0,-0.1256182043875463,0.0,0.0,0.24489342804161818,0.0,-9.778360763072225e-05,0.0,0.0,0.0,0.0,-1.408746891835171e-05,0.0,0.0,-0.003852682787753826,0.0,0.0,0.0,0.0,-0.0007832522582528776,0.004714553298946676,0.0,-7.363298330432272e-05,0.0,0.0,0.0,0.0,0.0,0.0,0.0004405372505002344,0.001504480872235675
0.020403930199825566,-1.1337306605494293e-06,0.0,0.0,0.14849546427374294,0.0,0.0,0.28467235872928953,-0.28467235872928953,0.0,0.0,0.0,0.0,0.0,-0.06718711689331942,0.0,0.17909831123053904,0.0,-0.00026756052750163414,0.0,0.0,0.0017023499706284705,0.0,-3.854685571830767e-05,0.0,0.0,-0.005794157021750191,0.0,0.0,0.0,0.0,-0.0021431750419396776,0.0,0.0,-0.00020147834930395574,0.0,0.0,0.0,0.0,0.0,0.0,0.0012054206424158258,0.004116637804075287
0.0,-7.806818411996186e-07,0.0,0.0,0.12758947401018506,0.0,0.0,0.2927621892827057,-0.2927621892827057,0.0,0.0,0.0,0.0,0.0,-0.06975828104022945,0.0,0.2055536620832213,0.0,-0.0001842409776067003,0.0,0.0,0.0016328880755722998,0.0,-2.654319173130668e-05,0.0,0.0,-0.004450488034415448,0.0,0.0,0.0,0.0,-0.0014757807087476139,0.0,0.0,-0.0001387370864789401,0.0,0.0,0.0,0.0,0.0,0.0,0.0008300472407486639,0.0028346983038105215
0.0,-7.353987684008818e-07,0.0,0.0,0.01873965352311883,0.0,0.0,0.25646238406693767,-0.25646238406693767,0.0489038545745707,0.0,0.0,0.0,-0.10575713128872696,-0.03476303811375613,0.0,0.2556414927482196,0.0,-0.00017355416876706524,0.0,0.0,0.0,0.01544355982626336,-2.500356672653825e-05,0.0,0.0,-0.002654166435324842,0.0,0.0,0.0,0.0,-0.0013901787621639712,0.0,0.0,-0.0001306897088465147,0.0,0.0,0.0,0.0,0.0,0.0,0.0007819007518134853,0.0026702729990581275
0.0,-2.8489758817785606e-07,0.0,0.0,0.028830496736869105,0.0,0.0,0.2859580147522665,-0.2859580147522665,0.0,0.0,0.0,0.0013695578091979053,-0.13355912899640535,0.0,0.0,0.2559660912006627,0.0026820698521238676,-6.723585383134046e-05,0.0,0.0,0.0,0.0006187815847697312,-9.686521330086983e-06,0.0,0.0,-0.0030540527243578947,0.0,0.0,0.0,0.0,-0.0005385630130137676,0.0,0.0,-5.062992277101781e-05,0.0,0.0,0.0,0.0,0.0,0.0,0.00030291271614515697,0.0010344786664007674
0.0,-2.761358676241258e-07,0.0,0.0,0.029209987958236865,0.0,0.0,0.2861599561997616,-0.2861599561997616,0.0,0.0,0.0,0.0013940775926537348,-0.13340002568527204,0.0,0.0,0.2558908989348209,0.002766183334945268,-6.516808707266262e-05,0.0,0.0,0.0,0.0,-9.388622728786833e-06,0.0,0.0,-0.0030767469702847735,0.0,0.0,0.0,0.0,-0.0005220000836791191,0.0,0.0,-4.9072853657818906e-05,0.0,0.0,0.0,0.0,0.0,0.0,0.0002935969596025694,0.0010026643816545564
0.0,-2.9682751168131626e-07,0.0,0.0,0.02868822576394099,0.0,0.0,0.283706291953808,-0.283706291953808,0.0,0.0,0.0,0.0,-0.137370373867766,0.005707629035513562,0.0,0.25116908834387525,0.0019047166584502389,-7.005131674216361e-05,0.0,0.0,0.0,0.0,-1.0092138868731894e-05,0.0,0.0,-0.003235663827309534,0.0,0.0,0.0,0.0,-0.0005611150310499338,0.0024240193780221985,0.0,-5.2750021819617925e-05,0.0,0.0,0.0,0.0,0.0,0.0,0.0003155970128250611,0.0010777968686890166
0.0,-2.828845848034029e-07,0.0,0.0,0.02965080460174856,0.0,0.0,0.28578074707549705,-0.28578074707549705,0.0,0.0,0.0,0.0011550777611938842,-0.13399786036562014,0.0008192126057699988,0.0,0.2547719188111494,0.002970323854933033,-6.676078487230725e-05,0.0,0.0,0.0,0.0,-9.618079191812354e-06,0.0,0.0,-0.003083674465238128,0.0,0.0,0.0,0.0,-0.0005347576836338798,0.0,0.0,-5.027218648396039e-05,0.0,0.0,0.0,0.0,0.0,0.0,0.0003007724231238475,0.0010271693414619948
0.0,-3.234307231760563e-07,0.0,0.0,0.033764031191338785,0.0,0.0,0.28546086174843277,-0.28546086174843277,0.0,0.0,0.0,0.0,-0.13322011699031577,0.0026479926129416125,0.0,0.2500075062488741,0.0031659433779979793,-7.6329676804615e-05,0.0,0.0,0.0,0.0,-1.0996648370692794e-05,0.0,0.0,-0.003166147200058129,0.0,0.0,0.0,0.0,-0.0006114050522118725,0.0008317292998834235,0.0,-5.7477750657388515e-05,0.0,0.0,0.0,0.0,0.0,0.0,0.00034388244375340235,0.0011743945792034196
0.0,-3.1805188406851054e-07,0.0,0.0,0.034020413079392756,0.0,0.0,0.28616613104587785,-0.28616613104587785,0.0,0.0,0.0,0.00040894858142296843,-0.1320951193077959,0.0009681606457940459,0.0,0.2513023852568071,0.0035222404985868405,-7.506027034059301e-05,0.0,0.0,0.0,0.0,-1.0813767778127647e-05,0.0,0.0,-0.0031134923495458326,0.0,0.0,0.0,0.0,-0.0006012370342416127,0.0,0.0,-5.652186257720315e-05,0.0,0.0,0.0,0.0,0.0,0.0,0.0003381634807597342,0.0011548637213174464
0.0,-3.4377951456778377e-07,0.0,0.0,0.03500425267788031,0.0,0.0,0.2854449174640922,-0.2854449174640922,0.0026521737838438005,0.0,0.0,0.0,-0.13150872670471633,0.00016241849148750204,0.0,0.25041317172492,0.003807159112864561,-8.113199321736227e-05,0.0,0.0,0.0,0.0,-1.1688507516002257e-05,0.0,0.0,-0.003144332312521592,0.0,0.0,0.0,0.0,-0.0006498718797944066,0.0,0.0,-6.109398954251219e-05,0.0,0.0,0.0,0.0,0.0,0.0,0.00036551796446862637,0.0012482821495279546
0.0,-3.456127647960917e-07,0.0,0.0,0.03785723439088478,0.0,0.0,0.286967090653406,-0.286967090653406,0.0,0.0,0.0,0.0,-0.12954369771877638,0.0001632846098103906,0.0,0.2490822165908039,0.003827461297890445,-8.156464041938012e-05,0.0,0.0,0.0,0.0,-1.1750838045205635e-05,0.0,0.0,-0.003161099885007851,0.0,0.0,0.0,0.0,-0.0006533374084879992,0.0,0.0,-6.141978141064565e-05,0.0,0.0,0.0,0.0,0.0,0.0,0.00036746713788768603,0.001254938780998541
0.0,-3.433110142934734e-07,0.0,0.0,0.03098034903193427,0.0,0.0,0.2833918380048405,-0.2833918380048405,0.006601449785749021,0.0,0.0,0.0,-0.13376053595720813,0.0,0.0,0.25236072364474266,0.003303238934847866,-8.10214271147675e-05,0.0,0.0,0.0,0.0,-1.1672578501196326e-05,0.0,0.0,-0.003192251393128624,0.0,0.0,0.0,0.0,-0.0006489862390245281,0.0006031401172713162,0.0,-6.101073108862972e-05,0.0,0.0,0.0,0.0,0.0,0.0,0.00036501983918959624,0.0012465809995039169
0.0,-3.0580727206043926e-07,0.0,0.0,0.030282276891104402,0.0,0.0,0.2850270511451528,-0.2850270511451528,0.0026567849822798167,0.0,0.0,0.00080587845825106,-0.13356463103477964,0.0,0.0,0.2541623022909351,0.003211014965146987,-7.217054091725301e-05,0.0,0.0,0.0,0.0,-1.0397450826645498e-05,0.0,0.0,-0.003112151847004084,0.0,0.0,0.0,0.0,-0.0005780901372165155,0.0,0.0,-5.434583938130756e-05,0.0,0.0,0.0,0.0,0.0,0.0,0.00032514459665744765,0.0011104028679219564
0.0,-3.573567910940176e-07,0.0,0.0,0.03162002221943542,0.0,0.0,0.2822205640784625,-0.2822205640784625,0.00875498145276122,0.0,0.0,0.0,-0.13206547088267845,-0.0018834486041618783,0.0,0.2518033319875487,0.003752291423184372,-8.433623157467563e-05,0.0,0.0,0.0,0.0,-1.2150135076688206e-05,0.0,0.0,-0.003165900931633694,0.0,0.0,0.0,0.0,-0.0006755380112673228,0.0,0.0,-6.350684416287083e-05,0.0,0.0,0.0,0.0,0.0,0.0,0.00037995378239435724,0.00129758198040418
0.0,-3.461577227283022e-07,0.0,0.0,0.035017447234216494,0.0,0.0,0.2853589466675534,-0.2853589466675534,0.002997605220529931,0.0,0.0,0.0,-0.13144540634342203,0.0,0.0,0.2504119414247051,0.0038171421840219382,-8.169325053541754e-05,0.0,0.0,0.0,0.0,-1.1769366621274386e-05,0.0,0.0,-0.0031579071644547386,0.0,0.0,0.0,0.0,-0.0006543675828317491,0.0,0.0,-6.151662736219526e-05,0.0,0.0,0.0,0.0,0.0,0.0,0.0003680465555250431,0.0012569175529444996
0.0,-3.3484229168040775e-07,0.0,0.0,0.032451527960183295,0.0,0.0,0.28455842167847956,-0.28455842167847956,0.004320863486039565,0.0,0.0,0.0,-0.13283361636508156,0.0,0.0,0.252175033055574,0.003692364932649704,-7.902280789376243e-05,0.0,0.0,0.0,0.0,-1.138464183330555e-05,0.0,0.0,-0.0030546794204847267,0.0,0.0,0.0,0.0,-0.0006329771853991841,0.0,0.0,-5.9505731433802835e-05,0.0,0.0,0.0,0.0,0.0,0.0,0.00035601560793088104,0.0012158306062453647
0.0,-1.2738921088974943e-07,0.0,0.0,0.005695708648037962,0.0,0.0,0.2837673896282437,-0.2837673896282437,0.0,0.0,0.0,0.0030109079479907703,-0.14306836456772454,0.0,0.0,0.27515383680055344,0.0,-3.0063864063763e-05,0.0,0.0,0.0,0.002675205594747317,-4.331234660141e-06,0.0,0.0,-0.0019652210857914964,0.0,0.0,0.0,0.0,-0.00024081326093711825,0.0,0.0,-2.263868202767125e-05,0.0,0.0,0.0,0.0,0.0,0.0,0.000135444501741842,0.0004625571660255878
0.0,-4.773732857819132e-07,0.0,0.0,0.020795567058622674,0.0,0.0,0.2839943148756916,-0.2839943148756916,0.0,0.0,0.0,0.0009770878613146483,-0.1318001969631179,0.0,0.0,0.26229625041383814,0.0,-0.00011266013401904319,0.0,0.0,0.0,0.0010898552684282024,-1.6230697299738054e-05,0.0,0.0,-0.0022114570040613355,0.0,0.0,0.0,0.0,-0.0009024140806783164,0.0,0.0,-8.483530080639647e-05,0.0,0.0,0.0,0.0,0.0,-0.009483410317147355,0.0005075593638267836,0.001733368412170397
0.0,-3.9413663667376e-07,0.0,0.0,0.022618442347801897,0.0,0.0,0.28351580553896555,-0.28351580553896555,0.0,0.0,0.0,0.002168936711351243,-0.1272089442125811,-0.005448870647148268,0.0,0.2615144463812269,0.0,-9.301627810351823e-05,0.0,0.0,0.0,0.0049864768815724965,-1.340065025656073e-05,0.0,0.0,-0.0025069676539353405,0.0,0.0,0.0,0.0,-0.0007450656776133126,0.0,0.0,-7.004309023340551e-05,0.0,0.0,0.0,0.0,0.0,-0.003743193296203201,0.00041905935361107125,0.0014311316037937801
0.0,-3.304767414321807e-07,0.0,0.0,0.02475951554192775,0.0,0.0,0.28359497705700987,-0.28359497705700987,0.0,0.0,0.0,0.002784339771947323,-0.12525268121588332,-0.00794881734303562,0.0,0.26007716801621866,0.0,-7.799253768241923e-05,0.0,0.0,0.0,0.006353953286178769,-1.1236213073808228e-05,0.0,0.0,-0.002826341881837619,0.0,0.0,0.0,0.0,-0.000624724662412993,0.0,0.0,-5.872991766389913e-05,0.0,0.0,0.0,0.0004828619581581435,0.0,0.0,0.00035137400779794805,0.0011999790554204689
0.0,-3.547059186312201e-07,0.0,0.0,0.026726308166509796,0.0,0.0,0.28524160098406925,-0.28524160098406925,0.0,0.0,0.0,0.0007260122377048141,-0.13222547447033112,0.0,0.0,0.2564353994642708,0.0,-8.371062545924964e-05,0.0,0.0,0.0,0.005037716283608475,-1.2060005381949624e-05,0.0,0.0,-0.0030524985063048542,0.0,0.0,0.0,0.0,-0.0006705268707034084,0.0028186091417250324,0.0,-6.303575043081906e-05,0.0,0.0,0.0,0.0,0.0,0.0,0.0003771352854635966,0.0012879565180489096
0.0,-3.4679808060685043e-07,0.0,0.0,0.025171585359338975,0.0,0.0,0.28415627086249723,-0.28415627086249723,0.0,0.0,0.0,0.0019084323010472948,-0.1279591642807596,-0.004794423319418943,0.0,0.25886893076239353,0.0,-8.184437504649952e-05,0.0,0.0,0.0,0.006363732087849775,-1.1791138796634377e-05,0.0,0.0,-0.0028645853127211747,0.0,0.0,0.0,0.0,-0.0006555780987602403,0.001317443880801375,0.0,-6.163042709684401e-05,0.0,0.0,0.0,0.0,0.0,0.0,0.0003687274056001055,0.001259242727293839
0.0,-3.2016113010727725e-07,0.0,0.0,0.024454453502533377,0.0,0.0,0.28392843828992775,-0.28392843828992775,0.0,0.0,0.0,0.002314691397736245,-0.12627605769346148,-0.007190384220905391,0.0,0.26025166884384154,0.0,-7.55580525761812e-05,0.0,0.0,0.0005528424245027295,0.005985513505878499,-1.0885482168114551e-05,0.0,0.0,-0.0028656985239038893,0.0,0.0,0.0,0.0,-0.0006052242982584509,0.0,0.0,-5.689670240905588e-05,0.0,0.0,0.0,0.0,0.0,0.0,0.00034040610222489865,0.0011625225086144887
0.0,-3.260134360029206e-07,0.0,0.0,0.024901462614350472,0.0,0.0,0.283687645505908,-0.283687645505908,0.0,0.0,0.0,0.0028868356083665996,-0.12489201314739276,-0.008149683726496361,0.0,0.2602072595739867,0.0,-7.693919724045306e-05,0.0,0.0003642604514059042,0.0,0.006128038800556689,-1.1084460637012482e-05,0.0,0.0,-0.0028021802959226085,0.0,0.0,0.0,0.0,-0.000616287345567466,0.0,0.0,-5.793673155575339e-05,0.0,0.0,0.0,0.0,0.0,0.0,0.0003466284710624156,0.0011837725502066802
0.0,-3.2073010410165713e-07,0.0,0.0,0.03308649728161154,0.0,0.0,0.28637914588014013,-0.28637914588014013,0.0,0.0,0.0,0.0006564705248694628,-0.13155992431157668,0.0,0.0,0.25268629274513066,0.0031857827708932107,-7.569233048483123e-05,0.0,0.0,0.0,0.0007322349283248489,-1.0904827290577942e-05,0.0,0.0,-0.0030786905624306396,0.0,0.0,0.0,0.0,-0.0006062998719433654,0.0,0.0,-5.699781632012271e-05,0.0,0.0,0.0,0.0,0.0,0.0,0.00034101105454884033,0.0011645884841907908
0.0,-3.3602583134141324e-07,0.0,0.0,0.02566622645739447,0.0,0.0,0.28383994554932646,-0.28383994554932646,0.0,0.0,0.0,0.0024874132424686593,-0.12568652258006843,-0.007198541664146034,0.0,0.25933808133865544,0.0006382607056493539,-7.930212334939654e-05,0.0,0.0,0.0,0.006166061708045992,-1.1424882195621909e-05,0.0,0.0,-0.0027756055035574522,0.0,0.0,0.0,0.0,-0.000635214518083989,0.0,0.0,-5.971606147561328e-05,0.0,0.0,0.0,0.0,0.0,0.0,0.0003572739871810307,0.0012201281032441283
0.0,-4.68786041493834e-07,0.0,0.0,0.019457564728653582,0.0,0.0,0.2840227351189373,-0.2840227351189373,0.0,0.0,0.0,0.0,-0.13200444913055243,0.0,0.0,0.2641564587649528,0.0,-0.00011063354367315766,0.0,0.0,0.0,0.002520540440210487,-1.5938730893510634e-05,0.0,0.0,-0.0016919203976739226,0.0,0.0,0.0,0.0,-0.0008861809767519114,0.0,0.0,-8.330923834338292e-05,0.0,0.0,0.0,0.0,0.0,-0.008826448247797604,0.0004984291163292856,0.0017021876602517666
0.0,-2.3469946173178165e-07,0.0,0.0,0.025313194342523018,0.0,0.0,0.2865508309095981,-0.2865508309095981,0.0,0.0,0.0,0.0,-0.13510899060610565,0.0,0.0,0.25871830249861644,0.0,-5.5389091933769084e-05,0.0,0.0,0.0025251393653278604,0.0002097764712421037,-7.979784443824718e-06,0.0,0.0,-0.003372205556466392,0.0,0.0,0.0,0.0,-0.00044366977646742453,0.0,0.0,-4.1709077629893246e-05,0.0,0.0,0.0,0.0,0.0,0.0,0.00024954037654610834,0.0008522065340395277
0.0,-3.222867187347831e-07,0.0,0.0,0.03158126418479834,0.0,0.0,0.2862851047737563,-0.2862851047737563,0.0,0.0,0.0,0.0,-0.13171178928026947,0.0,0.0,0.2544228545591331,0.0030340568959778655,-7.605969166403239e-05,0.0,0.0,0.0,0.0017328517404766805,-1.0957752206309722e-05,0.0,0.0,-0.002680210422412013,0.0,0.0,0.0,0.0,-0.0006092424558812621,0.0,0.0,-5.7274446526659256e-05,0.0,0.0,0.0,0.0,0.0,0.0,0.0003426660996811182,0.0011702406367417306
0.0,-1.647911834110339e-07,0.0,0.0,0.004771376175700034,0.0,0.0,0.2839376632630404,-0.2839376632630404,0.0,0.0,0.0,0.0,-0.14155386390443497,0.0,0.0,0.2779883672954538,0.0,-3.8890732601080984e-05,0.0,0.0,0.0,0.00605727135783975,-5.602902163302085e-06,0.0,0.0,-0.0005947565411322514,0.0,0.0,0.0,0.0,-0.0003115169799210291,0.0,0.0,-2.9285487963614053e-05,0.0,0.0,0.0,0.0,0.0,0.0,0.00017521153928705277,0.0005983657662388761
0.0,-3.5463822845052055e-07,0.0,0.0,0.025403294431628903,0.0,0.0,0.28519773487288486,-0.28519773487288486,0.0,0.0,0.0,0.0,-0.13235770454553217,0.0,0.0,0.25814980111215075,0.0,-8.369465057113478e-05,0.0,0.0,0.0,0.005913140181577034,-1.2057703915014163e-05,0.0,0.0,-0.002615391112383058,0.0,0.0,0.0,0.0,-0.0006703989109410875,0.002670895199980322,0.0,-6.302372102529445e-05,0.0,0.0,0.0,0.0,0.0,0.0,0.0003770633149824732,0.001287710731314433
0.0,-1.304136859441738e-07,0.0,0.0,0.0056811443626805826,0.0,0.0,0.2837639640775072,-0.2837639640775072,0.0,0.0,0.0,0.002857705206589154,-0.14298243436166377,0.0,0.0,0.2752454918876692,0.0,-3.077764042100216e-05,0.0,0.0,0.0,0.002888512152964374,-4.43406684736439e-06,0.0,0.0,-0.0018995355073368274,0.0,0.0,0.0,0.0,-0.0002465306501523576,0.0,0.0,-2.317616968914201e-05,0.0,0.0,0.0,0.0,0.0,0.0,0.0001386602255375697,0.0004735391997482113
0.0,-2.3312357962892456e-07,0.0,0.0,0.025204549046259083,0.0,0.0,0.28652769414038354,-0.28652769414038354,0.0,0.0,0.0,9.197901821865202e-05,-0.13519824493162327,0.0,0.0,0.25875940766900196,0.0,-5.501718363015446e-05,0.0,0.0,0.0025081843970306272,0.0001470485882904761,-7.926204433896737e-06,0.0,0.0,-0.003395552498164704,0.0,0.0,0.0,0.0,-0.00044069076980437285,0.0,0.0,-4.142902334907542e-05,0.0,0.0,0.0,0.0,0.0,0.0,0.0002478648455907428,0.0008464844202561328
0.0,-2.342439470993734e-07,0.0,0.0,0.02527946893530519,0.0,0.0,0.2864259792276924,-0.2864259792276924,0.0003234737090625965,0.0,0.0,0.0,-0.1352472566270307,0.0,0.0,0.25861666234398617,0.0,-5.528159044371253e-05,0.0,0.0,0.0025664489980155303,5.533422864912582e-05,-7.964296940995334e-06,0.0,0.0,-0.0034118711672980473,0.0,0.0,0.0,0.0,-0.0004428086834182672,0.0,0.0,-4.1628126889638115e-05,0.0,0.0,0.0,0.0,0.0,0.0,0.00024905605803913485,0.0008505525355888087
0.0,-2.359997606111371e-07,0.0,0.0,0.02579485365505794,0.0,0.0,0.28661754147545665,-0.28661754147545665,0.0,0.0,0.0,0.0,-0.13495743094813037,0.0,0.0,0.2582738769862304,0.0,-5.5695962574368616e-05,0.0,0.0,0.002585686232888696,5.574899533799117e-05,-8.023994620930541e-06,0.0,0.0,-0.0034374454012115387,0.0,0.0,0.0,0.0,-0.0004461278277509156,0.0,0.0,-4.1940157268938515e-05,0.0,0.0,0.0,0.0,0.0,0.0,0.0002509228981317252,0.0008569279901221895
0.0,-5.724620598357989e-07,0.0,0.0,0.02493787044311323,0.0,0.0,0.28432126281658354,-0.28432126281658354,0.0,0.0,0.0,0.0,-0.12817494810579091,0.0,0.0,0.2594728406282231,0.0,-0.00013510109237948096,0.0,0.0,0.0,0.0001352297333790461,-1.9463716729687644e-05,0.0,0.0,-0.0020661029770515415,0.0,0.0,0.0,0.0,-0.0010821674334033516,0.0,0.0,-0.00010173378463537678,0.0,0.0,0.0,0.0,0.0,-0.012544142105360064,0.0006086609526741911,0.0020786409320330034
0.0,-5.03996955298826e-07,0.0,0.0,0.022451533528593873,0.0,0.0,0.28395957956054424,-0.28395957956054424,0.0,0.0,0.0,0.0,-0.1289225011674571,-0.001420672848866879,0.0,0.261834883107841,0.0,-0.00011894332217638045,0.0,0.0,0.0,0.003140642023395823,-1.7135902374692094e-05,0.0,0.0,-0.0018190019615736614,0.0,0.0,0.0,0.0,-0.0009527427751548735,0.0,0.0,-8.95666652947504e-05,0.0,0.0,0.0,0.0,0.0,-0.008946806625935432,0.0005358665464136872,0.0018300404068780423
0.0,-5.14038308995757e-07,0.0,0.0,0.021691364052377853,0.0,0.0,0.28406261763672114,-0.28406261763672114,0.0,0.0,0.0,0.0,-0.1305250960098368,0.0,0.0,0.2621008617374862,0.0,-0.00012131308246025542,0.0,0.0,0.0,0.0018749850076211314,-1.7477308517827112e-05,0.0,0.0,-0.0018552427401726966,0.0,0.0,0.0,0.0,-0.0009717246898012695,0.0,0.0,-9.13511414829964e-05,0.0,0.0,0.0,0.0,0.0,-0.010211790957163862,0.0005465428520348241,0.0018665011092928866
0.0,-5.380203281723605e-07,0.0,0.0,0.016799819573894245,0.0,0.0,0.2806121109959404,-0.2806121109959404,0.0066376834172595335,0.0,0.0,0.0,-0.13379949329957355,0.0,0.0,0.2638963580925786,0.0,-0.00012697284092381915,0.0,0.0,0.0,0.00012709374233835536,-1.829269745031503e-05,0.0,0.0,-0.0019417975089388573,0.0,0.0,0.0,0.0,-0.0010170596769751251,0.0,0.0,-9.561305112768772e-05,0.0,0.0,0.0,0.0,0.0,-0.011789433616093938,0.000572041342962361,0.0019535811276745188
0.0,-3.9278520029772596e-07,0.0,0.0,0.030881822689061676,0.0,0.0,0.2857421381528043,-0.2857421381528043,0.0,0.0,0.0,0.0,-0.12983224731207224,0.0,0.0,0.2532002985125815,0.0,-9.269733900957036e-05,0.0,0.0,0.0,0.005256956697575537,-1.3354701403969754e-05,0.0,0.0,-0.003139012122612536,0.0,0.0,0.0,0.0,-0.0007425109573321464,0.003442780729140556,0.0,-6.980292281118839e-05,0.0,0.0,0.0,0.0,0.0,0.0,0.00041762246091576956,0.0014262244646742576
0.0,-3.4778490281850763e-07,0.0,0.0,0.03801300750649404,0.0,0.0,0.2870453833234765,-0.2870453833234765,0.0,0.0,0.0,0.0,-0.1293103839625433,0.0,0.0,0.24908671785075048,0.0038104387601735176,-8.207726516819154e-05,0.0,0.0,0.0,8.215541776671497e-05,-1.182469076337217e-05,0.0,0.0,-0.0031604281939127898,0.0,0.0,0.0,0.0,-0.0006574435618798762,0.0,0.0,-6.180579794741695e-05,0.0,0.0,0.0,0.0,0.0,0.0,0.0003697766282291818,0.001262825932515122
0.0,-4.2776172817236933e-07,0.0,0.0,0.03267317081323844,0.0,0.0,0.2833282459716112,-0.2833282459716112,0.0,0.0,0.0,0.002353975828722728,-0.11368633272436074,-0.014038806536338506,0.0,0.2553873411583451,0.0,-0.00010095180241429114,0.0,0.0,0.0,0.00947442702392334,-1.4543903760778081e-05,0.0,0.0,-0.002720845301694854,0.0,0.0,0.0,0.0,-0.0008086296786502375,0.0,0.0,-7.601869640343808e-05,0.0,0.0,0.0,0.0,0.0,0.0,0.00045481068398075684,0.0015532261432160297
0.0,-7.771966221485921e-07,0.0,0.0,0.06791744142344468,0.0,0.0,0.2838230639781582,-0.2838230639781582,0.0,0.0,0.0,0.0,-0.07183279096515181,-0.03406082448445293,0.0,0.23305747320540138,0.0,-0.00018341846562903226,0.0,0.0,0.0,0.017214005355849393,-2.6424694242810155e-05,0.0,0.0,-0.002805021271167203,0.0,0.0,0.0,0.0,-0.0014691923410287476,0.0,0.0,-0.00013811771875272617,0.0,0.0,0.0,0.0,0.0,0.0,0.0008263416384097342,0.0028220432835308496
0.0,-4.240299714269986e-07,0.0,0.0,0.01847179967608087,0.0,0.0,0.2839351190386313,-0.2839351190386313,0.0,0.0,0.0,0.001307839389323382,-0.13356994405741812,0.0,0.0,0.2642217354398651,0.0,-0.00010007110752083621,0.0,0.0,0.0,0.0014080057828783454,-1.4417023987790452e-05,0.0,0.0,-0.002184308602139146,0.0,0.0,0.0,0.0,-0.0008015752624669505,0.0,0.0,-7.535551579518248e-05,0.0,0.0,0.0,0.0,0.0,-0.007983767149698139,0.0004508429544574463,0.0015396759311346515
0.0,-3.8001362750247614e-07,0.0,0.0,0.027721878192074136,0.0,0.0,0.2851621964940395,-0.2851621964940395,0.0,0.0,0.0,0.0,-0.13003754828936528,-0.0010711871115810236,0.0,0.2563375752408373,0.0,-8.968324679787474e-05,0.0,0.0,0.0,0.0064155781067589375,-1.2920467779560426e-05,0.0,0.0,-0.0027207053684197196,0.0,0.0,0.0,0.0,-0.0007183679072995837,0.0026983563331005166,0.0,-6.753325198517825e-05,0.0,0.0,0.0,0.0,0.0,0.0,0.00040404329434718636,0.0013798501879470624
0.0,-3.745570265349577e-07,0.0,0.0,0.027710949674535794,0.0,0.0,0.28536117452720045,-0.28536117452720045,0.0,0.0,0.0,0.0,-0.13132016533268911,0.0,0.0,0.25596502598265664,0.0,-8.839548852861559e-05,0.0,0.0,0.0,0.005830747612983947,-1.2734943282846736e-05,0.0,0.0,-0.0028400097619457297,0.0,0.0,0.0,0.0,-0.0007080528903256738,0.0029763525321560708,0.0,-6.656354463403967e-05,0.0,0.0,0.0,0.0,0.0,0.0,0.0003982416523235991,0.001360036972510378
0.0,-3.3197931787864527e-07,0.0,0.0,0.025281960232676155,0.0,0.0,0.2836314628120878,-0.2836314628120878,0.0,0.0,0.0,0.0,-0.1361198290619067,0.004095706979402973,0.0,0.25448904361679425,0.0,-7.83471458452017e-05,0.0,0.0,0.0,0.003624001821470424,-1.1287300690561513e-05,0.0,0.0,-0.0030626418994209536,0.0,0.0,0.0,0.0,-0.0006275650939640887,0.003728955709656927,0.0,-5.899694459778304e-05,0.0,0.0,0.0,0.0,0.0,0.0,0.00035297159770920477,0.0012054349923711655
0.0,-3.284148269961166e-07,0.0,0.0,0.024200159417944105,0.0,0.0,0.28504299118312176,-0.28504299118312176,0.0,0.0,0.0,0.0010129327541114409,-0.13354407255897105,0.0,0.0,0.2586445152936275,0.0,-7.750592570889354e-05,0.0,0.0,0.0,0.004800609902857328,-1.1166107958866784e-05,0.0,0.0,-0.0029284647708930113,0.0,0.0,0.0,0.0,-0.0006208268728305483,0.002473398282127608,0.0,-5.8363489259481755e-05,0.0,0.0,0.0,0.0,0.0,0.0,0.00034918171088774337,0.0011924921317518823
0.0,-3.7625868704420576e-07,0.0,0.0,0.024940472049547482,0.0,0.0,0.28308839941126696,-0.28308839941126696,0.00464199197840174,0.0,0.0,0.0,-0.13369598086669401,0.0,0.0,0.256557755944768,0.0,-8.879708054630211e-05,0.0,0.0,0.0,0.005035769228012502,-1.2792799760063063e-05,0.0,0.0,-0.00300693758057787,0.0,0.0,0.0,0.0,-0.0007112696652266079,0.0032979250642479426,0.0,-6.68659513364507e-05,0.0,0.0,0.0,0.0,0.0,0.0,0.000400050915119083,0.0013662157945408928
0.0,-2.4795853586891804e-07,0.0,0.0,0.026827302361649617,0.0,0.0,0.28658484072097784,-0.28658484072097784,0.0,0.0,0.0,0.0,-0.13383127088235527,-0.0005492989476042262,0.0,0.25749154628307164,0.0,-5.8518234501542856e-05,0.0,0.0,0.002579385529512845,0.0003332234283873835,-8.430593119559794e-06,0.0,0.0,-0.003474305743598404,0.0,0.0,0.0,0.0,-0.0004687343863952952,0.0,0.0,-4.406538364101796e-05,0.0,0.0,0.0,0.0,0.0,0.0,0.00026363787096906103,0.0009003509547024747
0.0,-2.805521686984037e-07,0.0,0.0,0.026003173305549517,0.0,0.0,0.2863441287055767,-0.2863441287055767,0.0,0.0,0.0,0.0,-0.13402102436546395,0.0,0.0,0.2580878549621561,0.0,-6.621033448305477e-05,0.0,0.0,0.0022969372326874828,6.627337885567553e-05,-9.538777016963442e-06,0.0,0.0,-0.0033094928440275616,0.0,0.0,0.0,0.0,-0.0005303485447108573,0.0,0.0,-4.985768649460889e-05,0.0,0.0,0.0,0.0,0.0,-0.001553757874013907,0.0002982925197239459,0.0010187002114941939
0.0,-2.597660695372302e-07,0.0,0.0,0.028392519258963387,0.0,0.0,0.2867085036671287,-0.2867085036671287,0.0,0.0,0.0,0.0,-0.13380223202891628,0.0,0.0,0.2562298160932535,0.0007193200070732729,-6.130481340138127e-05,0.0,0.0,0.0021267572433217295,6.13631868189104e-05,-8.832049402378253e-06,0.0,0.0,-0.0034239526527187884,0.0,0.0,0.0,0.0,-0.0004910550418607877,0.0,0.0,-4.61637324602071e-05,0.0,0.0,0.0,0.0,0.0,0.0,0.0002761920386519794,0.0009432247528304266
0.0,-2.655083663003132e-07,0.0,0.0,0.0269615353240094,0.0,0.0,0.28647840571188604,-0.28647840571188604,0.0,0.0,0.0,0.0,-0.13399068421171564,0.0,0.0,0.25709049755861296,0.0,-6.265999590147951e-05,0.0,0.0,0.00217377058596477,0.0009449849082706052,-9.027287559482513e-06,0.0,0.0,-0.0034261192337628164,0.0,0.0,0.0,0.0,-0.0005019101307582568,0.0005881768323796637,0.0,-4.718421158571538e-05,0.0,0.0,0.0,0.0,0.0,0.0,0.0002822974420727031,0.000964075345268026
0.0,-3.368738920971238e-07,0.0,0.0,0.03429221367318691,0.0,0.0,0.28654394721216236,-0.28654394721216236,0.0,0.0,0.0,0.0,-0.13071219566173933,0.0,0.0,0.2520745328279622,0.0033461375395762564,-7.950226575627244e-05,0.0,0.0,0.0,0.001228767362446326,-1.1453716271234624e-05,0.0,0.0,-0.0028888980800352523,0.0,0.0,0.0,0.0,-0.0006368176701455259,0.0,0.0,-5.9866772651658595e-05,0.0,0.0,0.0,0.0,0.0,0.0,0.0003581756739542021,0.0012232074580579243
0.0,-3.0048241661507946e-07,0.0,0.0,0.030062488044181022,0.0,0.0,0.2860699563875107,-0.2860699563875107,0.0,0.0,0.0,0.0009267805738489782,-0.1328409534450488,0.0,0.0,0.25512763870236493,0.002828787831624294,-7.09138746018691e-05,0.0,0.0,0.0,0.0009977619714556666,-1.0216405679226042e-05,0.0,0.0,-0.002962271121744214,0.0,0.0,0.0,0.0,-0.0005680241685614019,0.0,0.0,-5.339954488408248e-05,0.0,0.0,0.0,0.0,0.0,0.0,0.000319483030912541,0.0010910680276548853
0.0,-3.347655017130405e-07,0.0,0.0,0.03245990177709656,0.0,0.0,0.28463550724112335,-0.28463550724112335,0.0041300807851248214,0.0,0.0,0.0,-0.13276756743934273,0.0,0.0,0.2522279131923123,0.003667794182434596,-7.900468545525869e-05,0.0,0.0,0.0,7.907991239479185e-05,-1.1382030973516961e-05,0.0,0.0,-0.0030421168986607063,0.0,0.0,0.0,0.0,-0.0006328320236361132,0.0,0.0,-5.9492084880519394e-05,0.0,0.0,0.0,0.0,0.0,0.0,0.0003559339622499306,0.0012155517776896612
0.0,-6.205964381144698e-07,0.0,0.0,0.049678979453986014,0.0,0.0,0.28355362903273124,-0.28355362903273124,0.0,0.0,0.0,0.0,-0.09264878801166525,-0.02378263803545159,0.0,0.24529374683556027,0.0,-0.00014646080954278234,0.0,0.0,0.0,0.014883874790907909,-2.1100286154121474e-05,0.0,0.0,-0.0022398272973822415,0.0,0.0,0.0,0.0,-0.0011731594139290764,0.0,0.0,-0.00011028787549471627,0.0,0.0,0.0,0.0,0.0,0.0,0.0006598390456780824,0.002253419482347245
0.0,-5.145738134783389e-07,0.0,0.0,0.03834449684518625,0.0,0.0,0.2835159937405965,-0.2835159937405965,0.0,0.0,0.0,0.0,-0.10529399395072093,-0.017584116295738115,0.0,0.2532160911652709,0.0,-0.00012143946156141657,0.0,0.0,0.0,0.013052948178509053,-1.7495515676497923e-05,0.0,0.0,-0.0018571754576107815,0.0,0.0,0.0,0.0,-0.0009727369935889785,0.0,0.0,-9.144630743638355e-05,0.0,0.0,0.0,0.0,0.0,0.0,0.0005471122184459764,0.0018684455552481364
0.0,-3.1982586702269976e-07,0.0,0.0,0.01803224114492134,0.0,0.0,0.2835193660391099,-0.2835193660391099,0.0,0.0,0.0,0.0,-0.12779634700374348,-0.006578984410536214,0.0,0.2675870139288074,0.0,-7.547893046112972e-05,0.0,0.0,0.0,0.00956292577253466,-1.0874083219317823e-05,0.0,0.0,-0.001154300384873065,0.0,0.0,0.0,0.0,-0.0006045905256170707,0.0,0.0,-5.683712189737553e-05,0.0,0.0,0.0,0.0,0.0,0.0,0.00034004963921577985,0.0011613051500863054
0.0,-4.486334953107935e-07,0.0,0.0,0.021226488907559626,0.0,0.0,0.28379769496279894,-0.28379769496279894,0.0,0.0,0.0,0.0,-0.12841404229199088,-0.0031264576857547555,0.0,0.2634827551518375,0.0,-0.00010587754114551828,0.0,0.0,0.0,0.0052781049938018425,-1.525354408759173e-05,0.0,0.0,-0.0016191867816227705,0.0,0.0,0.0,0.0,-0.000848085126023046,0.0,0.0,-7.972787472632857e-05,0.0,0.0,0.0,0.0,0.0,-0.006102166625250691,0.00047700225013295046,0.0016290126669731397
0.0,-3.6392781519334344e-07,0.0,0.0,0.027590240191578266,0.0,0.0,0.28442895225682885,-0.28442895225682885,0.0,0.0,0.0,0.0,-0.12420424470784719,-0.006779037624843198,0.0,0.25922816241093843,0.0,-8.588699379309312e-05,0.0,0.0,0.0,0.007345858298651141,-1.2373549972917161e-05,0.0,0.0,-0.0020206178441168872,0.0,0.0,0.0,0.0,-0.0006879597048315019,0.0,0.0,-6.467459867003665e-05,0.0,0.0,0.0,0.001414293589683162,0.0,0.0,0.0003869403166451824,0.0013214417269560332
0.0,-3.669726567056882e-07,0.0,0.0,0.02534912444749379,0.0,0.0,0.284717005817677,-0.284717005817677,0.0,0.0,0.0,0.0,-0.12933164208401562,-0.0025573758870244953,0.0,0.2591152206412936,0.0,-8.660557663604722e-05,0.0,0.0,0.0,0.007312243122979132,-1.247707461994804e-05,0.0,0.0,-0.0023227488483862574,0.0,0.0,0.0,0.0,-0.0006937155942706713,0.001996577002417282,0.0,-6.521570570995924e-05,0.0,0.0,0.0,0.0,0.0,0.0,0.00039017769474527386,0.0013324977123971094
0.0,-3.28764495370546e-07,0.0,0.0,0.02524383515020733,0.0,0.0,0.28473566365311703,-0.28473566365311703,0.0,0.0,0.0,0.0,-0.12689630571485014,-0.005644919757971417,0.0,0.26053246923652223,0.0,-7.75884474735141e-05,0.0,0.0,0.001117936886225883,0.006476383800390926,-1.1177996687686955e-05,0.0,0.0,-0.0023044981455498065,0.0,0.0,0.0,0.0,-0.0006214878768583212,0.0,0.0,-5.8425629774275356e-05,0.0,0.0,0.0,0.0,0.0,0.0,0.0003495534900864579,0.0011937617966724446
0.0,-3.5495439144040597e-07,0.0,0.0,0.028864123366364146,0.0,0.0,0.28488760860542023,-0.28488760860542023,0.0,0.0,0.0,0.0,-0.12272230838471018,-0.007301596426445568,0.0,0.2591586808720606,0.0,-8.376926506229555e-05,0.0,0.0012069934944521428,0.0,0.006589971541140253,-1.2068453460367975e-05,0.0,0.0,-0.0018845813401210075,0.0,0.0,0.0,0.0,-0.0006709965772587464,0.0,0.0,-6.307990720736546e-05,0.0,0.0,0.0,0.0,0.0,0.0,0.00037739947012728606,0.001288858736358048
0.0,-3.6547849687925356e-07,0.0,0.0,0.02818124103376945,0.0,0.0,0.284694012614894,-0.284694012614894,0.0,0.0,0.0,0.0,-0.12568035385739817,-0.005387602992287285,0.0,0.2584389633321894,0.0014203198374071965,-8.625295479627191e-05,0.0,0.0,0.0,0.006903718757641812,-1.2426273168374212e-05,0.0,0.0,-0.002029227614940342,0.0,0.0,0.0,0.0,-0.0006908910732798288,0.0,0.0,-6.495017451643886e-05,0.0,0.0,0.0,0.0,0.0,0.0,0.00038858905366805373,0.001327072336652353
0.0,-3.1844059717072635e-07,0.0,0.0,0.021804204528435553,0.0,0.0,0.2832538681726237,-0.2832538681726237,0.0,0.0,0.0,0.002887550163612517,-0.1262803027384897,-0.0079942637710759,0.0,0.2625779406552146,0.0,-7.515200666412622e-05,0.0,0.0,0.0,0.0071152138277055825,-1.0826984028149206e-05,0.0,0.0,-0.0025930758162815266,0.0,0.0,0.0,0.0,-0.0006019718474103245,0.0,0.0,-5.659094183642449e-05,0.0,0.0,0.0,0.0,0.0,0.0,0.00033857677362874894,0.0011562751597721018
0.0,-5.00560004743804e-07,0.0,0.0,0.02368332168533633,0.0,0.0,0.2757947712349169,-0.2757947712349169,0.013616908174753847,0.0,0.0,0.0,-0.11604334483151468,-0.017105233701871597,0.0,0.25993695881648954,0.0,-0.00011813220156766985,0.0,0.0,0.0,0.012697466584995896,-1.7019046015624244e-05,0.0,0.0,-0.0018065974822693966,0.0,0.0,0.0,0.0,-0.0009462456529492041,0.0,0.0,-8.895587549382047e-05,0.0,0.0,0.0,0.0,0.0,0.0,0.0005322122647662469,0.0018175606521374547
0.0,-3.7576470642487257e-07,0.0,0.0,0.03071538918948467,0.0,0.0,0.2847690490198285,-0.2847690490198285,0.0,0.0,0.0,0.0,-0.12312017366303682,-0.006776751824138263,0.0,0.25652082796143927,0.0,-8.8680501080223e-05,0.0,0.0,0.0,0.006470902199105389,-1.2776004413228349e-05,0.0,0.0,-0.002309115800948646,0.0,0.0,0.0,0.0,-0.000710335857073229,0.0,0.0,-6.677816470137534e-05,0.0,0.0,0.0,0.0019058472079410674,0.0,0.0,0.0003995256982785955,0.001364422123995684
0.0,-3.284284185909984e-07,0.0,0.0,0.02726251326667024,0.0,0.0,0.28512608945428974,-0.28512608945428974,0.0,0.0,0.0,0.0,-0.12676658701845298,-0.005298402049277852,0.0,0.2585624058985962,0.0,-7.750913332638393e-05,0.0,0.0,0.0014575413207869655,0.005447521661925787,-1.1166570073251726e-05,0.0,0.0,-0.0026428896277015355,0.0,0.0,0.0,0.0,-0.0006208525660290693,0.0,0.0,-5.83659046586559e-05,0.0,0.0,0.0,0.0,0.0,0.0,0.00034919616192942725,0.0011925414835734878
0.0,-3.6338525412568726e-07,0.0,0.0,0.03231448135552801,0.0,0.0,0.2853706603981211,-0.2853706603981211,0.0,0.0,0.0,0.0,-0.12117585672780094,-0.007475023656363466,0.0,0.25651718521580585,0.0,-8.57589493372842e-05,0.0,0.0016126772023113166,0.0,0.005489778798045477,-1.235510289027129e-05,0.0,0.0,-0.0021178514646999517,0.0,0.0,0.0,0.0,-0.0006869340614583523,0.0,0.0,-6.457817867178505e-05,0.0,0.0,0.0,0.0,0.0,0.0,0.00038636344743498834,0.0013194716581558733
0.0,-3.77925511266242e-07,0.0,0.0,0.03153095111758522,0.0,0.0,0.2851287195366326,-0.2851287195366326,0.0,0.0,0.0,0.0,-0.12510603744481316,-0.004898914362979074,0.0,0.2554401882596228,0.0019168066296308018,-8.919045119739166e-05,0.0,0.0,0.0,0.0058691770605999345,-1.2849471803106754e-05,0.0,0.0,-0.002322394186376177,0.0,0.0,0.0,0.0,-0.0007144205865135363,0.0,0.0,-6.716216718781788e-05,0.0,0.0,0.0,0.0,0.0,0.0,0.00040182313880010037,0.0013722681241143536
0.0,-5.944031216879285e-07,0.0,0.0,0.02647885364340112,0.0,0.0,0.2715857712220835,-0.2715857712220835,0.021103340929673475,0.0,0.0,0.0,-0.10984173102107629,-0.022778851798113283,0.0,0.25604405263045804,0.0,-0.0001402791847495477,0.0,0.0,0.0,0.014255675822773704,-2.0209713089273284e-05,0.0,0.0,-0.0021452916192217487,0.0,0.0,0.0,0.0,-0.001123644247775074,0.0,0.0,-0.0001056329902207675,0.0,0.0,0.0,0.0,0.0,0.0,0.0006319894289987724,0.0021583101231601605
0.0,-6.728789841280886e-07,0.0,0.0,0.021010814901394774,0.0,0.0,0.26248231171943426,-0.26248231171943426,0.03779054589614225,0.0,0.0,0.0,-0.10835913740683402,-0.02948907949999038,0.0,0.2563211751527775,0.0,-0.0001587994946267273,0.0,0.0,0.0,0.014903490450843566,-2.2877893330058728e-05,0.0,0.0,-0.002428522988407698,0.0,0.0,0.0,0.0,-0.001271992983174834,0.0,0.0,-0.00011957914848818646,0.0,0.0,0.0,0.0,0.0,0.0,0.0007154276104014969,0.0024432602557357542
0.0,-3.181559826841338e-07,0.0,0.0,0.02188402487669527,0.0,0.0,0.28324897377577196,-0.28324897377577196,0.0,0.0,0.0,0.002959450654563777,-0.1262543313305066,-0.008024359348548168,0.0,0.2624673903790301,0.0,-7.508483762229188e-05,0.0,0.0,0.0,0.00704678666098617,-1.081730713227633e-05,0.0,0.0,-0.0026279988446203046,0.0,0.0,0.0,0.0,-0.0006014338195652065,0.0,0.0,-5.6540362224403694e-05,0.0,0.0,0.0,0.0,0.0,0.0,0.00033827416191574915,0.001155241709062983
0.0,-3.162890410489303e-07,0.0,0.0,0.021718587130333734,0.0,0.0,0.28325286249335824,-0.28325286249335824,0.0,0.0,0.0,0.00296059564056051,-0.12642976766306596,-0.007940250220954684,0.0,0.26259322558010384,0.0,-7.464423924552422e-05,0.0,0.0,0.0,0.007005436065278991,-1.0753831094844463e-05,0.0,0.0,-0.0026218332602138874,0.0,0.0,0.0,0.0,-0.0005979046015096701,0.0,0.0,-5.6208582965011227e-05,0.0,0.0,0.0,0.0,0.0,0.0,0.0003362891666575551,0.0011484627422581545
0.0,-3.5745680962454655e-07,0.0,0.0,0.027518895942027242,0.0,0.0,0.28423453932984577,-0.28423453932984577,0.0,0.0,0.0,0.0,-0.1340557447104674,0.002926571050630321,0.0,0.25344899118173597,0.0,-8.435983595596252e-05,0.0,0.0,0.0,0.004198814540207156,-1.2153535707895963e-05,0.0,0.0,-0.0031493361700363188,0.0,0.0,0.0,0.0,-0.0006757270837038548,0.003718439935694747,0.0,-6.352461872708789e-05,0.0,0.0,0.0,0.0,0.0,0.0,0.00038006012546641036,0.00129794515313842
0.0,-6.263694555443437e-08,0.0,0.0,0.0,0.0,0.0,0.28235651747566787,-0.28235651747566787,0.0,0.0,0.0,0.0028807382578564834,-0.1480620295204142,0.0028005652126210172,0.0,0.27812125582572156,0.0,-1.4782324212272565e-05,0.0,0.0,0.0,0.0013153916726129072,-2.129656881425592e-06,0.0,0.0,-0.0016664354287989308,0.0,0.0,0.0,0.0,-0.00011840725763784296,0.0,0.0,-1.1131381407320568e-05,0.0,0.0,0.0,0.0,0.0,0.0,6.65977112346954e-05,0.00022743816231998945
0.0,-1.0849468469262625e-07,0.0,0.0,0.0,0.0,0.0,0.28274953412225806,-0.28274953412225806,0.0,0.0,0.0,0.0,-0.14581360670503454,0.0023560223748800807,0.0,0.28040333752801544,0.0,-2.560475435445536e-05,0.0,0.0,0.0,0.004773307456246792,-3.688820548456545e-06,0.0,0.0,-0.00039157388194774036,0.0,0.0,0.0,0.0,-0.00020509553856792217,0.0,0.0,-1.9280884552888434e-05,0.0,0.0,0.0,0.0,0.0,0.0,0.00011535520478691866,0.0003939501118638229
0.0,-6.420752660056632e-08,0.0,0.0,0.0,0.0,0.0,0.28235660714906563,-0.28235660714906563,0.0,0.0,0.0,0.002805474703931798,-0.14801343615947907,0.002797039475938277,0.0,0.2781626452518508,0.0,-1.5152981466071704e-05,0.0,0.0,0.0,0.0014221223758441336,-2.18305665536292e-06,0.0,0.0,-0.0016344721186272865,0.0,0.0,0.0,0.0,-0.00012137624332072313,0.0,0.0,-1.1410493622976264e-05,0.0,0.0,0.0,0.0,0.0,0.0,6.826760592791735e-05,0.00023314102767756708
0.0,-5.67145791231628e-07,0.0,0.0,0.020062943499347664,0.0,0.0,0.28168086389924113,-0.28168086389924113,0.0046433370673471495,0.0,0.0,0.0,-0.13162796619784825,0.0,0.0,0.2617065379778525,0.0,-0.00013384645255931147,0.0,0.0,0.0,0.0001339738989118333,-1.9282963534969035e-05,0.0,0.0,-0.002046915751974942,0.0,0.0,0.0,0.0,-0.0010721176970901563,0.0,0.0,-0.00010078901612897886,0.0,0.0,0.0,0.0,0.0,-0.012427648745328286,0.0006030085167481933,0.0020593372710541757
0.0,-2.2111707277866683e-07,0.0,0.0,0.0,0.0,0.0,0.2754910175126423,-0.2754910175126423,0.018248322996924488,0.0,0.0,0.0,-0.14812032917470377,0.0,0.0,0.2746073112587915,0.0,-5.218364704329871e-05,0.0,0.0,0.0,0.002553029155089244,-7.517983060565024e-06,0.0,0.0,-0.0018432878785679112,0.0,0.0,0.0,0.0,-0.0004179939805953028,0.002090485205821502,0.0,-3.929531446629347e-05,0.0,0.0,0.0,0.0,0.0,0.0,0.00023509912291584063,0.0008028881396627273
0.0,-3.9027509783367595e-07,0.0,0.0,0.02748921072139817,0.0,0.0,0.2839160967324132,-0.2839160967324132,0.003195261000347494,0.0,0.0,0.0,-0.13219781247957227,0.0,0.0,0.2547774774347018,0.0,-9.210495462522383e-05,0.0,0.0,0.0,0.00522336200014298,-1.3269357890834972e-05,0.0,0.0,-0.0031189521965825323,0.0,0.0,0.0,0.0,-0.0007377659247235582,0.003420779563147414,0.0,-6.935684569725069e-05,0.0,0.0,0.0,0.0,0.0,0.0,0.0004149536353913029,0.0014171101458548272
0.0,-3.458155625906052e-07,0.0,0.0,0.03496649614205391,0.0,0.0,0.28541998205955915,-0.28541998205955915,0.002831261811456635,0.0,0.0,0.0,-0.13140942267012407,0.0,0.0,0.2505075202382233,0.003788862060680371,-8.161250071527254e-05,0.0,0.0,0.0,8.169021077286064e-05,-1.1757733172590931e-05,0.0,0.0,-0.0031425321946062378,0.0,0.0,0.0,0.0,-0.0006537207721799992,0.0,0.0,-6.14558211565067e-05,0.0,0.0,0.0,0.0,0.0,0.0,0.0003676827593366328,0.0012556751508406275
0.0,-1.0879864875200095e-07,0.0,0.0,0.0,0.0,0.0,0.28127179325397333,-0.28127179325397333,0.004864504617490179,0.0,0.0,0.002571510679515601,-0.14651218605348149,0.0,0.0,0.2787797650688721,0.0,-2.5676489897029833e-05,0.0,0.0,0.0,0.0022847990956958004,-3.699155330030318e-06,0.0,0.0,-0.0016784262744048424,0.0,0.0,0.0,0.0,-0.0002056701443436739,0.0,0.0,-1.9334902829946286e-05,0.0,0.0,0.0,0.0,0.0,0.0,0.00011567838961773659,0.0003950538219260485
0.0,-4.707487271203466e-07,0.0,0.0,0.0,0.0,0.0,0.26013462819800803,-0.26013462819800803,0.043300446918322605,0.0,0.0,0.0,-0.12767681859960203,-0.02225276495699278,0.0,0.2716049146082453,0.0,-0.00011109673763961094,0.0,0.0,0.0,0.009885842134640811,-1.600546222776679e-05,0.0,0.0,-0.001699004029761466,0.0,0.0,0.0,0.0,-0.0008898911867658816,0.0,0.0,-8.365803252703914e-05,0.0,0.0,0.0,0.0,0.0,0.0,0.0005005159098253921,0.0017093142787060133
0.0,-7.190620514593773e-07,0.0,0.0,0.02543702436656642,0.0,0.0,0.26259300261935686,-0.26259300261935686,0.037400169424629856,0.0,0.0,0.0,-0.10385984328510027,-0.03151306327153069,0.0,0.2530248646629149,0.0,-0.00016969870224876934,0.0,0.0,0.0,0.015926391922278887,-2.444811815945987e-05,0.0,0.0,-0.0025952047296045147,0.0,0.0,0.0,0.0,-0.0013592962560850601,0.0,0.0,-0.0001277864665889355,0.0,0.0,0.0,0.0,0.0,0.0,0.0007645310038514336,0.0026109534896754643
0.0,-4.209216877506085e-07,0.0,0.0,0.024155564445045796,0.0,0.0,0.278797740955764,-0.278797740955764,0.007995152407609262,0.0,0.0,0.002316335037693795,-0.11986360601838311,-0.013814321740580572,0.0,0.2592987721348842,0.0,-9.933755232204091e-05,0.0,0.0,0.0,0.009322928047861263,-1.4311342306440037e-05,0.0,0.0,-0.002677338155965698,0.0,0.0,0.0,0.0,-0.000795699443605988,0.0,0.0,-7.480313427629155e-05,0.0,0.0,0.0,0.0,0.0,0.0,0.00044753812251068653,0.0015283895837390393
0.0,-4.127270405280372e-07,0.0,0.0,0.0,0.0,0.0,0.26410008861232614,-0.26410008861232614,0.03606727538449766,0.0,0.0,0.0,-0.1309022951235488,-0.018087859476987603,0.0,0.2732085077136174,0.0,-9.740361491533938e-05,0.0,0.0,0.0,0.009141426099501445,-1.4032724205031536e-05,0.0,0.0,-0.0014895949041395737,0.0,0.0,0.0,0.0,-0.0007802084949917872,0.0,0.0,-7.334684130214566e-05,0.0,0.0,0.0,0.0,0.0,0.0,0.00043882529744285615,0.0014986343731574103
0.0,-1.6960482393625888e-07,0.0,0.0,0.0,0.0,0.0,0.2757703587328277,-0.2757703587328277,0.01853786462027965,0.0,0.0,0.0,-0.14949210499102408,0.0,0.0,0.2757968597999956,0.001858242809856479,-4.002675215400397e-05,0.0,0.0,0.0,4.0064864957651586e-05,-5.766565997458007e-06,0.0,0.0,-0.0015412511096592732,0.0,0.0,0.0,0.0,-0.00032061656114743084,0.0,0.0,-3.0140933071445e-05,0.0,0.0,0.0,0.0,0.0,0.0,0.0001803295641021033,0.0006158443572754515
0.0,-1.1142332594266502e-07,0.0,0.0,0.0,0.0,0.0,0.2812743186807525,-0.2812743186807525,0.004853877071776547,0.0,0.0,0.0024415767131843675,-0.14643124492610027,0.0,0.0,0.2788501520681557,0.0,-2.6295913926115595e-05,0.0,0.0,0.0,0.002467897665639723,-3.788394385209994e-06,0.0,0.0,-0.0016229321519541976,0.0,0.0,0.0,0.0,-0.00021063176604441675,0.0,0.0,-1.980134132917014e-05,0.0,0.0,0.0,0.0,0.0,0.0,0.00011846903485244446,0.00040458416782085356
0.0,-1.3321546262525222e-07,0.0,0.0,0.0,0.0,0.0,0.27790386616133417,-0.27790386616133417,0.01456049512131183,0.0,0.0,0.0,-0.1487983234472495,0.0,0.0,0.27646513158999936,0.0,-3.143885994413636e-05,0.0,0.0,0.0014595497335506964,3.146879550051989e-05,-4.529327287289433e-06,0.0,0.0,-0.0019403446774082492,0.0,0.0,0.0,0.0,-0.0002518270561374139,0.0,0.0,-2.3674081018935654e-05,0.0,0.0,0.0,0.0,0.0,0.0,0.00014163916891833217,0.000483712603542649
0.0,-1.4415644464451947e-07,0.0,0.0,0.0,0.0,0.0,0.2817750323769291,-0.2817750323769291,0.004173916415387708,0.0,0.0,0.0,-0.14469842609500513,0.0,0.0,0.2807446087477035,0.0,-3.402093258477781e-05,0.0,0.0,0.0,0.005298795027251397,-4.901320803905549e-06,0.0,0.0,-0.0005202826184265178,0.0,0.0,0.0,0.0,-0.0002725096048360975,0.0,0.0,-2.561843259529502e-05,0.0,0.0,0.0,0.0,0.0,0.0,0.00015327198968718544,0.0005234399054155613
0.0,-2.1522459623842118e-07,0.0,0.0,0.0,0.0,0.0,0.2760600997519116,-0.2760600997519116,0.016921533230686472,0.0,0.0,0.0,-0.1478070289138531,0.0,0.0,0.27515050214540354,0.0,-5.079302210365469e-05,0.0,0.0,0.0,0.002880521928578146,-7.3176387892807965e-06,0.0,0.0,-0.0017200052755671604,0.0,0.0,0.0,0.0,-0.0004068549957413963,0.0018864536948058307,0.0,-3.824814648543844e-05,0.0,0.0,0.0,0.0,0.0,0.0,0.00022883404329532398,0.0007814922362711348
0.0,-3.5772756946418145e-07,0.0,0.0,0.0,0.0,0.0,0.27593893695793154,-0.27593893695793154,0.015583502221590675,0.0,0.0,0.0,-0.14481341423713864,0.0,0.0,0.27599483255173685,0.0,-8.442373529999532e-05,0.0,0.0,0.0,8.450412216811559e-05,-1.216274154561024e-05,0.0,0.0,-0.0012910934157896092,0.0,0.0,0.0,0.0,-0.0006762389210836289,0.0,0.0,-6.357273619223698e-05,0.0,0.0,0.0,0.0,0.0,-0.007838747370700665,0.000380348006451895,0.0012989282968695122
0.0,-3.11395027573236e-07,0.0,0.0,0.03060250255660905,0.0,0.0,0.28449053610528124,-0.28449053610528124,0.0,0.0,0.0,0.0,-0.13499393911225002,0.0048355517573529586,0.0,0.2503564918656457,0.0,-7.348925166979587e-05,0.0,0.0011430489068176071,0.0,0.0,-1.0587434579432577e-05,0.0,0.0,-0.003429342957765768,0.0,0.0,0.0,0.0,-0.0005886530853418516,0.003467892612543287,0.0,-5.5338854562256066e-05,0.0,0.0,0.0,0.0,0.0,0.0,0.00033108568661318174,0.0011306923126589996
0.0,-4.1725578332313594e-08,0.0,0.0,0.0,0.0,0.0,0.28214227507115125,-0.28214227507115125,0.0,0.0,0.0,0.0027952504158142333,-0.1491617496434564,0.003910173412145652,0.0,0.27756846171318234,0.0,-9.84723985809312e-06,0.0,0.0002920825602603545,0.0,0.0,-1.4186701513031125e-06,0.0,0.0,-0.0016942604708705285,0.0,0.0,0.0,0.0,-7.887695129368396e-05,0.0,0.0,-7.4151656461979565e-06,0.0,0.0,0.0,0.0,0.0,0.0,4.436404093908372e-05,0.00015150784850121628
0.0,-4.164375051240117e-08,0.0,0.0,0.0,0.0,0.0,0.28213105856746223,-0.28213105856746223,0.0,0.0,0.0,0.0027419370808716343,-0.14918810651680448,0.003966280635628203,0.0,0.2775662148916578,0.0,-9.827928485981628e-06,0.0,0.00030745361981302855,0.0,0.0,-1.4158880044690671e-06,0.0,0.0,-0.0016749940040800882,0.0,0.0,0.0,0.0,-7.872226610479823e-05,0.0,0.0,-7.400623802480766e-06,0.0,0.0,0.0,0.0,0.0,0.0,4.427703884354321e-05,0.00015121072722841476
0.0,-3.340119319692149e-08,0.0,0.0,0.0,0.0,0.0,0.2820024876223351,-0.2820024876223351,0.0,0.0,0.0,0.0,-0.14971534225632874,0.006113533552587675,0.0,0.27834116452695523,0.0,-7.882684293482308e-06,0.0,0.0009796741962434638,0.0,0.0,-1.1356409593413465e-06,0.0,0.0,-0.0006103871040400764,0.0,0.0,0.0,0.0,-6.314074949331979e-05,0.0,0.0,-5.935816595836746e-06,0.0,0.0,0.0,0.0,0.0,0.0,3.551327415047254e-05,0.00012128155248887214
0.0,-4.4328013719756644e-08,0.0,0.0,0.0,0.0,0.0,0.28174217363307175,-0.28174217363307175,0.0,0.0,0.0,0.002504141185112515,-0.14993176228797372,0.00477465161898018,0.0,0.2768830903228558,0.00046544974051908127,-1.0461414819821453e-05,0.0,0.0,0.0,0.0,-1.5071529849131433e-06,0.0,0.0,-0.001644782032300317,0.0,0.0,0.0,0.0,-8.379652766636988e-05,0.0,0.0,-7.877651494272422e-06,0.0,0.0,0.0,0.0,0.0,0.0,4.713103793910929e-05,0.00016095743319659666
0.0,-4.438677213938099e-08,0.0,0.0,0.0,0.0,0.0,0.2817077757718005,-0.2817077757718005,0.0,0.0,0.0,0.002430987231803688,-0.1500030469023196,0.004882944976006702,0.0,0.2768422515671665,0.0004915578063269605,-1.0475281811600816e-05,0.0,0.0,0.0,0.0,-1.5091507718675844e-06,0.0,0.0,-0.0016214711566574615,0.0,0.0,0.0,0.0,-8.390760305916351e-05,0.0,0.0,-7.88809361232177e-06,0.0,0.0,0.0,0.0,0.0,0.0,4.71935118708777e-05,0.0001611707882199283
0.0,-1.68507747412792e-07,0.0,0.0,0.0,0.0,0.0,0.27577781500697923,-0.27577781500697923,0.018457759493489094,0.0,0.0,0.0,-0.14955012312200008,7.961141655910488e-05,0.0,0.2757643389456334,0.0018661257549259752,-3.9767842005815685e-05,0.0,0.0,0.0,0.0,-5.729265382829197e-06,0.0,0.0,-0.0015412330655199585,0.0,0.0,0.0,0.0,-0.0003185426761357538,0.0,0.0,-2.9945968628213742e-05,0.0,0.0,0.0,0.0,0.0,0.0,0.00017916311537339387,0.0006118608126403628
0.0,-4.27917054331753e-08,0.0,0.0,0.0,0.0,0.0,0.28095894150721673,-0.28095894150721673,0.0,0.0,0.0,0.0,-0.15164347712854817,0.007832310821826489,0.0,0.27626826298955176,0.0012551027557302032,-1.0098845940045695e-05,0.0,0.0,0.0,0.0,-1.4549184852013756e-06,0.0,0.0,-0.000781993176180881,0.0,0.0,0.0,0.0,-8.089233031941747e-05,0.0,0.0,-7.604629983632151e-06,0.0,0.0,0.0,0.0,0.0,0.0,4.549758319875485e-05,0.00015537901409642878
0.0,-3.04344424455833e-07,0.0,0.0,0.03092952129799416,0.0,0.0,0.2847540799146405,-0.2847540799146405,0.0,0.0,0.0,0.0,-0.13521725490641853,0.0037547687950904075,0.0,0.25139289836520623,0.0027686080858644714,-7.182530876435943e-05,0.0,0.0,0.0,0.0,-1.0347713990980049e-05,0.0,0.0,-0.0030845597705269523,0.0,0.0,0.0,0.0,-0.0005753248080378603,0.0012036604652824441,0.0,-5.4085872767617774e-05,0.0,0.0,0.0,0.0,0.0,0.0,0.0003235892477896254,0.0011050911885608244
0.0,-2.9707371477883745e-07,0.0,0.0,0.03136552835212362,0.0,0.0,0.2857840806926089,-0.2857840806926089,0.0,0.0,0.0,0.0005874526638581013,-0.133553490055203,0.001315257683136885,0.0,0.25321988915198185,0.0032899194177836194,-7.010942069307325e-05,0.0,0.0,0.0,0.0,-1.01005097769271e-05,0.0,0.0,-0.003010870434463245,0.0,0.0,0.0,0.0,-0.0005615804470011969,0.0,0.0,-5.279377523955106e-05,0.0,0.0,0.0,0.0,0.0,0.0,0.0003158587842548246,0.0010786908455514266
0.0,-3.3285713402066116e-07,0.0,0.0,0.032510747850119884,0.0,0.0,0.28466412239648753,-0.28466412239648753,0.0039492785864986245,0.0,0.0,0.0,-0.13285597418461254,0.00015725821725142244,0.0,0.2521267549800489,0.003686200071176365,-7.855431052565007e-05,0.0,0.0,0.0,0.0,-1.1317146449656616e-05,0.0,0.0,-0.0030444322526615585,0.0,0.0,0.0,0.0,-0.0006292244948363105,0.0,0.0,-5.915294368419746e-05,0.0,0.0,0.0,0.0,0.0,0.0,0.0003539049214117842,0.0012086223906139712
0.0,-3.0670486560679607e-07,0.0,0.0,0.03260294569641758,0.0,0.0,0.2857863434507387,-0.2857863434507387,0.0,0.0,0.0,0.0,-0.13325186497385527,0.0017989878270757967,0.0,0.2521664185189841,0.0035619873616510762,-7.238237306672394e-05,0.0,0.0,0.0,0.0,-1.0427969017719498e-05,0.0,0.0,-0.002887938368283351,0.0,0.0,0.0,0.0,-0.0005797869247810554,0.0,0.0,-5.450535316386523e-05,0.0,0.0,0.0,0.0,0.0,0.0,0.0003260989483627754,0.001113662078997571
0.0,-3.2515993238985734e-07,0.0,0.0,0.034932757337763014,0.0,0.0,0.28617622920473684,-0.28617622920473684,0.0,0.0,0.0,0.0,-0.13185460199833782,0.0012938618230815355,0.0,0.25053332378120063,0.0037149820335185694,-7.673777031880212e-05,0.0,0.0,0.0,0.0,-1.105544150418612e-05,0.0,0.0,-0.0030310428579437654,0.0,0.0,0.0,0.0,-0.0006146739044695284,0.0,0.0,-5.7785053114772e-05,0.0,0.0,0.0,0.0,0.0,0.0,0.0003457209972598951,0.001180673432081262
0.0,-3.121217822179657e-07,0.0,0.0,0.030546622886011742,0.0,0.0,0.28430582025346607,-0.28430582025346607,0.0,0.0,0.0,0.0,-0.13552116678703333,0.004592233597231422,0.0,0.25009211168717804,0.0,-7.366076582467804e-05,0.0,0.0,0.0,0.0,-1.0612144245853197e-05,0.0,0.0,-0.003564648436761636,0.0,0.0,0.0,0.0,-0.0005900269234767783,0.0028394769738594207,0.0,-5.546800810045019e-05,0.0,0.0,0.0,0.002036829566546777,0.0,0.0,0.0003318583966414209,0.0011333311983739997
0.0,-4.356756944869629e-08,0.0,0.0,0.0,0.0,0.0,0.2819410192444437,-0.2819410192444437,0.0,0.0,0.0,0.002689915291333205,-0.1495326510443989,0.004235277792847089,0.0,0.2771652932010166,0.0,-1.028194991040293e-05,0.0,0.0,0.0,0.0,-1.4812978708032617e-06,0.0,0.0,-0.0017309321455057699,0.0,0.0,0.0,0.0,-8.235900353543322e-05,0.0,0.0,-7.742510881248303e-06,0.0,0.0,0.0,0.0004574649796660022,0.0,0.0,4.632250796489233e-05,0.00015819621861268266
0.0,-4.358338146248069e-08,0.0,0.0,0.0,0.0,0.0,0.281918195771015,-0.281918195771015,0.0,0.0,0.0,0.002628317264877624,-0.14958066362436798,0.0043119040412444975,0.0,0.2771407364694103,0.0,-1.028568154693375e-05,0.0,0.0,0.0,0.0,-1.4818354794568616e-06,0.0,0.0,-0.001712788070244979,0.0,0.0,0.0,0.0,-8.238889415627e-05,0.0,0.0,-7.745320877085327e-06,0.0,0.0,0.0,0.0004826607196561713,0.0,0.0,4.633931983077646e-05,0.0001582536328963114
0.0,-4.006614316607733e-08,0.0,0.0,0.0,0.0,0.0,0.2813961310686672,-0.2813961310686672,0.0,0.0,0.0,0.0,-0.15079844679608365,0.0068633776816273495,0.0,0.27700421924528135,0.0,-9.455613024769441e-06,0.0,0.0,0.0,0.0,-1.3622493362430384e-06,0.0,0.0,-0.0008497011945098143,0.0,0.0,0.0,0.0,-7.573999808623428e-05,0.0,0.0,-7.120262923969215e-06,0.0,0.0,0.0,0.0014101927331058378,0.0,0.0,4.2599673551187084e-05,0.00014548234899198578
0.0,-2.949973789822566e-07,0.0,0.0,0.028190559579283018,0.0,0.0,0.2837612542293398,-0.2837612542293398,0.0,0.0,0.0,0.0,-0.13717704918859935,0.005428504373061705,0.0,0.25142466342623626,0.0,-6.961940527730027e-05,0.0,0.0,0.0,0.0,-1.002991433555942e-05,0.0,0.0,-0.003437089642597406,0.0,0.0,0.0,0.0,-0.0005576553956527916,0.002955745845815,0.0,-5.2424783976059e-05,0.0,0.0,0.0,0.0017890522779017365,0.0,0.0,0.0003136511540681518,0.001071151557137001
0.001661396057271374,-3.0206036051470675e-07,0.0,0.0,0.026424984473394014,0.0,0.0,0.2822468387500388,-0.2822468387500388,0.0,0.0,0.0,0.0,-0.1389152637335501,0.007469646358552171,0.0,0.25079742443502717,0.0,-7.12862694896881e-05,0.0,0.0,0.0,0.0,-1.0270055790268325e-05,0.0,0.0,-0.003431155851690004,0.0,0.0,0.0,0.0,-0.0005710070727916036,0.004681947784458616,0.0,-5.367996557239401e-05,0.0,0.0,0.0,0.0,0.0,0.0,0.00032116075403971047,0.0010967976279346976
0.002794122535624177,-3.330200381103248e-07,0.0,0.0,0.030108221438911845,0.0,0.0,0.28305838587258036,-0.28305838587258036,0.0,0.0,0.0,0.0,-0.13569525044298614,0.005520624805470868,0.0,0.24934800542326366,0.0,-7.859275590397427e-05,0.0,0.0,0.0,0.0,-1.1322685190610436e-05,0.0,0.0,-0.003492863034658593,0.0,0.0,0.0,0.0,-0.0006295324445031457,0.0045818857437070785,0.0,-5.918189381161519e-05,0.0,0.0,0.0,0.0,0.0,0.0,0.00035407812652940834,0.0012092139042399878
0.0009706571890755227,-4.6221215148315535e-08,0.0,0.0,0.0,0.0,0.0,0.2821271902814845,-0.2821271902814845,0.0,0.0,0.0,0.003096418935977017,-0.14856992786453524,0.0030372574372780794,0.0,0.27803123797785945,0.0,-1.0908210509942932e-05,0.0,0.0,0.0,0.0,-1.5715218556262166e-06,0.0,0.0,-0.0017150288904813572,0.0,0.0,0.0,0.0,-8.73753865543227e-05,0.0,0.0,-8.214097452734092e-06,0.0,0.0,0.0,0.0,0.0,0.0,4.914395349449355e-05,0.00016783175074196313
0.004362065933310231,-4.957369417128021e-08,0.0,0.0,0.0,0.0,0.0,0.2818670140365881,-0.2818670140365881,0.0,0.0,0.0,0.0,-0.14732377995184343,0.0032575532865573536,0.0,0.28079498333980146,0.0,-1.1699395830262215e-05,0.0,0.0,0.0,0.0,-1.6855061816161712e-06,0.0,0.0,-0.00017891903114086442,0.0,0.0,0.0,0.0,-9.371282596622169e-05,0.0,0.0,-8.80987558869429e-06,0.0,0.0,0.0,0.0,0.0,0.0,5.270842216255378e-05,0.00018000478474689826
0.0010275650848845137,-4.639362521975171e-08,0.0,0.0,0.0,0.0,0.0,0.2821138100322238,-0.2821138100322238,0.0,0.0,0.0,0.0030546816686988125,-0.1485645935426607,0.003048586732062971,0.0,0.27805586662961124,0.0,-1.0948899300733595e-05,0.0,0.0,0.0,0.0,-1.5773838000714807e-06,0.0,0.0,-0.0016947825111135162,0.0,0.0,0.0,0.0,-8.770130608260111e-05,0.0,0.0,-8.244736913943955e-06,0.0,0.0,0.0,0.0,0.0,0.0,4.932726569226796e-05,0.00016845778110576533
0.0006756573568665667,-3.888552038065718e-07,0.0,0.0,0.01806179180017108,0.0,0.0,0.28385857462586234,-0.28385857462586234,0.0,0.0,0.0,0.0020382165134704535,-0.13447880253969327,0.0,0.0,0.264380471878732,0.0,-9.176985952009162e-05,0.0,0.0,0.0,0.0,-1.322108147730696e-05,0.0,0.0,-0.002422546057411813,0.0,0.0,0.0,0.0,-0.000735081793873984,0.0,0.0,-6.910451248026875e-05,0.0,0.0,0.0,0.0,0.0,-0.007490400109885947,0.0004134439562145178,0.001411954433274094
0.003440417214938177,-2.8097697425132897e-07,0.0,0.0,0.02584388073974331,0.0,0.0,0.2846545579383826,-0.2846545579383826,0.0,0.0,0.0,0.0022108149634908997,-0.1341145506438526,0.0,0.0,0.2572952525496638,0.0,-6.631058862787188e-05,0.0,0.0,0.0,0.0,-9.553220410731245e-06,0.0,0.0,-0.0033495813770142366,0.0,0.0,0.0,0.0,-0.000531151586112477,0.002460170191658376,0.0,-4.993317984109478e-05,0.0,0.0,0.0,0.0,0.0,0.0,0.00029874418730278763,0.0010202427036040092
0.00048757324459473817,-2.806087900482388e-07,0.0,0.0,0.029249740693309084,0.0,0.0,0.2859195190379147,-0.2859195190379147,0.0,0.0,0.0,0.001470834038229265,-0.13352931969083445,0.0,0.0,0.25564772875579256,0.0027026411003847907,-6.62236971261912e-05,0.0,0.0,0.0,0.0,-9.540702143520057e-06,0.0,0.0,-0.0030994975357435694,0.0,0.0,0.0,0.0,-0.0005304555802423378,0.0,0.0,-4.986774882819226e-05,0.0,0.0,0.0,0.0,0.0,0.0,0.0002983527214511001,0.0010189058067006746
0.00532228151362487,-2.5343892951069173e-07,0.0,0.0,0.024790337669131118,0.0,0.0,0.282645035784081,-0.282645035784081,0.0,0.0,0.0,0.0045830325807914235,-0.12670278077517394,-0.008136528999624595,0.0,0.26018621976579603,0.0,-5.981160784384883e-05,0.0,0.0,0.0,0.0,-8.616926567476431e-06,0.0,0.0,-0.0032062160818770733,0.0,0.0,0.0,0.0,-0.00047909438042364956,0.0,0.0,-4.5039319252801936e-05,0.0,0.0,0.0,0.0,0.0,0.0,0.0002694648101656749,0.0009202505626358141
0.0021630833035743593,-1.0300272834064443e-07,0.0,0.0,0.006768446084956663,0.0,0.0,0.28352206573717226,-0.28352206573717226,0.0,0.0,0.0,0.0035160628428634617,-0.14325968871434472,0.0,0.0,0.27439434676499147,0.0,-2.430865221160594e-05,0.0,0.0,0.0,0.0,-3.5020939682575997e-06,0.0,0.0,-0.0021297839943971407,0.0,0.0,0.0,0.0,-0.000194713686692023,0.0,0.0,-1.8304894100526113e-05,0.0,0.0,0.0,0.0,0.0,0.0,0.00010951597172717469,0.00037400851909967975
0.0008584123633345988,-4.699971894339779e-07,0.0,0.0,0.021332658328375113,0.0,0.0,0.283898260534256,-0.283898260534256,0.0,0.0,0.0,0.0011765935547443983,-0.1318024257919022,0.0,0.0,0.2618916527622024,0.0,-0.00011091937468489936,0.0,0.0,0.0,0.0,-1.5979909937640594e-05,0.0,0.0,-0.0022845883928793156,0.0,0.0,0.0,0.0,-0.0008884704994116894,0.0,0.0,-8.35244747273269e-05,0.0,0.0,0.0,0.0,0.0,-0.00955148122805035,0.0004997168496321508,0.0017065854044164238
0.004073824633963729,-3.155220720185745e-07,0.0,0.0,0.02947724628683282,0.0,0.0,0.28482823782013084,-0.28482823782013084,0.0,0.0,0.0,0.001664266880892852,-0.13225053888257948,0.0,0.0,0.25431562589858303,0.0,-7.446323449238473e-05,0.0,0.0,0.0,0.0,-1.0727754138842225e-05,0.0,0.0,-0.0034282127496873594,0.0,0.0,0.0,0.0,-0.0005964547431429548,0.0029146239552762937,0.0,-5.607228281932366e-05,0.0,0.0,0.0,0.0,0.0,0.0,0.00033547369933938575,0.0011456778359177125
0.0005753814766267377,-3.150323648839728e-07,0.0,0.0,0.03350563644788481,0.0,0.0,0.28632623602682283,-0.28632623602682283,0.0,0.0,0.0,0.0007886537587698415,-0.131560262254338,0.0,0.0,0.25236886094767097,0.003201110333278134,-7.434766356904757e-05,0.0,0.0,0.0,0.0,-1.0711104090538363e-05,0.0,0.0,-0.0031318819498098566,0.0,0.0,0.0,0.0,-0.0005955290134742965,0.0,0.0,-5.5985255636805635e-05,0.0,0.0,0.0,0.0,0.0,0.0,0.0003349530262118714,0.0011438996826284209
0.006191430536540672,-2.795374347685985e-07,0.0,0.0,0.02783690564251581,0.0,0.0,0.28247003531976395,-0.28247003531976395,0.0,0.0,0.0,0.004487047366711622,-0.12383836711466105,-0.009468129529118815,0.0,0.2580195405841309,0.0,-6.59708571936244e-05,0.0,0.0,0.0,0.0,-9.504276051482174e-06,0.0,0.0,-0.003252416965014361,0.0,0.0,0.0,0.0,-0.000528430318003013,0.0,0.0,-4.9677355376933385e-05,0.0,0.0,0.0,0.0,0.0,0.0,0.0002972136204155739,0.0010150156573034397
0.0015424882438352155,-3.24830208020881e-07,0.0,0.0,0.024811085641792973,0.0,0.0,0.28302097248536534,-0.28302097248536534,0.0,0.0,0.0,0.003330031185993921,-0.12412116095124134,-0.009118186022297746,0.0,0.26026094811093076,0.0,-7.665995534108007e-05,0.0,0.0,0.0,0.005652124781057803,-1.1044230871784609e-05,0.0,0.0,-0.002837377408591721,0.0,0.0,0.0,0.0,-0.0006140506020724961,0.0,0.0,-5.772645690325695e-05,0.0,0.0,0.0,0.0,0.0,0.0,0.0003453704231998454,0.0011794761849312245
0.0,-1.8975474210186038e-07,0.0,0.0,0.0,0.0,0.0,0.27501840119081505,-0.27501840119081505,0.02051137493916596,0.0,0.0,0.0,-0.14907289991970832,0.0,0.0,0.27472951861764094,0.0,-4.4782134469315395e-05,0.0,0.0007824707369698819,0.0,0.0,-6.45166345075325e-06,0.0,0.0,-0.0018948318477154727,0.0,0.0,0.0,0.0,-0.00035870744394027673,0.0016374852867290543,0.0,-3.372182965639555e-05,0.0,0.0,0.0,0.0,0.0,0.0,0.00020175363610173912,0.0006890098080795598
0.0,-1.023667440363995e-07,0.0,0.0,0.0,0.0,0.0,0.27969179877847283,-0.27969179877847283,0.009592958008422999,0.0,0.0,0.0020612014706855634,-0.14770366867190932,0.0,0.0,0.27806366890750084,0.0,-2.415855986441294e-05,0.0,0.000716575824199249,0.0,0.0,-3.4804704944750727e-06,0.0,0.0,-0.0017583458559521604,0.0,0.0,0.0,0.0,-0.00019351143845498353,0.0,0.0,-1.8191871605623843e-05,0.0,0.0,0.0,0.0,0.0,0.0,0.00010883977178369096,0.0003716992254369465
0.0,-2.6678796248851915e-07,0.0,0.0,0.0,0.0,0.0,0.2669488385396175,-0.2669488385396175,0.035744940771869016,0.0,0.0,0.0,-0.14052357289695003,-0.010743796646438344,0.0,0.2734494070260504,0.0,-6.296198070529485e-05,0.0,0.0018675381922733764,0.0,0.0,-9.070793844847122e-06,0.0,0.0,-0.001896647585755983,0.0,0.0,0.0,0.0,-0.0005043290462112403,0.0,0.0,-4.741161209339013e-05,0.0,0.0,0.0,0.0,0.0,0.0,0.00028365795185945664,0.0009687216287510592
0.0,-3.550453197631439e-07,0.0,0.0,0.0,0.0,0.0,0.2759163807425804,-0.2759163807425804,0.015701494179835306,0.0,0.0,0.0,-0.14488501287699196,0.0,0.0,0.27598863133156903,0.0,-8.379072415380923e-05,0.0,3.354820331172322e-05,0.0,0.0,-1.2071545024404523e-05,0.0,0.0,-0.0012981868687504312,0.0,0.0,0.0,0.0,-0.0006711684658021885,0.0,0.0,-6.309606632611183e-05,0.0,0.0,0.0,0.0,0.0,-0.007763198157517717,0.0003774961481840967,0.0012891889020524845
0.0,-2.417939573680504e-07,0.0,0.0,0.0,0.0,0.0,0.26897137488246226,-0.26897137488246226,0.031840735259458505,0.0,0.0,0.0,-0.14184646895935515,-0.008811524894863207,0.0,0.2743074941177086,0.0,-5.7063393477204634e-05,0.0,0.0017851520702869025,0.0,0.0,-8.22099737843203e-06,0.0,0.0,-0.0017652473442158743,0.0,0.0,0.0,0.0,-0.00045708102705090315,0.0,0.0,-4.296985968305465e-05,0.0,0.0,0.0,0.0,0.0,0.0,0.0002570834833747999,0.0008779670342653551
0.0,-1.330212313933955e-07,0.0,0.0,0.0,0.0,0.0,0.27788832000839586,-0.27788832000839586,0.014608395991164876,0.0,0.0,0.0,-0.1488107593100239,0.0,0.0,0.2764611100193898,0.0,-3.1393021357723176e-05,0.0,1.256916530694869e-05,0.0014542793848864926,0.0,-4.52272342313466e-06,0.0,0.0,-0.0019406579012266612,0.0,0.0,0.0,0.0,-0.00025145988645332084,0.0,0.0,-2.363956366014887e-05,0.0,0.0,0.0,0.0,0.0,0.0,0.00014143265572747567,0.0004830073393563511
0.0,-1.6919065143947547e-07,0.0,0.0,0.0,0.0,0.0,0.2757603842050847,-0.2757603842050847,0.01858052288601594,0.0,0.0,0.0,-0.14950473586593568,0.0,0.0,0.2757948139624633,0.001849708305407867,-3.992900741129556e-05,0.0,1.598681085761388e-05,0.0,0.0,-5.752484127723388e-06,0.0,0.0,-0.0015434824510873178,0.0,0.0,0.0,0.0,-0.000319833620199416,0.0,0.0,-3.006732935419299e-05,0.0,0.0,0.0,0.0,0.0,0.0,0.00017988920194686117,0.0006143404743718697
0.0,-1.0434193261464452e-07,0.0,0.0,0.0,0.0,0.0,0.2795755935839028,-0.2795755935839028,0.009937850979350345,0.0,0.0,0.0019012293500217275,-0.14771728606058465,0.0,0.0,0.2780758433540312,0.0,-2.4624704528485376e-05,0.0,0.0007703510007127314,0.0,0.0,-3.547626929236361e-06,0.0,0.0,-0.001712376141026271,0.0,0.0,0.0,0.0,-0.00019724528372469473,0.0,0.0,-1.854288772272874e-05,0.0,0.0,0.0,0.0,0.0,0.0,0.00011093985883940017,0.00037887124279020447
0.0,-1.8139765221709505e-07,0.0,0.0,0.0,0.0,0.0,0.275446943640663,-0.275446943640663,0.019637787023658832,0.0,0.0,0.0,-0.14891182832583913,0.0,0.0,0.27520054839590685,0.0,-4.2809860581209765e-05,0.0,0.0008670675128219116,0.0,0.0,-6.167522296930293e-06,0.0,0.0,-0.0017964982984751262,0.0,0.0,0.0,0.0,-0.000342909417929764,0.001416545439093764,0.0,-3.223666855635851e-05,0.0,0.0,0.0,0.0,0.0,0.0,0.00019286809652151936,0.000658664759340199
0.0,-1.1962561349537035e-07,0.0,0.0,0.0,0.0,0.0,0.27867641710523533,-0.27867641710523533,0.013137288794585405,0.0,0.0,0.0,-0.14755729848145555,0.0,0.0,0.27870076053564286,0.0,-2.8231654451346138e-05,0.0,0.0013191327120010193,0.0,0.0,-4.067272257932408e-06,0.0,0.0,-0.0010913134594597242,0.0,0.0,0.0,0.0,-0.0002261371577405815,0.0,0.0,-2.1258992087097578e-05,0.0,0.0,0.0,0.0,0.0,0.0,0.0001271899833767349,0.0004343671208575115
0.0,-1.833914958679835e-07,0.0,0.0,0.0,0.0,0.0,0.2746487523133221,-0.2746487523133221,0.020719998902081656,0.0,0.0,0.0,-0.14890972119427154,-0.0009665646925311637,0.0,0.2752660107127204,0.001925633859996642,-4.32804078439335e-05,0.0,0.0,0.0,0.0,-6.235313004379641e-06,0.0,0.0,-0.0016247048386703103,0.0,0.0,0.0,0.0,-0.00034667852826505583,0.0,0.0,-3.2590999916997995e-05,0.0,0.0,0.0,0.0,0.0,0.0,0.0001949880182790962,0.0006659045142787177
0.0,-1.779357059895119e-07,0.0,0.0,0.0,0.0,0.0,0.27533520640454273,-0.27533520640454273,0.01947838439947019,0.0,0.0,0.0,-0.14961164846044778,0.0,0.0,0.2753088950887664,0.0017120457178858772,-4.199284099175494e-05,0.0,0.0,0.0,0.0,-6.049816084703029e-06,0.0,0.0,-0.001654521648544566,0.0,0.0,0.0,0.0,-0.0003363650445528477,0.00031260331917439704,0.0,-3.162143670669284e-05,0.0,0.0,0.0,0.0,0.0,0.0,0.0001891872386327154,0.0006460942439505578
0.0,-1.6023701886038255e-07,0.0,0.0,0.0,0.0,0.0,0.27628714839733526,-0.27628714839733526,0.017259423044739198,0.0,0.0,0.00042226452250105343,-0.1493218485656261,0.0,0.0,0.2759819445010702,0.0016825089281380424,-3.781594939912454e-05,0.0,0.0,0.0,0.0,-5.448060515316386e-06,0.0,0.0,-0.0016307065912618624,0.0,0.0,0.0,0.0,-0.0003029079053484915,0.0,0.0,-2.847615503468087e-05,0.0,0.0,0.0,0.0,0.0,0.0,0.00017036939807191348,0.0005818293466045113
0.0,-1.696653227386262e-07,0.0,0.0,0.0,0.0,0.0,0.2757324581268954,-0.2757324581268954,0.01863265130364521,0.0,0.0,0.0,-0.1495233859602693,0.0,0.0,0.2757669844783679,0.0018709294002943104,-4.0041029876251306e-05,0.0,0.0,0.0,0.0,-5.768622957446064e-06,0.0,0.0,-0.0015478127542928473,0.0,0.0,0.0,0.0,-0.0003207309265146319,0.0,0.0,-3.0151684477629896e-05,0.0,0.0,0.0,0.0,0.0,0.0,0.00018039388846745092,0.0006160640317233542
0.0,-9.57118526855697e-07,0.0,0.0,0.02438958337234572,0.0,0.0,0.21318637260031248,-0.21318637260031248,0.1440470921641747,0.0,0.0,0.0,-0.03714382553474111,-0.10554314591552243,0.0,0.25231744734162215,0.0,-0.00022588004967863544,0.0,0.0,0.0,0.0,-3.2542041107141075e-05,0.0,0.0,-0.003454386895604846,0.0,0.0,0.0,0.0,-0.0018093120441332261,0.0,0.0,-0.00017009212821823664,0.0,0.0,0.0,0.0,0.0,0.0,0.00101764067044933,0.003475349523250567
0.0,-5.527085725391115e-07,0.0,0.0,0.0,0.0,0.0,0.23578332655466078,-0.23578332655466078,0.09726736228256048,0.0,0.0,0.0,-0.09187093068983092,-0.060948147887069946,0.0,0.2724646897167351,0.0,-0.00013043926778126712,0.0,0.0,0.0,0.0,-1.8792097930571962e-05,0.0,0.0,-0.001994809625449267,0.0,0.0,0.0,0.0,-0.0010448259532452543,0.0,0.0,-9.822333885489087e-05,0.0,0.0,0.0,0.0,0.0,0.0,0.0005876583793331945,0.0020069149433149633
0.0,-5.203523847949075e-07,0.0,0.0,0.016916465580705798,0.0,0.0,0.27933321980864184,-0.27933321980864184,0.010005738225986296,0.0,0.0,0.0,-0.1351490644679015,0.0,0.0,0.26233980982919836,0.0,-0.00012280320485906862,0.0,0.0,0.0,0.0,-1.769198716884495e-05,0.0,0.0,-0.0023351173229365493,0.0,0.0,0.0,0.0,-0.0009836606549617217,0.0009141722383521443,0.0,-9.247323301113446e-05,0.0,0.0,0.0,0.0,0.0,-0.010013359232489697,0.0005532561901943352,0.0018894278625659993
0.0,-4.5692971023003933e-07,0.0,0.0,0.016460116025461023,0.0,0.0,0.28194582548504177,-0.28194582548504177,0.003969702825957359,0.0,0.0,0.0012041237866198006,-0.13479842392491004,0.0,0.0,0.2646153941674386,0.0,-0.00010783544853684226,0.0,0.0,0.0,0.0,-1.5535615491875057e-05,0.0,0.0,-0.0022511909812364802,0.0,0.0,0.0,0.0,-0.000863768075577289,0.0,0.0,-8.120221757120713e-05,0.0,0.0,0.0,0.0,0.0,-0.00959563929061148,0.00048582306539848337,0.0016591366753956956
0.0,-5.824753807673722e-07,0.0,0.0,0.014842813573189255,0.0,0.0,0.276524783411498,-0.276524783411498,0.01427022315623693,0.0,0.0,0.0,-0.13269385681632992,-0.003069935902173293,0.0,0.26364246325988056,0.0,-0.00013746423692846628,0.0,0.0,0.0,0.0,-1.9804169758472638e-05,0.0,0.0,-0.0021022425811203773,0.0,0.0,0.0,0.0,-0.0011010963556370328,0.0,0.0,-0.00010351327904489239,0.0,0.0,0.0,0.0,0.0,-0.01223213007245996,0.0006193074529145598,0.0021149998459493624
0.0,-5.704319800783369e-07,0.0,0.0,0.019963593078331447,0.0,0.0,0.2815342930510547,-0.2815342930510547,0.004939742115134509,0.0,0.0,0.0,-0.1316899516229636,0.0,0.0,0.26168678105940285,0.0,-0.00013462199339267777,0.0,0.0,0.0,0.0,-1.9394693994190993e-05,0.0,0.0,-0.0020587761092557134,0.0,0.0,0.0,0.0,-0.0010783298232718316,0.0,0.0,-0.00010137301365799968,0.0,0.0,0.0,0.0,0.0,-0.012580507851221508,0.0006065025034670317,0.0020712696018170542
0.0,-3.4517709260559045e-07,0.0,0.0,0.0,0.0,0.0,0.27506905726703734,-0.27506905726703734,0.01785891312901711,0.0,0.0,0.0,-0.14575938419662043,0.0,0.0,0.27501801600226244,0.0,-8.146182174721701e-05,0.0,0.0,0.0,0.0,-1.1736025185633158e-05,0.0,0.0,-0.0015490060812191286,0.0,0.0,0.0,0.0,-0.0006525138250764886,0.0006064185052202843,0.0,-6.134235692453597e-05,0.0,0.0,0.0,0.0,0.0,-0.0066423875974901975,0.0003670039165335928,0.0012533568315355771
0.0,-3.058834151306142e-07,0.0,0.0,0.0,0.0,0.0,0.27689502602927996,-0.27689502602927996,0.013676376521074878,0.0,0.0,0.000806079114238034,-0.14533304202853062,0.0,0.0,0.2763124090362488,0.0,-7.21885106879671e-05,0.0,0.0,0.0,0.0,-1.0400039691921984e-05,0.0,0.0,-0.0015070195043898095,0.0,0.0,0.0,0.0,-0.0005782340761019087,0.0,0.0,-5.4359370972737175e-05,0.0,0.0,0.0,0.0,0.0,-0.006423628953993945,0.00032522555453550427,0.001110679347558706
0.0,-4.030178267110514e-07,0.0,0.0,0.0,0.0,0.0,0.27348755029050603,-0.27348755029050603,0.020143465593678515,0.0,0.0,0.0,-0.1431606980966085,-0.0021241050459611392,0.0,0.27484402615906933,0.0,-9.511223966997032e-05,0.0,0.0,0.0,0.0,-1.3702610821699222e-05,0.0,0.0,-0.001454552869078144,0.0,0.0,0.0,0.0,-0.0007618544489617226,0.0,0.0,-7.162139059241762e-05,0.0,0.0,0.0,0.0,0.0,-0.008463476123840756,0.00042850213413442827,0.00146337968874455
0.0,-5.403415102063038e-07,0.0,0.0,0.016617014938405016,0.0,0.0,0.2804442220311809,-0.2804442220311809,0.0069726613377449394,0.0,0.0,0.0,-0.1339172332581928,0.0,0.0,0.2639371648649089,0.0,-0.00012752064007139465,0.0,0.0,0.0,0.0,-1.837161766661665e-05,0.0,0.0,-0.0019501750092957967,0.0,0.0,0.0,0.0,-0.001021447579301534,0.0,0.0,-9.602555467981556e-05,0.0,0.0,0.0,0.0,0.0,-0.011916882027823473,0.0005745093019193535,0.0019620094661181847
0.0,-3.6058574758194843e-07,0.0,0.0,0.0,0.0,0.0,0.2758608337020075,-0.2758608337020075,0.015742083283596022,0.0,0.0,0.0,-0.14481200863017582,0.0,0.0,0.2759342117503678,0.0,-8.509826556674559e-05,0.0,0.0,0.0,0.0,-1.2259919635042342e-05,0.0,0.0,-0.0013014090170012525,0.0,0.0,0.0,0.0,-0.0006816419468820559,0.0,0.0,-6.408067077425252e-05,0.0,0.0,0.0,0.0,0.0,-0.007952485111143848,0.0003833869177407437,0.0013093064973538127
0.0,-1.8924879648057992e-07,0.0,0.0,0.0,0.0,0.0,0.27493543628234607,-0.27493543628234607,0.020261589078084948,0.0,0.0,0.0,-0.14948832528387,0.0,0.0,0.274452227854483,0.0,-4.466273126180988e-05,0.0,0.0,0.0,0.0,-6.434461293712391e-06,0.0,0.0,-0.0019873276851621424,0.0,0.0,0.0,0.0,-0.000357751017457481,0.0012429270253236386,0.0,-3.363191668838624e-05,0.0,0.0,0.0,0.0013656727432578813,0.0,0.0,0.00020121569766798816,0.0006871726919603219
0.0,-1.2157642301464314e-07,0.0,0.0,0.0,0.0,0.0,0.27856164619057283,-0.27856164619057283,0.0118186516035521,0.0,0.0,0.0015969519977643318,-0.14840038443005482,0.0,0.0,0.27705351144811474,0.0,-2.8692045655531167e-05,0.0,0.0,0.0,0.0,-4.133599804403514e-06,0.0,0.0,-0.001875547767151674,0.0,0.0,0.0,0.0,-0.00022982491746938486,0.0,0.0,-2.1605675735539305e-05,0.0,0.0,0.0,0.001276567790814029,0.0,0.0,0.00012926414979542653,0.00044145061651925576
0.0,-2.3267709379662758e-07,0.0,0.0,0.0,0.0,0.0,0.2702788631512228,-0.2702788631512228,0.028731539558732384,0.0,0.0,0.0,-0.14495200562624794,-0.00611260210752819,0.0,0.2735051456893176,0.0,-5.491181293765375e-05,0.0,0.0,0.0,0.0,-7.911023910376733e-06,0.0,0.0,-0.002061336586791663,0.0,0.0,0.0,0.0,-0.0004398467445648201,0.0,0.0,-4.1349677141365725e-05,0.0,0.0,0.0,0.0024431388606096288,0.0,0.0,0.0002473901268082974,0.0008448632058705865
0.0,-3.5207473386287693e-07,0.0,0.0,0.0,0.0,0.0,0.2759033076161312,-0.2759033076161312,0.01575309456123878,0.0,0.0,0.0,-0.14497854180351732,0.0,0.0,0.2759583199439274,0.0,-8.308966564130576e-05,0.0,0.0,0.0,0.0,-1.1970545069052748e-05,0.0,0.0,-0.0013122758601488524,0.0,0.0,0.0,0.0,-0.0006655529472465689,0.0,0.0,-6.256815545232339e-05,0.0,0.0,0.0,8.316878223061955e-05,0.0,-0.007631710164593463,0.0003743377211530099,0.0012784025427849616
0.0,-2.120749531033567e-07,0.0,0.0,0.0,0.0,0.0,0.2719239611550602,-0.2719239611550602,0.02557856880240052,0.0,0.0,0.0,-0.14594095612802935,-0.00459701994942053,0.0,0.274255608233105,0.0,-5.004970606927016e-05,0.0,0.0,0.0,0.0,-7.21055088585173e-06,0.0,0.0,-0.001939714553840597,0.0,0.0,0.0,0.0,-0.0004009009920322476,0.0,0.0,-3.7688414865018304e-05,0.0,0.0,0.0,0.0023486073372721906,0.0,0.0,0.00022548523657838285,0.0007700557104274488
0.0,-1.6927589616411944e-07,0.0,0.0,0.0,0.0,0.0,0.2757553690485966,-0.2757553690485966,0.018581887031657744,0.0,0.0,0.0,-0.14951208389408432,0.0,0.0,0.2757818187201922,0.0018346453936105543,-3.99491251731998e-05,0.0,0.0,0.0,0.0,-5.755382449358268e-06,0.0,0.0,-0.0015482588330170666,0.0,0.0,0.0,0.0,-0.0003199947646164025,0.0,0.0,-3.0082478425313473e-05,0.0,0.0,0.0,3.99871640617352e-05,0.0,0.0,0.00017997983701065407,0.0006146500026119344
0.0,-1.2569233349842542e-07,0.0,0.0,0.0,0.0,0.0,0.27831949706928455,-0.27831949706928455,0.012435319669536801,0.0,0.0,0.0013622781854391803,-0.14847977147780214,0.0,0.0,0.27697685854323256,0.0,-2.9663400862293064e-05,0.0,0.0,0.0,0.0,-4.273540808990034e-06,0.0,0.0,-0.0018307668305800817,0.0,0.0,0.0,0.0,-0.0002376055279182768,0.0,0.0,-2.233712534611385e-05,0.0,0.0,0.0,0.0013919698312954273,0.0,0.0,0.00013364032451851506,0.00045639571175688185
0.0,-1.333203483947445e-07,0.0,0.0,0.0,0.0,0.0,0.2778707222206586,-0.2778707222206586,0.014634946315632063,0.0,0.0,0.0,-0.14882099749916006,0.0,0.0,0.2764466016631092,0.0,-3.1463612994211916e-05,0.0,0.0,0.0014449521083605874,0.0,-4.53289340467887e-06,0.0,0.0,-0.0019418723870341412,0.0,0.0,0.0,0.0,-0.00025202532947626985,0.0,0.0,-2.369272055338429e-05,0.0,0.0,0.0,3.149357212003555e-05,0.0,0.0,0.00014175068700286598,0.000484093449486775
0.0,-1.4387056690284222e-07,0.0,0.0,0.0,0.0,0.0,0.2772500269574353,-0.2772500269574353,0.015403248851390453,0.0,0.0,0.0,-0.14870820668985202,0.0,0.0,0.27688268263746213,0.0,-3.3953465414641415e-05,0.0,0.0,0.0,0.0,-4.891600957345019e-06,0.0,0.0,-0.001510804644484651,0.0,0.0,0.0,0.0,-0.0002719691889663249,0.0,0.0,-2.5567628486788367e-05,0.0,0.0,0.0,0.0019831076049509166,0.0,0.0,0.00015296803483881084,0.000522401867758397
0.0,-1.808618524754118e-07,0.0,0.0,0.0,0.0,0.0,0.2753537696815828,-0.2753537696815828,0.01936365568979488,0.0,0.0,0.0,-0.14937251047695596,0.0,0.0,0.2748919756146175,0.0,-4.2683411798876816e-05,0.0,0.0,0.0,0.0,-6.149305099446579e-06,0.0,0.0,-0.0018992552306718669,0.0,0.0,0.0,0.0,-0.0003418965559919059,0.0009801081312905183,0.0,-3.214145013167596e-05,0.0,0.0,0.0,0.0015128862511651628,0.0,0.0,0.0001922984161809409,0.0006567192412830635
0.0037257846564568322,-3.8722688085116246e-07,0.0,0.0,0.027491742797257395,0.0,0.0,0.2799012240245557,-0.2799012240245557,0.011171682699931766,0.0,0.0,0.0,-0.13472593048203094,0.0,0.0,0.2523522220690955,0.0,-9.138557517103715e-05,0.0,0.0,0.0,0.0,-1.3165718477778877e-05,0.0,0.0,-0.0036005997430577485,0.0,0.0,0.0,0.0,-0.000732003654383111,0.004406077617076873,0.0,-6.881513879337329e-05,0.0,0.0,0.0,0.0,0.0,0.0,0.00041171266837758245,0.0014060419038976432
0.029627952676748268,-1.4108379255712108e-06,0.0,0.0,0.03595139812372917,0.0,0.0,0.1957349740329943,-0.1957349740329943,0.153076313688492,0.0,0.0,0.0,-0.05475175361756837,-0.09631967788266965,0.0,0.22378807418756894,0.0,-0.000332957864438638,0.0,0.0,0.0,0.0,-4.7968505969975836e-05,0.0,0.0,-0.005091929479127402,0.0,0.0,0.0,0.0,-0.0026670114300700247,0.0,0.0,-0.0002507238326268337,0.0,0.0,0.0,0.0,0.0,0.0,0.001500050424465444,0.005122829382611007
8.949578409485927e-05,-5.682878272704814e-07,0.0,0.0,0.020103343348691478,0.0,0.0,0.28162160153060867,-0.28162160153060867,0.0047421829310043346,0.0,0.0,0.0,-0.13162453217654665,0.0,0.0,0.26165180209716515,0.0,-0.00013411597315676397,0.0,0.0,0.0,0.0,-1.9321792773646816e-05,0.0,0.0,-0.002051037534404422,0.0,0.0,0.0,0.0,-0.001074276572403875,0.0,0.0,-0.00010099197044957765,0.0,0.0,0.0,0.0,0.0,-0.012497421636176386,0.0006042227679486941,0.002063484066139423
0.002041802982954824,-2.1220791680270753e-07,0.0,0.0,0.0,0.0,0.0,0.27391946337476264,-0.27391946337476264,0.021188314621083382,0.0,0.0,0.0,-0.14916251749193082,0.0,0.0,0.27388808423431305,0.0,-5.0081085513061195e-05,0.0,0.0,0.0,0.0,-7.215071653184745e-06,0.0,0.0,-0.0019731991979356797,0.0,0.0,0.0,0.0,-0.00040115234316161956,0.002414616852878833,0.0,-3.77120442045032e-05,0.0,0.0,0.0,0.0,0.0,0.0,0.000225626608064104,0.0007705385088648238
0.004435171466255895,-3.976604289393918e-07,0.0,0.0,0.031557537176627695,0.0,0.0,0.2816011235606666,-0.2816011235606666,0.00769089766304491,0.0,0.0,0.0,-0.1321861805028202,0.0,0.0,0.25013703397885156,0.0,-9.384789336295006e-05,0.0,0.0,0.0,0.0,-1.3520459234804973e-05,0.0,0.0,-0.0036214905177655576,0.0,0.0,0.0,0.0,-0.0007517269631368268,0.004372546630418104,0.0,-7.066931291016144e-05,0.0,0.0,0.0,0.0,0.0,0.0,0.000422805968291598,0.001443926685517492
5.445050302359161e-05,-3.457543656387618e-07,0.0,0.0,0.035041984080851594,0.0,0.0,0.28539669821088354,-0.28539669821088354,0.0028852112826832942,0.0,0.0,0.0,-0.131406586853967,0.0,0.0,0.250435964140125,0.003801804193739723,-8.159805822969243e-05,0.0,0.0,0.0,0.0,-1.175565247551252e-05,0.0,0.0,-0.0031487823919932032,0.0,0.0,0.0,0.0,-0.0006536050870491321,0.0,0.0,-6.144494568028567e-05,0.0,0.0,0.0,0.0,0.0,0.0,0.0003676176926752361,0.0012554529413739356
0.0017979944489178122,-8.561775382105694e-08,0.0,0.0,0.0,0.0,0.0,0.28067718300368655,-0.28067718300368655,0.005626056318978576,0.0,0.0,0.002922615815612929,-0.1472103580008503,0.0,0.0,0.2787161121805233,0.0,-2.0205796820177193e-05,0.0,0.0,0.0,0.0,-2.911004631264427e-06,0.0,0.0,-0.0017703154534050166,0.0,0.0,0.0,0.0,-0.00016184958166986485,0.0,0.0,-1.5215363146851155e-05,0.0,0.0,0.0,0.0,0.0,0.0,9.103168098423218e-05,0.0003108827293327026
0.014254200049405046,-6.78763269531009e-07,0.0,0.0,0.0,0.0,0.0,0.2325409696374299,-0.2325409696374299,0.09094245722780755,0.0,0.0,0.0,-0.11282367668627692,-0.046340021270228154,0.0,0.2633339485676525,0.0,-0.00016018818645730068,0.0,0.0,0.0,0.0,-2.3077959102578095e-05,0.0,0.0,-0.002449760272835389,0.0,0.0,0.0,0.0,-0.0012831164837151454,0.0,0.0,-0.0001206248607998207,0.0,0.0,0.0,0.0,0.0,0.0,0.0007216839809287867,0.0024646264166613935
0.03145756046637184,-1.4202801283079364e-06,0.0,0.0,0.05024281306153736,0.0,0.0,0.20409399095191982,-0.20409399095191982,0.13678735118233673,0.0,0.0,0.0,-0.04785453725847838,-0.09370167063159066,0.0,0.21665271483407353,0.0,-0.0003351862250474896,0.0,0.0,0.0,0.0,-4.828954097345645e-05,0.0,0.0,-0.0051260078304331096,0.0,0.0,0.0,0.0,-0.002684860725277828,0.0,0.0,-0.0002524018320736042,0.0,0.0,0.0,0.0,0.0,0.0,0.0015100896925956792,0.00515711453524233
0.005055234300553708,-9.168683318439449e-08,0.0,0.0,0.0,0.0,0.0,0.2803201241607764,-0.2803201241607764,0.006024863584745574,0.0,0.0,0.0,-0.14595404512903573,0.0,0.0,0.28134982899870387,0.0,-2.163810004034143e-05,0.0,0.0,0.0,0.0,-3.1173534005992503e-06,0.0,0.0,-0.00033091177964360047,0.0,0.0,0.0,0.0,-0.00017332241192105757,0.0,0.0,-1.6293915694179602e-05,0.0,0.0,0.0,0.0,0.0,0.0,9.74845306773697e-05,0.00033291988719781726
5.6407581542838953e-05,-3.5818158677268657e-07,0.0,0.0,0.0,0.0,0.0,0.2758942974690959,-0.2758942974690959,0.015659687925759978,0.0,0.0,0.0,-0.14482798441813188,0.0,0.0,0.2759784677947161,0.0,-8.453088342148973e-05,0.0,0.0,0.0,0.0,-1.2178178139409407e-05,0.0,0.0,-0.0012927320335750473,0.0,0.0,0.0,0.0,-0.0006770971836305068,0.0,0.0,-6.365342083900193e-05,0.0,0.0,0.0,0.0,0.0,-0.007876899869055981,0.0003808307329536383,0.0013005768584555516
0.002291872202244301,-2.0549078878975485e-07,0.0,0.0,0.0,0.0,0.0,0.27427033251198646,-0.27427033251198646,0.020281605226545815,0.0,0.0,0.0,-0.148991028343176,0.0,0.0,0.2743186215007093,0.0,-4.849584275922172e-05,0.0,0.0,0.0,0.0,-6.986689222183708e-06,0.0,0.0,-0.0018714030588235485,0.0,0.0,0.0,0.0,-0.0003884544585477401,0.0022595108557848125,0.0,-3.651832517474951e-05,0.0,0.0,0.0,0.0,0.0,0.0,0.0002184847312089444,0.000746148251041565
2.0941852823591828e-05,-1.329783314432216e-07,0.0,0.0,0.0,0.0,0.0,0.2778908439178149,-0.2778908439178149,0.014586931234971933,0.0,0.0,0.0,-0.14881093342700957,0.0,0.0,0.2764599058399358,0.0,-3.1382896966015574e-05,0.0,0.0,0.001462187114321352,0.0,-4.521264824327009e-06,0.0,0.0,-0.0019421262155379345,0.0,0.0,0.0,0.0,-0.00025137878949995046,0.0,0.0,-2.3631939793698904e-05,0.0,0.0,0.0,0.0,0.0,0.0,0.00014138704305482097,0.00048285156729970294
2.667553179597401e-05,-1.6938652651560469e-07,0.0,0.0,0.0,0.0,0.0,0.27574886039334146,-0.27574886039334146,0.01858069346785914,0.0,0.0,0.0,-0.1495097643513705,0.0,0.0,0.27578866511703193,0.0018625199588740524,-3.9975233945089886e-05,0.0,0.0,0.0,0.0,-5.7591438826026514e-06,0.0,0.0,-0.0015426018154474225,0.0,0.0,0.0,0.0,-0.0003202038973640952,0.0,0.0,-3.0102138845002008e-05,0.0,0.0,0.0,0.0,0.0,0.0,0.00018009746292834198,0.0006150517074462921
0.0019094785448839867,-8.621121258363963e-08,0.0,0.0,0.0,0.0,0.0,0.2806422683673147,-0.2806422683673147,0.00566505328248523,0.0,0.0,0.002843852591208962,-0.14719102162007672,0.0,0.0,0.2787666257098313,0.0,-2.0345853136101592e-05,0.0,0.0,0.0,0.0,-2.931182236133077e-06,0.0,0.0,-0.00173307572448606,0.0,0.0,0.0,0.0,-0.00016297144072567555,0.0,0.0,-1.5320828312455107e-05,0.0,0.0,0.0,0.0,0.0,0.0,9.166266633880753e-05,0.0003130376104364946
0.012756383846668445,-5.759390816671661e-07,0.0,0.0,0.0,0.0,0.0,0.24097407537825918,-0.24097407537825918,0.07584277136018715,0.0,0.0,0.0,-0.11888541350338835,-0.0379970493557007,0.0,0.2664407835252832,0.0,-0.00013592166981264697,0.0,0.0,0.0,0.0,-1.958193551261988e-05,0.0,0.0,-0.0020786520797101897,0.0,0.0,0.0,0.0,-0.0010887403053107358,0.0,0.0,-0.00010235169561146186,0.0,0.0,0.0,0.0,0.0,0.0,0.0006123578394529514,0.002091266187761436
0.0,-3.2370707968230825e-07,0.0,0.0,0.02472529918256914,0.0,0.0,0.2836961981819023,-0.2836961981819023,0.0,0.0,0.0,0.002991114938142135,-0.12598668536562713,-0.00745517144094379,0.0,0.2599438529222889,0.0004661393343343913,-7.639489696242167e-05,0.0,0.0,0.0,0.005865651741426168,-1.1006044495137508e-05,0.0,0.0,-0.002896935410180671,0.0,0.0,0.0,0.0,-0.0006119274693850924,0.0,0.0,-5.7526862721335056e-05,0.0,0.0,0.0,0.0,0.0,0.0,0.0003441762753034291,0.0011753980447359543
0.0,-3.0847151403788376e-07,0.0,0.0,0.03244193951965212,0.0,0.0,0.28632842667505737,-0.28632842667505737,0.0,0.0,0.0,0.0010742636476203718,-0.13204549283286182,0.0,0.0,0.25303757635612206,0.0031083077187474416,-7.279930223921601e-05,0.0,0.0,0.0,0.0002613642470525235,-1.0488035085038441e-05,0.0,0.0,-0.0032046064745601534,0.0,0.0,0.0,0.0,-0.0005831265511642337,0.0,0.0,-5.481930904605287e-05,0.0,0.0,0.0,0.0,0.0,0.0,0.0003279773085067029,0.001120076875713399
0.0,-3.043919983612152e-07,0.0,0.0,0.03255736884042255,0.0,0.0,0.28641036771486283,-0.28641036771486283,0.0,0.0,0.0,0.001088712994413211,-0.13199709229531653,0.0,0.0,0.2530439712787182,0.0031388415855335113,-7.183653620987386e-05,0.0,0.0,0.0,0.0,-1.0349331504319447e-05,0.0,0.0,-0.0032123744864149305,0.0,0.0,0.0,0.0,-0.0005754147405149561,0.0,0.0,-5.4094327255319205e-05,0.0,0.0,0.0,0.0,0.0,0.0,0.0003236398299689591,0.001105263932003512
0.0,-3.2036942423267024e-07,0.0,0.0,0.03209521737436423,0.0,0.0,0.28451704407570305,-0.28451704407570305,0.0,0.0,0.0,0.0,-0.1350153978086312,0.004462794269164962,0.0,0.24939925756187492,0.0023387025691290974,-7.560721000660531e-05,0.0,0.0,0.0,0.0,-1.0892564170814032e-05,0.0,0.0,-0.0033508302827127503,0.0,0.0,0.0,0.0,-0.0006056180520718202,0.0020504336646288415,0.0,-5.693371892277842e-05,0.0,0.0,0.0,0.0,0.0,0.0,0.0003406275675580502,0.0011632788359334872
0.0,-3.0754712308192277e-07,0.0,0.0,0.03277902305425653,0.0,0.0,0.28625213456959686,-0.28625213456959686,0.0,0.0,0.0,0.0009841840808268638,-0.1322361018131192,0.00034744136211166106,0.0,0.25253988429102736,0.0032292836205307144,-7.258114589891311e-05,0.0,0.0,0.0,0.0,-1.0456605781724489e-05,0.0,0.0,-0.0032167183739596123,0.0,0.0,0.0,0.0,-0.0005813791064714615,0.0,0.0,-5.465503302318492e-05,0.0,0.0,0.0,0.0,0.0,0.0,0.0003269944648924728,0.001116720361783353
0.0,-3.583019155053503e-07,0.0,0.0,0.03423163319974397,0.0,0.0,0.28437528785750094,-0.28437528785750094,0.004991199578355524,0.0,0.0,0.0,-0.13200725031067567,0.0,0.0,0.2500906726281541,0.003447477035257892,-8.455928101212164e-05,0.0,0.0,0.0,0.0,-1.2182269317727287e-05,0.0,0.0,-0.0033316431495403775,0.0,0.0,0.0,0.0,-0.0006773246499464907,0.000629476627136989,0.0,-6.367480478430265e-05,0.0,0.0,0.0,0.0,0.0,0.0,0.0003809586705170084,0.0013010137786404216
0.0,-3.736284900159734e-07,0.0,0.0,0.03503950852117616,0.0,0.0,0.28319274939523453,-0.28319274939523453,0.007173909643482155,0.0,0.0,0.0,-0.13016000520003285,-0.0019692085767877713,0.0,0.24941079822493406,0.003923146316185215,-8.81763538351042e-05,0.0,0.0,0.0,0.0,-1.2703373030341507e-05,0.0,0.0,-0.003310055423894986,0.0,0.0,0.0,0.0,-0.0007062976089680609,0.0,0.0,-6.639853189192796e-05,0.0,0.0,0.0,0.0,0.0,0.0,0.0003972544010070667,0.001356665405815108
0.0,-3.176453497501063e-07,0.0,0.0,0.033137614406655205,0.0,0.0,0.28596220940111267,-0.28596220940111267,0.0010765485160095021,0.0,0.0,0.0008370747464652907,-0.13200270728475758,0.0,0.0,0.2522195750117862,0.0033353162754591265,-7.49643282085993e-05,0.0,0.0,0.0,0.0,-1.079994560654725e-05,0.0,0.0,-0.0032326260760786422,0.0,0.0,0.0,0.0,-0.0006004685323079403,0.0,0.0,-5.64496162613385e-05,0.0,0.0,0.0,0.0,0.0,0.0,0.0003377312397731339,0.0011533875730557546
0.0,-3.619146924258232e-07,0.0,0.0,0.03961831864876928,0.0,0.0,0.28724265873179666,-0.28724265873179666,0.0,0.0,0.0,0.0,-0.12829676020318115,0.0,0.0,0.24757082383285392,0.0034822381261922605,-8.541189665728642e-05,0.0,0.0,0.0,0.0,-1.2305103775276853e-05,0.0,0.0,-0.0033652362813575342,0.0,0.0,0.0,0.0,-0.000684154149754056,0.0006358236728324888,0.0,-6.431684116531359e-05,0.0,0.0,0.0,0.0,0.0,0.0,0.0003847998966811407,0.0013141319684945283
0.0,-3.790672788302309e-07,0.0,0.0,0.042827905209036815,0.0,0.0,0.28731509444880304,-0.28731509444880304,0.0,0.0,0.0,0.0,-0.12477636428256131,-0.001997873707704087,0.0,0.24576305244535054,0.00398025428538813,-8.945990843475443e-05,0.0,0.0,0.0,0.0,-1.2888291913636e-05,0.0,0.0,-0.003358238827717544,0.0,0.0,0.0,0.0,-0.000716578954309333,0.0,0.0,-6.736507379702062e-05,0.0,0.0,0.0,0.0,0.0,0.0,0.00040303710454907824,0.0013764139443527387
0.0,-3.4824552795354166e-07,0.0,0.0,0.03824433529300646,0.0,0.0,0.2870800519926799,-0.2870800519926799,0.0,0.0,0.0,0.0,-0.12922251730787632,0.0,0.0,0.2489065835527391,0.003840164780006423,-8.218597273728075e-05,0.0,0.0,0.0,0.0,-1.1840352023350602e-05,0.0,0.0,-0.0031769536702695015,0.0,0.0,0.0,0.0,-0.0006583143156906771,0.0,0.0,-6.188765688894862e-05,0.0,0.0,0.0,0.0,0.0,0.0,0.0003702663803947592,0.0012644984874793403
0.0,-3.1833074673610416e-07,0.0,0.0,0.03428798828848254,0.0,0.0,0.286579242317184,-0.286579242317184,0.0,0.0,0.0,0.0008388809385242446,-0.13120866375325038,0.0,0.0,0.2516849285684814,0.0033425130303442454,-7.512608195267883e-05,0.0,0.0,0.0,0.0,-1.0823249112087288e-05,0.0,0.0,-0.003239601251919074,0.0,0.0,0.0,0.0,-0.0006017641889972457,0.0,0.0,-5.657142001787609e-05,0.0,0.0,0.0,0.0,0.0,0.0,0.00033845997694495125,0.0011558762868583705
0.0,-3.1978553363642856e-07,0.0,0.0,0.024071539961389606,0.0,0.0,0.2835182320870352,-0.2835182320870352,0.0,0.0,0.0,0.0032028364965689267,-0.12566478543954404,-0.008002460559234741,0.0,0.2604787041767755,0.0,-7.546941177871055e-05,0.0,0.0,0.0,0.006007127269512654,-1.087271188371288e-05,0.0,0.0,-0.002932685484663307,0.0,0.0,0.0,0.0,-0.0006045142804295484,0.0,0.0,-5.6829954141954845e-05,0.0,0.0,0.0,0.00035422484170980823,0.0,0.0,0.0003400067554003538,0.0011611586973630371
0.0,0.0,0.0,0.0,0.0,0.0,0.0,0.2857142857142857,-0.2857142857142857,0.0,0.0,0.0,0.0,-0.14285714285714285,0.0,0.0,0.2857142857142857,0.0,0.0,0.0,0.0,0.0,0.0,0.0,0.0,0.0,0.0,0.0,0.0,0.0,0.0,0.0,0.0,0.0,0.0,0.0,0.0,0.0,0.0,0.0,0.0,0.0,0.0
0.0,-5.643194452480485e-07,0.0,0.0,0.02919698950363313,0.0,0.0,0.2849947221206262,-0.2849947221206262,0.0,0.0,0.0,0.0,-0.12674693573502296,0.0,0.0,0.2557142868181856,0.0,-0.0001331794346788017,0.0,0.0,0.0,0.0,-1.9186867738471605e-05,0.0,0.0,-0.002532422548208446,0.0,0.0,0.0,0.0,-0.0010667748459327585,0.0009914150208255135,0.0,-0.00010028673852182878,0.0,0.0,0.0,0.0,0.0,-0.010859435821314049,0.0006000034504570825,0.002049074654783605
0.0,-6.424500991331908e-07,0.0,0.0,0.03211066759293284,0.0,0.0,0.28457261844729126,-0.28457261844729126,0.0,0.0,0.0,0.0,-0.12040484866076336,-0.003386032594348324,0.0,0.2546243069549363,0.0,-0.0001516182753091022,0.0,0.0,0.0,0.0,-2.1843310884349027e-05,0.0,0.0,-0.0023187004966003797,0.0,0.0,0.0,0.0,-0.0012144710080317137,0.0,0.0,-0.0001141715488410526,0.0,0.0,0.0,0.0,0.0,-0.013491614301893575,0.0006830745944913764,0.0023327713162859293
0.0,-5.761237859361762e-07,0.0,0.0,0.02515182222449539,0.0,0.0,0.2843434597779107,-0.2843434597779107,0.0,0.0,0.0,0.0,-0.1280149309998814,0.0,0.0,0.2593088769044143,0.0,-0.00013596526003505855,0.0,0.0,0.0,0.0,-1.958821545992645e-05,0.0,0.0,-0.0020793187056175654,0.0,0.0,0.0,0.0,-0.0010890894654713074,0.0,0.0,-0.00010238451990785298,0.0,0.0,0.0,0.0,0.0,-0.012706036942827386,0.0006125542232558727,0.0020919368590265252
0.0,-4.854666391548852e-07,0.0,0.0,0.021705735640057258,0.0,0.0,0.28412054296180217,-0.28412054296180217,0.0,0.0,0.0,0.0012793257140632716,-0.13128253802674067,0.0,0.0,0.261490137661572,0.0,-0.00011457016606905416,0.0,0.0,0.0,0.0,-1.6505871409075488e-05,0.0,0.0,-0.002391786078446196,0.0,0.0,0.0,0.0,-0.0009177135460258848,0.0,0.0,-8.627359257591585e-05,0.0,0.0,0.0,0.0,0.0,-0.010194922003672051,0.0005161644898603498,0.0017627558192647508
0.0,-3.16605761890603e-07,0.0,0.0,0.02418288841057511,0.0,0.0,0.28358722173244383,-0.28358722173244383,0.0,0.0,0.0,0.003274137079893503,-0.12539514820988337,-0.008149813713295661,0.0,0.26057049057484727,0.0,-7.471898538975185e-05,0.0,0.0002681843598320948,0.0,0.0058442478638741245,-1.0764599607165567e-05,0.0,0.0,-0.0029138392536707434,0.0,0.0,0.0,0.0,-0.000598503322375882,0.0,0.0,-5.626486828443573e-05,0.0,0.0,0.0,0.0,0.0,0.0,0.0003366259149291865,0.001149612772892006
0.0,-3.796260008655952e-07,0.0,0.0,0.023529854036446085,0.0,0.0,0.28022379546656867,-0.28022379546656867,0.005466627776976205,0.0,0.0,0.0029611536198017644,-0.1220571599283042,-0.012022994961214896,0.0,0.2600216198152028,0.0,-8.959176688024837e-05,0.0,0.0,0.0,0.007972241874597481,-1.290728846937296e-05,0.0,0.0,-0.002850705008055278,0.0,0.0,0.0,0.0,-0.0007176351479567679,0.0,0.0,-6.746436580465706e-05,0.0,0.0,0.0,0.0,0.0,0.0,0.00040363115664472703,0.0013784426945072383
0.0,-8.077948120509492e-07,0.0,0.0,0.024864671730565027,0.0,0.0,0.2560285208451705,-0.2560285208451705,0.049437975021290013,0.0,0.0,0.0,-0.09904754921448299,-0.038185271781844804,0.0,0.25084661684423426,0.0,-0.00019063964091849855,0.0,0.0,0.0,0.016963895023078802,-2.746503305735359e-05,0.0,0.0,-0.0029154548102348953,0.0,0.0,0.0,0.0,-0.0015270343657786845,0.0,0.0,-0.00014355540603396124,0.0,0.0,0.0,0.0,0.0,0.0,0.0008588746650026519,0.0029331469783248796
0.0,-1.0453855026836194e-06,0.0,0.0,0.12636732183524926,0.0,0.0,0.2860164049328982,-0.2860164049328982,0.0,0.0,0.0,0.0,0.0037729558879075263,-0.07207436420439531,0.0,0.20022629179122658,0.0,-0.00024671106310650525,0.0,0.0,0.0,0.014400712205825327,-3.5543119317623085e-05,0.0,0.0,-0.0037729558879075263,0.0,0.0,0.0,0.0,-0.001976169646387909,0.0,0.0,-0.0001857782917901414,0.0,0.0,0.0,0.0,0.0,0.0,0.0011114890935439593,0.0037958517220431196
0.0,-1.04319886751171e-06,0.0,0.0,0.12442963725589325,0.0,0.0,0.2879281864435384,-0.2879281864435384,0.0,0.0,0.0,0.0,0.0,-0.0706685847678761,0.0,0.20315420155774414,0.0,-0.00024619501702924195,0.0,0.0,0.0,0.014788930647280877,-3.5468773696204224e-05,0.0,0.0,-0.0037650639877181875,0.0,0.0,0.0,0.0,-0.0019720360879605554,0.0,0.0,-0.0001853896989256309,0.0,0.0,0.0,0.0,0.0,0.0,0.0011091641893446016,0.0037879119305867957
0.0,-3.8382242957548284e-07,0.0,0.0,0.02931701219988194,0.0,0.0,0.2833214209658978,-0.2833214209658978,0.0,0.0,0.0,0.002993886546514346,-0.11787933706802317,-0.012155898506069664,0.0,0.2573688716839799,0.0,-9.058212439487748e-05,0.0,0.0,0.0,0.00806036793711282,-1.3049967094588769e-05,0.0,0.0,-0.0028822170233333334,0.0,0.0,0.0,0.0,-0.0007255679679723718,0.0,0.0,-6.821012452748296e-05,0.0,0.0,0.0,0.0,0.0,0.0,0.0004080929410590901,0.0013936801558111945
0.0,-8.964301996923945e-07,0.0,0.0,0.08245551403867869,0.0,0.0,0.28412128258841657,-0.28412128258841657,0.0,0.0,0.0,0.0,-0.0550529909789192,-0.04237515554451037,0.0,0.22350823045113627,0.0,-0.00021155759956412957,0.0,0.0,0.0,0.018825260544184104,-3.0478637273804167e-05,0.0,0.0,-0.0032353534570214353,0.0,0.0,0.0,0.0,-0.001694588404172367,0.0,0.0,-0.00015930704106803558,0.0,0.0,0.0,0.0,0.0,0.0,0.0009531147959520507,0.0032549869004866497
0.0,-8.856288093248138e-07,0.0,0.0,0.13851887588798423,0.0,0.0,0.29046496548396294,-0.29046496548396294,0.0,0.0,0.0,0.0,0.004641104446520465,-0.0687651517049524,0.0,0.19338540325402584,0.0,-0.00020900847056456597,0.0,0.0028894697129686047,0.0,0.0,-3.0111389874978002e-05,0.0,0.0,-0.004641104446520465,0.0,0.0,0.0,0.0,-0.0016741697359122813,0.0,0.0,-0.0001573874967025395,0.0,0.0,0.0,0.0,0.0,0.0,0.0009416303937311888,0.003215766463507193
0.015406124183366567,-1.1570747358279667e-06,0.0,0.0,0.15502786375744562,0.0,0.0,0.2838125661569335,-0.2838125661569335,0.0,0.0,0.0,0.0,0.0056581822884584024,-0.06713796282396037,0.0,0.17238416594498818,0.0,-0.00027306973115370477,0.0,0.002964245810998932,0.0,0.0,-3.934055455080022e-05,0.0,0.0,-0.0056581822884584024,0.0,0.0,0.0,0.0,-0.0021873040765111487,0.0,0.0,-0.00020562688820901427,0.0,0.0,0.0,0.0,0.0,0.0,0.0012302408498936945,0.004201401413402245
0.0,-8.775914354584999e-07,0.0,0.0,0.13652593376979316,0.0,0.0,0.29297976309310153,-0.29297976309310153,0.0,0.0,0.0,0.0,0.0,-0.06691468927698348,0.0,0.19678122994465397,0.0,-0.0002071116496826498,0.0,0.0029858864183625634,0.0,0.0,-2.9838119069521656e-05,0.0,0.0,-0.004660304689793336,0.0,0.0,0.0,0.0,-0.0016589760927724951,0.0,0.0,-0.00015595915320291244,0.0,0.0,0.0,0.0,0.0,0.0,0.0009330847869954823,0.0031865823210517705
0.0,-5.968216065701953e-07,0.0,0.0,0.07996370143252393,0.0,0.0,0.2894283329152596,-0.2894283329152596,0.0,0.0,0.0,0.0,-0.08051986913715091,-0.02403455506530489,0.0,0.22400681581333287,0.0,-0.0001408499473771902,0.0,0.00417780147892452,0.0,0.0,-2.0291941603555922e-05,0.0,0.0,-0.0042429210398766785,0.0,0.0,0.0,0.0,-0.0011282160888827942,0.0,0.0,-0.0001060627857258653,0.0,0.0,0.0,0.0,0.0,0.0,0.0006345608436229851,0.0021670917735480046
0.0,-3.724128416299793e-07,0.0,0.0,0.040255644429335435,0.0,0.0,0.2877257577211912,-0.2877257577211912,0.0,0.0,0.0,0.0,-0.12630216198572317,0.0,0.0,0.24690315207243396,0.0,-8.788946071777819e-05,0.0,0.0015356778303376104,0.0,0.0,-1.2662040971000005e-05,0.0,0.0,-0.003718798829490675,0.0,0.0,0.0,0.0,-0.0007039995787821486,0.003213730218297768,0.0,-6.618249572155092e-05,0.0,0.0,0.0,0.0,0.0,0.0,0.00039596188267851883,0.0013522513202863446
0.0,-5.703180139433212e-07,0.0,0.0,0.0252216955924393,0.0,0.0,0.284388067888777,-0.284388067888777,0.0,0.0,0.0,0.0,-0.12809906340503582,0.0,0.0,0.2592824301912727,0.0,-0.00013459509737560494,0.0,5.388930263007762e-05,0.0,0.0,-1.9390819144267562e-05,0.0,0.0,-0.0020853094393892112,0.0,0.0,0.0,0.0,-0.001078114384645453,0.0,0.0,-0.00010135276042717642,0.0,0.0,0.0,0.0,0.0,-0.012470215796669569,0.000606381330831886,0.0020708557845709346
0.0,-5.326766545607388e-07,0.0,0.0,0.07014574111521465,0.0,0.0,0.28891261758532155,-0.28891261758532155,0.0,0.0,0.0,0.0,-0.09052650837632198,-0.01941195575632116,0.0,0.23052244792238097,0.0,-0.0001257117335196768,0.0,0.00393272372491577,0.0,0.0,-1.811101248502258e-05,0.0,0.0,-0.003888873237464076,0.0,0.0,0.0,0.0,-0.0010069581349464837,0.0,0.0,-9.466341240311896e-05,0.0,0.0,0.0,0.0,0.0,0.0,0.0005663597691089558,0.0019341779576203715
0.0,-3.4728560342641504e-07,0.0,0.0,0.03813891634997753,0.0,0.0,0.28707628731390095,-0.28707628731390095,0.0,0.0,0.0,0.0,-0.12926010059447252,0.0,0.0,0.24900804247541264,0.0037967645348077643,-8.195943047131142e-05,0.0,3.2814988347843266e-05,0.0,0.0,-1.1807714578201431e-05,0.0,0.0,-0.003168196527665093,0.0,0.0,0.0,0.0,-0.000656499699256394,0.0,0.0,-6.171706609881497e-05,0.0,0.0,0.0,0.0,0.0,0.0,0.000369245756290266,0.0012610129492162101
0.0,-3.58298152576915e-07,0.0,0.0,0.038788720390135124,0.0,0.0,0.2875991292672454,-0.2875991292672454,0.0,0.0,0.0,0.0,-0.12711017914280387,0.0,0.0,0.2483237269387232,0.0,-8.455839296070683e-05,0.0,0.001712638968622075,0.0,0.0,-1.2182141378116475e-05,0.0,0.0,-0.0035484583928399264,0.0,0.0,0.0,0.0,-0.000677317536604153,0.0027979723423383926,0.0,-6.367413606408886e-05,0.0,0.0,0.0,0.0,0.0,0.0,0.0003809546696446939,0.0013010001152422355
0.0,-3.977973996496465e-07,0.0,0.0,0.025066502292683264,0.0,0.0,0.2855010896826503,-0.2855010896826503,0.0,0.0,0.0,0.0,-0.1310507024968461,0.0,0.0,0.2605155378907144,0.0,-9.388021846163819e-05,0.0,0.001283311802073819,0.0,0.0,-1.3525116240555582e-05,0.0,0.0,-0.002077367451799316,0.0,0.0,0.0,0.0,-0.0007519858890157056,0.0,0.0,-7.069365434641732e-05,0.0,0.0,0.0,0.0,0.0,-0.006206540391322277,0.0004229516001663392,0.0014444240336297961
0.0,-2.8920294078626034e-07,0.0,0.0,0.03384283991901489,0.0,0.0,0.2870468352771178,-0.2870468352771178,0.0,0.0,0.0,0.0,-0.12590629256536606,-0.003470939139564284,0.0,0.2553454107169288,0.0,-6.825191739482117e-05,0.0,0.0028419978570363635,0.0,0.0,-9.832903369126286e-06,0.0,0.0,-0.0024647764971171254,0.0,0.0,0.0,0.0,-0.0005467017399426224,0.0,0.0,-5.139503865514888e-05,0.0,0.0,0.0,0.0,0.0,0.0,0.0003074903121189082,0.0010501116363153694
0.0,-2.3452726767260322e-07,0.0,0.0,0.025755792222033305,0.0,0.0,0.2866340661790442,-0.2866340661790442,0.0,0.0,0.0,0.0,-0.13489457157167342,0.0,0.0,0.25848656180856905,0.0,-5.5348454121888706e-05,0.0,0.0001467357938598297,0.00243943769861821,0.0,-7.973929843798743e-06,0.0,0.0,-0.003359250312036614,0.0,0.0,0.0,0.0,-0.00044334426528311674,0.0,0.0,-4.1678476556807325e-05,0.0,0.0,0.0,0.0,0.0,0.0,0.0002493572940198455,0.0008515812880280035
0.0,-3.014446024543708e-07,0.0,0.0,0.03310465612086763,0.0,0.0,0.28689650584286996,-0.28689650584286996,0.0,0.0,0.0,0.0,-0.13105488281818214,0.0,0.0,0.25385319273615414,0.002351609264574037,-7.114095053769203e-05,0.0,0.0009724734659951374,0.0,0.0,-1.0249120009015261e-05,0.0,0.0,-0.0027500009598920238,0.0,0.0,0.0,0.0,-0.0005698430597215631,0.0,0.0,-5.3570537538131476e-05,0.0,0.0,0.0,0.0,0.0,0.0,0.00032050605932032873,0.0010945617768657015
0.0,-2.9243710949203497e-07,0.0,0.0,0.03184705993452739,0.0,0.0,0.2870912309729832,-0.2870912309729832,0.0,0.0,0.0,0.0,-0.13058319722794132,0.0,0.0,0.2550352880425374,0.0,-6.901518147072343e-05,0.0,0.0021511834629627737,0.0,0.0,-9.94286514294807e-06,0.0,0.0,-0.002802024443758618,0.0,0.0,0.0,0.0,-0.0005528155285988094,0.0013419650700570939,0.0,-5.196979154389424e-05,0.0,0.0,0.0,0.0,0.0,0.0,0.0003109289892709459,0.0010618550791120006
0.0,-1.9744066429420183e-07,0.0,0.0,0.021682940223567596,0.0,0.0,0.28648861813101884,-0.28648861813101884,0.0,0.0,0.0,0.0,-0.13512687983935323,0.0,0.0,0.2648458564522496,0.0,-4.6596012727774766e-05,0.0,0.0021772129842391407,0.0,0.0,-6.712984895184106e-06,0.0,0.0,-0.001801199994658923,0.0,0.0,0.0,0.0,-0.00037323671194907667,0.0,0.0,-3.508771572623258e-05,0.0,0.0,0.0,0.0,0.0,0.0,0.00020992556757456387,0.000716917810356609
0.0,-1.4866393297063285e-07,0.0,0.0,0.014159216480325408,0.0,0.0,0.2850590023063982,-0.2850590023063982,0.0,0.0,0.0,0.0027088268883929075,-0.1396680345954968,0.0,0.0,0.2687629769510661,0.0,-3.5084700193971595e-05,0.0,0.0010975779982605376,0.0,0.0,-5.054575459711052e-06,0.0,0.0,-0.002439753275322327,0.0,0.0,0.0,0.0,-0.00028103044388412947,0.0,0.0,-2.6419470565823275e-05,0.0,0.0,0.0,0.0,0.0,0.0,0.00015806450316751443,0.0005398068411352975
0.0,-2.3617487522097176e-07,0.0,0.0,0.025936732536992645,0.0,0.0,0.28664052784660043,-0.28664052784660043,0.0,0.0,0.0,0.0,-0.13490135794301222,0.0,0.0,0.2581698303362211,0.0,-5.5737289636439864e-05,0.0,2.2316144700399765e-05,0.002582025806438685,0.0,-8.029948519712984e-06,0.0,0.0,-0.0034455750624749963,0.0,0.0,0.0,0.0,-0.0004464588598684512,0.0,0.0,-4.1971277360999357e-05,0.0,0.0,0.0,0.0,0.0,0.0,0.0002511090858858616,0.0008575638408122837
0.0,-2.3216896937307927e-07,0.0,0.0,0.025382967524648612,0.0,0.0,0.28655976797510774,-0.28655976797510774,0.0,0.0,0.0,0.0001422953760522523,-0.1351318420356886,0.0,0.0,0.25865735652451793,0.0,-5.479189553263696e-05,0.0,7.885577740440084e-05,0.002452853269101359,0.0,-7.893747674033285e-06,0.0,0.0,-0.003401362103691869,0.0,0.0,0.0,0.0,-0.0004388861993307157,0.0,0.0,-4.1259376972498525e-05,0.0,0.0,0.0,0.0,0.0,0.0,0.00024684987179855473,0.0008430181784015937
0.0,-2.341480697184495e-07,0.0,0.0,0.025341026958817476,0.0,0.0,0.28641936660405376,-0.28641936660405376,0.0003731217314631095,0.0,0.0,0.0,-0.13523614841905895,0.0,0.0,0.25856612065201134,0.0,-5.5258963374067056e-05,0.0,2.2124632013745294e-05,0.002559867377828326,0.0,-7.96103710892258e-06,0.0,0.0,-0.0034160058270114703,0.0,0.0,0.0,0.0,-0.00044262743930356446,0.0,0.0,-4.1611088260344303e-05,0.0,0.0,0.0,0.0,0.0,0.0,0.000248954117976889,0.0008502043995944309
0.0,-4.537972109322771e-07,0.0,0.0,0.025770321286284294,0.0,0.0,0.2852020379835946,-0.2852020379835946,0.0,0.0,0.0,0.0,-0.129960362414872,0.0,0.0,0.2595240629808584,0.0,-0.00010709617844944639,0.0,0.0009931512326315666,0.0,0.0,-1.5429110479114776e-05,0.0,0.0,-0.0021343990360089527,0.0,0.0,0.0,0.0,-0.0008578464801336198,0.0,0.0,-8.064553262859204e-05,0.0,0.0,0.0,0.0,0.0,-0.00802190109690728,0.00048249248658706995,0.0016477623997594015
0.0,-3.8243329585953505e-07,0.0,0.0,0.02110433425953104,0.0,0.0,0.28465388791047036,-0.28465388791047036,0.0,0.0,0.0,0.001497013050779146,-0.13332450345731384,0.0,0.0,0.26242976716499633,0.0,-9.025428872566379e-05,0.0,0.0006349413112513365,0.0,0.0,-1.3002736531999832e-05,0.0,0.0,-0.0024462373354185887,0.0,0.0,0.0,0.0,-0.0007229419856173622,0.0,0.0,-6.796325780878983e-05,0.0,0.0,0.0,0.0,0.0,-0.006565630794911203,0.0004066159672816783,0.0013886361355963622
0.0,-5.360174688696856e-07,0.0,0.0,0.01699052102487187,0.0,0.0,0.2806311045870064,-0.2806311045870064,0.006714270164495289,0.0,0.0,0.0,-0.13378256347689355,0.0,0.0,0.2637496614056613,0.0,-0.0001265001659665453,0.0,5.064824692315851e-05,0.0,0.0,-1.8224600210599497e-05,0.0,0.0,-0.0019598930073819344,0.0,0.0,0.0,0.0,-0.001013273523685481,0.0,0.0,-9.525711757112723e-05,0.0,0.0,0.0,0.0,0.0,-0.011720221602984257,0.0005699118354599979,0.0019463086364131111
0.0,-2.7678442629793975e-07,0.0,0.0,0.026150870894512405,0.0,0.0,0.2863954491365838,-0.2863954491365838,0.0,0.0,0.0,0.0,-0.13403881397019146,0.0,0.0,0.2579825063482082,0.0,-6.532114697208998e-05,0.0,2.6153337870096503e-05,0.002318396640901812,0.0,-9.41067373128177e-06,0.0,0.0,-0.0033304305635974084,0.0,0.0,0.0,0.0,-0.0005232261021783258,0.0,0.0,-4.918811077802721e-05,0.0,0.0,0.0,0.0,0.0,-0.0014152012908870285,0.00029428652903950626,0.0010050193335383569
0.0,-2.447727415138354e-07,0.0,0.0,0.027101807893035783,0.0,0.0,0.2866952814154272,-0.2866952814154272,0.0,0.0,0.0,0.0,-0.13395967511443488,-0.0003680956633009421,0.0,0.25729854650987904,0.0,-5.7766386776312816e-05,0.0,9.674768904547512e-05,0.0025655948818844527,0.0,-8.322276074227302e-06,0.0,0.0,-0.0034973909222604173,0.0,0.0,0.0,0.0,-0.00046271204335726136,0.0,0.0,-4.3499227489280084e-05,0.0,0.0,0.0,0.0,0.0,0.0,0.0002602506270567835,0.0008887831618090664
0.0,-2.579819614473482e-07,0.0,0.0,0.028331587461063068,0.0,0.0,0.2867260519398258,-0.2867260519398258,0.0,0.0,0.0,0.0,-0.13383699858559012,0.0,0.0,0.25628605920495745,0.0006595320584852076,-6.0883763748002904e-05,0.0,2.4376694499638942e-05,0.002160903779279018,0.0,-8.771389706456102e-06,0.0,0.0,-0.003433954443139113,0.0,0.0,0.0,0.0,-0.00048768241019137097,0.0,0.0,-4.5846673774720845e-05,0.0,0.0,0.0,0.0,0.0,0.0,0.0002742951148104714,0.0009367465591421605
0.0,-2.4965626295036686e-07,0.0,0.0,0.027368163027541935,0.0,0.0,0.2867354820541574,-0.2867354820541574,0.0,0.0,0.0,0.0,-0.13412459348638617,0.0,0.0,0.2569832854009176,0.0,-5.89188982299509e-05,0.0,0.00017087785509414818,0.002385741926387441,0.0,-8.48831586018494e-06,0.0,0.0,-0.003494968303570262,0.0,0.0,0.0,0.0,-0.00047194372564631523,0.00024547975861092934,0.0,-4.4367091323311e-05,0.0,0.0,0.0,0.0,0.0,0.0,0.0002654429516115612,0.0009065154942423224
0.014548431997454767,-1.1322620843010836e-06,0.0,0.0,0.15170340057346807,0.0,0.0,0.28721814283359226,-0.28721814283359226,0.0,0.0,0.0,0.0,0.0,-0.06499514494257258,0.0,0.17765192734424515,0.0,-0.00026721394338835515,0.0,0.003076452557197891,0.0,0.0,-3.8496924108688076e-05,0.0,0.0,-0.0056247330138192,0.0,0.0,0.0,0.0,-0.002140398883481447,0.0,0.0,-0.0002012173646374563,0.0,0.0,0.0,0.0,0.0,0.0,0.0012038592026609376,0.0041113053236965895
0.0,-9.965900410320967e-07,0.0,0.0,0.12596028609744037,0.0,0.0,0.2891402526567485,-0.2891402526567485,0.0,0.0,0.0,0.0,0.00359684561675046,-0.06871014893111557,0.0,0.20460885880943028,0.0,-0.00023519533021379153,0.0,0.0,0.0,0.0,-3.388407305078055e-05,0.0,0.0,-0.00359684561675046,0.0,0.0,0.0,0.0,-0.0018839279709966948,0.0,0.0,-0.0001771067180123723,0.0,0.0,0.0,0.0,0.0,-0.008237118076299735,0.0010596081144210606,0.0036186727419804153
0.0,-9.932556263625018e-07,0.0,0.0,0.12410492069339453,0.0,0.0,0.29104068928443666,-0.29104068928443666,0.0,0.0,0.0,0.0,0.0,-0.06728531981173802,0.0,0.20750908482679858,0.0,-0.0002344084080823272,0.0,0.0,0.0,0.0,-3.377070291301643e-05,0.0,0.0,-0.003584811205111808,0.0,0.0,0.0,0.0,-0.0018776246799699792,0.0,0.0,-0.00017651415014162308,0.0,0.0,0.0,0.0,0.0,-0.00844854554434129,0.00105606285238223,0.00360656530062687
0.0,-8.60204842523541e-07,0.0,0.0,0.13449652007634283,0.0,0.0,0.2925785264906433,-0.2925785264906433,0.0,0.0,0.0,0.0,0.0,-0.06784032585512743,0.0,0.19828585143197797,0.0,-0.00020300841234506263,0.0,0.0,0.0,0.0,-2.9246974706386926e-05,0.0,0.0,-0.004793109198146627,0.0,0.0,0.0,0.0,-0.001626108928339886,0.0,0.0,-0.0001528693346362542,0.0,0.0,0.0,0.00337699717201921,0.0,0.0,0.00091459877549878,0.0031234506547303943
0.0,-3.096189628583819e-07,0.0,0.0,0.03368041043645762,0.0,0.0,0.2872045252008046,-0.2872045252008046,0.0,0.0,0.0,0.0,-0.12974597815672606,0.0,0.0,0.2532651670228629,0.0,-7.307010025357405e-05,0.0,0.0021264059951369195,0.0,0.0,-1.0527048358355448e-05,0.0,0.0,-0.002985550636627362,0.0,0.0,0.0,0.0,-0.000585295658660015,0.0016097710593955996,0.0,-5.502322528675214e-05,0.0,0.0,0.0,0.0,0.0,0.0,0.00032919731475904667,0.001124243324903734
0.0,-2.943938845502457e-07,0.0,0.0,0.028244475422275213,0.0,0.0,0.2839246596939907,-0.2839246596939907,0.0,0.0,0.0,0.0,-0.1367104392273763,0.005640572982863973,0.0,0.251654221859999,0.0,-6.947698054257988e-05,0.0,0.001004283170275161,0.0,0.0,-1.0009395517812837e-05,0.0,0.0,-0.0033184711562500423,0.0,0.0,0.0,0.0,-0.0005565145654277287,0.003507634187839314,0.0,-5.2317535344433606e-05,0.0,0.0,0.0,0.0,0.0,0.0,0.0003130094984516614,0.0010689602359706836
0.0,-2.696488108475608e-07,0.0,0.0,0.028056215017857076,0.0,0.0,0.2862892819821764,-0.2862892819821764,0.0,0.0,0.0,0.0015896795490653475,-0.13296902591541726,0.0,0.0,0.256731313409698,0.0,-6.363714114920173e-05,0.0,0.0015159986761122059,0.0,0.0,-9.168062722513794e-06,0.0,0.0,-0.0032382493093431595,0.0,0.0,0.0,0.0,-0.000509737119764531,0.0014244129372299873,0.0,-4.79200212112218e-05,0.0,0.0,0.0,0.0,0.0,0.0,0.00028669970223880954,0.0009791095250269264
0.0,-3.422411200782329e-07,0.0,0.0,0.02955633032277651,0.0,0.0,0.28323232663773024,-0.28323232663773024,0.007494084303270166,0.0,0.0,0.0,-0.1331687923209693,0.0,0.0,0.2532111248928783,0.0,-8.076893199351712e-05,0.0,0.0016358875274552918,0.0,0.0,-1.1636202085365125e-05,0.0,0.0,-0.0033894352124962295,0.0,0.0,0.0,0.0,-0.0006469637387434579,0.0026725819865460977,0.0,-6.082059728708637e-05,0.0,0.0,0.0,0.0,0.0,0.0,0.00036388229160697446,0.0012426961553111294
0.0,-3.211296081889779e-07,0.0,0.0,0.035266464095784406,0.0,0.0,0.28697370745743284,-0.28697370745743284,0.0,0.0,0.0,0.0,-0.13028416888050787,0.0,0.0,0.2517725922116173,0.002838349260552209,-7.578661348172116e-05,0.0,0.0007028034957556655,0.0,0.0,-1.0918410434219276e-05,0.0,0.0,-0.0029295821639503832,0.0,0.0,0.0,0.0,-0.0006070550841104985,0.0,0.0,-5.7068813274562105e-05,0.0,0.0,0.0,0.0,0.0,0.0,0.00034143582075685003,0.0011660391053003498
0.0,-2.8579682084583025e-07,0.0,0.0,0.030491228111644255,0.0,0.0,0.2863237158276426,-0.2863237158276426,0.0,0.0,0.0,0.001118735150180387,-0.13275430129342078,0.0,0.0,0.2549956583364085,0.0024532858780192406,-6.744807281364554e-05,0.0,0.00047449897836815245,0.0,0.0,-9.717095251315145e-06,0.0,0.0,-0.0030547443649738275,0.0,0.0,0.0,0.0,-0.000540262899131309,0.0,0.0,-5.078972784632187e-05,0.0,0.0,0.0,0.0,0.0,0.0,0.00030386881061982295,0.0010377438292162881
0.0,-3.3426062566404473e-07,0.0,0.0,0.03252149233623972,0.0,0.0,0.2846326221620924,-0.2846326221620924,0.004187020529003046,0.0,0.0,0.0,-0.13276078783560424,0.0,0.0,0.25217915079595316,0.0036543665397658948,-7.88855346668988e-05,0.0,3.1584259261218e-05,0.0,0.0,-1.1364865181946293e-05,0.0,0.0,-0.0030493730322120193,0.0,0.0,0.0,0.0,-0.0006318776190450295,0.0,0.0,-5.9402361989100483e-05,0.0,0.0,0.0,0.0,0.0,0.0,0.00035539716102147493,0.0012137185452456688
0.0,-3.05520479311315e-07,0.0,0.0,0.036044932845058913,0.0,0.0,0.2871498873671351,-0.2871498873671351,0.0,0.0,0.0,0.0,-0.1241591755642479,-0.0041544396569696855,0.0,0.25365979075833683,0.0,-7.210285780528519e-05,0.0,0.0029535841769372487,0.0,0.0,-1.0387699869821069e-05,0.0,0.0,-0.0025794621449547806,0.0,0.0,0.0,0.0,-0.000577547991640392,0.0,0.0,-5.429487266434685e-05,0.0,0.0,0.0,0.0,0.0,0.0,0.0003248396689423217,0.0011093615078228943
0.0,-2.5079472794116904e-07,0.0,0.0,0.027713720139463098,0.0,0.0,0.28570232797509265,-0.28570232797509265,0.0,0.0,0.0,0.0026561426201732476,-0.12941258671975725,-0.0038272483228940753,0.0,0.2582110786596299,0.0,-5.9187576059774746e-05,0.0,0.0018516042860398478,0.0,0.0,-8.527023683187213e-06,0.0,0.0,-0.0031590299174086684,0.0,0.0,0.0,0.0,-0.00047409585034339884,0.0,0.0,-4.4569411023279254e-05,0.0,0.0,0.0,0.0,0.0,0.0,0.00026665340595343785,0.0009106493226575134
0.0,-4.781136264510832e-07,0.0,0.0,0.032578656590566364,0.0,0.0,0.27122390380757816,-0.27122390380757816,0.030381930057163237,0.0,0.0,0.0,-0.11758820803086126,-0.017423554202532453,0.0,0.2491966743350003,0.0,-0.00011283485447679107,0.0,0.00352988775808137,0.0,0.0,-1.6255868891148534e-05,0.0,0.0,-0.0034905289549544225,0.0,0.0,0.0,0.0,-0.0009038136014815457,0.0,0.0,-8.496686875382646e-05,0.0,0.0,0.0,0.0,0.0,0.0,0.0005083465189740253,0.0017360566294804256
0.0,-6.633036842218939e-07,0.0,0.0,0.11673023173890174,0.0,0.0,0.29112732087553844,-0.29112732087553844,0.0,0.0,0.0,0.0,0.0023939642690961947,-0.07314366566502563,0.0,0.21841826871760553,0.0,-0.00015653972307512595,0.0,0.0,0.0,0.0,-2.2552333021259512e-05,0.0,0.0,-0.0023939642690961947,0.0,0.0,0.0,0.0,-0.0012538920845292082,0.0,0.0,-0.00011787749598259444,0.0,0.0,0.0,0.0,0.0,0.0,0.0007052468288756133,0.0024084918200297845
0.0,-6.554579694283647e-07,0.0,0.0,0.11534951860886637,0.0,0.0,0.2924150929918956,-0.2924150929918956,0.0,0.0,0.0,0.0,0.0,-0.07227850487455868,0.0,0.2205660609118071,0.0,-0.0001546881337498741,0.0,0.0,0.0,0.0,-2.2285578626519404e-05,0.0,0.0,-0.0023656478865281385,0.0,0.0,0.0,0.0,-0.0012390607487307037,0.0,0.0,-0.00011648321273639217,0.0,0.0,0.0,0.0,0.0,0.0,0.0006969050005245619,0.0023800036021109153
0.0,-4.877936805169498e-07,0.0,0.0,0.060233962869255774,0.0,0.0,0.28777424822759884,-0.28777424822759884,0.0,0.0,0.0,0.0,-0.10422463879483823,-0.012814706557118158,0.0,0.23430399470319324,0.0,-0.00011511934801853973,0.0,0.0,0.0,0.0,-1.658499084260176e-05,0.0,0.0,-0.004321469483945935,0.0,0.0,0.0,0.0,-0.000922112524674236,0.0,0.0,-8.668713740512914e-05,0.0,0.0,0.0,0.005121895229929295,0.0,0.0,0.0005186386786524467,0.0017712054332480927
0.0,-3.701862681533435e-07,0.0,0.0,0.03963334080405892,0.0,0.0,0.287277589762282,-0.287277589762282,0.0,0.0,0.0,0.0,-0.12751875393338546,0.0,0.0,0.24669905338510756,0.0,-8.736398919737218e-05,0.0,0.0,0.0,0.0,-1.258633744675334e-05,0.0,0.0,-0.0038873770034436616,0.0,0.0,0.0,0.0,-0.0006997905220191797,0.002431267863511668,0.0,-6.578680531263215e-05,0.0,0.0,0.0,0.0026713686202873813,0.0,0.0,0.00039359451472774674,0.0013441665106693687
0.0,-5.672458812050499e-07,0.0,0.0,0.02538062844798355,0.0,0.0,0.2844105258328219,-0.2844105258328219,0.0,0.0,0.0,0.0,-0.12814601850918514,0.0,0.0,0.25911853060204065,0.0,-0.0001338700738011269,0.0,0.0,0.0,0.0,-1.928636659523599e-05,0.0,0.0,-0.0021142757632933882,0.0,0.0,0.0,0.0,-0.0010723069045804805,0.0,0.0,-0.00010080680338950612,0.0,0.0,0.0,0.00013399754264539993,0.0,-0.012295844435978184,0.0006031149357807377,0.002059700703201453
0.0,-4.400828965768304e-07,0.0,0.0,0.05307883125342065,0.0,0.0,0.28742834328877964,-0.28742834328877964,0.0,0.0,0.0,0.0,-0.11134300247397244,-0.009539409653795843,0.0,0.2391879806281153,0.0,-0.00010385959915336535,0.0,0.0,0.0,0.0,-1.4962823630632853e-05,0.0,0.0,-0.004025158025004382,0.0,0.0,0.0,0.0,-0.0008319212959018867,0.0,0.0,-7.82083246440855e-05,0.0,0.0,0.0,0.004873663319423754,0.0,0.0,0.0004679109654234598,0.0015979649770582775
0.0,-3.559107615717378e-07,0.0,0.0,0.03810495883483634,0.0,0.0,0.2871005053139593,-0.2871005053139593,0.0,0.0,0.0,0.0,-0.12846064487739792,0.0,0.0,0.2480868005174212,0.0,-8.399496849057006e-05,0.0,0.0,0.0,0.0,-1.210097005601855e-05,0.0,0.0,-0.003737467942054991,0.0,0.0,0.0,0.0,-0.0006728044745553879,0.0019287153518328846,0.0,-6.32498663361862e-05,0.0,0.0,0.0,0.0029771479748434354,0.0,0.0,0.00037841631507839514,0.0012923313684163721
0.0,-3.4731409619646436e-07,0.0,0.0,0.038125636586604464,0.0,0.0,0.2870670225780555,-0.2870670225780555,0.0,0.0,0.0,0.0,-0.1292789100563773,0.0,0.0,0.2489956544608143,0.0037642583566952037,-8.196615476734545e-05,0.0,0.0,0.0,0.0,-1.1808683332716347e-05,0.0,0.0,-0.0031766608799764576,0.0,0.0,0.0,0.0,-0.0006565535612500493,0.0,0.0,-6.172212962622619e-05,0.0,0.0,0.0,8.204420156840436e-05,0.0,0.0,0.00036927605076352336,0.001261116408016796
0.0,-3.351810447160308e-07,0.0,0.0,0.028844476602333823,0.0,0.0,0.2859759988608278,-0.2859759988608278,0.0,0.0,0.0,0.0,-0.13197125676689006,0.0,0.0,0.25658183984315436,0.0,-7.910275363754267e-05,0.0,0.0,0.0,0.0,-1.1396159440478646e-05,0.0,0.0,-0.0027544462850321977,0.0,0.0,0.0,0.0,-0.000633617555353523,0.0,0.0,-5.956593215414497e-05,0.0,0.0,0.0,0.003089453438892369,0.0,-0.0024490753418615796,0.0003563757815735549,0.0012170606369759575
0.0,-2.9319379918399357e-07,0.0,0.0,0.031883567287906825,0.0,0.0,0.2864586520101101,-0.2864586520101101,0.0,0.0,0.0,0.0,-0.1310557038531607,-0.0007892633119695283,0.0,0.25431976337683054,0.0,-6.919376029917054e-05,0.0,0.0,0.0,0.0,-9.96859260132458e-06,0.0,0.0,-0.003029539522337316,0.0,0.0,0.0,0.0,-0.000554245955170772,0.0,0.0,-5.210426492048728e-05,0.0,0.0,0.0,0.003942716672919008,0.0,0.0,0.0003117335272501412,0.0010646026606146136
0.0,-2.9382767943093053e-07,0.0,0.0,0.031458142990133664,0.0,0.0,0.2865111093692634,-0.2865111093692634,0.0,0.0,0.0,0.0,-0.13201466410358645,0.0,0.0,0.2543027369790972,0.0,-6.934335608866885e-05,0.0,0.0,0.0,0.0,-9.990144537134029e-06,0.0,0.0,-0.0030855249431398966,0.0,0.0,0.0,0.0,-0.0005554442259524368,0.0003757106010740043,0.0,-5.2216913497661124e-05,0.0,0.0,0.0,0.003674401372266994,0.0,0.0,0.00031240749008899327,0.001066904314330614
0.0,-2.674658654429508e-07,0.0,0.0,0.0286357618056268,0.0,0.0,0.28634190448912267,-0.28634190448912267,0.0,0.0,0.0,0.0,-0.13328058122109365,0.0,0.0,0.25702322283010065,0.0,-6.31219658573192e-05,0.0,0.0,0.0,0.0,-9.093842553226258e-06,0.0,0.0,-0.002808695902513565,0.0,0.0,0.0,0.0,-0.0005056105363776004,0.0,0.0,-4.753208406526127e-05,0.0,0.0,0.0,0.003686741515259962,0.0,0.0,0.0002843787211243811,0.0009711831313167173
0.0,-2.976404362750857e-07,0.0,0.0,0.03213819614661713,0.0,0.0,0.28656805143873876,-0.28656805143873876,0.0,0.0,0.0,0.0,-0.13187008676628967,0.0,0.0,0.25394173785083546,0.001087388240942749,-7.024316701198219e-05,0.0,0.0,0.0,0.0,-1.0119778314427672e-05,0.0,0.0,-0.00298963969793637,0.0,0.0,0.0,0.0,-0.0005626517626220528,0.0,0.0,-5.2894488853068254e-05,0.0,0.0,0.0,0.0027434315988320236,0.0,0.0,0.00031646134164684876,0.001080748642184277
0.0,-2.4345827861882336e-07,0.0,0.0,0.026584272510943304,0.0,0.0,0.2865820501809565,-0.2865820501809565,0.0,0.0,0.0,0.0,-0.13454782860327397,0.0,0.0,0.2578196342067348,0.0,-5.74561734268738e-05,0.0,0.0,0.0020753628197650717,0.0,-8.277584320423499e-06,0.0,0.0,-0.0033348499830950055,0.0,0.0,0.0,0.0,-0.00046022721678586,0.0,0.0,-4.3265630724612905e-05,0.0,0.0,0.0,0.0007616181295121494,0.0,0.0,0.00025885304581242576,0.0008840102754137752
0.0,-2.004852957487427e-07,0.0,0.0,0.019834930836958923,0.0,0.0,0.28525348962200675,-0.28525348962200675,0.0,0.0,0.0,0.0021728989931057018,-0.13765769723149768,0.0,0.0,0.26327698598989746,0.0,-4.731454599707018e-05,0.0,0.0,0.0,0.0,-6.816502400247198e-06,0.0,0.0,-0.0029201608344747144,0.0,0.0,0.0,0.0,-0.0003789922043004208,0.0,0.0,-3.5628785436213354e-05,0.0,0.0,0.0,0.0022202585912217726,0.0,0.0,0.00021316272233411982,0.0007279730330663536
0.0,-3.964767983607325e-07,0.0,0.0,0.028713080955541825,0.0,0.0,0.285620906134457,-0.285620906134457,0.0,0.0,0.0,0.0,-0.1308367913639718,0.0,0.0,0.25649267637917256,0.0,-9.356855645074229e-05,0.0,0.0,0.0,0.0,-1.3480215781287322e-05,0.0,0.0,-0.0026705217049424663,0.0,0.0,0.0,0.0,-0.0007494894585836467,0.0,0.0,-7.045896671112826e-05,0.0,0.0,0.0,0.0024791528117204505,0.0,-0.004777394490645069,0.00042154749237473515,0.0014396288583917733
0.0,-3.110741969404564e-07,0.0,0.0,0.03330461101161917,0.0,0.0,0.2866316493719464,-0.2866316493719464,0.0,0.0,0.0,0.0,-0.13115694481517182,0.0,0.0,0.252532773474908,0.0,-7.341353561453493e-05,0.0,0.0,0.0,0.0,-1.0576526334165772e-05,0.0,0.0,-0.0032666329996068845,0.0,0.0,0.0,0.0,-0.0005880465954331023,0.0006559569895090828,0.0,-5.528183888071205e-05,0.0,0.0,0.0,0.0036318804670098384,0.0,0.0,0.00033074456867315496,0.0011295273591497015
0.0,-3.1819053127072156e-07,0.0,0.0,0.034545768159694,0.0,0.0,0.28673479432089194,-0.28673479432089194,0.0,0.0,0.0,0.0,-0.1308824369625669,0.0,0.0,0.25185585050579345,0.0019170373869962217,-7.509299109151832e-05,0.0,0.0,0.0,0.0,-1.0818481784624381e-05,0.0,0.0,-0.0031017329334711383,0.0,0.0,0.0,0.0,-0.0006014991293174128,0.0,0.0,-5.654650194738968e-05,0.0,0.0,0.0,0.001989632063021525,0.0,0.0,0.0003383108951372173,0.0011553671568633943
0.0,-3.099044225049619e-07,0.0,0.0,0.034039226837223636,0.0,0.0,0.2865397573881362,-0.2865397573881362,0.0,0.0,0.0,0.0,-0.12948860151547437,-0.0013757690644143677,0.0,0.2525691081125783,0.0,-7.313746875323371e-05,0.0,0.0,0.0,0.0,-1.0536753989677782e-05,0.0,0.0,-0.003168363470570865,0.0,0.0,0.0,0.0,-0.0005858352841736574,0.0,0.0,-5.507395509444558e-05,0.0,0.0,0.0,0.004099742187522955,0.0,0.0,0.0003295008250746251,0.0011252798444348188
0.0,-2.7526183446480533e-07,0.0,0.0,0.026228095367682044,0.0,0.0,0.2864065646081747,-0.2864065646081747,0.0,0.0,0.0,0.0,-0.13406224306112008,0.0,0.0,0.2579028315415798,0.0,-6.496181517643608e-05,0.0,0.0,0.0023186478692287706,0.0,-9.35890559114762e-06,0.0,0.0,-0.00334462169196022,0.0,0.0,0.0,0.0,-0.0005203478340592883,0.0,0.0,-4.89175268555152e-05,0.0,0.0,0.0,6.50236707298641e-05,0.0,-0.0013293878601101088,0.0002926676580946696,0.000999490719628048
0.0,-2.461031201311338e-07,0.0,0.0,0.027163996174274774,0.0,0.0,0.2866728208458452,-0.2866728208458452,0.0,0.0,0.0,0.0,-0.13404940963736714,-0.00029714117548629873,0.0,0.2571771059852593,0.0,-5.808035623749749e-05,0.0,0.0,0.0025187433413706058,0.0,-8.367508962774984e-06,0.0,0.0,-0.003510320200336942,0.0,0.0,0.0,0.0,-0.0004652269565973622,0.0,0.0,-4.373565268010332e-05,0.0,0.0,0.0,0.00020670624712401824,0.0,0.0,0.00026166513043339933,0.0008936138390592078
0.0,-2.502549453463918e-07,0.0,0.0,0.027384853293128487,0.0,0.0,0.2866889915889337,-0.2866889915889337,0.0,0.0,0.0,0.0,-0.1342137660724893,0.0,0.0,0.25688991803302785,0.0,-5.906018732378977e-05,0.0,0.0,0.0023669933386573807,0.0,-8.50867106865172e-06,0.0,0.0,-0.003515584161381012,0.0,0.0,0.0,0.0,-0.00047307545932333115,0.00017265944359738005,0.0,-4.4473484794975586e-05,0.0,0.0,0.0,0.00031810558884199643,0.0,0.0,0.00026607949090923683,0.0009086893426437727
0.0,-2.5762400021904865e-07,0.0,0.0,0.028280104711853465,0.0,0.0,0.2867176929641055,-0.2867176929641055,0.0,0.0,0.0,0.0,-0.133870379747157,0.0,0.0,0.25630776561199,0.0006221026228174699,-6.079928486919889e-05,0.0,0.0,0.002170076866382523,0.0,-8.759219020507357e-06,0.0,0.0,-0.0034413611168981873,0.0,0.0,0.0,0.0,-0.000487005729567684,0.0,0.0,-4.578305951438351e-05,0.0,0.0,0.0,6.0857176930918494e-05,0.0,0.0,0.00027391451837007196,0.0009354467824173281
0.0,-2.3419114140768275e-07,0.0,0.0,0.025504622763562333,0.0,0.0,0.2865103159078012,-0.2865103159078012,0.0,0.0,0.0,0.00020319171011437315,-0.13511568985215175,0.0,0.0,0.2585040763776284,0.0,-5.526912829620654e-05,0.0,0.0,0.0023350178551236303,0.0,-7.96250154686026e-06,0.0,0.0,-0.003411102028034559,0.0,0.0,0.0,0.0,-0.00044270886090799923,0.0,0.0,-4.16187426470081e-05,0.0,0.0,0.0,0.00025851346474974464,0.0,0.0,0.00024899991324829883,0.0008503607952449613
0.0,-2.347635655319185e-07,0.0,0.0,0.025363274338491216,0.0,0.0,0.28639586826224644,-0.28639586826224644,0.0004073767271148655,0.0,0.0,0.0,-0.13524225941367732,0.0,0.0,0.2585248625544395,0.0,-5.5404220435781336e-05,0.0,0.0,0.0025444136102705135,0.0,-7.981963973779101e-06,0.0,0.0,-0.0034194396495147725,0.0,0.0,0.0,0.0,-0.00044379095662892793,0.0,0.0,-4.1720469690005145e-05,0.0,0.0,0.0,5.5456975407421146e-05,0.0,0.0,0.0002496085338665647,0.0008524392984307635
0.0,-2.369840264041844e-07,0.0,0.0,0.026014397245786736,0.0,0.0,0.2866373033290392,-0.2866373033290392,0.0,0.0,0.0,0.0,-0.13487650009016094,0.0,0.0,0.25809145587421345,0.0,-5.5928249381062124e-05,0.0,0.0,0.0025684794011084804,0.0,-8.0574596694057e-06,0.0,0.0,-0.0034517816866175867,0.0,0.0,0.0,0.0,-0.00044798845828310186,0.0,0.0,-4.211507381142967e-05,0.0,0.0,0.0,5.598150332429524e-05,0.0,0.0,0.00025196940269038993,0.0008605019128482037
0.017475213115100096,-1.1654754131139532e-06,0.0,0.0,0.15265337579043384,0.0,0.0,0.2856431937670897,-0.2856431937670897,0.0,0.0,0.0,0.0,0.0,-0.06556834117072063,0.0,0.17536302934301923,0.0,-0.0002750522916720207,0.0,0.0,0.0,0.0,-3.9626177676774474e-05,0.0,0.0,-0.005956394921258281,0.0,0.0,0.0,0.0,-0.002203184499014665,0.0,0.0,-0.0002071197953442906,0.0,0.0,0.0,0.003500032422729456,0.0,0.0,0.001239172733067688,0.004231904730370465
0.019833251645076443,-1.3497358041631274e-06,0.0,0.0,0.14679492744270223,0.0,0.0,0.2805320763086864,-0.2805320763086864,0.0,0.0,0.0,0.0,0.004871402593936764,-0.06661353611889104,0.0,0.1779465877930657,0.0,-0.00031853775884892687,0.0,0.0,0.0,0.0,-4.589103312747682e-05,0.0,0.0,-0.004871402593936764,0.0,0.0,0.0,0.0,-0.0025515055641989275,0.0,0.0,-0.00023986520897956943,0.0,0.0,0.0,0.0,0.0,-0.00851154105367884,0.001435084589983198,0.0049009642503971395
0.019242213213174212,-1.3347311591685536e-06,0.0,0.0,0.14368081793110202,0.0,0.0,0.28334239896897073,-0.28334239896897073,0.0,0.0,0.0,0.0,0.0,-0.0647613388569946,0.0,0.1826384405240822,0.0,-0.00031499666141774577,0.0,0.0,0.0,0.0,-4.538087502217343e-05,0.0,0.0,-0.004817248539252716,0.0,0.0,0.0,0.0,-0.002523141172386545,0.0,0.0,-0.00023719869283901317,0.0,0.0,0.0,0.0,0.0,-0.008787478151988378,0.001419131145802889,0.00484648156683678
0.02835581302403999,-1.152325080668669e-06,0.0,0.0,0.14607810195229182,0.0,0.0,0.27891476548356653,-0.27891476548356653,0.0,0.0,0.0,0.0,0.004158917152315026,-0.07035729041169503,0.0,0.18095669485789018,0.0,-0.000271948812152311,0.0,0.0,0.0,0.0,-3.917906621983417e-05,0.0,0.0,-0.004158917152315026,0.0,0.0,0.0,0.0,-0.0021783254515612915,0.0,0.0,-0.00020478281411403075,0.0,0.0,0.0,0.0,0.0,0.0,0.0012251908564758578,0.0041841551567158375
0.01928467727524584,-1.1605450665267754e-06,0.0,0.0,0.1528268473794063,0.0,0.0,0.2823310519686519,-0.2823310519686519,0.0,0.0,0.0,0.0,0.00525859305120088,-0.06800581993127174,0.0,0.17440079921872573,0.0,-0.0002738887294790463,0.0,0.0021400174298045922,0.0,0.0,-3.9458545835147216e-05,0.0,0.0,-0.00525859305120088,0.0,0.0,0.0,0.0,-0.002193864299675052,0.0,0.0,-0.00020624361008579227,0.0,0.0,0.0,0.0,0.0,0.0,0.0012339306224348429,0.004214002373263766
0.021414931143645972,-1.1844949322278896e-06,0.0,0.0,0.153570565040811,0.0,0.0,0.281077687021116,-0.281077687021116,0.0,0.0,0.0,0.0,0.005480088112651297,-0.06850543950071886,0.0,0.17265238682458137,0.0,-0.0002795408997197964,0.0,0.0,0.0,0.0,-4.0272841549092446e-05,0.0,0.0,-0.005480088112651297,0.0,0.0,0.0,0.0,-0.002239138504752614,0.0,0.0,-0.00021049980564918425,0.0,0.0,0.0,0.002410130108777527,0.0,0.0,0.0012593949267037414,0.004300965640623893
0.022784989073678513,-1.2938794327483197e-06,0.0,0.0,0.14689326810477674,0.0,0.0,0.27989731173868676,-0.27989731173868676,0.0,0.0,0.0,0.0,0.004669808421389272,-0.06774367441059016,0.0,0.17847054642848595,0.0,-0.00030535565068151566,0.0,0.0,0.0,0.0,-4.399191584610122e-05,0.0,0.0,-0.004669808421389272,0.0,0.0,0.0,0.0,-0.0024459161280876076,0.0,0.0,-0.00022993882178518038,0.0,0.0,0.0,0.0,0.0,-0.0058729423305763665,0.001375696213663531,0.004698146722243465
0.0229283880580487,-1.194281402352846e-06,0.0,0.0,0.1537458681480015,0.0,0.0,0.28084844681901816,-0.28084844681901816,0.0,0.0,0.0,0.0,0.005191234494588638,-0.06822092641255172,0.0,0.1728638445824531,0.00176178114290754,-0.0002818505074600893,0.0,0.0,0.0,0.0,-4.060558164779932e-05,0.0,0.0,-0.005191234494588638,0.0,0.0,0.0,0.0,-0.0022576385941039338,0.0,0.0,-0.00021223898578684862,0.0,0.0,0.0,0.0,0.0,0.0,0.0012698002315221638,0.0043365008469005975
0.0253788623183997,-1.1458324579370488e-06,0.0,0.0,0.14666363609443347,0.0,0.0,0.2787518490749875,-0.2787518490749875,0.0,0.0,0.0,0.002112887730383151,0.005191928150779118,-0.07136946341687346,0.0,0.17852852655684562,0.0,-0.00027041655266300726,0.0,0.0,0.0,0.0,-3.895831697102415e-05,0.0,0.0,-0.005191928150779118,0.0,0.0,0.0,0.0,-0.0021660519659095975,0.0,0.0,-0.0002036289925264711,0.0,0.0,0.0,0.0,0.0,0.0,0.001218287681201123,0.004160580089802119
0.016859884348312613,-1.2289228932227207e-06,0.0,0.0,0.14111253937496535,0.0,0.0,0.28018934088019865,-0.28018934088019865,0.0,0.0,0.0,0.0,0.004435370352722676,-0.07071771874711207,0.0,0.1830576245260474,0.0,-0.00029002590210461173,0.0,0.0,0.0,0.01035933491100281,-4.1783392742527054e-05,0.0,0.0,-0.004435370352722676,0.0,0.0,0.0,0.0,-0.0023231239701560526,0.0,0.0,-0.0002183952190446737,0.0,0.0,0.0,0.0,0.0,0.0,0.0013066322319537033,0.004462285987822291
0.03478699119928492,-1.5706008854940883e-06,0.0,0.0,0.1141483954351419,0.0,0.0,0.22569505587253277,-0.22569505587253277,0.09267681863406771,0.0,0.0,0.0,0.005668538393985277,-0.10361894384988794,0.0,0.18099503725278857,0.0,-0.0003706619358902047,0.0,0.0,0.0,0.0,-5.340044847587266e-05,0.0,0.0,-0.005668538393985277,0.0,0.0,0.0,0.0,-0.002969023186695876,0.0,0.0,-0.00027911574136252587,0.0,0.0,0.0,0.0,0.0,0.0,0.0016699157871003048,0.005702937395382536
0.024798894829441753,-1.212854995569081e-06,0.0,0.0,0.15352198428323746,0.0,0.0,0.2802615783237565,-0.2802615783237565,0.0,0.0,0.0,0.0,0.005409598406844494,-0.06763035434025431,0.0,0.172111509909778,0.0,-0.00028623387695997404,0.0,0.0,0.0,0.0,-4.123708403438007e-05,0.0,0.0,-0.005409598406844494,0.0,0.0,0.0,0.0,-0.0022927496330881697,0.002064439099978204,0.0,-0.00021553974939152756,0.0,0.0,0.0,0.0,0.0,0.0,0.0012895483017171022,0.004403942575921505
0.023374378897583183,-1.1620886534067354e-06,0.0,0.0,0.15066557591388022,0.0,0.0,0.28048981171530785,-0.28048981171530785,0.0,0.0,0.0,0.0,0.005376425041686858,-0.06957410838226874,0.0,0.17529778827631043,0.0,-0.00027425301610744753,0.0,0.0,0.001182269664664741,0.0,-3.9511027807118975e-05,0.0,0.0,-0.005376425041686858,0.0,0.0,0.0,0.0,-0.002196782256286186,0.0,0.0,-0.0002065179250949946,0.0,0.0,0.0,0.0,0.0,0.0,0.0012355718160209491,0.004219607221333093
0.028071836506211013,-1.1338556022450036e-06,0.0,0.0,0.14339573911035863,0.0,0.0,0.2812647466850491,-0.2812647466850491,0.0,0.0,0.0,0.0,0.0,-0.06888858152768833,0.0,0.18504725978744596,0.0,-0.00026759001375188565,0.0,0.0,0.0,0.0,-3.855110373741845e-05,0.0,0.0,-0.004092257984777058,0.0,0.0,0.0,0.0,-0.0021434112284811286,0.0,0.0,-0.00020150055303140132,0.0,0.0,0.0,0.0,0.0,0.0,0.0012055534846368084,0.004117091474179839
0.01840893128520629,-1.1373804769750084e-06,0.0,0.0,0.14977640901717246,0.0,0.0,0.28553049346597315,-0.28553049346597315,0.0,0.0,0.0,0.0,0.0,-0.06599398798042037,0.0,0.17926371678974787,0.0,-0.000268421884472997,0.0,0.002260909813480295,0.0,0.0,-3.867094951946404e-05,0.0,0.0,-0.005235434702593185,0.0,0.0,0.0,0.0,-0.002150074560267224,0.0,0.0,-0.00020212696807583562,0.0,0.0,0.0,0.0,0.0,0.0,0.0012093012502299332,0.004129890486390672
0.020625830242863324,-1.1617103684245422e-06,0.0,0.0,0.1504279459272024,0.0,0.0,0.2843458808480373,-0.2843458808480373,0.0,0.0,0.0,0.0,0.0,-0.06643335054836029,0.0,0.17762904470834076,0.0,-0.0002741637408210824,0.0,0.0,0.0,0.0,-3.949816611330015e-05,0.0,0.0,-0.005468967441181483,0.0,0.0,0.0,0.0,-0.0021960671561651536,0.0,0.0,-0.00020645069904525382,0.0,0.0,0.0,0.0025523547048327717,0.0,0.0,0.0012351696106805464,0.004218233647950456
0.022186678720194215,-1.280084625142364e-06,0.0,0.0,0.14390560792943993,0.0,0.0,0.2825993418272947,-0.2825993418272947,0.0,0.0,0.0,0.0,0.0,-0.0659552607013661,0.0,0.18296471919689541,0.0,-0.00030210007497181025,0.0,0.0,0.0,0.0,-4.352289222616058e-05,0.0,0.0,-0.004620020854557867,0.0,0.0,0.0,0.0,-0.0024198387815023824,0.0,0.0,-0.00022748730912690345,0.0,0.0,0.0,0.0,0.0,-0.006165713666977252,0.001361029109363542,0.004648057024163763
0.02226753926241641,-1.1733101063034759e-06,0.0,0.0,0.1507878956610899,0.0,0.0,0.28392200038581894,-0.28392200038581894,0.0,0.0,0.0,0.0,0.0,-0.0662482879059227,0.0,0.1775753501812724,0.001859960577077959,-0.0002769012798978364,0.0,0.0,0.0,0.0,-3.989255733684945e-05,0.0,0.0,-0.005164635602348959,0.0,0.0,0.0,0.0,-0.0022179949998587566,0.0,0.0,-0.00020851211991136458,0.0,0.0,0.0,0.0,0.0,0.0,0.0012475028428779566,0.0042603529282446324
0.02485449805428679,-1.1221578902568718e-06,0.0,0.0,0.14331051647181553,0.0,0.0,0.28170898185622745,-0.28170898185622745,0.0,0.0,0.0,0.00223065002232481,0.0,-0.06957203108049902,0.0,0.18355641917356783,0.0,-0.00026482935277744404,0.0,0.0,0.0,0.0,-3.8153381393010556e-05,0.0,0.0,-0.005165364167375867,0.0,0.0,0.0,0.0,-0.002121298177072064,0.0,0.0,-0.00019942172092073077,0.0,0.0,0.0,0.0,0.0,0.0,0.0011931160830649962,0.004074616444556674
0.016013186770643995,-1.2127854355278583e-06,0.0,0.0,0.13800892857215893,0.0,0.0,0.2827631069371724,-0.2827631069371724,0.0,0.0,0.0,0.0,0.0,-0.06916379329620534,0.0,0.1875321683639532,0.0,-0.00028621746078462466,0.0,0.0,0.0,0.010848606484398284,-4.123471899216496e-05,0.0,0.0,-0.004377127804046241,0.0,0.0,0.0,0.0,-0.0022926181385900034,0.0,0.0,-0.00021552738768802009,0.0,0.0,0.0,0.0,0.0,0.0,0.0012894743431372607,0.004403689999621582
0.03478699119928492,-1.5706008854940883e-06,0.0,0.0,0.10847985704115662,0.0,0.0,0.22569505587253277,-0.22569505587253277,0.09834535702805298,0.0,0.0,0.0,0.0,-0.10361894384988794,0.0,0.18666357564677383,0.0,-0.0003706619358902047,0.0,0.0,0.0,0.0,-5.340044847587266e-05,0.0,0.0,-0.005668538393985277,0.0,0.0,0.0,0.0,-0.002969023186695876,0.0,0.0,-0.00027911574136252587,0.0,0.0,0.0,0.0,0.0,0.0,0.0016699157871003048,0.005702937395382536
0.024217508385608683,-1.1920313467937878e-06,0.0,0.0,0.15041931345762852,0.0,0.0,0.28343778280412557,-0.28343778280412557,0.0,0.0,0.0,0.0,0.0,-0.06553553293497161,0.0,0.1769889441912357,0.0,-0.00028131949416633403,0.0,0.0,0.0,0.0,-4.0529079732475645e-05,0.0,0.0,-0.0053945260454339155,0.0,0.0,0.0,0.0,-0.0022533851474212667,0.002184605832697175,0.0,-0.00021183912231340107,0.0,0.0,0.0,0.0,0.0,0.0,0.0012674078966300676,0.004328330772562835
0.02271438363616692,-1.1384642517114255e-06,0.0,0.0,0.147417844887405,0.0,0.0,0.2836586111321863,-0.2836586111321863,0.0,0.0,0.0,0.0,0.0,-0.06760528393696845,0.0,0.1803278464519899,0.0,-0.0002686776553983667,0.0,0.0,0.0012506407225581714,0.0,-3.870779787317759e-05,0.0,0.0,-0.005359532026904902,0.0,0.0,0.0,0.0,-0.002152123299925591,0.0,0.0,-0.00020231956862242826,0.0,0.0,0.0,0.0,0.0,0.0,0.0012104535560504117,0.004133825731512185
0.013844102297830957,-3.7928743047052744e-07,0.0,0.0,0.039059969291559,0.0,0.0,0.2816808605007887,-0.2816808605007887,0.0,0.0,0.0,0.0,-0.11161235339936963,-0.014136488475094904,0.0,0.2539487885349706,0.0,-8.951186423965394e-05,0.0,0.0,0.0,0.0,-1.2895777071980882e-05,0.0,0.0,-0.001368906245905907,0.0,0.0,0.0,0.0,-0.0007169951232613988,0.0,0.0,-6.740419754186316e-05,0.0,0.0,0.0,0.0,0.0,0.0,0.00040327117719164625,0.0013772133269544537
0.002328006829892718,-4.69058875770423e-07,0.0,0.0,0.02140889475612619,0.0,0.0,0.28380003569742224,-0.28380003569742224,0.0,0.0,0.0,0.0,-0.13130527366870953,0.0,0.0,0.26295219429089,0.0,-0.00011069793258447925,0.0,0.0,0.0,0.0,-1.5948007262105614e-05,0.0,0.0,-0.0016929050982342775,0.0,0.0,0.0,0.0,-0.0008866967355935113,0.0,0.0,-8.335772446234707e-05,0.0,0.0,0.0,0.0,0.0,-0.009413586963221926,0.0004987192029260436,0.001703178336376473
0.0015678928174902562,-3.159071669623889e-07,0.0,0.0,0.03343862117513166,0.0,0.0,0.2862364748307067,-0.2862364748307067,0.0,0.0,0.0,0.0,-0.1312277891196804,0.0,0.0,0.2531757183189264,0.003169985413474009,-7.455411693024282e-05,0.0,0.0,0.0,0.0,-1.074084737143582e-05,0.0,0.0,-0.0027251499047880423,0.0,0.0,0.0,0.0,-0.0005971827166388468,0.0,0.0,-5.614071908580641e-05,0.0,0.0,0.0,0.0,0.0,0.0,0.0003358831452604645,0.001147076136642063
0.005998540343038275,-3.357760645283631e-07,0.0,0.0,0.03145036770112748,0.0,0.0,0.28482530600275985,-0.28482530600275985,0.0,0.0,0.0,0.0,-0.13061669831208492,0.0,0.0,0.2540172372918809,0.0,-7.924317836133413e-05,0.0,0.0,0.0,0.0,-1.141639012105704e-05,0.0,0.0,-0.0027762131715109504,0.0,0.0,0.0,0.0,-0.0006347423653773008,0.003128692177150048,0.0,-5.967167473813203e-05,0.0,0.0,0.0,0.0,0.0,0.0,0.00035700842668882774,0.0012192211863364501
0.0001826158538561778,-2.3349938613887708e-07,0.0,0.0,0.025496817555227508,0.0,0.0,0.28654655344997443,-0.28654655344997443,0.0,0.0,0.0,0.0,-0.13507034486103436,0.0,0.0,0.2585954597541106,0.0,-5.5105873996870585e-05,0.0,0.0,0.002538315690973626,0.0,-7.938981859630393e-06,0.0,0.0,-0.003381050626070669,0.0,0.0,0.0,0.0,-0.00044140118468575075,0.0,0.0,-4.149580894279502e-05,0.0,0.0,0.0,0.0,0.0,0.0,0.0002482644157359407,0.0008478489941710153
0.006170532862873843,-1.119150139480518e-07,0.0,0.0,0.007354084209298163,0.0,0.0,0.28333238444556913,-0.28333238444556913,0.0,0.0,0.0,0.0,-0.14138437423954392,0.0,0.0,0.27723518115686363,0.0,-2.64119523351181e-05,0.0,0.0,0.0,0.0,-3.805111783143717e-06,0.0,0.0,-0.00040391837244403315,0.0,0.0,0.0,0.0,-0.0002115612402998412,0.0,0.0,-1.9888720537605655e-05,0.0,0.0,0.0,0.0,0.0,0.0,0.00011899181410852831,0.00040636951375990106
0.002300442409592974,-1.0386287405072129e-07,0.0,0.0,0.006824967401990211,0.0,0.0,0.28350375914821835,-0.28350375914821835,0.0,0.0,0.0,0.003426128628140959,-0.14320340234280546,0.0,0.0,0.27441911308889155,0.0,-2.4511646668688805e-05,0.0,0.0,0.0,0.0,-3.5313389324601076e-06,0.0,0.0,-0.002087921284229998,0.0,0.0,0.0,0.0,-0.000196339683837919,0.0,0.0,-1.8457752926574952e-05,0.0,0.0,0.0,0.0,0.0,0.0,0.00011043050763106353,0.0003771317550412742
3.714494382677512e-05,-2.3586607609390884e-07,0.0,0.0,0.025873104251676812,0.0,0.0,0.28662233623738953,-0.28662233623738953,0.0,0.0,0.0,0.0,-0.13493670032444904,0.0,0.0,0.25821115118788884,0.0,-5.566441301750027e-05,0.0,0.0,0.0025935077800048065,0.0,-8.019449345781264e-06,0.0,0.0,-0.0034447844604941144,0.0,0.0,0.0,0.0,-0.00044587511400611974,0.0,0.0,-4.191639983095444e-05,0.0,0.0,0.0,0.0,0.0,0.0,0.00025078076024814686,0.0008564425743558251
0.00011380307813749515,-2.3196572673182798e-07,0.0,0.0,0.02529071440089808,0.0,0.0,0.28651900916808515,-0.28651900916808515,0.0,0.0,0.0,0.00011590856069898819,-0.13519738224207956,0.0,0.0,0.25869354821748597,0.0,-5.4743930252878486e-05,0.0,0.0,0.0025119846015427536,0.0,-7.886837421853702e-06,0.0,0.0,-0.0034071386060312123,0.0,0.0,0.0,0.0,-0.00043850199471197804,0.0,0.0,-4.122325817171771e-05,0.0,0.0,0.0,0.0,0.0,0.0,0.0002466337773735661,0.0008422801932967632
3.6845311616634945e-05,-2.3396344638455483e-07,0.0,0.0,0.025313676758545508,0.0,0.0,0.2864145997623005,-0.2864145997623005,0.0003507203418627412,0.0,0.0,0.0,-0.13525110564154472,0.0,0.0,0.2585833158069281,0.0,-5.5215392252349273e-05,0.0,0.0,0.002572587073494586,0.0,-7.954759913410886e-06,0.0,0.0,-0.0034169968728706714,0.0,0.0,0.0,0.0,-0.0004422784321406365,0.0,0.0,-4.157827834715199e-05,0.0,0.0,0.0,0.0,0.0,0.0,0.00024875782022690983,0.0008495340222091558
0.001731504594378372,-5.142608239191852e-07,0.0,0.0,0.023143674221821918,0.0,0.0,0.2838969974695404,-0.2838969974695404,0.0,0.0,0.0,0.0,-0.13000442901256637,0.0,0.0,0.2612042746023377,0.0,-0.00012136559600016495,0.0,0.0,0.0,0.0,-1.7484874027826108e-05,0.0,0.0,-0.0018560458305047706,0.0,0.0,0.0,0.0,-0.0009721453262424848,0.0,0.0,-9.139068521329126e-05,0.0,0.0,0.0,0.0,0.0,-0.010649087546498246,0.0005467794373996549,0.0018673090731044248
0.001104020301941181,-4.156034928794336e-07,0.0,0.0,0.01920874162461794,0.0,0.0,0.28381275810298795,-0.28381275810298795,0.0,0.0,0.0,0.0015578546025338327,-0.13353764153509476,0.0,0.0,0.26366311084059973,0.0,-9.808245790270286e-05,0.0,0.0,0.0,0.0,-1.4130523618620766e-05,0.0,0.0,-0.002278903761117399,0.0,0.0,0.0,0.0,-0.0007856460659275983,0.0,0.0,-7.385802344776213e-05,0.0,0.0,0.0,0.0,0.0,-0.008101115886837153,0.0004418836385126994,0.0015090789283797603
8.489099827883501e-05,-5.390479725342998e-07,0.0,0.0,0.01683190802662122,0.0,0.0,0.280553856458199,-0.280553856458199,0.006735252705898244,0.0,0.0,0.0,-0.13380038368723363,0.0,0.0,0.2638486211725803,0.0,-0.00012721536507627641,0.0,0.0,0.0,0.0,-1.8327637370639854e-05,0.0,0.0,-0.0019455064343411137,0.0,0.0,0.0,0.0,-0.0010190023092290954,0.0,0.0,-9.57956765932588e-05,0.0,0.0,0.0,0.0,0.0,-0.011854397492981632,0.0005731339690772299,0.001957312560347826
0.005919344641282845,-3.5489845500113676e-07,0.0,0.0,0.033557069533832015,0.0,0.0,0.2849850845408573,-0.2849850845408573,0.0,0.0,0.0,0.0,-0.12965659982215968,0.0,0.0,0.252001689925207,0.0,-8.375606405810802e-05,0.0,0.0,0.0,0.0,-1.2066551620778612e-05,0.0,0.0,-0.002986919491128534,0.0,0.0,0.0,0.0,-0.0006708908364644393,0.003412073562766514,0.0,-6.306996659109559e-05,0.0,0.0,0.0,0.0,0.0,0.0,0.0003773399966201255,0.0012886556280991522
0.0024343934715434887,-3.122061338602344e-07,0.0,0.0,0.02767115847445658,0.0,0.0,0.28264265326806354,-0.28264265326806354,0.0,0.0,0.0,0.0,-0.13742531682385867,0.00628615402588986,0.0,0.2508540918384904,0.0,-7.368067281906955e-05,0.0,0.0,0.0,0.0,-1.0615012202676873e-05,0.0,0.0,-0.0033671050678266705,0.0,0.0,0.0,0.0,-0.0005901863796340011,0.004480610926624872,0.0,-5.548299845948056e-05,0.0,0.0,0.0,0.0,0.0,0.0,0.0003319480821499376,0.001133637483783297
0.0039023747832031786,-2.936621682987736e-07,0.0,0.0,0.02710263785676843,0.0,0.0,0.284668041475576,-0.284668041475576,0.0,0.0,0.0,0.001881338517476375,-0.1334285488637587,0.0,0.0,0.2563801866255839,0.0,-6.930429544810557e-05,0.0,0.0,0.0,0.0,-9.984517156704946e-06,0.0,0.0,-0.003301491984091443,0.0,0.0,0.0,0.0,-0.0005551313480000755,0.00260190224765987,0.0,-5.218750006565405e-05,0.0,0.0,0.0,0.0,0.0,0.0,0.00031223151307593894,0.0010663033343912497
0.004272981915221173,-3.831184057223274e-07,0.0,0.0,0.02881355704209688,0.0,0.0,0.2808429922988815,-0.2808429922988815,0.008999603857459978,0.0,0.0,0.0,-0.13371208795049488,0.0,0.0,0.2521194655714395,0.0,-9.04159747086436e-05,0.0,0.0,0.0,0.0,-1.3026030275347522e-05,0.0,0.0,-0.0034890564223485554,0.0,0.0,0.0,0.0,-0.0007242370995364051,0.004212647203696598,0.0,-6.808501053988415e-05,0.0,0.0,0.0,0.0,0.0,0.0,0.0004073443991744281,0.0013911238068389739
0.0011182338376157115,-3.3211800680957594e-07,0.0,0.0,0.03557862332233178,0.0,0.0,0.2865056096830273,-0.2865056096830273,0.0,0.0,0.0,0.0,-0.13038111479793,0.0,0.0,0.25121821808222317,0.003438676995974582,-7.837987644410821e-05,0.0,0.0,0.0,0.0,-1.1292016115835203e-05,0.0,0.0,-0.0029180030921064385,0.0,0.0,0.0,0.0,-0.0006278272679227783,0.0,0.0,-5.902159138369346e-05,0.0,0.0,0.0,0.0,0.0,0.0,0.0003531190564540688,0.0012059385794363677
0.0007790110670000385,-2.9325522353863323e-07,0.0,0.0,0.03070269545026491,0.0,0.0,0.2860057581606815,-0.2860057581606815,0.0,0.0,0.0,0.0010992424451044724,-0.1328105997169266,0.0,0.0,0.25463914746942246,0.002858126304289736,-6.920825645182896e-05,0.0,0.0,0.0,0.0,-9.970681030100724e-06,0.0,0.0,-0.0030370872504490386,0.0,0.0,0.0,0.0,-0.0005543620701779883,0.0,0.0,-5.211518080907573e-05,0.0,0.0,0.0,0.0,0.0,0.0,0.0003117988356938538,0.0010648256957932496
5.27109101191932e-05,-3.3470815288165714e-07,0.0,0.0,0.03253340742163894,0.0,0.0,0.28461310165710646,-0.28461310165710646,0.004182084169213603,0.0,0.0,0.0,-0.1327645895578668,0.0,0.0,0.25215834845795176,0.003680343578463565,-7.899115112641809e-05,0.0,0.0,0.0,0.0,-1.13800811125792e-05,0.0,0.0,-0.003048184615986749,0.0,0.0,0.0,0.0,-0.0006327236128923783,0.0,0.0,-5.948189326421783e-05,0.0,0.0,0.0,0.0,0.0,0.0,0.0003558729870398799,0.0012153435409580392
0.0144121579221009,-4.059372251864924e-07,0.0,0.0,0.042103533600194955,0.0,0.0,0.2815558095026284,-0.2815558095026284,0.0,0.0,0.0,0.0,-0.1086428592798994,-0.015556418791345387,0.0,0.25172565380811557,0.0,-9.580121794607862e-05,0.0,0.0,0.0,0.00012755941400311715,-1.3801870404008248e-05,0.0,0.0,-0.001465089423907714,0.0,0.0,0.0,0.0,-0.0007673732041367919,0.0,0.0,-7.214020481016779e-05,0.0,0.0,0.0,0.0,0.0,0.0,0.0004316061369705414,0.0014739801836833885
0.014565811133394396,-4.056489352895518e-07,0.0,0.0,0.042255730686836156,0.0,0.0,0.28153795154711275,-0.28153795154711275,0.0,0.0,0.0,0.0,-0.10854749308793006,-0.015600000376010998,0.0,0.2516379315757438,0.0,-9.573318150710515e-05,0.0,0.0,0.0,0.0,-1.3792068544140552e-05,0.0,0.0,-0.0014640489416537568,0.0,0.0,0.0,0.0,-0.0007668282283912589,0.0,0.0,-7.208897203100978e-05,0.0,0.0,0.0,0.0,0.0,0.0,0.00043129961743740665,0.0014729333873590273
0.010477994590482235,-3.8517297426162247e-07,0.0,0.0,0.035687264239727415,0.0,0.0,0.2820729938409781,-0.2820729938409781,0.0,0.0,0.0,0.0,-0.11374216500903957,-0.013162205685534407,0.0,0.255899999568792,0.0,-9.090085304993821e-05,0.0,0.0,0.0,0.002785169161818588,-1.3095885629712906e-05,0.0,0.0,-0.0013901480720486502,0.0,0.0,0.0,0.0,-0.000728121002626084,0.0,0.0,-6.84501334850715e-05,0.0,0.0,0.0,0.0,0.0,0.0,0.00040952888567964815,0.0013985840571561232
0.0058338647569814725,-2.633936663472121e-07,0.0,0.0,0.02586491220541792,0.0,0.0,0.2825532923172052,-0.2825532923172052,0.0,0.0,0.0,0.004410094741963018,-0.12570450155948418,-0.008556964556746774,0.0,0.2595148557738037,0.0,-6.216092654166772e-05,0.0,0.0,0.0,0.0,-8.955387736344452e-06,0.0,0.0,-0.003155675327588082,0.0,0.0,0.0,0.0,-0.0004979125568031863,0.0,0.0,-4.6808402523960374e-05,0.0,0.0,0.0,0.0,0.0,0.0,0.0002800490218220339,0.0009563967545108585
0.027702077542801205,-1.2507235037804546e-06,0.0,0.0,0.03905415483410708,0.0,0.0,0.2108720022302523,-0.2108720022302523,0.125647876598536,0.0,0.0,0.0,-0.06290371972719816,-0.08251532881900303,0.0,0.227121978435836,0.0,-0.0002951708479578518,0.0,0.0,0.0,0.0,-4.252461375646059e-05,0.0,0.0,-0.004514052084727404,0.0,0.0,0.0,0.0,-0.0023643352790428908,0.0,0.0,-0.00022226946464976477,0.0,0.0,0.0,0.0,0.0,0.0,0.001329811375729197,0.004541445192646475
9.035272237044911e-05,-5.737292857220179e-07,0.0,0.0,0.025083426675357772,0.0,0.0,0.28431817916301083,-0.28431817916301083,0.0,0.0,0.0,0.0,-0.12809727062608484,0.0,0.0,0.2593695751099776,0.0,-0.0001354001577910278,0.0,0.0,0.0,0.0,-1.950680242464002e-05,0.0,0.0,-0.0020706765887540616,0.0,0.0,0.0,0.0,-0.0010845629643582333,0.0,0.0,-0.00010195898678314874,0.0,0.0,0.0,0.0,0.0,-0.012617086702576304,0.0006100083099390214,0.0020832422982754793
0.004504458119098816,-4.0387271640086177e-07,0.0,0.0,0.03986157746562391,0.0,0.0,0.286000321976505,-0.286000321976505,0.0,0.0,0.0,0.0,-0.12644015949411186,0.0,0.0,0.24623365195253621,0.0,-9.531399370584558e-05,0.0,0.0,0.0,0.0,-1.3731677081151199e-05,0.0,0.0,-0.003678065772676768,0.0,0.0,0.0,0.0,-0.0007634705102632008,0.004440854952368285,0.0,-7.177331535685549e-05,0.0,0.0,0.0,0.0,0.0,0.0,0.00042941108166045394,0.0014664838397901627
5.476652903858265e-05,-3.477610941035334e-07,0.0,0.0,0.03814732152849119,0.0,0.0,0.28705311598884437,-0.28705311598884437,0.0,0.0,0.0,0.0,-0.12926730253077134,0.0,0.0,0.24898751603848474,0.0038238695368019025,-8.207164630953374e-05,0.0,0.0,0.0,0.0,-1.1823881266784589e-05,0.0,0.0,-0.0031670576529395423,0.0,0.0,0.0,0.0,-0.0006573985545024726,0.0,0.0,-6.180156683613189e-05,0.0,0.0,0.0,0.0,0.0,0.0,0.0003697513140011221,0.0012627394817737421
0.00018273581304833176,-2.4475958600032585e-07,0.0,0.0,0.026992859629213113,0.0,0.0,0.28661537774748475,-0.28661537774748475,0.0,0.0,0.0,0.0,-0.13396859908907216,-0.0004325708725355554,0.0,0.25734921277945705,0.0,-5.776328207406151e-05,0.0,0.0,0.002619202819231993,0.0,-8.321828786614115e-06,0.0,0.0,-0.0035025775348283897,0.0,0.0,0.0,0.0,-0.00046268717451565836,0.0,0.0,-4.349688958730884e-05,0.0,0.0,0.0,0.0,0.0,0.0,0.0002602366396715095,0.000888735393422685
4.38000535275089e-05,-2.7812524919716956e-07,0.0,0.0,0.026084832954665117,0.0,0.0,0.28636370884413775,-0.28636370884413775,0.0,0.0,0.0,0.0,-0.13404427552260548,0.0,0.0,0.25802336589399466,0.0,-6.563758128465444e-05,0.0,0.0,0.0023208676064011362,0.0,-9.456261725537273e-06,0.0,0.0,-0.003324664094720901,0.0,0.0,0.0,0.0,-0.0005257607590181593,0.0,0.0,-4.9426392050507616e-05,0.0,0.0,0.0,0.0,0.0,-0.0014746169948076507,0.00029571213712862,0.0010098879345452876
4.070853444602603e-05,-2.58494462344473e-07,0.0,0.0,0.028355303498824827,0.0,0.0,0.28670945227506694,-0.28670945227506694,0.0,0.0,0.0,0.0,-0.13383419969191956,0.0,0.0,0.25625783840788596,0.000685267390028653,-6.100471400113738e-05,0.0,0.0,0.0021570548730153595,0.0,-8.788814742952335e-06,0.0,0.0,-0.003432634549383357,0.0,0.0,0.0,0.0,-0.000488651228597638,0.0,0.0,-4.5937751698572234e-05,0.0,0.0,0.0,0.0,0.0,0.0,0.00027484002303439773,0.0009386074778251782
0.0003727833696085267,-2.513744359278409e-07,0.0,0.0,0.027241082872336,0.0,0.0,0.28658684230444376,-0.28658684230444376,0.0,0.0,0.0,0.0,-0.1342017281705618,0.0,0.0,0.25697399416244293,0.0,-5.9324387191473046e-05,0.0,0.0,0.0024308366147758205,0.0,-8.546733761514071e-06,0.0,0.0,-0.0035046833935554094,0.0,0.0,0.0,0.0,-0.00047519171528899895,0.0003331961196883248,0.0,-4.467243250121684e-05,0.0,0.0,0.0,0.0,0.0,0.0,0.00026726977101969524,0.0009127542739447099
0.0011367349838469856,-3.157589457832417e-07,0.0,0.0,0.02411820715112389,0.0,0.0,0.28309618639707784,-0.28309618639707784,0.0,0.0,0.0,0.003599713660647027,-0.12482572382667995,-0.008863550047879618,0.0,0.260609084758761,0.0,-7.451913671998694e-05,0.0,0.0,0.0,0.005494282607445861,-1.0735807849611284e-05,0.0,0.0,-0.002939479075508704,0.0,0.0,0.0,0.0,-0.0005969025231653094,0.0,0.0,-5.611437829822288e-05,0.0,0.0,0.0,0.0,0.0,0.0,0.0003357255515080818,0.0011465379374641857
0.011645550775938518,-1.2536977085277908e-06,0.0,0.0,0.1386088240485588,0.0,0.0,0.2809008073751382,-0.2809008073751382,0.0,0.0,0.0,0.0,0.004524786443760027,-0.07090910015534493,0.0,0.184485193522945,0.0,-0.0002958727605185561,0.0,0.0,0.0,0.014682417664639315,-4.2625736752655045e-05,0.0,0.0,-0.004524786443760027,0.0,0.0,0.0,0.0,-0.00236995763857317,0.0,0.0,-0.00022279801863867683,0.0,0.0,0.0,0.0,0.0,0.0,0.001332973650440435,0.004552244692144894
0.010851845857467303,-1.2369074819088118e-06,0.0,0.0,0.13547701424922232,0.0,0.0,0.28351623673538273,-0.28351623673538273,0.0,0.0,0.0,0.0,0.0,-0.06932170436741064,0.0,0.1890296162845813,0.0,-0.00029191026567973,0.0,0.0,0.0,0.015123523584541942,-4.2054868851238475e-05,0.0,0.0,-0.004464187952372156,0.0,0.0,0.0,0.0,-0.002338217829559918,0.0,0.0,-0.00021981418194681933,0.0,0.0,0.0,0.0,0.0,0.0,0.0013151217157070577,0.004491278464412124
