M_ac_e,M_ca2_e,M_cd2_e,M_cit_e,M_cl_e,M_co2_e,M_cobalt2_e,M_cu2_e,M_fe2_e,M_fe3_e,M_for_e,M_fum_e,M_gln__45__L_e,M_gly_e,M_h2_e,M_h2o_e,M_h2s_e,M_h_e,M_ile__45__L_e,M_k_e,M_lac__45__L_e,M_leu__45__L_e,M_lys__45__L_e,M_mg2_e,M_mn2_e,M_mobd_e,M_n2_e,M_na1_e,M_nh4_e,M_ni2_e,M_oxa_e,M_pi_e,M_pro__45__L_e,M_s_e,M_so4_e,M_ss_e,M_succ_e,M_ura_e,M_val__45__L_e,M_zn2_e,M_fixed_uptake,objective,virtual_tag_R_constraint_reaction
0.0,-3.9955673004941205e-07,0.0,0.0,0.0,0.019722917644245806,0.0,0.0,0.2808723619142978,-0.2808723619142978,0.015034790206735182,0.0,0.0,0.0,-0.1316080768637368,0.0,0.0,0.26392457971804173,0.0,-9.42954205781469e-05,0.0,0.0,0.0,-1.3584933494723985e-05,0.0,0.0,-0.002634722789555783,0.0,0.0,0.0,0.0,-0.0007553116815822363,0.0023853230935345924,0.0,-7.100630972141906e-05,0.0,0.0,0.0,0.0,0.0,0.0,0.00042482217953276414,0.0015854457739150369
0.0,-4.2000832705049977e-07,0.0,0.0,0.0,0.022957915169624536,0.0,0.0,0.2818962193697566,-0.2818962193697566,0.013578890817338034,0.0,0.0,0.0,-0.1294426668899448,0.0,0.0,0.2618554869408772,0.0,-9.912199912301044e-05,0.0,0.0,0.0,-1.4280288031954065e-05,0.0,0.0,-0.002769582959962405,0.0,0.0,0.0,0.0,-0.0007939728502228533,0.0025074175621231315,0.0,-7.464081847009484e-05,0.0,0.0,0.0,0.0,0.0,0.0,0.0004465670066361729,0.0016665979498054994
0.0,-4.5008772160556235e-07,0.0,0.0,0.0,0.02221722823894104,0.0,0.0,0.2794923040876387,-0.2794923040876387,0.01747360229771646,0.0,0.0,0.0,-0.132219868894208,0.0,0.0,0.26093857394080566,0.0,-0.00010622073866859359,0.0,0.002149591396104071,0.0,-1.5302987798621877e-05,0.0,0.0,-0.0026992310044028733,0.0,0.0,0.0,0.0,-0.0008508341577011437,0.0,0.0,-7.998630922367422e-05,0.0,0.0,0.0,0.0,0.0,0.0,0.00047854843253363524,0.0017859533388971793
0.0,-4.7620844076892545e-07,0.0,0.0,0.0,0.026029848177075928,0.0,0.0,0.28057306970005563,-0.28057306970005563,0.01596442897241149,0.0,0.0,0.0,-0.12980021678627177,0.0,0.0,0.25841932973579507,0.0,-0.00011238523050185187,0.0,0.002274342351258592,0.0,-1.619109255567294e-05,0.0,0.0,-0.0028558801455337178,0.0,0.0,0.0,0.0,-0.0009002120878713533,0.0,0.0,-8.462829304116766e-05,0.0,0.0,0.0,0.0,0.0,0.0,0.000506320861356373,0.001889600657774912
0.0,-4.1445165328542413e-07,0.0,0.0,0.0,0.02243755649904709,0.0,0.0,0.2811160179050575,-0.2811160179050575,0.014110719640343617,0.0,0.0,0.0,-0.13164822979181562,0.0,0.0,0.26205189900094394,0.0019793957160737733,-9.781062366544135e-05,0.0,0.0,0.0,-1.4091361058953022e-05,0.0,0.0,-0.002485517152930531,0.0,0.0,0.0,0.0,-0.0007834686582274285,0.0,0.0,-7.36533269107985e-05,0.0,0.0,0.0,0.0,0.0,0.0,0.00044065896384199934,0.00164454900337235
0.0,-4.364985547918725e-07,0.0,0.0,0.0,0.025943971594083556,0.0,0.0,0.2821930350787652,-0.2821930350787652,0.012548502952740456,0.0,0.0,0.0,-0.1293999381584083,0.0,0.0,0.25980195227930053,0.0020846903675696155,-0.00010301369420247981,0.0,0.0,0.0,-1.4840955968023361e-05,0.0,0.0,-0.0026177351123206198,0.0,0.0,0.0,0.0,-0.0008251455491371475,0.0,0.0,-7.757134154809641e-05,0.0,0.0,0.0,0.0,0.0,0.0,0.00046409997245360575,0.0017320313661822492
0.0,-3.484570515276637e-07,0.0,0.0,0.0,0.023028080871685095,0.0,0.0,0.28089723946262024,-0.28089723946262024,0.0,0.0,0.0,0.0,-0.1413858004465139,0.011655090691522735,0.0,0.25300494772612975,0.0,-8.223589231786587e-05,0.0,0.0,0.0,-1.184754382734464e-05,0.0,0.0,-0.00302620883150361,0.0,0.0,0.0,0.0,-0.0006587141743701808,0.0,0.0,-6.192524731676004e-05,0.0,0.0,0.0,0.0035371482607260865,0.0,0.0,0.00037049127938662443,0.0013826816524079258
0.0,-3.745845974740384e-07,0.0,0.0,0.0,0.025857399014532222,0.0,0.0,0.28167021558376076,-0.28167021558376076,0.0,0.0,0.0,0.0,-0.13886538497656153,0.010764746047723877,0.0,0.25168654090437986,0.0,-8.840199527246653e-05,0.0,0.0,0.0,-1.2735880695097938e-05,0.0,0.0,-0.003142850318379543,0.0,0.0,0.0,0.0,-0.0007081050097139701,0.0,0.0,-6.656844434037031e-05,0.0,0.0,0.0,0.0035818346295663902,0.0,0.0,0.00039827096667510703,0.0014863560600404237
0.0,-2.8630910741337274e-07,0.0,0.0016516910633173484,0.0,0.018126799796202565,0.0,0.0,0.28639821892053063,-0.28639821892053063,0.0,0.0,0.0,0.0027077461623496897,-0.13178428457270253,0.0,0.0,0.2684356409515306,0.0,-6.756897248498128e-05,0.0,0.0,0.0,-9.734513000603074e-06,0.0,0.0,-0.0023872063633025957,0.0,0.0,0.0,0.0,-0.0005412313123744915,0.0,0.0,-5.088076768108213e-05,0.0,0.0,0.0,0.0,0.0,0.0,0.000304413490961315,0.0011360778839234723
0.0,-3.198730267341055e-07,0.0,0.0020336389840936863,0.0,0.02006347763446057,0.0,0.0,0.2866398139540363,-0.2866398139540363,0.0,0.0,0.0,0.0025543724769215106,-0.1301432043860789,0.0,0.0,0.26713645129370184,0.0,-7.549006015683226e-05,0.0,0.0,0.0,-1.0875686650057179e-05,0.0,0.0,-0.0024316568299325952,0.0,0.0,0.0,0.0,-0.0006046796751126139,0.0,0.0,-5.684550277754251e-05,0.0,0.0,0.0,0.0,0.0,0.0,0.0003400997810101204,0.0012692599080042586
0.0,-3.723876033730689e-07,0.0,0.0035570007791862037,0.0,0.0,0.0,0.0,0.2751439718049739,-0.2751439718049739,0.022167870064264853,0.0,0.0,0.0,-0.1417235332484482,0.0,0.0,0.2781750282168559,0.0,-8.788350448710794e-05,0.0,0.0,0.0,-1.2661182869969875e-05,0.0,0.0,-0.001344003716450437,0.0,0.0,0.0,0.0,-0.0007039518690357382,0.0,0.0,-6.617801056249282e-05,0.0,0.0,0.0,0.0,0.0,0.0,0.0003959350485133004,0.001477638361774479
0.0,-5.205879597555318e-07,0.0,0.004972592432488316,0.0,0.013265779619592707,0.0,0.0,0.27851771365695865,-0.27851771365695865,0.01772431281192127,0.0,0.0,0.0,-0.13179682992000263,0.0,0.0,0.2694892702404854,0.0,-0.00012285880056881176,0.0,0.0,0.0,-1.7699996720261354e-05,0.0,0.0,-0.001878881429760789,0.0,0.0,0.0,0.0,-0.000984105979758593,0.0,0.0,-9.251509767604606e-05,0.0,0.0,0.0,0.0,0.0,0.0,0.0005535066614308061,0.0020656991077171658
0.0,-4.202185726659054e-07,0.0,0.0,0.0,0.0,0.0,0.0,0.26231805983841483,-0.26231805983841483,0.0490984589557842,0.0,0.0,0.0,-0.12380218977116399,-0.02006938169882749,0.0,0.2777800664093101,0.0,-9.917161710523523e-05,0.0,0.0,0.0,-1.4287436385336797e-05,0.0,0.0,-0.0015166329874269908,0.0,0.0,0.0,0.0,-0.0007943702930823382,0.0,0.0,-7.467818178839814e-05,0.0,0.0,0.0,0.0,0.0,0.0,0.0004467905468592665,0.0016674322068642848
0.0,-6.191011689628745e-07,0.0,0.0,0.0,0.015776122969786855,0.0,0.0,0.2602599351563222,-0.2602599351563222,0.05655983576940187,0.0,0.0,0.0,-0.10351513201499285,-0.02956789270707626,0.0,0.2672637342680934,0.0,-0.00014610792590217947,0.0,0.0,0.0,-2.104944698547921e-05,0.0,0.0,-0.0022344306427174933,0.0,0.0,0.0,0.0,-0.0011703327958987161,0.0,0.0,-0.00011002214716001414,0.0,0.0,0.0,0.0,0.0,0.0,0.0006582492251289697,0.0024566006730425056
0.0,-4.322033067947291e-07,0.0,0.0,0.0,0.02133441782955068,0.0,0.0,0.2797395370047229,-0.2797395370047229,0.01626323762213279,0.0,0.0,0.0,-0.13290056727589994,0.0,0.0,0.26140700258050514,0.0,-0.00010200001532807317,0.0,0.0,0.0,-1.4694917485885109e-05,0.0,0.0,-0.0028499980515723465,0.0,0.0,0.0,0.0,-0.0008170259237033977,0.0,0.0,-7.680802138182678e-05,0.0,0.0,0.0,0.002580220657707329,0.0,0.0,0.0004595331200430493,0.0017149877719368316
0.0,-4.5623401804445056e-07,0.0,0.0,0.0,0.024938033865462107,0.0,0.0,0.2807887164908186,-0.2807887164908186,0.014750069270498415,0.0,0.0,0.0,-0.13062025391928997,0.0,0.0,0.259019472188474,0.0,-0.00010767126512482737,0.0,0.0,0.0,-1.551196194942852e-05,0.0,0.0,-0.0030084593108059125,0.0,0.0,0.0,0.0,-0.0008624529571096419,0.0,0.0,-8.10785842268393e-05,0.0,0.0,0.0,0.0027236821643898306,0.0,0.0,0.00048508338202353637,0.0018103419149901392
0.0,-5.558530489827145e-07,0.0,0.005309440245688726,0.0,0.017109671153120943,0.0,0.0,0.279713214854697,-0.279713214854697,0.01597971757266229,0.0,0.0,0.0,-0.1289438403315755,0.0,0.0,0.26712792081005715,0.0,-0.00013118136447604927,0.0,0.0,0.0,-1.8899010166430912e-05,0.0,0.0,-0.0020061585210306796,0.0,0.0,0.0,0.0,-0.0010507701899748418,0.0,0.0,-9.878215228856417e-05,0.0,0.0,0.0,0.0,0.0,0.0,0.0005910016926496683,0.002205631393866017
0.0,-3.13357925851352e-07,0.0,0.0,0.0,0.020708525273495752,0.0,0.0,0.2822912647817657,-0.2822912647817657,0.0,0.0,0.0,0.0,-0.13880755246460816,0.01048110528598391,0.0,0.2572084872989471,0.0,-7.395249582204474e-05,0.0,0.0,0.0,-1.0654173143845737e-05,0.0,0.0,-0.0027213870934040523,0.0,0.0,0.0,0.0,-0.0005923636973468987,0.0031808609914781684,0.0,-5.5687686536805233e-05,0.0,0.0,0.0,0.0,0.0,0.0,0.00033317270620763893,0.0012434079115683225
0.0,-3.3642560308615774e-07,0.0,0.0,0.0,0.02322330153552653,0.0,0.0,0.2830013149708281,-0.2830013149708281,0.0,0.0,0.0,0.0,-0.13651463810806252,0.009668139602098398,0.0,0.25607208214926497,0.0,-7.939646951346012e-05,0.0,0.0,0.0,-1.1438474439618781e-05,0.0,0.0,-0.002822687640923736,0.0,0.0,0.0,0.0,-0.0006359702362237753,0.003216952548323278,0.0,-5.978710599617909e-05,0.0,0.0,0.0,0.0,0.0,0.0,0.00035769903797143275,0.0013349407243967689
0.0,-2.5102711599321215e-07,0.0,0.0,0.0,0.0,0.0,0.0,0.2755915938184389,-0.2755915938184389,0.02183701713468166,0.0,0.0,0.0,-0.1446406162283968,0.0,0.0,0.27733511156099633,0.0,-5.9242419658835216e-05,0.0,0.0,0.0,-8.53492487967459e-06,0.0,0.0,-0.0016553015218189098,0.0,0.0,0.0,0.0,-0.000474535150690928,0.001498612667112243,0.0,-4.461070933402699e-05,0.0,0.0,0.0,0.0,0.0,0.0,0.0002669004887613138,0.0009960785296753722
0.0,-1.7734985678875842e-07,0.0,0.0,0.0,0.0,0.0,0.0,0.2765005528777176,-0.2765005528777176,0.010272574708514549,0.0,0.0,0.0,-0.15081893182677195,0.008248333195438403,0.0,0.27257713435466985,0.0,-4.185458053303713e-05,0.0,0.0,0.0,-6.029897205025571e-06,0.0,0.0,-0.001684986070233379,0.0,0.0,0.0,0.0,-0.00033525757041539547,0.0020898067188630256,0.0,-3.1517323856951575e-05,0.0,0.0,0.0,0.0,0.0,0.0,0.0001885643440207016,0.0007037263041856446
0.0,-6.937769390758499e-08,0.0,0.0,0.0,0.0,0.0,0.0,0.2809618006305714,-0.2809618006305714,0.0,0.0,0.0,0.0020092701417261487,-0.1504208223877627,0.007245215207483987,0.0,0.2754084537547035,0.0,-1.637314136830741e-05,0.0,0.0,0.0,-2.358842404269612e-06,0.0,0.0,-0.0016637867044526978,0.0,0.0,0.0,0.0,-0.00013114979353033376,0.0008175138874794044,0.0,-1.2329298071767111e-05,0.0,0.0,0.0,0.0,0.0,0.0,7.376470203150467e-05,0.00027529150014854936
0.0,-2.563515792839651e-07,0.0,0.0,0.0,0.014848564287124609,0.0,0.0,0.28088112562562934,-0.28088112562562934,0.0,0.0,0.0,0.0,-0.1437594485395075,0.011922610366861137,0.0,0.26036142885051394,0.0,-6.049899342570022e-05,0.0,0.0,0.0,-8.715956693832826e-06,0.0,0.0,-0.002435574789836473,0.0,0.0,0.0,0.0,-0.0004846003780271416,0.0030207256012441033,0.0,-4.555693414039372e-05,0.0,0.0,0.0,0.0,0.0,0.0,0.00027256163755422767,0.001017206062232879
0.0,-6.933027367538041e-08,0.0,0.0,0.0,0.0,0.0,0.0,0.2809422969825229,-0.2809422969825229,0.0,0.0,0.0,0.0019083567397193322,-0.1504540465686869,0.007359711101420352,0.0,0.27539274586554424,0.0,-1.6361950189675305e-05,0.0,0.0,0.0,-2.3572301158200496e-06,0.0,0.0,-0.0016327874776348576,0.0,0.0,0.0,0.0,-0.00013106015155302798,0.0008567711295667682,0.0,-1.2320870893742695e-05,0.0,0.0,0.0,0.0,0.0,0.0,7.371428324267184e-05,0.0002751033361130255
0.0,-2.256356384107726e-07,0.0,0.0,0.0,0.012421508482663853,0.0,0.0,0.2808308375736733,-0.2808308375736733,0.0,0.0,0.0,0.0,-0.14495640432504953,0.011530699187295552,0.0,0.26276980243286796,0.0,-5.3250028897601814e-05,0.0,0.0,0.0,-7.671614344903825e-06,0.0,0.0,-0.0022085359129138033,0.0,0.0,0.0,0.0,-0.00042653575989533727,0.00278836488799791,0.0,-4.009832101490093e-05,0.0,0.0,0.0,0.0,0.0,0.0,0.0002399034141611805,0.000895324849912404
0.0,-1.6438015406702015e-07,0.0,0.0,0.0,0.0,0.0,0.0,0.27698555340071457,-0.27698555340071457,0.009049321696282165,0.0,0.0,0.0,-0.15085029876624875,0.00840034899742865,0.0,0.2728770434709015,0.0,-3.8793729642680205e-05,0.0,0.0,0.0,-5.588927160798395e-06,0.0,0.0,-0.0016089633543013267,0.0,0.0,0.0,0.0,-0.000310739980707505,0.0020313805616545832,0.0,-2.921244282456203e-05,0.0,0.0,0.0,0.0,0.0,0.0,0.00017477451903775238,0.0006522623722264172
0.0,-6.37278539182397e-08,0.0,0.0,0.0,0.0,0.0,0.0,0.2809269625566631,-0.2809269625566631,0.0,0.0,0.0,0.0,-0.15051675776457044,0.008869965987302948,0.0,0.27582585788555597,0.0,-1.5039778674282303e-05,0.0,0.0,0.0,-2.1667477785537692e-06,0.0,0.0,-0.0009746016337798335,0.0,0.0,0.0,0.0,-0.00012046948252044232,0.0014891961581301003,0.0,-1.1325249690176093e-05,0.0,0.0,0.0,0.0,0.0,0.0,6.775760176819984e-05,0.00025287286904879057
0.0,-4.3173324422149745e-07,0.0,0.0,0.0,0.037556764393259695,0.0,0.0,0.28976561054620914,-0.28976561054620914,0.0,0.0,0.0,0.0,-0.11909821951116983,0.0,0.0,0.25520746472199846,0.0,-0.00010188908052280677,0.0,0.0,0.0,-1.4678935352897585e-05,0.0,0.0,-0.0028468984051865697,0.0,0.0,0.0,0.0,-0.0008161373296041505,0.0025774144201270058,0.0,-7.672448528756752e-05,0.0,0.0,0.0,0.0,0.0,0.0,0.0004590333336751603,0.0017131225581532633
0.0,-2.4853131447494023e-07,0.0,0.0,0.0,0.02020495276942127,0.0,0.0,0.28681400656653133,-0.28681400656653133,0.0,0.0,0.0,0.0021396193779529707,-0.1325495288005859,0.0,0.0,0.26616123748102327,0.0,-5.8653410298847905e-05,0.0,0.0,0.0007590464628847854,-8.45006759886352e-06,0.0,0.0,-0.0027258436113873977,0.0,0.0,0.0,0.0,-0.00046981715221940096,0.0,0.0,-4.41671736799343e-05,0.0,0.0,0.0,0.0,0.0,0.0,0.00026424686848430746,0.0009861751600858133
0.0,-3.3651774475124397e-07,0.0,0.0,0.0,0.019825563797359662,0.0,0.0,0.28289907406350806,-0.28289907406350806,0.009850137490055158,0.0,0.0,0.0,-0.13341156769526233,0.0,0.0,0.2642054150985791,0.0,-7.941821495386604e-05,0.0,0.0,0.0016071881413987016,-1.1441607257309363e-05,0.0,0.0,-0.0028217320614982197,0.0,0.0,0.0,0.0,-0.0006361444184381294,0.0,0.0,-5.9803480741283624e-05,0.0,0.0,0.0,0.0,0.0,0.0,0.000357797006094715,0.001335306343600566
0.0,-2.735156835916007e-07,0.0,0.0,0.0,0.020424801061691984,0.0,0.0,0.28412995712107,-0.28412995712107,0.0,0.0,0.0,0.0,-0.13799524907322802,0.00615847530978981,0.0,0.2603142156128637,0.0,-6.454972342926075e-05,0.0,0.0,0.00192214168637316,-9.299536441036433e-06,0.0,0.0,-0.0029093015486371964,0.0,0.0,0.0,0.0,-0.0005170469557280101,0.0,0.0,-4.8607213649909176e-05,0.0,0.0,0.0,0.0,0.0,0.0,0.00029081109164500406,0.0010853134286992441
0.0,-2.6944513114202804e-07,0.0,0.0,0.0,0.02224111859079524,0.0,0.0,0.2870985057443284,-0.2870985057443284,0.0,0.0,0.0,0.0018997592406970174,-0.13131622686032668,0.0,0.0,0.2646238322448809,0.0,-6.35890727222375e-05,0.0,0.0,0.0009069015980264088,-9.161137610143528e-06,0.0,0.0,-0.0028292498353593644,0.0,0.0,0.0,0.0,-0.000509352088930809,0.0,0.0,-4.788382473856261e-05,0.0,0.0,0.0,0.0,0.0,0.0,0.00028648314311234877,0.0010691614290123002
0.0,-3.569135595953233e-07,0.0,0.0,0.0,0.03147429918683237,0.0,0.0,0.28869824216103107,-0.28869824216103107,0.0,0.0,0.0,0.0,-0.1253768440417409,0.0,0.0,0.258424450790405,0.0,-8.423162890516811e-05,0.0,0.0,0.0017045973041036255,-1.2135065200548755e-05,0.0,0.0,-0.002992752833994072,0.0,0.0,0.0,0.0,-0.0006747001379356245,0.0,0.0,-6.342807629160838e-05,0.0,0.0,0.0,0.0,0.0,0.0,0.0003794825237290618,0.0014162371752401688
0.0,-3.509088160357332e-07,0.0,0.0,0.0,0.022532731153529675,0.0,0.0,0.28384115880379746,-0.28384115880379746,0.008412041792974277,0.0,0.0,0.0,-0.1316795353308145,0.0,0.0,0.2624887380226286,0.0,-8.281450893988696e-05,0.0,0.0,0.0016759190165790035,-1.1930903849293786e-05,0.0,0.0,-0.0029424025101628714,0.0,0.0,0.0,0.0,-0.0006633489264195445,0.0,0.0,-6.236095703438244e-05,0.0,0.0,0.0,0.0,0.0,0.0,0.0003730980780304374,0.0013924102826264005
0.0,-2.932273679118571e-07,0.0,0.0,0.0,0.022613865269493428,0.0,0.0,0.28476701819292594,-0.28476701819292594,0.0,0.0,0.0,0.0,-0.1359887197027355,0.0054071484385654085,0.0,0.2593544431418348,0.0,-6.920168252165888e-05,0.0,0.0,0.0019411507964683643,-9.969733938464546e-06,0.0,0.0,-0.002999453137010286,0.0,0.0,0.0,0.0,-0.0005543094126234547,0.0,0.0,-5.211023051012292e-05,0.0,0.0,0.0,0.0,0.0,0.0,0.0003117692186527947,0.0011635296224258092
0.0,-2.1101374866368618e-07,0.0,0.0,0.0,0.0,0.0,0.0,0.2768452120422623,-0.2768452120422623,0.01860817466701518,0.0,0.0,0.0,-0.14581402752478384,0.0,0.0,0.2775549739658075,0.0,-4.9799261735756483e-05,0.0,0.0,0.0010077887416458707,-7.1744699224915405e-06,0.0,0.0,-0.0017693695780036552,0.0,0.0,0.0,0.0,-0.0003988949186775804,0.0,0.0,-3.749982534705005e-05,0.0,0.0,0.0,0.0,0.0,0.0,0.00022435692825797257,0.0008373050205297205
0.0,-1.1989074006017204e-07,0.0,0.0,0.0,0.0,0.0,0.0,0.2782747697917359,-0.2782747697917359,0.005531654368283605,0.0,0.0,0.0,-0.1525785294141448,0.008401448674712748,0.0,0.27279701798466494,0.0,-2.8294224342063092e-05,0.0,0.0,0.0014127357001795415,-4.076286564236473e-06,0.0,0.0,-0.0018454396858904626,0.0,0.0,0.0,0.0,-0.00022663834612368728,0.0,0.0,-2.1306108447703883e-05,0.0,0.0,0.0,0.0,0.0,0.0,0.00012747187487458842,0.00047572785755964933
0.0,-6.522729232622739e-08,0.0,0.0,0.0,0.0,0.0,0.0,0.2808069056043279,-0.2808069056043279,0.0,0.0,0.0,0.0015047652401953555,-0.15147810300188697,0.007580390151406556,0.0,0.27481717066251665,0.0,-1.539364625973066e-05,0.0,0.0,0.0007686075208899353,-2.2177287019621386e-06,0.0,0.0,-0.0017564053978500244,0.0,0.0,0.0,0.0,-0.00012330398200497387,0.0,0.0,-1.1591718954734842e-05,0.0,0.0,0.0,0.0,0.0,0.0,6.935185521120328e-05,0.00025882265817359394
0.0,-1.4374520355514027e-07,0.0,0.0,0.0,0.006632278546003886,0.0,0.0,0.28058441499122183,-0.28058441499122183,0.0,0.0,0.0,0.0,-0.14977543590055303,0.010073071108732252,0.0,0.2673844853644359,0.0,-3.392387965445367e-05,0.0,0.0,0.0016938254004437781,-4.887338602056957e-06,0.0,0.0,-0.0022126237869907264,0.0,0.0,0.0,0.0,-0.0002717322053446253,0.0,0.0,-2.5545349826400043e-05,0.0,0.0,0.0,0.0,0.0,0.0,0.00015283474430307717,0.000570382647462527
0.0,-6.499599294742875e-08,0.0,0.0,0.0,0.0,0.0,0.0,0.2807816481562849,-0.2807816481562849,0.0,0.0,0.0,0.001387448670676359,-0.1515568470167427,0.007702817150822132,0.0,0.27477582626230207,0.0,-1.5339059587643857e-05,0.0,0.0,0.0008032088630663649,-2.2098645203778066e-06,0.0,0.0,-0.0017315136604942449,0.0,0.0,0.0,0.0,-0.00012286673965711573,0.0,0.0,-1.1550614115060845e-05,0.0,0.0,0.0,0.0,0.0,0.0,6.910592991740668e-05,0.00025790485953563797
0.0,-1.1213880367799149e-07,0.0,0.0,0.0,0.0,0.0,0.0,0.2785717944415199,-0.2785717944415199,0.004787582342810305,0.0,0.0,0.0,-0.15256636775127633,0.00850223232225945,0.0,0.2729974198120125,0.0,-2.6464766729467364e-05,0.0,0.0,0.0013857912914827632,-3.8127206365790146e-06,0.0,0.0,-0.001790517355230207,0.0,0.0,0.0,0.0,-0.00021198428660222906,0.0,0.0,-1.9928490817221782e-05,0.0,0.0,0.0,0.0,0.0,0.0,0.00011922975489060016,0.0004449680834087635
0.0,-1.309462877273991e-07,0.0,0.0,0.0,0.005590537034624109,0.0,0.0,0.2805684761733374,-0.2805684761733374,0.0,0.0,0.0,0.0,-0.15020152045270352,0.009928193662496539,0.0,0.2684686520748719,0.0,-3.090333448488062e-05,0.0,0.0,0.001618210817601582,-4.4521753142231326e-06,0.0,0.0,-0.0020908159627967575,0.0,0.0,0.0,0.0,-0.00024753746675247303,0.0,0.0,-2.3270819795957128e-05,0.0,0.0,0.0,0.0,0.0,0.0,0.00013922650570095182,0.0005195963998944356
0.0,-5.966990508585675e-08,0.0,0.0,0.0,0.0,0.0,0.0,0.2807006127120228,-0.2807006127120228,0.0,0.0,0.0,0.0,-0.15208737782628431,0.00876995000905141,0.0,0.2747623522895336,0.0,-1.4082102421934283e-05,0.0,0.0,0.0011619748135544426,-2.0287774707927214e-06,0.0,0.0,-0.001377332611368386,0.0,0.0,0.0,0.0,-0.00011279844127435244,0.0,0.0,-1.060410060180954e-05,0.0,0.0,0.0,0.0,0.0,0.0,6.344305382605364e-05,0.00023677088066213677
0.0,-3.9247641435699e-07,0.0,0.0,0.0,0.027433637184067286,0.0,0.0,0.2814770529104285,-0.2814770529104285,0.0,0.0,0.0,0.0,-0.13867472096762457,0.011961266812704298,0.0,0.2500612253329866,0.0,-9.2624465502605e-05,0.0,0.0030705700019325144,0.0,-1.3344202678373304e-05,0.0,0.0,-0.0029517923034031793,0.0,0.0,0.0,0.0,-0.0007419272363969055,0.0,0.0,-6.97480476245214e-05,0.0,0.0,0.0,0.0,0.0,0.0,0.000417294149298202,0.0015573509985094352
0.0,-3.739000278584269e-07,0.0,0.0,0.0,0.02421403626222997,0.0,0.0,0.2805455175123024,-0.2805455175123024,0.001849107197753727,0.0,0.0,0.0,-0.14035381515709164,0.01151516928931236,0.0,0.2524657464979841,0.0,-8.824043678786504e-05,0.0,0.002937240565249188,0.0,-1.2712605320160715e-05,0.0,0.0,-0.0028180825699585933,0.0,0.0,0.0,0.0,-0.0007068109170641888,0.0,0.0,-6.644678761806715e-05,0.0,0.0,0.0,0.0,0.0,0.0,0.0003975431091913649,0.0014836396798060384
0.0,-3.5992373876266875e-07,0.0,0.0,0.0,0.024020916884854464,0.0,0.0,0.2807387247689952,-0.2807387247689952,0.0,0.0,0.0,0.0,-0.14133738293518985,0.012508725582807533,0.0,0.251928580504603,0.0,-8.494203143190145e-05,0.0,0.002115452036804769,0.0,-1.2237411327444261e-05,0.0,0.0,-0.0028907421550915385,0.0,0.0,0.0,0.0,-0.0006803905025766364,0.0,0.0,-6.396302339222927e-05,0.0,0.0,0.0,0.0010679928211834442,0.0,0.0,0.0003826830476559086,0.001428181601352087
0.0,-4.4265549459809984e-07,0.0,0.0,0.0,0.017721017379676792,0.0,0.0,0.27959504668128365,-0.27959504668128365,0.0,0.0,0.0,0.0,-0.14098805224857353,0.011443528155004379,0.0,0.25729743502192237,0.0,-0.00010446673249426567,0.0,0.001288227274911511,0.0,-1.5050291993444016e-05,0.0,0.0,-0.0022417249017894756,0.0,0.0,0.0,0.0,-0.0008367844684912705,0.0,0.0,-7.866550801292619e-05,0.0,0.0,0.0,0.0,0.0,-0.006567403585456578,0.0004706462383303189,0.0017564621752811855
0.0,-3.4814940502910693e-07,0.0,0.0,0.0,0.023235110722246995,0.0,0.0,0.2811966509555962,-0.2811966509555962,0.0,0.0,0.0,0.0,-0.14050162364142976,0.012099522483006896,0.0,0.25332898482461963,0.0,-8.216328771934686e-05,0.0,0.0020462483817074136,0.0,-1.1837083842795608e-05,0.0,0.0,-0.0027961761145499143,0.0,0.0,0.0,0.0,-0.0006581326074068885,0.0010330551314803654,0.0,-6.18705746234518e-05,0.0,0.0,0.0,0.0,0.0,0.0,0.00037016417926237835,0.001381460907506604
0.0,-3.5034937301848693e-07,0.0,0.0,0.0,0.023809997786624057,0.0,0.0,0.2812205198188587,-0.2812205198188587,0.0,0.0,0.0,0.0,-0.14078813075730706,0.011809068117172618,0.0,0.25287099723485984,0.0,-8.268248034261062e-05,0.0,0.002548394244421364,0.0003057597182834712,-1.1911882780164408e-05,0.0,0.0,-0.0028444212188134138,0.0,0.0,0.0,0.0,-0.0006622913698466558,0.0,0.0,-6.226153689910112e-05,0.0,0.0,0.0,0.0,0.0,0.0,0.0003725032593625562,0.0013901904061965136
0.0,-3.6116355331263267e-07,0.0,0.0,0.0,0.02440985266473142,0.0,0.0,0.280940294166779,-0.280940294166779,0.0,0.0,0.0,0.0,-0.14086739229964523,0.01239871792106138,0.0,0.25203090877934126,0.00038273989009946613,-8.523462776587709e-05,0.0,0.0025820269158448247,0.0,-1.2279565036643373e-05,0.0,0.0,-0.0027858778090744094,0.0,0.0,0.0,0.0,-0.0006827342158522645,0.0,0.0,-6.418335419712141e-05,0.0,0.0,0.0,0.0,0.0,0.0,0.0003840012602643334,0.0014331011999743793
0.0,-3.539386759821077e-07,0.0,0.0,0.0,0.02408825077825695,0.0,0.0,0.2813215730509241,-0.2813215730509241,0.0,0.0,0.0,0.0002917315256123969,-0.1402999182905101,0.011483873504021684,0.0,0.2529905039448756,0.0,-8.35295561320615e-05,0.0,0.0027804304874212782,0.0,-1.2033919122906463e-05,0.0,0.0,-0.002813499727244054,0.0,0.0,0.0,0.0,-0.0006690764950948909,0.0,0.0,-6.289940165960047e-05,0.0,0.0,0.0,0.0,0.0,0.0,0.000376319527224745,0.001404432802299489
0.0,-3.9050812991603597e-07,0.0,0.0,0.0,0.02722083084771883,0.0,0.0,0.28141949504492314,-0.28141949504492314,0.0,0.0,0.0,0.0,-0.1388631624494015,0.012026656565370969,0.0,0.25016121906130545,0.0,-9.215995021549111e-05,0.0,0.003067708571242166,0.0,-1.3277280984360655e-05,0.0,0.0,-0.0029432577489943196,0.0,0.0,0.0,0.0,-0.000738206442529298,0.0,0.0,-6.939825846037204e-05,0.0,0.0,0.0,0.0,0.0,0.0,0.0004152014029539141,0.0015495408228470519
0.0,-2.700769106357117e-07,0.0,0.0,0.0,0.0,0.0,0.0,0.27436274093244173,-0.27436274093244173,0.023816639240161728,0.0,0.0,0.0,-0.1459967299474603,0.0,0.0,0.2765610373963107,0.0,-6.373817273379824e-05,0.0,0.0012898707863389961,0.0,-9.182618120317793e-06,0.0,0.0,-0.0016196841988062975,0.0,0.0,0.0,0.0,-0.0005105463885029983,0.0,0.0,-4.799609998518051e-05,0.0,0.0,0.0,0.0,0.0,0.0,0.00028715487235955126,0.0010716683374259889
0.0,-2.1657522054506625e-07,0.0,0.0,0.0,0.0,0.0,0.0,0.2747057545480502,-0.2747057545480502,0.015096631779554046,0.0,0.0,0.0,-0.15142539575396818,0.006669965612815856,0.0,0.27246659355815245,0.0,-5.111176954916115e-05,0.0,0.0017013465520618332,0.0,-7.363560031503051e-06,0.0,0.0,-0.001632326313530212,0.0,0.0,0.0,0.0,-0.0004094081809076473,0.0,0.0,-3.848816959260287e-05,0.0,0.0,0.0,0.0,0.0,0.0,0.00023027007257108649,0.0008593730059444348
0.0,-6.588561465245168e-08,0.0,0.0,0.0,0.0,0.0,0.0,0.28105313472524857,-0.28105313472524857,0.0,0.0,0.0,0.002296317329088627,-0.15054844384631672,0.0066217439117894185,0.0,0.27577931180484117,0.0,-1.554901038191583e-05,0.0,0.0005175765862655466,0.0,-2.2401116687532197e-06,0.0,0.0,-0.0016447382003270308,0.0,0.0,0.0,0.0,-0.000124548457459516,0.0,0.0,-1.1708711200082898e-05,0.0,0.0,0.0,0.0,0.0,0.0,7.005180569239553e-05,0.00026143488885697436
0.0,-3.62754882065751e-07,0.0,0.0,0.0,0.024872260357374023,0.0,0.0,0.28129101229567793,-0.28129101229567793,0.0,0.0,0.0,0.0,-0.14006865032967805,0.011861923062312697,0.0,0.25225424878334346,0.0,-8.561018148020156e-05,0.0,0.0029186874087451897,0.0,-1.2333670232860895e-05,0.0,0.0,-0.0027685814589078163,0.0,0.0,0.0,0.0,-0.000685742422462423,0.0,0.0,-6.446615354403404e-05,0.0,0.0,0.0,0.0,0.0,0.0,0.0003856932146187733,0.0014394156110624592
0.0,-6.5681823847162e-08,0.0,0.0,0.0,0.0,0.0,0.0,0.2810388125255169,-0.2810388125255169,0.0,0.0,0.0,0.002213773122246609,-0.15058572554602725,0.006701850817751949,0.0,0.27578130206763374,0.0,-1.5500915735399992e-05,0.0,0.0005411228258237961,0.0,-2.2331827789899207e-06,0.0,0.0,-0.0016145037045542194,0.0,0.0,0.0,0.0,-0.00012416321660569453,0.0,0.0,-1.1672494983584712e-05,0.0,0.0,0.0,0.0,0.0,0.0,6.98351284409294e-05,0.0002606262445601574
0.0,-1.995033060111493e-07,0.0,0.0,0.0,0.0,0.0,0.0,0.27535528530307274,-0.27535528530307274,0.013448318904010027,0.0,0.0,0.0,-0.15144288669930678,0.006908018910942557,0.0,0.2728343351414644,0.0,-4.70827963396477e-05,0.0,0.0016436174635032948,0.0,-6.783114737684091e-06,0.0,0.0,-0.001541846623170148,0.0,0.0,0.0,0.0,-0.00037713587636444413,0.0,0.0,-3.5454273377707444e-05,0.0,0.0,0.0,0.0,0.0,0.0,0.00021211863775431146,0.0007916314495774827
0.0,-3.3442823106857303e-07,0.0,0.0,0.0,0.022543473548567564,0.0,0.0,0.2812314346351751,-0.2812314346351751,0.0,0.0,0.0,0.0,-0.1411469802692051,0.011579941158697697,0.0,0.25446208172643486,0.0,-7.892508955591095e-05,0.0,0.002755202867876802,0.0,-1.1370563767660495e-05,0.0,0.0,-0.0025846039801316815,0.0,0.0,0.0,0.0,-0.000632194455955575,0.0,0.0,-5.9432147599928376e-05,0.0,0.0,0.0,0.0,0.0,0.0,0.0003555753647354866,0.001327015128890408
0.0,-5.4769559717393776e-08,0.0,0.0,0.0,0.0,0.0,0.0,0.28111235677697943,-0.28111235677697943,0.0,0.0,0.0,0.0,-0.1507960775713144,0.00804972456463901,0.0,0.27672831997468383,0.0,-1.2925620519000885e-05,0.0,0.0010665485197187286,0.0,-1.862165670952645e-06,0.0,0.0,-0.0007309459630572449,0.0,0.0,0.0,0.0,-0.00010353495546063642,0.0,0.0,-9.73324694122429e-06,0.0,0.0,0.0,0.0,0.0,0.0,5.823284149991843e-05,0.00021732625297636875
0.0,-4.919147158523429e-07,0.0,0.0,0.0,0.04337932960209435,0.0,0.0,0.28982691200195265,-0.28982691200195265,0.0,0.0,0.0,0.0,-0.11759031218737849,0.0,0.0,0.2504515321556444,0.0,-0.0001160919126906959,0.0,0.0023493545592426735,0.0,-1.6725106092202982e-05,0.0,0.0,-0.002950072594324831,0.0,0.0,0.0,0.0,-0.0009299028230097205,0.0,0.0,-8.741949776697724e-05,0.0,0.0,0.0,0.0,0.0,0.0,0.0005230203022904636,0.0019519233408439012
0.0,-3.397445323601297e-07,0.0,0.0,0.0,0.024176660856287762,0.0,0.0,0.2824956986384489,-0.2824956986384489,0.0,0.0,0.0,0.0,-0.13828180055915498,0.009639322639666017,0.0,0.2553008016750452,0.0025865313453846683,-8.01797370903061e-05,0.0,0.0,0.0,-1.15513180737506e-05,0.0,0.0,-0.0025194555619359803,0.0,0.0,0.0,0.0,-0.0006422442540601567,0.0,0.0,-6.037692191529023e-05,0.0,0.0,0.0,0.0,0.0,0.0,0.0003612278354158144,0.001348110274539726
0.0,-3.6510348037599033e-07,0.0,0.0,0.0,0.02694850932590471,0.0,0.0,0.2832687928624869,-0.2832687928624869,0.0,0.0,0.0,0.0,-0.13578695770691124,0.008746692001722749,0.0,0.2540440354813131,0.0026183810643934146,-8.616445087119831e-05,0.0,0.0,0.0,-1.241352260287723e-05,0.0,0.0,-0.0026269047366159187,0.0,0.0,0.0,0.0,-0.0006901821518066108,0.0,0.0,-6.488352931694978e-05,0.0,0.0,0.0,0.0,0.0,0.0,0.00038819032348458933,0.00144873487660238
0.0,-2.4771086046923993e-07,0.0,0.0,0.0,0.0,0.0,0.0,0.2753028035962957,-0.2753028035962957,0.02184429681818876,0.0,0.0,0.0,-0.1457367293343062,0.0,0.0,0.2773190511435212,0.0011830519003867748,-5.845978308720521e-05,0.0,0.0,0.0,-8.422172153074033e-06,0.0,0.0,-0.001485552265946602,0.0,0.0,0.0,0.0,-0.00046826618724221295,0.0,0.0,-4.4021368574277006e-05,0.0,0.0,0.0,0.0,0.0,0.0,0.00026337453413803104,0.0009829195890036582
0.0,-1.5131455968183504e-07,0.0,0.0,0.0,0.0,0.0,0.0,0.27632484433206017,-0.27632484433206017,0.006981522047731466,0.0,0.0,0.0,-0.15423503230444538,0.010603500372636467,0.0,0.27119437202031094,0.001783019108166222,-3.571024831200122e-05,0.0,0.0,0.0,-5.144696798892518e-06,0.0,0.0,-0.0014376269025752635,0.0,0.0,0.0,0.0,-0.00028604111988560075,0.0,0.0,-2.68905206246928e-05,0.0,0.0,0.0,0.0,0.0,0.0,0.00016088273880689768,0.0006004179410260768
0.0,-7.353575170274164e-08,0.0,0.0,0.0,0.0,0.0,0.0,0.2801818180553189,-0.2801818180553189,0.0,0.0,0.0,0.0016964377812970924,-0.15214296014520895,0.008545957805450746,0.0,0.2742956388818371,0.0008665104712662706,-1.7354443343959404e-05,0.0,0.0,0.0,-2.500216417935797e-06,0.0,0.0,-0.001546875881563659,0.0,0.0,0.0,0.0,-0.00013901007816372613,0.0,0.0,-1.30682377953101e-05,0.0,0.0,0.0,0.0,0.0,0.0,7.818568919631402e-05,0.00029179072206932723
0.0,-1.9140311082969147e-07,0.0,0.0,0.0,0.008831172896194853,0.0,0.0,0.2788836354368179,-0.2788836354368179,0.0,0.0,0.0,0.0,-0.1509414549313938,0.013412740725505044,0.0,0.26356274758814785,0.0022554036088092734,-4.517114962228122e-05,0.0,0.0,0.0,-6.50770800677812e-06,0.0,0.0,-0.0018185048546811603,0.0,0.0,0.0,0.0,-0.000361823477439529,0.0,0.0,-3.401476573185347e-05,0.0,0.0,0.0,0.0,0.0,0.0,0.0002035062372794098,0.0007594897804414351
0.0,-7.369759328393989e-08,0.0,0.0,0.0,0.0,0.0,0.0,0.28012127143630305,-0.28012127143630305,0.0,0.0,0.0,0.0015731989496114691,-0.15226618410809004,0.008734062821088169,0.0,0.27422213763160325,0.0009107416846481531,-1.7392637970199925e-05,0.0,0.0,0.0,-2.505719033589367e-06,0.0,0.0,-0.0015079561833881918,0.0,0.0,0.0,0.0,-0.00013931601929211023,0.0,0.0,-1.3096999101467917e-05,0.0,0.0,0.0,0.0,0.0,0.0,7.835776461913363e-05,0.0002924329113547455
0.0,-1.4082682131884764e-07,0.0,0.0,0.0,0.0,0.0,0.0,0.2767445597206899,-0.2767445597206899,0.006012370214651577,0.0,0.0,0.0,-0.15418008323433197,0.010677324108935135,0.0,0.27148442800912903,0.0017403126856182067,-3.3235141210866516e-05,0.0,0.0,0.0,-4.788113571890862e-06,0.0,0.0,-0.0013784218422887272,0.0,0.0,0.0,0.0,-0.00026621537124169004,0.0,0.0,-2.502671620726402e-05,0.0,0.0,0.0,0.0,0.0,0.0,0.00014973182196667152,0.0005588024726457327
0.0,-1.7181778537247334e-07,0.0,0.0,0.0,0.007335478607316969,0.0,0.0,0.2789623447878284,-0.2789623447878284,0.0,0.0,0.0,0.0,-0.15143223126494088,0.01302702258646964,0.0,0.26520916695969576,0.0021232934798800476,-4.0549011231770614e-05,0.0,0.0,0.0,-5.841806712171146e-06,0.0,0.0,-0.0016817633603677493,0.0,0.0,0.0,0.0,-0.0003247998860621609,0.0,0.0,-3.0534204447757365e-05,0.0,0.0,0.0,0.0,0.0,0.0,0.00018268245927280486,0.0006817749801599907
0.0,-7.196170540059671e-08,0.0,0.0,0.0,0.0,0.0,0.0,0.279667812889423,-0.279667812889423,0.0,0.0,0.0,0.0,-0.1532881064077655,0.010576530296491195,0.0,0.27390762846471645,0.0014013377278814805,-1.6982968289461193e-05,0.0,0.0,0.0,-2.4466988252534993e-06,0.0,0.0,-0.0009603896457939957,0.0,0.0,0.0,0.0,-0.00013603454185073658,0.0,0.0,-1.2788509759613803e-05,0.0,0.0,0.0,0.0,0.0,0.0,7.651211012612792e-05,0.0002855448879486664
0.0,-4.477353720687752e-07,0.0,0.0,0.0,0.03948338940386111,0.0,0.0,0.289457552995684,-0.289457552995684,0.0,0.0,0.0,0.0,-0.11985955106661499,0.0,0.0,0.25361851468740926,0.002138356718768575,-0.00010566558398782843,0.0,0.0,0.0,-1.5223007886859045e-05,0.0,0.0,-0.00268512367710179,0.0,0.0,0.0,0.0,-0.000846387337135563,0.0,0.0,-7.956826681011885e-05,0.0,0.0,0.0,0.0,0.0,0.0,0.0004760473352373459,0.0017766191884464812
0.0,-2.6202948934745945e-07,0.0,0.0,0.0,0.020822156488237514,0.0,0.0,0.2865993555090277,-0.2865993555090277,0.0,0.0,0.0,0.0026292859755391498,-0.13217262329331753,0.0,0.0,0.26562516965627636,0.0,-6.183898065949272e-05,0.0,0.0,0.0,-8.909005702398032e-06,0.0,0.0,-0.002713834671279395,0.0,0.0,0.0,0.0,-0.0004953337519773195,0.0,0.0,-4.656597093096157e-05,0.0,0.0,0.0,0.0009069744999538759,0.0,0.0,0.0002785985828662648,0.0010397360757148785
0.0,-2.871167014117859e-07,0.0,0.0,0.0,0.02311997482342904,0.0,0.0,0.28685795932098473,-0.28685795932098473,0.0,0.0,0.0,0.0024753327266524225,-0.1307802024336561,0.0,0.0,0.2638756641913923,0.0,-6.775956473386503e-05,0.0,0.0,0.0,-9.761971205994392e-06,0.0,0.0,-0.002821530149421771,0.0,0.0,0.0,0.0,-0.0005427579671273765,0.0,0.0,-5.1024287399980094e-05,0.0,0.0,0.0,0.0010952315478493055,0.0,0.0,0.000305272152114491,0.0011392824263464342
0.0,-2.3037450361445614e-07,0.0,0.0,0.0,0.01990150642426725,0.0,0.0,0.28626460272766185,-0.28626460272766185,0.0,0.0,0.0,0.003507758436239382,-0.1279669842479767,-0.003987028344370385,0.0,0.26782424448180936,0.0,-5.4368401468598734e-05,0.0,0.0,0.0,-7.832735817252796e-06,0.0,0.0,-0.002585335975081235,0.0,0.0,0.0,0.0,-0.0004354939877928954,0.0,0.0,-4.094047759761997e-05,0.0,0.0,0.0,0.0,0.0,0.0,0.00024494193533461145,0.000914128722417327
0.0,-2.462560337882378e-07,0.0,0.0,0.0,0.02170841342478568,0.0,0.0,0.28642680879198007,-0.28642680879198007,0.0,0.0,0.0,0.0035321062138313655,-0.12602400899338018,-0.004696824944821049,0.0,0.26671521131912107,0.0,-5.811644387293034e-05,0.0,0.0,0.0,-8.372708028904932e-06,0.0,0.0,-0.0026548287310552477,0.0,0.0,0.0,0.0,-0.00046551602060954854,0.0,0.0,-4.376282738066616e-05,0.0,0.0,0.0,0.0,0.0,0.0,0.00026182771338647144,0.0009771468197328507
0.0,-2.5471388765276234e-07,0.0,0.0,0.0,0.020240822670918163,0.0,0.0,0.28682654600915897,-0.28682654600915897,0.0,0.0,0.0,0.0025558789365589243,-0.13171522211552134,0.0,0.0,0.26643793848177627,0.0,-6.011249806840145e-05,0.0,0.0,0.0,-8.660275159218195e-06,0.0,0.0,-0.0026380671171396656,0.0,0.0,0.0,0.0,-0.00048150452823448784,0.0008816526775687957,0.0,-4.526589552072393e-05,0.0,0.0,0.0,0.0,0.0,0.0,0.00027082038862548586,0.00101070768270278
0.0,-2.774926104711554e-07,0.0,0.0,0.0,0.02234499817055003,0.0,0.0,0.2871220578009882,-0.2871220578009882,0.0,0.0,0.0,0.002392360098614826,-0.1302777163851553,0.0,0.0,0.264910124330136,0.0,-6.548827849419424e-05,0.0,0.0,0.0,-9.43475200145372e-06,0.0,0.0,-0.0027269530571932686,0.0,0.0,0.0,0.0,-0.0005245648351754531,0.0010585196186382224,0.0,-4.931396410738282e-05,0.0,0.0,0.0,0.0,0.0,0.0,0.0002950394943166495,0.0011010939210302814
0.0,-2.637797297103452e-07,0.0,0.0,0.0,0.021105402281578214,0.0,0.0,0.2866876462702796,-0.2866876462702796,0.0,0.0,0.0,0.0026949027874854825,-0.13192620031914154,0.0,0.0,0.2655733621913722,0.0,-6.225203752656326e-05,0.0,0.0007208152783664874,0.0,-8.968513895206208e-06,0.0,0.0,-0.0026598803511539877,0.0,0.0,0.0,0.0,-0.0004986423609738464,0.0,0.0,-4.68770108908657e-05,0.0,0.0,0.0,0.0,0.0,0.0,0.0002804594973991658,0.0010466810499275003
0.0,-2.894358009708248e-07,0.0,0.0,0.0,0.023481047625452445,0.0,0.0,0.28696681305959987,-0.28696681305959987,0.0,0.0,0.0,0.002553435854802327,-0.13047097042879013,0.0,0.0,0.2637988852926908,0.0,-6.830687241719481e-05,0.0,0.0008716404901273822,0.0,-9.840820618124908e-06,0.0,0.0,-0.0027571561690228202,0.0,0.0,0.0,0.0,-0.0005471419327972268,0.0,0.0,-5.143642086984696e-05,0.0,0.0,0.0,0.0,0.0,0.0,0.00030773789691399055,0.0011484846404968797
0.0,-2.6386426188429237e-07,0.0,0.0,0.0,0.02127239832998132,0.0,0.0,0.28677951962995596,-0.28677951962995596,0.0,0.0,0.0,0.0024954757777469667,-0.13172812929221248,0.0,0.0,0.2656584691617719,0.0007611044008004163,-6.227198712644549e-05,0.0,0.0,0.0,-8.971387990109063e-06,0.0,0.0,-0.0025806164970237824,0.0,0.0,0.0,0.0,-0.0004988021584034728,0.0,0.0,-4.6892033332670084e-05,0.0,0.0,0.0,0.0,0.0,0.0,0.0002805493748550465,0.0010470164745815358
0.0,-2.895479706308408e-07,0.0,0.0,0.0,0.02368392056287078,0.0,0.0,0.2870780258734564,-0.2870780258734564,0.0,0.0,0.0,0.0023122092365190305,-0.13023087448908963,0.0,0.0,0.2639011194709667,0.0009204215292112792,-6.833334446602254e-05,0.0,0.0,0.0,-9.84463438787734e-06,0.0,0.0,-0.0026613382168521028,0.0,0.0,0.0,0.0,-0.0005473539754138504,0.0,0.0,-5.145635484422767e-05,0.0,0.0,0.0,0.0,0.0,0.0,0.0003078571594763795,0.0011489297310185984
0.003864717050242697,-2.977429788669951e-07,0.0,0.0,0.0,0.02056835299166609,0.0,0.0,0.28495325891120854,-0.28495325891120854,0.0,0.0,0.0,0.0032452941197996196,-0.13253830738668837,0.0,0.0,0.26498509901824885,0.0,-7.026736707195884e-05,0.0,0.0,0.0,-1.0123264763751885e-05,0.0,0.0,-0.002697246929819125,0.0,0.0,0.0,0.0,-0.000562845606478767,0.0,0.0,-5.291271197507612e-05,0.0,0.0,0.0,0.0,0.0,0.0,0.0003165703683860167,0.0011814476194636333
0.004802772935045454,-3.3574789439375174e-07,0.0,0.0,0.0,0.023193766766148326,0.0,0.0,0.28485611888972223,-0.28485611888972223,0.0,0.0,0.0,0.003214783981130014,-0.1309988013121499,0.0,0.0,0.2627839062869891,0.0,-7.923653020728953e-05,0.0,0.0,0.0,-1.1415432336150787e-05,0.0,0.0,-0.0028191574031841246,0.0,0.0,0.0,0.0,-0.0006346891132853111,0.0,0.0,-5.966666854713917e-05,0.0,0.0,0.0,0.0,0.0,0.0,0.0003569784752524401,0.001332251568385837
0.0,-1.0504485918391124e-07,0.0,0.0,0.0,0.0,0.0,0.0,0.28129916773799546,-0.28129916773799546,0.007256593427916587,0.0,0.0,0.002508439073845519,-0.145081642806497,0.0,0.0,0.2801474312298952,0.0,-2.479059525563284e-05,0.0,0.0,0.0,-3.571526440812557e-06,0.0,0.0,-0.0016333424718926182,0.0,0.0,0.0,0.0,-0.0001985740778836519,0.0,0.0,-1.8667806709032877e-05,0.0,0.0,0.0,0.0,0.0,0.0,0.00011168723405485567,0.0004168192287589207
0.0,-1.3427657440426563e-07,0.0,0.0,0.0,0.009275946628089584,0.0,0.0,0.28537107670718875,-0.28537107670718875,0.0,0.0,0.0,0.003206483482909684,-0.13907499692770775,0.0,0.0,0.2746228901796361,0.0,-3.1689282409727474e-05,0.0,0.0,0.0,-4.565405100186197e-06,0.0,0.0,-0.002087866399732653,0.0,0.0,0.0,0.0,-0.00025383295432877763,0.0,0.0,-2.3862654069927325e-05,0.0,0.0,0.0,0.0,0.0,0.0,0.00014276737871880938,0.000532811016344797
0.0,-5.003627937228619e-08,0.0,0.0,0.0,0.0,0.0,0.0,0.28262363551096276,-0.28262363551096276,0.0,0.0,0.0,0.002923126640351457,-0.1477436404501187,0.0034565512188905094,0.0,0.27861847477295554,0.0,-1.1808565975079175e-05,0.0,0.0,0.0,-1.7012340838605723e-06,0.0,0.0,-0.0016421518919342063,0.0,0.0,0.0,0.0,-9.458728503490931e-05,0.0,0.0,-8.892082858863693e-06,0.0,0.0,0.0,0.0,0.0,0.0,5.320025833632229e-05,0.0001985445412555378
0.0,-3.069973504452261e-07,0.0,0.0,0.0,0.018019781948055105,0.0,0.0,0.2858404252588663,-0.2858404252588663,0.0,0.0,0.0,0.00254919568600142,-0.13227450624013515,0.0,0.0,0.2676425236182078,0.0,-7.24513995122279e-05,0.0,0.0,0.0,-1.0437913505646897e-05,0.0,0.0,-0.002382598152896796,0.0,0.0,0.0,0.0,-0.000580339830535201,0.0,0.0,-5.45573314374481e-05,0.0,0.0,0.0,0.0,0.0,-0.003187871362501551,0.0003264099280990616,0.001218169074029375
0.0,-5.393621570180412e-07,0.0,0.0,0.0,0.013744189384459659,0.0,0.0,0.27825818044861944,-0.27825818044861944,0.014928898483638273,0.0,0.0,0.0,-0.13311526397850101,0.0,0.0,0.2671868331362771,0.0,-0.00012728951263982728,0.0,0.0,0.0,-1.8338319646761625e-05,0.0,0.0,-0.0019466403741124018,0.0,0.0,0.0,0.0,-0.001019596235430044,0.0,0.0,-9.585151116963908e-05,0.0,0.0,0.0,0.0,0.0,-0.008586535442278147,0.0005734680206076392,0.002140195341843448
0.0,-5.001611667757144e-07,0.0,0.0,0.0,0.012745257911536778,0.0,0.0,0.27880009223453545,-0.27880009223453545,0.0,0.0,0.0,0.0,-0.14074523743407713,0.01038289652012463,0.0,0.2616114824831535,0.0,-0.00011803807577497233,0.0,0.0,0.0,-1.7005485520044566e-05,0.0,0.0,-0.0018051580151482614,0.0,0.0,0.0,0.0,-0.0009454916999965926,0.0,0.0,-8.888499691723556e-05,0.0,0.0,0.0,0.0,0.0,-0.011423429186241462,0.0005317882067986505,0.001984645354472955
0.0,-3.8189644504112696e-07,0.0,0.0,0.0,0.0,0.0,0.0,0.27487406099044925,-0.27487406099044925,0.020302036734869026,0.0,0.0,0.0,-0.14291052944785695,0.0,0.0,0.27676657212089517,0.0,-9.012759188913884e-05,0.0,0.0,0.0,-1.2984483597895181e-05,0.0,0.0,-0.0013783225778337081,0.0,0.0,0.0,0.0,-0.000721927136751319,0.0,0.0,-6.786785259441296e-05,0.0,0.0,0.0,0.0,0.0,-0.006079713450337563,0.00040604516940090715,0.001515369556630302
0.0,-3.5982829622727813e-07,0.0,0.0,0.0,0.0,0.0,0.0,0.27550047083397483,-0.27550047083397483,0.008122071864256055,0.0,0.0,0.0,-0.14841084332222948,0.008255098282868759,0.0,0.27178022305149213,0.0,-8.491950698583696e-05,0.0,0.0,0.0,-1.2234166280124727e-05,0.0,0.0,-0.001298675259415108,0.0,0.0,0.0,0.0,-0.0006802100804826537,0.0,0.0,-6.394606204051407e-05,0.0,0.0,0.0,0.0,0.0,-0.008480092453510972,0.00038258156993608704,0.0014278028842563493
0.0,-1.613222516566065e-07,0.0,0.0,0.0,0.0,0.0,0.0,0.28009472006017744,-0.28009472006017744,0.0,0.0,0.0,0.0018206891106070115,-0.14937856593601417,0.007342396336248016,0.0,0.27478543868825756,0.0,-3.807206442672645e-05,0.0,0.0,0.0,-5.484958443080417e-06,0.0,0.0,-0.0014925811920999713,0.0,0.0,0.0,0.0,-0.0003049594012853081,0.0,0.0,-2.8669014697034672e-05,0.0,0.0,0.0,0.0,0.0,-0.0038018900214353913,0.0001715232541507118,0.0006401285797283273
0.0,-4.7575074954582425e-07,0.0,0.0,0.0,0.01073868235988923,0.0,0.0,0.2783463733434405,-0.2783463733434405,0.0,0.0,0.0,0.0,-0.14252953867880463,0.010914564632150597,0.0,0.2626889264239836,0.0,-0.0001122772153362159,0.0,0.0,0.0,-1.6175531048734538e-05,0.0,0.0,-0.001717057092400276,0.0,0.0,0.0,0.0,-0.000899346880251591,0.0,0.0,-8.45469554930796e-05,0.0,0.0,0.0,0.0,0.0,-0.011212043030733415,0.0005058342286248286,0.0018877845336532282
0.0,-1.7216882695970206e-07,0.0,0.0,0.0,0.0,0.0,0.0,0.2799428875315747,-0.2799428875315747,0.0,0.0,0.0,0.0015476012870629427,-0.14933678353277027,0.007638314364964694,0.0,0.2746721368884673,0.0,-4.0631857074722775e-05,0.0,0.0,0.0,-5.8537421302425535e-06,0.0,0.0,-0.0013951842266442876,0.0,0.0,0.0,0.0,-0.0003254634859758008,0.0,0.0,-3.05965889999204e-05,0.0,0.0,0.0,0.0,0.0,-0.004255263178135436,0.00018305569851764176,0.0006831679172802624
0.0,-3.241881846681303e-07,0.0,0.0,0.0,0.0,0.0,0.0,0.2765121241852967,-0.2765121241852967,0.0058281636775097375,0.0,0.0,0.0,-0.1486054813209504,0.008554528657857103,0.0,0.27241563940581653,0.0,-7.650843777795173e-05,0.0,0.0,0.0,-1.1022402070282256e-05,0.0,0.0,-0.00117004465529101,0.0,0.0,0.0,0.0,-0.0006128369377747598,0.0,0.0,-5.761236119267246e-05,0.0,0.0,0.0,0.0,0.0,-0.008012519277533055,0.00034468780233648825,0.001286382505111882
0.0,-3.9288151854693347e-07,0.0,0.0,0.0,0.007063113044370013,0.0,0.0,0.2785983115681255,-0.2785983115681255,0.0,0.0,0.0,0.0,-0.144778435506587,0.01036717674640953,0.0,0.266570695691815,0.0,-9.27200701241664e-05,0.0,0.0,0.0,-1.3357976225569305e-05,0.0,0.0,-0.0014179693853094504,0.0,0.0,0.0,0.0,-0.0007426930348528203,0.0,0.0,-6.982003978838012e-05,0.0,0.0,0.0,0.0,0.0,-0.009710319160355353,0.0004177248697240307,0.0015589584566690353
0.0,-2.2220378322112833e-07,0.0,0.0,0.0,0.0,0.0,0.0,0.2794069765578879,-0.2794069765578879,0.0,0.0,0.0,0.0,-0.14879450471704933,0.008859448866622216,0.0,0.2746018217164483,0.0,-5.244011079553209e-05,0.0,0.0,0.0,-7.5549312283184146e-06,0.0,0.0,-0.0008019673795621888,0.0,0.0,0.0,0.0,-0.0004200482698362501,0.0,0.0,-3.948843672516614e-05,0.0,0.0,0.0,0.0,0.0,-0.006490588493679231,0.000236254550077912,0.0008817072084164467
0.0,-4.963680195803456e-07,0.0,0.005848965661039608,0.0,0.012648599789089866,0.0,0.0,0.2788525284397991,-0.2788525284397991,0.010253388491321463,0.0,0.0,0.0,-0.13563455956206658,0.005538595653817447,0.0,0.26692096876975996,0.0,-0.00011714289273035714,0.0,0.0,0.0,-1.6876518471039006e-05,0.0,0.0,-0.001791467967785133,0.0,0.0,0.0,0.0,-0.0009383212328985446,0.0,0.0,-8.821090644567728e-05,0.0,0.0,0.0,0.0,0.0,0.0,0.0005277552048801848,0.001969594102076352
0.0,-3.786122465523304e-07,0.0,0.001854411462461887,0.0,0.020075815371044498,0.0,0.0,0.28048037612601967,-0.28048037612601967,0.0,0.0,0.0,0.0,-0.14125847164904498,0.01204557578017376,0.0,0.2557375421197592,0.0,-8.935252078040069e-05,0.0,0.0,0.0,-1.2872820810865523e-05,0.0,0.0,-0.00266995737344702,0.0,0.0,0.0,0.0,-0.0007157187730906292,0.0,0.0,-6.728420877729276e-05,0.0,0.0,0.0,0.002606975938776982,0.0,0.0,0.00040255329889767163,0.0015023378186487725
0.0,-4.963680195803456e-07,0.0,0.0007222714153788763,0.0,0.012648599789089866,0.0,0.0,0.2788525284397991,-0.2788525284397991,0.0,0.0,0.0,0.0,-0.1407612538077273,0.010665289899478179,0.0,0.2617942745240992,0.0,-0.00011714289273035714,0.0,0.0,0.0,-1.6876518471039006e-05,0.0,0.0,-0.001791467967785133,0.0,0.0,0.0,0.0,-0.0009383212328985446,0.0,0.0,-8.821090644567728e-05,0.0,0.0,0.0,0.0,0.0,-0.010253388491321463,0.0005277552048801848,0.001969594102076352
0.0,-3.49739748126044e-07,0.0,0.0017129963536819388,0.0,0.018544858691789845,0.0,0.0,0.28156755646764453,-0.28156755646764453,0.0,0.0,0.0,0.0,-0.13931623758146014,0.011126995171850222,0.0,0.2587115801697991,0.0,-8.253860881873288e-05,0.0,0.0,0.0,-1.1891155526691437e-05,0.0,0.0,-0.0024663497491161307,0.0,0.0,0.0,0.0,-0.000661138950758161,0.002408171200221592,0.0,-6.215319880673228e-05,0.0,0.0,0.0,0.0,0.0,0.0,0.000371855085633952,0.0013877714074994386
0.0,-3.5870710674429447e-07,0.0,0.0031682988352322297,0.0,0.016550433611141082,0.0,0.0,0.28196529863544173,-0.28196529863544173,0.0,0.0,0.0,0.0,-0.13930105815334548,0.009295220678166795,0.0,0.26169890052526545,0.0,-8.465490617725424e-05,0.0,0.0,0.0010585358256551842,-1.219604582459033e-05,0.0,0.0,-0.0023531645410437836,0.0,0.0,0.0,0.0,-0.0006780906129575791,0.0,0.0,-6.374681241787527e-05,0.0,0.0,0.0,0.0,0.0,0.0,0.000381389483496268,0.0014233539912860453
0.0,-3.977976513031422e-07,0.0,0.003317919556170457,0.0,0.018354037304462258,0.0,0.0,0.2809977524527892,-0.2809977524527892,0.0,0.0,0.0,0.0,-0.1395144499073951,0.01128642124002682,0.0,0.2591097444140566,0.0013695395683746732,-9.388027785188351e-05,0.0,0.0,0.0,-1.352512479677738e-05,0.0,0.0,-0.0021204822432056313,0.0,0.0,0.0,0.0,-0.0007519863647349484,0.0,0.0,-7.06936990684423e-05,0.0,0.0,0.0,0.0,0.0,0.0,0.000422951867732816,0.0015784657288938646
0.0,-3.781193724992849e-07,0.0,0.00445557960682472,0.0,0.014842516451860082,0.0,0.0,0.2827188314692569,-0.2827188314692569,0.0,0.0,0.0,0.0013017911003505272,-0.1365183137765763,0.006822730555422423,0.0,0.26581895406620637,0.0,-8.923620246405488e-05,0.0,0.0,0.0,-1.285606308729753e-05,0.0,0.0,-0.0020155860965246877,0.0,0.0,0.0,0.0,-0.0007147870567614661,0.0,0.0,-6.719661879311236e-05,0.0,0.0,0.0,0.0,0.0,0.0,0.0004020292585957499,0.0015003820886467355
0.0,-3.5982829622727813e-07,0.0,0.004240046226755486,0.0,0.0,0.0,0.0,0.27550047083397483,-0.27550047083397483,0.016602164317767027,0.0,0.0,0.0,-0.14417079709547398,0.004015052056113272,0.0,0.2760202692782476,0.0,-8.491950698583696e-05,0.0,0.0,0.0,-1.2234166280124727e-05,0.0,0.0,-0.001298675259415108,0.0,0.0,0.0,0.0,-0.0006802100804826537,0.0,0.0,-6.394606204051407e-05,0.0,0.0,0.0,0.0,0.0,0.0,0.00038258156993608704,0.0014278028842563493
0.0,-1.0236272215151375e-07,0.0,0.0012061938384767955,0.0,0.0,0.0,0.0,0.28145928693466177,-0.28145928693466177,0.0,0.0,0.0,0.0023614634410240266,-0.148459801480978,0.005865115148932414,0.0,0.2768842305349625,0.0,-2.415761069925491e-05,0.0,0.0,0.0,-3.480333750341919e-06,0.0,0.0,-0.0015501744134251564,0.0,0.0,0.0,0.0,-0.00019350383558808698,0.0,0.0,-1.8191156865557205e-05,0.0,0.0,0.0,0.0,0.0,0.0,0.00010883549558015214,0.00040617647767186046
0.0,-1.0468275016013344e-07,0.0,0.0012936507148492975,0.0,0.0,0.0,0.0,0.28146590908723823,-0.28146590908723823,0.0,0.0,0.0,0.0022346291819851077,-0.1483677804021137,0.00593792789575448,0.0,0.27696751636146777,0.0,-2.470513749676078e-05,0.0,0.0,0.0,-3.5592147297690395e-06,0.0,0.0,-0.0014951306192090476,0.0,0.0,0.0,0.0,-0.00019788955637494923,0.0,0.0,-1.8603455332716157e-05,0.0,0.0,0.0,0.0,0.0,0.0,0.00011130222753853258,0.00041538237592109205
0.0,-1.32145242334856e-07,0.0,0.0025733146902649586,0.0,0.0,0.0,0.0,0.2819633104389296,-0.2819633104389296,0.0,0.0,0.0,0.0,-0.14638810938900554,0.0065553975999641904,0.0,0.2791056707454297,0.0,-3.118628786912289e-05,0.0,0.0,0.0,-4.492939784899125e-06,0.0,0.0,-0.00047693235542903257,0.0,0.0,0.0,0.0,-0.0002498039394523248,0.0,0.0,-2.3483889269692377e-05,0.0,0.0,0.0,0.0,0.0,0.0,0.00014050127464161686,0.000524353865787385
0.0,-3.241881846681303e-07,0.0,0.004006259638766527,0.0,0.0,0.0,0.0,0.2765121241852967,-0.2765121241852967,0.013840682955042793,0.0,0.0,0.0,-0.14459922168218386,0.004548269019090574,0.0,0.2764218990445831,0.0,-7.650843777795173e-05,0.0,0.0,0.0,-1.1022402070282256e-05,0.0,0.0,-0.00117004465529101,0.0,0.0,0.0,0.0,-0.0006128369377747598,0.0,0.0,-5.761236119267246e-05,0.0,0.0,0.0,0.0,0.0,0.0,0.00034468780233648825,0.001286382505111882
0.0,-4.0037667833659894e-07,0.0,0.004947783425128046,0.0,0.015562904546002475,0.0,0.0,0.2828052915493598,-0.2828052915493598,0.0,0.0,0.0,0.0007652606078565375,-0.13558677839475897,0.007147693364997031,0.0,0.26560043655039933,0.0,-9.448892844017954e-05,0.0,0.0,0.0,-1.3612811746078102e-05,0.0,0.0,-0.0018276508652743401,0.0,0.0,0.0,0.0,-0.0007568616905622603,0.0,0.0,-7.115202495446829e-05,0.0,0.0,0.0,0.0,0.0,0.0,0.00042569397618207554,0.0015886993383002208
0.0,-4.123683087973378e-07,0.0,0.004307793020887521,0.0,0.01760538876089464,0.0,0.0,0.2818173865473649,-0.2818173865473649,0.0,0.0,0.0,0.0,-0.1372831780870207,0.009726315500836889,0.0,0.261732688656402,0.0007881808300175822,-9.731895419790674e-05,0.0,0.0,0.0,-1.4020527321992187e-05,0.0,0.0,-0.0018823906015613629,0.0,0.0,0.0,0.0,-0.0007795303578303435,0.0,0.0,-7.328309011373797e-05,0.0,0.0,0.0,0.0,0.0,0.0,0.0004384438817783411,0.001636282268098395
0.0,-3.802959197532152e-07,0.0,0.0014286725204738697,0.0,0.022778023660407157,0.0,0.0,0.2817051125213168,-0.2817051125213168,0.0,0.0,0.0,0.0,-0.13859933824621992,0.01078703888856628,0.0,0.2555502918404061,0.0,-8.974986779186e-05,0.0,0.002180637652958195,0.0,-1.2930065719387124e-05,0.0,0.0,-0.002462864864181658,0.0,0.0,0.0,0.0,-0.0007189015452502621,0.0,0.0,-6.758341890636979e-05,0.0,0.0,0.0,0.0,0.0,0.0,0.0004043434369807727,0.0015090186535846944
0.0,-3.8803221841410383e-07,0.0,0.004159519077755347,0.0,0.016566399287220833,0.0,0.0,0.2823500845202306,-0.2823500845202306,0.0,0.0,0.0,0.0,-0.13728670309898336,0.008622551440611331,0.0,0.26313283672216237,0.0,-9.157563490096721e-05,0.0,0.0,0.0006357137181741365,-1.3193099964337764e-05,0.0,0.0,-0.0020361812389164753,0.0,0.0,0.0,0.0,-0.0007335260436288918,0.0,0.0,-6.895825751500623e-05,0.0,0.0,0.0,0.0,0.0,0.0,0.0004125689304125281,0.0015397163770747568
0.0,-4.0068330548651353e-07,0.0,0.0034198793083332624,0.0,0.018638210065392624,0.0,0.0,0.2814901836827174,-0.2814901836827174,0.0,0.0,0.0,0.0,-0.13837108045939897,0.010216554122841425,0.0,0.2596770723217584,0.0,-9.456129247233662e-05,0.0,0.0,0.0,-1.3623237072761377e-05,0.0,0.0,-0.0022119739056982463,0.0,0.0,0.0,0.0,-0.0007574413305753121,0.0,0.0,-7.12065164965658e-05,0.0,0.0,0.0,0.0015316933603050317,0.0,0.0,0.0004260199925004955,0.0015899160384142184
0.0,-4.655773888506927e-07,0.0,0.003083875879112522,0.0,0.01453777063953372,0.0,0.0,0.28080605428271016,-0.28080605428271016,0.0,0.0,0.0,0.0,-0.13764452434081395,0.009201566045461924,0.0,0.2634690620582361,0.0,-0.0001098763013900987,0.0,0.0,0.0,-1.5829636666116807e-05,0.0,0.0,-0.0016803398803899997,0.0,0.0,0.0,0.0,-0.0008801154229988695,0.0,0.0,-8.273901998330384e-05,0.0,0.0,0.0,0.0,0.0,-0.00533929254435655,0.0004950175687148722,0.0018474165195326425
0.0,-4.655773888506927e-07,0.0,0.005753522151290797,0.0,0.01453777063953372,0.0,0.0,0.28080605428271016,-0.28080605428271016,0.00533929254435655,0.0,0.0,0.0,-0.13497487806863567,0.006531919773283648,0.0,0.2661387083304144,0.0,-0.0001098763013900987,0.0,0.0,0.0,-1.5829636666116807e-05,0.0,0.0,-0.0016803398803899997,0.0,0.0,0.0,0.0,-0.0008801154229988695,0.0,0.0,-8.273901998330384e-05,0.0,0.0,0.0,0.0,0.0,0.0,0.0004950175687148722,0.0018474165195326425
0.0,-3.8214775482692414e-07,0.0,0.0032616761955474058,0.0,0.01777600921464422,0.0,0.0,0.282102972149068,-0.282102972149068,0.0,0.0,0.0,0.0,-0.13732645865802842,0.009743937834822063,0.0,0.2612989321048772,0.0,-9.018690101889425e-05,0.0,0.0,0.0,-1.2993028133551496e-05,0.0,0.0,-0.002109648318818661,0.0,0.0,0.0,0.0,-0.0007224022062536774,0.0014608374511964198,0.0,-6.791251353776419e-05,0.0,0.0,0.0,0.0,0.0,0.0,0.00040631237043372935,0.0015163667567970628
0.0,-4.193926503007051e-07,0.0,0.005483381963796681,0.0,0.01610166616618,0.0,0.0,0.28301067405690333,-0.28301067405690333,0.0,0.0,0.0,0.0,-0.1345114361731165,0.00738697366654299,0.0,0.26589047863063886,0.0,-9.897669936030867e-05,0.0,0.0,0.0,-1.4259355015260355e-05,0.0,0.0,-0.0015136521075097382,0.0,0.0,0.0,0.0,-0.0007928089908601516,0.0,0.0,-7.453140488574904e-05,0.0,0.0,0.0,0.0,0.0,0.0,0.0004459123983688986,0.0016641549372677328
0.0,-4.3944045162436336e-07,0.0,0.005430526552922491,0.0,0.017689236614052733,0.0,0.0,0.2830425231327555,-0.2830425231327555,0.0,0.0,0.0,0.000535976446573157,-0.13377018477806835,0.0072371787908893604,0.0,0.26415903251016065,0.0,-0.00010370798209266987,0.0,0.0,0.0,-1.4940980494735212e-05,0.0,0.0,-0.0018539959066575867,0.0,0.0,0.0,0.0,-0.0008307068346229792,0.0,0.0,-7.809415400987243e-05,0.0,0.0,0.0,0.0,0.0,0.0,0.0004672278963010773,0.0017437048471915413
0.0,-4.4857665953612894e-07,0.0,0.004996310486489274,0.0,0.019151244922844587,0.0,0.0,0.28236169607732975,-0.28236169607732975,0.0,0.0,0.0,0.0,-0.1349099811866484,0.009029002777959977,0.0,0.26144424825961204,0.0005471196907456063,-0.00010586412789810477,0.0,0.0,0.0,-1.5251611670588408e-05,0.0,0.0,-0.0018925414980071633,0.0,0.0,0.0,0.0,-0.0008479776851484282,0.0,0.0,-7.971777428672744e-05,0.0,0.0,0.0,0.0,0.0,0.0,0.000476941820422092,0.0017799574269479292
0.0,-4.2376848661808344e-07,0.0,0.002910977675860733,0.0,0.022743855729079387,0.0,0.0,0.28225175883408704,-0.28225175883408704,0.0,0.0,0.0,0.0,-0.13597711034592966,0.009821815196109791,0.0,0.2570640861351863,0.0,-0.00010000939708480275,0.0,0.0015505850232108147,0.0,-1.4408133501229123e-05,0.0,0.0,-0.002304737680484171,0.0,0.0,0.0,0.0,-0.0008010809583647383,0.0,0.0,-7.530904662088781e-05,0.0,0.0,0.0,0.0,0.0,0.0,0.00045056493499717016,0.0016815183069095693
0.0,-4.298625523155432e-07,0.0,0.004862769316256646,0.0,0.01835227680162216,0.0,0.0,0.2827155600448899,-0.2827155600448899,0.0,0.0,0.0,0.0,-0.13501148014000433,0.008277827010321606,0.0,0.26244606668661363,0.0,-0.00010144759708183887,0.0,0.0,0.000449395269019255,-1.4615331806216329e-05,0.0,0.0,-0.00200083485143781,0.0,0.0,0.0,0.0,-0.0008126010221340351,0.0,0.0,-7.639203955739269e-05,0.0,0.0,0.0,0.0,0.0,0.0,0.00045704435100272844,0.001705699630810191
0.0,-4.3967610766219124e-07,0.0,0.004360911005360652,0.0,0.01984377819807055,0.0,0.0,0.2821217808692204,-0.2821217808692204,0.0,0.0,0.0,0.0,-0.13571884444505308,0.009386115313915066,0.0,0.2600105804845749,0.0,-0.00010376359693663962,0.0,0.0,0.0,-1.4948992802777494e-05,0.0,0.0,-0.0021231220733686903,0.0,0.0,0.0,0.0,-0.0008311523126860937,0.0,0.0,-7.81360330832337e-05,0.0,0.0,0.0,0.0010725277427547266,0.0,0.0,0.0004674784537415632,0.0017446399331034357
0.0,-4.87229742512746e-07,0.0,0.004238305893402165,0.0,0.017235890570582793,0.0,0.0,0.28173322970479747,-0.28173322970479747,0.0,0.0,0.0,0.0,-0.13494679422393072,0.008618488377346484,0.0,0.26257894555889094,0.0,-0.0001149862586039782,0.0,0.0,0.0,-1.656581694386325e-05,0.0,0.0,-0.0017584865306224588,0.0,0.0,0.0,0.0,-0.0009210464708945621,0.0,0.0,-8.658691845352939e-05,0.0,0.0,0.0,0.0,0.0,-0.003565584348342558,0.0005180390807629616,0.0019333333118854354
0.0,-4.87229742512746e-07,0.0,0.006021098067573444,0.0,0.017235890570582793,0.0,0.0,0.28173322970479747,-0.28173322970479747,0.003565584348342558,0.0,0.0,0.0,-0.13316400204975945,0.0068356962031752054,0.0,0.2643617377330622,0.0,-0.0001149862586039782,0.0,0.0,0.0,-1.656581694386325e-05,0.0,0.0,-0.0017584865306224588,0.0,0.0,0.0,0.0,-0.0009210464708945621,0.0,0.0,-8.658691845352939e-05,0.0,0.0,0.0,0.0,0.0,0.0,0.0005180390807629616,0.0019333333118854354
0.0,-4.252337334145203e-07,0.0,0.004217664857337992,0.0,0.019191954580116532,0.0,0.0,0.282536157343978,-0.282536157343978,0.0,0.0,0.0,0.0,-0.13506420930333685,0.009077802472409684,0.0,0.2611512603118578,0.0,-0.00010035519544716222,0.0,0.0,0.0,-1.4457951909444871e-05,0.0,0.0,-0.0020533822739510687,0.0,0.0,0.0,0.0,-0.0008038508229134166,0.0010372976113422311,0.0,-7.556943960146217e-05,0.0,0.0,0.0,0.0,0.0,0.0,0.0004521228347665939,0.0016873324233201877
0.0,-4.90729215331668e-07,0.0,0.006064343927152688,0.0,0.02095087917264938,0.0,0.0,0.2837567469360208,-0.2837567469360208,0.0,0.0,0.0,0.0,-0.13052924375850955,0.00688479282223227,0.0,0.2626692924204085,0.0,-0.00011581213447202136,0.0,0.0,0.0,-1.6684799060634932e-05,0.0,0.0,-0.0017711166623229939,0.0,0.0,0.0,0.0,-0.0009276617835666436,0.0,0.0,-8.720881925547894e-05,0.0,0.0,0.0,0.0,0.0,0.0,0.000521759838188237,0.0019472192609245227
0.0,-4.538532910715464e-07,0.0,0.005816221155057322,0.0,0.01813102220295434,0.0,0.0,0.2831921322956421,-0.2831921322956421,0.0,0.0,0.0,0.0,-0.13296801835613908,0.007405350522494217,0.0,0.26431204779995116,0.0,-0.00010710941336684553,0.0,0.0,0.0,-1.5431017204505817e-05,0.0,0.0,-0.0016380258214780685,0.0,0.0,0.0,0.0,-0.0008579524925746807,0.0,0.0,-8.06554987821785e-05,0.0,0.0,0.0,0.0,0.0,0.0,0.0004825521128809129,0.00180089516254132
0.0022385777364392723,-3.808723877413312e-07,0.0,0.0,0.0,0.02318042908184482,0.0,0.0,0.2791699448121109,-0.2791699448121109,0.0,0.0,0.0,0.0,-0.14284791241377007,0.013236771202430967,0.0,0.2509215408482772,0.0,-8.988591428363731e-05,0.0,0.0,0.0,-1.294966563772519e-05,0.0,0.0,-0.003058992081876073,0.0,0.0,0.0,0.0,-0.0007199912853866088,0.0,0.0,-6.768586459538018e-05,0.0,0.0,0.0,0.0033687309663793506,0.0,0.0,0.000404956357171385,0.0015113060852979402
0.0007399070683198555,-5.084878043841347e-07,0.0,0.0,0.0,0.012957439805903654,0.0,0.0,0.27826218133137903,-0.27826218133137903,0.0,0.0,0.0,0.0,-0.14123858367349865,0.010925703571094219,0.0,0.2607874171683803,0.0,-0.0001200031629233998,0.0,0.0,0.0,-1.728859129611563e-05,0.0,0.0,-0.0018352101215822164,0.0,0.0,0.0,0.0,-0.0009612321598135604,0.0,0.0,-9.03647462606852e-05,0.0,0.0,0.0,0.0,0.0,-0.01124365186206694,0.0005406413684924885,0.0020176855498053163
0.0020227932694670847,-3.441587441472898e-07,0.0,0.0,0.0,0.020945985107802302,0.0,0.0,0.2806704933881709,-0.2806704933881709,0.0,0.0,0.0,0.0,-0.14023965330205168,0.011960831764700008,0.0,0.25514505351574585,0.0,-8.122149142876963e-05,0.0,0.0,0.0,-1.1701401326140769e-05,0.0,0.0,-0.0027641249592762957,0.0,0.0,0.0,0.0,-0.0006505887655577048,0.0030440070114680843,0.0,-6.116138345920232e-05,0.0,0.0,0.0,0.0,0.0,0.0,0.0003659211741367231,0.0013656259184940986
0.004823193549548108,-3.5104517418626437e-07,0.0,0.0,0.0,0.02102011226301778,0.0,0.0,0.2800767260355086,-0.2800767260355086,0.0,0.0,0.0,0.0,-0.1414933148251408,0.010130217567225194,0.0,0.2550755079193543,0.0,-8.284668947443085e-05,0.0,0.0,0.0017249533015685947,-1.1935540028006633e-05,0.0,0.0,-0.002991928932536796,0.0,0.0,0.0,0.0,-0.0006636066943314064,0.0,0.0,-6.238518961098917e-05,0.0,0.0,0.0,0.0,0.0,0.0,0.0003732430586110387,0.0013929513533611415
0.00520573616756448,-4.1608997961986416e-07,0.0,0.0,0.0,0.02440376557507396,0.0,0.0,0.2783019453894681,-0.2783019453894681,0.0,0.0,0.0,0.0,-0.14202558063878537,0.013540661455270563,0.0,0.2502017029599363,0.002300139174334075,-9.81972688127554e-05,0.0,0.0,0.0,-1.4147064173485145e-05,0.0,0.0,-0.002651801851940187,0.0,0.0,0.0,0.0,-0.0007865657078466235,0.0,0.0,-7.39444783253013e-05,0.0,0.0,0.0,0.0,0.0,0.0,0.0004424008876086111,0.0016510499014123117
0.009114204532895432,-3.867350157463063e-07,0.0,0.0,0.0,0.0212568471339365,0.0,0.0,0.2800465200746415,-0.2800465200746415,0.0,0.0,0.0,0.002850487165035677,-0.13735040222896672,0.005459155870993906,0.0,0.2582044680570626,0.0,-9.126949496654554e-05,0.0,0.0,0.0,-1.3148995058461122e-05,0.0,0.0,-0.0028210293007761063,0.0,0.0,0.0,0.0,-0.0007310738453434419,0.0,0.0,-6.872772811211094e-05,0.0,0.0,0.0,0.0,0.0,0.0,0.0004111897008233748,0.0015345690617302836
0.0018760773190136212,-7.96059369626114e-08,0.0,0.0,0.0,0.0,0.0,0.0,0.2807971714055132,-0.2807971714055132,0.0,0.0,0.0,0.0027745129723667104,-0.14969334769124487,0.005499249782177861,0.0,0.27630118075235216,0.0,-1.8787007555794608e-05,0.0,0.0,0.0,-2.7066027877656493e-06,0.0,0.0,-0.0016745664668598133,0.0,0.0,0.0,0.0,-0.0001504849989730463,0.0,0.0,-1.4146986874509446e-05,0.0,0.0,0.0,0.0,0.0,0.0,8.463971471591075e-05,0.0003158772881145336
0.01483425836655644,-4.963822145791995e-07,0.0,0.0,0.0,0.028328924061287064,0.0,0.0,0.2793355917430525,-0.2793355917430525,0.0,0.0,0.0,0.0,-0.1323171381771591,0.005961606137279695,0.0,0.2544368687245297,0.0,-0.00011714624275123371,0.0,0.0,0.0,-1.6877001101166058e-05,0.0,0.0,-0.0017915191997032794,0.0,0.0,0.0,0.0,-0.0009383480667562877,0.0,0.0,-8.821342907740718e-05,0.0,0.0,0.0,0.0,0.0,0.0,0.0005277702974813052,0.0019696504279976823
0.004961926709681768,-8.493520179495018e-08,0.0,0.0,0.0,0.0,0.0,0.0,0.2804679923849253,-0.2804679923849253,0.0,0.0,0.0,0.0,-0.14867087415859212,0.0058674001939011955,0.0,0.27863126939939675,0.0,-2.004471448686186e-05,0.0,0.0,0.0,-2.8877978543939615e-06,0.0,0.0,-0.00030654411112477015,0.0,0.0,0.0,0.0,-0.00016055930301896512,0.0,0.0,-1.509406497584869e-05,0.0,0.0,0.0,0.0,0.0,0.0,9.030596866963966e-05,0.00033702387324516237
0.010892689458441084,-4.407204649837582e-07,0.0,0.0,0.0,0.0,0.0,0.0,0.2669799327089488,-0.2669799327089488,0.029708527037110532,0.0,0.0,0.0,-0.1475595749038372,0.0007368393958173005,0.0,0.2723036200809642,0.0,-0.00010401006534891951,0.0,0.0,0.0,-1.4984500963925126e-05,0.0,0.0,-0.0015906274470166026,0.0,0.0,0.0,0.0,-0.0008331265386855605,0.0,0.0,-7.832162865417014e-05,0.0,0.0,0.0,0.0,0.0,0.0,0.0004685888496382966,0.0017487839551594048
0.0019801858993855202,-8.01187304256782e-08,0.0,0.0,0.0,0.0,0.0,0.0,0.2807654970835857,-0.2807654970835857,0.0,0.0,0.0,0.002700361859889974,-0.14969137234486538,0.005534674016194437,0.0,0.2763325683888106,0.0,-1.8908026854515037e-05,0.0,0.0,0.0,-2.7240377715073325e-06,0.0,0.0,-0.0016393416605225979,0.0,0.0,0.0,0.0,-0.00015145437043838358,0.0,0.0,-1.4238116791047548e-05,0.0,0.0,0.0,0.0,0.0,0.0,8.518493400580547e-05,0.00031791205856830613
0.011164190264203153,-4.517054436536677e-07,0.0,0.0,0.0,0.025625745131490983,0.0,0.0,0.2797781843213379,-0.2797781843213379,0.0,0.0,0.0,0.002411634181507035,-0.13471272669836748,0.00557847351601603,0.0,0.2547855513612341,0.0,-0.00010660252120266772,0.0,0.0,0.0,-1.5357990367177643e-05,0.0,0.0,-0.0028360910029686308,0.0,0.0,0.0,0.0,-0.0008538922575117414,0.0,0.0,-8.027379899459294e-05,0.0,0.0,0.0,0.0,0.0,0.0,0.0004802684491286988,0.0017923724788881906
0.00802578139860876,-4.803782337240658e-07,0.0,0.0,0.0,0.028534742384600718,0.0,0.0,0.2783022155726741,-0.2783022155726741,0.0,0.0,0.0,0.0,-0.13845500762555957,0.012344368999962383,0.0,0.24787605639453167,0.0019235376473387877,-0.00011336930197620829,0.0,0.0,0.0,-1.633286556491582e-05,0.0,0.0,-0.002695527212989969,0.0,0.0,0.0,0.0,-0.0009080945563468744,0.0,0.0,-8.536931825180614e-05,0.0,0.0,0.0,0.0,0.0,0.0,0.0005107543257387249,0.001906146444947638
0.0022809750941255903,-4.150690383452232e-07,0.0,0.0,0.0,0.027979389948231622,0.0,0.0,0.28101942593277496,-0.28101942593277496,0.0,0.0,0.0,0.0,-0.13774761691554874,0.011330916674131108,0.0,0.2500761438119754,0.0,-9.795632658944218e-05,0.0,0.0026592409579001977,0.0,-1.411235215820686e-05,0.0,0.0,-0.0028276680107864743,0.0,0.0,0.0,0.0,-0.0007846357469350643,0.0,0.0,-7.376304408354652e-05,0.0,0.0,0.0,0.0,0.0,0.0,0.0004413153884420364,0.0016469987945041766
0.007319123925585079,-4.1592930431092336e-07,0.0,0.0,0.0,0.025076543550770228,0.0,0.0,0.27982536100832683,-0.27982536100832683,0.0,0.0,0.0,0.0,-0.1384772360045366,0.009577899323887541,0.0,0.2523709495794579,0.0,-9.815934942686188e-05,0.0,0.0,0.0014804180341555192,-1.4141601211101969e-05,0.0,0.0,-0.0029815703972069082,0.0,0.0,0.0,0.0,-0.0007862619714090723,0.0,0.0,-7.39159242805482e-05,0.0,0.0,0.0,0.0,0.0,0.0,0.0004422300522057563,0.0016504123399088395
0.005307154091828623,-4.4589858460581436e-07,0.0,0.0,0.0,0.027200820956938657,0.0,0.0,0.27903827878340637,-0.27903827878340637,0.0,0.0,0.0,0.0,-0.13940864466402214,0.01217252852061503,0.0,0.24865342046742706,0.0,-0.00010523210199814666,0.0,0.0,0.0,-1.51605570916361e-05,0.0,0.0,-0.0030376950513378085,0.0,0.0,0.0,0.0,-0.0008429151217453066,0.0,0.0,-7.924184633042555e-05,0.0,0.0,0.0,0.002856757960027096,0.0,0.0,0.00047409440091120657,0.0017693307943294025
0.004927483978070961,-5.664566952584954e-07,0.0,0.0,0.0,0.02003856653351572,0.0,0.0,0.27827017711428687,-0.27827017711428687,0.0,0.0,0.0,0.0,-0.137180147803852,0.010019914669367148,0.0,0.256001272836448,0.0,-0.00013368382585396928,0.0,0.0,0.0,-1.9259534263823157e-05,0.0,0.0,-0.0020444286993972186,0.0,0.0,0.0,0.0,-0.00107081504793149,0.0,0.0,-0.00010066655501540939,0.0,0.0,0.0,0.0,0.0,-0.00907285719812783,0.0006022758466886069,0.002247706786198785
0.019983481096399844,-8.085357720332844e-07,0.0,0.0,0.0,0.02860218265267909,0.0,0.0,0.2676887708519044,-0.2676887708519044,0.025900407429692247,0.0,0.0,0.0,-0.13105398759947665,0.0013517888482524525,0.0,0.24885330434106578,0.0,-0.00019081450753420347,0.0,0.0,0.0,-2.7490225705418933e-05,0.0,0.0,-0.002918129047940391,0.0,0.0,0.0,0.0,-0.0015284350573154621,0.0,0.0,-0.00014368708404121283,0.0,0.0,0.0,0.0,0.0,0.0,0.0008596624786245205,0.0032082793916918245
0.00486687692740543,-4.0890720258567785e-07,0.0,0.0,0.0,0.02494426308925905,0.0,0.0,0.2803406187617211,-0.2803406187617211,0.0,0.0,0.0,0.0,-0.13744921755015158,0.011162705506587893,0.0,0.252476463449515,0.0,-9.650213285227767e-05,0.0,0.0,0.0,-1.3902849670316136e-05,0.0,0.0,-0.0027856903534443363,0.0,0.0,0.0,0.0,-0.000772987572397746,0.002619763655297809,0.0,-7.266800754557936e-05,0.0,0.0,0.0,0.0,0.0,0.0,0.00043476391702277327,0.0016225485582052623
0.021075193281711525,-8.527066725050819e-07,0.0,0.0,0.0,0.05748010643384886,0.0,0.0,0.2823128041522276,-0.2823128041522276,0.0,0.0,0.0,0.0,-0.11089819714851411,0.0014256380615344925,0.0,0.2351329767050055,0.0,-0.00020123884361481094,0.0,0.0,0.0,-2.8992036838063937e-05,0.0,0.0,-0.0030775485717250855,0.0,0.0,0.0,0.0,-0.0016119345821719929,0.0,0.0,-0.0001515368145142462,0.0,0.0,0.0,0.0,0.0,0.0,0.000906626468464044,0.003383550040929475
0.018210663218676666,-7.727170375875085e-07,0.0,0.0,0.0,0.02065694109865846,0.0,0.0,0.2650403477615521,-0.2650403477615521,0.032723047414434873,0.0,0.0,0.00024158304229539686,-0.135360424315789,0.0,0.0,0.25412181879251455,0.0,-0.00018236128331064027,0.0,0.0,0.0,-2.6272388315342014e-05,0.0,0.0,-0.0029096452876941343,0.0,0.0,0.0,0.0,-0.0014607242505345556,0.0,0.0,-0.00013732163963593028,0.0,0.0,0.0,0.0,0.0,0.0,0.0008215787931526777,0.0030661502348458933
0.018554634506421832,-7.943376012817136e-07,0.0,0.0,0.0,0.020738235698157113,0.0,0.0,0.26417807253679093,-0.26417807253679093,0.034466444173041046,0.0,0.0,0.0,-0.13542266088926397,0.0,0.0,0.2536162906740998,8.278083912251093e-05,-0.0001874637380895388,0.0,0.0,0.0,-2.700748773380982e-05,0.0,0.0,-0.0029082761014925167,0.0,0.0,0.0,0.0,-0.0015015952034993735,0.0,0.0,-0.00014116388862478484,0.0,0.0,0.0,0.0,0.0,0.0,0.0008445665050357019,0.003151940884234778
0.018251740613995024,-7.901839336247157e-07,0.0,0.0,0.0,0.02075331542587982,0.0,0.0,0.26436127143965804,-0.26436127143965804,0.034327389809138645,0.0,0.0,0.0,-0.13539389353447784,0.0,0.0,0.2536900222090499,0.0,-0.00018648347218684703,0.0,0.00012352195523861753,0.0,-2.6866262984892377e-05,0.0,0.0,-0.002913655438797412,0.0,0.0,0.0,0.0,-0.0014937432178693158,0.0,0.0,-0.000140425729084596,0.0,0.0,0.0,0.0,0.0,0.0,0.0008401501856137206,0.003135459082433516
0.01837665006840976,-7.867179560924185e-07,0.0,0.0,0.0,0.02062129193877324,0.0,0.0,0.26443150720629116,-0.26443150720629116,0.034053839699119064,0.0,0.0,0.0,-0.135476407206413,0.0,0.0,0.2538070651917006,0.0,-0.00018566550120915394,0.0,0.0,8.198676790950543e-05,-2.674841970825769e-05,0.0,0.0,-0.0029213719869905395,0.0,0.0,0.0,0.0,-0.0014871912238185038,0.0,0.0,-0.00013980978082084048,0.0,0.0,0.0,0.0,0.0,0.0,0.0008364650415058989,0.00312170604308317
0.018434466163144186,-7.927298416651963e-07,0.0,0.0,0.0,0.020696260978819245,0.0,0.0,0.2642216623829516,-0.2642216623829516,0.034437989853008055,0.0,0.0,0.0,-0.13545836179301643,0.0,0.0,0.25363995119252575,0.0,-0.00018708430669012448,0.0,0.0,0.0,-2.6952823888044565e-05,0.0,0.0,-0.0029230429984441857,0.0,0.0,0.0,0.0,-0.0014985559364111142,0.0,0.0,-0.00014087816930459247,0.0,0.0,0.0,0.0001239199328810828,0.0,0.0,0.0008428570808336139,0.0031455612752887257
0.01824314352541225,-7.951933493270988e-07,0.0,0.0,0.0,0.02026335709356943,0.0,0.0,0.2642969342444713,-0.2642969342444713,0.03417209514779282,0.0,0.0,0.0,-0.13544424808121647,0.0,0.0,0.25405525414492564,0.0,-0.00018766569469739908,0.0,0.0,0.0,-2.7036583177361375e-05,0.0,0.0,-0.002869974207282065,0.0,0.0,0.0,0.0,-0.001503212887413972,0.0,0.0,-0.000141315965929919,0.0,0.0,0.0,0.0,0.0,-0.0004972201186174862,0.0008454763651942993,0.0031553365024788362
0.017459444237940287,-7.823562416392223e-07,0.0,0.000489193305751568,0.0,0.019936238038375912,0.0,0.0,0.26492222170020613,-0.26492222170020613,0.03362044206152922,0.0,0.0,0.0,-0.1352144934619145,0.0,0.0,0.2548458769250238,0.0,-0.00018463613624574796,0.0,0.0,0.0,-2.6600121365836275e-05,0.0,0.0,-0.0028236431256759573,0.0,0.0,0.0,0.0,-0.0014789459519197728,0.0,0.0,-0.0001390346487204708,0.0,0.0,0.0,0.0,0.0,0.0,0.0008318275197195001,0.003104398709163431
0.018362409658351588,-7.896312251319232e-07,0.0,0.0,0.0,0.020615363587204474,0.0,0.0,0.2643409398914212,-0.2643409398914212,0.03430337889335618,0.0,0.0,0.0,-0.13538148018886612,0.0,0.0,0.2538005904153167,0.0,-0.00018635303293788592,0.0,0.0,0.0,-2.6847470889673187e-05,0.0,0.0,-0.002911617429623133,0.0,0.0,0.0,0.0,-0.0014926983920668213,0.00012343555556532432,0.0,-0.00014032750575991308,0.0,0.0,0.0,0.0,0.0,0.0,0.0008395625273191765,0.003133265928675358
0.019033746455815095,-8.07642203851484e-07,0.0,0.0,0.0,0.020580582564389795,0.0,0.0,0.2633844952270188,-0.2633844952270188,0.03571707203564907,0.0,0.0,0.0,-0.13503962444881049,-0.0005050041637538101,0.0,0.2534874844673096,0.0,-0.00019060362537109314,0.0,0.0,0.0,-2.745984437678693e-05,0.0,0.0,-0.002914904023942913,0.0,0.0,0.0,0.0,-0.001526745879195698,0.0,0.0,-0.0001435282856171035,0.0,0.0,0.0,0.0,0.0,0.0,0.0008587124068224347,0.0032047337027045182
0.018909057012985474,-7.918467113433005e-07,0.0,0.0,0.0,0.021415895868698007,0.0,0.0,0.2646700009814228,-0.2646700009814228,0.033285587726905076,0.0,0.0,0.0,-0.13487421958978205,0.0,0.0,0.2534811688005873,0.0,-0.00018687588786279503,0.0,0.0,0.0,-2.692279744677139e-05,0.0,0.0,-0.0028578956798362065,0.0,0.0,0.0,0.0,-0.0014968864897510492,0.0,0.0,-0.0001407212258208645,0.0,0.0,0.0,0.0,0.0,0.0,0.0008419181069159104,0.0031420570038514935
0.01124317506579542,-4.77071747777372e-07,0.0,0.0,0.0,0.0,0.0,0.0,0.26566258526977043,-0.26566258526977043,0.032956545769697095,0.0,0.0,0.00014915219752507095,-0.14733834461839837,0.0,0.0,0.2716750336425403,0.0,-0.00011258897102560542,0.0,0.0,0.0,-1.6220445004056987e-05,0.0,0.0,-0.0017964008754695468,0.0,0.0,0.0,0.0,-0.0009018440610537116,0.0,0.0,-8.478171367012025e-05,0.0,0.0,0.0,0.0,0.0,0.0,0.0005072387584592169,0.0018930262700727286
0.011438318287389256,-4.89682850285026e-07,0.0,0.0,0.0,0.0,0.0,0.0,0.2651325307215045,-0.2651325307215045,0.034031858676690646,0.0,0.0,0.0,-0.14740577082248982,0.0,0.0,0.2714059778199476,5.103164848936949e-05,-0.00011556519223646153,0.0,0.0,0.0,-1.664922263681127e-05,0.0,0.0,-0.0017928559953560694,0.0,0.0,0.0,0.0,-0.0009256837622157574,0.0,0.0,-8.702286688627634e-05,0.0,0.0,0.0,0.0,0.0,0.0,0.0005206473076105482,0.0019430672721919943
0.011248457202595685,-4.869864385833391e-07,0.0,0.0,0.0,0.0,0.0,0.0,0.26524586302418063,-0.26524586302418063,0.03394596540835226,0.0,0.0,0.0,-0.1473934117139757,0.0,0.0,0.2714593904082095,0.0,-0.00011492883885697781,0.0,7.612596828256175e-05,0.0,-1.655754460741784e-05,0.0,0.0,-0.0017956713937350376,0.0,0.0,0.0,0.0,-0.0009205865354555241,0.0,0.0,-8.654368025262169e-05,0.0,0.0,0.0,0.0,0.0,0.0,0.0005177803918264325,0.001932367879050385
0.011353150896536829,-4.86036771407335e-07,0.0,0.0,0.0,0.0,0.0,0.0,0.2652857782818414,-0.2652857782818414,0.03377846438073476,0.0,0.0,0.0,-0.14739722850268258,0.0,0.0,0.2714618628922995,0.0,-0.00011470471732670227,0.0,0.0,5.06516772170602e-05,-1.6525255912326803e-05,0.0,0.0,-0.0018048325929781027,0.0,0.0,0.0,0.0,-0.0009187913092518199,0.0,0.0,-8.637491232416439e-05,0.0,0.0,0.0,0.0,0.0,0.0,0.0005167706736833021,0.0019285995885985254
0.011373067172927624,-4.890713763801677e-07,0.0,0.0,0.0,0.0,0.0,0.0,0.26515823145022505,-0.26515823145022505,0.03401484657543582,0.0,0.0,0.0,-0.14741283286751686,0.0,0.0,0.27139836084422425,0.0,-0.00011542088434550435,0.0,0.0,0.0,-1.662843251689455e-05,0.0,0.0,-0.0018033592118401438,0.0,0.0,0.0,0.0,-0.0009245278478021394,0.0,0.0,-8.691420020089835e-05,0.0,0.0,0.0,7.645188682159583e-05,0.0,0.0,0.0005199971679496364,0.0019406409365920485
0.011345939074536049,-4.945537637948088e-07,0.0,0.0,0.0,0.0,0.0,0.0,0.26519286147252735,-0.26519286147252735,0.03385498358684629,0.0,0.0,0.0,-0.14724854069858875,0.0,0.0,0.27142563251006724,0.0,-0.00011671472821836813,0.0,0.0,0.0,-1.6814833753111997e-05,0.0,0.0,-0.001784920041655835,0.0,0.0,0.0,0.0,-0.0009348916108070217,0.0,0.0,-8.788849013146384e-05,0.0,0.0,0.0,0.0,0.0,-0.0003092355856658813,0.0005258262269927486,0.001962395113918589
0.010925214144056209,-4.895579355426171e-07,0.0,0.0003061117839914214,0.0,0.0,0.0,0.0,0.26557508353484577,-0.26557508353484577,0.033512991075894887,0.0,0.0,0.0,-0.14698552888960295,0.0,0.0,0.2717448930585558,0.0,-0.00011553571234715918,0.0,0.0,0.0,-1.6644975534108415e-05,0.0,0.0,-0.0017668893347341358,0.0,0.0,0.0,0.0,-0.0009254476266258709,0.0,0.0,-8.700066794875084e-05,0.0,0.0,0.0,0.0,0.0,0.0,0.000520514494047079,0.0019425716090344062
0.011345599743522984,-4.878902056985657e-07,0.0,0.0,0.0,0.0,0.0,0.0,0.2652296676237481,-0.2652296676237481,0.033932696317918266,0.0,0.0,0.0,-0.1473364583616164,0.0,0.0,0.2714547262975098,0.0,-0.00011514212796920089,0.0,0.0,0.0,-1.6588272699905617e-05,0.0,0.0,-0.0017990038659084556,0.0,0.0,0.0,0.0,-0.0009222949933745688,7.626724561863851e-05,0.0,-8.670429115684016e-05,0.0,0.0,0.0,0.0,0.0,0.0,0.0005187413074782178,0.0019359540375247079
0.01176798614289916,-4.993405941078451e-07,0.0,0.0,0.0,0.0,0.0,0.0,0.26463739995818875,-0.26463739995818875,0.03480712642405582,0.0,0.0,0.0,-0.14711262903016606,-0.00031222870468286475,0.0,0.2712427272512682,0.0,-0.00011784442055904818,0.0,0.0,0.0,-1.6977586039739943e-05,0.0,0.0,-0.0018021964431054643,0.0,0.0,0.0,0.0,-0.0009439405107035174,0.0,0.0,-8.873917072380252e-05,0.0,0.0,0.0,0.0,0.0,0.0,0.0005309157462867575,0.0019813893125379275
0.011512525557336308,-4.821052417141737e-07,0.0,0.0,0.0,0.0,0.0,0.0,0.2654510235642612,-0.2654510235642612,0.03330426406172035,0.0,0.0,0.0,-0.14731026199500355,0.0,0.0,0.2716776340188264,0.0,-0.00011377687600142593,0.0,0.0,0.0,-1.6391583856777832e-05,0.0,0.0,-0.0017399914248352381,0.0,0.0,0.0,0.0,-0.0009113592474683405,0.0,0.0,-8.567622952375943e-05,0.0,0.0,0.0,0.0,0.0,0.0,0.0005125905388300108,0.0019129992328335921
0.015911997480114785,-5.432219823169655e-07,0.0,0.0,0.0,0.031646217775641854,0.0,0.0,0.27928577887673445,-0.27928577887673445,0.0,0.0,0.0,0.0,-0.13031038423953795,0.005880045740782216,0.0,0.2517154994391253,0.0,-0.00012820043172226953,0.0,0.0,0.0,-1.846955375206791e-05,0.0,0.0,-0.001960571072931628,0.0,0.0,0.0,0.0,-0.0010268927490860238,0.0,0.0,-9.653745118774889e-05,0.0,0.0,0.0,0.0,0.0,0.0,0.0005775719169327042,0.0021555111737341366
0.01855174355796594,-7.506073755540922e-07,0.0,0.0,0.0,0.02343790340223587,0.0,0.0,0.26720020168609515,-0.26720020168609515,0.027159791242429943,0.0,0.0,0.0,-0.1341246697727916,0.0012549385132811324,0.0,0.25282926776694464,0.0,-0.000177143401284166,0.0,0.0,0.0,-2.5520659547620745e-05,0.0,0.0,-0.0027090566205802084,0.0,0.0,0.0,0.0,-0.0014189287187520991,0.0,0.0,-0.000133392471655237,0.0,0.0,0.0,0.0,0.0,0.0,0.0007980710554339133,0.002978418837531588
0.004149263102897288,-4.0511674670091915e-07,0.0,0.0,0.0,0.024376787102131363,0.0,0.0,0.2790724377668076,-0.2790724377668076,0.0,0.0,0.0,0.0,-0.14128520287678664,0.012404228797118494,0.0,0.2507940761831576,0.0,-9.560758495718395e-05,0.0,0.0,0.0,-1.3773974125902794e-05,0.0,0.0,-0.002927992587411755,0.0,0.0,0.0,0.0,-0.000765822192883487,0.0,0.0,-7.199439535412592e-05,0.0,0.0,0.0,0.0029317287912571047,0.0,0.0,0.0004307337765964392,0.0016075079849606098
0.0034332728621949663,-5.18326377925651e-07,0.0,0.0,0.0,0.016184871042180072,0.0,0.0,0.2782880912491534,-0.2782880912491534,0.0,0.0,0.0,0.0,-0.13950628282365277,0.010244085116250032,0.0,0.25898685240243907,0.0,-0.00012232506707421107,0.0,0.0,0.0,-1.762310291159492e-05,0.0,0.0,-0.0018707190356400283,0.0,0.0,0.0,0.0,-0.0009798307441124512,0.0,0.0,-9.21131858377622e-05,0.0,0.0,0.0,0.0,0.0,-0.009377496597014872,0.0005511020714191628,0.002056725124588152
0.0037967775692908023,-3.7070152908454627e-07,0.0,0.0,0.0,0.02230594594402147,0.0,0.0,0.28040315018126327,-0.28040315018126327,0.0,0.0,0.0,0.0,-0.13911930606902423,0.011350472720894692,0.0,0.25452707380468287,0.0,-8.748559081877209e-05,0.0,0.0,0.0,-1.2603856324440505e-05,0.0,0.0,-0.0026792556420854865,0.0,0.0,0.0,0.0,-0.0007007645579222973,0.002682674450341925,0.0,-6.587837372962217e-05,0.0,0.0,0.0,0.0,0.0,0.0,0.00039414235751291163,0.0014709479992947518
0.006290122904744964,-3.7722309260130496e-07,0.0,0.0,0.0,0.02239504428971199,0.0,0.0,0.27987640147462356,-0.27987640147462356,0.0,0.0,0.0,0.0,-0.14020182659605654,0.009730242897666413,0.0,0.2544550569024378,0.0,-8.902468033570703e-05,0.0,0.0,0.0015165940988511343,-1.2825589560283708e-05,0.0,0.0,-0.002878049834205365,0.0,0.0,0.0,0.0,-0.0007130927524837535,0.0,0.0,-6.703733846256912e-05,0.0,0.0,0.0,0.0,0.0,0.0,0.0004010763036056434,0.0014968256395379406
0.0011313009545587157,-3.7642385751993084e-07,0.0,0.0,0.0,0.02537435684761413,0.0,0.0,0.2810994750661393,-0.2810994750661393,0.0,0.0,0.0,0.0,-0.13945076208240495,0.011525684117961843,0.0,0.2520998775226158,0.0,-8.883606079191995e-05,0.0,0.0027240855131125084,0.0,-1.2798415558169478e-05,0.0,0.0,-0.0027206139304751568,0.0,0.0,0.0,0.0,-0.000711581899210884,0.0,0.0,-6.689530422947973e-05,0.0,0.0,0.0,0.0,0.0,0.0,0.0004002265299347396,0.001493654265395469
0.006852837558271344,-4.373303639342484e-07,0.0,0.0,0.0,0.025523940331568854,0.0,0.0,0.2783182380173174,-0.2783182380173174,0.0,0.0,0.0,0.0,-0.14045376723538722,0.012599361618408968,0.0,0.25016490754827536,0.0019780316872822497,-0.0001032100012272955,0.0,0.0,0.0,-1.4869237488592625e-05,0.0,0.0,-0.0025674078983718056,0.0,0.0,0.0,0.0,-0.0008267179795702571,0.0,0.0,-7.771916460587684e-05,0.0,0.0,0.0,0.0,0.0,0.0,0.00046498437996383773,0.001735331994579425
0.010146582309109644,-4.105328156400745e-07,0.0,0.0,0.0,0.022722068481937648,0.0,0.0,0.27983247716064347,-0.27983247716064347,0.0,0.0,0.0,0.0024757696087386503,-0.13648948883500514,0.005637907961099305,0.0,0.2571179048137201,0.0,-9.688577766447418e-05,0.0,0.0,0.0,-1.3958120533178093e-05,0.0,0.0,-0.002719560415875531,0.0,0.0,0.0,0.0,-0.0007760605891620149,0.0,0.0,-7.295689964861912e-05,0.0,0.0,0.0,0.0,0.0,0.0,0.0004364923236016345,0.0016289990098014488
0.0,-2.6353337363800204e-07,0.0,0.0,0.0,0.0,0.0,0.0,0.27463777093440045,-0.27463777093440045,0.02292494487268509,0.0,0.0,0.0,-0.14607799011757422,0.0,0.0,0.2764681513332507,0.0,-6.21938974735833e-05,0.0,0.0,0.0,-8.960137785865266e-06,0.0,0.0,-0.001737769215517147,0.0,0.0,0.0,0.0,-0.0004981766558429467,0.0,0.0,-4.683323028536223e-05,0.0,0.0,0.0,0.0015732740679354042,0.0,0.0,0.0002801975633214167,0.0010457035061536126
0.0,-1.8991810781753493e-07,0.0,0.0,0.0,0.0,0.0,0.0,0.2752082018998526,-0.2752082018998526,0.011000561186689451,0.0,0.0,0.0,-0.1533013641856665,0.008832867764827643,0.0,0.27100674250447787,0.0,-4.482068879141548e-05,0.0,0.0,0.0,-6.45721788699684e-06,0.0,0.0,-0.0018043959659848545,0.0,0.0,0.0,0.0,-0.0003590162662529525,0.0,0.0,-3.3750861820623174e-05,0.0,0.0,0.0,0.002237905036616836,0.0,0.0,0.00020192733203569375,0.0007535972711359768
0.0,-7.122147106074938e-08,0.0,0.0,0.0,0.0,0.0,0.0,0.280595716009933,-0.280595716009933,0.0,0.0,0.0,0.002062668376420787,-0.15134118289452633,0.007437763583149405,0.0,0.27489478374290227,0.0,-1.680827292544202e-05,0.0,0.0,0.0,-2.4215308490412272e-06,0.0,0.0,-0.0017080033934290541,0.0,0.0,0.0,0.0,-0.0001346352220497014,0.0,0.0,-1.265696070825599e-05,0.0,0.0,0.0,0.0008392400842327434,0.0,0.0,7.57250680318049e-05,0.0002826076294380349
0.0,-2.8346698530523357e-07,0.0,0.0,0.0,0.016419160616598732,0.0,0.0,0.27941554706703314,-0.27941554706703314,0.0,0.0,0.0,0.0,-0.1467179527419175,0.01318371600090412,0.0,0.25672539395595645,0.0,-6.68982314378006e-05,0.0,0.0,0.0,-9.637880815686103e-06,0.0,0.0,-0.002693195981428299,0.0,0.0,0.0,0.0,-0.0005358586384403165,0.0,0.0,-5.037568645606643e-05,0.0,0.0,0.0,0.003340240703844049,0.0,0.0,0.00030139165096295333,0.00112480031018634
0.0,-7.126373621488976e-08,0.0,0.0,0.0,0.0,0.0,0.0,0.28055759871392427,-0.28055759871392427,0.0,0.0,0.0,0.001961576438310797,-0.15142076211107813,0.007564956587437529,0.0,0.27485328332692394,0.0,-1.681824750523442e-05,0.0,0.0,0.0,-2.4229678647763153e-06,0.0,0.0,-0.0016783221806675962,0.0,0.0,0.0,0.0,-0.00013471511900111093,0.0,0.0,-1.2664471763381867e-05,0.0,0.0,0.0,0.0008806645140312046,0.0,0.0,7.57700057679256e-05,0.0002827753380635596
0.0,-1.756812081225799e-07,0.0,0.0,0.0,0.0,0.0,0.0,0.2757651611073471,-0.2757651611073471,0.009671458074218266,0.0,0.0,0.0,-0.15326071309961828,0.008977868824224789,0.0,0.2713741931577801,0.0,-4.1460779312982574e-05,0.0,0.0,0.0,-5.973163130859702e-06,0.0,0.0,-0.0017195787868246504,0.0,0.0,0.0,0.0,-0.00033210320024657013,0.0,0.0,-3.122078377866969e-05,0.0,0.0,0.0,0.0021710369676542513,0.0,0.0,0.00018679018052919255,0.0006971050867790086
0.0,-2.474884262817162e-07,0.0,0.0,0.0,0.01362453027399369,0.0,0.0,0.2794840424959915,-0.2794840424959915,0.0,0.0,0.0,0.0,-0.14778121849283815,0.012647446191972634,0.0,0.2596737979996005,0.0,-5.840728860097565e-05,0.0,0.0,0.0,-8.41460938809673e-06,0.0,0.0,-0.0024224323840129442,0.0,0.0,0.0,0.0,-0.0004678457034220576,0.0,0.0,-4.398183919177858e-05,0.0,0.0,0.0,0.003058417734407196,0.0,0.0,0.00026313803461433446,0.0009820369675482767
0.0,-6.688186056181943e-08,0.0,0.0,0.0,0.0,0.0,0.0,0.280243486664015,-0.280243486664015,0.0,0.0,0.0,0.0,-0.15223547380423902,0.009308956631616372,0.0,0.274889919105284,0.0,-1.5784124497029026e-05,0.0,0.0,0.0,-2.2739840413233876e-06,0.0,0.0,-0.001022836429693861,0.0,0.0,0.0,0.0,-0.00012643173489293807,0.0,0.0,-1.1885756761524235e-05,0.0,0.0,0.0,0.0015628991669017706,0.0,0.0,7.111104791443459e-05,0.00026538800426712374
0.0,-4.7010209497461457e-07,0.0,0.0,0.0,0.040894496446702545,0.0,0.0,0.28932380893768933,-0.28932380893768933,0.0,0.0,0.0,0.0,-0.11939227325040301,0.0,0.0,0.2516944232745717,0.0,-0.00011094413240096657,0.0,0.0,0.0,-1.598347672724917e-05,0.0,0.0,-0.0030999069966719402,0.0,0.0,0.0,0.0,-0.000888668810125404,0.0,0.0,-8.35431177753592e-05,0.0,0.0,0.0,0.002806473522103524,0.0,0.0,0.0004998283887380315,0.0018653706063064838
0.0,-6.696234755621609e-07,0.0,0.0,0.0,0.0206116301498146,0.0,0.0,0.2602101857479838,-0.2602101857479838,0.05762736943114288,0.0,0.0,0.0,-0.09777024726076954,-0.03198080713161887,0.0,0.26423745366848267,0.0,-0.00015803119434210452,0.0,0.0,0.0,-2.2767206000742154e-05,0.0,0.0,-0.0024167733609445096,0.0,0.0,0.0,0.0,-0.0012658388542003776,0.0,0.0,-0.00011900060323503954,0.0,0.0,0.0,0.0,0.0,0.0,0.00071196624399104,0.002657073776014323
0.0,-3.4881507529693296e-07,0.0,0.0,0.0,0.020104703354177127,0.0,0.0,0.28596322108506844,-0.28596322108506844,0.0,0.0,0.0,0.0023419631484708505,-0.13060856050763203,0.0,0.0,0.26602578334984117,0.0,-8.232038595634379e-05,0.0,0.0,0.0,-1.1859716639687086e-05,0.0,0.0,-0.0024299084378221016,0.0,0.0,0.0,0.0,-0.0006593909732196951,0.0,0.0,-6.198887269142264e-05,0.0,0.0,0.0,0.0,0.0,-0.003991756031106484,0.0003708719423226903,0.0013841022949081256
0.0,-5.926230976824227e-07,0.0,0.0,0.0,0.03150449828823291,0.0,0.0,0.28689510346490726,-0.28689510346490726,0.0,0.0,0.0,0.0,-0.12043677457357335,0.0,0.0,0.25832738508936126,0.0,-0.00013985909894041217,0.0,0.0,0.0,-2.0149192252267694e-05,0.0,0.0,-0.0021388672408130666,0.0,0.0,0.0,0.0,-0.0011202793365528577,0.0,0.0,-0.00010531665732898799,0.0,0.0,0.0,0.0,0.0,-0.009434438745750898,0.0006300968474933975,0.0023515353767882743
0.0,-5.773093764452995e-07,0.0,0.0,0.0,0.017770116764978913,0.0,0.0,0.2794815692035215,-0.2794815692035215,0.012920287191817799,0.0,0.0,0.0,-0.13024490633349756,0.0,0.0,0.2645723442714473,0.0,-0.0001362450594910142,0.0,0.0,0.0,-1.9628525551102795e-05,0.0,0.0,-0.002083597682780115,0.0,0.0,0.0,0.0,-0.0010913306750262137,0.0,0.0,-0.0001025952144114424,0.0,0.0,0.0,0.0,0.0,-0.009190647429573469,0.0006138147830368501,0.0022907703519686263
0.0,-5.406371438298586e-07,0.0,0.0,0.0,0.016641311513934113,0.0,0.0,0.2798774879934019,-0.2798774879934019,0.0,0.0,0.0,0.0,-0.1370958472940828,0.009074667045756529,0.0,0.2598655587960055,0.0,-0.00012759040963044248,0.0,0.0,0.0,-1.838166921327512e-05,0.0,0.0,-0.0019512419961803397,0.0,0.0,0.0,0.0,-0.0010220064374374283,0.0,0.0,-9.607809253253952e-05,0.0,0.0,0.0,0.0,0.0,-0.011631721987317423,0.0005748236295500912,0.002145254504411786
0.0,-4.235150612181578e-07,0.0,0.004990500903125019,0.0,0.017372472619880147,0.0,0.0,0.28300036392666816,-0.28300036392666816,0.0,0.0,0.0,0.0010840717941116745,-0.13439483918763895,0.006893828130455286,0.0,0.26407154637991354,0.0,-9.994958866994207e-05,0.0,0.0,0.0,-1.4399517034667695e-05,0.0,0.0,-0.0020705664149734578,0.0,0.0,0.0,0.0,-0.0008006018895602914,0.0,0.0,-7.526400970601425e-05,0.0,0.0,0.0,0.0,0.0,0.0,0.0004502954845721152,0.0016805127119612245
0.0,-4.41711235496843e-07,0.0,0.00407426744909618,0.0,0.020380171847548388,0.0,0.0,0.28159159146442075,-0.28159159146442075,0.0,0.0,0.0,0.0,-0.13677712008806103,0.010581964670982028,0.0,0.2584575583286842,0.0011306485539547013,-0.00010424388727006747,0.0,0.0,0.0,-1.5018187172957634e-05,0.0,0.0,-0.00215952756604582,0.0,0.0,0.0,0.0,-0.0008349994655718316,0.0,0.0,-7.849770116809387e-05,0.0,0.0,0.0,0.0,0.0,0.0,0.00046964227023449937,0.0017527153441331197
0.0,-5.370426564577945e-07,0.0,0.006328256318347849,0.0,0.02477868061418594,0.0,0.0,0.28462944360358533,-0.28462944360358533,0.0,0.0,0.0,0.0,-0.12711871029928662,0.005992453191256108,0.0,0.26062656061360445,0.0,-0.00012674211032018005,0.0,0.0,0.0,-1.8259456600585357e-05,0.0,0.0,-0.0019382689424507595,0.0,0.0,0.0,0.0,-0.0010152115117179087,0.0,0.0,-9.543930643676044e-05,0.0,0.0,0.0,0.0,0.0,0.0,0.0005710018494501428,0.0021309915365155243
0.0,-3.940404590480538e-07,0.0,0.00010437079463553911,0.0,0.02725831443645314,0.0,0.0,0.2814601672550637,-0.2814601672550637,0.0,0.0,0.0,0.0,-0.13865805373740944,0.011961491988531567,0.0,0.2502322578930625,0.0,-9.299358017607986e-05,0.0,0.003025876903863676,0.0,-1.3397380216161866e-05,0.0,0.0,-0.002935090630456051,0.0,0.0,0.0,0.0,-0.000744883865923659,0.0,0.0,-7.002599824679745e-05,0.0,0.0,0.0,0.0,0.0,0.0,0.0004189570943184553,0.0015635571461204505
0.0,-4.0525181547027394e-07,0.0,0.0038861611635862318,0.0,0.01869796594946288,0.0,0.0,0.28235528129754367,-0.28235528129754367,0.0,0.0,0.0,0.0,-0.13682382099453805,0.008967570289338506,0.0,0.26068619420269057,0.0,-9.5639461197666e-05,0.0,0.0,0.0008891343011851802,-1.3778566465640563e-05,0.0,0.0,-0.0023517499767791885,0.0,0.0,0.0,0.0,-0.0007660775233826078,0.0,0.0,-7.201839879130819e-05,0.0,0.0,0.0,0.0,0.0,0.0,0.0004308773862635245,0.0016080439394157754
0.0,-5.283273570201219e-07,0.0,0.002168479657615421,0.0,0.016262404886247035,0.0,0.0,0.28001038625319713,-0.28001038625319713,0.0,0.0,0.0,0.0,-0.13722702644249785,0.009952285450236499,0.0,0.2604541094002297,0.0,-0.00012468529894864292,0.0,0.0,0.0,-1.796313631777409e-05,0.0,0.0,-0.001906814096134419,0.0,0.0,0.0,0.0,-0.0009987363356573102,0.0,0.0,-9.389048694594682e-05,0.0,0.0,0.0,0.0,0.0,-0.008114159399512665,0.0005617354494024329,0.0020964091265029254
0.0,-5.283273570201219e-07,0.0,0.006225559357371753,0.0,0.016262404886247035,0.0,0.0,0.28001038625319713,-0.28001038625319713,0.008114159399512665,0.0,0.0,0.0,-0.13316994674274152,0.005895205750480167,0.0,0.26451118909998605,0.0,-0.00012468529894864292,0.0,0.0,0.0,-1.796313631777409e-05,0.0,0.0,-0.001906814096134419,0.0,0.0,0.0,0.0,-0.0009987363356573102,0.0,0.0,-9.389048694594682e-05,0.0,0.0,0.0,0.0,0.0,0.0,0.0005617354494024329,0.0020964091265029254
0.0,-3.9670799137847664e-07,0.0,0.0026437116501277064,0.0,0.020334668782139215,0.0,0.0,0.282011627453642,-0.282011627453642,0.0,0.0,0.0,0.0,-0.136888849395715,0.010519287020243434,0.0,0.25818821767257155,0.0,-9.362311802161163e-05,0.0,0.0,0.0,-1.3488076346594557e-05,0.0,0.0,-0.002447233428947696,0.0,0.0,0.0,0.0,-0.0007499264998693254,0.0020309074379320584,0.0,-7.05000526490909e-05,0.0,0.0,0.0,0.0,0.0,0.0,0.0004217933045818745,0.00157414194557941
0.0,-4.239746802103914e-07,0.0,0.002825420273326495,0.0,0.021732319190581988,0.0,0.0,0.28113699302286227,-0.28113699302286227,0.0,0.0,0.0,0.0,-0.13833905993993462,0.01124230277023606,0.0,0.2556761433224232,0.0,-0.00010005805878924906,0.0,0.0,0.0,-1.4415144085779144e-05,0.0,0.0,-0.002615437634197787,0.0,0.0,0.0,0.0,-0.0008014707413848324,0.0,0.0,-7.534568984318112e-05,0.0,0.0,0.0,0.002170496562325783,0.0,0.0,0.0004507841669727625,0.0016823364854933528
0.010236426279205785,-4.3435326297389026e-07,0.0,0.0,0.0,0.024641336894169648,0.0,0.0,0.28000621855327174,-0.28000621855327174,0.0,0.0,0.0,0.0028178853931504484,-0.13527503977696245,0.0053641774925182895,0.0,0.2554747792534895,0.0,-0.00010250740516008407,0.0,0.0,0.0,-1.4768016021121555e-05,0.0,0.0,-0.0029765899393982944,0.0,0.0,0.0,0.0,-0.0008210901451139832,0.0,0.0,-7.719009592309686e-05,0.0,0.0,0.0,0.0,0.0,0.0,0.0004618190259013195,0.0017235188231793726
0.006460145976342933,-4.669173205330298e-07,0.0,0.0,0.0,0.028003304642788024,0.0,0.0,0.2782800714834347,-0.2782800714834347,0.0,0.0,0.0,0.0,-0.13973714537007234,0.013339202485433925,0.0,0.2473657574968293,0.0022718595832525047,-0.00011019252537540445,0.0,0.0,0.0,-1.5875194358987536e-05,0.0,0.0,-0.0028211056900376325,0.0,0.0,0.0,0.0,-0.0008826483951053992,0.0,0.0,-8.297714287521409e-05,0.0,0.0,0.0,0.0,0.0,0.0,0.0004964422292321537,0.0018527333841061252
8.343393763056675e-05,-3.937445719242966e-07,0.0,0.0,0.0,0.027446430863970108,0.0,0.0,0.28141568515996257,-0.28141568515996257,0.0,0.0,0.0,0.0,-0.13872080252600305,0.012015085492365634,0.0,0.24998178167645574,0.0,-9.292375079096377e-05,0.0,0.0030653217252550866,0.0,-1.3387320050493553e-05,0.0,0.0,-0.002953745139346279,0.0,0.0,0.0,0.0,-0.0007443245285775555,0.0,0.0,-6.997341534386527e-05,0.0,0.0,0.0,0.0,0.0,0.0,0.00041864249715776005,0.0015623830625557493
0.005887522758661332,-3.946855572011779e-07,0.0,0.0,0.0,0.024097970750679605,0.0,0.0,0.2800397911642973,-0.2800397911642973,0.0,0.0,0.0,0.0,-0.1395644304986748,0.009995368023448841,0.0,0.25262762890607005,0.0,-9.31458233923448e-05,0.0,0.0,0.0017070263022159761,-1.341931356091288e-05,0.0,0.0,-0.003131506738467946,0.0,0.0,0.0,0.0,-0.0007461033427442885,0.0,0.0,-7.014064038849228e-05,0.0,0.0,0.0,0.0,0.0,0.0,0.0004196429844131832,0.0015661169031304365
0.002335615933746358,-5.690483601987017e-07,0.0,0.0,0.0,0.01751583504136769,0.0,0.0,0.27823611866739906,-0.27823611866739906,0.0,0.0,0.0,0.0,-0.13846138048100354,0.010719361093903725,0.0,0.25717253540428764,0.0,-0.00013429545898927943,0.0,0.0,0.0,-1.9347650902101172e-05,0.0,0.0,-0.002053782413860001,0.0,0.0,0.0,0.0,-0.001075714264130008,0.0,0.0,-0.00010112712681810603,0.0,0.0,0.0,0.0,0.0,-0.011075176812680188,0.0006050313921861911,0.0022579905429668057
0.003094995113572236,-3.8702194027480637e-07,0.0,0.0,0.0,0.023964836185047196,0.0,0.0,0.2806282246294693,-0.2806282246294693,0.0,0.0,0.0,0.0,-0.1383609981591895,0.011809944901836206,0.0,0.25274399627994426,0.0,-9.133720917845672e-05,0.0,0.0,0.0,-1.3158750495785872e-05,0.0,0.0,-0.0029033141188975326,0.0,0.0,0.0,0.0,-0.0007316162400318803,0.0030129856924169455,0.0,-6.877871824794179e-05,0.0,0.0,0.0,0.0,0.0,0.0,0.0004114947686507739,0.0015357075816122708
0.003421438735567529,-4.278429559271159e-07,0.0,0.0,0.0,0.02649251963451836,0.0,0.0,0.2791401227032506,-0.2791401227032506,0.0,0.0,0.0,0.0,-0.1407417225006451,0.013055595071819994,0.0,0.24831481426637886,0.0,-0.000100970972170975,0.0,0.0,0.0,-1.4546665505389469e-05,0.0,0.0,-0.003209540249144656,0.0,0.0,0.0,0.0,-0.000808783229491494,0.0,0.0,-7.603313160794784e-05,0.0,0.0,0.0,0.003330779396884979,0.0,0.0,0.00045489704806679225,0.0016976858487406207
0.0,0.0,0.0,0.0,0.0,0.0,0.0,0.0,0.2857142857142857,-0.2857142857142857,0.0,0.0,0.0,0.0,-0.14285714285714285,0.0,0.0,0.2857142857142857,0.0,0.0,0.0,0.0,0.0,0.0,0.0,0.0,0.0,0.0,0.0,0.0,0.0,0.0,0.0,0.0,0.0,0.0,0.0,0.0,0.0,0.0,0.0,0.0,0.0
0.0,-5.742042938729128e-07,0.0,0.005484729089308145,0.0,0.03418182039794034,0.0,0.0,0.28894782409938397,-0.28894782409938397,0.0,0.0,0.0,0.0,-0.11669358378165864,0.0,0.0,0.2594397511380092,0.0,-0.00013551225975302235,0.0,0.0,0.0,-1.9522952707325936e-05,0.0,0.0,-0.002072390965694551,0.0,0.0,0.0,0.0,-0.0010854609074492513,0.0,0.0,-0.00010204340176942232,0.0,0.0,0.0,0.0,0.0,0.0,0.0006105133546117366,0.0022784493480364964
0.0,-7.568545489591849e-07,0.0,0.0,0.0,0.08843110329898592,0.0,0.0,0.29410746480108135,-0.29410746480108135,0.0,0.0,0.0,0.0,-0.04537224395868028,-0.03614690977885998,0.0,0.23352494024286172,0.0,-0.00017861773471257542,0.0,0.0,0.0,-2.573306351645815e-05,0.0,0.0,-0.002731603623213223,0.0,0.0,0.0,0.0,-0.00143073821336167,0.0,0.0,-0.0001345026737775503,0.0,0.0,0.0,0.0,0.0,0.0,0.0008047132607136051,0.0030032076946052595
0.021460341841035128,-9.106077891777608e-07,0.0,0.0,0.0,0.06290560575447052,0.0,0.0,0.2833867852059877,-0.2833867852059877,0.0,0.0,0.0,0.0002846933474306055,-0.1064780338517024,0.0,0.0,0.23195740361650036,0.0,-0.00021490351182830694,0.0,0.0,0.0,-3.096067548212162e-05,0.0,0.0,-0.003428869215813803,0.0,0.0,0.0,0.0,-0.0017213893516965155,0.0,0.0,-0.00016182657893184922,0.0,0.0,0.0,0.0,0.0,0.0,0.0009681888868450993,0.0036133023484986844
0.022018592874133196,-9.426322162899069e-07,0.0,0.0,0.0,0.06551082266859358,0.0,0.0,0.2835294687490036,-0.2835294687490036,0.0,0.0,0.0,0.0,-0.10481973939193363,0.0,0.0,0.2300949386006418,9.823516565561212e-05,-0.00022246127921453165,0.0,0.0,0.0,-3.204950637847854e-05,0.0,0.0,-0.0034512211718410206,0.0,0.0,0.0,0.0,-0.0017819274982840891,0.0,0.0,-0.00016751772669425794,0.0,0.0,0.0,0.0,0.0,0.0,0.0010022383369003834,0.0037403756495058365
0.02164014103254772,-9.36880055822211e-07,0.0,0.0,0.0,0.06530633185439998,0.0,0.0,0.2836543846797132,-0.2836543846797132,0.0,0.0,0.0,0.0,-0.10493678179184658,0.0,0.0,0.23030183515103111,0.0,-0.0002211037688793477,0.0,0.00014645356782739445,0.0,-3.185393285530208e-05,0.0,0.0,-0.0034545699475631883,0.0,0.0,0.0,0.0,-0.0017710537632951954,0.0,0.0,-0.00016649549466306174,0.0,0.0,0.0,0.0,0.0,0.0,0.000996122446056531,0.0037175510095523016
0.021764170058853678,-9.317401877387367e-07,0.0,0.0,0.0,0.06475385113867346,0.0,0.0,0.28355471410806693,-0.28355471410806693,0.0,0.0,0.0,0.0,-0.10530780812377846,0.0,0.0,0.2306405149730396,0.0,-0.00021989075959631682,0.0,0.0,9.710006735262691e-05,-3.1679177280350264e-05,0.0,0.0,-0.0034598926623374197,0.0,0.0,0.0,0.0,-0.0017613374899520839,0.0,0.0,-0.00016558207477143015,0.0,0.0,0.0,0.0,0.0,0.0,0.0009906575651084304,0.0036971559529343904
0.02223240025511935,-9.310169732522628e-07,0.0,0.0,0.0,0.0643154905615402,0.0,0.0,0.28333461962287726,-0.28333461962287726,0.0,0.0,0.0,0.0,-0.10551714255264659,0.0,0.0,0.2310436405526829,0.0,-0.00021972008091906907,0.0,0.0,0.0,-3.165458797935174e-05,0.0,0.0,-0.00336018240348323,0.0,0.0,0.0,0.0,-0.0017599703440405244,0.0,0.0,-0.00016545355036435725,0.0,0.0,0.0,0.0,0.0,0.0,0.000989888619095744,0.0036942862294008327
0.021636279428980134,-9.430954419747641e-07,0.0,0.0,0.0,0.06456018141261659,0.0,0.0,0.28347223312659214,-0.28347223312659214,0.0,0.0,0.0,0.0,-0.10511695821509004,0.0,0.0,0.23079771185185902,0.0,-0.00022257060051358925,0.0,0.0,0.0,-3.206525605718138e-05,0.0,0.0,-0.0034037754412348355,0.0,0.0,0.0,0.0,-0.0017828031681068406,0.0,0.0,-0.00016760004778654892,0.0,0.0,0.0,0.0,0.0,-0.0005897006406342724,0.0010027308540581654,0.0037422137344364417
0.02064482793578187,-9.250930197439178e-07,0.0,0.000578444049360467,0.0,0.06332781447141249,0.0,0.0,0.28384557034863384,-0.28384557034863384,0.0,0.0,0.0,0.0,-0.10542419320664098,0.0,0.0,0.23217653476558192,0.0,-0.00021832202741241008,0.0,0.0,0.0,-3.1453173490784e-05,0.0,0.0,-0.0033388019508065634,0.0,0.0,0.0,0.0,-0.0017487718559423518,0.0,0.0,-0.0001644007885261652,0.0,0.0,0.0,0.0,0.0,0.0,0.0009835900721020426,0.003670779912654489
0.02176852882100604,-9.361031804686173e-07,0.0,0.0,0.0,0.06510584671319301,0.0,0.0,0.2836142836024009,-0.2836142836024009,0.0,0.0,0.0,0.0,-0.10494732134907367,0.0,0.0,0.23045230695474542,0.0,-0.00022092042623312358,0.0,0.0,0.0,-3.1827519084193894e-05,0.0,0.0,-0.003451705365023674,0.0,0.0,0.0,0.0,-0.0017695851782719117,0.00014633212627616928,0.0,-0.00016635743403781486,0.0,0.0,0.0,0.0,0.0,0.0,0.0009952964460016747,0.00371446835907095
0.022694381260498407,-9.629706972730523e-07,0.0,0.0,0.0,0.06712501086063356,0.0,0.0,0.28342498301214003,-0.28342498301214003,0.0,0.0,0.0,0.0,-0.10311734651618873,-0.000602128280786608,0.0,0.22903824479384582,0.0,-0.0002272611623700204,0.0,0.0,0.0,-3.2741014969775626e-05,0.0,0.0,-0.00347550827214634,0.0,0.0,0.0,0.0,-0.0018203748353375988,0.0,0.0,-0.0001711321332887203,0.0,0.0,0.0,0.0,0.0,0.0,0.0010238628952417659,0.0038210789797152706
0.021869870535137764,-9.404611369337921e-07,0.0,0.0,0.0,0.06540894198252262,0.0,0.0,0.2835625033854887,-0.2835625033854887,0.0,0.0,0.0,0.0,-0.10489684654154052,0.0,0.0,0.2301530352383202,0.0,-0.0002219489043110528,0.0,0.0,0.0,-3.1975689654978624e-05,0.0,0.0,-0.003467774514264095,0.0,0.0,0.0,0.0,-0.0017778233461675352,0.0,0.0,-0.0001671318982959451,0.0,0.0,0.0,0.00014701336425193255,0.0,0.0,0.0009999299721685736,0.003731760781250305
0.02010383621345317,-8.530483803067595e-07,0.0,0.0,0.0,0.02732441009321172,0.0,0.0,0.2654739405848817,-0.2654739405848817,0.03160493988469772,0.0,0.0,0.00026669791516837016,-0.1313525100185524,0.0,0.0,0.24890034390697796,0.0,-0.0002013194866836188,0.0,0.0,0.0,-2.9003654907317443e-05,0.0,0.0,-0.0032121308049372316,0.0,0.0,0.0,0.0,-0.0016125805377394612,0.0,0.0,-0.00015159754033407445,0.0,0.0,0.0,0.0,0.0,0.0,0.0009069897837135558,0.0033849059414796084
0.020543322645412587,-8.794748086719521e-07,0.0,0.0,0.0,0.027620968150125928,0.0,0.0,0.2645326787814775,-0.2645326787814775,0.03350055648773344,0.0,0.0,0.0,-0.13129725667860914,0.0,0.0,0.24817887811211053,9.165330022335674e-05,-0.00020755612591321192,0.0,0.0,0.0,-2.9902153780806153e-05,0.0,0.0,-0.0032199855122031773,0.0,0.0,0.0,0.0,-0.0016625363726574657,0.0,0.0,-0.00015629385256262258,0.0,0.0,0.0,0.0,0.0,0.0,0.0009350872528613768,0.0034897663180426105
0.020196645231359403,-8.743858962526224e-07,0.0,0.0,0.0,0.027597829160740488,0.0,0.0,0.2647333474897066,-0.2647333474897066,0.033352273421352434,0.0,0.0,0.0,-0.13128929473664208,0.0,0.0,0.2482919290215907,0.0,-0.00020635514217103666,0.0,0.00013668444895197077,0.0,-2.9729130699031207e-05,0.0,0.0,-0.003224134424674559,0.0,0.0,0.0,0.0,-0.0016529164245805224,0.0,0.0,-0.00015538948814021022,0.0,0.0,0.0,0.0,0.0,0.0,0.0009296765496924835,0.0034695734540954753
0.020325364893239592,-8.701438763929072e-07,0.0,0.0,0.0,0.02741859984623024,0.0,0.0,0.26480922616666275,-0.26480922616666275,0.03305444594770516,0.0,0.0,0.0,-0.13140047156848614,0.0,0.0,0.24844757204969034,0.0,-0.00020535402514136424,0.0,0.0,9.068088949697502e-05,-2.958490197418805e-05,0.0,0.0,-0.003231162992353232,0.0,0.0,0.0,0.0,-0.0016448974202375082,0.0,0.0,-0.0001546356272905479,0.0,0.0,0.0,0.0,0.0,0.0,0.0009251662912313068,0.003452741069721378
0.02020077852876932,-8.805239467052881e-07,0.0,0.0,0.0,0.027103341788171365,0.0,0.0,0.2646647183145516,-0.2646647183145516,0.03317346924000417,0.0,0.0,0.0,-0.13131623909519202,0.0,0.0,0.2486584595023012,0.0,-0.00020780372257385562,0.0,0.0,0.0,-2.9937824486209846e-05,0.0,0.0,-0.0031779453614354646,0.0,0.0,0.0,0.0,-0.0016645196359904922,0.0,0.0,-0.00015648029772680831,0.0,0.0,0.0,0.0,0.0,-0.0005505758085084888,0.0009362027317719621,0.003493929310018745
0.01929954917879304,-8.648111907274045e-07,0.0,0.0005407509044172483,0.0,0.02661968862087681,0.0,0.0,0.26534934372745833,-0.26534934372745833,0.0325814959846959,0.0,0.0,0.0,-0.1311359333360329,0.0,0.0,0.249628713079867,0.0,-0.00020409551089339386,0.0,0.0,0.0,-2.9403590599192154e-05,0.0,0.0,-0.0031212356260987653,0.0,0.0,0.0,0.0,-0.001634816649537282,0.0,0.0,-0.000153687941263673,0.0,0.0,0.0,0.0,0.0,0.0,0.0009194964001324837,0.0034315809106847802
0.02031759278612536,-8.737091690002044e-07,0.0,0.0,0.0,0.02743989127541825,0.0,0.0,0.2647105631227468,-0.2647105631227468,0.03332646057092671,0.0,0.0,0.0,-0.13127873638607182,0.0,0.0,0.2484184480832593,0.0,-0.00020619543448478254,0.0,0.0,0.0,-2.9706121964534284e-05,0.0,0.0,-0.0032216391195238384,0.0,0.0,0.0,0.0,-0.0016516371569307614,0.00013657866260296403,0.0,-0.0001552692251055313,0.0,0.0,0.0,0.0,0.0,0.0,0.0009289570304735583,0.003466888192449884
0.021111685418595733,-8.95813558201762e-07,0.0,0.0,0.0,0.027573970176811867,0.0,0.0,0.26365905342121365,-0.26365905342121365,0.03486977291285523,0.0,0.0,0.0,-0.13079576251625255,-0.000560136127955734,0.0,0.24793499453806034,0.0,-0.00021141207212251213,0.0,0.0,0.0,-3.0457671455910692e-05,0.0,0.0,-0.0032331279037333543,0.0,0.0,0.0,0.0,-0.0016934227210886022,0.0,0.0,-0.00015919745603698002,0.0,0.0,0.0,0.0,0.0,0.0,0.0009524591619398083,0.003554598667105758
0.020405847894256802,-8.77504367476581e-07,0.0,0.0,0.0,0.027559084065485427,0.0,0.0,0.26458013563922145,-0.26458013563922145,0.03347122330991289,0.0,0.0,0.0,-0.13134601830125828,0.0,0.0,0.24821725127240096,0.0,-0.00020709110163188134,0.0,0.0,0.0,-2.9835158757118103e-05,0.0,0.0,-0.003235633203953379,0.0,0.0,0.0,0.0,-0.0016588115017172349,0.0,0.0,-0.00015594368011579866,0.0,0.0,0.0,0.00013717192996309655,0.0,0.0,0.000932992213383115,0.0034819475843534974
0.020797628815528667,-8.709336467707274e-07,0.0,0.0,0.0,0.027897301815146748,0.0,0.0,0.26504957547931535,-0.26504957547931535,0.03226757846940758,0.0,0.0,0.0,-0.13097515566768378,0.0,0.0,0.24840078141930788,0.0,-0.0002055404110143478,0.0,0.0,0.0,-2.961175417627075e-05,0.0,0.0,-0.0031433325047313947,0.0,0.0,0.0,0.0,-0.0016463903816802085,0.0,0.0,-0.0001547759795255093,0.0,0.0,0.0,0.0,0.0,0.0,0.0009260060017104531,0.003455874887809546
