M_ac_e,M_ca2_e,M_cd2_e,M_cl_e,M_co2_e,M_cobalt2_e,M_cu2_e,M_fe2_e,M_fe3_e,M_for_e,M_fum_e,M_gln__45__L_e,M_gly_e,M_h2_e,M_h2o_e,M_h2s_e,M_h_e,M_ile__45__L_e,M_k_e,M_lac__45__L_e,M_leu__45__L_e,M_lys__45__L_e,M_mal__45__L_e,M_mg2_e,M_mn2_e,M_mobd_e,M_n2_e,M_na1_e,M_nh4_e,M_ni2_e,M_oxa_e,M_pi_e,M_pro__45__L_e,M_s_e,M_so4_e,M_ss_e,M_succ_e,M_ura_e,M_val__45__L_e,M_zn2_e,M_fixed_uptake,objective,virtual_tag_R_constraint_reaction
0.0,-3.677241616271884e-07,0.0,0.0,0.02138242413403787,0.0,0.0,0.2806793339141074,-0.2806793339141074,0.0,0.0,0.0,0.0,-0.13832567537095228,0.007070884669937869,0.0,0.25452861137160354,0.0,-8.678293185824719e-05,0.0,0.0,0.0,0.0,-1.2502625796068328e-05,0.0,0.0,-0.0028286683915043956,0.0,0.0,0.0,0.0,-0.0006951362196870057,0.003002991496651686,0.0,-6.534925768693787e-05,0.0,0.0,0.0,0.0,0.0,-0.008534241513599978,0.0003909767201018029,0.0017167197442058693
0.0,-4.056944142717864e-07,0.0,0.0,0.01696417296750634,0.0,0.0,0.28205262211322296,-0.28205262211322296,0.0,0.0,0.0,0.001656536343581922,-0.13466301901213712,0.0011748606891849468,0.0,0.26314086117534957,0.0,-9.574391455058748e-05,0.0,0.0,0.0,0.0,-1.3793614830068432e-05,0.0,0.0,-0.0022924812540353013,0.0,0.0,0.0,0.0,-0.00076691420067996,0.0,0.0,-7.209705422423916e-05,0.0,0.0,0.0,0.0,0.0,-0.012728538064236624,0.00043134797222385573,0.0018939838165992209
0.0,-3.1374773984072114e-07,0.0,0.0,0.02936187506470268,0.0,0.0,0.2837644881095063,-0.2837644881095063,0.0,0.0,0.0,0.0,-0.133504482466156,0.0025687160739306693,0.0,0.25088440871855916,0.0,-7.404449195503508e-05,0.0,0.0,0.0,0.005638366819210511,-1.0667426824043384e-05,0.0,0.0,-0.0034152334493006372,0.0,0.0,0.0,0.0,-0.0005931005916041379,0.0045657399068630205,0.0,-5.575696143766716e-05,0.0,0.0,0.0,0.0,0.0,0.0,0.0003335871695769724,0.0014647308931269006
0.0,-5.290439033141524e-08,0.0,0.0,0.0,0.0,0.0,0.2823921215485884,-0.2823921215485884,0.0,0.0,0.0,0.0029819814200560363,-0.1478335085725185,0.00236541219955123,0.0,0.27826608315682266,0.0,-1.248544039319352e-05,0.0,0.0,0.0,0.0016598590525516179,-1.7987498900151544e-06,0.0,0.0,-0.0016819307321391539,0.0,0.0,0.0,0.0,-0.00010000908761907877,0.0,0.0,-9.401782633046268e-06,0.0,0.0,0.0,0.0,0.0,0.0,5.624973055682106e-05,0.0002469840737013989
0.0,-9.394466039716324e-08,0.0,0.0,0.0,0.0,0.0,0.28284082134806104,-0.28284082134806104,0.0,0.0,0.0,0.0,-0.14526396562868638,0.0015527488241076997,0.0,0.28080926890016417,0.0,-2.2170947445000302e-05,0.0,0.0,0.0,0.0055951029593900225,-3.1941195522399655e-06,0.0,0.0,-0.0003390606227779517,0.0,0.0,0.0,0.0,-0.00017759054993637168,0.0,0.0,-1.6695160289277475e-05,0.0,0.0,0.0,0.0,0.0,0.0,9.988512865357745e-05,0.00043858051821471885
0.0,-5.402046663015203e-08,0.0,0.0,0.0,0.0,0.0,0.2823929481016291,-0.2823929481016291,0.0,0.0,0.0,0.002920794892964891,-0.1477878040531302,0.002353265819023293,0.0,0.27830396109689276,0.0,-1.2748834489880796e-05,0.0,0.0,0.0,0.0017569229571700045,-1.8366964972253542e-06,0.0,0.0,-0.0016553655583574655,0.0,0.0,0.0,0.0,-0.00010211888931324297,0.0,0.0,-9.600123577850374e-06,0.0,0.0,0.0,0.0,0.0,0.0,5.743638048684623e-05,0.00025219447437130143
0.0,-9.945934628643976e-08,0.0,0.0,0.0,0.0,0.0,0.2812518206693102,-0.2812518206693102,0.0,0.0,0.0,0.002485567370853621,-0.14842343851702178,0.004446934358217779,0.0,0.27661544581711367,0.0,-2.347241376048795e-05,0.0,0.0,0.0,0.0,-3.3816189369727657e-06,0.0,0.0,-0.001601747651557519,0.0,0.0,0.0,0.0,-0.00018801536914017327,0.0,0.0,-1.7675190069333695e-05,0.0,0.0,0.0,0.0,0.0,-0.003120506545113359,0.00010574852852330636,0.00046432582172516005
0.0,-5.619279225601318e-07,0.0,0.0,0.019878359912619627,0.0,0.0,0.27988578453396523,-0.27988578453396523,0.004335134705444873,0.0,0.0,0.0,-0.1309479245783773,0.00026548261789731235,0.0,0.2599624855887334,0.0,-0.00013261503513120452,0.0,0.0,0.0,0.0,-1.9105555939112214e-05,0.0,0.0,-0.002028083667278998,0.0,0.0,0.0,0.0,-0.001062253973458081,0.0,0.0,-9.986173454138521e-05,0.0,0.0,0.0,0.0,0.0,-0.01827574119601724,0.000597460702946467,0.0026233597357618937
0.0,-4.773189232919446e-07,0.0,0.0,0.021795155508689094,0.0,0.0,0.2811140813935075,-0.2811140813935075,0.0,0.0,0.0,0.0,-0.1335301703539173,0.00390790636858052,0.0,0.2568258217913909,0.0,-0.0001126473044670178,0.0,0.0,0.0,0.0,-1.622884897444332e-05,0.0,0.0,-0.002336449743859293,0.0,0.0,0.0,0.0,-0.0009023113152369531,0.0012274657459632108,0.0,-8.48256399009239e-05,0.0,0.0,0.0,0.0,0.0,-0.014296512970562844,0.0005075015637955579,0.0022283627387235097
0.0,-4.963055980680453e-07,0.0,0.0,0.020109534692674444,0.0,0.0,0.2816604050694049,-0.2816604050694049,0.0,0.0,0.0,0.0006381457883094489,-0.13192845460023572,0.001510770954066272,0.0,0.26023488777825315,0.0,-0.00011712816124841026,0.0,0.0,0.0,0.0,-1.687439613889074e-05,0.0,0.0,-0.002110315573171493,0.0,0.0,0.0,0.0,-0.000938203232890344,0.0,0.0,-8.819981334949762e-05,0.0,0.0,0.0,0.0,0.0,-0.016141487725154884,0.0005276888362248456,0.0023170020038746353
0.0,-5.235500364215325e-07,0.0,0.0,0.02035666711490846,0.0,0.0,0.2813329587755527,-0.2813329587755527,0.0,0.0,0.0,0.0,-0.13155146499234516,0.002083286829407332,0.0,0.2598328603238292,0.0,-0.00012355785090134078,0.0,0.0,0.0,0.0,-1.780070736154856e-05,0.0,0.0,-0.001889572016696165,0.0,0.0,0.0,0.0,-0.0009897054126784084,0.0,0.0,-9.304149635074397e-05,0.0,0.0,0.0,0.0,0.0,-0.017394753486261603,0.0005566560411572794,0.002444192626960885
0.0,-5.668426006210859e-07,0.0,0.0,0.02442526827443713,0.0,0.0,0.28233369372230926,-0.28233369372230926,0.0,0.0,0.0,0.0,-0.12772015805244857,0.00026780455554333666,0.0,0.2578630933739663,0.0,-0.000133774899550724,0.0,0.0,0.0,0.0,-1.927265505066462e-05,0.0,0.0,-0.0020458214907705667,0.0,0.0,0.0,0.0,-0.0010715445534220215,0.0,0.0,-0.00010073513530360994,0.0,0.0,0.0,0.0,0.0,-0.018435582664464878,0.0006026861542742377,0.0026463039035487506
0.0,-1.07067109488458e-07,0.0,0.0,0.0,0.0,0.0,0.28112129774237615,-0.28112129774237615,0.0,0.0,0.0,0.0023067628207184177,-0.14840122640646092,0.004664109453659928,0.0,0.2764992096285442,0.0,-2.526784649091535e-05,0.0,0.0,0.0,0.0,-3.640282974818518e-06,0.0,0.0,-0.001539802955433929,0.0,0.0,0.0,0.0,-0.00020239688742040656,0.0,0.0,-1.9027186293106266e-05,0.0,0.0,0.0,0.0,0.0,-0.0034821739676182597,0.000113837358723841,0.0004998426537993838
0.0,-3.5564458309670313e-07,0.0,0.0,0.0,0.0,0.0,0.27483626420408125,-0.27483626420408125,0.015324738018930374,0.0,0.0,0.0,-0.14430623880539328,0.0001680241382762171,0.0,0.27480782225827916,0.0,-8.393215034895313e-05,0.0,0.0,0.0,0.0,-1.2091919984754262e-05,0.0,0.0,-0.0012835755999604883,0.0,0.0,0.0,0.0,-0.0006723012976684548,0.0,0.0,-6.320256303776059e-05,0.0,0.0,0.0,0.0,0.0,-0.01156672964181677,0.000378133305154135,0.001660326248403998
0.0,-1.9139349425204732e-07,0.0,0.0,0.0,0.0,0.0,0.2798601756101516,-0.2798601756101516,0.0,0.0,0.0,0.0,-0.14776056385354278,0.006963050967901083,0.0,0.27572129299441306,0.0,-4.516888010918013e-05,0.0,0.0,0.0,0.0,-6.507381043025748e-06,0.0,0.0,-0.0006907683425795536,0.0,0.0,0.0,0.0,-0.00036180529851051794,0.0,0.0,-3.401305674376916e-05,0.0,0.0,0.0,0.0,0.0,-0.007599270333338805,0.000203496012610002,0.0008935202654106719
0.0,-4.470443745527599e-07,0.0,0.0,0.01749512977898054,0.0,0.0,0.28153270517072015,-0.28153270517072015,0.0,0.0,0.0,0.0008840142888081109,-0.1341395918741257,0.0019792345100991962,0.0,0.26223379535753877,0.0,-0.00010550250851821222,0.0,0.0,0.0,0.0,-1.5199513963232913e-05,0.0,0.0,-0.0020554585465852445,0.0,0.0,0.0,0.0,-0.00084508109334954,0.0,0.0,-7.944546776820845e-05,0.0,0.0,0.0,0.0,0.0,-0.014539350981597391,0.00047531264339328893,0.002087026049457566
0.0,-4.236971541273293e-07,0.0,0.0,0.01993281776749941,0.0,0.0,0.2807935530034341,-0.2807935530034341,0.0,0.0,0.0,0.0,-0.13621071821529918,0.005227251511935546,0.0,0.2574754669492497,0.0,-9.999256261122069e-05,0.0,0.0,0.0,0.0,-1.4405708195709206e-05,0.0,0.0,-0.0023670337130658288,0.0,0.0,0.0,0.0,-0.000800946113273939,0.0016756919880743827,0.0,-7.529636993056886e-05,0.0,0.0,0.0,0.0,0.0,-0.012104330722029474,0.0004504890918892592,0.001978029582923234
0.0,-5.33322400482737e-07,0.0,0.0,0.016653125604495393,0.0,0.0,0.2789177442219435,-0.2789177442219435,0.006327756026991984,0.0,0.0,0.0,-0.13313510839307194,0.00025196795065524546,0.0,0.2622219672527697,0.0,-0.0001258641296094484,0.0,0.0,0.0,0.0,-1.8132967853922886e-05,0.0,0.0,-0.001924841970630715,0.0,0.0,0.0,0.0,-0.0010081788362925955,0.0,0.0,-9.477816966157656e-05,0.0,0.0,0.0,0.0,0.0,-0.017345395688569208,0.0005670463479333789,0.00248981489517737
0.0,-2.2295095945350854e-07,0.0,0.0,0.025478557174725237,0.0,0.0,0.28589620893259926,-0.28589620893259926,0.0,0.0,0.0,0.0,-0.13501397730561013,0.00010533308988947977,0.0,0.2577545563416735,0.0,-5.2616444446749964e-05,0.0,0.0,0.0026452653706812547,0.0,-7.580335228957994e-06,0.0,0.0,-0.0034499294233444446,0.0,0.0,0.0,0.0,-0.0004214607124109192,0.0,0.0,-3.9621219439065896e-05,0.0,0.0,0.0,0.0,0.0,-0.001960566544944764,0.0002370489730263018,0.0010408462484211734
0.0,-4.817741983688911e-07,0.0,0.0,0.017641769008436496,0.0,0.0,0.28105937666630576,-0.28105937666630576,0.0,0.0,0.0,0.0,-0.13377784754085592,0.0028258629563965762,0.0,0.2618201293951982,0.0,-0.00011369874974518905,0.0,0.0,0.0,0.0,-1.6380328379166485e-05,0.0,0.0,-0.0017387966388586488,0.0,0.0,0.0,0.0,-0.0009107334517127015,0.0,0.0,-8.561739891338918e-05,0.0,0.0,0.0,0.0,0.0,-0.016188528677994148,0.0005122385623899061,0.002249162184309619
0.0,-6.137045829694776e-08,0.0,0.0,0.0,0.0,0.0,0.2792879471507326,-0.2792879471507326,0.0,0.0,0.0,0.0,-0.15352785633975288,0.010952034108166128,0.0,0.27227429397326675,0.0,-1.4483433117166259e-05,0.0,0.0,0.0,0.0,-2.086596299858756e-06,0.0,0.0,-0.0013587988662093805,0.0,0.0,0.0,0.0,-0.00011601312296756377,0.002274607024434686,0.0,-1.0906310523263121e-05,0.0,0.0,0.0,0.0,0.0,-0.0005412055136471178,6.525113930482352e-05,0.0002865079003868845
0.0,-2.8044528633927857e-07,0.0,0.0,0.026721171933250014,0.0,0.0,0.28261821919688884,-0.28261821919688884,0.0,0.0,0.0,0.0,-0.13716967649102635,0.005392618932511624,0.0,0.25095876862164845,0.0,-6.618511023766454e-05,0.0,0.0,0.0,0.0039051899027455336,-9.53514301550314e-06,0.0,0.0,-0.003459017412344799,0.0,0.0,0.0,0.0,-0.000530146497070733,0.0048936951115150515,0.0,-4.983869214080372e-05,0.0,0.0,0.0,0.0,0.0,0.0,0.0002981788787980341,0.001309258434631268
0.0,-2.3296802088648667e-07,0.0,0.0,0.02796471663415735,0.0,0.0,0.2835543053347245,-0.2835543053347245,0.0,0.0,0.0,0.0,-0.1368966850289334,0.00628195089397172,0.0,0.25076641865439675,0.0,-5.4980471754369075e-05,0.0,0.0,0.0,0.0,-7.920915434834499e-06,0.0,0.0,-0.003594336552325449,0.0,0.0,0.0,0.0,-0.00044039670559146103,0.0055070387911055115,0.0,-4.140137858322689e-05,0.0,0.0,0.0,0.0,0.0,0.0,0.0002476994502938104,0.0010876108859821697
0.0,-2.4548183847334535e-07,0.0,0.0,0.030189454100922716,0.0,0.0,0.2841402561331901,-0.2841402561331901,0.0,0.0,0.0,0.0,-0.13512095767478938,0.005463192479956337,0.0,0.2495911765156732,0.0,-5.793373371605628e-05,0.0,0.0,0.0,0.0,-8.346385379143932e-06,0.0,0.0,-0.0037151434324923277,0.0,0.0,0.0,0.0,-0.0004640525018619299,0.00565832399489561,0.0,-4.3625243032362664e-05,0.0,0.0,0.0,0.0,0.0,0.0,0.00026100456283907354,0.001146031626223141
0.0,-2.4652870831142384e-07,0.0,0.0,0.029711695062522452,0.0,0.0,0.2830539540752558,-0.2830539540752558,0.0,0.0,0.0,0.0,-0.13767360353250815,0.006886009011159539,0.0,0.24835753814312644,0.0,-5.818079508243591e-05,0.0,0.0010727821402812337,0.0,0.0,-8.381978965882341e-06,0.0,0.0,-0.0036843589881149354,0.0,0.0,0.0,0.0,-0.00046603147745745795,0.004516416339697642,0.0,-4.381128510941996e-05,0.0,0.0,0.0,0.0,0.0,0.0,0.000262117630128028,0.00115091893662638
0.0,-2.6181159806668226e-07,0.0,0.0,0.032333915425366136,0.0,0.0,0.2836074265796433,-0.2836074265796433,0.0,0.0,0.0,0.0,-0.13589070633812966,0.0060990528851698955,0.0,0.24676009888058298,0.0,-6.178755829962244e-05,0.0,0.001225988971349328,0.0,0.0,-8.901597396303246e-06,0.0,0.0,-0.003826058433534704,0.0,0.0,0.0,0.0,-0.0004949218559502759,0.0045362918344539396,0.0,-4.652724888073719e-05,0.0,0.0,0.0,0.0,0.0,0.0,0.00027836691351410675,0.0012222670864876157
0.0,-2.4706862662823427e-07,0.0,0.0,0.029657307069692173,0.0,0.0,0.28287747191529655,-0.28287747191529655,0.0,0.0,0.0,0.0,-0.13817421859060924,0.006662171803725142,0.0,0.24810506795476375,0.0,-5.8308215848831686e-05,0.0,0.0,0.0,0.0,-8.40033619496855e-06,0.0,0.0,-0.003811887108983989,0.0,0.0,0.0,0.0,-0.0004670521250429378,0.003929012320413462,0.0,-4.390723545725409e-05,0.0,0.0,0.0,0.0019113451060240865,0.0,0.0,0.0002626916894764683,0.0011534395445478868
0.0,-2.624670793984475e-07,0.0,0.0,0.032278305783354465,0.0,0.0,0.28340706313268726,-0.28340706313268726,0.0,0.0,0.0,0.0,-0.13645853081283393,0.005841198612993917,0.0,0.24646748308265964,0.0,-6.194225194688572e-05,0.0,0.0,0.0,0.0,-8.923883769249493e-06,0.0,0.0,-0.003972199541671846,0.0,0.0,0.0,0.0,-0.0004961609608625624,0.003864838840693584,0.0,-4.6643736245257814e-05,0.0,0.0,0.0,0.0021849927169744314,0.0,0.0,0.00027906384335425516,0.0012253272001859388
0.002611211788035217,-2.625282964862913e-07,0.0,0.0,0.029191957956426755,0.0,0.0,0.2816223227886309,-0.2816223227886309,0.0,0.0,0.0,0.0,-0.13850291400671821,0.007659308978156245,0.0,0.24728533884225623,0.0,-6.195669918456353e-05,0.0,0.0,0.0,0.0,-8.92596515095215e-06,0.0,0.0,-0.0037602712816543014,0.0,0.0,0.0,0.0,-0.0004962766840580023,0.005625533153999705,0.0,-4.6654615299902044e-05,0.0,0.0,0.0,0.0,0.0,0.0,0.0002791289314249259,0.0012256129920765755
0.00366615256329746,-2.856050279342528e-07,0.0,0.0,0.03259400205490352,0.0,0.0,0.2822634266362395,-0.2822634266362395,0.0,0.0,0.0,0.0,-0.13570511618943723,0.0060044585744342275,0.0,0.24573356750828895,0.0,-6.74028096710153e-05,0.0,0.0,0.0,0.0,-9.710574290078385e-06,0.0,0.0,-0.003842122532677497,0.0,0.0,0.0,0.0,-0.000539900338784644,0.005622660761776498,0.0,-5.075564380804237e-05,0.0,0.0,0.0,0.0,0.0,0.0,0.0003036648899332532,0.0013333466811905814
0.003012042810791003,-2.814112892311401e-07,0.0,0.0,0.03193070085357303,0.0,0.0,0.2819974683562942,-0.2819974683562942,0.0,0.0,0.0,0.0,-0.13671384823211877,0.006932144399346359,0.0,0.24540372567444307,0.0,-6.641308699820245e-05,0.0,0.0,0.0,0.0,-9.567987125124385e-06,0.0,0.0,-0.0039242314327661955,0.0,0.0,0.0,0.0,-0.0005319726038880928,0.005817150248507107,0.0,-5.001036313361324e-05,0.0,0.0,0.0,0.0,0.0,0.0,0.00029920596562474025,0.0013137682178070058
0.0,-3.2408837409599365e-08,0.0,0.0,0.0,0.0,0.0,0.28212971660201136,-0.28212971660201136,0.0,0.0,0.0,0.002843557069945258,-0.1491981790413041,0.0038216078063665285,0.0,0.27756850135717365,0.0,-7.648488247486222e-06,0.0,0.00033893911778088906,0.0,0.0,-1.101900850966227e-06,0.0,0.0,-0.0017082165362327895,0.0,0.0,0.0,0.0,-6.126482584573802e-05,0.0,0.0,-5.75946235853051e-06,0.0,0.0,0.0,0.0,0.0,0.0,3.445816803728056e-05,0.0001513006129964983
0.0,-2.617542030382121e-07,0.0,0.0,0.03302207602818971,0.0,0.0,0.28417160379866957,-0.28417160379866957,0.0,0.0,0.0,0.0,-0.13480238386626,0.005083028208657385,0.0,0.24733235386788982,0.0,-6.177401306826564e-05,0.0,0.0014699968575359224,0.0,0.0,-8.899645964663994e-06,0.0,0.0,-0.0037312671169531272,0.0,0.0,0.0,0.0,-0.0004948133578767661,0.0041031156099457546,0.0,-4.65170490546261e-05,0.0,0.0,0.0,0.0,0.0,0.0,0.0002783058891857566,0.0012219991378759226
0.0,-3.2359450327506656e-08,0.0,0.0,0.0,0.0,0.0,0.2821210199085185,-0.2821210199085185,0.0,0.0,0.0,0.0028020561068801226,-0.14921860424593922,0.0038653411218854536,0.0,0.277566755394708,0.0,-7.63683289212158e-06,0.0,0.0003508118601976052,0.0,0.0,-1.1002216895974645e-06,0.0,0.0,-0.0016932241803889227,0.0,0.0,0.0,0.0,-6.117146578640608e-05,0.0,0.0,-5.750685646280216e-06,0.0,0.0,0.0,0.0,0.0,0.0,3.440565802736833e-05,0.00015107004947148515
0.0,-2.584238674415347e-08,0.0,0.0,0.0,0.0,0.0,0.2819922194328981,-0.2819922194328981,0.0,0.0,0.0,0.0,-0.14974892975841733,0.006070521232760715,0.0,0.2783551655364349,0.0,-6.098805359833947e-06,0.0,0.0010260708374386803,0.0,0.0,-8.786414515426786e-07,0.0,0.0,-0.0006063045380763989,0.0,0.0,0.0,0.0,-4.8851777782371945e-05,0.0,0.0,-4.592520608698368e-06,0.0,0.0,0.0,0.0,0.0,0.0,2.7476496415470764e-05,0.0001206451470710543
0.0,-4.95851003380435e-08,0.0,0.0,0.0,0.0,0.0,0.2794392629840379,-0.2794392629840379,0.0,0.0,0.0,0.0,-0.15367026921451601,0.010889459423317328,0.0,0.2724606628966524,0.0,-1.1702087686540035e-05,0.0,7.287906495078098e-05,0.0,0.0,-1.6858939914195243e-06,0.0,0.0,-0.0013529368377118661,0.0,0.0,0.0,0.0,-9.373438788809775e-05,0.0022750742149965537,0.0,-8.811902609512654e-06,0.0,0.0,0.0,0.0,0.0,0.0,5.2720549583418125e-05,0.00023148797291990239
0.0,-3.408089510802832e-08,0.0,0.0,0.0,0.0,0.0,0.2818938612108107,-0.2818938612108107,0.0,0.0,0.0,0.002722944292273025,-0.1496335305956317,0.004196987609714766,0.0,0.27709732079932375,0.0,-8.04309399942735e-06,0.0,0.0,0.0,0.0,-1.1587508322684804e-06,0.0,0.0,-0.0017517947129814591,0.0,0.0,0.0,0.0,-6.442564036072996e-05,0.0,0.0,-6.056608265175724e-06,0.0,0.0,0.0,0.000534638825906017,0.0,0.0,3.623595612675481e-05,0.0001591066120683096
0.0,-2.625403638917063e-07,0.0,0.0,0.0329574320323004,0.0,0.0,0.28393293682525866,-0.28393293682525866,0.0,0.0,0.0,0.0,-0.13548029284954735,0.004770647649126977,0.0,0.24698304272589822,0.0,-6.195954709321659e-05,0.0,0.0,0.0,0.0,-8.926375442877395e-06,0.0,0.0,-0.003906297266265661,0.0,0.0,0.0,0.0,-0.0004962994959682791,0.0032963213190526116,0.0,-4.665675983123387e-05,0.0,0.0,0.0,0.002621176697952641,0.0,0.0,0.000279141761897007,0.0012256693287422044
0.0,-3.409057004591923e-08,0.0,0.0,0.0,0.0,0.0,0.28187599548637327,-0.28187599548637327,0.0,0.0,0.0,0.0026747721882922175,-0.14967111428693056,0.0042569131743383625,0.0,0.27707809342548056,0.0,-8.045377285551394e-06,0.0,0.0,0.0,0.0,-1.159079780269925e-06,0.0,0.0,-0.0017376084859071672,0.0,0.0,0.0,0.0,-6.444392961243817e-05,0.0,0.0,-6.058327624617704e-06,0.0,0.0,0.0,0.0005543686390822189,0.0,0.0,3.624624284674361e-05,0.00015915177950258366
0.0,-3.129477637028549e-08,0.0,0.0,0.0,0.0,0.0,0.28134892102829956,-0.28134892102829956,0.0,0.0,0.0,0.0,-0.1509012383741022,0.006854294969922009,0.0,0.27694449857833986,0.0,-7.3855697521855955e-06,0.0,0.0,0.0,0.0,-1.0640227625999753e-06,0.0,0.0,-0.0008584822636856788,0.0,0.0,0.0,0.0,-5.915883374572919e-05,0.0,0.0,-5.561479550941949e-06,0.0,0.0,0.0,0.0014910692754018027,0.0,0.0,3.327366079898343e-05,0.0001460996205624476
0.0,-5.0206397743737885e-08,0.0,0.0,0.0,0.0,0.0,0.27936907084113016,-0.27936907084113016,0.0,0.0,0.0,0.0,-0.15378783586586658,0.010996386599507978,0.0,0.2723030294437521,0.0,-1.1848713924488318e-05,0.0,0.0,0.0,0.0,-1.7070181104795612e-06,0.0,0.0,-0.0013772682532242828,0.0,0.0,0.0,0.0,-9.49088723929631e-05,0.0023035807158991056,0.0,-8.922315055856367e-06,0.0,0.0,0.0,8.855068068025996e-05,0.0,0.0,5.338113392144817e-05,0.00023438849900624855
0.0,-5.006600740763307e-08,0.0,0.0,0.0,0.0,0.0,0.27941204318469415,-0.27941204318469415,0.0,0.0,0.0,0.0,-0.15368158241854013,0.01096563780094802,0.0,0.2723657603035867,0.0,-1.1815581793823234e-05,0.0,0.0,0.0,0.0,-1.7022448374100524e-06,0.0,0.0,-0.0013734170477670905,0.0,0.0,0.0,0.0,-9.464348214205154e-05,0.0023854423659803808,0.0,-8.897365908619828e-06,0.0,0.0,0.0,0.0,0.0,0.0,5.323186618526961e-05,0.00023373308691469505
0.0,-5.227678270746759e-08,0.0,0.0,0.0,0.0,0.0,0.2793181582995905,-0.2793181582995905,0.0,0.0,0.0,0.0,-0.1537907503424478,0.011057990073701755,0.0,0.2721912369293747,0.0,-1.233732494322756e-05,0.0,0.0,0.0,0.00011525285871305315,-1.7774112234607047e-06,0.0,0.0,-0.0013879621719351636,0.0,0.0,0.0,0.0,-9.882267444125765e-05,0.0023985745631230895,0.0,-9.290248780709355e-06,0.0,0.0,0.0,0.0,0.0,0.0,5.5582436982104274e-05,0.00024405408836979212
0.0,-4.4600610452007484e-08,0.0,0.0,0.0,0.0,0.0,0.2805147102949902,-0.2805147102949902,0.0,0.0,0.0,0.0018142696208333618,-0.15180015546336814,0.007591463271517839,0.0,0.2742376266171132,0.0,-1.0525747670660035e-05,0.0,0.0,0.0,0.0,-1.5164212769978462e-06,0.0,0.0,-0.0017677704734437975,0.0,0.0,0.0,0.0,-8.431183746031263e-05,0.0013993305006320548,0.0,-7.926095398588226e-06,0.0,0.0,0.0,0.0,0.0,0.0,4.742087197072225e-05,0.00020821788872340117
0.0,-5.0580388215501684e-08,0.0,0.0,0.0,0.0,0.0,0.27939827092594444,-0.27939827092594444,0.0,0.0,0.0,0.00022302575004562634,-0.1537067690651744,0.010810668443582735,0.0,0.27227959416187075,0.0,-1.193697570604516e-05,0.0,0.0,0.0,0.0,-1.7197337908935624e-06,0.0,0.0,-0.0014544353321632958,0.0,0.0,0.0,0.0,-9.561585428284071e-05,0.0023207402269853706,0.0,-8.988777916506056e-06,0.0,0.0,0.0,0.0,0.0,0.0,5.377877319364748e-05,0.00023613447301073265
0.0,-4.512730937543376e-08,0.0,0.0,0.0,0.0,0.0,0.2804236885844251,-0.2804236885844251,0.0,0.0,0.0,0.0017061128418143733,-0.15195574716074642,0.007836610907197514,0.0,0.274072477373721,0.0,-1.0650048659148945e-05,0.0,0.0,0.0,0.0,-1.534329046554384e-06,0.0,0.0,-0.0017497719112246435,0.0,0.0,0.0,0.0,-8.530749544733103e-05,0.0014676882815514033,0.0,-8.019696492185422e-06,0.0,0.0,0.0,0.0,0.0,0.0,4.798087601465323e-05,0.00021067678192502486
0.0,-9.905164888290458e-08,0.0,0.0,0.0,0.0,0.0,0.2764691847029931,-0.2764691847029931,0.008058472547369269,0.0,0.0,0.0,-0.1537964289121401,0.008801093876883695,0.0,0.27058714203838513,0.0,-2.337619714030935e-05,0.0,0.0,0.0,0.0,-3.3677572204843157e-06,0.0,0.0,-0.001911350105891448,0.0,0.0,0.0,0.0,-0.0001872446685405293,0.003107715163874101,0.0,-1.760273705845722e-05,0.0,0.0,0.0,0.0,0.0,0.0,0.00010531505090540152,0.0004624224869559319
0.0,-5.424617098577718e-08,0.0,0.0,0.0,0.0,0.0,0.2790772012684824,-0.2790772012684824,0.00047837881036660016,0.0,0.0,0.0,-0.15396345542093406,0.011115786231676425,0.0,0.2719209815603254,0.0,-1.2802100736046543e-05,0.0,0.0,0.0,0.0,-1.8443704479563505e-06,0.0,0.0,-0.0014402499427308931,0.0,0.0,0.0,0.0,-0.00010254555497437847,0.0024889344587520792,0.0,-9.640234110787738e-06,0.0,0.0,0.0,0.0,0.0,0.0,5.767635696346535e-05,0.0002532481748459735
0.0,-9.342203513017161e-08,0.0,0.0,0.0,0.0,0.0,0.27678002408183133,-0.27678002408183133,0.0070639502354548364,0.0,0.0,0.0,-0.15387216644828178,0.009159311235397148,0.0,0.27069577015759955,0.0,-2.2047607839759145e-05,0.0,0.0,0.0,0.0,-3.176350287049849e-06,0.0,0.0,-0.0018563700605605028,0.0,0.0,0.0,0.0,-0.00017660259268384337,0.0030383913443303634,0.0,-1.6602283136209226e-05,0.0,0.0,0.0,0.0,0.0,0.0,9.932945585844065e-05,0.0004361406428725731
0.0,-1.306326336429795e-07,0.0,0.0,0.010627783624752802,0.0,0.0,0.2795945559230275,-0.2795945559230275,0.0,0.0,0.0,0.0,-0.14969296585051312,0.011607177518423396,0.0,0.26120933733233626,0.0,-3.0829312095612536e-05,0.0,0.0,0.0,0.0,-4.441511071684502e-06,0.0,0.0,-0.002520752566588328,0.0,0.0,0.0,0.0,-0.0002469445432046484,0.004098558893744615,0.0,-2.321507947827825e-05,0.0,0.0,0.0,0.0,0.0,0.0,0.00013889301810897454,0.0006098582709935634
0.0,-5.5036012856505655e-08,0.0,0.0,0.0004853441612407824,0.0,0.0,0.27925790268368844,-0.27925790268368844,0.0,0.0,0.0,0.0,-0.1537784925387203,0.011277635690030772,0.0,0.27151214193073336,0.0,-1.2988503481362238e-05,0.0,0.0,0.0,0.0,-1.8712250807987704e-06,0.0,0.0,-0.0014612204497438475,0.0,0.0,0.0,0.0,-0.00010403865156541877,0.0025251741529700687,0.0,-9.78059905094769e-06,0.0,0.0,0.0,0.0,0.0,0.0,5.851614345628106e-05,0.00025693555053616485
0.0,-1.1854362266786074e-07,0.0,0.0,0.008963476872340812,0.0,0.0,0.27949954944060773,-0.27949954944060773,0.0,0.0,0.0,0.0,-0.1504316702442622,0.01162228946814876,0.0,0.2628157365639761,0.0,-2.797630452862278e-05,0.0,0.0,0.0,0.0,-4.0304845571425815e-06,0.0,0.0,-0.0023555559636907024,0.0,0.0,0.0,0.0,-0.00022409179033735502,0.0038554278606511352,0.0,-2.1066708563793188e-05,0.0,0.0,0.0,0.0,0.0,0.0,0.00012603957426832055,0.000553420739836858
0.03555892357400091,-1.4470955189994001e-06,0.0,0.0,0.04821896246806679,0.0,0.0,0.1530724361459173,-0.1530724361459173,0.2197325581086796,0.0,0.0,0.002835909349500916,0.0066407433443440265,-0.15784814436949404,0.0,0.20469989685259868,0.0,-0.0003415146594175131,0.0,0.0,0.0,0.0,-4.9201264570587523e-05,0.0,0.0,-0.0066407433443440265,0.0,0.0,0.0,0.0,-0.002735551844491236,0.0,0.0,-0.00025716726785165626,0.0,0.0,0.0,0.0,0.0,0.0,0.0015386007195959288,0.006755763445690405
0.049647848566984835,-1.617909819835422e-06,0.0,0.0,0.06775889923678854,0.0,0.0,0.1513578748594816,-0.1513578748594816,0.20940056719415126,0.0,0.0,0.004489534501052381,0.008084050811644117,-0.15405955269067678,0.0,0.18270188883235336,0.0,-0.0003818268482175938,0.0,0.0,0.0,0.0,-5.5008952796782985e-05,0.0,0.0,-0.008084050811644117,0.0,0.0,0.0,0.0,-0.00305845476940704,0.0,0.0,-0.0002875231403419288,0.0,0.0,0.0,0.0,0.0,0.0,0.001720216240294454,0.007553209774863675
0.05140595578384462,-1.638452822826904e-06,0.0,0.0,0.06987226875828811,0.0,0.0,0.15102427111033712,-0.15102427111033712,0.20846739346071785,0.0,0.0,0.004588306500864382,0.008207579645837607,-0.15367671828681626,0.0,0.18030199919843473,0.0,-0.0003866749985835766,0.0,0.0,0.0,0.0,-5.5707415138755526e-05,0.0,0.0,-0.008207579645837607,0.0,0.0,0.0,0.0,-0.003097288729561651,0.0,0.0,-0.0002911738930969652,0.0,0.0,0.0,0.0,0.0,0.0,0.001742058253327022,0.007649114756153733
0.028031413202479556,-8.934402130864346e-07,0.0,0.0,0.14467247502871938,0.0,0.0,0.2741814383896748,-0.2741814383896748,0.0,0.0,0.0,0.00605436324637072,0.006251743762036837,-0.07669438884947238,0.0,0.17647020094483926,0.0,-0.00021085196248351492,0.0,0.0,0.0,0.0,-3.037697769423193e-05,0.0,0.0,-0.006251743762036837,0.0,0.0,0.0,0.0,-0.0016889362110257852,0.0,0.0,-0.00015877568244224187,0.0,0.0,0.0,0.0,0.0,0.0,0.000949935741436912,0.0041710244093995305
0.0,-1.0277439445475292e-06,0.0,0.0,0.035886778742217594,0.0,0.0,0.1824290593484163,-0.1824290593484163,0.19731539537427314,0.0,0.0,0.0,0.004679034525674416,-0.1472474874559903,0.0,0.23509991569114344,0.0,-0.00024254765396084847,0.0,0.0019394994291614227,0.0,0.0,-3.494330613466793e-05,0.0,0.0,-0.004679034525674416,0.0,0.0,0.0,0.0,-0.0019428205023505828,0.0,0.0,-0.00018264316266636282,0.0,0.0,0.0,0.0,0.0,0.0,0.0010927319944536724,0.004798021195521885
0.0,-1.0508459539429606e-06,0.0,0.0,0.046385963536444495,0.0,0.0,0.18776710888314985,-0.18776710888314985,0.18710884947251394,0.0,0.0,0.0,0.005196658767632857,-0.14230842768213278,0.0,0.22698004575248779,0.0,-0.0002479997300449457,0.0,0.0028079905548650326,0.0,0.0,-3.572877472430378e-05,0.0,0.0,-0.005196658767632857,0.0,0.0,0.0,0.0,-0.001986491941853639,0.0,0.0,-0.0001867486833870782,0.0,0.0,0.0,0.0,0.0,0.0,0.0011172948293275585,0.004905872894698984
0.024154899671841295,-1.4249447744497371e-06,0.0,0.0,0.049756243383238925,0.0,0.0,0.15631435067368118,-0.15631435067368118,0.2252637332941948,0.0,0.0,0.0,0.006487380278134369,-0.15584566069519024,0.0,0.2051864553539836,0.0,-0.00033628708191388486,0.0,0.0026890740551612246,0.0,0.0,-4.844813899683338e-05,0.0,0.0,-0.006487380278134369,0.0,0.0,0.0,0.0,-0.002693678651385377,0.0,0.0,-0.0002532307989856234,0.0,0.0,0.0,0.0,0.0,0.0,0.0015150493015615046,0.006652352725141072
0.031415435837246916,-1.5790504921977702e-06,0.0,0.0,0.06970172771609326,0.0,0.0,0.15648593451758538,-0.15648593451758538,0.21832767468097777,0.0,0.0,0.0,0.0078087435689550445,-0.15100845647079952,0.0,0.1839936995850156,0.0,-0.0003726560437550505,0.0,0.004219418508592357,0.0,0.0,-5.368773520262082e-05,0.0,0.0,-0.0078087435689550445,0.0,0.0,0.0,0.0,-0.0029849961041018155,0.0,0.0,-0.0002806173438772717,0.0,0.0,0.0,0.0,0.0,0.0,0.001678899693680001,0.0073717950570846595
0.026880383109576977,-1.4200220724873472e-06,0.0,0.0,0.046646275732242434,0.0,0.0,0.15577433749239264,-0.15577433749239264,0.22480838889796617,0.0,0.0,0.0,0.006432682017949366,-0.15556555913355674,0.0,0.2076094015999774,0.0,-0.00033512532385297815,0.0,0.0,0.0,0.0,-4.828076707253831e-05,0.0,0.0,-0.006432682017949366,0.0,0.0,0.0,0.0,-0.00268437290324623,0.002615211100745089,0.0,-0.00025235597227412114,0.0,0.0,0.0,0.0,0.0,0.0,0.0015098153189513402,0.0066293710977813666
0.035644312885217314,-1.5705077290215039e-06,0.0,0.0,0.06472355505034762,0.0,0.0,0.1556393357003811,-0.1556393357003811,0.2176521215286237,0.0,0.0,0.0,0.007715936432053923,-0.15059598187359916,0.0,0.18790273195819912,0.0,-0.0003706399509551471,0.0,0.0,0.0,0.0,-5.339728115471527e-05,0.0,0.0,-0.007715936432053923,0.0,0.0,0.0,0.0,-0.0029688470861157423,0.004095468508002536,0.0,-0.0002790991862732296,0.0,0.0,0.0,0.0,0.0,0.0,0.0016698167399994937,0.0073319131789130534
0.02718902711120963,-1.3947862178820792e-06,0.0,0.0,0.0456949829511494,0.0,0.0,0.15590674964418294,-0.15590674964418294,0.2235042730411158,0.0,0.0,0.0,0.006484370599703355,-0.15727437647873954,0.0,0.208847658360217,0.0,-0.0003291696601269325,0.0,0.0,0.0014503741843894542,0.0,-4.7422747720811476e-05,0.0,0.0,-0.006484370599703355,0.0,0.0,0.0,0.0,-0.002636667698091226,0.0,0.0,-0.0002478712401361723,0.0,0.0,0.0,0.0,0.0,0.0,0.0014829837079446727,0.006511557545168812
0.035881366684244194,-1.52723511703063e-06,0.0,0.0,0.06275056112781188,0.0,0.0,0.15584835024261323,-0.15584835024261323,0.21582736924976767,0.0,0.0,0.0,0.007760717735220602,-0.15338229909823117,0.0,0.19036553636009712,0.0,-0.0003604276110286246,0.0,0.0,0.002248693020674935,0.0,-5.192601184092767e-05,0.0,0.0,-0.007760717735220602,0.0,0.0,0.0,0.0,-0.0028870456625100364,0.0,0.0,-0.0002714090930814598,0.0,0.0,0.0,0.0,0.0,0.0,0.001623807840743147,0.007129895049184044
0.0,-6.787936511375592e-07,0.0,0.0,0.13582863873560824,0.0,0.0,0.2901068205679421,-0.2901068205679421,0.0,0.0,0.0,0.0,0.005037889421143826,-0.06865398442951341,0.0,0.1945734970322259,0.0,-0.00016019535651890153,0.0,0.0,0.0,0.0,-2.3078992077556134e-05,0.0,0.0,-0.005037889421143826,0.0,0.0,0.0,0.0,-0.0012831739163163425,0.005176038992903509,0.0,-0.00012063025999748726,0.0,0.0,0.0,0.0,0.0,0.0,0.0007217162836766613,0.003168947229338873
0.050537030980199786,-1.7707873799106694e-06,0.0,0.0,0.08574343274482017,0.0,0.0,0.15318043734357165,-0.15318043734357165,0.2099323138302421,0.0,0.0,0.0,0.008901482528859367,-0.14588138295303546,0.0,0.16442941393980542,0.0,-0.0004179059647487398,0.0,0.0,0.0,0.0,-6.020679162733171e-05,0.0,0.0,-0.008901482528859367,0.0,0.0,0.0,0.0,-0.0033474505447061943,0.005020881024383321,0.0,-0.0003146914260039309,0.0,0.0,0.0,0.0,0.0,0.0,0.0018827608137891518,0.008266918454396338
0.02666504344038665,-1.061527693544255e-06,0.0,0.0,0.16635706243610318,0.0,0.0,0.27817747758507877,-0.27817747758507877,0.0,0.0,0.0,0.0,0.007151247024141986,-0.06566972192176496,0.0,0.155443261884583,0.0,-0.0002505206214539973,0.0,0.0,0.0,0.0,-3.609195399567683e-05,0.0,0.0,-0.007151247024141986,0.0,0.0,0.0,0.0,-0.0020066844254078005,0.006640063009680185,0.0,-0.00018864696429051652,0.0,0.0,0.0,0.0,0.0,0.0,0.001128652014821749,0.004955740581377129
0.0,-6.243425667884051e-07,0.0,0.0,0.13184369686824154,0.0,0.0,0.28925717165338216,-0.28925717165338216,0.0,0.0,0.0,0.0,0.005068892526202284,-0.07307793268367406,0.0,0.19857174123581572,0.0,-0.00014734489621253985,0.0,0.0,0.0028155448784795223,0.0,-2.122765457284839e-05,0.0,0.0,-0.005068892526202284,0.0,0.0,0.0,0.0,-0.0011802409984334435,0.0,0.0,-0.00011095361017736032,0.0,0.0,0.0,0.0,0.0,0.0,0.0006638220559201438,0.0029147424167370226
0.04716381972819622,-1.671038580857821e-06,0.0,0.0,0.07828123630773219,0.0,0.0,0.15402786101334462,-0.15402786101334462,0.20968869490615932,0.0,0.0,0.0,0.008663285490974226,-0.15029866632617417,0.0,0.17306638734323007,0.0,-0.00039436524011198995,0.0,0.0,0.0026322521196646435,0.0,-5.681533129291573e-05,0.0,0.0,-0.008663285490974226,0.0,0.0,0.0,0.0,-0.0031588880015621995,0.0,0.0,-0.0002969647964987534,0.0,0.0,0.0,0.0,0.0,0.0,0.001776704529330706,0.007801241322828197
0.02224229813223287,-9.307483873978063e-07,0.0,0.0,0.15636840539768634,0.0,0.0,0.2791060059161727,-0.2791060059161727,0.0,0.0,0.0,0.0,0.00683903684572181,-0.0716324028262533,0.0,0.1668750823562465,0.0,-0.00021965669463571403,0.0,0.0,0.003479823809594813,0.0,-3.1645456057158956e-05,0.0,0.0,-0.00683903684572181,0.0,0.0,0.0,0.0,-0.0017594626163059577,0.0,0.0,-0.000165405819244008,0.0,0.0,0.0,0.0,0.0,0.0,0.0009896030495645592,0.004345197570002286
0.024995314069173,-1.4013919818282047e-06,0.0,0.0,0.0490991157719754,0.0,0.0,0.15819345123297202,-0.15819345123297202,0.22137507878561186,0.0,0.0,0.0,0.006173539462591346,-0.1549225924551076,0.0,0.20733213254185523,0.0022314036732649814,-0.00033072862095200186,0.0,0.0,0.0,0.0,-4.7647343772237923e-05,0.0,0.0,-0.006173539462591346,0.0,0.0,0.0,0.0,-0.0026491550629609566,0.0,0.0,-0.0002490451683556949,0.0,0.0,0.0,0.0,0.0,0.0,0.0014900071787712682,0.006542396545091189
0.03253528827849539,-1.538478707610477e-06,0.0,0.0,0.06816776433217685,0.0,0.0,0.15940254056352024,-0.15940254056352024,0.21246107239166104,0.0,0.0,0.0,0.00728693506860025,-0.14969785613326175,0.0,0.18787362307196734,0.0034686610379768474,-0.0003630810993140154,0.0,0.0,0.0,0.0,-5.2308294052142676e-05,0.0,0.0,-0.00728693506860025,0.0,0.0,0.0,0.0,-0.0029083002545846996,0.0,0.0,-0.00027340722204551135,0.0,0.0,0.0,0.0,0.0,0.0,0.0016357624051308226,0.007182385736384957
0.03300774267645711,-1.5077724715876964e-06,0.0,0.0,0.05409143500596442,0.0,0.0,0.15712851897425217,-0.15712851897425217,0.22341939908135788,0.0,0.0,0.0,0.0,-0.15234419091093157,0.0,0.20135197393411366,0.0026116535840436314,-0.00035583442513139837,0.0,0.0,0.0,0.0,-5.126428166824118e-05,0.0,0.0,-0.006747607847620935,0.0,0.0,0.0,0.0,-0.0028502539822504573,0.0,0.0,-0.00026795033359529574,0.0,0.0,0.0,0.0,0.0,0.0,0.0016031145002617644,0.007039033715627625
0.04280899663980435,-1.6782414065719162e-06,0.0,0.0,0.07587452620194092,0.0,0.0,0.15823793990991128,-0.15823793990991128,0.21409778828225534,0.0,0.0,0.0,0.0,-0.14613755693255326,0.0,0.17894926396343747,0.00403611715125859,-0.00039606510756254624,0.0,0.0,0.0,0.0,-5.706022745143613e-05,0.0,0.0,-0.008075088044663404,0.0,0.0,0.0,0.0,-0.0031725040365156946,0.0,0.0,-0.0002982448301837352,0.0,0.0,0.0,0.0,0.0,0.0,0.0017843628163486175,0.007834867704795441
0.04625197915047079,-1.5715088537516858e-06,0.0,0.0,0.053495807970813956,0.0,0.0,0.15096097576581827,-0.15096097576581827,0.22165530393538493,0.0,0.0,0.003362536182252119,0.0,-0.15558165137930088,0.0,0.1976943225411267,0.0,-0.00037087621647236674,0.0,0.0,0.0,0.0,-5.3431319407250185e-05,0.0,0.0,-0.0073530834811809595,0.0,0.0,0.0,0.0,-0.002970739586345519,0.0,0.0,-0.00027927709886314464,0.0,0.0,0.0,0.0,0.0,0.0,0.0016708811695482276,0.007336586928342819
0.05074578542220062,-1.7389947247746092e-06,0.0,0.0,0.07319569606430777,0.0,0.0,0.1526624301731101,-0.1526624301731101,0.21831515085425077,0.0,0.0,0.0011023155965844127,0.0,-0.14775416972467187,0.0,0.17697749207318272,0.0,-0.00041040289556759993,0.0,0.0,0.0,0.0,-5.912584098087242e-05,0.0,0.0,-0.008734776148122667,0.0,0.0,0.0,0.0,-0.0032873505338521358,0.0038146417592579847,0.0,-0.00030904146706774133,0.0,0.0,0.0,0.0,0.0,0.0,0.0018489577915090255,0.008118494487498734
0.044652876311635094,-1.685980249366401e-06,0.0,0.0,0.07322437647805861,0.0,0.0,0.15540510823355277,-0.15540510823355277,0.21608997494320797,0.0,0.0,0.0012099671446719822,0.0,-0.14866888976751585,0.0,0.17886333496719917,0.0,-0.0003978914750873877,0.0,0.0,0.0,0.0,-5.7323348196958794e-05,0.0,0.0,-0.008751003189497635,0.0,0.0,0.0,0.0,-0.0031871333442585028,0.0,0.0,-0.00029962012091725034,0.0,0.0,0.0,0.004122118965842342,0.0,0.0,0.0017925910147889438,0.007870996481767313
0.04663493076779238,-1.698113279287883e-06,0.0,0.0,0.0759656147152015,0.0,0.0,0.156523469393986,-0.156523469393986,0.21349326669313903,0.0,0.0,0.0009418890164853524,0.0,-0.14697091858254266,0.0,0.17765944139930567,0.003321426787689539,-0.00040075487112927626,0.0,0.0,0.0,0.0,-5.77358713561919e-05,0.0,0.0,-0.008260407993777013,0.0,0.0,0.0,0.0,-0.0032100693094005467,0.0,0.0,-0.0003017763145580319,0.0,0.0,0.0,0.0,0.0,0.0,0.0018054912610567088,0.007927639515314744
0.05140595578384462,-1.638452822826904e-06,0.0,0.0,0.06878631987561656,0.0,0.0,0.15102427111033712,-0.15102427111033712,0.2095533423433894,0.0,0.0,0.004588306500864382,0.007121630763166057,-0.15367671828681626,0.0,0.18138794808110628,0.0,-0.0003866749985835766,0.0,0.0,0.0,0.0,-5.5707415138755526e-05,0.0,0.0,-0.008207579645837607,0.0,0.0,0.0,0.0,-0.003097288729561651,0.0,0.0,-0.0002911738930969652,0.0,0.0,0.0,0.0,0.0,0.0,0.001742058253327022,0.007649114756153733
0.04963173090955606,-1.5819032711401056e-06,0.0,0.0,0.06749079153853815,0.0,0.0,0.16037241167280186,-0.16037241167280186,0.20070297595060646,0.0,0.0,0.004699586297503893,0.0,-0.14783343971599616,0.0,0.18807027337277032,0.0,-0.0003733292998159626,0.0,0.0,0.0,0.0,-5.37847297200251e-05,0.0,0.0,-0.008059123578173979,0.0,0.0,0.0,0.0,-0.0029903889234390124,0.0,0.0,-0.00028112431895718374,0.0,0.0,0.0,0.0,0.0,0.0,0.0016819328643835909,0.007385113251664234
0.05116304623451064,-1.6307106102616636e-06,0.0,0.0,0.05968568977730887,0.0,0.0,0.15031063322393806,-0.15031063322393806,0.21868881989161668,0.0,0.0,0.003891579689568397,0.0,-0.15430063793795212,0.0,0.19065651610732862,0.0,-0.00038484783579256445,0.0,0.0,0.0,0.0,-5.544417982098775e-05,0.0,0.0,-0.007831273412966099,0.0,0.0,0.0,0.0,-0.0030826530516915875,0.0,0.0,-0.0002897980035123534,0.0,0.0,0.0,0.0,0.0,0.0,0.0017338264720328748,0.007612970247411709
0.027336947808954692,-8.713056419647359e-07,0.0,0.0,0.1407011786737067,0.0,0.0,0.2778404785759088,-0.2778404785759088,0.0,0.0,0.0,0.006097920277322397,0.0,-0.07440721837240016,0.0,0.18254999218182394,0.0,-0.00020562820191019315,0.0,0.0,0.0,0.0,-2.9624402017217736e-05,0.0,0.0,-0.006193635230843734,0.0,0.0,0.0,0.0,-0.001647093591748757,0.0,0.0,-0.00015484208779993977,0.0,0.0,0.0,0.0,0.0,0.0,0.0009264015195361068,0.004067689194476466
0.0,-3.4821524559126763e-07,0.0,0.0,0.020611104768752175,0.0,0.0,0.28343575749111866,-0.28343575749111866,0.0,0.0,0.0,0.0019260393634549756,-0.13398723198435042,0.0,0.0,0.26115300085940146,0.0,-8.217882609733709e-05,0.0,0.0,0.0,0.0,-1.1839322422679114e-05,0.0,0.0,-0.002723984325581531,0.0,0.0,0.0,0.0,-0.000658257070698286,0.0,0.0,-6.188227532825144e-05,0.0,0.0,0.0,0.00100840531451338,0.0,-0.008908336112300195,0.0003702341831667434,0.0016256423964495518
0.0,-2.23763247496653e-07,0.0,0.0,0.029273304020406628,0.0,0.0,0.2855585597953079,-0.2855585597953079,0.0,0.0,0.0,0.001810123630660697,-0.13409063830391132,0.0,0.0,0.25406615163463075,0.0,-5.280814449056961e-05,0.0,0.0,0.0,0.0,-7.607953031925077e-06,0.0,0.0,-0.0037540083950100456,0.0,0.0,0.0,0.0,-0.00042299624066424306,0.0011449000257845047,0.0,-3.976557334937892e-05,0.0,0.0,0.0,0.00293780168511396,0.0,0.0,0.0002379126250460146,0.0010446384140365026
0.0,-2.387031700106553e-07,0.0,0.0,0.03244912564099863,0.0,0.0,0.28589711711604254,-0.28589711711604254,0.0,0.0,0.0,0.001320308939493305,-0.13306913488592836,0.0,0.0,0.25230206635000685,0.0030533529138216733,-5.633396741110596e-05,0.0,0.0,0.0,0.0,-8.115910572132074e-06,0.0,0.0,-0.0033939803782873177,0.0,0.0,0.0,0.0,-0.00045123828277767185,0.0,0.0,-4.242058748244598e-05,0.0,0.0,0.0,0.0006912665320589628,0.0,0.0,0.00025379725410398134,0.0011143854218023292
0.0,-2.1301230160511468e-07,0.0,0.0,0.028956728716900235,0.0,0.0,0.2850989452120039,-0.2850989452120039,0.0,0.0,0.0,0.0025405733484692534,-0.13168979247000615,-0.002724730181659528,0.0,0.255119623672644,0.0,-5.0270920391428204e-05,0.0,0.0,0.0,0.0,-7.242420745874327e-06,0.0,0.0,-0.0037098795331813525,0.0,0.0,0.0,0.0,-0.00040267293133359257,0.0,0.0,-3.7854993608478596e-05,0.0,0.0,0.0,0.0033415978797713404,0.0,0.0,0.00022648185709194386,0.0009944476378872748
0.0,-1.4304873109256228e-07,0.0,0.0,0.017616138017439432,0.0,0.0,0.2847782538339779,-0.2847782538339779,0.0,0.0,0.0,0.002621024171219528,-0.13921333486389253,0.0,0.0,0.2646455954245521,0.0,-3.375951209700628e-05,0.0,0.0,0.0,0.0,-4.863658530183662e-06,0.0,0.0,-0.002948824334363129,0.0,0.0,0.0,0.0,-0.0002704156118615911,0.0,0.0,-2.542157781689307e-05,0.0,0.0,0.0,0.0022440550753215706,0.0,0.0,0.00015209423131134171,0.00066782280490769
0.0,-4.0940412059855897e-07,0.0,0.0,0.024065860905552613,0.0,0.0,0.28343843188824197,-0.28343843188824197,0.0,0.0,0.0,0.0011495285252373034,-0.13157209494503555,0.0,0.0,0.2582870126078698,0.0,-9.661940554347145e-05,0.0,0.0,0.0,0.0,-1.3919744888565833e-05,0.0,0.0,-0.0026754862064726813,0.0,0.0,0.0,0.0,-0.0007739269333237184,0.0,0.0,-7.275631619282558e-05,0.0,0.0,0.0,0.0012462399301620352,0.0,-0.010822686466619987,0.00043529225699906433,0.0019113025754977251
0.0,-2.4431879343921133e-07,0.0,0.0,0.03244584357902183,0.0,0.0,0.2858323877055466,-0.2858323877055466,0.0,0.0,0.0,0.001331862491863256,-0.1326626256723091,0.0,0.0,0.25144699488348854,0.0,-5.7659254994019916e-05,0.0,0.0,0.0,0.0,-8.306841834380901e-06,0.0,0.0,-0.0038571584337581616,0.0,0.0,0.0,0.0,-0.00046185391168831677,0.0012917240282924421,0.0,-4.341855514625582e-05,0.0,0.0,0.0,0.0033271626914737527,0.0,0.0,0.00025976797416683557,0.0011406019520764565
0.0,-2.628820084868054e-07,0.0,0.0,0.036300930473761726,0.0,0.0,0.2862384663332687,-0.2862384663332687,0.0,0.0,0.0,0.0007381224377650326,-0.13139166992605286,0.0,0.0,0.24924048922137101,0.0034746713728826648,-6.204017524526683e-05,0.0,0.0,0.0,0.0,-8.937991363106494e-06,0.0,0.0,-0.003455289053906188,0.0,0.0,0.0,0.0,-0.0004969453320516705,0.0,0.0,-4.6717474418449695e-05,0.0,0.0,0.0,0.0008002216866270718,0.0,0.0,0.0002795050099431547,0.0012272642960658431
0.0,-2.3115596361391106e-07,0.0,0.0,0.03191993477242909,0.0,0.0,0.2853022542097749,-0.2853022542097749,0.0,0.0,0.0,0.0021767062393527313,-0.1300474139110031,-0.003055328944204553,0.0,0.2527693962165836,0.0,-5.455282609161657e-05,0.0,0.0,0.0,0.0,-7.859305466373886e-06,0.0,0.0,-0.0038021180260061132,0.0,0.0,0.0,0.0,-0.00043697123951183043,0.0,0.0,-4.1079352972712105e-05,0.0,0.0,0.0,0.003758975481834816,0.0,0.0,0.0002457728099394393,0.0010791512990904707
0.0,-2.265200308960553e-07,0.0,0.0,0.03119304049743766,0.0,0.0,0.2851742336626894,-0.2851742336626894,0.0,0.0,0.0,0.0025016377737981663,-0.13013860958415593,-0.003297594676268589,0.0,0.2532938361919007,0.0,-5.345874559559253e-05,0.0,0.0,0.0,0.0,-7.70168369974691e-06,0.0,0.0,-0.003845113421150241,0.0,0.0,0.0,0.0,-0.0004282075925163394,0.0,0.0,-4.0255488801106185e-05,0.0,0.0,0.0,0.0035534983156570044,0.0,0.0,0.0002408437300535288,0.0010575084535555568
0.0,-2.604441856139031e-07,0.0,0.0,0.03586458114560555,0.0,0.0,0.2861766256543288,-0.2861766256543288,0.0,0.0,0.0,0.000980563757855957,-0.13161907630151742,0.0,0.0,0.24952174739264787,0.0037914499505768496,-6.146484885027176e-05,0.0,0.0,0.0,0.0,-8.855105356916087e-06,0.0,0.0,-0.003473103859584036,0.0,0.0,0.0,0.0,-0.0004923369349079063,0.0,0.0,-4.628424230660953e-05,0.0,0.0,0.0,0.0002942283501044254,0.0,0.0,0.00027691303451565254,0.0012158833233272856
0.0,-4.2732149648817724e-07,0.0,0.0,0.02151976659570121,0.0,0.0,0.2829181298812434,-0.2829181298812434,0.0,0.0,0.0,0.001608851322295406,-0.13197219845603686,0.0,0.0,0.2601016902747181,0.0,-0.00010084790770124855,0.0,0.0,0.0,0.0,-1.4528935878366788e-05,0.0,0.0,-0.0025880704680629643,0.0,0.0,0.0,0.0,-0.0008077974760900859,0.0,0.0,-7.594046163734351e-05,0.0,0.0,0.0,0.00048275256588856867,0.0,-0.01244157601692327,0.00045434261481932706,0.0019949498202639
0.0,-2.4050480474331194e-07,0.0,0.0,0.03171834799893699,0.0,0.0,0.2857410944717247,-0.2857410944717247,0.0,0.0,0.0,0.0016057286137805622,-0.13297962147350753,0.0,0.0,0.2518924818853632,0.0,-5.6759153353595396e-05,0.0,0.0,0.0,0.0,-8.177166174113547e-06,0.0,0.0,-0.003907442008026463,0.0,0.0,0.0,0.0,-0.0004546440463581065,0.0014004719328375706,0.0,-4.274076087513558e-05,0.0,0.0,0.0,0.0030726463485891394,0.0,0.0,0.00025571281286269497,0.0011227963510807115
0.0,-1.014488652848989e-06,0.0,0.0,0.036295380611727754,0.0,0.0,0.18739636983257882,-0.18739636983257882,0.1928533361764937,0.0,0.0,0.0,0.0,-0.14360546742473432,0.0,0.23747071487750282,0.0,-0.00023941940404888907,0.0,0.002088774872354272,0.0,0.0,-3.4492626061889364e-05,0.0,0.0,-0.004705831875722207,0.0,0.0,0.0,0.0,-0.0019177630426465522,0.0,0.0,-0.0001802875288426555,0.0,0.0,0.0,0.0,0.0,0.0,0.0010786385216468948,0.004736138884407494
0.0,-1.0358148056127296e-06,0.0,0.0,0.046688942132754825,0.0,0.0,0.19319971963732807,-0.19319971963732807,0.18230622284745074,0.0,0.0,0.0,0.0,-0.13833991514199653,0.0,0.22972551159557994,0.0,-0.00024445237782440787,0.0,0.0029611208047749748,0.0,0.0,-3.521771550527807e-05,0.0,0.0,-0.005218974183318884,0.0,0.0,0.0,0.0,-0.001958077448822788,0.0,0.0,-0.00018407745726689,0.0,0.0,0.0,0.0,0.0,0.0,0.001101313205907677,0.004835699999335215
0.0,-2.972641664480759e-07,0.0,0.0,0.03167477108681286,0.0,0.0,0.28199810359757926,-0.28199810359757926,0.00948930911420545,0.0,0.0,0.0,-0.13338724727323498,0.0,0.0,0.24965049549656468,0.0,-7.015436730240311e-05,0.0,0.0018866418715091154,0.0,0.0,-1.0106985135908648e-05,0.0,0.0,-0.0038495160059830676,0.0,0.0,0.0,0.0,-0.0005619404718981241,0.0036666466148676338,0.0,-5.282762092201831e-05,0.0,0.0,0.0,0.0,0.0,0.0,0.0003160612788873428,0.0013877773533513178
0.0,-4.87227854368758e-07,0.0,0.0,0.037893395321629934,0.0,0.0,0.2618801534419867,-0.2618801534419867,0.04760551921543843,0.0,0.0,0.0,-0.10844772408315079,-0.02804564189411498,0.0,0.24091329256957628,0.0,-0.00011498581300184445,0.0,0.005095541596598844,0.0,0.0,-1.6565752746945578e-05,0.0,0.0,-0.004306250514321947,0.0,0.0,0.0,0.0,-0.0009210429015961287,0.0,0.0,-8.65865829063424e-05,0.0,0.0,0.0,0.0,0.0,0.0,0.0005180370732246474,0.002274622569865056
0.0,-5.613020556156766e-07,0.0,0.0,0.020121406618956037,0.0,0.0,0.27989227623170443,-0.27989227623170443,0.004701567995266767,0.0,0.0,0.0,-0.13077555803906576,0.0,0.0,0.25988509278894967,0.0,-0.00013246733048173943,0.0,5.303738546291815e-05,0.0,0.0,-1.9084276455680866e-05,0.0,0.0,-0.002052343510650994,0.0,0.0,0.0,0.0,-0.001061070850815635,0.0,0.0,-9.975051002992e-05,0.0,0.0,0.0,0.0,0.0,-0.018096273791489377,0.0005967952601208435,0.00262043787679011
0.0,-2.994853037301983e-07,0.0,0.0,0.03487424553141565,0.0,0.0,0.28359316551162195,-0.28359316551162195,0.006646550648419649,0.0,0.0,0.0,-0.13138623429653606,0.0,0.0,0.2480901963943489,0.0,-7.067855588046468e-05,0.0,0.0020973020088509435,0.0,0.0,-1.0182503829478277e-05,0.0,0.0,-0.0038537089132292287,0.0,0.0,0.0,0.0,-0.0005661392522199508,0.003448339444872416,0.0,-5.322234525007223e-05,0.0,0.0,0.0,0.0,0.0,0.0,0.00031842286689292095,0.001398146729706514
0.0,-2.9053531520152667e-07,0.0,0.0,0.03851544605617718,0.0,0.0,0.2853769877459356,-0.2853769877459356,0.002433576584621526,0.0,0.0,0.0,-0.13091661050897418,0.0,0.0,0.24692066469878532,0.004683402240720971,-6.856635786448755e-05,0.0,2.7452658241259843e-05,0.0,0.0,-9.87820411482822e-06,0.0,0.0,-0.0034040137607707424,0.0,0.0,0.0,0.0,-0.0005492204259874489,0.0,0.0,-5.1631818524639744e-05,0.0,0.0,0.0,0.0,0.0,0.0,0.00030890693749517737,0.001356363720535733
0.0,-4.7287658026618277e-07,0.0,0.0,0.042360641935479025,0.0,0.0,0.26628997536019666,-0.26628997536019666,0.0395336236422726,0.0,0.0,0.0,-0.10763274554072583,-0.025409088209774975,0.0,0.23927101522487382,0.0,-0.00011159891115397108,0.0,0.0051264997114629255,0.0,0.0,-1.607780925961168e-05,0.0,0.0,-0.004269933632375371,0.0,0.0,0.0,0.0,-0.0008939136251754232,0.0,0.0,-8.403617907833427e-05,0.0,0.0,0.0,0.0,0.0,0.0,0.0005027783149938096,0.002207623666400619
0.0,-5.179845586740235e-07,0.0,0.0,0.04303005560461968,0.0,0.0,0.2619439477487357,-0.2619439477487357,0.04786605617652807,0.0,0.0,0.0,-0.10431516587074356,-0.029816048711077885,0.0,0.23690892957463988,0.0,-0.00012224439770320598,0.0,0.005417202324236875,0.0,0.0,-1.761148105304181e-05,0.0,0.0,-0.004578086519890619,0.0,0.0,0.0,0.0,-0.0009791845778628874,0.0,0.0,-9.20524402118612e-05,0.0,0.0,0.0,0.0,0.0,0.0,0.0005507386376723087,0.0024182102017299488
0.0,-3.0843797641635957e-07,0.0,0.0,0.034499685060315956,0.0,0.0,0.2827923004750191,-0.2827923004750191,0.008211704441992493,0.0,0.0,0.0,-0.13186393031573196,0.0,0.0,0.24759448724944827,0.0,-7.279138735782628e-05,0.0,0.0019575585178117643,0.0,0.0,-1.0486894805514377e-05,0.0,0.0,-0.003994214779584609,0.0,0.0,0.0,0.0,-0.0005830631525141683,0.003804471543398123,0.0,-5.481334898440913e-05,0.0,0.0,0.0,0.0,0.0,0.0,0.0003279416501773576,0.0014399422698628541
0.032496419778944456,-1.5419646388322946e-06,0.0,0.0,0.055166899402052036,0.0,0.0,0.15484606830287787,-0.15484606830287787,0.2281331841091845,0.0,0.0,0.0,0.0,-0.15327924469861662,0.0,0.19845978455662633,0.0,-0.0003639037793640477,0.0,0.0031748181535660412,0.0,0.0,-5.2426815754454433e-05,0.0,0.0,-0.00715259488440391,0.0,0.0,0.0,0.0,-0.002914889968572762,0.0,0.0,-0.0002740267163335273,0.0,0.0,0.0,0.0,0.0,0.0,0.0016394687646737358,0.0071986598015128965
0.04048903697630204,-1.694015083533526e-06,0.0,0.0,0.07512947889137392,0.0,0.0,0.15614571849506087,-0.15614571849506087,0.21930810978462362,0.0,0.0,0.0,0.0,-0.1477239999012935,0.0,0.17752741929773394,0.0,-0.0003997876966000901,0.0,0.0023342082336345665,0.0,0.0,-5.759653265261301e-05,0.0,0.0,-0.008695448951478566,0.0,0.0,0.0,0.0,-0.003202322186416799,0.0,0.0,-0.00030104801308004925,0.0,0.0,0.0,0.002828771514317666,0.0,0.0,0.0018011339212308905,0.007908507094056392
0.045051844358015444,-1.7309359321114707e-06,0.0,0.0,0.07498957495037967,0.0,0.0,0.15416301138320787,-0.15416301138320787,0.2206768431685927,0.0,0.0,0.0,0.0,-0.1471376016886455,0.0,0.17628001788587164,0.0,-0.00040850101984790237,0.0,0.002187599611103871,0.0,0.0,-5.885184193607353e-05,0.0,0.0,-0.008687482781187125,0.0,0.0,0.0,0.0,-0.003272116401174243,0.0026929418371315567,0.0,-0.00030760931717566277,0.0,0.0,0.0,0.0,0.0,0.0,0.0018403894115867707,0.008080872025003879
0.04263120080053847,-1.7016504176896919e-06,0.0,0.0,0.07683987454035905,0.0,0.0,0.15684950487178992,-0.15684950487178992,0.21686716181519722,0.0,0.0,0.0,0.0,-0.14662612458226057,0.0,0.17685782566789174,0.0024495874733863,-0.0004015896360779243,0.0,0.0019527950768316298,0.0,0.0,-5.785613410322225e-05,0.0,0.0,-0.00834270743933846,0.0,0.0,0.0,0.0,-0.0032167558241138114,0.0,0.0,-0.0003024049090128301,0.0,0.0,0.0,0.0,0.0,0.0,0.0018092520657989532,0.00794415264109224
0.0387066233916582,-1.6848360891102366e-06,0.0,0.0,0.07545180234776609,0.0,0.0,0.1552996453442262,-0.1552996453442262,0.22020382468619087,0.0,0.0,0.0,0.0026050406109223378,-0.14859078569286624,0.0,0.17708649785532693,0.0,-0.0003976214531744782,0.0,0.0047181977246177455,0.0,0.0,-5.72844467348676e-05,0.0,0.0,-0.008439929547495267,0.0,0.0,0.0,0.0,-0.0031849704533794625,0.0,0.0,-0.00029941678909623437,0.0,0.0,0.0,0.0,0.0,0.0,0.0017913745050490168,0.007865654971180679
0.03795650017616877,-1.6648692832402145e-06,0.0,0.0,0.0750433235773475,0.0,0.0,0.158704682011853,-0.158704682011853,0.21710852136912806,0.0,0.0,0.0,0.0,-0.14644129900499284,0.0,0.17945623345630554,0.0,-0.00039290928537572006,0.0,0.004759421322344548,0.0,0.0,-5.660557510176366e-05,0.0,0.0,-0.0083884780954559,0.0,0.0,0.0,0.0,-0.003147225721321896,0.0,0.0,-0.00029586843389376057,0.0,0.0,0.0,0.0,0.0,0.0,0.0017701451242125047,0.007772439965361877
0.039388854704622896,-1.6788513326139119e-06,0.0,0.0,0.07135841718733801,0.0,0.0,0.15474800084458729,-0.15474800084458729,0.2232470026804721,0.0,0.0,0.0,0.0,-0.14915593495190432,0.0,0.18110255645529294,0.0,-0.0003962090501577428,0.0,0.004428197319252468,0.0,0.0,-5.7080964943997416e-05,0.0,0.0,-0.008273329444868985,0.0,0.0,0.0,0.0,-0.0031736570248894953,0.0,0.0,-0.0002983532217942075,0.0,0.0,0.0,0.0,0.0,0.0,0.0017850113102695743,0.007837715143685958
0.040605081388586754,-1.6412902441188362e-06,0.0,0.0,0.059973683072924784,0.0,0.0,0.1512858102138602,-0.1512858102138602,0.22804050382993016,0.0,0.0,0.0,-0.006642010480829144,-0.14861549209506297,0.0,0.18893643600008275,0.0,-0.0003873446302377526,0.0,0.003629965873251407,0.0,0.0,-5.5803887495866485e-05,0.0,0.0,-0.007738650018689188,0.0,0.0,0.0,0.0,-0.003102652517194765,0.0,0.0,-0.0002916781389271885,0.0,0.0,0.0,0.0,0.0,0.0,0.0017450750952591858,0.007662361253563464
0.0,-1.0041354656248071e-06,0.0,0.0,0.03491323954201102,0.0,0.0,0.18724346775571307,-0.18724346775571307,0.19264474398020082,0.0,0.0,0.0,0.0,-0.14416339661377167,0.0,0.23856632672644193,0.0,-0.00023697605102738494,0.0,0.0,0.0,0.0,-3.414061757518075e-05,0.0,0.0,-0.004789772748109819,0.0,0.0,0.0,0.0,-0.0018981916459863944,0.0,0.0,-0.00017844763587288072,0.0,0.0,0.0,0.0023313890839483094,0.0,0.0,0.001067630664111511,0.0046878050440512745
0.0,-1.0208928272776447e-06,0.0,0.0,0.0445881559398142,0.0,0.0,0.19290027697273926,-0.19290027697273926,0.18216371221570318,0.0,0.0,0.0,0.0,-0.13920335414353502,0.0,0.23138367544337066,0.0,-0.00024093078973154599,0.0,0.0,0.0,0.0,-3.4710368067364135e-05,0.0,0.0,-0.005330074349182061,0.0,0.0,0.0,0.0,-0.0019298693279198743,0.0,0.0,-0.0001814256320425062,0.0,0.0,0.0,0.003291032532678258,0.0,0.0,0.0010854476557054127,0.0047660367639440525
0.03051040805428407,-1.4943207903926695e-06,0.0,0.0,0.05195671450079057,0.0,0.0,0.1566078292461926,-0.1566078292461926,0.22566664384521687,0.0,0.0,0.0,0.0,-0.15351832542004784,0.0,0.20247438207798796,0.0,-0.0003526598272823987,0.0,0.0,0.0,0.0,-5.080692435028518e-05,0.0,0.0,-0.007127979484623742,0.0,0.0,0.0,0.0,-0.0028248252729348427,0.0,0.0,-0.000265559798861743,0.0,0.0,0.0,0.0034694952005013724,0.0,0.0,0.001588812219524447,0.0069762345604182435
0.038833758825813164,-1.6552145207416862e-06,0.0,0.0,0.0722925670478861,0.0,0.0,0.1574219270037573,-0.1574219270037573,0.2176818212360681,0.0,0.0,0.0,0.0,-0.1480284682127775,0.0,0.1809828468886742,0.0,-0.000390630760645907,0.0,0.0,0.0,0.0,-5.627731306389574e-05,0.0,0.0,-0.008641863497978687,0.0,0.0,0.0,0.0,-0.0031289746086522667,0.0,0.0,-0.0002941526598754567,0.0,0.0,0.0,0.005335883151269179,0.0,0.0,0.0017598798553807454,0.007727366719879451
0.0,-2.9536026637518724e-07,0.0,0.0,0.031471902373434155,0.0,0.0,0.2817541107227425,-0.2817541107227425,0.008959892939946966,0.0,0.0,0.0,-0.1344856014858892,0.0,0.0,0.24914504107747826,0.0,-6.970504673135529e-05,0.0,0.0,0.0,0.0,-1.0042252511163236e-05,0.0,0.0,-0.004059180654284862,0.0,0.0,0.0,0.0,-0.0005583413885703567,0.0027058834827632223,0.0,-5.248927367846808e-05,0.0,0.0,0.0,0.0032804772323154715,0.0,0.0,0.0003140369881727874,0.001378888998472324
0.0,-3.9067810293584636e-07,0.0,0.0,0.03447018919762176,0.0,0.0,0.2712726463070371,-0.2712726463070371,0.02795743819498282,0.0,0.0,0.0,-0.12270833895239014,-0.014316474436931027,0.0,0.24424610292891222,0.0,-9.220006386190116e-05,0.0,0.0,0.0,0.0,-1.328306006902214e-05,0.0,0.0,-0.004474368395098641,0.0,0.0,0.0,0.0,-0.0007385277551183782,0.0,0.0,-6.942846482653048e-05,0.0,0.0,0.0,0.006128702946291095,0.0,0.0,0.00041538212399627695,0.001823880187722949
0.0,-5.58296580634279e-07,0.0,0.0,0.02027743414404462,0.0,0.0,0.27992345000644175,-0.27992345000644175,0.004702770289976004,0.0,0.0,0.0,-0.13082706017215026,0.0,0.0,0.25973325073484704,0.0,-0.00013175803814326992,0.0,0.0,0.0,0.0,-1.8982090271162604e-05,0.0,0.0,-0.0020809193478091323,0.0,0.0,0.0,0.0,-0.0010553893788457548,0.0,0.0,-9.921639892293728e-05,0.0,0.0,0.0,0.0001318834959425295,0.0,-0.01789387104077847,0.0005935997378430168,0.0026064068209616033
0.0,-2.973545260603037e-07,0.0,0.0,0.034626122292287675,0.0,0.0,0.28331077397972537,-0.28331077397972537,0.006078666746281697,0.0,0.0,0.0,-0.13262059364441556,0.0,0.0,0.24753980631159833,0.0,-7.017569217819044e-05,0.0,0.0,0.0,0.0,-1.01100573637812e-05,0.0,0.0,-0.004086588065690572,0.0,0.0,0.0,0.0,-0.000562111285365965,0.0023826151400882234,0.0,-5.284367897367812e-05,0.0,0.0,0.0,0.0036441652224303927,0.0,0.0,0.00031615735227197484,0.001388199197077071
0.0,-2.905472796442832e-07,0.0,0.0,0.038489578359796765,0.0,0.0,0.28536128597648314,-0.28536128597648314,0.002447403695347996,0.0,0.0,0.0,-0.13094259208599976,0.0,0.0,0.24691710616605891,0.004656141317664186,-6.856918147394488e-05,0.0,0.0,0.0,0.0,-9.878610906021871e-06,0.0,0.0,-0.0034110173875729513,0.0,0.0,0.0,0.0,-0.0005492430432597859,0.0,0.0,-5.163394475819838e-05,0.0,0.0,0.0,6.86344719012006e-05,0.0,0.0,0.00030891965849389033,0.001356419576520332
0.0,-3.787147492159421e-07,0.0,0.0,0.03803123624705686,0.0,0.0,0.2748500611995421,-0.2748500611995421,0.021397261260283653,0.0,0.0,0.0,-0.12212503188985734,-0.012138123568680772,0.0,0.2429470616162512,0.0,-8.937671141729586e-05,0.0,0.0,0.0,0.0,-1.2876305902627148e-05,0.0,0.0,-0.004446101151204931,0.0,0.0,0.0,0.0,-0.0007159125414679248,0.0,0.0,-6.730242480353461e-05,0.0,0.0,0.0,0.006158523598766784,0.0,0.0,0.00040266228318372796,0.0017680292872898678
0.0,-4.1020866658482135e-07,0.0,0.0,0.03836694500230051,0.0,0.0,0.2717927113832212,-0.2717927113832212,0.02718152981196253,0.0,0.0,0.0,-0.12014854168360464,-0.015032175708945546,0.0,0.24124153082535613,0.0,-9.680927846124132e-05,0.0,0.0,0.0,0.0,-1.3947099461508378e-05,0.0,0.0,-0.004698048545259977,0.0,0.0,0.0,0.0,-0.0007754478261934717,0.0,0.0,-7.289929424122087e-05,0.0,0.0,0.0,0.006435085674370058,0.0,0.0,0.0004361476774030106,0.0019150585973311191
0.0,-3.0638874890697905e-07,0.0,0.0,0.03427047300117857,0.0,0.0,0.282533920573664,-0.282533920573664,0.0076710086143410815,0.0,0.0,0.0,-0.13301341681927004,0.0,0.0,0.2470838195135393,0.0,-7.230776950002308e-05,0.0,0.0,0.0,0.0,-1.0417221046228554e-05,0.0,0.0,-0.004210746751812355,0.0,0.0,0.0,0.0,-0.0005791893459689416,0.0028069187001570576,0.0,-5.444917520812777e-05,0.0,0.0,0.0,0.003402967255420256,0.0,0.0,0.00032576284243512313,0.0014303754540459213
0.04298601893912254,-1.6418084796624529e-06,0.0,0.0,0.05888749864284259,0.0,0.0,0.15133357853782275,-0.15133357853782275,0.22495501863933567,0.0,0.0,0.0,-0.010590968591280763,-0.14613642629108597,0.0,0.18820672028605026,0.0,-0.0003874669338679225,0.0,0.0,0.0,0.0,-5.58215075104105e-05,0.0,0.0,-0.008056842360955956,0.0,0.0,0.0,0.0,-0.0031036321762280546,0.0,0.0,-0.00029177023597061496,0.0,0.0,0.0,0.0042626097753834455,0.0,0.0,0.0017456261007525065,0.007664780635488053
0.04201987566256353,-1.6943589954220342e-06,0.0,0.0,0.07443417593907999,0.0,0.0,0.15617741854865078,-0.15617741854865078,0.2173224744431326,0.0,0.0,0.0,-0.002537697950946405,-0.14612986352403623,0.0,0.17705592058499978,0.0,-0.00039986885983356817,0.0,0.0,0.0,0.0,-5.7608225660844545e-05,0.0,0.0,-0.008900230101393215,0.0,0.0,0.0,0.0,-0.0032029723085328582,0.0,0.0,-0.0003011091305941236,0.0,0.0,0.0,0.00557005958675383,0.0,0.0,0.0018014995799397937,0.007910112646236202
0.035626421261540656,-1.534998452073632e-06,0.0,0.0,0.05144696414090775,0.0,0.0,0.154224072559591,-0.154224072559591,0.22756788500279673,0.0,0.0,0.0,0.0,-0.15297455813965408,0.0,0.20138291133978095,0.0,-0.00036225975872609527,0.0,0.0,0.0,0.0,-5.2189965323186374e-05,0.0,0.0,-0.007081502523718009,0.0,0.0,0.0,0.0,-0.002901721269764333,0.0030829174954032416,0.0,-0.00027278873639885904,0.0,0.0,0.0,0.0,0.0,0.0,0.0016320620801674296,0.007166138168184527
0.04717245802203144,-1.7255400655416346e-06,0.0,0.0,0.07236096458853941,0.0,0.0,0.1537359533256403,-0.1537359533256403,0.22031002116548307,0.0,0.0,0.0,0.0,-0.14694650833414924,0.0,0.17836616499566824,0.0,-0.00040722759490140393,0.0,0.0,0.0,0.0,-5.866838240959137e-05,0.0,0.0,-0.008633643151753481,0.0,0.0,0.0,0.0,-0.0032619161949308086,0.004811811201943432,0.0,-0.00030665040309899125,0.0,0.0,0.0,0.0,0.0,0.0,0.0018346523444214091,0.008055681429323279
0.049300526169472454,-1.6921180307024061e-06,0.0,0.0,0.05827569905343779,0.0,0.0,0.14839253961781934,-0.14839253961781934,0.22729028838817925,0.0,0.0,0.0,-0.01061347073073397,-0.14545240761553171,0.0,0.18683489916737836,0.0,-0.00039933999197865305,0.0,0.0,0.0,0.0,-5.753203283416782e-05,0.0,0.0,-0.008001691866435425,0.0,0.0,0.0,0.0,-0.0031987360469373158,0.0037891590844823545,0.0,-0.00030071088267839705,0.0,0.0,0.0,0.0,0.0,0.0,0.0017991169107345203,0.007899650705516204
0.005019863462245229,-3.389754228676593e-07,0.0,0.0,0.03109942078140127,0.0,0.0,0.27901795093218756,-0.27901795093218756,0.011537945141823998,0.0,0.0,0.0,-0.13405615941392074,0.0,0.0,0.24786840592562362,0.0,-7.99982271879346e-05,0.0,0.0,0.0,0.0,-1.1525168342011431e-05,0.0,0.0,-0.00403110739038282,0.0,0.0,0.0,0.0,-0.0006407903494193643,0.0056153866694491905,0.0,-6.0240241382277345e-05,0.0,0.0,0.0,0.0,0.0,0.0,0.00036041009228619624,0.0015825062967372296
0.05031043758542155,-1.7628476827012781e-06,0.0,0.0,0.07425555815424383,0.0,0.0,0.15249362067393205,-0.15249362067393205,0.2200944640980682,0.0,0.0,0.0,-0.0022418550356372922,-0.14522729312707747,0.0,0.1747955860181425,0.0,-0.00041603219556575016,0.0,0.0,0.0,0.0,-5.993684182935312e-05,0.0,0.0,-0.008861570861995445,0.0,0.0,0.0,0.0,-0.0033324415469858015,0.004998368849567622,0.0,-0.0003132804408878133,0.0,0.0,0.0,0.0,0.0,0.0,0.0018743190601665642,0.008229851988863956
0.005236171651423003,-3.535820272997803e-07,0.0,0.0,0.03431300684650547,0.0,0.0,0.27979997308876464,-0.27979997308876464,0.010161622477114728,0.0,0.0,0.0,-0.1323387082356033,0.0,0.0,0.24543468214154202,0.0,-8.344538701421294e-05,0.0,0.0,0.0,0.0,-1.2021793063536119e-05,0.0,0.0,-0.004204809632794976,0.0,0.0,0.0,0.0,-0.0006684022956740739,0.005857356223230297,0.0,-6.283602065536623e-05,0.0,0.0,0.0,0.0,0.0,0.0,0.00037594032632745286,0.0016506972094949542
0.036073751753862224,-1.5062972491092198e-06,0.0,0.0,0.05036946680396371,0.0,0.0,0.1543656842555063,-0.1543656842555063,0.22605450416790587,0.0,0.0,0.0,0.0,-0.1549673025023567,0.0,0.202785655217925,0.0,-0.00035548627250727143,0.0,0.0,0.0017122207667153585,0.0,-5.121412408671941e-05,0.0,0.0,-0.007148677519153727,0.0,0.0,0.0,0.0,-0.0028474652599311304,0.0,0.0,-0.00026768816780922136,0.0,0.0,0.0,0.0,0.0,0.0,0.0016015459940110382,0.007032146641510193
0.04673353435424088,-1.673828583813041e-06,0.0,0.0,0.07029412072943729,0.0,0.0,0.1542850293350915,-0.1542850293350915,0.21813625020238292,0.0,0.0,0.0,0.0,-0.14999985468163768,0.0,0.1811779204149625,0.0,-0.00039502368103487025,0.0,0.0,0.002402492666195493,0.0,-5.69101914260239e-05,0.0,0.0,-0.00868793052654377,0.0,0.0,0.0,0.0,-0.0031641621508011982,0.0,0.0,-0.0002974606154878054,0.0,0.0,0.0,0.000488669884795238,0.0,0.0,0.0017796709544893887,0.007814266447798025
0.04749349088279809,-1.6807872444597135e-06,0.0,0.0,0.07032396773798216,0.0,0.0,0.15394504048454286,-0.15394504048454286,0.2183990693022216,0.0,0.0,0.0,0.0,-0.1498669557687754,0.0,0.18090884244594277,0.0,-0.00039666592550978484,0.0,0.0,0.0023749964867784356,0.0,-5.714678596939627e-05,0.0,0.0,-0.008686564997247572,0.0,0.0,0.0,0.0,-0.00317731662244268,0.0004907014476024593,0.0,-0.0002986972579367082,0.0,0.0,0.0,0.0,0.0,0.0,0.001787069636979814,0.00784675294548289
0.046957615709596806,-1.6760126288750886e-06,0.0,0.0,0.07079359816532584,0.0,0.0,0.15448634353161425,-0.15448634353161425,0.21768691748422592,0.0,0.0,0.0,0.0,-0.14970626998539416,0.0,0.18092501748336773,0.0004893075110487143,-0.00039553911584599684,0.0,0.0,0.002324076234905531,0.0,-5.6984448983677164e-05,0.0,0.0,-0.008617715460467938,0.0,0.0,0.0,0.0,-0.003168290812952033,0.0,0.0,-0.0002978487480568704,0.0,0.0,0.0,0.0,0.0,0.0,0.0017819931047966602,0.007824462659174674
0.04716381972819622,-1.671038580857821e-06,0.0,0.0,0.06986187849211643,0.0,0.0,0.15402786101334462,-0.15402786101334462,0.21810805272177508,0.0,0.0,0.0,0.0002439276753584817,-0.15029866632617417,0.0,0.18148574515884583,0.0,-0.00039436524011198995,0.0,0.0,0.0026322521196646435,0.0,-5.681533129291573e-05,0.0,0.0,-0.008663285490974226,0.0,0.0,0.0,0.0,-0.0031588880015621995,0.0,0.0,-0.0002969647964987534,0.0,0.0,0.0,0.0,0.0,0.0,0.001776704529330706,0.007801241322828197
0.04710099707340836,-1.669172442986283e-06,0.0,0.0,0.06981939306781218,0.0,0.0,0.15434316042588164,-0.15434316042588164,0.21781879446846833,0.0,0.0,0.0,0.0,-0.15010036288405582,0.0,0.18170946707121216,0.0,-0.0003939248314235123,0.0,0.0,0.002634388694812329,0.0,-5.6751882583457895e-05,0.0,0.0,-0.008658686889622916,0.0,0.0,0.0,0.0,-0.0031553603029206546,0.0,0.0,-0.000296633160078381,0.0,0.0,0.0,0.0,0.0,0.0,0.001774720388661126,0.007792529260734416
0.04717992507580687,-1.6705292204711109e-06,0.0,0.0,0.06949004427758713,0.0,0.0,0.15398091075633166,-0.15398091075633166,0.21842259057106797,0.0,0.0,0.0,0.0,-0.1503442977856058,0.0,0.18185716859524476,0.0,-0.00039424503101956717,0.0,0.0,0.0026162089327507157,0.0,-5.679801303381033e-05,0.0,0.0,-0.008645403944655877,0.0,0.0,0.0,0.0,-0.003157925119895384,0.0,0.0,-0.00029687427668352194,0.0,0.0,0.0,0.0,0.0,0.0,0.0017761629602032806,0.007798863374561453
0.0,-2.5942269837901153e-07,0.0,0.0,0.02244871332069457,0.0,0.0,0.28239015318740734,-0.28239015318740734,0.0,0.0,0.0,0.0037943953048627777,-0.12481801914528226,-0.009925023052488106,0.0,0.2613651209407149,0.0,-6.12237777802953e-05,0.0,0.0001320889099489373,0.0,0.007743041022199467,-8.820374778982896e-06,0.0,0.0,-0.002899538234330602,0.0,0.0,0.0,0.0,-0.0004904059419272467,0.0,0.0,-4.610271104077847e-05,0.0,0.0,0.0,0.0,0.0,0.0,0.0002758269548657418,0.001211114511572211
0.0,-2.825226040121497e-07,0.0,0.0,0.022002165701582078,0.0,0.0,0.28077895558196797,-0.28077895558196797,0.0024454596747407378,0.0,0.0,0.0037007098445140467,-0.12327340263591835,-0.011815735848952411,0.0,0.2611903439179533,0.0,-6.667535737632136e-05,0.0,0.0,0.0,0.008864060220377517,-9.605771840676173e-06,0.0,0.0,-0.0028700221354890877,0.0,0.0,0.0,0.0,-0.0005340734045326165,0.0,0.0,-5.020785789619327e-05,0.0,0.0,0.0,0.0,0.0,0.0,0.00030038755294866575,0.0013189563893379298
0.0,-8.369231426743245e-07,0.0,0.0,0.02132672829096593,0.0,0.0,0.23977225336260416,-0.23977225336260416,0.07302042308288795,0.0,0.0,0.0,-0.08562683308220845,-0.05692741740910858,0.0,0.24752064522087402,0.0,-0.00019751392929935203,0.0,0.0,0.0,0.026258207418241787,-2.8455396639220797e-05,0.0,0.0,-0.0030205834027476628,0.0,0.0,0.0,0.0,-0.0015820978066625464,0.0,0.0,-0.00014873188063784415,0.0,0.0,0.0,0.0,0.0,0.0,0.0008898448876792739,0.003907174543696366
0.0,-5.634987132526807e-07,0.0,0.0,0.019933927079653472,0.0,0.0,0.2798694917764104,-0.2798694917764104,0.004613477703795538,0.0,0.0,0.0,-0.1307815216603841,0.0,0.0,0.2600236124120419,0.0,-0.000132985741861575,0.0,0.0,0.0,0.00013311236865977242,-1.915896284103017e-05,0.0,0.0,-0.002033752890715624,0.0,0.0,0.0,0.0,-0.0010652233554511116,0.0,0.0,-0.00010014088401387404,0.0,0.0,0.0,0.0,0.0,-0.01819371609854938,0.000599130820542824,0.0026306929699556466
0.0,-1.8483613592557343e-07,0.0,0.0,0.0,0.0,0.0,0.27503173085069876,-0.27503173085069876,0.01832224889146248,0.0,0.0,0.0,-0.1484894690705152,0.0,0.0,0.27390950897699673,0.0,-4.362134301425996e-05,0.0,0.0,0.0,0.0032846705783656487,-6.284430783233588e-06,0.0,0.0,-0.0019243551390760124,0.0,0.0,0.0,0.0,-0.00034940943836897113,0.0025145066077391087,0.0,-3.284773081814566e-05,0.0,0.0,0.0,0.0,0.0,0.0,0.00019652400826937816,0.0008629072470572481
0.0,-3.387501335431773e-07,0.0,0.0,0.02948297499602489,0.0,0.0,0.2834506288574547,-0.2834506288574547,0.002773415717736379,0.0,0.0,0.0,-0.13184790867457913,0.0,0.0,0.2518331350985525,0.0,-7.994505888915219e-05,0.0,0.0,0.0,0.006642368472986207,-1.1517508502344156e-05,0.0,0.0,-0.0034100500493390445,0.0,0.0,0.0,0.0,-0.0006403644683223397,0.004374898194499781,0.0,-6.020020460564961e-05,0.0,0.0,0.0,0.0,0.0,0.0,0.0003601705570846741,0.00158145453383488
0.0,-2.909166675133609e-07,0.0,0.0,0.038469790432279244,0.0,0.0,0.2853804719696914,-0.2853804719696914,0.002381793476489372,0.0,0.0,0.0,-0.13092008145533252,0.0,0.0,0.24695613780432188,0.004696421777542534,-6.865635704089587e-05,0.0,0.0,0.0,6.872173047526778e-05,-9.891170097890716e-06,0.0,0.0,-0.0033981735587789064,0.0,0.0,0.0,0.0,-0.0005499413245088956,0.0,0.0,-5.169958967784677e-05,0.0,0.0,0.0,0.0,0.0,0.0,0.0003093124041238166,0.0013581440632804884
0.0,-8.245182043365491e-08,0.0,0.0,0.0,0.0,0.0,0.28158996071089654,-0.28158996071089654,0.0036865095828003923,0.0,0.0,0.002804181745392389,-0.146531346934566,0.0,0.0,0.27884601387128877,0.0,-1.9458636284924657e-05,0.0,0.0,0.0,0.00258690062750604,-2.80336285906536e-06,0.0,0.0,-0.0016996720813271327,0.0,0.0,0.0,0.0,-0.00015586478329011975,0.0,0.0,-1.4652736541524172e-05,0.0,0.0,0.0,0.0,0.0,0.0,8.766555392206168e-05,0.00038492621060804067
0.0,-5.103806556402101e-07,0.0,0.0,0.0,0.0,0.0,0.25026565252894717,-0.25026565252894717,0.05753570252831647,0.0,0.0,0.0,-0.1172461628129402,-0.03471603441186106,0.0,0.2679965266414335,0.0,-0.00012044987597278689,0.0,0.0,0.0,0.016013036842588455,-1.7352948260960174e-05,0.0,0.0,-0.0018420417107645893,0.0,0.0,0.0,0.0,-0.0009648103567445308,0.0,0.0,-9.07011299890455e-05,0.0,0.0,0.0,0.0,0.0,0.0,0.0005426539117326883,0.0023827113908456952
0.0,-6.590192658292732e-07,0.0,0.0,0.029357306601153016,0.0,0.0,0.26008747144878713,-0.26008747144878713,0.03707134824018018,0.0,0.0,0.0,-0.09443453632827029,-0.03892899989462067,0.0,0.24969320648956075,0.0,-0.00015552859998826178,0.0,0.0,0.0,0.02264233305667772,-2.2406662745801688e-05,0.0,0.0,-0.002378501148975244,0.0,0.0,0.0,0.0,-0.0012457929310990257,0.0,0.0,-0.0001171161003747043,0.0,0.0,0.0,0.0,0.0,0.0,0.0007006914908655182,0.003076630538648622
0.0,-7.568889863440381e-07,0.0,0.0,0.023634048273309793,0.0,0.0,0.2481398396448036,-0.2481398396448036,0.05821335600738951,0.0,0.0,0.0,-0.09047874485101101,-0.04887543844128463,0.0,0.24906177589497475,0.0,-0.00017862586193818352,0.0,0.0,0.0,0.02461651516713735,-2.5734234387945926e-05,0.0,0.0,-0.0027317279129930342,0.0,0.0,0.0,0.0,-0.0014308033129010011,0.0,0.0,-0.00013450879373857455,0.0,0.0,0.0,0.0,0.0,0.0,0.0008047498757016418,0.003533535194638963
0.0,-3.2796649109030204e-07,0.0,0.0,0.022904331314592585,0.0,0.0,0.2784783097709327,-0.2784783097709327,0.006229103403138166,0.0,0.0,0.0031658738606539323,-0.11993499980260826,-0.014846399054898617,0.0,0.25988254949344675,0.0,-7.740011839889319e-05,0.0,0.0,0.0,0.010666547205599765,-1.1150864532825545e-05,0.0,0.0,-0.0027666180703647576,0.0,0.0,0.0,0.0,-0.0006199793502599921,0.0,0.0,-5.828381427019159e-05,0.0,0.0,0.0,0.0,0.0,0.0,0.0003487050250447909,0.0015311111138338954
0.0,-8.158290779477734e-07,0.0,0.0,0.0288601854215405,0.0,0.0,0.24714855663649504,-0.24714855663649504,0.059360800180686485,0.0,0.0,0.0,-0.08398158966351532,-0.05268144284995842,0.0,0.24475656744100607,0.0,-0.00019253572831936405,0.0,0.0,0.0,0.026533440482597447,-2.773819819181094e-05,0.0,0.0,-0.0029444517025225933,0.0,0.0,0.0,0.0,-0.0015422221336935404,0.0,0.0,-0.0001449831972079044,0.0,0.0,0.0,0.0,0.0,0.0,0.0008674169672404656,0.003808696931451946
0.0,-4.523279749169507e-07,0.0,0.0,0.02595788686202631,0.0,0.0,0.27144381433313713,-0.27144381433313713,0.01797699593776787,0.0,0.0,0.0024891640590636167,-0.11003640529382984,-0.024230351744041433,0.0,0.2551826163660457,0.0,-0.0001067494386311066,0.0,0.0,0.0,0.014711191014744704,-1.537915643741012e-05,0.0,0.0,-0.0028771027521237447,0.0,0.0,0.0,0.0,-0.000855069074468997,0.0,0.0,-8.038443071311377e-05,0.0,0.0,0.0,0.0,0.0,0.0,0.0004809303453456952,0.0021116925305110896
0.0,-1.1224491759735608e-07,0.0,0.0,0.0,0.0,0.0,0.28228107546431214,-0.28228107546431214,0.0024736288090532513,0.0,0.0,0.0,-0.1444959961331553,0.0,0.0,0.2810905945212921,0.0,-2.648980962301202e-05,0.0,0.0,0.0,0.006066612126886553,-3.816328511078473e-06,0.0,0.0,-0.0004051090450838291,0.0,0.0,0.0,0.0,-0.00021218488160375644,0.0,0.0,-1.9947348609513812e-05,0.0,0.0,0.0,0.0,0.0,0.0,0.00011934257878546397,0.0005240152438541716
0.0,-3.562731392123779e-07,0.0,0.0,0.0,0.0,0.0,0.2748170386984173,-0.2748170386984173,0.01552014362416952,0.0,0.0,0.0,-0.14422463934665725,0.0,0.0,0.274872707034808,0.0,-8.408048964304334e-05,0.0,0.0,0.0,8.416054967839248e-05,-1.2113290900038528e-05,0.0,0.0,-0.0012858441549494638,0.0,0.0,0.0,0.0,-0.0006734895038504416,0.0,0.0,-6.331426544913375e-05,0.0,0.0,0.0,0.0,0.0,-0.011503011800955747,0.0003788016071972181,0.001663260661767932
0.0,-1.8070061525323064e-07,0.0,0.0,0.0,0.0,0.0,0.27551980319977015,-0.27551980319977015,0.017206634243532543,0.0,0.0,0.0,-0.1482181658884964,0.0,0.0,0.27438117972621706,0.0,-4.264535980141317e-05,0.0,0.0,0.0,0.0035432608018567207,-6.143823032006659e-06,0.0,0.0,-0.0018190343883106805,0.0,0.0,0.0,0.0,-0.0003415917573281361,0.0023337165572381827,0.0,-3.211279622779753e-05,0.0,0.0,0.0,0.0,0.0,0.0,0.0001921269833329938,0.0008436005744704733
0.0,-1.0257932765477545e-07,0.0,0.0,0.0,0.0,0.0,0.2778453078708556,-0.2778453078708556,0.014404564876990662,0.0,0.0,0.0,-0.14916513546515306,0.0,0.0,0.27620534368762656,0.0,-2.4208729615527642e-05,0.0,0.0,0.0016559923927405536,2.4231780762791474e-05,-3.4876983399861417e-06,0.0,0.0,-0.0020262168479861435,0.0,0.0,0.0,0.0,-0.0001939133010146569,0.0,0.0,-1.8229650416773477e-05,0.0,0.0,0.0,0.0,0.0,0.0,0.00010906579785032801,0.0004788914504640368
0.0,-1.3558487278693749e-07,0.0,0.0,0.0,0.0,0.0,0.2753134146591026,-0.2753134146591026,0.019039324404336214,0.0,0.0,0.0,-0.15010036264939586,0.0,0.0,0.2753346000460348,0.0021888183812385476,-3.1998040933756074e-05,0.0,0.0,0.0,3.2028508932921345e-05,-4.609887260498336e-06,0.0,0.0,-0.0015837556975102235,0.0,0.0,0.0,0.0,-0.000256306127665903,0.0,0.0,-2.409515532239413e-05,0.0,0.0,0.0,0.0,0.0,0.0,0.0001441584056459171,0.0006329777926449067
0.0,-8.395046847509845e-08,0.0,0.0,0.0,0.0,0.0,0.2815976464873259,-0.2815976464873259,0.003657091104118175,0.0,0.0,0.0027105137134381817,-0.1464707111546709,0.0,0.0,0.2789002501897265,0.0,-1.9812317343804727e-05,0.0,0.0,0.0,0.002730344895739049,-2.8543169100019842e-06,0.0,0.0,-0.0016582469149441265,0.0,0.0,0.0,0.0,-0.00015869778868623122,0.0,0.0,-1.4919065347901622e-05,0.0,0.0,0.0,0.0,0.0,0.0,8.925896702072183e-05,0.00039192264693405484
0.0,-4.428785765921968e-07,0.0,0.0,0.0,0.0,0.0,0.25582606133583025,-0.25582606133583025,0.047891385077078824,0.0,0.0,0.0,-0.12208681549163848,-0.028598493303160187,0.0,0.27019450858343746,0.0,-0.00010451937986289887,0.0,0.0,0.0,0.014403865553047611,-1.5057876783852385e-05,0.0,0.0,-0.0015984164013104181,0.0,0.0,0.0,0.0,-0.0008372061769081736,0.0,0.0,-7.8705152518887e-05,0.0,0.0,0.0,0.0,0.0,0.0,0.0004708834266237937,0.002067578027392262
0.0,-2.6069946104666956e-07,0.0,0.0,0.02238561410292437,0.0,0.0,0.28235045456764185,-0.28235045456764185,0.0,0.0,0.0,0.003762016165358214,-0.12494730983642581,-0.009861551974504052,0.0,0.26132405341901827,0.0,-6.152509387303237e-05,0.0,0.0,0.0,0.007832202270883055,-8.863784724615737e-06,0.0,0.0,-0.002908703120767261,0.0,0.0,0.0,0.0,-0.0004928195009664622,0.0,0.0,-4.6329607995834786e-05,0.0,0.0,0.0,0.0001735817595212141,0.0,0.0,0.00027718445195796566,0.0012170750763350335
0.0005606373275482583,-2.5908048179471846e-07,0.0,0.0,0.022419100175652188,0.0,0.0,0.28214955382728,-0.28214955382728,0.0,0.0,0.0,0.003954283272627842,-0.12453794054094355,-0.010274695821136973,0.0,0.26138310734579073,0.0,-6.114301463874906e-05,0.0,0.0,0.0,0.007567933483918726,-8.808739411114513e-06,0.0,0.0,-0.0029122026513365646,0.0,0.0,0.0,0.0,-0.0004897590245703152,0.0,0.0,-4.604189480381228e-05,0.0,0.0,0.0,0.0,0.0,0.0,0.0002754630986614084,0.0012095168739178045
0.03279798561328937,-1.6878543316530287e-06,0.0,0.0,0.04301041384860053,0.0,0.0,0.15557785163354304,-0.15557785163354304,0.21285900066768143,0.0,0.0,0.0,-0.00869692184155748,-0.14760564615515348,0.0,0.20400231009060588,0.0,-0.0003983337586584685,0.0,0.0,0.0,0.02015792738811455,-5.73870670166226e-05,0.0,0.0,-0.0060917239833464774,0.0,0.0,0.0,0.0,-0.0031906760608163276,0.0,0.0,-0.0002999531691611662,0.0,0.0,0.0,0.0,0.0,0.0,0.0017945836022283557,0.007879745632352046
0.0,-1.9967807172755502e-07,0.0,0.0,0.028048069950163748,0.0,0.0,0.28649834312435013,-0.28649834312435013,0.0,0.0,0.0,0.0,-0.13465637354013468,0.0,0.0,0.25553893090050445,0.0,-4.7124041062841534e-05,0.0,0.0,0.0028567483327382355,0.0,-6.789056774085871e-06,0.0,0.0,-0.00381548645783837,0.0,0.0,0.0,0.0,-0.00037746624894288884,0.0004009361968307421,0.0,-3.5485331466971156e-05,0.0,0.0,0.0,7.520275822529508e-05,0.0,0.0,0.00021230445455319735,0.0009321968039923992
0.04694266663673355,-1.6250681537839916e-06,0.0,0.0,0.05556219988665896,0.0,0.0,0.14979054020390106,-0.14979054020390106,0.22556197966946817,0.0,0.0,0.0,-0.008373406671191823,-0.14939291996262838,0.0,0.19156164717649216,0.0,-0.0003835162156078909,0.0,0.0,0.002021674626476366,0.0,-5.525233623475515e-05,0.0,0.0,-0.007886793707744068,0.0,0.0,0.0,0.0,-0.0030719866982807016,0.0,0.0,-0.000288795267274639,0.0,0.0,0.0,0.0,0.0,0.0,0.0017278272221679884,0.007586628447084587
8.78290210477345e-05,-1.998885220823294e-07,0.0,0.0,0.028014896149441665,0.0,0.0,0.2864740754742737,-0.2864740754742737,0.0,0.0,0.0,0.0,-0.13465400385514667,0.0,0.0,0.25555731565005496,0.0,-4.717370736357388e-05,0.0,0.0,0.0028723062006583847,0.0,-6.796212088609537e-06,0.0,0.0,-0.003813234281619914,0.0,0.0,0.0,0.0,-0.0003778640788363674,0.0004389997718552427,0.0,-3.552273117006274e-05,0.0,0.0,0.0,0.0,0.0,0.0,0.0002125282124620871,0.0009331792911850209
0.0,-2.5771444804020366e-07,0.0,0.0,0.022300892708329138,0.0,0.0,0.28248702434279804,-0.28248702434279804,0.0,0.0,0.0,0.003578545728132852,-0.1253262004537917,-0.009561443323907898,0.0,0.26137378680994167,0.0,-6.0820630562300166e-05,0.0,0.0,0.00020279319933741799,0.007680125521888796,-8.762294247484466e-06,0.0,0.0,-0.002922196854041372,0.0,0.0,0.0,0.0,-0.0004871767097833935,0.0,0.0,-4.579913324189091e-05,0.0,0.0,0.0,0.0,0.0,0.0,0.0002740106855414078,0.0012031395472084305
0.0,-1.9370894702068965e-07,0.0,0.0,0.027687702245630275,0.0,0.0,0.2864100896557023,-0.2864100896557023,0.0,0.0,0.0,0.00011342635311697164,-0.134079074757248,-0.0007940901021085419,0.0,0.2561087400819734,0.0,-4.571532714968164e-05,0.0,0.0,0.0030387794591180224,0.0,-6.586106464240129e-06,0.0,0.0,-0.00379461780081979,0.0,0.0,0.0,0.0,-0.0003661823703823675,0.0,0.0,-3.442454213262797e-05,0.0,0.0,0.0,0.0,0.0,0.0,0.00020595788001906342,0.0009043299534853282
0.0,-1.973577957507777e-07,0.0,0.0,0.02788567259073016,0.0,0.0,0.28648923231134377,-0.28648923231134377,0.0,0.0,0.0,0.0,-0.13453611337091181,-0.00020812090839060997,0.0,0.25575577904719693,0.0,-4.657645574483041e-05,0.0,0.0,0.0029573446895337727,0.0,-6.71016736373849e-06,0.0,0.0,-0.0038083146324266433,0.0,0.0,0.0,0.0,-0.00037308005940345137,0.0002773510511580934,0.0,-3.5072988932718646e-05,0.0,0.0,0.0,0.0,0.0,0.0,0.00020983745894671572,0.0009213645987771797
0.0,-1.9799847173384694e-07,0.0,0.0,0.028532699726096143,0.0,0.0,0.2864917479944512,-0.2864917479944512,0.0,0.0,0.0,0.0,-0.1333960954661584,-0.001043550743982327,0.0,0.2555194000500345,0.0,-4.672765532860506e-05,0.0,0.0,0.0031060707215413794,0.0,-6.731950354655915e-06,0.0,0.0,-0.0038206774362960585,0.0,0.0,0.0,0.0,-0.0003742911766684804,0.0,0.0,-3.5186845198584235e-05,0.0,0.0,0.0,0.0,0.0,0.0,0.00021051864724122427,0.0009243555937254219
0.0,-1.977233876801886e-07,0.0,0.0,0.0277983964950739,0.0,0.0,0.2860937180971098,-0.2860937180971098,0.0006946620629175657,0.0,0.0,0.0,-0.13390542711535264,-0.001042100913757179,0.0,0.2558590628458436,0.0,-4.6662735469713324e-05,0.0,0.0,0.003101755382551392,0.0,-6.722597493614267e-06,0.0,0.0,-0.0038153692769567786,0.0,0.0,0.0,0.0,-0.00037377116490664765,0.0,0.0,-3.5137959265637815e-05,0.0,0.0,0.0,0.0,0.0,0.0,0.00021022616860567385,0.0009230713641982084
0.0,-1.9180806679607827e-07,0.0,0.0,0.026288468615139258,0.0,0.0,0.2858861184781677,-0.2858861184781677,0.0,0.0,0.0,0.0,-0.13610555066273533,0.0010173138954121964,0.0,0.25622015797509334,0.0,-4.526671926307128e-05,0.0,0.0,0.0026709200054480494,0.0,-6.521476514371463e-06,0.0,0.0,-0.0037012242897128808,0.0,0.0,0.0,0.0,-0.00036258899569747586,0.0006760793721544522,0.0,-3.4086731554502094e-05,0.0,0.0,0.0,0.0,0.0,0.0,0.00020393680010895836,0.000895455696763875
0.0,-2.876180575022194e-07,0.0,0.0,0.025706884896408433,0.0,0.0,0.28526690471478194,-0.28526690471478194,0.0,0.0,0.0,0.0,-0.13359165006231244,0.00013588503399572199,0.0,0.25731811609784494,0.0,-6.78778848117198e-05,0.0,0.0,0.0022189020565303624,0.0,-9.77901731893278e-06,0.0,0.0,-0.0032569595393783387,0.0,0.0,0.0,0.0,-0.0005437057176800703,0.0,0.0,-5.111338475002008e-05,0.0,0.0,0.0,0.0,0.0,-0.004916479543575465,0.00030580521080438884,0.0013427445069676706
0.0,-2.2950714703649163e-07,0.0,0.0,0.03228244941549388,0.0,0.0,0.28647819286180826,-0.28647819286180826,0.0,0.0,0.0,0.0,-0.13308175906024586,0.00010843055803989002,0.0,0.2524067983039356,0.001961572238037541,-5.41637052461117e-05,0.0,0.0,0.0017705907792098827,0.0,-7.803245683457773e-06,0.0,0.0,-0.0035797032328729324,0.0,0.0,0.0,0.0,-0.0004338543594093295,0.0,0.0,-4.0786337308689686e-05,0.0,0.0,0.0,0.0,0.0,0.0,0.0002440197325929948,0.001071453801160216
0.0,-1.8374489440870874e-07,0.0,0.0,0.025938963158771096,0.0,0.0,0.2862815753763911,-0.2862815753763911,0.0,0.0,0.0,0.000269857725753912,-0.13521443793097157,-0.00042871182767295683,0.0,0.2575388747242032,0.0,-4.336380992810129e-05,0.0,0.0,0.002882469908771724,0.0,-6.247328558897496e-06,0.0,0.0,-0.0036805621496107874,0.0,0.0,0.0,0.0,-0.00034734658370246733,0.0,0.0,-3.2653803329756754e-05,0.0,0.0,0.0,0.0,0.0,0.0,0.0001953637635163145,0.0008578127875324533
0.0,-1.8624777902341269e-07,0.0,0.0,0.02605830195695825,0.0,0.0,0.2863370556392722,-0.2863370556392722,0.0,0.0,0.0,0.00018996599524952011,-0.13556040391049154,0.0,0.0,0.25730311686034957,0.0,-4.395449089941891e-05,0.0,0.0,0.0028214524048470807,0.0,-6.332426665070094e-06,0.0,0.0,-0.0036889131963969138,0.0,0.0,0.0,0.0,-0.00035207797187581774,0.00020056224649967787,0.0,-3.309859774011912e-05,0.0,0.0,0.0,0.0,0.0,0.0,0.00019802491478013143,0.0008694975009233769
0.0,-2.4323544275999055e-07,0.0,0.0,0.02355436807861906,0.0,0.0,0.285330215884576,-0.285330215884576,0.0,0.0,0.0,0.0006409860768932088,-0.13515191872849294,0.0,0.0,0.25919938161528266,0.0,-5.7403584146182826e-05,0.0,0.0,0.0021131749651630456,0.0,-8.270007898616989e-06,0.0,0.0,-0.0033115418535465597,0.0,0.0,0.0,0.0,-0.0004598059736566777,0.0,0.0,-4.322602996001718e-05,0.0,0.0,0.0,0.0,0.0,-0.003405087631611518,0.00025861611921825797,0.0011355443309163796
0.0,-2.0694512844886154e-07,0.0,0.0,0.02873125947507488,0.0,0.0,0.2862152482638868,-0.2862152482638868,0.0,0.0,0.0,0.0005453520445516921,-0.1345425992069257,0.0,0.0,0.2552919269711624,0.0014485271745507825,-4.883906703628992e-05,0.0,0.0,0.001797892854916281,0.0,-7.036136787602668e-06,0.0,0.0,-0.0035417290292759315,0.0,0.0,0.0,0.0,-0.00039120370452684237,0.0,0.0,-3.6776779818378974e-05,0.0,0.0,0.0,0.0,0.0,0.0,0.0002200310341424133,0.000966123048328715
0.0,-1.7061539594720103e-07,0.0,0.0,0.02368741534601047,0.0,0.0,0.2861273030411276,-0.2861273030411276,0.0,0.0,0.0,0.00044961413544361415,-0.13659935535571363,0.0,0.0,0.259438413163965,0.0,-4.0265247230246354e-05,0.0,0.0,0.002676502911134336,0.0,-5.800925457649256e-06,0.0,0.0,-0.00351708699226809,0.0,0.0,0.0,0.0,-0.0003225269202717791,0.0,0.0,-3.0320524563236118e-05,0.0,0.0,0.0,0.0,0.0,0.0,0.00018140403831809297,0.0007965177419726177
0.0,-1.926354989353037e-07,0.0,0.0,0.026231589510269084,0.0,0.0,0.2859841647340171,-0.2859841647340171,0.0008514186998232158,0.0,0.0,0.0,-0.1356142265519448,0.0,0.0,0.25687136454629733,0.0,-4.5461993314789766e-05,0.0,0.0,0.002852725706353769,0.0,-6.549609216782418e-06,0.0,0.0,-0.003717190833680221,0.0,0.0,0.0,0.0,-0.0003641531519573298,0.0003384284004332522,0.0,-3.42337767631863e-05,0.0,0.0,0.0,0.0,0.0,0.0,0.00020481655384194575,0.0008993185625709875
0.0,-1.9307110390105782e-07,0.0,0.0,0.026121309930966848,0.0,0.0,0.28550021260106584,-0.28550021260106584,0.0017013282194925784,0.0,0.0,0.0,-0.13484677647634932,-0.001017581056828915,0.0,0.2569999672646047,0.0,-4.556479612190713e-05,0.0,0.0,0.003028773392801065,0.0,-6.5644197907127064e-06,0.0,0.0,-0.003725596484740157,0.0,0.0,0.0,0.0,-0.0003649766082889216,0.0,0.0,-3.431118930260392e-05,0.0,0.0,0.0,0.0,0.0,0.0,0.0002052797037204225,0.0009013521837561582
0.0,-1.964831558973227e-07,0.0,0.0,0.027623957960620768,0.0,0.0,0.28648579794395274,-0.28648579794395274,0.0,0.0,0.0,0.0,-0.13484925482867421,0.0,0.0,0.2559230806692935,0.0,-4.63700406687391e-05,0.0,0.0,0.002909705390708152,0.0,-6.680429598491608e-06,0.0,0.0,-0.0037914371448192,0.0,0.0,0.0,0.0,-0.0003714266629047609,0.0003451880911354798,0.0,-3.491755431315551e-05,0.0,0.0,0.0,0.0,0.0,0.0,0.0002089075123811679,0.000917281343820934
0.0,-1.9437982993265041e-07,0.0,0.0,0.027816114364719195,0.0,0.0,0.28645895628377155,-0.28645895628377155,0.0,0.0,0.0,0.0,-0.1341125513046139,-0.0006992810135327073,0.0,0.25602014260157846,0.0,-4.587365557111559e-05,0.0,0.0,0.003081823600371903,0.0,-6.6089164910931535e-06,0.0,0.0,-0.0037833700843743815,0.0,0.0,0.0,0.0,-0.0003674505900424774,0.0,0.0,-3.454376655371982e-05,0.0,0.0,0.0,0.0,0.0,0.0,0.00020667118533827358,0.0009074619694396702
0.0,-2.7250981525414844e-07,0.0,0.0,0.026055994507764173,0.0,0.0,0.285525828480695,-0.285525828480695,0.0,0.0,0.0,0.0,-0.13370682813589907,0.0,0.0,0.2571654488374194,0.0,-6.431233842034205e-05,0.0,0.0,0.002359840012850575,0.0,-9.26533690579885e-06,0.0,0.0,-0.0033433695427094764,0.0,0.0,0.0,0.0,-0.0005151454883060561,0.0,0.0,-4.84284580606859e-05,0.0,0.0,0.0,0.0,0.0,-0.004117484553171716,0.0002897416185331718,0.0012722116987542028
0.0,-2.2483372226380305e-07,0.0,0.0,0.031688819574341165,0.0,0.0,0.2865294060096495,-0.2865294060096495,0.0,0.0,0.0,0.0,-0.13324515350970592,0.0,0.0,0.2529393577141952,0.001698561531792782,-5.306077662211755e-05,0.0,0.0,0.0019469816657481976,0.0,-7.644349186527991e-06,0.0,0.0,-0.0036077216627490314,0.0,0.0,0.0,0.0,-0.0004250198384055888,0.0,0.0,-3.9955810322376025e-05,0.0,0.0,0.0,0.0,0.0,0.0,0.0002390507898909899,0.0010496359240187371
0.0,-1.8653092751857704e-07,0.0,0.0,0.026451371304221104,0.0,0.0,0.28640588226517805,-0.28640588226517805,0.0,0.0,0.0,0.0,-0.13513854177946613,-0.00026846033722636477,0.0,0.25715590516204817,0.0,-4.402131396715774e-05,0.0,0.0,0.0029976404494415276,0.0,-6.342053717217265e-06,0.0,0.0,-0.0036708590462667225,0.0,0.0,0.0,0.0,-0.00035261322844875454,0.0,0.0,-3.314891682682881e-05,0.0,0.0,0.0,0.0,0.0,0.0,0.00019832596780164423,0.0008708193792847005
0.0,-1.808786885839048e-07,0.0,0.0,0.02549364957207576,0.0,0.0,0.2863700498433452,-0.2863700498433452,0.0,0.0,0.0,0.0,-0.13580754540035087,0.0,0.0,0.2579803696688905,0.0,-4.2687385121841616e-05,0.0,0.0,0.002932838837999113,0.0,-6.149877527332249e-06,0.0,0.0,-0.0035856576415292155,0.0,0.0,0.0,0.0,-0.00034192838253482404,0.0,0.0,-3.214444212216004e-05,0.0,0.0,0.0,0.0,0.0,0.0,0.00019231631689882884,0.0008444319095704898
0.0,-1.8771249912255933e-07,0.0,0.0,0.026428585677519434,0.0,0.0,0.2864190346091728,-0.2864190346091728,0.0,0.0,0.0,0.0,-0.13539796538146695,0.0,0.0,0.2570697351500138,0.0,-4.430016496117535e-05,0.0,0.0,0.0029306685831622,0.0,-6.382227165571817e-06,0.0,0.0,-0.003678761884115787,0.0,0.0,0.0,0.0,-0.0003548468407695965,0.00014122046361619934,0.0,-3.335889711989013e-05,0.0,0.0,0.0,0.0,0.0,0.0,0.00019958225454724782,0.0008763355446973119
0.0,-2.127201642548594e-07,0.0,0.0,0.02575658826807432,0.0,0.0,0.28608311710038736,-0.28608311710038736,0.0,0.0,0.0,0.0,-0.13506951516482987,0.0,0.0,0.2576248385084436,0.0,-5.020197595316158e-05,0.0,0.0,0.0027449781981256846,0.0,-7.232488072548935e-06,0.0,0.0,-0.0035127177488863443,0.0,0.0,0.0,0.0,-0.00040212068246208186,0.0,0.0,-3.780307708796134e-05,0.0,0.0,0.0,0.0,0.0,-0.001408301925240206,0.00022617124681679462,0.0009930837950682878
0.0,-1.9833538487982908e-07,0.0,0.0,0.027954054949506427,0.0,0.0,0.2864333379804518,-0.2864333379804518,0.0,0.0,0.0,0.0,-0.13479891800895724,0.0,0.0,0.25596028915893626,0.0006565341498017855,-4.680716685828138e-05,0.0,0.0,0.0025593544895900038,0.0,-6.7434054055597004e-06,0.0,0.0,-0.003603444250229087,0.0,0.0,0.0,0.0,-0.0003749280685431523,0.0,0.0,-3.524671894715022e-05,0.0,0.0,0.0,0.0,0.0,0.0,0.0002108768646512318,0.0009259284722853477
0.0,-3.2196043686061095e-08,0.0,0.0,0.0,0.0,0.0,0.2819608447713922,-0.2819608447713922,0.0,0.0,0.0,0.0023198160036747837,-0.149817946181884,0.0044699427918336015,0.0,0.2769245075777458,0.0,-7.5982689115362305e-06,0.0,0.0,0.0005050705077015322,0.0,-1.0946658618771814e-06,0.0,0.0,-0.0017811789468711947,0.0,0.0,0.0,0.0,-6.086256610871403e-05,0.0,0.0,-5.721646209022869e-06,0.0,0.0,0.0,0.0,0.0,0.0,3.4231918579754854e-05,0.0001503071857900163
0.0,-3.213958882315642e-08,0.0,0.0,0.0,0.0,0.0,0.28194633192452895,-0.28194633192452895,0.0,0.0,0.0,0.002260375469382115,-0.14985979500948374,0.004535935274399379,0.0,0.27690036820682884,0.0,-7.584945559328849e-06,0.0,0.0,0.0005226424812655223,0.0,-1.0927463958781508e-06,0.0,0.0,-0.0017688268990691388,0.0,0.0,0.0,0.0,-6.075584529980975e-05,0.0,0.0,-5.711613462283267e-06,0.0,0.0,0.0,0.0,0.0,0.0,3.417189386711537e-05,0.0001500436263399763
0.0,-1.7906689017938379e-07,0.0,0.0,0.02518752857525008,0.0,0.0,0.28631030409131214,-0.28631030409131214,0.0,0.0,0.0,0.0,-0.13599539028476615,8.460007925387653e-05,0.0,0.2581965333813538,0.0,-4.225980055197091e-05,0.0,0.0,0.002911921627585486,0.0,-6.088276360388518e-06,0.0,0.0,-0.0035582013740495678,0.0,0.0,0.0,0.0,-0.0003385034058126511,0.0,0.0,-3.182246251578904e-05,0.0,0.0,0.0,0.0,0.0,0.0,0.00019038995178169662,0.0008359735312039485
0.0,-2.805927894849638e-08,0.0,0.0,0.0,0.0,0.0,0.28167292153657963,-0.28167292153657963,0.0,0.0,0.0,0.0,-0.15089718873594565,0.006591281614935941,0.0,0.2766097700956708,0.0,-6.621992099196535e-06,0.0,0.0,0.001114092445626091,0.0,-9.54015812418157e-07,0.0,0.0,-0.0012153626674221638,0.0,0.0,0.0,0.0,-5.304253331924332e-05,0.0,0.0,-4.986490532471408e-06,0.0,0.0,0.0,0.0,0.0,0.0,2.9833570911304387e-05,0.0001309947052864592
0.0,-1.0199604285796273e-07,0.0,0.0,0.0,0.0,0.0,0.2778556323243787,-0.2778556323243787,0.014346751884023862,0.0,0.0,0.0,-0.14919638605128957,4.818798886115289e-05,0.0,0.27618885228544754,0.0,-2.407107435634707e-05,0.0,0.0,0.0016586231146847286,0.0,-3.467866650072661e-06,0.0,0.0,-0.0020267424060431095,0.0,0.0,0.0,0.0,-0.0001928106745599167,0.0,0.0,-1.8125993294208786e-05,0.0,0.0,0.0,0.0,0.0,0.0,0.00010844562979899858,0.00047616838619011863
0.0,-4.9864926749163e-08,0.0,0.0,0.0,0.0,0.0,0.2794038507921026,-0.2794038507921026,0.0,0.0,0.0,0.0,-0.15376793671798397,0.010950912527751613,0.0,0.2723125776272338,0.0,-1.1768126742175823e-05,0.0,0.0,7.32903475145328e-05,0.0,-1.6954080926703171e-06,0.0,0.0,-0.0013972171167162184,0.0,0.0,0.0,0.0,-9.426336447950107e-05,0.0022879132704441145,0.0,-8.86163131966034e-06,0.0,0.0,0.0,0.0,0.0,0.0,5.301807045322782e-05,0.00023279434213641892
0.0,-9.97387792448773e-08,0.0,0.0,0.0,0.0,0.0,0.27804301464828635,-0.27804301464828635,0.013847249112316792,0.0,0.0,0.0002628365673064141,-0.14908984185152405,0.0,0.0,0.27628840508324837,0.0,-2.3538359961259002e-05,0.0,0.0,0.0015646368343247886,0.0,-3.39111966082777e-06,0.0,0.0,-0.0020560276003193326,0.0,0.0,0.0,0.0,-0.00018854360195882922,0.0,0.0,-1.7724848857938593e-05,0.0,0.0,0.0,0.0,0.0,0.0,0.00010604563106096614,0.00046563035410837053
0.0,-1.0824559883000663e-07,0.0,0.0,0.0,0.0,0.0,0.2772257219399312,-0.2772257219399312,0.015598803066721205,0.0,0.0,0.0,-0.14882679835513998,-0.0005705083185879762,0.0,0.2758919683002483,0.0,-2.5545970070749555e-05,0.0,0.0,0.0016980862645927302,0.0,-3.680351626214277e-06,0.0,0.0,-0.002088761157632022,0.0,0.0,0.0,0.0,-0.00020462467311227004,0.0,0.0,-1.923661882895429e-05,0.0,0.0,0.0,0.0,0.0,0.0,0.00011509036830415994,0.0005053444296740511
0.0,-1.0780142055590902e-07,0.0,0.0,0.0,0.0,0.0,0.27747699884716365,-0.27747699884716365,0.015156016280030687,0.0,0.0,0.0,-0.14928930281319247,0.0,0.0,0.2758646345339051,0.0,-2.5441143962170356e-05,0.0,0.0,0.001596423739658587,0.0,-3.6652495597000397e-06,0.0,0.0,-0.002080190071730819,0.0,0.0,0.0,0.0,-0.00020378501002090007,0.00018938909248196966,0.0,-1.915768270366815e-05,0.0,0.0,0.0,0.0,0.0,0.0,0.00011461810299535157,0.0005032707840106373
0.0,-1.0249190629338064e-07,0.0,0.0,0.0,0.0,0.0,0.2778312616668673,-0.2778312616668673,0.014445553334523546,0.0,0.0,0.0,-0.1491808578636237,0.0,0.0,0.27619027400024065,0.0,-2.4188098167174316e-05,0.0,0.0,0.0016618444423227654,0.0,-3.484726012676275e-06,0.0,0.0,-0.0020317533805276496,0.0,0.0,0.0,0.0,-0.00019374804193999893,0.0,0.0,-1.8214114529634995e-05,0.0,0.0,0.0,0.0,0.0,0.0,0.00010897284851299393,0.0004784833239582675
0.0,-1.9920368395562178e-07,0.0,0.0,0.027981434383746416,0.0,0.0,0.28651791584528946,-0.28651791584528946,0.0,0.0,0.0,0.0,-0.13461155025779573,0.0,0.0,0.2556320558470746,0.0,-4.701208551033202e-05,0.0,0.0,0.0028499613757888976,0.0,-6.772927584291905e-06,0.0,0.0,-0.003806421766338118,0.0,0.0,0.0,0.0,-0.00037656947860017267,0.0004750077617504055,0.0,-3.5401026729924726e-05,0.0,0.0,0.0,0.0,0.0,0.0,0.00021180006948829942,0.0009299821253297735
0.050537030980199786,-1.7707873799106694e-06,0.0,0.0,0.0768419502159608,0.0,0.0,0.15318043734357165,-0.15318043734357165,0.21883379635910147,0.0,0.0,0.0,0.0,-0.14588138295303546,0.0,0.17333089646866479,0.0,-0.0004179059647487398,0.0,0.0,0.0,0.0,-6.020679162733171e-05,0.0,0.0,-0.008901482528859367,0.0,0.0,0.0,0.0,-0.0033474505447061943,0.005020881024383321,0.0,-0.0003146914260039309,0.0,0.0,0.0,0.0,0.0,0.0,0.0018827608137891518,0.008266918454396338
0.02585857885277291,-1.0375668557831518e-06,0.0,0.0,0.1619883043215581,0.0,0.0,0.28240023810483794,-0.28240023810483794,0.0,0.0,0.0,0.0,0.0,-0.06295994067596329,0.0,0.16223180277244087,0.0,-0.0002448658618062032,0.0,0.0,0.0,0.0,-3.527728523156365e-05,0.0,0.0,-0.0070921190209883,0.0,0.0,0.0,0.0,-0.0019613894790325515,0.006694763646980127,0.0,-0.00018438881885259793,0.0,0.0,0.0,0.0,0.0,0.0,0.001103176044688937,0.004843879443152813
0.005344795234197803,-3.6091703256066425e-07,0.0,0.0,0.04539724872980409,0.0,0.0,0.28560438088141876,-0.28560438088141876,0.0,0.0,0.0,0.0,-0.12471163077946096,0.0,0.0,0.24015376342519765,0.0,-8.517644884849224e-05,0.0,0.0,0.0,0.0,-1.2271183328193246e-05,0.0,0.0,-0.004292037767700763,0.0,0.0,0.0,0.0,-0.0006822681994152715,0.005978866185261935,0.0,-6.413954432595527e-05,0.0,0.0,0.0,0.0,0.0,0.0,0.00038373915109365735,0.0016849406714950928
0.0,-6.699897834220212e-07,0.0,0.0,0.13337950936820686,0.0,0.0,0.29285202350198636,-0.29285202350198636,0.0,0.0,0.0,0.0,0.0,-0.06666363235183466,0.0,0.1985577550773847,0.0,-0.00015811764302663134,0.0,0.0,0.0,0.0,-2.2779660472261582e-05,0.0,0.0,-0.0050412935451608085,0.0,0.0,0.0,0.0,-0.0012665313130799305,0.0052463962464448744,0.0,-0.00011906570079789979,0.0,0.0,0.0,0.0,0.0,0.0,0.0007123557148513771,0.0031278463849837945
0.0,-2.804682613365898e-07,0.0,0.0,0.038393232351220295,0.0,0.0,0.28770559626779996,-0.28770559626779996,0.0,0.0,0.0,0.0,-0.12616038689547635,0.0,0.0,0.2482325323891598,0.0,-6.619053233888649e-05,0.0,0.0,0.0,0.0,-9.535924165680424e-06,0.0,0.0,-0.003854517584678199,0.0,0.0,0.0,0.0,-0.0005301899284098856,0.005684529615635647,0.0,-4.984277508986261e-05,0.0,0.0,0.0,0.0,0.0,0.0,0.00029820330658937995,0.001309365693374704
0.0,-6.147390151830002e-07,0.0,0.0,0.12932478472255313,0.0,0.0,0.2920078783823784,-0.2920078783823784,0.0,0.0,0.0,0.0,0.0,-0.07113567377758158,0.0,0.20263554038102385,0.0,-0.000145078457257642,0.0,0.0,0.0028540549722109376,0.0,-2.0901133705945606e-05,0.0,0.0,-0.005072741935926297,0.0,0.0,0.0,0.0,-0.0011620866935082251,0.0,0.0,-0.00010924693698570946,0.0,0.0,0.0,0.0,0.0,0.0,0.0006536112362356426,0.002869908249238904
0.02143648832416873,-9.068119236306659e-07,0.0,0.0,0.15211321576768874,0.0,0.0,0.28315026924692743,-0.28315026924692743,0.0,0.0,0.0,0.0,0.0,-0.06908881629411065,0.0,0.1734549451499728,0.0,-0.00021400768725246476,0.0,0.0,0.0035072291017698245,0.0,-3.083161600912558e-05,0.0,0.0,-0.006780051785558782,0.0,0.0,0.0,0.0,-0.001714213745896854,0.0,0.0,-0.00016115200537463608,0.0,0.0,0.0,0.0,0.0,0.0,0.0009641529946834763,0.004233450221735356
0.0,-3.4778160925186275e-08,0.0,0.0,0.0,0.0,0.0,0.28165981944482765,-0.28165981944482765,0.0,0.0,0.0,0.002505864853437044,-0.15010341288875295,0.004828431445074367,0.0,0.2767651459397425,0.0005455770766957361,-8.207648788619723e-06,0.0,0.0,0.0,0.0,-1.1824578782067726e-06,0.0,0.0,-0.001651240657750505,0.0,0.0,0.0,0.0,-6.574373358068963e-05,0.0,0.0,-6.180521263875942e-06,0.0,0.0,0.0,0.0,0.0,0.0,3.6977312639813935e-05,0.00016236179657937925
0.0,-2.7615877499503846e-07,0.0,0.0,0.03826341763373629,0.0,0.0,0.2860247580084547,-0.2860247580084547,0.0,0.0,0.0,0.0,-0.13132299662558308,0.0010988786147446917,0.0,0.24715821063486765,0.004587635832231138,-6.517349321404906e-05,0.0,0.0,0.0,0.0,-9.389401579665779e-06,0.0,0.0,-0.0032905170987999463,0.0,0.0,0.0,0.0,-0.0005220433871790815,0.0,0.0,-4.907692458880717e-05,0.0,0.0,0.0,0.0,0.0,0.0,0.0002936213154912496,0.0012892468622998311
0.0,-3.481431879074165e-08,0.0,0.0,0.0,0.0,0.0,0.2816327542066125,-0.2816327542066125,0.0,0.0,0.0,0.002448489077157795,-0.15015950272009762,0.00491342616503335,0.0,0.2767329918485856,0.0005661379819287665,-8.216182047812554e-06,0.0,0.0,0.0,0.0,-1.1836872460585421e-06,0.0,0.0,-0.0016329637214847425,0.0,0.0,0.0,0.0,-6.581208547212611e-05,0.0,0.0,-6.1869469761901175e-06,0.0,0.0,0.0,0.0,0.0,0.0,3.701575690090944e-05,0.00016253059952513234
0.0,-1.3488285705820714e-07,0.0,0.0,0.0,0.0,0.0,0.27532174898286615,-0.27532174898286615,0.018972607460047954,0.0,0.0,0.0,-0.15014365418192563,6.372535082103859e-05,0.0,0.275310962003133,0.002193416707381535,-3.1832365165048796e-05,0.0,0.0,0.0,0.0,-4.58601871751103e-06,0.0,0.0,-0.0015835211786334625,0.0,0.0,0.0,0.0,-0.0002549790553362768,0.0,0.0,-2.397039820403106e-05,0.0,0.0,0.0,0.0,0.0,0.0,0.00014341199886681313,0.0006297004331781761
0.0,-3.35545630791893e-08,0.0,0.0,0.0,0.0,0.0,0.28088143845988106,-0.28088143845988106,0.0,0.0,0.0,0.0,-0.15180565448637398,0.007882154603011296,0.0,0.27615897394452843,0.0013322824621197968,-7.91887959809068e-06,0.0,0.0,0.0,0.0,-1.1408555371322e-06,0.0,0.0,-0.0007872447722997529,0.0,0.0,0.0,0.0,-6.343067594172534e-05,0.0,0.0,-5.963072373410304e-06,0.0,0.0,0.0,0.0,0.0,0.0,3.5676342177512496e-05,0.00015664943171356325
0.0,-2.5563264101452335e-07,0.0,0.0,0.03494624961137365,0.0,0.0,0.2856985717211471,-0.2856985717211471,0.0,0.0,0.0,0.0005055044201566676,-0.13282440664357237,0.001131782377330936,0.0,0.2497208695735161,0.004157006442348374,-6.0329323936017616e-05,0.0,0.0,0.0,0.0,-8.691512784263414e-06,0.0,0.0,-0.003253872662485538,0.0,0.0,0.0,0.0,-0.00048324131576537297,0.0,0.0,-4.542916967144272e-05,0.0,0.0,0.0,0.0,0.0,0.0,0.00027179723815958857,0.0011934206339643365
0.0,-2.8169112932631076e-07,0.0,0.0,0.03628043757622714,0.0,0.0,0.28474205419356574,-0.28474205419356574,0.0033422049021967484,0.0,0.0,0.0,-0.1321597904912096,0.0001330848591956146,0.0,0.24843908894726005,0.00458076024530582,-6.647912928327541e-05,0.0,0.0,0.0,0.0,-9.577501691633076e-06,0.0,0.0,-0.0033070464167948115,0.0,0.0,0.0,0.0,-0.0005325016063474716,0.0,0.0,-5.006009427559075e-05,0.0,0.0,0.0,0.0,0.0,0.0,0.00029950350104389426,0.0013150746509074964
0.0,-2.609980243155662e-07,0.0,0.0,0.03464749556539064,0.0,0.0,0.284813474578727,-0.284813474578727,0.0,0.0,0.0,0.0,-0.13423590651605033,0.0032199940545405087,0.0,0.24808064913562522,0.003728142109685378,-6.15955548286176e-05,0.0,0.0,0.0,0.0,-8.87393587925009e-06,0.0,0.0,-0.0033221670476537755,0.0,0.0,0.0,0.0,-0.0004933838972279421,0.0010322285481233237,0.0,-4.638266648377489e-05,0.0,0.0,0.0,0.0,0.0,0.0,0.0002775018944863531,0.001218468918546384
0.0,-2.0250426996324126e-07,0.0,0.0,0.028484227772089456,0.0,0.0,0.2863883146551106,-0.2863883146551106,0.0,0.0,0.0,0.0,-0.13465209069634226,9.567305977658082e-05,0.0,0.2554852222393254,0.0008903821223096913,-4.779102407483658e-05,0.0,0.0,0.0024026697802148455,0.0,-6.885147547153204e-06,0.0,0.0,-0.0035787296698763546,0.0,0.0,0.0,0.0,-0.00038280882080150055,0.0,0.0,-3.598758281744258e-05,0.0,0.0,0.0,0.0,0.0,0.0,0.00021530936375376917,0.0009453909065794391
0.0,-2.6273205767687236e-07,0.0,0.0,0.03610569989536656,0.0,0.0,0.2856981353129315,-0.2856981353129315,0.0,0.0,0.0,0.0,-0.13254577800537928,0.0015410638256688823,0.0,0.24872126225705404,0.004414148230364322,-6.200478684200575e-05,0.0,0.0,0.0,0.0,-8.93289303381501e-06,0.0,0.0,-0.003155314225083532,0.0,0.0,0.0,0.0,-0.0004966618689289466,0.0,0.0,-4.6690826253490074e-05,0.0,0.0,0.0,0.0,0.0,0.0,0.0002793455771890359,0.0012265642509153353
0.0,-5.04080065356908e-08,0.0,0.0,0.0,0.0,0.0,0.2793351237353544,-0.2793351237353544,0.0,0.0,0.0,0.0,-0.15384972208714837,0.011070179107000238,0.0,0.2722407079447907,7.408855396699508e-05,-1.1896293615680357e-05,0.0,0.0,0.0,0.0,-1.71387281176389e-06,0.0,0.0,-0.0013753899557087705,0.0,0.0,0.0,0.0,-9.528998842535452e-05,0.0023128309737580526,0.0,-8.958143500848894e-06,0.0,0.0,0.0,0.0,0.0,0.0,5.3595491182805804e-05,0.00023532970937496496
0.0,-1.2953115375558885e-07,0.0,0.0,0.0,0.0,0.0,0.2757515751269512,-0.2757515751269512,0.017983478115926224,0.0,0.0,0.00034134690709187646,-0.14993557403425659,0.0,0.0,0.2755048567775019,0.0020320001497210155,-3.0569362753182424e-05,0.0,0.0,0.0,0.0,-4.404060742630785e-06,0.0,0.0,-0.0016541712390357002,0.0,0.0,0.0,0.0,-0.00024486233418799346,0.0,0.0,-2.301933250130629e-05,0.0,0.0,0.0,0.0,0.0,0.0,0.00013772188757535812,0.0006047160136500106
0.0,-1.442541226361192e-07,0.0,0.0,0.0,0.0,0.0,0.27440195216035274,-0.27440195216035274,0.02078783502410354,0.0,0.0,0.0,-0.14968115650904074,-0.0007602912067007966,0.0,0.2748874821377573,0.0022629644706752302,-3.40439845986883e-05,0.0,0.0,0.0,0.0,-4.90464185676234e-06,0.0,0.0,-0.0016521173885492237,0.0,0.0,0.0,0.0,-0.0002726942527785303,0.0,0.0,-2.5635791215993613e-05,0.0,0.0,0.0,0.0,0.0,0.0,0.0001533758442193783,0.0006734501736755353
0.0,-1.35623532780765e-07,0.0,0.0,0.0,0.0,0.0,0.2752829881711776,-0.2752829881711776,0.01911523599329886,0.0,0.0,0.0,-0.15012554081478566,0.0,0.0,0.27531058712708173,0.002199053782400475,-3.200716469542332e-05,0.0,0.0,0.0,0.0,-4.611201700740623e-06,0.0,0.0,-0.0015890129279114915,0.0,0.0,0.0,0.0,-0.0002563792095157425,0.0,0.0,-2.4102025694706983e-05,0.0,0.0,0.0,0.0,0.0,0.0,0.00014419951025410754,0.0006331582767730666
0.0,-1.4085691766169885e-07,0.0,0.0,0.0,0.0,0.0,0.27495117302045763,-0.27495117302045763,0.019803354410607824,0.0,0.0,0.0,-0.15021864660726691,0.0,0.0,0.27493034453738685,0.002085940297360442,-3.3242243950211355e-05,0.0,0.0,0.0,0.0,-4.789136847899796e-06,0.0,0.0,-0.001675075310679085,0.0,0.0,0.0,0.0,-0.00026627226458778784,0.0002474620804456033,0.0,-2.5032064709945254e-05,0.0,0.0,0.0,0.0,0.0,0.0,0.00014976382141256852,0.0006575903269118772
4.5807666355626375e-05,-2.9087335731902195e-07,0.0,0.0,0.038532774745006784,0.0,0.0,0.28536088980917496,-0.28536088980917496,0.0024272465535420764,0.0,0.0,0.0,-0.13091776861413157,0.0,0.0,0.24689646839695778,0.004707174514735425,-6.864613583153219e-05,0.0,0.0,0.0,0.0,-9.889697550776655e-06,0.0,0.0,-0.0034033936142714126,0.0,0.0,0.0,0.0,-0.0005498594520405938,0.0,0.0,-5.169189290579404e-05,0.0,0.0,0.0,0.0,0.0,0.0,0.0003092663552657414,0.0013579418696976191
0.0,-2.6225634483481497e-07,0.0,0.0,0.02269391822117555,0.0,0.0,0.28243014787277476,-0.28243014787277476,0.0,0.0,0.0,0.00366224986601716,-0.12509978625673837,-0.00960613157069787,0.0,0.2610686360796603,0.0002270038951328868,-6.189251857283987e-05,0.0,0.0,0.0,0.007774204751948802,-8.916718791621326e-06,0.0,0.0,-0.0028911500701979077,0.0,0.0,0.0,0.0,-0.0004957625937080281,0.0,0.0,-4.660628603463954e-05,0.0,0.0,0.0,0.0,0.0,0.0,0.0002788397832649302,0.0012243433861646525
0.0,-2.46564807224582e-07,0.0,0.0,0.03262528901023406,0.0,0.0,0.2858521362539821,-0.2858521362539821,0.0,0.0,0.0,0.0011852847171068093,-0.13285514900916412,0.0,0.0,0.2522216896342644,0.0036001852093455558,-5.818931442885824e-05,0.0,0.0,0.0,0.0005355249342006496,-8.383206329351917e-06,0.0,0.0,-0.0032826249978408243,0.0,0.0,0.0,0.0,-0.00046609971790681146,0.0,0.0,-4.381770034514381e-05,0.0,0.0,0.0,0.0,0.0,0.0,0.0002621560117089483,0.0011510874643529479
0.0,-2.3997496776606127e-07,0.0,0.0,0.032853662705729134,0.0,0.0,0.28603046257738096,-0.28603046257738096,0.0,0.0,0.0,0.001211518547876029,-0.1327356957926913,0.0,0.0,0.25225641917310304,0.003648745651308523,-5.663411178415036e-05,0.0,0.0,0.0,0.0,-8.15915171069028e-06,0.0,0.0,-0.003296238397469069,0.0,0.0,0.0,0.0,-0.0004536424562755114,0.0,0.0,-4.264660210948579e-05,0.0,0.0,0.0,0.0,0.0,0.0,0.00025514947233419273,0.0011203228078791128
0.0,-2.554503153167918e-07,0.0,0.0,0.032639604074648984,0.0,0.0,0.2839104838090364,-0.2839104838090364,0.0,0.0,0.0,0.0,-0.13610974404429516,0.004911996292306587,0.0,0.2479584421546069,0.002964279904795874,-6.028629505662e-05,0.0,0.0,0.0,0.0,-8.685313708408137e-06,0.0,0.0,-0.0034471569622647547,0.0,0.0,0.0,0.0,-0.0004828966519942678,0.0020861156398285455,0.0,-4.5396768077402e-05,0.0,0.0,0.0,0.0,0.0,0.0,0.00027160338333380305,0.0011925694466945447
0.0,-2.4505562316516523e-07,0.0,0.0,0.033312673245037776,0.0,0.0,0.2856992219009726,-0.2856992219009726,0.0,0.0,0.0,0.0010006140870854063,-0.13323951963379024,0.0007096627614093695,0.0,0.2512101277663252,0.003844272582495294,-5.7833146868885116e-05,0.0,0.0,0.0,0.0,-8.331894053680978e-06,0.0,0.0,-0.0033068864937133976,0.0,0.0,0.0,0.0,-0.0004632467954955328,0.0,0.0,-4.3549499154448493e-05,0.0,0.0,0.0,0.0,0.0,0.0,0.0002605513963609394,0.0011440418406414763
0.0,-2.90773134500282e-07,0.0,0.0,0.040900116301813644,0.0,0.0,0.2866821147279808,-0.2866821147279808,0.0,0.0,0.0,0.0,-0.12935063927767823,0.0001373756488370295,0.0,0.24575874444135978,0.004728448560334004,-6.862248323821097e-05,0.0,0.0,0.0,0.0,-9.886289973767332e-06,0.0,0.0,-0.0034136689176159202,0.0,0.0,0.0,0.0,-0.0005496699934229251,0.0,0.0,-5.1674082036965166e-05,0.0,0.0,0.0,0.0,0.0,0.0,0.00030915979498757825,0.001357473979605792
0.0,-2.7491047382248666e-07,0.0,0.0,0.03725496544224035,0.0,0.0,0.28541739283178913,-0.28541739283178913,0.0,0.0,0.0,0.0,-0.13248606353168774,0.0022507475380004792,0.0,0.24672653119065927,0.004117017954830668,-6.48788940364569e-05,0.0,0.0,0.0,0.0,-9.346959325199421e-06,0.0,0.0,-0.00340418055003372,0.0,0.0,0.0,0.0,-0.0005196836310121797,0.0007069553989109844,0.0,-4.885508560320714e-05,0.0,0.0,0.0,0.0,0.0,0.0,0.00029229407961970966,0.0012834191699878756
0.0,-2.710147025766796e-07,0.0,0.0,0.03742396040045872,0.0,0.0,0.28601897477029714,-0.28601897477029714,0.0,0.0,0.0,0.00034846854779086003,-0.1315378457952325,0.0008249778813125965,0.0,0.247876403429501,0.0044071440177249465,-6.395949170764567e-05,0.0,0.0,0.0,0.0,-9.214503057278714e-06,0.0,0.0,-0.003355939722691069,0.0,0.0,0.0,0.0,-0.0005123191660703269,0.0,0.0,-4.8162757533425e-05,0.0,0.0,0.0,0.0,0.0,0.0,0.00028815196435262315,0.0012652317672700556
0.0,-2.8947441178167967e-07,0.0,0.0,0.03848421474081468,0.0,0.0,0.2854016643313028,-0.2854016643313028,0.002233223369886397,0.0,0.0,0.0,-0.1310061249064753,0.0001367620678181572,0.0,0.2468942994683654,0.004707329196677517,-6.831598457167655e-05,0.0,0.0,0.0,0.0,-9.842133386145552e-06,0.0,0.0,-0.003398421947208171,0.0,0.0,0.0,0.0,-0.0005472149216728503,0.0,0.0,-5.144328250172041e-05,0.0,0.0,0.0,0.0,0.0,0.0,0.00030777894922918715,0.0013514108943752552
0.0,-2.8914216275002815e-07,0.0,0.0,0.03509122295871696,0.0,0.0,0.2836725768073712,-0.2836725768073712,0.005559849200484766,0.0,0.0,0.0,-0.13290321243325154,0.0,0.0,0.24853859845728368,0.004281886178957871,-6.823757377335915e-05,0.0,0.0,0.0,0.0,-9.830836915183557e-06,0.0,0.0,-0.0034384885466695403,0.0,0.0,0.0,0.0,-0.000546586846718964,0.0005079744916079418,0.0,-5.138423762555684e-05,0.0,0.0,0.0,0.0,0.0,0.0,0.00030742569086270586,0.001349859790226685
0.0,-2.620731162879021e-07,0.0,0.0,0.03410812989499176,0.0,0.0,0.28504765226237605,-0.28504765226237605,0.002276832447187064,0.0,0.0,0.0006906280464821787,-0.1328155856105151,0.0,0.0,0.25044035097262013,0.0041112319013208295,-6.18492766209625e-05,0.0,0.0,0.0,0.0,-8.910489018883324e-06,0.0,0.0,-0.003346791863723374,0.0,0.0,0.0,0.0,-0.0004954162232142424,0.0,0.0,-4.6573723992823114e-05,0.0,0.0,0.0,0.0,0.0,0.0,0.00027864496849947114,0.001223487983944696
0.0,-2.9904132917650405e-07,0.0,0.0,0.03576725196520848,0.0,0.0,0.28270204931861753,-0.28270204931861753,0.007326295052443973,0.0,0.0,0.0,-0.13145540586207832,-0.0015760970214107907,0.0,0.24794130952196844,0.0046911650830038995,-7.057377784991714e-05,0.0,0.0,0.0,0.0,-1.0167408689460139e-05,0.0,0.0,-0.0034248683559194937,0.0,0.0,0.0,0.0,-0.0005652999742363487,0.0,0.0,-5.3143445328491276e-05,0.0,0.0,0.0,0.0,0.0,0.0,0.0003179508181865104,0.0013960740351115241
0.0,-2.911587756257e-07,0.0,0.0,0.03851556173661278,0.0,0.0,0.28532910124776695,-0.28532910124776695,0.0025213335093024684,0.0,0.0,0.0,-0.13094994065426743,0.0,0.0,0.2468727893923868,0.004720963933698639,-6.871349457497164e-05,0.0,0.0,0.0,0.0,-9.899401776541837e-06,0.0,0.0,-0.003411318441999287,0.0,0.0,0.0,0.0,-0.0005503989994063575,0.0,0.0,-5.1742615366861424e-05,0.0,0.0,0.0,0.0,0.0,0.0,0.0003095698216273429,0.0013592743446708812
0.0,-2.831115848521431e-07,0.0,0.0,0.03624937576523981,0.0,0.0,0.28465307644911153,-0.28465307644911153,0.003653321398928874,0.0,0.0,0.0,-0.13213737621723695,0.0,0.0,0.2484613129874749,0.0045904835889866765,-6.681435690215285e-05,0.0,0.0,0.0,0.0,-9.625797196124416e-06,0.0,0.0,-0.003317034729502119,0.0,0.0,0.0,0.0,-0.0005351867986396814,0.0,0.0,-5.031252727803394e-05,0.0,0.0,0.0,0.0,0.0,0.0,0.0003010137772250484,0.0013217060455816246
0.04544854771993642,-1.6513452440480045e-06,0.0,0.0,0.06116578975170011,0.0,0.0,0.15221262910919897,-0.15221262910919897,0.2222509482271724,0.0,0.0,0.0,-0.010099279266524324,-0.14504905658975942,0.0,0.18750202634011612,0.0031809519166674104,-0.0003897176110335382,0.0,0.0,0.0,0.0,-5.614575761105716e-05,0.0,0.0,-0.007550433070331866,0.0,0.0,0.0,0.0,-0.0031216602283247216,0.0,0.0,-0.0002934650402243612,0.0,0.0,0.0,0.0,0.0,0.0,0.001755765910014284,0.00770930300694189
0.045236120976732866,-1.7072427581140818e-06,0.0,0.0,0.07753480563868181,0.0,0.0,0.1573649784482199,-0.1573649784482199,0.21372465354998005,0.0,0.0,0.0,-0.001832811959646392,-0.144706384151207,0.0,0.1760486459460269,0.004164048985033146,-0.0004029094288699736,0.0,0.0,0.0,0.0,-5.804627374305712e-05,0.0,0.0,-0.008243724267172289,0.0,0.0,0.0,0.0,-0.003227327439437132,0.0,0.0,-0.0003033987389908478,0.0,0.0,0.0,0.0,0.0,0.0,0.001815198030587194,0.00797026047469335
0.05075798006659334,-1.6178000088316178e-06,0.0,0.0,0.055537322853079676,0.0,0.0,0.14912059946562417,-0.14912059946562417,0.22119876212579045,0.0,0.0,0.003578013604143132,-0.00296893606124894,-0.153644526293339,0.0,0.19338839465506255,0.0,-0.0003818009328118227,0.0,0.0,0.0,0.0,-5.500521922136935e-05,0.0,0.0,-0.007627894038510898,0.0,0.0,0.0,0.0,-0.0030582471855329575,0.0,0.0,-0.00028750362553073804,0.0,0.0,0.0,0.0,0.0,0.0,0.001720099485534831,0.007552697122343027
0.0006726723256108077,-3.871372547225712e-07,0.0,0.0,0.017981995417417903,0.0,0.0,0.2826044970836552,-0.2826044970836552,0.0,0.0,0.0,0.0020292117421364607,-0.13388467975728224,0.0,0.0,0.2632124479329405,0.0,-9.13644233974473e-05,0.0,0.0,0.0,0.0,-1.3162671188358544e-05,0.0,0.0,-0.002411843331205402,0.0,0.0,0.0,0.0,-0.0007318342274737167,0.0,0.0,-6.879921109107907e-05,0.0,0.0,0.0,0.0,0.0,-0.011473640538137705,0.00041161737485746953,0.0018073497426957107
0.004364318183038051,-2.437721638741008e-07,0.0,0.0,0.028399469207282417,0.0,0.0,0.2841314269863073,-0.2841314269863073,0.0,0.0,0.0,0.0022629394861477196,-0.13361847421396475,0.0,0.0,0.2541872849158379,0.0,-5.753025037248302e-05,0.0,0.0,0.0,0.0,-8.288256422774e-06,0.0,0.0,-0.0036532601212396956,0.0,0.0,0.0,0.0,-0.00046082057733307986,0.003283958839563801,0.0,-4.332141212429165e-05,0.0,0.0,0.0,0.0,0.0,0.0,0.00025918677919304907,0.0011380500127014658
0.0004228270174167152,-2.4334595688413724e-07,0.0,0.0,0.032939320184437654,0.0,0.0,0.2858201347151242,-0.2858201347151242,0.0,0.0,0.0,0.0012755178353077632,-0.1328384884721961,0.0,0.0,0.2519944857911984,0.003606038945668746,-5.7429665488411626e-05,0.0,0.0,0.0,0.0,-8.273765380130502e-06,0.0,0.0,-0.003319051102772428,0.0,0.0,0.0,0.0,-0.00046001488669122355,0.0,0.0,-4.324566972463029e-05,0.0,0.0,0.0,0.0,0.0,0.0,0.00025873362155912294,0.0011360602659533832
0.006679475739214656,-2.1289373406338754e-07,0.0,0.0,0.026714118823249384,0.0,0.0,0.28160051471841163,-0.28160051471841163,0.0,0.0,0.0,0.005322274098304961,-0.12410208069889754,-0.010515935229981269,0.0,0.25831735609750806,0.0,-5.024293844199966e-05,0.0,0.0,0.0,0.0,-7.23838944806889e-06,0.0,0.0,-0.0034295030398526338,0.0,0.0,0.0,0.0,-0.00040244879432728577,0.0,0.0,-3.783392264919394e-05,0.0,0.0,0.0,0.0,0.0,0.0,0.00022635579208612572,0.0009938941054813424
0.002313149931812705,-7.372661353359117e-08,0.0,0.0,0.0056095461286402165,0.0,0.0,0.2832491595382069,-0.2832491595382069,0.0,0.0,0.0,0.0036640129185571617,-0.1440358045210187,0.0,0.0,0.27518603619154436,0.0,-1.739948675146263e-05,0.0,0.0,0.0,0.0,-2.506705722416919e-06,0.0,0.0,-0.002098097064048744,0.0,0.0,0.0,0.0,-0.00013937087841952707,0.0,0.0,-1.3102156368709233e-05,0.0,0.0,0.0,0.0,0.0,0.0,7.838861992647862e-05,0.0003441925941621171
0.0008538327849759775,-4.674897826802081e-07,0.0,0.0,0.021218849878514277,0.0,0.0,0.28238368037962913,-0.28238368037962913,0.0,0.0,0.0,0.0011703164988557,-0.1310992677730386,0.0,0.0,0.2604944765372068,0.0,-0.00011032762648839677,0.0,0.0,0.0,0.0,-1.5894658078686868e-05,0.0,0.0,-0.002272400251131514,0.0,0.0,0.0,0.0,-0.0008837305627039125,0.0,0.0,-8.307887667537133e-05,0.0,0.0,0.0,0.0,0.0,-0.014350470003753238,0.0004970508902776933,0.0021824754092587373
0.005002022598021218,-2.6935802126329325e-07,0.0,0.0,0.03176946650185346,0.0,0.0,0.2842247889371187,-0.2842247889371187,0.0,0.0,0.0,0.0018018277715486665,-0.13197511888255328,0.0,0.0,0.25131740129071245,0.0,-6.35685147838171e-05,0.0,0.0,0.0,0.0,-9.158175873247744e-06,0.0,0.0,-0.0037522604705142962,0.0,0.0,0.0,0.0,-0.0005091874186748945,0.0037583847212154897,0.0,-4.7868344205852084e-05,0.0,0.0,0.0,0.0,0.0,0.0,0.00028639052495387505,0.001257497552830726
0.0004909767834206138,-2.688191807823215e-07,0.0,0.0,0.03695712559359726,0.0,0.0,0.2861567855296055,-0.2861567855296055,0.0,0.0,0.0,0.000672963418953762,-0.13108596330546904,0.0,0.0,0.24881418840253686,0.004125952837015388,-6.344134838676637e-05,0.0,0.0,0.0,0.0,-9.13985529059266e-06,0.0,0.0,-0.0033696675945511815,0.0,0.0,0.0,0.0,-0.0005081688086023349,0.0,0.0,-4.777258540314694e-05,0.0,0.0,0.0,0.0,0.0,0.0,0.00028581761159681915,0.0012549819767843542
0.007513243947038638,-2.3101123601854072e-07,0.0,0.0,0.029395534935356314,0.0,0.0,0.2813670034500457,-0.2813670034500457,0.0,0.0,0.0,0.005305861706870722,-0.12151359130846841,-0.011818867263108275,0.0,0.25636775834542624,0.0,-5.4518670367414346e-05,0.0,0.0,0.0,0.0,-7.854384726438622e-06,0.0,0.0,-0.0034866856748591015,0.0,0.0,0.0,0.0,-0.00043669765021847276,0.0,0.0,-4.1053633039372896e-05,0.0,0.0,0.0,0.0,0.0,0.0,0.00024561893068305397,0.0010784756385099849
0.0026990073501589103,-2.7164416862741556e-07,0.0,0.0,0.026384958202251993,0.0,0.0,0.2817710679341637,-0.2817710679341637,0.0,0.0,0.0,0.004193867139730242,-0.12141167410446699,-0.011852455570675189,0.0,0.2585104189559419,0.0,-6.410804574648385e-05,0.0,0.0,0.0,0.0061357529881844175,-9.235904910365702e-06,0.0,0.0,-0.003077338848881826,0.0,0.0,0.0,0.0,-0.0005135090923699578,0.0,0.0,-4.827462165182478e-05,0.0,0.0,0.0,0.0,0.0,0.0,0.000288821233869326,0.0012681704286645746
0.0012655873056569933,-2.6653609737519846e-07,0.0,0.0,0.023676540755686627,0.0,0.0,0.28200323638529795,-0.28200323638529795,0.0,0.0,0.0,0.0038384710804463987,-0.12341488400696168,-0.010799978450809166,0.0,0.2605626541851686,0.0,-6.290254051819904e-05,0.0,0.0,0.0,0.007403041782630247,-9.062230428048513e-06,0.0,0.0,-0.0028812050101939316,0.0,0.0,0.0,0.0,-0.0005038529269321317,0.0,0.0,-4.736685246127918e-05,0.0,0.0,0.0,0.0,0.0,0.0,0.0002833901603836982,0.0012443234050295547
0.0011461833113431557,-3.653209542185911e-08,0.0,0.0,0.0,0.0,0.0,0.28211030622774763,-0.28211030622774763,0.0,0.0,0.0,0.0032053324500302214,-0.14850397157847225,0.0027795725942496414,0.0,0.27811496753822157,0.0,-8.621577471562521e-06,0.0,0.0,0.0,0.0,-1.2420916716069134e-06,0.0,0.0,-0.0017345161350872018,0.0,0.0,0.0,0.0,-6.905932587193502e-05,0.0,0.0,-6.492217718310411e-06,0.0,0.0,0.0,0.0,0.0,0.0,3.8842154900241144e-05,0.00017055003737149422
0.0019799511179542,-6.310662740932549e-08,0.0,0.0,0.0,0.0,0.0,0.28086052623795016,-0.28086052623795016,0.004801516311531573,0.0,0.0,0.003136228384733723,-0.14729567813310923,0.0,0.0,0.278760375750946,0.0,-1.489316916797987e-05,0.0,0.0,0.0,0.0,-2.1456260699850877e-06,0.0,0.0,-0.0017958756457625478,0.0,0.0,0.0,0.0,-0.00011929513203701179,0.0,0.0,-1.1214849843091393e-05,0.0,0.0,0.0,0.0,0.0,0.0,6.709709281001554e-05,0.0002946132035067839
0.0,-1.524241575208649e-07,0.0,0.0,0.0,0.0,0.0,0.27452796184294487,-0.27452796184294487,0.02110715300714693,0.0,0.0,0.0,-0.1496024253743567,0.0,0.0,0.2741829602362461,0.0,-3.5972113491674155e-05,0.0,0.0009673880348393606,0.0,0.0,-5.1824231383969124e-06,0.0,0.0,-0.001973864664167468,0.0,0.0,0.0,0.0,-0.0002881386748675278,0.0018800971804839202,0.0,-2.7087710264858853e-05,0.0,0.0,0.0,0.0,0.0,0.0,0.00016206250062025319,0.0007115919703293905
0.0,-7.69757812697445e-08,0.0,0.0,0.0,0.0,0.0,0.2797937993386956,-0.2797937993386956,0.009076883656261166,0.0,0.0,0.002215426700930223,-0.1478686345632796,0.0,0.0,0.2780371223036727,0.0,-1.8166290599746285e-05,0.0,0.000805030524986808,0.0,0.0,-2.6171774634470028e-06,0.0,0.0,-0.001788045960169098,0.0,0.0,0.0,0.0,-0.00014551302085380222,0.0,0.0,-1.3679574775806552e-05,0.0,0.0,0.0,0.0,0.0,0.0,8.18432445530479e-05,0.00035936132928196535
0.0,-2.280173298093326e-07,0.0,0.0,0.0,0.0,0.0,0.26442663060386273,-0.26442663060386273,0.04001256089842455,0.0,0.0,0.0,-0.13942083555667223,-0.013125054982273,0.0,0.27234806439183257,0.0,-5.381210826011635e-05,0.0,0.002384657975464371,0.0,0.0,-7.752591880310103e-06,0.0,0.0,-0.0020152783445394023,0.0,0.0,0.0,0.0,-0.00043103804755554963,0.0,0.0,-4.052157785025964e-05,0.0,0.0,0.0,0.0,0.0,0.0,0.0002424357087136601,0.0010644985914785771
0.0,-7.808732213614844e-08,0.0,0.0,0.0,0.0,0.0,0.27970830670131147,-0.27970830670131147,0.009327542164528095,0.0,0.0,0.0020979339419871902,-0.1478812076625835,0.0,0.0,0.2780458500684604,0.0,-1.8428614334036523e-05,0.0,0.0008465520414957745,0.0,0.0,-2.654969865904842e-06,0.0,0.0,-0.0017540720596481933,0.0,0.0,0.0,0.0,-0.00014761424888429272,0.0,0.0,-1.3877109716634936e-05,0.0,0.0,0.0,0.0,0.0,0.0,8.302507225858316e-05,0.0003645505562922426
0.0,-2.0950792350025288e-07,0.0,0.0,0.0,0.0,0.0,0.2663838449655422,-0.2663838449655422,0.03628324650401381,0.0,0.0,0.0,-0.14065660439532718,-0.011257494092577309,0.0,0.2731809756146072,0.0,-4.944388687550688e-05,0.0,0.002271295205122367,0.0,0.0,-7.123271849323324e-06,0.0,0.0,-0.0018917936859958115,0.0,0.0,0.0,0.0,-0.0003960483458361694,0.0,0.0,-3.723222107486615e-05,0.0,0.0,0.0,0.0,0.0,0.0,0.0002227558842013604,0.0009780874535111437
0.0,-1.3532005929356357e-07,0.0,0.0,0.0,0.0,0.0,0.27530632941717326,-0.27530632941717326,0.019072463421263428,0.0,0.0,0.0,-0.1501092769258473,0.0,0.0,0.2753338666171917,0.0021813467614784474,-3.1935544927921375e-05,0.0,1.2786381367774245e-05,0.0,0.0,-4.6008835986264786e-06,0.0,0.0,-0.0015854573259849365,0.0,0.0,0.0,0.0,-0.00025580553110490605,0.0,0.0,-2.4048094598560008e-05,0.0,0.0,0.0,0.0,0.0,0.0,0.00014387684701615538,0.0006317415112142945
0.0,-9.090292154488834e-08,0.0,0.0,0.0,0.0,0.0,0.2787226124940831,-0.2787226124940831,0.012812162920278343,0.0,0.0,0.0,-0.14772885350907433,0.0,0.0,0.27874111094838405,0.0,-2.14530968300734e-05,0.0,0.0014739360445482472,0.0,0.0,-3.090700395687747e-06,0.0,0.0,-0.0010650505451236692,0.0,0.0,0.0,0.0,-0.00017184052568534316,0.0,0.0,-1.6154604631487413e-05,0.0,0.0,0.0,0.0,0.0,0.0,9.665104940622474e-05,0.0004243801645547587
0.0,-3.5361257476965487e-07,0.0,0.0,0.0,0.0,0.0,0.27480295157980683,-0.27480295157980683,0.015638132586471776,0.0,0.0,0.0,-0.14430034589146576,0.0,0.0,0.27487491060976377,0.0,-8.345259621957176e-05,0.0,3.3412823354123756e-05,0.0,0.0,-1.2022831677869125e-05,0.0,0.0,-0.0012929481833396327,0.0,0.0,0.0,0.0,-0.0006684600418189985,0.0,0.0,-6.284144932905383e-05,0.0,0.0,0.0,0.0,0.0,-0.011400403588627912,0.00037597280542680313,0.0016508398203161666
0.0,-1.0246412164546156e-07,0.0,0.0,0.0,0.0,0.0,0.2778333986848584,-0.2778333986848584,0.014441637272973797,0.0,0.0,0.0,-0.1491743026472518,0.0,0.0,0.27620253770195097,0.0,-2.4181540988020255e-05,0.0,9.681826498691165e-06,0.0016517121045164396,0.0,-3.4837813343220693e-06,0.0,0.0,-0.002026361676934189,0.0,0.0,0.0,0.0,-0.00019369551856205627,0.0,0.0,-1.8209176844527305e-05,0.0,0.0,0.0,0.0,0.0,0.0,0.00010894330693904753,0.00047835361136756523
0.0,-1.4698468650289557e-07,0.0,0.0,0.0,0.0,0.0,0.27489270748397876,-0.27489270748397876,0.020378032356945783,0.0,0.0,0.0,-0.14945301382514034,0.0,0.0,0.27458413561746914,0.0,-3.468839789189281e-05,0.0,0.0010293369138091864,0.0,0.0,-4.997481060168239e-06,0.0,0.0,-0.0018913655843183087,0.0,0.0,0.0,0.0,-0.00027785603990604905,0.001692413904612686,0.0,-2.612104712349506e-05,0.0,0.0,0.0,0.0,0.0,0.0,0.00015627907173626656,0.0006861978073424864
0.018120169650972896,-1.4586782207711554e-06,0.0,0.0,0.03717047897484364,0.0,0.0,0.1600148602318528,-0.1600148602318528,0.21463066033964834,0.0,0.0,0.0,0.005264592408726582,-0.15568124728328833,0.0,0.21720104732704337,0.0,-0.0003442481779715964,0.0,0.0,0.0,0.01486476295407558,-4.959507656629351e-05,0.0,0.0,-0.005264592408726582,0.0,0.0,0.0,0.0,-0.002757447483569592,0.0,0.0,-0.0002592256611849743,0.0,0.0,0.0,0.0,0.0,0.0,0.0015509158384301093,0.006809837273025634
0.0,-1.1308260599411557e-06,0.0,0.0,0.028816051193954452,0.0,0.0,0.18023989828032655,-0.18023989828032655,0.19448529500099382,0.0,0.0,0.0,0.0040813239040540855,-0.14878533763333973,0.0,0.23862041666687422,0.0,-0.0002668750415233731,0.0,0.0,0.0,0.01152376246107927,-3.8448099263655396e-05,0.0,0.0,-0.0040813239040540855,0.0,0.0,0.0,0.0,-0.0021376842602689777,0.0,0.0,-0.00020096216485529785,0.0,0.0,0.0,0.0,0.0,0.0,0.001202332373170739,0.005279259909855151
0.022496187329025644,-1.3849104128554653e-06,0.0,0.0,0.04705156118204163,0.0,0.0,0.15780306784057826,-0.15780306784057826,0.2231818393263875,0.0,0.0,0.0,0.006468460098144219,-0.15604078413204017,0.0,0.20856899666246057,0.0,-0.0003268389693426297,0.0,0.0,0.0,0.0,-4.7086970234403435e-05,0.0,0.0,-0.006468460098144219,0.0,0.0,0.0,0.0,-0.0026179987323583565,0.0,0.0,-0.00024611618405094164,0.0,0.0,0.0,0.0029402139420046467,0.0,0.0,0.0014724834192484271,0.006465452362947189
0.0,-1.0183621586271784e-06,0.0,0.0,0.034598288067838594,0.0,0.0,0.1822050971809171,-0.1822050971809171,0.19719576725418234,0.0,0.0,0.0,0.004756434010022413,-0.14782512979955745,0.0,0.23607671664199484,0.0,-0.00024033355172554334,0.0,0.0,0.0,0.0,-3.462432530365067e-05,0.0,0.0,-0.004756434010022413,0.0,0.0,0.0,0.0,-0.0019250854175257863,0.0,0.0,-0.00018097590005582416,0.0,0.0,0.0,0.0021620189934394435,0.0,0.0,0.001082756963518515,0.00475422234082028
0.0,-1.0957505890931092e-06,0.0,0.0,0.02792224745223492,0.0,0.0,0.18209351112141528,-0.18209351112141528,0.19589705032296892,0.0,0.0,0.0,0.0039547311744652985,-0.14665178395041809,0.0,0.24238531578581618,0.0,-0.000258597227568934,0.0,0.0,0.0,0.0,-3.7255532844594174e-05,0.0,0.0,-0.0039547311744652985,0.0,0.0,0.0,0.0,-0.0020713784997196554,0.0,0.0,-0.00019472880783900386,0.0,0.0,0.0,0.0,0.0,-0.006203513005328426,0.0011650389506022787,0.005115510122308674
0.0,-9.641640906319749e-07,0.0,0.0,0.014743738609937702,0.0,0.0,0.1733267745343088,-0.1733267745343088,0.21494882013799718,0.0,0.0,0.0,0.0034798154109851485,-0.15633339191852003,0.0,0.2525792753895586,0.0,-0.00022754280329915916,0.0,0.0,0.0,0.0,-3.278159035793641e-05,0.0,0.0,-0.0034798154109851485,0.0,0.0,0.0,0.0,-0.0018226307951974298,0.0,0.0,-0.0001713442144579016,0.0,0.0,0.0,0.0,0.0,0.0,0.0010251317512755878,0.004501198734719824
0.026429136653444082,-1.5591064620088476e-06,0.0,0.0,0.03972962174961728,0.0,0.0,0.15337815313377212,-0.15337815313377212,0.2258770156239585,0.0,0.0,0.0,0.00562705326466656,-0.15580759125948127,0.0,0.2127361866576603,0.0,-0.0003679492510188722,0.0,0.0,0.0,0.0,-5.3009637942940634e-05,0.0,0.0,-0.00562705326466656,0.0,0.0,0.0,0.0,-0.0029472944266012036,0.0,0.0,-0.0002770730362028325,0.0,0.0,0.0,0.0,0.0,-0.008826768892516308,0.001657694528715122,0.007278686379501832
0.014816510831272509,-1.1927328537035374e-06,0.0,0.0,0.018238950814859184,0.0,0.0,0.15515029972501262,-0.15515029972501262,0.2362724628233543,0.0,0.0,0.0,0.004304754974628196,-0.16376141657038018,0.0,0.23837421834622577,0.0,-0.0002814850498537208,0.0,0.0,0.0,0.0,-4.055293097561166e-05,0.0,0.0,-0.004304754974628196,0.0,0.0,0.0,0.0,-0.0022547112578926863,0.0,0.0,-0.00021196378900816367,0.0,0.0,0.0,0.0,0.0,0.0,0.0012681537624156857,0.005568271691626806
0.02381103737599422,-1.5552966557861145e-06,0.0,0.0,0.03963253911680368,0.0,0.0,0.15938715458233968,-0.15938715458233968,0.21537521892089823,0.0,0.0,0.0,0.0,-0.15364383559632053,0.0,0.21362521809688212,0.0,-0.00036705013644245293,0.0,0.0,0.0,0.016972020526852656,-5.288010448680985e-05,0.0,0.0,-0.005613303092330185,0.0,0.0,0.0,0.0,-0.0029400924677098115,0.0,0.0,-0.00027639598521035755,0.0,0.0,0.0,0.0,0.0,0.0,0.0016536438143573916,0.007260900304376328
0.0,-1.1262295523477068e-06,0.0,0.0,0.028698921599211016,0.0,0.0,0.18438495225201743,-0.18438495225201743,0.19044297640578642,0.0,0.0,0.0,0.0,-0.14574172410848527,0.0,0.24090227557427518,0.0,-0.0002657902653598949,0.0,0.0,0.0,0.012289868308584586,-3.829181795171935e-05,0.0,0.0,-0.004064734406357786,0.0,0.0,0.0,0.0,-0.002128995141506333,0.0,0.0,-0.00020014530702943436,0.0,0.0,0.0,0.0,0.0,0.0,0.001197445211405634,0.005257801120459457
0.0,-1.0890509609815922e-06,0.0,0.0,0.027751525505261058,0.0,0.0,0.18622089158580507,-0.18622089158580507,0.19207893092828088,0.0,0.0,0.0,0.0,-0.14357148741807155,0.0,0.24483387692484168,0.0,-0.00025701611479324744,0.0,0.0,0.0,0.0,-3.7027745410446614e-05,0.0,0.0,-0.003930551193716332,0.0,0.0,0.0,0.0,-0.0020587136964656597,0.0,0.0,-0.00019353819876417769,0.0,0.0,0.0,0.0,0.0,-0.006602311453932841,0.0011579156802320318,0.005084232917658905
0.0,-9.509278767115105e-07,0.0,0.0,0.013854925198840781,0.0,0.0,0.17643858437192572,-0.17643858437192572,0.2126843737740555,0.0,0.0,0.0,0.0,-0.15418721966583948,0.0,0.25528950175939163,0.0,-0.00022441905574436722,0.0,0.0,0.0,0.0,-3.2331558929835546e-05,0.0,0.0,-0.003432043894050373,0.0,0.0,0.0,0.0,-0.0017976093996303678,0.0,0.0,-0.00016899197099785721,0.0,0.0,0.0,0.0,0.0,0.0,0.0010110585626053378,0.004439405488186213
0.0,-6.717263335490857e-07,0.0,0.0,0.0,0.0,0.0,0.20293041454141872,-0.20293041454141872,0.16002518848231154,0.0,0.0,0.0,-0.04893493151972029,-0.10891637345245593,0.0,0.2684169327770921,0.0,-0.0001585274689969418,0.0,0.0,0.0,0.0,-2.2838703196891725e-05,0.0,0.0,-0.0024243628964821977,0.0,0.0,0.0,0.0,-0.0012698140424096623,0.0,0.0,-0.00011937430782888101,0.0,0.0,0.0,0.0,0.0,0.0,0.0007142020734642235,0.003135953466870237
0.03384316766766468,-1.678761909319694e-06,0.0,0.0,0.04277871799658942,0.0,0.0,0.15168509862971286,-0.15168509862971286,0.22840154703025703,0.0,0.0,0.0,0.0,-0.15362777481851508,0.0,0.20819330174638703,0.0,-0.00039618794625308147,0.0,0.0,0.0,0.0,-5.707792455094816e-05,0.0,0.0,-0.0060589080429208336,0.0,0.0,0.0,0.0,-0.003173487981412941,0.0,0.0,-0.00029833733013815973,0.0,0.0,0.0,0.0,0.0,-0.010177401590406315,0.0017849162324098022,0.00783729767115955
0.01897928512507722,-1.239694777599383e-06,0.0,0.0,0.018062230410607442,0.0,0.0,0.1541002950693732,-0.1541002950693732,0.23931136146800178,0.0,0.0,0.0,0.0,-0.16305046069057913,0.0,0.23791647202729194,0.0,-0.00029256806768793435,0.0,0.0,0.0,0.0,-4.214963693731691e-05,0.0,0.0,-0.00447424772808177,0.0,0.0,0.0,0.0,-0.0023434868610560256,0.0,0.0,-0.00022030951982053101,0.0,0.0,0.0,0.0,0.0,0.0,0.0013180852624107367,0.0057875133689241146
0.04682110603893722,-1.4923207279706587e-06,0.0,0.0,0.015749413627457486,0.0,0.0,0.13755455577644454,-0.13755455577644454,0.24612355040487233,0.0,0.0,0.0,-0.02996775958558159,-0.14832859299644505,0.0,0.22047020165812514,0.0,-0.00035218781238918756,0.0,0.0,0.0,0.0,-5.0738922204544935e-05,0.0,0.0,-0.005386013353723896,0.0,0.0,0.0,0.0,-0.0028210444067958804,0.0,0.0,-0.0002652043623464279,0.0,0.0,0.0,0.0,0.0,0.0,0.0015866856857598545,0.006966897271744264
0.03179739585231427,-1.0134727036656293e-06,0.0,0.0,0.0,0.0,0.0,0.17898337067852524,-0.17898337067852524,0.17784454500989522,0.0,0.0,0.0,-0.07383098573633527,-0.10073369441128714,0.0,0.24598930495515642,0.0,-0.0002391796399595216,0.0,0.0,0.0,0.0,-3.445808377777303e-05,0.0,0.0,-0.0036577777238279204,0.0,0.0,0.0,0.0,-0.001915842518654901,0.0,0.0,-0.00018010698175897617,0.0,0.0,0.0,0.0,0.0,0.0,0.0010775583302399922,0.0047313959270384
0.0,-1.5192201841614643e-07,0.0,0.0,0.0,0.0,0.0,0.274427070535033,-0.274427070535033,0.02079656829803486,0.0,0.0,0.0,-0.1501139582165906,0.0,0.0,0.273842155206599,0.0,-3.585360862238487e-05,0.0,0.0,0.0,0.0,-5.165350402963682e-06,0.0,0.0,-0.0020878871951292917,0.0,0.0,0.0,0.0,-0.0002871894441249342,0.0013918029169777157,0.0,-2.6998473763227496e-05,0.0,0.0,0.0,0.0016873519536595597,0.0,0.0,0.00016152860940318186,0.0007092477346077194
0.0,-9.358862633903306e-08,0.0,0.0,0.0,0.0,0.0,0.2785160452026532,-0.2785160452026532,0.011525234413887753,0.0,0.0,0.0017147866318864002,-0.1487055173979689,0.0,0.0,0.276869629433416,0.0,-2.208692337851198e-05,0.0,0.0,0.0,0.0,-3.182014390099518e-06,0.0,0.0,-0.0019292475833957814,0.0,0.0,0.0,0.0,-0.00017691751238519944,0.0,0.0,-1.6631888511575624e-05,0.0,0.0,0.0,0.0014681572518989014,0.0,0.0,9.950658124544332e-05,0.0004369183737026553
0.0,-1.920638182957165e-07,0.0,0.0,0.0,0.0,0.0,0.26893104245346916,-0.26893104245346916,0.030690454351199725,0.0,0.0,0.0,-0.14505602557044744,-0.007038215667135862,0.0,0.2725904618767489,0.0,-4.53270766376521e-05,0.0,0.0,0.0,0.0,-6.530172068350322e-06,0.0,0.0,-0.0021996735214142244,0.0,0.0,0.0,0.0,-0.0003630724617005014,0.0,0.0,-3.4132181846861785e-05,0.0,0.0,0.0,0.0030129717540329313,0.0,0.0,0.00020420872372161193,0.000896649672289161
0.0,-9.600877344282444e-08,0.0,0.0,0.0,0.0,0.0,0.2783299029158382,-0.2783299029158382,0.011988682265222183,0.0,0.0,0.0015385806311203252,-0.14877404692349258,0.0,0.0,0.2768063238329915,0.0,-2.265807829056857e-05,0.0,0.0,0.0,0.0,-3.264299419933426e-06,0.0,0.0,-0.001896430779494188,0.0,0.0,0.0,0.0,-0.0001814924957133866,0.0,0.0,-1.706197941456693e-05,0.0,0.0,0.0,0.0015612602840539124,0.0,0.0,0.00010207976319959388,0.00044821682713736184
0.0,-1.7780574976909487e-07,0.0,0.0,0.0,0.0,0.0,0.27041036593043233,-0.27041036593043233,0.02790155012135095,0.0,0.0,0.0,-0.1458774494714423,-0.005698822573948896,0.0,0.2732875596943912,0.0,-4.1962171313235315e-05,0.0,0.0,0.0,0.0,-6.045397571688938e-06,0.0,0.0,-0.0020874348051558543,0.0,0.0,0.0,0.0,-0.00033611937868366533,0.0,0.0,-3.159834183444275e-05,0.0,0.0,0.0,0.00289141341396507,0.0,0.0,0.0001890490647999418,0.0008300858989282269
0.0,-3.5066581592624076e-07,0.0,0.0,0.0,0.0,0.0,0.2747992093054895,-0.2747992093054895,0.015690054486646267,0.0,0.0,0.0,-0.14439837274187178,0.0,0.0,0.2748540014872545,0.0,-8.275716089441095e-05,0.0,0.0,0.0,0.0,-1.192264184272902e-05,0.0,0.0,-0.0013070244495267586,0.0,0.0,0.0,0.0,-0.0006628895653137944,0.0,0.0,-6.231777282613541e-05,0.0,0.0,0.0,8.283596087826842e-05,0.0,-0.011239131863327494,0.00037283971212547943,0.0016370828806973035
0.0,-1.353745842520087e-07,0.0,0.0,0.0,0.0,0.0,0.27530213570496564,-0.27530213570496564,0.019073752585231626,0.0,0.0,0.0,-0.15011539693553763,0.0,0.0,0.2753232882339257,0.002169434165307255,-3.1948412822520356e-05,0.0,0.0,0.0,0.0,-4.602737447851313e-06,0.0,0.0,-0.001589294042898628,0.0,0.0,0.0,0.0,-0.00025590860367246434,0.0,0.0,-2.405778437674601e-05,0.0,0.0,0.0,3.1978833566628514e-05,0.0,0.0,0.0001439348197893401,0.000631996060908012
0.0,-1.1199014231406073e-07,0.0,0.0,0.0,0.0,0.0,0.2771007179032968,-0.2771007179032968,0.015330303451875926,0.0,0.0,0.0,-0.1490859509969008,0.0,0.0,0.2766695443870684,0.0,-2.642968263556701e-05,0.0,0.0,0.0,0.0,-3.8076661484666893e-06,0.0,0.0,-0.001539097403759767,0.0,0.0,0.0,0.0,-0.00021170326101479129,0.0,0.0,-1.9902071803207e-05,0.0,0.0,0.0,0.0022698157631445234,0.0,0.0,0.0001190716931189224,0.0005228258257935434
0.0,-1.0264150731733736e-07,0.0,0.0,0.0,0.0,0.0,0.27781975530980924,-0.27781975530980924,0.014461789311216923,0.0,0.0,0.0,-0.14918281425407923,0.0,0.0,0.27619092027762665,0.0,-2.4223404020916727e-05,0.0,0.0,0.0016448729573813057,0.0,-3.489812449240473e-06,0.0,0.0,-0.0020274450630930804,0.0,0.0,0.0,0.0,-0.00019403084383638346,0.0,0.0,-1.824070053318047e-05,0.0,0.0,0.0,2.424646914090383e-05,0.0,0.0,0.00010913190936287566,0.00047918173613342474
0.0,-1.4646956751653128e-07,0.0,0.0,0.0,0.0,0.0,0.2747840997367646,-0.2747840997367646,0.020050183615237117,0.0,0.0,0.0,-0.1499977126530707,0.0,0.0,0.2742201769026508,0.0,-3.456682976948625e-05,0.0,0.0,0.0,0.0,-4.979967008607242e-06,0.0,0.0,-0.0020129533406817147,0.0,0.0,0.0,0.0,-0.0002768822723317733,0.0011736179494247487,0.0,-2.6029503931907113e-05,0.0,0.0,0.0,0.0017950266678635213,0.0,0.0,0.00015573137987163715,0.0006837929750611541
0.0,-5.172806677746044e-07,0.0,0.0,0.016816605184624196,0.0,0.0,0.27768427453483385,-0.27768427453483385,0.009946672874682922,0.0,0.0,0.0,-0.13435125956926974,0.0,0.0,0.26079117916562783,0.0,-0.00012207827939406465,0.0,0.0,0.0,0.0,-1.758754875422916e-05,0.0,0.0,-0.0023213327803172316,0.0,0.0,0.0,0.0,-0.0009778539607592164,0.0009087757445412403,0.0,-9.192734985183135e-05,0.0,0.0,0.0,0.0,0.0,-0.01532074686666195,0.0005499902371485395,0.00241492408803143
0.0,-4.545594420426553e-07,0.0,0.0,0.016374731143492725,0.0,0.0,0.28048326525805084,-0.28048326525805084,0.003949110467633804,0.0,0.0,0.001197877538583838,-0.13409917323320547,0.0,0.0,0.2632427334788364,0.0,-0.0001072760650530883,0.0,0.0,0.0,0.0,-1.545502634578236e-05,0.0,0.0,-0.0022395131974393525,0.0,0.0,0.0,0.0,-0.0008592873820592684,0.0,0.0,-8.078099078567557e-05,0.0,0.0,0.0,0.0,0.0,-0.014261663352904765,0.00048330291638906203,0.0021221101317268815
0.0,-5.786291504233496e-07,0.0,0.0,0.01474480276991606,0.0,0.0,0.2746988212370446,-0.2746988212370446,0.014175993310424077,0.0,0.0,0.0,-0.1318176461550656,-0.0030496643490553095,0.0,0.2619015662612347,0.0,-0.00013655652625647936,0.0,0.0,0.0,0.0,-1.967339788179201e-05,0.0,0.0,-0.0020883609485690597,0.0,0.0,0.0,0.0,-0.0010938255415312685,0.0,0.0,-0.00010282975502307497,0.0,0.0,0.0,0.0,0.0,-0.01815431247546438,0.0006152180112036652,0.0027013293951348217
0.0,-5.667426529014549e-07,0.0,0.0,0.019834476498153054,0.0,0.0,0.2797134412144608,-0.2797134412144608,0.004907793827751231,0.0,0.0,0.0,-0.13083823339114536,0.0,0.0,0.25999429503668603,0.0,-0.00013375131188081473,0.0,0.0,0.0,0.0,-1.9269256827028216e-05,0.0,0.0,-0.0020454607641904707,0.0,0.0,0.0,0.0,-0.0010713556148445745,0.0,0.0,-0.00010071737332338951,0.0,0.0,0.0,0.0,0.0,-0.01837878056937596,0.0006025798864907173,0.0026458372977567353
0.0,-3.4382273309559373e-07,0.0,0.0,0.0,0.0,0.0,0.27398977824882875,-0.27398977824882875,0.01778884072458288,0.0,0.0,0.0,-0.14518747310406271,0.0,0.0,0.27393893725291246,0.0,-8.114219279341772e-05,0.0,0.0,0.0,0.0,-1.168997694645326e-05,0.0,0.0,-0.0015429282992281345,0.0,0.0,0.0,0.0,-0.0006499535789786791,0.0006040391217467652,0.0,-6.110167002425755e-05,0.0,0.0,0.0,0.0,0.0,-0.010183293884581696,0.0003655639158637591,0.0016051359578880319
0.0,-3.0481938013268874e-07,0.0,0.0,0.0,0.0,0.0,0.2759318289944854,-0.2759318289944854,0.013628802371763721,0.0,0.0,0.000803275116550615,-0.14482749175864332,0.0,0.0,0.27535123867187933,0.0,-7.193739834247653e-05,0.0,0.0,0.0,0.0,-1.036386248954802e-05,0.0,0.0,-0.0015017772407824727,0.0,0.0,0.0,0.0,-0.0005762226519333154,0.0,0.0,-5.4170278428587604e-05,0.0,0.0,0.0,0.0,0.0,-0.009563614746089851,0.000324094236670174,0.0014230488580756085
0.0,-4.011727556580843e-07,0.0,0.0,0.0,0.0,0.0,0.27223548666218994,-0.27223548666218994,0.020051246037098003,0.0,0.0,0.0,-0.14250528872641705,-0.0021143806008522277,0.0,0.2735857523976195,0.0,-9.467680275237771e-05,0.0,0.0,0.0,0.0,-1.3639878384319181e-05,0.0,0.0,-0.0014478937259438367,0.0,0.0,0.0,0.0,-0.00075836657448772,0.0,0.0,-7.129349801348695e-05,0.0,0.0,0.0,0.0,0.0,-0.012586672409316777,0.0004265403924162563,0.001872874459562816
0.0,-5.370300137275173e-07,0.0,0.0,0.016515177146162366,0.0,0.0,0.27872551259240824,-0.27872551259240824,0.006929929208098084,0.0,0.0,0.0,-0.13309651814005571,0.0,0.0,0.26231961933941833,0.0,-0.00012673912663481305,0.0,0.0,0.0,0.0,-1.8259026747608068e-05,0.0,0.0,-0.001938223312906906,0.0,0.0,0.0,0.0,-0.0010151876122284314,0.0,0.0,-9.543705966288763e-05,0.0,0.0,0.0,0.0,0.0,-0.017415235523455808,0.0005709884072732812,0.002507123882525464
0.0,-3.5910803122085605e-07,0.0,0.0,0.0,0.0,0.0,0.27473032848908746,-0.27473032848908746,0.015677570656067497,0.0,0.0,0.0,-0.1442185545741837,0.0,0.0,0.27480340582688634,0.0,-8.474952438611978e-05,0.0,0.0,0.0,0.0,-1.2209677261482464e-05,0.0,0.0,-0.0012960757130373768,0.0,0.0,0.0,0.0,-0.000678848510191701,0.0,0.0,-6.381806179353741e-05,0.0,0.0,0.0,0.0,0.0,-0.011645440258854712,0.0003818157599099824,0.001676495351221327
0.04575369644541786,-1.8494014305644682e-06,0.0,0.0,0.04712700581386626,0.0,0.0,0.14592702918846337,-0.14592702918846337,0.22832377563949155,0.0,0.0,0.0,-0.009529317426066938,-0.14700835769588916,0.0,0.1965321245675939,0.0,-0.00043645888705550455,0.0,0.0,0.0,0.0,-6.287967026899705e-05,0.0,0.0,-0.006674772128215155,0.0,0.0,0.0,0.0,-0.003496060507521659,0.0,0.0,-0.0003286621420734328,0.0,0.0,0.0,0.0,0.0,-0.012270707334574181,0.001966345921557242,0.0086339280420508
8.891912263200537e-05,-5.646260940043812e-07,0.0,0.0,0.01997380849405047,0.0,0.0,0.27980698728534137,-0.27980698728534137,0.00471162692019588,0.0,0.0,0.0,-0.13077641630114478,0.0,0.0,0.25996586222321777,0.0,-0.0001332518038100752,0.0,0.0,0.0,0.0,-1.919729379977335e-05,0.0,0.0,-0.0020378217799762103,0.0,0.0,0.0,0.0,-0.0010673545267900228,0.0,0.0,-0.00010034123390366145,0.0,0.0,0.0,0.0,0.0,-0.018274575468505604,0.0006003294897481744,0.0026359561454487057
0.0,-1.4421614430924696e-07,0.0,0.0,0.0,0.0,0.0,0.27545723419723095,-0.27545723419723095,0.0197417130582814,0.0,0.0,0.0,-0.14837293239723753,0.0,0.0,0.2749019872732264,0.0,-3.4035021710477575e-05,0.0,0.0,0.0,0.0,-4.903350593204504e-06,0.0,0.0,-0.0019819842059325406,0.0,0.0,0.0,0.0,-0.00027262245953422673,0.002922972244602237,0.0,-2.5629041984563424e-05,0.0,0.0,0.0,0.0,0.0,0.0,0.0001533354643824653,0.0006732728719086212
0.0025969521926205528,-1.753639265851495e-07,0.0,0.0,0.0,0.0,0.0,0.2730564210885285,-0.2730564210885285,0.022057811284046328,0.0,0.0,0.0,-0.14979610256678003,0.0,0.0,0.2730304900612369,0.0,-4.138590084451083e-05,0.0,0.0,0.0,0.0,-5.962375554876281e-06,0.0,0.0,-0.002085433847928067,0.0,0.0,0.0,0.0,-0.0003315034194556374,0.002905037324882901,0.0,-3.116439881648201e-05,0.0,0.0,0.0,0.0,0.0,0.0,0.0001864528361069374,0.0008186862507430513
0.0056691982746407965,-3.469440180130112e-07,0.0,0.0,0.03473148489458016,0.0,0.0,0.28048028652995266,-0.28048028652995266,0.008509698978411747,0.0,0.0,0.0,-0.13182457658080715,0.0,0.0,0.24583033120597733,0.0,-8.187881628614605e-05,0.0,0.0,0.0,0.0,-1.1796100670150664e-05,0.0,0.0,-0.004059454142856037,0.0,0.0,0.0,0.0,-0.0006558539750485447,0.0056145604213574864,0.0,-6.165636202893865e-05,0.0,0.0,0.0,0.0,0.0,0.0,0.0003688825711680911,0.001619707672244009
0.0,-7.068432890710215e-07,0.0,0.0,0.1414414551359148,0.0,0.0,0.28951834268818094,-0.28951834268818094,0.0,0.0,0.0,0.0,0.004796908389049688,-0.06969431521249296,0.0,0.19003731703228957,0.004491606076913571,-0.00016681507333777098,0.0,0.0,0.0,0.0,-2.4032680095350373e-05,0.0,0.0,-0.004796908389049688,0.0,0.0,0.0,0.0,-0.0013361982245107666,0.0,0.0,-0.00012561503719903954,0.0,0.0,0.0,0.0,0.0,0.0,0.0007515396039359014,0.0032998969255598684
0.045402549648722104,-1.7135238922799027e-06,0.0,0.0,0.08793367364291725,0.0,0.0,0.1579439415382298,-0.1579439415382298,0.20439736117934068,0.0,0.0,0.0,0.008274053836826074,-0.1452387748784101,0.0,0.1665827393932695,0.004179368979933541,-0.0004043917770406592,0.0,0.0,0.0,0.0,-5.825983237815648e-05,0.0,0.0,-0.008274053836826074,0.0,0.0,0.0,0.0,-0.003239201132588147,0.0,0.0,-0.00030451497637201994,0.0,0.0,0.0,0.0,0.0,0.0,0.0018218763440920917,0.00799958394093162
0.020757344022539224,-1.0109577586391702e-06,0.0,0.0,0.16644207537639058,0.0,0.0,0.2801024003175356,-0.2801024003175356,0.0,0.0,0.0,0.0,0.006388987453096779,-0.06760028390675682,0.0,0.15857769076581982,0.00548057309969877,-0.0002385861127300552,0.0,0.0,0.0,0.0,-3.43725756174597e-05,0.0,0.0,-0.006388987453096779,0.0,0.0,0.0,0.0,-0.0019110883317919073,0.0,0.0,-0.00017966004406014426,0.0,0.0,0.0,0.0,0.0,0.0,0.0010748843559399892,0.004719654909631739
0.0,-6.988287915982759e-07,0.0,0.0,0.13918358968879058,0.0,0.0,0.29212292236015236,-0.29212292236015236,0.0,0.0,0.0,0.0,0.0,-0.06781385643091929,0.0,0.19376985595779392,0.004549701712512593,-0.00016492365128658546,0.0,0.0,0.0,0.0,-2.3760187087542903e-05,0.0,0.0,-0.00479703066182223,0.0,0.0,0.0,0.0,-0.0013210478263121742,0.0,0.0,-0.0001241907591253329,0.0,0.0,0.0,0.0,0.0,0.0,0.0007430183201527186,0.0032624812551006093
0.045402549648722104,-1.7135238922799027e-06,0.0,0.0,0.07965961980609118,0.0,0.0,0.1579439415382298,-0.1579439415382298,0.21267141501616674,0.0,0.0,0.0,0.0,-0.1452387748784101,0.0,0.1748567932300956,0.004179368979933541,-0.0004043917770406592,0.0,0.0,0.0,0.0,-5.825983237815648e-05,0.0,0.0,-0.008274053836826074,0.0,0.0,0.0,0.0,-0.003239201132588147,0.0,0.0,-0.00030451497637201994,0.0,0.0,0.0,0.0,0.0,0.0,0.0018218763440920917,0.00799958394093162
0.01999403174536268,-9.891978527381744e-07,0.0,0.0,0.16254303757717162,0.0,0.0,0.2838858969035063,-0.2838858969035063,0.0,0.0,0.0,0.0,0.0,-0.06519566151329774,0.0,0.16466036118812255,0.005520874044831656,-0.0002334507731790945,0.0,0.0,0.0,0.0,-3.3632738562331335e-05,0.0,0.0,-0.00633060310297942,0.0,0.0,0.0,0.0,-0.0018699539699326545,0.0,0.0,-0.00017579303218995512,0.0,0.0,0.0,0.0,0.0,0.0,0.001051748490727193,0.004618068818777656
0.0,-3.037997010949022e-07,0.0,0.0,0.029268353336513685,0.0,0.0,0.28318824665475034,-0.28318824665475034,0.0,0.0,0.0,0.0,-0.1350173378044923,0.004231975533456973,0.0,0.24953620574168747,0.0,-7.169675400716297e-05,0.0,0.0,0.0,0.004552343267197319,-1.032919339033755e-05,0.0,0.0,-0.003586099185779387,0.0,0.0,0.0,0.0,-0.0005742950771215748,0.004979279361206941,0.0,-5.398906850236623e-05,0.0,0.0,0.0,0.0,0.0,0.0,0.00032301007955635747,0.001418288487886239
0.0,-4.584142377444722e-07,0.0,0.0,0.019978315094142586,0.0,0.0,0.28227078023206387,-0.28227078023206387,0.0,0.0,0.0,0.0014669751766538622,-0.13212346762122867,0.0005178785793125178,0.0,0.26090144368277385,0.0,-0.00010818579715020679,0.0,0.0,0.0,0.0,-1.558608944472817e-05,0.0,0.0,-0.002387974562709715,0.0,0.0,0.0,0.0,-0.0008665743878952987,0.0,0.0,-8.146603698044785e-05,0.0,0.0,0.0,0.0,0.0,-0.01438260638809174,0.00048740146507699644,0.0021401062401737833
0.0,-4.2000808803775264e-07,0.0,0.0,0.023680808290118247,0.0,0.0,0.2810231971280023,-0.2810231971280023,0.0,0.0,0.0,0.0,-0.13561487731518404,0.005850775843504072,0.0,0.25337976510040094,0.0,-9.912194271598282e-05,0.0,0.0,0.0,0.0,-1.4280279905517869e-05,0.0,0.0,-0.0028599446570198106,0.0,0.0,0.0,0.0,-0.000793972398399354,0.0026881426815049347,0.0,-7.464077599449158e-05,0.0,0.0,0.0,0.0,0.0,-0.010489482515706389,0.000446566752509766,0.00196080718294377
0.0,-3.844648597191081e-07,0.0,0.0,0.01756096459877021,0.0,0.0,0.28288045104333526,-0.28288045104333526,0.0,0.0,0.0,0.0019409787316247299,-0.13373984551046253,0.0,0.0,0.2638449408307047,0.0,-9.073373796068509e-05,0.0,0.0,0.0,0.0,-1.3071809726985614e-05,0.0,0.0,-0.002358081744362651,0.0,0.0,0.0,0.0,-0.0007267824012570288,0.0,0.0,-6.832429252997659e-05,0.0,0.0,0.0,0.0,0.0,-0.011691340126346556,0.00040877599443621296,0.001794873670287356
0.0,-2.767695592433833e-07,0.0,0.0,0.021554132721234864,0.0,0.0,0.2822484043322279,-0.2822484043322279,0.0,0.0,0.0,0.0036253518055134283,-0.12555449511962136,-0.009179468013871954,0.0,0.26186084690211814,0.0,-6.531763834601332e-05,0.0,0.0,0.0,0.007485728972139207,-9.410168251252973e-06,0.0,0.0,-0.0028115794990474763,0.0,0.0,0.0,0.0,-0.0005231979978839099,0.0,0.0,-4.918546871345644e-05,0.0,0.0,0.0,0.0,0.0,-0.0011978312296320808,0.0002942707218861163,0.0012920983077255102
0.0,-3.9188220437060157e-07,0.0,0.0,0.0175214748945856,0.0,0.0,0.2826636557923358,-0.2826636557923358,0.0,0.0,0.0,0.0018838535514256165,-0.13390846026084383,0.0,0.0,0.2635446155996923,0.0,-9.248423189780172e-05,0.0,0.0,0.0,0.0008511461715573211,-1.332399953188647e-05,0.0,0.0,-0.002356289483585292,0.0,0.0,0.0,0.0,-0.0007408039572470923,0.0,0.0,-6.96424489568983e-05,0.0,0.0,0.0,0.0,0.0,-0.011444038034963437,0.0004166623652171618,0.0018295015336196228
0.0,-2.3533201739710854e-07,0.0,0.0,0.02240105347049201,0.0,0.0,0.28276731112673187,-0.28276731112673187,0.0,0.0,0.0,0.0041010629819234245,-0.12356180130314673,-0.010860612178108629,0.0,0.26237666862050113,0.0,-5.5538375121900376e-05,0.0,0.0,0.0,0.0063649763562053235,-8.00129134384393e-06,0.0,0.0,-0.0028998806720745623,0.0,0.0,0.0,0.0,-0.0004448655432943613,0.0,0.0,-4.1821490812078126e-05,0.0,0.0,0.0,0.0,0.0,0.0,0.0002502129310451572,0.0010986472004496776
0.0,-1.4141876024953792e-07,0.0,0.0,0.0236613279931092,0.0,0.0,0.2846719085612456,-0.2846719085612456,0.0,0.0,0.0,0.005014413108207612,-0.12015144327141737,-0.012901372787605895,0.0,0.264768652020325,0.0,-3.33748388463415e-05,0.0,0.0,0.0,0.0,-4.808239502457395e-06,0.0,0.0,-0.00301760845156111,0.0,0.0,0.0,0.0,-0.0002673343572467021,0.0,0.0,-2.5131911279422016e-05,0.0,0.0,0.0,0.0,0.0,0.0,0.000150361191384764,0.000660213288262611
0.0,-2.5632137781548084e-07,0.0,0.0,0.021292878863697493,0.0,0.0,0.2822509072898184,-0.2822509072898184,0.0,0.0,0.0,0.003801238377511624,-0.12537486143505347,-0.009832474343536395,0.0,0.2622602819585033,0.0,-6.0491865876697485e-05,0.0,0.0,0.0,0.0080420047686834,-8.714929843551138e-06,0.0,0.0,-0.0028257221762593345,0.0,0.0,0.0,0.0,-0.00048454328595427316,0.0,0.0,-4.555156695555124e-05,0.0,0.0,0.0,0.0,0.0,0.0,0.0002725295263352151,0.0011966360007749722
0.0,-9.270450141916999e-08,0.0,0.0,0.004144917978196706,0.0,0.0,0.28344563560423186,-0.28344563560423186,0.0,0.0,0.0,0.003152874845310627,-0.1440275694719363,0.0,0.0,0.2762155677488262,0.0,-2.1878269825981907e-05,0.0,0.0,0.0,0.002908575355068784,-3.151954132483828e-06,0.0,0.0,-0.001911022122335088,0.0,0.0,0.0,0.0,-0.00017524618556292827,0.0,0.0,-1.6474768275146472e-05,0.0,0.0,0.0,0.0,0.0,0.0,9.856654983766547e-05,0.00043279083772689264
0.0,-2.7402708983120286e-07,0.0,0.0,0.024341969528493566,0.0,0.0,0.28264245547325084,-0.28264245547325084,0.0,0.0,0.0,0.0031656572753457493,-0.12467149096432731,-0.009281892399052007,0.0,0.25981859210812264,0.0005204626460907572,-6.46704153431314e-05,0.0,0.0,0.0,0.007871335468302267,-9.316924259164094e-06,0.0,0.0,-0.002832065566182158,0.0,0.0,0.0,0.0,-0.0005180137048220819,0.0,0.0,-4.869809703920452e-05,0.0,0.0,0.0,0.0,0.0,0.0,0.0002913548359921649,0.0012792950930361692
0.0,-4.7478677595348644e-07,0.0,0.0,0.020682892260541468,0.0,0.0,0.28245557337397525,-0.28245557337397525,0.0,0.0,0.0,0.0009717937918059464,-0.13108607550934756,0.0,0.0,0.2608750736327712,0.0,-0.00011204971749052955,0.0,0.0,0.0,0.0010839502011625822,-1.6142755935320832e-05,0.0,0.0,-0.0021994748604296926,0.0,0.0,0.0,0.0,-0.0008975246095694291,0.0,0.0,-8.437564513259001e-05,0.0,0.0,0.0,0.0,0.0,-0.014357674769322502,0.0005048092994177588,0.0022165414123468744
0.0,-3.923718101943099e-07,0.0,0.0,0.022517163699066797,0.0,0.0,0.2822463061968581,-0.2822463061968581,0.0,0.0,0.0,0.002159224858698447,-0.12663934044505548,-0.005424472227142606,0.0,0.2603434625731057,0.0,-9.259977891175986e-05,0.0,0.0,0.0,0.00496414892314155,-1.3340646135618774e-05,0.0,0.0,-0.002495742199392143,0.0,0.0,0.0,0.0,-0.000741729495400265,0.0,0.0,-6.972945813518282e-05,0.0,0.0,0.0,0.0,0.0,-0.007797070741924395,0.00041718293062752046,0.0018317872577360884
0.0,-4.265001300857404e-08,0.0,0.0,0.003245059062012879,0.0,0.0,0.28428823807099285,-0.28428823807099285,0.0,0.0,0.0,0.0034577211824125278,-0.14420805086532,0.0,0.0,0.2782856812045249,0.0,-1.0065406516390233e-05,0.0,0.0,0.0,0.0,-1.4501009411077587e-06,0.0,0.0,-0.0018827909999281577,0.0,0.0,0.0,0.0,-8.062447863417666e-05,0.0,0.0,-7.579449438718862e-06,0.0,0.0,0.0,0.0,0.0,0.0,4.534693103820947e-05,0.00019911152723406657
0.0,-2.684115646037053e-08,0.0,0.0,0.0,0.0,0.0,0.2830663407726919,-0.2830663407726919,0.0,0.0,0.0,0.0031971808362490943,-0.14742709303608154,0.00204223004548957,0.0,0.27928872016604056,0.0,-6.334515093567519e-06,0.0,0.0,0.0,0.0,-9.125996335752404e-07,0.0,0.0,-0.00169546424987889,0.0,0.0,0.0,0.0,-5.073982615481714e-05,0.0,0.0,-4.770014682697101e-06,0.0,0.0,0.0,0.0,0.0,0.0,2.853842203399852e-05,0.00012530790212135487
0.0,-3.8866308965144046e-08,0.0,0.0,0.0,0.0,0.0,0.2827249370009384,-0.2827249370009384,0.0029571730280358454,0.0,0.0,0.0031509687878395714,-0.14620047125216284,0.0,0.0,0.28021207114044944,0.0,-9.17245205639567e-06,0.0,0.0,0.0,0.0,-1.321454959378561e-06,0.0,0.0,-0.0017157588370556721,0.0,0.0,0.0,0.0,-7.347186262568348e-05,0.0,0.0,-6.907037135292636e-06,0.0,0.0,0.0,0.0,0.0,0.0,4.132396939709763e-05,0.00018144731009683837
0.0,-2.800157135140744e-07,0.0,0.0,0.02634203421218643,0.0,0.0,0.2827501904481932,-0.2827501904481932,0.0,0.0,0.0,0.003253042618518164,-0.12333422444281003,-0.009863568229274831,0.0,0.2581306507048285,0.0,-6.60837310162044e-05,0.0,0.0,0.0,0.007394916309010413,-9.520537534422098e-06,0.0,0.0,-0.0030651693114254613,0.0,0.0,0.0,0.0,-0.0005293344437412174,0.0,0.0,-4.9762351589436766e-05,0.0,0.0,0.0,0.0008560570789842893,0.0,0.0,0.0002977221424946593,0.0013072529744859813
0.0,-2.703257434848857e-07,0.0,0.0,0.023618228815657755,0.0,0.0,0.2824582627080336,-0.2824582627080336,0.0,0.0,0.0,0.003399361749591956,-0.12433034855018249,-0.009867426493576905,0.0,0.2604166242865508,0.0,-6.379689730631044e-05,0.0,0.0,0.0,0.008001984456540611,-9.191078440099951e-06,0.0,0.0,-0.0028728018479191857,0.0,0.0,0.0,0.0,-0.0005110167756685938,0.0,0.0,-4.80403207454093e-05,0.0,0.0,0.0,0.000394948183484231,0.0,0.0,0.0002874194398298886,0.0012620153626949548
0.0,-3.116264680591717e-07,0.0,0.0,0.028653087486968425,0.0,0.0,0.28465241899382543,-0.28465241899382543,0.0,0.0,0.0,0.0006378371984226982,-0.13190022782211636,0.0,0.0,0.2535254535389527,0.0,-7.354387164317842e-05,0.0,0.0,0.0,0.006365650040303914,-1.0595303558661219e-05,0.0,0.0,-0.0033283590823445963,0.0,0.0,0.0,0.0,-0.0005890905944349826,0.0037694659619960285,0.0,-5.537998447846194e-05,0.0,0.0,0.0,0.0,0.0,0.0,0.00033133176193684145,0.001454827738724159
0.0,-3.0550624743587705e-07,0.0,0.0,0.027245638000036185,0.0,0.0,0.2837078860050545,-0.2837078860050545,0.0,0.0,0.0,0.0016812030497923638,-0.12814827750383548,-0.004223570887046626,0.0,0.25572638437711226,0.0,-7.20994990815318e-05,0.0,0.0,0.0,0.007507702456446702,-1.0387215985889727e-05,0.0,0.0,-0.003157402153741931,0.0,0.0,0.0,0.0,-0.0005775210880721107,0.0024283638747419223,0.0,-5.429234347917922e-05,0.0,0.0,0.0,0.0,0.0,0.0,0.00032482453713277454,0.001426255497138473
0.0,-2.6488486636101195e-07,0.0,0.0,0.025728423189273077,0.0,0.0,0.2833730999635519,-0.2833730999635519,0.0,0.0,0.0,0.0024146989902116387,-0.12520947545403877,-0.00844716578376087,0.0,0.258537913736794,0.0,-6.251284986542203e-05,0.0,0.0,0.0009570356890267891,0.006700854255647133,-9.00608855425408e-06,0.0,0.0,-0.003120395109264353,0.0,0.0,0.0,0.0,-0.000500731482640975,0.0,0.0,-4.707340772115317e-05,0.0,0.0,0.0,0.0,0.0,0.0,0.00028163451592672187,0.0012366146353045642
0.0,-2.6338455559277216e-07,0.0,0.0,0.023396587652937367,0.0,0.0,0.2827617577602437,-0.2827617577602437,0.0,0.0,0.0,0.002997233781689761,-0.12519586790626755,-0.00919426984190034,0.0,0.26055145360236653,0.0,-6.215877640288369e-05,0.0,0.0,0.00045477196774328544,0.007656586665589625,-8.955077970586938e-06,0.0,0.0,-0.002903983933090942,0.0,0.0,0.0,0.0,-0.000497895334069244,0.0,0.0,-4.680678342708901e-05,0.0,0.0,0.0,0.0,0.0,0.0,0.0002800393349609019,0.0012296104365407824
0.0,-2.7338029906640114e-07,0.0,0.0,0.02655358957504292,0.0,0.0,0.28293280199811205,-0.28293280199811205,0.0,0.0,0.0,0.0034217717712391287,-0.12274686903357171,-0.010170628700853165,0.0,0.258405030853111,0.0,-6.451777267037377e-05,0.0,0.000639119347843173,0.0,0.006973866957471736,-9.294933365596247e-06,0.0,0.0,-0.0030171167983833276,0.0,0.0,0.0,0.0,-0.0005167910283322281,0.0,0.0,-4.858315409889968e-05,0.0,0.0,0.0,0.0,0.0,0.0,0.00029066714625566425,0.0012762755512377958
0.0,-2.673321731510424e-07,0.0,0.0,0.023747256582687167,0.0,0.0,0.28254683392813873,-0.28254683392813873,0.0,0.0,0.0,0.0034765922989720447,-0.12404483331430263,-0.010010879941436615,0.0,0.2605195334920098,0.0,-6.30904144656257e-05,0.0,0.0002986746574604771,0.0,0.00779849611414177,-9.089297013737766e-06,0.0,0.0,-0.002852476107206303,0.0,0.0,0.0,0.0,-0.0005053578079357508,0.0,0.0,-4.750832524561771e-05,0.0,0.0,0.0,0.0,0.0,0.0,0.0002842365749745009,0.0012480398836972272
0.0,-2.729569095129388e-07,0.0,0.0,0.03665354392981212,0.0,0.0,0.2861992061644321,-0.2861992061644321,0.0,0.0,0.0,0.0005586883281711241,-0.13107837517758666,0.0,0.0,0.2490296239279816,0.004127143732000345,-6.441785270154436e-05,0.0,0.0,0.0,0.0006231675184741298,-9.280538115826745e-06,0.0,0.0,-0.003328059191386647,0.0,0.0,0.0,0.0,-0.0005159906636992749,0.0,0.0,-4.850791239351722e-05,0.0,0.0,0.0,0.0,0.0,0.0,0.00029021698421516747,0.0012742989576881552
0.0,-2.8846103099376595e-07,0.0,0.0,0.0280183899555313,0.0,0.0,0.28316472195595394,-0.28316472195595394,0.0,0.0,0.0,0.0027338417643858713,-0.12405562579982217,-0.008573678372893623,0.0,0.2567444019916491,0.0011464386617545317,-6.80768266238419e-05,0.0,0.0,0.0,0.00708882259907173,-9.807678427504417e-06,0.0,0.0,-0.0029812401159537683,0.0,0.0,0.0,0.0,-0.0005452992529093493,0.0,0.0,-5.126319185455889e-05,0.0,0.0,0.0,0.0,0.0,0.0,0.0003067014886268719,0.0013466799275567785
0.0,-2.651859931661403e-07,0.0,0.0,0.02248835100352501,0.0,0.0,0.28252462655164806,-0.28252462655164806,0.0,0.0,0.0,0.003473620877057209,-0.125885161743066,-0.008795282070217942,0.0,0.26092448671916746,0.0,-6.258391581576511e-05,0.0,0.0,0.0,0.007861049880493827,-9.016326869150295e-06,0.0,0.0,-0.002923446916949514,0.0,0.0,0.0,0.0,-0.0005013007249448722,0.00045907948134725566,0.0,-4.712692178206694e-05,0.0,0.0,0.0,0.0,0.0,0.0,0.00028195468409321616,0.0012380204453812968
0.0,-2.764940644535258e-07,0.0,0.0,0.02528136629427429,0.0,0.0,0.28448468860059495,-0.28448468860059495,0.0,0.0,0.0,0.0013291604453063884,-0.13377500261334346,0.0,0.0,0.25646127628199217,0.0,-6.525262155334538e-05,0.0,0.0,0.0,0.0054451618232417235,-9.400801425175748e-06,0.0,0.0,-0.0032773669230985432,0.0,0.0,0.0,0.0,-0.0005226772096770169,0.003229754813827066,0.0,-4.9136509787466525e-05,0.0,0.0,0.0,0.0,0.0,0.0,0.000293977806541998,0.0012908121606769142
0.0,-2.0471823127734843e-07,0.0,0.0,0.026781784273091483,0.0,0.0,0.28633974498730896,-0.28633974498730896,0.0,0.0,0.0,0.0016560597515806658,-0.13253298314421144,0.0,0.0,0.2575277297460009,0.0,-4.8313519123866706e-05,0.0,0.0,0.0,0.0,-6.960422257726389e-06,0.0,0.0,-0.003434495912195185,0.0,0.0,0.0,0.0,-0.0003869940358594712,0.003735213366979043,0.0,-3.6381031884765996e-05,0.0,0.0,0.0,0.0,0.0,0.0,0.00021766332202833989,0.0009557267819377982
0.0,-2.191786222840642e-07,0.0,0.0,0.028905800127167057,0.0,0.0,0.28653877065784056,-0.28653877065784056,0.0,0.0,0.0,0.0014633445086726933,-0.1314553266526733,0.0,0.0,0.25569160200844976,0.0,-5.172617256993453e-05,0.0,0.0,0.0,0.0,-7.452075721077251e-06,0.0,0.0,-0.0035609590290230303,0.0,0.0,0.0,0.0,-0.0004143295840462542,0.004076475325651601,0.0,-3.8950827173632e-05,0.0,0.0,0.0,0.0,0.0,0.0,0.00023303809702864906,0.001023235097519557
0.0,-3.6770520414044047e-07,0.0,0.0,0.019235717997816634,0.0,0.0,0.2831941352419342,-0.2831941352419342,0.0,0.0,0.0,0.0019672888058984927,-0.1337332169185157,0.0,0.0,0.26245941303443787,0.0,-8.67784578898428e-05,0.0,0.00039931754143888575,0.0,0.0,-1.2501981241297179e-05,0.0,0.0,-0.002510407396383153,0.0,0.0,0.0,0.0,-0.0006951003829456439,0.0,0.0,-6.534588870057291e-05,0.0,0.0,0.0,0.0,0.0,-0.0103386856005912,0.00039095656386306873,0.0017166312412049876
0.0,-2.216924838930122e-07,0.0,0.0,0.029338241345026175,0.0,0.0,0.2859758029951284,-0.2859758029951284,0.0,0.0,0.0,0.0019053189848008691,-0.13309227968235585,0.0,0.0,0.2547748338144433,0.0,-5.231944411278075e-05,0.0,0.0016792006731469072,0.0,0.0,-7.537547045182528e-06,0.0,0.0,-0.003551347752381417,0.0,0.0,0.0,0.0,-0.00041908172284487914,0.0019179318023706648,0.0,-3.9397572335400816e-05,0.0,0.0,0.0,0.0,0.0,0.0,0.00023571091940264574,0.0010349710569930535
0.0,-2.39947175901878e-07,0.0,0.0,0.03279195211665681,0.0,0.0,0.28599733695664553,-0.28599733695664553,0.0,0.0,0.0,0.0012837604359236356,-0.1328071821058988,0.0,0.0,0.2522272049754462,0.003373270740345278,-5.662755290195737e-05,0.0,0.0002605759050387179,0.0,0.0,-8.158206786983006e-06,0.0,0.0,-0.003324809533449529,0.0,0.0,0.0,0.0,-0.00045358991925613005,0.0,0.0,-4.264166314195623e-05,0.0,0.0,0.0,0.0,0.0,0.0,0.0002551199230876711,0.0011201930615992912
0.0,-2.013145808361639e-07,0.0,0.0,0.028770145838008104,0.0,0.0,0.28523299394824275,-0.28523299394824275,0.0,0.0,0.0,0.003278303658959302,-0.12840556923711222,-0.00503139322755462,0.0,0.25690000799404605,0.0,-4.7510257344712594e-05,0.0,0.002105394450367677,0.0,0.0,-6.844698102918481e-06,0.0,0.0,-0.0034184241134696328,0.0,0.0,0.0,0.0,-0.00038055986332549517,0.0,0.0,-3.57761599373449e-05,0.0,0.0,0.0,0.0,0.0,0.0,0.00021404444618406906,0.000939836844521392
0.0,-1.0578050002443134e-07,0.0,0.0,0.012473498495042708,0.0,0.0,0.28470603742755896,-0.28470603742755896,0.0,0.0,0.0,0.00304445034952814,-0.14083431780873867,0.0,0.0,0.26981850464691437,0.0,-2.4964206553439602e-05,0.0,0.0011062769362433997,0.0,0.0,-3.5965382379939795e-06,0.0,0.0,-0.002457141617966191,0.0,0.0,0.0,0.0,-0.00019996471425267286,0.0,0.0,-1.879853943717197e-05,0.0,0.0,0.0,0.0,0.0,0.0,0.00011246939218590358,0.0004938361192812196
0.0,-4.381022195522025e-07,0.0,0.0,0.022585516300689185,0.0,0.0,0.28313601532574983,-0.28313601532574983,0.0,0.0,0.0,0.001146757432949063,-0.1310846758985775,0.0,0.0,0.2597222454816143,0.0,-0.00010339215921550306,0.0,0.0005000992161794187,0.0,0.0,-1.4895480588630358e-05,0.0,0.0,-0.0024046061240664903,0.0,0.0,0.0,0.0,-0.0008281770754154542,0.0,0.0,-7.785633316029436e-05,0.0,0.0,0.0,0.0,0.0,-0.012748225089856166,0.00046580504286660834,0.0020452796111020428
0.0,-2.4176128036429834e-07,0.0,0.0,0.03248608733258034,0.0,0.0,0.2863014848746708,-0.2863014848746708,0.0,0.0,0.0,0.0014445488801667966,-0.13154828320529088,0.0,0.0,0.2522760360851225,0.0,-5.705568170167866e-05,0.0,0.0018994235602244535,0.0,0.0,-8.219886359922286e-06,0.0,0.0,-0.0036268395967148166,0.0,0.0,0.0,0.0,-0.0004570192552903575,0.002164600007484823,0.0,-4.296405256412839e-05,0.0,0.0,0.0,0.0,0.0,0.0,0.0002570487400832707,0.0011286622057939725
0.0,-2.6446926378928405e-07,0.0,0.0,0.03672137520141053,0.0,0.0,0.28635663890422053,-0.28635663890422053,0.0,0.0,0.0,0.0006922633132215621,-0.13107805135193543,0.0,0.0,0.2491352717030205,0.003847861930008555,-6.241476762491116e-05,0.0,0.00030189500445753666,0.0,0.0,-8.991958061954622e-06,0.0,0.0,-0.0033755200758402975,0.0,0.0,0.0,0.0,-0.0004999458383163683,0.0,0.0,-4.699954986140575e-05,0.0,0.0,0.0,0.0,0.0,0.0,0.00028119263326760853,0.0012346743952684706
0.0,-2.1697361212495392e-07,0.0,0.0,0.03152967221520734,0.0,0.0,0.2854395450268631,-0.2854395450268631,0.0,0.0,0.0,0.0030232529585993086,-0.1264789140497365,-0.005612142194689527,0.0,0.25490270919890745,0.0,-5.1205789994206975e-05,0.0,0.0023522314412938814,0.0,0.0,-7.377105349878648e-06,0.0,0.0,-0.003470833093483851,0.0,0.0,0.0,0.0,-0.0004101612900195773,0.0,0.0,-3.855896884033025e-05,0.0,0.0,0.0,0.0,0.0,0.0,0.0002306936559237044,0.001012941010616024
0.0,-2.381779397298161e-07,0.0,0.0,0.03176258149235149,0.0,0.0,0.2861755377759048,-0.2861755377759048,0.0,0.0,0.0,0.0017072286521710872,-0.13194663068740795,0.0,0.0,0.252654407846144,0.0,-5.621001302238628e-05,0.0,0.0017555300408968106,0.0,0.0,-8.098052736440675e-06,0.0,0.0,-0.0036940848107505186,0.0,0.0,0.0,0.0,-0.00045024540107451675,0.0022061698297831216,0.0,-4.2327247385304526e-05,0.0,0.0,0.0,0.0,0.0,0.0,0.00025323881157033885,0.001111933384956609
0.0,-2.1333760434379328e-07,0.0,0.0,0.030865171324386365,0.0,0.0,0.28531190669112083,-0.28531190669112083,0.0,0.0,0.0,0.0032856931038724524,-0.12674851583707553,-0.005708679474719222,0.0,0.255286802089811,0.0,-5.0347691864042685e-05,0.0,0.0022311340111310558,0.0,0.0,-7.253481042794e-06,0.0,0.0,-0.0035283815438136934,0.0,0.0,0.0,0.0,-0.0004032878751953672,0.0,0.0,-3.79128040400861e-05,0.0,0.0,0.0,0.0,0.0,0.0,0.00022682772992566218,0.000995966313276628
0.0,-4.384469482621853e-07,0.0,0.0,0.020903652788522523,0.0,0.0,0.282792260943431,-0.282792260943431,0.0,0.0,0.0,0.0016197807068598492,-0.13180157946808824,0.0,0.0,0.2606820061435254,0.0,-0.00010347351521891505,0.0,0.00018574544372831347,0.0,0.0,-1.490720136880157e-05,0.0,0.0,-0.002485185053343595,0.0,0.0,0.0,0.0,-0.0008288287416296474,0.0,0.0,-7.79175958339274e-05,0.0,0.0,0.0,0.0,0.0,-0.013198902461411005,0.00046617157004762784,0.002046888976611786
0.0,-2.610201821454277e-07,0.0,0.0,0.03601761876721592,0.0,0.0,0.2862197737425865,-0.2862197737425865,0.0,0.0,0.0,0.000964302424309227,-0.13150470541391063,0.0,0.0,0.24948382980960862,0.003928844684918486,-6.16007840782554e-05,0.0,0.000110579648796313,0.0,0.0,-8.874689245724529e-06,0.0,0.0,-0.00344392506875245,0.0,0.0,0.0,0.0,-0.0004934257838149377,0.0,0.0,-4.63866042117909e-05,0.0,0.0,0.0,0.0,0.0,0.0,0.0002775254534377298,0.001218572362344702
0.0,-9.719599088697733e-07,0.0,0.0,0.03184265150859121,0.0,0.0,0.18443090713932428,-0.18443090713932428,0.19364292392686994,0.0,0.0,0.0,0.004518648217456328,-0.1474904717432163,0.0,0.24026963290666842,0.0,-0.00022938261703322666,0.0,0.0,0.0010106965081909261,0.0,-3.3046648269198103e-05,0.0,0.0,-0.004518648217456328,0.0,0.0,0.0,0.0,-0.0018373678078408482,0.0,0.0,-0.00017272963045191216,0.0,0.0,0.0,0.0,0.0,0.0,0.001033420527927187,0.004537593501470661
0.0,-9.70226355167122e-07,0.0,0.0,0.03986435849255526,0.0,0.0,0.19018706683834802,-0.19018706683834802,0.18270107459809873,0.0,0.0,0.0,0.004930251274187347,-0.14303078929908317,0.0,0.23491006366588296,0.0,-0.0002289734982193198,0.0,0.0,0.0014285562249125726,0.0,-3.298770742303306e-05,0.0,0.0,-0.004930251274187347,0.0,0.0,0.0,0.0,-0.0018340907428741266,0.0,0.0,-0.0001724215559236369,0.0,0.0,0.0,0.0,0.0,0.0,0.0010315773552137494,0.004529500408387482
0.0,-9.550572682310185e-07,0.0,0.0,0.031936409228985094,0.0,0.0,0.1893637289066999,-0.1893637289066999,0.18907290377122785,0.0,0.0,0.0,0.0,-0.14400055920641075,0.0,0.24293638466757436,0.0,-0.00022539359247664977,0.0,0.0,0.0010856216387798894,0.0,-3.247195828979441e-05,0.0,0.0,-0.004532569137296756,0.0,0.0,0.0,0.0,-0.001805415494279619,0.0,0.0,-0.00016972581635983855,0.0,0.0,0.0,0.0,0.0,0.0,0.0010154490708198897,0.004458683546831386
0.0,-9.518460641080593e-07,0.0,0.0,0.03981452891177205,0.0,0.0,0.19545165981128718,-0.19545165981128718,0.1779299441536446,0.0,0.0,0.0,0.0,-0.13931348913005562,0.0,0.23791666110414852,0.0,-0.0002246357480441476,0.0,0.0,0.0015022609084066273,0.0,-3.236277731205693e-05,0.0,0.0,-0.00493761868095935,0.0,0.0,0.0,0.0,-0.0017993451172752918,0.0,0.0,-0.0001691551445693638,0.0,0.0,0.0,0.0,0.0,0.0,0.001012034810386155,0.004443692044787666
0.0,-3.3186745774575577e-07,0.0,0.0,0.02651561631133758,0.0,0.0,0.28168587582040405,-0.28168587582040405,0.006381404227130387,0.0,0.0,0.0,-0.1340300811582676,0.0,0.0,0.2531553454967862,0.0,-7.832074684480084e-05,0.0,0.0,0.0,0.005897522521318134,-1.1283497444735003e-05,0.0,0.0,-0.0034551190145107186,0.0,0.0,0.0,0.0,-0.000627353636469519,0.004514717380433106,0.0,-5.897706563030714e-05,0.0,0.0,0.0,0.0,0.0,0.0,0.0003528526642464871,0.0015493227713145254
0.0,-2.675651251681243e-07,0.0,0.0,0.02851021094059494,0.0,0.0,0.28297586223474896,-0.28297586223474896,0.008116714226295476,0.0,0.0,0.0,-0.1327261857098591,0.0,0.0,0.25343549816232486,0.0,-6.31453911604809e-05,0.0,0.0,0.0,0.0,-9.097217385043058e-06,0.0,0.0,-0.00367718783969447,0.0,0.0,0.0,0.0,-0.000505798174388165,0.005423008902615659,0.0,-4.754972378012144e-05,0.0,0.0,0.0,0.0,0.0,0.0,0.0002844842574090104,0.0012491274198694698
0.0,-2.7658389427935263e-07,0.0,0.0,0.03093671329406141,0.0,0.0,0.2837209951760413,-0.2837209951760413,0.0069247889916775884,0.0,0.0,0.0,-0.13133790777043478,0.0,0.0,0.251719405565508,0.0,-6.527382139949929e-05,0.0,0.0,0.0,0.0,-9.403855640304472e-06,0.0,0.0,-0.003801134142800985,0.0,0.0,0.0,0.0,-0.0005228470216503833,0.00560580127942521,0.0,-4.9152473689348725e-05,0.0,0.0,0.0,0.0,0.0,0.0,0.000294073316639876,0.001291231531095581
0.0,-1.0010478823473598e-06,0.0,0.0,0.03507267524432658,0.0,0.0,0.1844203817200666,-0.1844203817200666,0.1938430287745314,0.0,0.0,0.0,0.004409907210652591,-0.14637442500024275,0.0,0.23737607152381326,0.001593945127950548,-0.00023624738112441288,0.0,0.0,0.0,0.0,-3.403563970763649e-05,0.0,0.0,-0.004409907210652591,0.0,0.0,0.0,0.0,-0.0018923549586228117,0.0,0.0,-0.00017789893307800606,0.0,0.0,0.0,0.0,0.0,0.0,0.001064347841526463,0.004673390665755275
0.0,-1.0117812127204625e-06,0.0,0.0,0.04483056081522001,0.0,0.0,0.19041854013020065,-0.19041854013020065,0.18251881352177404,0.0,0.0,0.0,0.004792256119146967,-0.14124255617350664,0.0,0.2305394072654739,0.002281166488791601,-0.00023878044795978004,0.0,0.0,0.0,0.0,-3.44005730658544e-05,0.0,0.0,-0.004792256119146967,0.0,0.0,0.0,0.0,-0.0019126449680341993,0.0,0.0,-0.00017980638231736838,0.0,0.0,0.0,0.0,0.0,0.0,0.0010757598800677306,0.004723499203880847
0.0,-9.866820933404843e-07,0.0,0.0,0.03539728395974466,0.0,0.0,0.1892251622596452,-0.1892251622596452,0.18940537981745387,0.0,0.0,0.0,0.0,-0.1428939621442283,0.0,0.23976504224216907,0.0017090588095635428,-0.00023285705375795175,0.0,0.0,0.0,0.0,-3.354720271338663e-05,0.0,0.0,-0.0044156157255747265,0.0,0.0,0.0,0.0,-0.001865198243603403,0.0,0.0,-0.0001753459497670039,0.0,0.0,0.0,0.0,0.0,0.0,0.0010490736505602543,0.00460632399948002
0.0,-9.960220993226968e-07,0.0,0.0,0.045030890417095494,0.0,0.0,0.1955399924163478,-0.1955399924163478,0.17787878476981095,0.0,0.0,0.0,0.0,-0.1375449614984294,0.0,0.23323876621543826,0.002395401437699336,-0.00023506129592448018,0.0,0.0,0.0,0.0,-3.386476302601855e-05,0.0,0.0,-0.004792496547257963,0.0,0.0,0.0,0.0,-0.001882854348716538,0.0,0.0,-0.00017700578755146785,0.0,0.0,0.0,0.0,0.0,0.0,0.0010590042596572951,0.0046499278045977295
0.0,-9.929626215816657e-07,0.0,0.0,0.03261780864925351,0.0,0.0,0.18411189679612763,-0.18411189679612763,0.19479187254629804,0.0,0.0,0.0,0.004498108109795706,-0.1463732295542444,0.0,0.2391543488411275,0.0,-0.00023433925893037342,0.0,0.0,0.0,0.0,-3.3760740747041155e-05,0.0,0.0,-0.004498108109795706,0.0,0.0,0.0,0.0,-0.001877070791330192,0.0018287088073473984,0.0,-0.00017646207946766563,0.0,0.0,0.0,0.0,0.0,0.0,0.001055751319825657,0.004635644636959941
0.0,-1.0001265501613038e-06,0.0,0.0,0.04121708198597033,0.0,0.0,0.18990949301745552,-0.18990949301745552,0.18400247732450317,0.0,0.0,0.0,0.004913642093224201,-0.14129996502161973,0.0,0.23315429953419647,0.0,-0.0002360299466540547,0.0,0.0,0.0,0.0,-3.4004314402535075e-05,0.0,0.0,-0.004913642093224201,0.0,0.0,0.0,0.0,-0.0018906132961493507,0.0026080653501494196,0.0,-0.00017773520063743044,0.0,0.0,0.0,0.0,0.0,0.0,0.0010633682500994694,0.004669089427708322
0.0,-9.223379845609733e-07,0.0,0.0,0.030733410529230152,0.0,0.0,0.18822109686622784,-0.18822109686622784,0.1853798682057152,0.0,0.0,0.001807528860033309,0.00423262303821114,-0.14593648337414247,0.0,0.2437912461084883,0.0,-0.00021767183888661248,0.0,0.0,0.0,0.0,-3.135950226234217e-05,0.0,0.0,-0.00423262303821114,0.0,0.0,0.0,0.0,-0.0017435638088733143,0.0,0.0,-0.00016391118375472415,0.0,0.0,0.0,0.0,0.0,0.0,0.000980660825857177,0.004305933615893788
0.0,-9.016612002085464e-07,0.0,0.0,0.03776203695757748,0.0,0.0,0.1950267401465127,-0.1950267401465127,0.17203643910283062,0.0,0.0,0.002502017737310195,0.0045052418052048005,-0.14119488974933378,0.0,0.2401635080241199,0.0,-0.00021279211610863644,0.0,0.0,0.0,0.0,-3.065649135253287e-05,0.0,0.0,-0.0045052418052048005,0.0,0.0,0.0,0.0,-0.0017044769519030576,0.0,0.0,-0.0001602366563513443,0.0,0.0,0.0,0.0,0.0,0.0,0.0009586765719735281,0.004209404076503647
0.0,-9.031495714076407e-07,0.0,0.0,0.030744157709072812,0.0,0.0,0.19308205640954937,-0.19308205640954937,0.18054801432719864,0.0,0.0,0.001932456889818797,0.0,-0.14257534185710521,0.0,0.24652092635710418,0.0,-0.00021314337183189161,0.0,0.0,0.0,0.0,-3.070709599070942e-05,0.0,0.0,-0.0042258331403600986,0.0,0.0,0.0,0.0,-0.0017072905302228806,0.0,0.0,-0.00016050115883220665,0.0,0.0,0.0,0.0,0.0,0.0,0.0009602590583870964,0.004216352535405248
0.0,-8.817214685288588e-07,0.0,0.0,0.03761802691301498,0.0,0.0,0.20004336216866073,-0.20004336216866073,0.16719533541963438,0.0,0.0,0.0026194560737754706,0.0,-0.13772690585148312,0.0,0.24314534141121424,0.0,-0.00020808633782098496,0.0,0.0,0.0,0.0,-2.997854024221695e-05,0.0,0.0,-0.004491995437421255,0.0,0.0,0.0,0.0,-0.0016667834001928387,0.0,0.0,-0.00015669311257663477,0.0,0.0,0.0,0.0,0.0,0.0,0.0009374759773285177,0.004116315466505287
0.0,-9.77691859350458e-07,0.0,0.0,0.032768292346426184,0.0,0.0,0.18899710813797208,-0.18899710813797208,0.1903289168223982,0.0,0.0,0.0,0.0,-0.14281793181948688,0.0,0.24172580939996413,0.0,-0.00023073535780984285,0.0,0.0,0.0,0.0,-3.3241534652579814e-05,0.0,0.0,-0.004510445831431176,0.0,0.0,0.0,0.0,-0.0018482033383943608,0.0019636132754616404,0.0,-0.00017374827091152598,0.0,0.0,0.0,0.0,0.0,0.0,0.0010395149308318188,0.004564353104428103
0.0,-9.833485639091593e-07,0.0,0.0,0.04123697387976117,0.0,0.0,0.19514116829642988,-0.19514116829642988,0.17931515286769673,0.0,0.0,0.0,0.0,-0.13750684807856484,0.0,0.23605998179518642,0.0,-0.00023207034054279063,0.0,0.0,0.0,0.0,-3.343386267373404e-05,0.0,0.0,-0.004920129508506093,0.0,0.0,0.0,0.0,-0.0018588966260081575,0.0027421488087834324,0.0,-0.00017475353921434753,0.0,0.0,0.0,0.0,0.0,0.0,0.001045529329736583,0.004590761421901968
0.0,-1.9956493575108376e-07,0.0,0.0,0.028043741240979695,0.0,0.0,0.28650946198361743,-0.28650946198361743,0.0,0.0,0.0,0.0,-0.1346350030549014,0.0,0.0,0.25556180956180263,0.0,-4.7097340963252275e-05,0.0,4.047084943581129e-05,0.0028609112722145337,0.0,-6.785210149562658e-06,0.0,0.0,-0.003810433859187235,0.0,0.0,0.0,0.0,-0.00037725237962669587,0.0004180536793905727,0.0,-3.5465225765873444e-05,0.0,0.0,0.0,0.0,0.0,0.0,0.0002121841645705905,0.0009316686288414142
0.0,-2.793355614994703e-07,0.0,0.0,0.02713202772511964,0.0,0.0,0.2830620391888247,-0.2830620391888247,0.0,0.0,0.0,0.003160703759691545,-0.1243662378021716,-0.008751628649741584,0.0,0.25734918970308146,0.0009818342744942828,-6.592321508579761e-05,0.0,0.0,0.0,0.006800399188111122,-9.497412357970792e-06,0.0,0.0,-0.0030794337073013116,0.0,0.0,0.0,0.0,-0.0005280487020098276,0.0,0.0,-4.9641479930985024e-05,0.0,0.0,0.0,0.0,0.0,0.0,0.00029699898195317126,0.0013040776857386619
0.0,-2.6103301100706385e-07,0.0,0.0,0.03604396345753526,0.0,0.0,0.28623384113708716,-0.28623384113708716,0.0,0.0,0.0,0.0009336317399413213,-0.1314743070343997,0.0,0.0,0.2494960916719167,0.004045766482842054,-6.160381169063818e-05,0.0,0.0,0.0,0.0,-8.8751254271702e-06,0.0,0.0,-0.0034318071024524712,0.0,0.0,0.0,0.0,-0.0004934500351623096,0.0,0.0,-4.638888406357214e-05,0.0,0.0,0.0,0.0,0.0,0.0,0.00027753909351572456,0.001218632253867655
0.0,-2.6402737575726426e-07,0.0,0.0,0.03598516049216827,0.0,0.0,0.2861616810724686,-0.2861616810724686,0.0,0.0,0.0,0.0009194852647489509,-0.13150973711109354,0.0,0.0,0.24944991964508656,0.004030035419149123,-6.23104820136474e-05,0.0,0.0,0.0,0.00022370725699351354,-8.976933863697818e-06,0.0,0.0,-0.0034276754525707945,0.0,0.0,0.0,0.0,-0.000499110504639234,0.0,0.0,-4.6921020741248264e-05,0.0,0.0,0.0,0.0,0.0,0.0,0.0002807228030213532,0.0012326114415970562
0.0,-2.444753735651411e-07,0.0,0.0,0.03394177696191413,0.0,0.0,0.2863060996283114,-0.2863060996283114,0.0,0.0,0.0,0.0006442536039172072,-0.13238703529359647,0.0,0.0,0.251070105429426,0.0030066056939016595,-5.769620791639191e-05,0.0,0.0,0.0008285643118008002,0.0,-8.312165560493806e-06,0.0,0.0,-0.0035363429102346937,0.0,0.0,0.0,0.0,-0.000462149906698096,0.0,0.0,-4.344638142493372e-05,0.0,0.0,0.0,0.0,0.0,0.0,0.0002599344554331147,0.0011413329461796024
0.0,-2.0135043342932854e-07,0.0,0.0,0.028308258196499847,0.0,0.0,0.2865049098323178,-0.2865049098323178,0.0,0.0,0.0,0.0,-0.13456241218679343,0.0,0.0,0.2553620361645995,0.00017694274059769342,-4.7518718559596544e-05,0.0,0.0,0.002804841824573388,0.0,-6.845917091505395e-06,0.0,0.0,-0.0037968871936095014,0.0,0.0,0.0,0.0,-0.00038062763813792025,0.0003537390848968876,0.0,-3.5782531398874906e-05,0.0,0.0,0.0,0.0,0.0,0.0,0.00021408256586927176,0.0009400042223034076
0.0,-2.633498730633395e-07,0.0,0.0,0.036264710114000204,0.0,0.0,0.2860967806939464,-0.2860967806939464,0.0,0.0,0.0,0.0008427480971352601,-0.13167432865620732,0.00029751095601920745,0.0,0.24903295638697545,0.004131260827827123,-6.215059132313504e-05,0.0,0.0,0.0,0.0,-8.953898764180596e-06,0.0,0.0,-0.0034374743624399407,0.0,0.0,0.0,0.0,-0.0004978297711149569,0.0,0.0,-4.6800619900756926e-05,0.0,0.0,0.0,0.0,0.0,0.0,0.00028000245932688746,0.0012294485211996947
0.0,-2.726956311839527e-07,0.0,0.0,0.035806360777769025,0.0,0.0,0.2846143737560879,-0.2846143737560879,0.0,0.0,0.0,0.0,-0.13402010471850853,0.003798691160958681,0.0,0.24623522875817233,0.003405215443323175,-6.435619099479086e-05,0.0,0.0,0.0,0.0,-9.27165464958542e-06,0.0,0.0,-0.0035594634242286515,0.0,0.0,0.0,0.0,-0.0005154967499213664,0.0017453110692945068,0.0,-4.846147991333053e-05,0.0,0.0,0.0,0.0,0.0,0.0,0.0002899391842913098,0.001273079180167639
0.0,-2.7071946673695535e-07,0.0,0.0,0.03666787022291838,0.0,0.0,0.28584533886503005,-0.28584533886503005,0.0009175095445276719,0.0,0.0,0.0007134133371079826,-0.1314596929179607,0.0,0.0,0.24866182851955737,0.0042468702006612956,-6.3889816025614e-05,0.0,0.0,0.0,0.0,-9.204465035275137e-06,0.0,0.0,-0.00345720965759584,0.0,0.0,0.0,0.0,-0.0005117610598946709,0.0,0.0,-4.811029037194399e-05,0.0,0.0,0.0,0.0,0.0,0.0,0.0002878380596590585,0.0012638534591572323
0.0,-3.103516830910339e-07,0.0,0.0,0.03876447913366681,0.0,0.0,0.2835277984640558,-0.2835277984640558,0.005958953858423647,0.0,0.0,0.0,-0.12984957128016192,-0.0016357082302188909,0.0,0.2458078998451433,0.004868594528981722,-7.324302228768795e-05,0.0,0.0,0.0,0.0,-1.0551960854835197e-05,0.0,0.0,-0.0035544038730428136,0.0,0.0,0.0,0.0,-0.0005866807739876563,0.0,0.0,-5.5153438985749036e-05,0.0,0.0,0.0,0.0,0.0,0.0,0.0003299763676013915,0.0014488764068488343
0.0,-2.997028750036924e-07,0.0,0.0,0.03796091758484022,0.0,0.0,0.28450544061951244,-0.28450544061951244,0.0041749061297665065,0.0,0.0,0.0,-0.13140535746419899,0.0,0.0,0.24650020603298076,0.004438279032247862,-7.07299027185903e-05,0.0,0.0,0.0,0.0,-1.0189901255321699e-05,0.0,0.0,-0.0035640769001062224,0.0,0.0,0.0,0.0,-0.0005665505433135247,0.0005265278993401468,0.0,-5.326101043093477e-05,0.0,0.0,0.0,0.0,0.0,0.0,0.0003186541960025522,0.0013991624608984121
0.0,-2.712171553943833e-07,0.0,0.0,0.03765447645052115,0.0,0.0,0.2863708348134615,-0.2863708348134615,0.0,0.0,0.0,0.0007147248708894874,-0.13078217115400873,0.0,0.0,0.2481997702914136,0.004254677615303153,-6.40072705889831e-05,0.0,0.0,0.0,0.0,-9.221386455448441e-06,0.0,0.0,-0.0034635653661589326,0.0,0.0,0.0,0.0,-0.0005127018776271112,0.0,0.0,-4.819873597252191e-05,0.0,0.0,0.0,0.0,0.0,0.0,0.00028836721901060076,0.001266176917971832
0.0,-3.1409503877750376e-07,0.0,0.0,0.04526287172025192,0.0,0.0,0.2869476136430229,-0.2869476136430229,0.0,0.0,0.0,0.0,-0.12538494360874944,-0.0016554375825588276,0.0,0.24274192180985973,0.004927317848390413,-7.412645453217953e-05,0.0,0.0,0.0,0.0,-1.0679234991955854e-05,0.0,0.0,-0.0035972758749525393,0.0,0.0,0.0,0.0,-0.0005937571165084251,0.0,0.0,-5.5818680873272856e-05,0.0,0.0,0.0,0.0,0.0,0.0,0.0003339564295097363,0.0014663522577369338
0.0,-2.9263443363268764e-07,0.0,0.0,0.04124487943914939,0.0,0.0,0.2867752131569067,-0.2867752131569067,0.0,0.0,0.0,0.0,-0.12907951214362925,0.0,0.0,0.2455898838906829,0.0047448908382354904,-6.90617499838624e-05,0.0,0.0,0.0,0.0,-9.949574166038081e-06,0.0,0.0,-0.003428607769317356,0.0,0.0,0.0,0.0,-0.0005531885450374882,0.0,0.0,-5.2004858551888246e-05,0.0,0.0,0.0,0.0,0.0,0.0,0.0003111387909466583,0.0013661634520525702
0.0,-3.02226408776852e-07,0.0,0.0,0.042490612350526216,0.0,0.0,0.28690101019168335,-0.28690101019168335,0.0,0.0,0.0,0.0,-0.12830174683305864,0.0,0.0,0.24436570768505236,0.004475649868388308,-7.132545689297204e-05,0.0,0.0,0.0,0.0,-1.0275701433123293e-05,0.0,0.0,-0.0035940868505527942,0.0,0.0,0.0,0.0,-0.0005713209661205664,0.0005309613267354605,0.0,-5.3709474459227505e-05,0.0,0.0,0.0,0.0,0.0,0.0,0.0003213373021474684,0.0014109435748572647
0.0,-2.6673409460645e-07,0.0,0.0,0.025908039818663083,0.0,0.0,0.2828665481096702,-0.2828665481096702,0.0,0.0,0.0,0.0037350606607987297,-0.12322290141400234,-0.01012160660484471,0.0,0.25875486014136495,0.0,-6.29492678807737e-05,0.0,0.0005514949893218406,0.0,0.0067142156026895935,-9.068962336226754e-06,0.0,0.0,-0.003105961897268682,0.0,0.0,0.0,0.0,-0.0005042272157638244,0.0,0.0,-4.740203908602828e-05,0.0,0.0,0.0,0.0,0.0,0.0,0.0002836006777120168,0.00124524775483209
0.0,-2.723020555026361e-07,0.0,0.0,0.02571261894069774,0.0,0.0,0.28270811251791467,-0.28270811251791467,0.0,0.0,0.0,0.003596487229424359,-0.12373798538718557,-0.00985650012368648,0.0,0.25852618577919845,0.0,-6.426330710219695e-05,0.0,0.0,0.0,0.0070709132364250886,-9.258273071817562e-06,0.0,0.0,-0.003149143408654371,0.0,0.0,0.0,0.0,-0.0005147527446592141,0.0,0.0,-4.8391536511994416e-05,0.0,0.0,0.0,0.0007362402014942206,0.0,0.0,0.00028952072136433733,0.0012712417726392195
0.002330998365431295,-2.65271137574609e-07,0.0,0.0,0.025765941939912888,0.0,0.0,0.2818635795808803,-0.2818635795808803,0.0,0.0,0.0,0.004400162720525325,-0.12206714908752005,-0.011574385668473356,0.0,0.2588439598930278,0.0,-6.260400990304387e-05,0.0,0.0,0.0,0.005991802376162689,-9.019221780034043e-06,0.0,0.0,-0.003157485397179896,0.0,0.0,0.0,0.0,-0.0005014616797267622,0.0,0.0,-4.714205302572794e-05,0.0,0.0,0.0,0.0,0.0,0.0,0.0002820452124974711,0.0012384179419354534
0.0,-2.595510147494091e-07,0.0,0.0,0.02521034303853668,0.0,0.0,0.2832498902991309,-0.2832498902991309,0.0,0.0,0.0,0.002853904269480442,-0.12534415306569205,-0.00862939034051327,0.0,0.2588605943606997,0.0,-6.125406045407783e-05,0.0,0.0,0.0008293579394187591,0.006484617760052191,-8.824737537077147e-06,0.0,0.0,-0.0031930693144557425,0.0,0.0,0.0,0.0,-0.0004906485078664751,0.0,0.0,-4.612551449083587e-05,0.0,0.0,0.0,0.0,0.0,0.0,0.0002759633851547155,0.0012117135563714202
0.0,-2.0242736287023244e-07,0.0,0.0,0.02796157630095278,0.0,0.0,0.28644814795448026,-0.28644814795448026,0.0,0.0,0.0,0.0,-0.13461207465471095,0.0,0.0,0.25556563949799965,0.0,-4.7772873994671966e-05,0.0,0.0,0.002819843613675679,0.00021346694962518298,-6.882532705091432e-06,0.0,0.0,-0.0037994060576522987,0.0,0.0,0.0,0.0,-0.00038266343762715407,0.0004979423698214918,0.0,-3.5973915449443846e-05,0.0,0.0,0.0,0.0,0.0,0.0,0.0002152275935408898,0.000945031865921209
0.0,-3.541480913683749e-07,0.0,0.0,0.023035913346327364,0.0,0.0,0.28408280015249865,-0.28408280015249865,0.0,0.0,0.0,0.0009332685777599672,-0.1329787776950995,0.0,0.0,0.25917207807756415,0.0,-8.357897818014251e-05,0.0,0.0,0.0012002618722740926,0.0,-1.2041039248488777e-05,0.0,0.0,-0.002945070693983725,0.0,0.0,0.0,0.0,-0.0006694723685107412,0.0,0.0,-6.293661743563277e-05,0.0,0.0,0.0,0.0,0.0,-0.00871076421698439,0.0003765421847202418,0.0016533398788228053
0.0,-2.0508818660698093e-07,0.0,0.0,0.02775239193447755,0.0,0.0,0.2864165994342128,-0.2864165994342128,0.0,0.0,0.0,0.0,-0.13462728115771255,0.0,0.0,0.2557769718637399,0.0,-4.84008286115545e-05,0.0,0.0,0.002856909288566661,0.0,-6.973000743260733e-06,0.0,0.0,-0.0037772567132534165,0.0,0.0,0.0,0.0,-0.00038769338982129904,0.00036030569300452426,0.0,-3.6446777649368e-05,0.0,0.0,0.0,0.0,0.0,-0.00036045480691937324,0.00021805667100145018,0.0009574539178867768
0.0,-2.8391119074851596e-07,0.0,0.0,0.02456778442855834,0.0,0.0,0.28215897235951093,-0.28215897235951093,0.0,0.0,0.0,0.0037188986780171216,-0.12142180722759607,-0.011873809694539494,0.0,0.2600166044852761,0.0,-6.70030639583096e-05,0.0,0.0,0.0,0.008907626704182964,-9.65298380595294e-06,0.0,0.0,-0.002884128173780616,0.0,0.0,0.0,0.0,-0.0005366983528916089,0.0,0.0,-5.045462740966206e-05,0.0,0.0,0.0,0.0,0.0,0.0,0.0003018639451589545,0.001325439004612145
0.00030429750977582814,-4.489286245970551e-07,0.0,0.0,0.020376379215990278,0.0,0.0,0.28251591833309786,-0.28251591833309786,0.0,0.0,0.0,0.0016394851944362876,-0.13182391843118937,0.0,0.0,0.26098016600528684,0.0,-0.00010594719168092417,0.0,0.0,0.0,0.0,-1.526357848677633e-05,0.0,0.0,-0.0024399945454951642,0.0,0.0,0.0,0.0,-0.0008486430307727993,0.0,0.0,-7.978032295190485e-05,0.0,0.0,0.0,0.0,0.0,-0.01378070066937312,0.000477316041535283,0.002095822668205023
0.007102790005926921,-2.2638595387842273e-07,0.0,0.0,0.02880698069410371,0.0,0.0,0.2814540442683254,-0.2814540442683254,0.0,0.0,0.0,0.005459652892286201,-0.12207094189285987,-0.011582231172974147,0.0,0.25669530678417524,0.0,-5.3427103408597056e-05,0.0,0.0,0.0,0.0,-7.697125079579296e-06,0.0,0.0,-0.0035468879181383356,0.0,0.0,0.0,0.0,-0.0004279541367989571,0.0,0.0,-4.023166161081117e-05,0.0,0.0,0.0,0.0,0.0,0.0,0.00024070117485029428,0.0010568825151826319
0.004583451908118523,-2.6309057172393054e-07,0.0,0.0,0.03103025135890359,0.0,0.0,0.28425944669799086,-0.28425944669799086,0.0,0.0,0.0,0.002062085786504248,-0.13237941447366916,0.0,0.0,0.25181556833338503,0.0,-6.208939618608148e-05,0.0,0.0,0.0,0.0,-8.945082515608014e-06,0.0,0.0,-0.0038160440587791077,0.0,0.0,0.0,0.0,-0.0004973395945868798,0.0036709342473842145,0.0,-4.675453875674773e-05,0.0,0.0,0.0,0.0,0.0,0.0,0.0002797267614049682,0.0012282379732523078
0.00017798235178514643,-2.625764911724623e-07,0.0,0.0,0.03609888376992237,0.0,0.0,0.28614650951808196,-0.28614650951808196,0.0,0.0,0.0,0.0009589280925685629,-0.13151011743565336,0.0,0.0,0.24936951322206527,0.00403013734188797,-6.19680731343943e-05,0.0,0.0,0.0,0.0,-8.92760377084563e-06,0.0,0.0,-0.0034422113638634374,0.0,0.0,0.0,0.0,-0.0004963677900430038,0.0,0.0,-4.6663180108240425e-05,0.0,0.0,0.0,0.0,0.0,0.0,0.0002791801736393132,0.0012258379889028635
0.02853867528826323,-1.510534535400021e-06,0.0,0.0,0.06465915986121147,0.0,0.0,0.1587776697003561,-0.1587776697003561,0.21541334970399695,0.0,0.0,0.0,0.007722188419732696,-0.15151969504947488,0.0,0.19013727541997494,0.0,-0.00035648627241429765,0.0,0.0,0.0,0.0,-5.135819187016413e-05,0.0,0.0,-0.007722188419732696,0.0,0.0,0.0,0.0,-0.0028554753160582157,0.0,0.0,-0.00026844118744351895,0.0,0.0,0.0,0.004540877308249879,0.0,0.0,0.0016060512195822353,0.0070519284067471644
0.0,-1.0370143036854196e-06,0.0,0.0,0.04438989779376448,0.0,0.0,0.18737391690207544,-0.18737391690207544,0.18707070059628073,0.0,0.0,0.0,0.005301447705660051,-0.14320633851870057,0.0,0.2284953694181498,0.0,-0.00024473545946648905,0.0,0.0,0.0,0.0,-3.525849845377835e-05,0.0,0.0,-0.005301447705660051,0.0,0.0,0.0,0.0,-0.0019603449488752238,0.0,0.0,-0.0001842906233213052,0.0,0.0,0.0,0.003117409506091591,0.0,0.0,0.0011025885526788914,0.004841299854442401
0.0,-1.1471566352576324e-06,0.0,0.0,0.03531054264485856,0.0,0.0,0.1921043639979513,-0.1921043639979513,0.18003990319284316,0.0,0.0,0.0,0.0,-0.13772421357140716,0.0,0.23966179220858808,0.0,-0.00027072905861766616,0.0,0.0,0.0,0.0,-3.9003339015411005e-05,0.0,0.0,-0.004140263443711989,0.0,0.0,0.0,0.0,-0.0021685551563791947,0.0,0.0,-0.00020386431566804305,0.0,0.0,0.0,0.0,0.0,-0.009656063146900769,0.0012196955911501024,0.0053554991783219845
0.0,-1.1545926853046119e-06,0.0,0.0,0.03553943114554199,0.0,0.0,0.18779347970699942,-0.18779347970699942,0.1839850177334931,0.0,0.0,0.0,0.004167101283662422,-0.14093201989125376,0.0,0.23704821642130358,0.0,-0.000272483967029629,0.0,0.0,0.0,0.0,-3.925616480397716e-05,0.0,0.0,-0.004167101283662422,0.0,0.0,0.0,0.0,-0.0021826120725638356,0.0,0.0,-0.0002051857962815081,0.0,0.0,0.0,0.0,0.0,-0.009255644015814284,0.001227601850137861,0.005390214367767422
0.03631932114468328,-1.825537045766699e-06,0.0,0.0,0.05619171935473078,0.0,0.0,0.1516447023019635,-0.1516447023019635,0.2182617505620943,0.0,0.0,0.0,0.006588641919882542,-0.1501902622418766,0.0,0.19320249548156254,0.0,-0.00043082689031485123,0.0,0.0,0.0,0.0,-6.20682809067653e-05,0.0,0.0,-0.006588641919882542,0.0,0.0,0.0,0.0,-0.0034509478933271755,0.0,0.0,-0.0003244211375531186,0.0,0.0,0.0,0.0,0.0,-0.014634183334393884,0.0019409725034652903,0.008522517194353518
0.04615373317547817,-1.960101260972026e-06,0.0,0.0,0.06262271618668745,0.0,0.0,0.14998450496774932,-0.14998450496774932,0.2205334104703482,0.0,0.0,0.0,0.0,-0.14707517189333075,0.0,0.1851220636114921,0.0,-0.00046258405597687227,0.0,0.0,0.0,0.0,-6.664346579755171e-05,0.0,0.0,-0.007360427940455145,0.0,0.0,0.0,0.0,-0.003705324596367468,0.0005722464454539314,0.0,-0.00034833490904961553,0.0,0.0,0.0,0.0,0.0,-0.014771597452747882,0.002084045711576623,0.009150730048478557
0.04524765502912331,-1.9557489317382967e-06,0.0,0.0,0.062483664861237215,0.0,0.0,0.15032818221303137,-0.15032818221303137,0.22025519705648394,0.0,0.0,0.0,0.0,-0.1471926894324218,0.0,0.1854934555215363,0.0,-0.0004615569059260189,0.0,0.0,0.0,0.0,-6.649548655270194e-05,0.0,0.0,-0.007344084394161973,0.0,0.0,0.0,0.0,-0.0036970970660442494,0.0,0.0,-0.00034756144482204126,0.0,0.0,0.0,0.0005709757942977704,0.0,-0.014971417458506005,0.0020794181684718215,0.00913041120542031
0.04558989127216733,-1.984453496155731e-06,0.0,0.0,0.06108331473583689,0.0,0.0,0.14957339883854787,-0.14957339883854787,0.22046236092338964,0.0,0.0,0.0,0.0002896780084669184,-0.14722873395053854,0.0,0.18634913267800296,0.0,-0.0004683311854480275,0.0,0.0,0.0,0.0,-6.747144207861096e-05,0.0,0.0,-0.007162195652588288,0.0,0.0,0.0,0.0,-0.0037513594302810787,0.0,0.0,-0.00035266261078460855,0.0,0.0,0.0,0.0,0.0,-0.01667172972615336,0.002109937828638339,0.009264418425033468
0.04556440380968157,-1.947594051959192e-06,0.0,0.0,0.06336031692973605,0.0,0.0,0.15071219484725232,-0.15071219484725232,0.2196526858082677,0.0,0.0,0.0,0.0,-0.14695800389991576,0.0,0.1850358901907277,0.0005685949984380796,-0.00045963235363918886,0.0,0.0,0.0,0.0,-6.62182205448364e-05,0.0,0.0,-0.007313461790028037,0.0,0.0,0.0,0.0,-0.0036816812927739683,0.0,0.0,-0.0003461122190280859,0.0,0.0,0.0,0.0,0.0,-0.014403573412816078,0.0020707476254899562,0.009092340160356354
0.04551375704511986,-1.982539169494641e-06,0.0,0.0,0.06102438998996955,0.0,0.0,0.14994359742243227,-0.14994359742243227,0.22012106770013884,0.0,0.0,0.0,0.0,-0.14699024181267503,0.0,0.18661954432026362,0.0,-0.00046787940420132176,0.0,0.0,0.0,0.0,-6.740635494974478e-05,0.0,0.0,-0.007155286555390369,0.0,0.0,0.0,0.0,-0.0037477406368013485,0.0,0.0,-0.00035232241060380195,0.0,0.0,0.0,0.0,0.0,-0.016687802540186803,0.0021079024520238563,0.00925548139364176
0.04562037451215199,-1.981583390504868e-06,0.0,0.0,0.060705711179784336,0.0,0.0,0.1495499109090664,-0.1495499109090664,0.22081844503952008,0.0,0.0,0.0,0.0,-0.1473050567815775,0.0,0.18675455459385804,0.0,-0.00046765384028250276,0.0,0.0,0.0,0.0,-6.737385845291411e-05,0.0,0.0,-0.007151837003088614,0.0,0.0,0.0,0.0,-0.00374593385698338,0.0,0.0,-0.0003521525565283502,0.0,0.0,0.0,0.0,0.0,-0.01655119779991561,0.0021068862355943722,0.009251019340738896
0.022090426712492443,-1.6385069941405692e-06,0.0,0.0,0.05043476131531589,0.0,0.0,0.1623781503242603,-0.1623781503242603,0.20115433450100534,0.0,0.0,0.0,0.005913621907947271,-0.1505648159092881,0.0,0.2023052377006746,0.0,-0.0003866877830179789,0.0,0.0,0.0,0.023642785691245515,-5.57092569640537e-05,0.0,0.0,-0.005913621907947271,0.0,0.0,0.0,0.0,-0.003097391133608287,0.0,0.0,-0.00029118352002797856,0.0,0.0,0.0,0.0,0.0,0.0,0.0017421158500931595,0.007649367654857279
0.0,-1.2106179282183712e-06,0.0,0.0,0.03726393996002535,0.0,0.0,0.1852602201269547,-0.1852602201269547,0.18126695704574242,0.0,0.0,0.0,0.004369304939232812,-0.14388867400753447,0.0,0.23108212670901765,0.0,-0.0002857059288844386,0.0,0.0,0.0,0.01746857372791358,-4.1161023718292156e-05,0.0,0.0,-0.004369304939232812,0.0,0.0,0.0,0.0,-0.002288520738977768,0.0,0.0,-0.00021514219408779752,0.0,0.0,0.0,0.0,0.0,0.0,0.0012871697763257952,0.005651768137469101
0.0,-1.205351380478137e-06,0.0,0.0,0.03710183074768491,0.0,0.0,0.189674639713885,-0.189674639713885,0.17699815418504036,0.0,0.0,0.0,0.0,-0.14065253721841076,0.0,0.2335570885199409,0.0,-0.0002844630231921759,0.0,0.0,0.0,0.01826263967402898,-4.098196103352891e-05,0.0,0.0,-0.004350297164345506,0.0,0.0,0.0,0.0,-0.002278564993696447,0.0,0.0,-0.0002142062616109263,0.0,0.0,0.0,0.0,0.0,0.0,0.0012815702052978138,0.005627181266567131
0.030788994659605225,-1.7575939881241023e-06,0.0,0.0,0.056152869079397316,0.0,0.0,0.16097984950149313,-0.16097984950149313,0.2030472571488461,0.0,0.0,0.0,0.0,-0.14777471385938648,0.0,0.1951362766913758,0.0,-0.00041479232322100794,0.0,0.0,0.0,0.023841853740308932,-5.975821615228418e-05,0.0,0.0,-0.0065999875392913476,0.0,0.0,0.0,0.0,-0.0033225100989906307,0.0005131249758782594,0.0,-0.00031234679258139496,0.0,0.0,0.0,0.0,0.0,0.0,0.0018687331550546686,0.008205325122936095
0.029791551391851714,-1.7512438323495343e-06,0.0,0.0,0.05594998976355278,0.0,0.0,0.16142077430141735,-0.16142077430141735,0.20258632892629994,0.0,0.0,0.0,0.0,-0.14788841646523707,0.0,0.19559013387875135,0.0,-0.0004132936859450807,0.0,0.0,0.0,0.024130645661344468,-5.9542310781680176e-05,0.0,0.0,-0.006576141901864333,0.0,0.0,0.0,0.0,-0.003310505929180239,0.0,0.0,-0.0003112182891830103,0.0,0.0,0.0,0.0005112710644796855,0.0,0.0,0.0018619814554494813,0.008175679429412056
0.02854104455946424,-1.7560921635423394e-06,0.0,0.0,0.054054141625687946,0.0,0.0,0.1618676688804334,-0.1618676688804334,0.2009939072476123,0.0,0.0,0.0,0.00025634326105638617,-0.14799023470062037,0.0,0.1973620742295105,0.0,-0.0004144378924983558,0.0,0.0,0.0,0.026555809529785653,-5.970715409893955e-05,0.0,0.0,-0.006338004737139117,0.0,0.0,0.0,0.0,-0.003319671088745071,0.0,0.0,-0.00031207989926342554,0.0,0.0,0.0,0.0,0.0,0.0,0.0018671363645512988,0.008198313856935957
0.030603326456901517,-1.750885761458717e-06,0.0,0.0,0.0569608829120161,0.0,0.0,0.1613877691428079,-0.1613877691428079,0.2026471400915845,0.0,0.0,0.0,0.0,-0.14765371161132124,0.0,0.1948345090897359,0.0005111665266180093,-0.00041320918118591365,0.0,0.0,0.0,0.02330784530742455,-5.9530136367204544e-05,0.0,0.0,-0.006574797300418524,0.0,0.0,0.0,0.0,-0.003309829041253372,0.0,0.0,-0.00031115465543424964,0.0,0.0,0.0,0.0,0.0,0.0,0.0018616007424121976,0.008174007775949387
0.028459135615205085,-1.7542035148941683e-06,0.0,0.0,0.05399600727281692,0.0,0.0,0.16220571796318656,-0.16220571796318656,0.2006753145321189,0.0,0.0,0.0,0.0,-0.1477798600891435,0.0,0.19761073614121877,0.0,-0.00041399217126477376,0.0,0.0,0.0,0.02657846270082603,-5.964294002281291e-05,0.0,0.0,-0.006331188315810321,0.0,0.0,0.0,0.0,-0.003316100836315105,0.0,0.0,-0.0003117442623919095,0.0,0.0,0.0,0.0,0.0,0.0,0.0018651282896654411,0.008189496703312338
0.028677207614695013,-1.7550124380745702e-06,0.0,0.0,0.05376472102722858,0.0,0.0,0.16176814526309313,-0.16176814526309313,0.20143393546536528,0.0,0.0,0.0,0.0,-0.1480529549517789,0.0,0.19765062407394085,0.0,-0.00041418307720071423,0.0,0.0,0.0,0.026385770418508862,-5.967044342040739e-05,0.0,0.0,-0.006334107843074213,0.0,0.0,0.0,0.0,-0.003317630003719154,0.0,0.0,-0.00031188801832334216,0.0,0.0,0.0,0.0,0.0,0.0,0.0018659883640496978,0.008193273160070569
0.0,-4.049865339899398e-07,0.0,0.0,0.025101742266814043,0.0,0.0,0.2737348098676467,-0.2737348098676467,0.014234838473322015,0.0,0.0,0.0031589705087662354,-0.113405029467656,-0.021229197172293966,0.0,0.2563845572564129,0.0,-9.557685474687088e-05,0.0,0.0,0.0,0.01270632853707668,-1.3769546892206585e-05,0.0,0.0,-0.003041143488611611,0.0,0.0,0.0,0.0,-0.0007655760421511966,0.0,0.0,-7.197125490024263e-05,0.0,0.0,0.0,0.0,0.0,0.0,0.00043059533005425664,0.0018906790784743105
0.0,-9.319799008431819e-07,0.0,0.0,0.028687203666379415,0.0,0.0,0.23737604519397204,-0.23737604519397204,0.07637578754362402,0.0,0.0,0.0,-0.07559938788043546,-0.06339316733752341,0.0,0.24106628004255662,0.0,-0.00021994733190833606,0.0,0.0,0.0,0.029240584108803435,-3.168732752870498e-05,0.0,0.0,-0.0033636577561779635,0.0,0.0,0.0,0.0,-0.001761790637388728,0.0,0.0,-0.00016562467483709895,0.0,0.0,0.0,0.0,0.0,0.0,0.0009909124361588576,0.004350946888832945
0.0,-4.337908652571075e-07,0.0,0.0,0.06931674516458161,0.0,0.0,0.2874176121706187,-0.2874176121706187,0.0,0.0,0.0,0.0,-0.09831152729150959,-0.01589634992787753,0.0,0.22636594645748828,0.0,-0.00010237467925347837,0.0,0.0,0.0,0.0,-1.4748894492173379e-05,0.0,0.0,-0.004968131366982752,0.0,0.0,0.0,0.0,-0.0008200270030537091,0.0,0.0,-7.709015070015053e-05,0.0,0.0,0.0,0.006805027806772077,0.0,0.0,0.00046122106569732453,0.0020251520594886134
0.0,-3.1116261104657737e-07,0.0,0.0,0.042594974447346105,0.0,0.0,0.28693609915035967,-0.28693609915035967,0.0,0.0,0.0,0.0,-0.12729537605753521,0.0,0.0,0.24314311678596395,0.0,-7.343440135072384e-05,0.0,0.0,0.0,0.0,-1.0579532414807938e-05,0.0,0.0,-0.004276354658661495,0.0,0.0,0.0,0.0,-0.0005882137311666477,0.0028506534748816955,0.0,-5.529755119120721e-05,0.0,0.0,0.0,0.0034559890997304583,0.0,0.0,0.0003308385735301351,0.0014526622228970636
0.0,-5.635975199792037e-07,0.0,0.0,0.025217387596378742,0.0,0.0,0.2825812796997929,-0.2825812796997929,0.0,0.0,0.0,0.0,-0.12732182043095094,0.0,0.0,0.2574519552574328,0.0,-0.0001330090602570186,0.0,0.0,0.0,0.0,-1.9162322270887555e-05,0.0,0.0,-0.002100677353906688,0.0,0.0,0.0,0.0,-0.0010654101371247741,0.0,0.0,-0.00010015844322511592,0.0,0.0,0.0,0.00013313570925860198,0.0,-0.018063770567881623,0.0005992358751840232,0.0026311542490229014
0.0,-3.9564624119493663e-07,0.0,0.0,0.0620854131171825,0.0,0.0,0.28713799457488764,-0.28713799457488764,0.0,0.0,0.0,0.0,-0.10523108465155853,-0.012680792007838861,0.0,0.2314547979179611,0.0,-9.337254489250067e-05,0.0,0.0,0.0,0.0,-1.3451976827936422e-05,0.0,0.0,-0.004644876419755405,0.0,0.0,0.0,0.0,-0.0007479193948545991,0.0,0.0,-7.031136614550005e-05,0.0,0.0,0.0,0.006433857456586809,0.0,0.0,0.0004206644160081918,0.0018470739343714809
0.0,-2.9197644812045235e-07,0.0,0.0,0.041138346336835316,0.0,0.0,0.28676494514939294,-0.28676494514939294,0.0,0.0,0.0,0.0,-0.1291272413660304,0.0,0.0,0.24567222067214564,0.00467904433847354,-6.890646534980584e-05,0.0,0.0,0.0,0.0,-9.927202650926564e-06,0.0,0.0,-0.0034277957877285217,0.0,0.0,0.0,0.0,-0.0005519447062873768,0.0,0.0,-5.18879261626673e-05,0.0,0.0,0.0,6.897207693312452e-05,0.0,0.0,0.00031043919857744895,0.001363091647591157
0.0,-3.0101405430443127e-07,0.0,0.0,0.041205740973391074,0.0,0.0,0.2867974664238625,-0.2867974664238625,0.0,0.0,0.0,0.0,-0.128099272473752,0.0,0.0,0.24443279051613923,0.0,-7.103934113951552e-05,0.0,0.0,0.0,0.0,-1.0234481366881809e-05,0.0,0.0,-0.004136881513873959,0.0,0.0,0.0,0.0,-0.0005690291626634587,0.002411937873175765,0.0,-5.349402365916162e-05,0.0,0.0,0.0,0.00368901379337512,0.0,0.0,0.0003200482860188291,0.0014052836996655685
0.0,-3.339038465702734e-07,0.0,0.0,0.028734565518122437,0.0,0.0,0.2848862951880392,-0.2848862951880392,0.0,0.0,0.0,0.0,-0.13146838392520313,0.0,0.0,0.25560414180429203,0.0,-7.880133477193896e-05,0.0,0.0,0.0,0.0,-1.1352734688585333e-05,0.0,0.0,-0.002743950543273257,0.0,0.0,0.0,0.0,-0.0006312031730978007,0.0,0.0,-5.9338957809095e-05,0.0,0.0,0.0,0.0030776811615939904,0.0,-0.005903809096007549,0.00035501782146634114,0.0015588296497487846
0.0,-2.482155148402832e-07,0.0,0.0,0.03498872672238848,0.0,0.0,0.2861547162275212,-0.2861547162275212,0.0,0.0,0.0,0.0,-0.12972181006042346,-0.0016169040413651166,0.0,0.2512208993804103,0.0,-5.8578881559550416e-05,0.0,0.0,0.0,0.0,-8.439330407591725e-06,0.0,0.0,-0.0033102067262105682,0.0,0.0,0.0,0.0,-0.00046922017277904374,0.0,0.0,-4.411105207070601e-05,0.0,0.0,0.0,0.004828718071563969,0.0,0.0,0.00026391109967101767,0.0011587937905928273
0.0,-2.5605216644176875e-07,0.0,0.0,0.03561683161996559,0.0,0.0,0.28637286061247147,-0.28637286061247147,0.0,0.0,0.0,0.0,-0.13137502296227943,0.0,0.0,0.25033611451487814,0.002263650336494707,-6.0428331970747595e-05,0.0,0.0,0.0,0.0,-8.705776653696345e-06,0.0,0.0,-0.0032360072207482603,0.0,0.0,0.0,0.0,-0.00048403437575432625,0.0,0.0,-4.550372467247928e-05,0.0,0.0,0.0,0.0023601013798962276,0.0,0.0,0.00027224329173087934,0.001195379187846033
0.0,-2.4931738241438614e-07,0.0,0.0,0.03412899608182796,0.0,0.0,0.2862610766217887,-0.2862610766217887,0.0,0.0,0.0,0.0,-0.13168490198632596,0.0,0.0,0.2511721830863884,0.0,-5.883892239607596e-05,0.0,0.0,0.0,0.0,-8.476793917998195e-06,0.0,0.0,-0.0034264063609282954,0.0,0.0,0.0,0.0,-0.0004713031146686065,0.0007714388226183141,0.0,-4.430686794453465e-05,0.0,0.0,0.0,0.004281724901766503,0.0,0.0,0.0002650826424062107,0.0011639378578512645
0.0,-2.073542491670755e-07,0.0,0.0,0.028384672937129117,0.0,0.0,0.2859857318561267,-0.2859857318561267,0.0,0.0,0.0,0.0,-0.13411526506829186,0.0,0.0,0.25680272382565034,0.0,-4.893561955884772e-05,0.0,0.0,0.0,0.0,-7.050046896806842e-06,0.0,0.0,-0.0028497006964829335,0.0,0.0,0.0,0.0,-0.0003919770957236471,0.0,0.0,-3.6849485770365704e-05,0.0,0.0,0.0,0.004202655105076446,0.0,0.0,0.00022046602507644702,0.0009680330278405688
0.0,-1.8129855051790704e-07,0.0,0.0,0.02554426087988791,0.0,0.0,0.28636667748731776,-0.28636667748731776,0.0,0.0,0.0,0.0,-0.13578445163770148,0.0,0.0,0.257945359965476,0.0,-4.278647257219341e-05,0.0,0.0,0.00290538487550993,0.0,-6.16415283799885e-06,0.0,0.0,-0.0035811326314317943,0.0,0.0,0.0,0.0,-0.00034272207864742457,0.0,0.0,-3.221905692472465e-05,0.0,0.0,0.0,4.2827213135445804e-05,0.0,0.0,0.000192762728255443,0.0008463920344335191
0.0,-1.499341656081404e-07,0.0,0.0,0.018722383462670328,0.0,0.0,0.2848808103600194,-0.2848808103600194,0.0,0.0,0.0,0.002402757528042487,-0.13872427228398904,0.0,0.0,0.26377909685975953,0.0,-3.538447519906549e-05,0.0,0.0,0.0,0.0,-5.097763384242404e-06,0.0,0.0,-0.0029616019074172177,0.0,0.0,0.0,0.0,-0.00028343165872367885,0.0,0.0,-2.6645207051518214e-05,0.0,0.0,0.0,0.002438175695746761,0.0,0.0,0.00015941505731163527,0.0006999674464999751
0.0,-3.946910000487341e-07,0.0,0.0,0.028583752400340907,0.0,0.0,0.2843344214418968,-0.2843344214418968,0.0,0.0,0.0,0.0,-0.1302474804077416,0.0,0.0,0.255337390141966,0.0,-9.314710790480789e-05,0.0,0.0,0.0,0.0,-1.3419498617793447e-05,0.0,0.0,-0.0026584932251611545,0.0,0.0,0.0,0.0,-0.0007461136317621703,0.0,0.0,-7.01416076516874e-05,0.0,0.0,0.0,0.0024679862896826886,0.0,-0.00885057495055472,0.0004196487714321164,0.0018426143923905918
0.0,-2.1492551595242168e-07,0.0,0.0,0.025830687920156692,0.0,0.0,0.286063731437719,-0.286063731437719,0.0,0.0,0.0,0.0,-0.1350025584639194,0.0,0.0,0.25756426861519255,0.0,-5.07224391319914e-05,0.0,0.0,0.002702357411417277,0.0,-7.307470056058899e-06,0.0,0.0,-0.0035034417812608884,0.0,0.0,0.0,0.0,-0.00040628962212419195,0.0,0.0,-3.8194996116987324e-05,0.0,0.0,0.0,5.077073618981232e-05,0.0,-0.0014838272159795683,0.00022851605105693053,0.0010033794764436157
0.0,-3.4977741460915575e-07,0.0,0.0,0.02298015818162886,0.0,0.0,0.28376989329796587,-0.28376989329796587,0.0,0.0,0.0,0.0014659707953966572,-0.13321567936462508,0.0,0.0,0.2593784176883578,0.0,-8.254749811179093e-05,0.0,0.0,0.0,0.0,-1.1892436187557769e-05,0.0,0.0,-0.002769683937719562,0.0,0.0,0.0,0.0,-0.0006612101545011062,0.0,0.0,-6.215989261956236e-05,0.0,0.0,0.0,0.0015485968938549124,0.0,-0.008278716269375649,0.0003718951339080704,0.0016329353803669756
0.0,-5.300502862158671e-07,0.0,0.0,0.01705179709973575,0.0,0.0,0.27895944331495426,-0.27895944331495426,0.006664566154613238,0.0,0.0,0.0,-0.13300693984898534,0.0,0.0,0.2619904675519667,0.0,-0.0001250919103780614,0.0,0.0,0.0,0.0,-1.8021715930580064e-05,0.0,0.0,-0.001975637921058482,0.0,0.0,0.0,0.0,-0.00100199331633168,0.0,0.0,-9.419667336429603e-05,0.0,0.0,0.0,0.00012521102080200488,0.0,-0.016988553746646557,0.0005635673257821063,0.0024745390342103438
0.0,-2.6162507512201173e-07,0.0,0.0,0.03581379315504903,0.0,0.0,0.2863501122811467,-0.2863501122811467,0.0,0.0,0.0,0.0,-0.1309472489798807,0.0,0.0,0.2495290357952352,0.0,-6.174353886960807e-05,0.0,0.0,0.0,0.0,-8.895255614002956e-06,0.0,0.0,-0.003595552836690933,0.0,0.0,0.0,0.0,-0.000494569257812396,0.001026671899801475,0.0,-4.649410138256394e-05,0.0,0.0,0.0,0.004275944091885265,0.0,0.0,0.00027816859603393816,0.001221396304376246
0.0,-1.9335931163729014e-07,0.0,0.0,0.02714822265781787,0.0,0.0,0.28641007740038,-0.28641007740038,0.0,0.0,0.0,0.0,-0.1350755642999458,0.0,0.0,0.2564794616052064,0.0,-4.5632813170946804e-05,0.0,0.0,0.00271725331552784,0.0,-6.57421885711536e-06,0.0,0.0,-0.003676336154169085,0.0,0.0,0.0,0.0,-0.00036552142871998215,0.00019070514319415263,0.0,-3.4362407480759727e-05,0.0,0.0,0.0,0.0003317339787633195,0.0,0.0,0.00020558613589752357,0.0009026976811774686
0.0,-2.5031783460665083e-07,0.0,0.0,0.030845977138138397,0.0,0.0,0.28348820890562954,-0.28348820890562954,0.0,0.0,0.0,0.0,-0.13688728244135043,0.005471952963088268,0.0,0.24825851186859743,0.0,-5.907502919429272e-05,0.0,0.0,0.0,0.0,-8.510809304236053e-06,0.0,0.0,-0.0037821527863768916,0.0,0.0,0.0,0.0,-0.0004731943435501438,0.0033737120831828383,0.0,-4.4484661015913104e-05,0.0,0.0,0.0,0.002383722922678733,0.0,0.0,0.00026614635688996786,0.0011686084675386857
0.0,-2.3059188317003358e-07,0.0,0.0,0.03043149979234955,0.0,0.0,0.2856799291209885,-0.2856799291209885,0.0,0.0,0.0,0.0015122229788690144,-0.1335771716039065,0.0,0.0,0.25322645973058516,0.0,-5.4419703061280535e-05,0.0,0.0,0.0,0.0,-7.840126724684809e-06,0.0,0.0,-0.0037361426197852193,0.0,0.0,0.0,0.0,-0.00043590491646789103,0.0010915540541225992,0.0,-4.097910870777178e-05,0.0,0.0,0.0,0.003204025580644863,0.0,0.0,0.0002451730606032932,0.001076517890311891
0.0,-2.89147727437962e-07,0.0,0.0,0.03247049025054923,0.0,0.0,0.28269141067762765,-0.28269141067762765,0.007110872112696247,0.0,0.0,0.0,-0.13376023938951104,0.0,0.0,0.24910767206635,0.0,-6.82388870401612e-05,0.0,0.0,0.0,0.0,-9.83102611463839e-06,0.0,0.0,-0.003973800795384198,0.0,0.0,0.0,0.0,-0.0005465973660607362,0.0023168564549647256,0.0,-5.13852265413358e-05,0.0,0.0,0.0,0.003543588545413672,0.0,0.0,0.00030743160742643434,0.001349885768964672
0.0,-2.7111536627248524e-07,0.0,0.0,0.037872855241036486,0.0,0.0,0.28650345166410796,-0.28650345166410796,0.0,0.0,0.0,0.0,-0.13050436852926678,0.0,0.0,0.24834671292884136,0.003039753717649308,-6.398324834799001e-05,0.0,0.0,0.0,0.0,-9.217925624113425e-06,0.0,0.0,-0.0033460101235393094,0.0,0.0,0.0,0.0,-0.0005125094581105682,0.0,0.0,-4.818064675171246e-05,0.0,0.0,0.0,0.0016952730282681296,0.0,0.0,0.0002882589933861391,0.0012657017155958592
0.0,-1.9966750400785323e-07,0.0,0.0,0.028132375008198977,0.0,0.0,0.2864327770457633,-0.2864327770457633,0.0,0.0,0.0,0.0,-0.13472323317153984,0.0,0.0,0.25582108904788214,0.0006892436090723362,-4.712154708013798e-05,0.0,0.0,0.002510511406166669,0.0,-6.788697471492415e-06,0.0,0.0,-0.0035993469254754764,0.0,0.0,0.0,0.0,-0.000377446271999596,0.0,0.0,-3.548345344885317e-05,0.0,0.0,0.0,4.716641542879957e-05,0.0,0.0,0.0002122932185975025,0.0009321474686074655
0.0,-2.4522484748212573e-07,0.0,0.0,0.03352345262721957,0.0,0.0,0.2860094123955358,-0.2860094123955358,0.0,0.0,0.0,0.001027774949723657,-0.13257370123266912,0.0,0.0,0.2514965016541844,0.002902055492596542,-5.78730838213621e-05,0.0,0.0,0.0,0.0,-8.33764768243681e-06,0.0,0.0,-0.003392820706143639,0.0,0.0,0.0,0.0,-0.0004635666927561602,0.0,0.0,-4.3579572466593705e-05,0.0,0.0,0.0,0.0010857031393270641,0.0,0.0,0.00026073132135720267,0.0011448318641331075
0.0,-2.827069778214092e-07,0.0,0.0,0.03627770908979772,0.0,0.0,0.2847003867137266,-0.2847003867137266,0.0035546049215682096,0.0,0.0,0.0,-0.1321021324843574,0.0,0.0,0.24846685111165281,0.004530497211461797,-6.671886961020506e-05,0.0,0.0,0.0,0.0,-9.612040552347352e-06,0.0,0.0,-0.003318972451291376,0.0,0.0,0.0,0.0,-0.0005344219400006445,0.0,0.0,-5.024062346568618e-05,0.0,0.0,0.0,6.678239820146475e-05,0.0,0.0,0.00030058358539564433,0.0013198171382135804
0.0,-2.600885069782069e-07,0.0,0.0,0.03694640282297576,0.0,0.0,0.2862082459533967,-0.2862082459533967,0.0,0.0,0.0,0.0,-0.12834280857628935,-0.002148720174240216,0.0,0.24960342585316408,0.0,-6.138090866350656e-05,0.0,0.0,0.0,0.0,-8.84301227914255e-06,0.0,0.0,-0.003440140538225751,0.0,0.0,0.0,0.0,-0.0004916645692380866,0.0,0.0,-4.622103369199198e-05,0.0,0.0,0.0,0.005002882812822645,0.0,0.0,0.00027653486500462705,0.0012142228381043672
0.0,-1.898222619922812e-07,0.0,0.0,0.026909033251072172,0.0,0.0,0.2863973495430275,-0.2863973495430275,0.0,0.0,0.0,0.0,-0.13487857963960936,-0.00032762912920644444,0.0,0.2568036245940206,0.0,-4.47980691689107e-05,0.0,0.0,0.002878166341763618,0.0,-6.453959127817241e-06,0.0,0.0,-0.0036675915120950434,0.0,0.0,0.0,0.0,-0.0003588350817902703,0.0,0.0,-3.3733828799173054e-05,0.0,0.0,0.0,0.0002086552897440054,0.0,0.0,0.00020182542552449976,0.0008861849697609712
0.0,-2.2000536971466886e-07,0.0,0.0,0.030075824962644583,0.0,0.0,0.2852351747448695,-0.2852351747448695,0.0,0.0,0.0,0.0022238770222000946,-0.13130662938425547,-0.0026036015442021023,0.0,0.2542716497777112,0.0,-5.1921285030363176e-05,0.0,0.0,0.0,0.0,-7.4801851433870915e-06,0.0,0.0,-0.0036947957396203652,0.0,0.0,0.0,0.0,-0.0004158924459506865,0.0,0.0,-3.909775070089092e-05,0.0,0.0,0.0,0.0035776485179103345,0.0,0.0,0.00023391712275635772,0.0010270947667654125
0.0,-3.6550234572616634e-07,0.0,0.0,0.035187575242611895,0.0,0.0,0.2743623169163163,-0.2743623169163163,0.022167611707155366,0.0,0.0,0.0,-0.12393178514268356,-0.011714655017402556,0.0,0.24508917959936963,0.0,-8.625858312607046e-05,0.0,0.0,0.0,0.0,-1.242708402944817e-05,0.0,0.0,-0.004290987883269911,0.0,0.0,0.0,0.0,-0.0006909361565216085,0.0,0.0,-6.49544127596795e-05,0.0,0.0,0.0,0.005943668225806867,0.0,0.0,0.0003886144105657427,0.0017063471997192706
0.0,-2.74399874063796e-07,0.0,0.0,0.02614596418649307,0.0,0.0,0.28550970537681286,-0.28550970537681286,0.0,0.0,0.0,0.0,-0.1336424378781246,0.0,0.0,0.2570952294687053,0.0,-6.475839245214651e-05,0.0,0.0,0.002311387209024839,0.0,-9.329598927432185e-06,0.0,0.0,-0.0033341482768555366,0.0,0.0,0.0,0.0,-0.0005187184064687103,0.0,0.0,-4.876434553582101e-05,0.0,0.0,0.0,6.482005430986027e-05,0.0,-0.004171970401137817,0.0002917511927502305,0.0012810354357147397
0.0,-2.000251501588649e-07,0.0,0.0,0.02856291327674012,0.0,0.0,0.28643406401361776,-0.28643406401361776,0.0,0.0,0.0,0.0,-0.13372338712924184,-0.000760294632780987,0.0,0.2554572132250639,0.0,-4.7205951600676594e-05,0.0,0.0,0.0028253391275607945,0.0,-6.800857444809687e-06,0.0,0.0,-0.0037609595425373995,0.0,0.0,0.0,0.0,-0.00037812235700934824,0.0,0.0,-3.554701171595148e-05,0.0,0.0,0.0,0.00042739821670840383,0.0,0.0,0.00021267348003711206,0.0009338171391729352
0.0,-2.2587019912375943e-07,0.0,0.0,0.031824232874049715,0.0,0.0,0.286527065845514,-0.286527065845514,0.0,0.0,0.0,0.0,-0.13318712237022742,0.0,0.0,0.25283552455514735,0.0017170630789435887,-5.330538524482056e-05,0.0,0.0,0.0019026010523356602,0.0,-7.679589411888698e-06,0.0,0.0,-0.003603010697018392,0.0,0.0,0.0,0.0,-0.0004269791673847751,0.0,0.0,-4.01400054351152e-05,0.0,0.0,0.0,5.33561417407106e-05,0.0,0.0,0.00024015280701538547,0.0010544747148178678
0.0,-2.0889259565327535e-07,0.0,0.0,0.02920529748237004,0.0,0.0,0.2864659729752274,-0.2864659729752274,0.0,0.0,0.0,0.0,-0.13414082952653655,0.0,0.0,0.25462629560578076,0.0,-4.929866945389815e-05,0.0,0.0,0.0024401626696314484,0.0,-7.102350695329478e-06,0.0,0.0,-0.003785903425197442,0.0,0.0,0.0,0.0,-0.00039488514603030583,0.00045371414309432163,0.0,-3.712286949498588e-05,0.0,0.0,0.0,0.0007299168254635375,0.0,0.0,0.00022210164689931853,0.0009752147963014797
0.004675871827765921,-3.925514812760675e-08,0.0,0.0,0.0,0.0,0.0,0.28184167049856346,-0.28184167049856346,0.0,0.0,0.0,0.0,-0.14720275172550082,0.0029867581549515494,0.0,0.2809927782684565,0.0,-9.264218130157311e-06,0.0,0.0,0.0,0.0,-1.3346754954499886e-06,0.0,0.0,-0.00014167782304090368,0.0,0.0,0.0,0.0,-7.420691409541697e-05,0.0,0.0,-6.9761387970221965e-06,0.0,0.0,0.0,0.0,0.0,0.0,4.173739629761479e-05,0.00018326260519348464
0.001191643829126282,-3.663971458943944e-08,0.0,0.0,0.0,0.0,0.0,0.28209968933682367,-0.28209968933682367,0.0,0.0,0.0,0.003172690975297976,-0.1484995644583347,0.0027877608814356886,0.0,0.27813466485848537,0.0,-8.646975603807728e-06,0.0,0.0,0.0,0.0,-1.2457507245633125e-06,0.0,0.0,-0.0017185838117280954,0.0,0.0,0.0,0.0,-6.92627663556569e-05,0.0,0.0,-6.51134301234369e-06,0.0,0.0,0.0,0.0,0.0,0.0,3.895657922573136e-05,0.00017105245730773838
0.00022407521544845892,-5.081839825462564e-08,0.0,0.0,0.0,0.0,0.0,0.2793685504160805,-0.2793685504160805,0.0,0.0,0.0,0.0,-0.15364578523638225,0.010861538903656126,0.0,0.27244045136783335,0.0,-1.1993146094510997e-05,0.0,0.0,0.0,0.0,-1.7278261350074402e-06,0.0,0.0,-0.0013492416855576835,0.0,0.0,0.0,0.0,-9.606578228896375e-05,0.002331660654678965,0.0,-9.031075325819504e-06,0.0,0.0,0.0,0.0,0.0,0.0,5.403183348763581e-05,0.0002372456225519411
0.005497795175188585,-6.781374881611078e-08,0.0,0.0,0.0,0.0,0.0,0.28049848446718256,-0.28049848446718256,0.005159661266235635,0.0,0.0,0.0,-0.14594166856150526,0.0,0.0,0.28161184338358963,0.0,-1.6004050200343727e-05,0.0,0.0,0.0,0.0,-2.3056682528682586e-06,0.0,0.0,-0.0002447501732327557,0.0,0.0,0.0,0.0,-0.0001281933522840617,0.0,0.0,-1.2051365149604149e-05,0.0,0.0,0.0,0.0,0.0,0.0,7.210186290889128e-05,0.0003165883933383268
5.617795262952493e-05,-3.5672346986197944e-07,0.0,0.0,0.0,0.0,0.0,0.27477116284810077,-0.27477116284810077,0.015595939099398791,0.0,0.0,0.0,-0.14423840600030627,0.0,0.0,0.2748549905258024,0.0,-8.41867677127386e-05,0.0,0.0,0.0,0.0,-1.2128602147391854e-05,0.0,0.0,-0.001287469467020042,0.0,0.0,0.0,0.0,-0.000674340797232927,0.0,0.0,-6.339429492975019e-05,0.0,0.0,0.0,0.0,0.0,-0.011545640629441654,0.0003792804139189831,0.0016653630297879475
0.0027901441312049237,-1.707514482331266e-07,0.0,0.0,0.0,0.0,0.0,0.27337067389666925,-0.27337067389666925,0.021281516285867736,0.0,0.0,0.0,-0.14963693983731619,0.0,0.0,0.27341079936801854,0.0,-4.02973555807186e-05,0.0,0.0,0.0,0.0,-5.805551236961935e-06,0.0,0.0,-0.001997894870470541,0.0,0.0,0.0,0.0,-0.0003227841099851218,0.002763253647172643,0.0,-3.0344702783814572e-05,0.0,0.0,0.0,0.0,0.0,0.0,0.00018154869369313865,0.0007971529018828593
1.6132368600777597e-05,-1.0243866561518898e-07,0.0,0.0,0.0,0.0,0.0,0.2778353566004251,-0.2778353566004251,0.014425143519731605,0.0,0.0,0.0,-0.14917434645855812,0.0,0.0,0.2762016743124154,0.0,-2.4175533362818932e-05,0.0,0.0,0.0016577547031179673,0.0,-3.4829158289950786e-06,0.0,0.0,-0.0020274714875865084,0.0,0.0,0.0,0.0,-0.00019364739714252912,0.0,0.0,-1.8204652984374607e-05,0.0,0.0,0.0,0.0,0.0,0.0,0.00010891624122985196,0.0004782347699251518
2.1330363673532926e-05,-1.354453301853078e-07,0.0,0.0,0.0,0.0,0.0,0.27529669437878074,-0.27529669437878074,0.019073055230336776,0.0,0.0,0.0,-0.15011385746399786,0.0,0.0,0.2753285231437604,0.002191898262063727,-3.196510886849562e-05,0.0,0.0,0.0,0.0,-4.605142810410897e-06,0.0,0.0,-0.0015847920073682653,0.0,0.0,0.0,0.0,-0.0002560423399502606,0.0,0.0,-2.407035682834943e-05,0.0,0.0,0.0,0.0,0.0,0.0,0.0001440100392495992,0.0006323263382005875
0.002062901601921638,-6.342845410102515e-08,0.0,0.0,0.0,0.0,0.0,0.28083577338046595,-0.28083577338046595,0.004826002743038351,0.0,0.0,0.003079369029243361,-0.14728188682472465,0.0,0.0,0.2787977659653517,0.0,-1.4969120293226442e-05,0.0,0.0,0.0,0.0,-2.1565681812668233e-06,0.0,0.0,-0.0017686074896839834,0.0,0.0,0.0,0.0,-0.00011990350486971482,0.0,0.0,-1.1272042536966479e-05,0.0,0.0,0.0,0.0,0.0,0.0,6.743926979345108e-05,0.0002961156509755836
0.026024176455781305,-8.00170633589535e-07,0.0,0.0,0.0,0.0,0.0,0.2019718362059437,-0.2019718362059437,0.13857608752332923,0.0,0.0,0.0,-0.09045940692037521,-0.07769448907776003,0.0,0.25395619711291906,0.0,-0.00018884033418552725,0.0,0.0,0.0,0.0,-2.7205810900496386e-05,0.0,0.0,-0.002887937986113453,0.0,0.0,0.0,0.0,-0.0015126218165177532,0.0,0.0,-0.00014220049260993859,0.0,0.0,0.0,0.0,0.0,0.0,0.0008507683815451709,0.0037355955054417882
0.0071589384274585565,-2.917967598068597e-07,0.0,0.0,0.03457478394190462,0.0,0.0,0.2842065588236114,-0.2842065588236114,0.0,0.0,0.0,0.0,-0.12996031849612866,0.0,0.0,0.2502980620819493,0.0,-6.886405889327814e-05,0.0,0.0,0.0,0.0,-9.921093246162858e-06,0.0,0.0,-0.0031153395430310203,0.0,0.0,0.0,0.0,-0.0005516050281588579,0.004124400971128544,0.0,-5.185599326531202e-05,0.0,0.0,0.0,0.0,0.0,0.0,0.0003102481479073538,0.0013622527729456007
0.018152979853373812,-3.437869911453758e-07,0.0,0.0,0.04559432513862147,0.0,0.0,0.2797728456872428,-0.2797728456872428,0.0,0.0,0.0,0.0,-0.10371326141297676,-0.019437027348485524,0.0,0.24954129248344772,0.0,-8.113375769027815e-05,0.0,0.0,0.0,0.0,-1.1688761719727831e-05,0.0,0.0,-0.0012407797401993597,0.0,0.0,0.0,0.0,-0.0006498860133228115,0.0,0.0,-6.109531822538557e-05,0.0,0.0,0.0,0.0,0.0,0.0,0.0003655259138178658,0.0016049690966424613
0.0013373484467595217,-2.694558928674837e-07,0.0,0.0,0.0369081393367908,0.0,0.0,0.28607982154830014,-0.28607982154830014,0.0,0.0,0.0,0.0,-0.13080125391819616,0.0,0.0,0.2494939853147452,0.0041015950905649344,-6.359161249031465e-05,0.0,0.0,0.0,0.0,-9.161503508934885e-06,0.0,0.0,-0.0030233050029771762,0.0,0.0,0.0,0.0,-0.0005093724326175482,0.0,0.0,-4.7885737233969076e-05,0.0,0.0,0.0,0.0,0.0,0.0,0.00028649458534149867,0.001257954466280654
0.006504648692456769,-8.023300223296806e-08,0.0,0.0,0.006104589719966828,0.0,0.0,0.2830316116497871,-0.2830316116497871,0.0,0.0,0.0,0.0,-0.14214614025013225,0.0,0.0,0.2782442788280993,0.0,-1.893499501026927e-05,0.0,0.0,0.0,0.0,-2.7279230142916623e-06,0.0,0.0,-0.00028957315497705907,0.0,0.0,0.0,0.0,-0.0001516703868997028,0.0,0.0,-1.4258424343719349e-05,0.0,0.0,0.0,0.0,0.0,0.0,8.530643164201353e-05,0.0003745676608813457
0.002315611716515201,-4.665614441171949e-07,0.0,0.0,0.021294906397336992,0.0,0.0,0.2822889861704863,-0.2822889861704863,0.0,0.0,0.0,0.0,-0.13060615898687478,0.0,0.0,0.2615521458807001,0.0,-0.00011010853851251055,0.0,0.0,0.0,0.0,-1.586309455668697e-05,0.0,0.0,-0.0016838914860916715,0.0,0.0,0.0,0.0,-0.0008819756555571342,0.0,0.0,-8.291389911255192e-05,0.0,0.0,0.0,0.0,0.0,-0.014203780130940306,0.0004960638494346201,0.0021781414619505696
2.8439825563792953e-05,-1.805895868845486e-07,0.0,0.0,0.02543015074761376,0.0,0.0,0.2863560006604901,-0.2863560006604901,0.0,0.0,0.0,0.0,-0.1358293762640262,0.0,0.0,0.25804582401913284,0.0,-4.261915709743247e-05,0.0,0.0,0.0029224632632036352,0.0,-6.140048066172929e-06,0.0,0.0,-0.0035742386545609176,0.0,0.0,0.0,0.0,-0.0003413818721790555,0.0,0.0,-3.20930650753939e-05,0.0,0.0,0.0,0.0,0.0,0.0,0.00019200893423000997,0.0008430822386835616
0.0024121299787406626,-7.416624985880965e-08,0.0,0.0,0.005642996196776268,0.0,0.0,0.28323445983939655,-0.28323445983939655,0.0,0.0,0.0,0.0036006750608580883,-0.14400023965702194,0.0,0.0,0.27520844218473134,0.0,-1.750324095973934e-05,0.0,0.0,0.0,0.0,-2.5216533626161453e-06,0.0,0.0,-0.0020680148498202857,0.0,0.0,0.0,0.0,-0.0001402019555285132,0.0,0.0,-1.3180285331946544e-05,0.0,0.0,0.0,0.0,0.0,0.0,7.885605608218546e-05,0.00034624503574341806
0.0017214022258234677,-5.112603973575418e-07,0.0,0.0,0.023008643724379073,0.0,0.0,0.28224061601414047,-0.28224061601414047,0.0,0.0,0.0,0.0,-0.12924592530433546,0.0,0.0,0.2596802925934441,0.0,-0.00012065749508916536,0.0,0.0,0.0,0.0,-1.7382859489638532e-05,0.0,0.0,-0.0018452168329407851,0.0,0.0,0.0,0.0,-0.0009664733976743975,0.0,0.0,-9.085747127466965e-05,0.0,0.0,0.0,0.0,0.0,-0.015890997060252564,0.0005435892827718309,0.002386818463846452
3.412144955287149e-05,-2.166672388630931e-07,0.0,0.0,0.025715862021665516,0.0,0.0,0.28602756734909596,-0.28602756734909596,0.0,0.0,0.0,0.0,-0.13499618142552142,0.0,0.0,0.2576554245384162,0.0,-5.1133485879651095e-05,0.0,0.0,0.0027071961702616228,0.0,-7.3666886553921705e-06,0.0,0.0,-0.003489181315919969,0.0,0.0,0.0,0.0,-0.0004095821299499188,0.0,0.0,-3.850452241736707e-05,0.0,0.0,0.0,0.0,0.0,-0.0015982162693182987,0.00023036790954761863,0.0010115107074632318
0.0010988088499129158,-4.136416651285196e-07,0.0,0.0,0.019118068078738372,0.0,0.0,0.28247303946623575,-0.28247303946623575,0.0,0.0,0.0,0.001550500856851944,-0.1329072862675293,0.0,0.0,0.26241850723018334,0.0,-9.761946639496017e-05,0.0,0.0,0.0,0.0,-1.4063821452144994e-05,0.0,0.0,-0.0022681463523929264,0.0,0.0,0.0,0.0,-0.0007819374776194141,0.0,0.0,-7.35093817195043e-05,0.0,0.0,0.0,0.0,0.0,-0.012354176339605765,0.0004397977571388377,0.0019310855463238585
8.43719795109436e-05,-5.357522636816349e-07,0.0,0.0,0.01672899869179936,0.0,0.0,0.2788385660286079,-0.2788385660286079,0.006694073751336177,0.0,0.0,0.0,-0.13298233569989995,0.0,0.0,0.26223546560782846,0.0,-0.00012643757752073522,0.0,0.0,0.0,0.0,-1.821558323110405e-05,0.0,0.0,-0.0019336117179053394,0.0,0.0,0.0,0.0,-0.001012772186675024,0.0,0.0,-9.52099872381702e-05,0.0,0.0,0.0,0.0,0.0,-0.017340050839019103,0.0005696298603672567,0.0025011587081887553
0.007147628845096129,-3.0613104974032405e-07,0.0,0.0,0.036545483605201504,0.0,0.0,0.28431398635259053,-0.28431398635259053,0.0,0.0,0.0,0.0,-0.12909990517675224,0.0,0.0,0.24837677406789815,0.0,-7.224695247586891e-05,0.0,0.0,0.0,0.0,-1.0408459271548346e-05,0.0,0.0,-0.0033137515476903802,0.0,0.0,0.0,0.0,-0.0005787021981466925,0.004417755698608934,0.0,-5.4403378790582275e-05,0.0,0.0,0.0,0.0,0.0,0.0,0.0003254888479972654,0.0014291723858398386
0.00038882880338795206,-1.942615156745043e-07,0.0,0.0,0.026997159929416835,0.0,0.0,0.2863022299827394,-0.2863022299827394,0.0,0.0,0.0,0.0,-0.1350670293633557,0.0,0.0,0.25656524139274955,0.0,-4.584573339663263e-05,0.0,0.0,0.002785478843702548,0.0,-6.6048938049324325e-06,0.0,0.0,-0.003665716252864932,0.0,0.0,0.0,0.0,-0.00036722693183688425,0.00035823587876338366,0.0,-3.4522740606147006e-05,0.0,0.0,0.0,0.0,0.0,0.0,0.00020654538963209382,0.0009069096194877884
0.0033077093121733022,-2.701586559121273e-07,0.0,0.0,0.03035072083129619,0.0,0.0,0.2819466780747436,-0.2819466780747436,0.0,0.0,0.0,0.0,-0.13720164612241068,0.006640720234769097,0.0,0.2472322959339767,0.0,-6.375746462563783e-05,0.0,0.0,0.0,0.0,-9.18539746067198e-06,0.0,0.0,-0.003714412474229487,0.0,0.0,0.0,0.0,-0.0005107009176537981,0.0054787372748185854,0.0,-4.8010627159869105e-05,0.0,0.0,0.0,0.0,0.0,0.0,0.00028724178669206445,0.0012612353145907006
0.004798698215851051,-2.5326367586794177e-07,0.0,0.0,0.02958456611357983,0.0,0.0,0.2841226869967422,-0.2841226869967422,0.0,0.0,0.0,0.001980817948308765,-0.13300752903908464,0.0,0.0,0.253277090888406,0.0,-5.977024796999833e-05,0.0,0.0,0.0,0.0,-8.61096794157324e-06,0.0,0.0,-0.0036236103202373937,0.0,0.0,0.0,0.0,-0.00047876308548189614,0.0034382681435118742,0.0,-4.5008174452824785e-05,0.0,0.0,0.0,0.0,0.0,0.0,0.0002692784745870578,0.0011823611234266652
0.005487474657929784,-3.358228825904598e-07,0.0,0.0,0.03222450645181087,0.0,0.0,0.2798516736237554,-0.2798516736237554,0.00963060059980475,0.0,0.0,0.0,-0.13317370357476674,0.0,0.0,0.24770608334860522,0.0,-7.925422742777211e-05,0.0,0.0,0.0,0.0,-1.141798193571589e-05,0.0,0.0,-0.003929330154776076,0.0,0.0,0.0,0.0,-0.0006348308690278495,0.0054345881966117865,0.0,-5.9679994902874057e-05,0.0,0.0,0.0,0.0,0.0,0.0,0.00035705820523011014,0.0015677886667769783
0.000946664732247881,-2.811615901924927e-07,0.0,0.0,0.03887052658497937,0.0,0.0,0.286300858075562,-0.286300858075562,0.0,0.0,0.0,0.0,-0.13006595415915956,0.0,0.0,0.247676879922948,0.0043695326552745445,-6.635415800490454e-05,0.0,0.0,0.0,0.0,-9.55949735489e-06,0.0,0.0,-0.003199521434195563,0.0,0.0,0.0,0.0,-0.000531500579300378,0.0,0.0,-4.996598844050484e-05,0.0,0.0,0.0,0.0,0.0,0.0,0.0002989404771925662,0.0013126024981875543
3.15265573259261e-05,-2.0018997481578517e-07,0.0,0.0,0.028190225835009082,0.0,0.0,0.28642564953728233,-0.28642564953728233,0.0,0.0,0.0,0.0,-0.1346974453415272,0.0,0.0,0.2557811496410599,0.0007383369917479199,-4.7244850233028564e-05,0.0,0.0,0.00250131739339011,0.0,-6.806461485072695e-06,0.0,0.0,-0.003593002073238611,0.0,0.0,0.0,0.0,-0.0003784339372667232,0.0,0.0,-3.5576303152583175e-05,0.0,0.0,0.0,0.0,0.0,0.0,0.00021284872716656212,0.0009345866228577029
0.0006715450026823186,-2.528001054416929e-07,0.0,0.0,0.0343351796188776,0.0,0.0,0.2858906158406973,-0.2858906158406973,0.0,0.0,0.0,0.0009475998506529112,-0.13219207804941563,0.0,0.0,0.250983109356155,0.0037751722621163393,-5.966084531194443e-05,0.0,0.0,0.0,0.0,-8.595206541659059e-06,0.0,0.0,-0.003273780234265761,0.0,0.0,0.0,0.0,-0.0004778867639689572,0.0,0.0,-4.492579209560646e-05,0.0,0.0,0.0,0.0,0.0,0.0,0.00026878559088861127,0.0011801969455275307
4.457021506319767e-05,-2.830156854360427e-07,0.0,0.0,0.03631732326955296,0.0,0.0,0.28469927956616214,-0.28469927956616214,0.003536201336929176,0.0,0.0,0.0,-0.13207924577902122,0.0,0.0,0.248448463128,0.004580014594783918,-6.679172463220392e-05,0.0,0.0,0.0,0.0,-9.622536614855402e-06,0.0,0.0,-0.003311454116766177,0.0,0.0,0.0,0.0,-0.0005350055128702523,0.0,0.0,-5.029548473280916e-05,0.0,0.0,0.0,0.0,0.0,0.0,0.0003009118137342604,0.0013212583392890902
0.01950825072655805,-3.7853322621386745e-07,0.0,0.0,0.051161369870824126,0.0,0.0,0.27944631215463833,-0.27944631215463833,0.0,0.0,0.0,0.0,-0.09797627005094323,-0.022360378045772615,0.0,0.2456798495595489,0.0,-8.933387197413812e-05,0.0,0.0,0.0,0.0,-1.2870134118433592e-05,0.0,0.0,-0.0013661842075922462,0.0,0.0,0.0,0.0,-0.0007155693950918748,0.0,0.0,-6.727016585871521e-05,0.0,0.0,0.0,0.0,0.0,0.0,0.00040246928181101384,0.0017671818474036493
0.016605349860122735,-3.46289410675841e-07,0.0,0.0,0.044059799640755085,0.0,0.0,0.27994290156833995,-0.27994290156833995,0.0,0.0,0.0,0.0,-0.10465482901911244,-0.019018587393251976,0.0,0.25042449631332564,0.0,-8.172432890167784e-05,0.0,0.0,0.0,0.00130648405840027,-1.1773844013030871e-05,0.0,0.0,-0.0012498113543524601,0.0,0.0,0.0,0.0,-0.0006546165223129771,0.0,0.0,-6.1540029984367e-05,0.0,0.0,0.0,0.0,0.0,0.0,0.0003681865705884478,0.0016166516387882543
0.018640723854417552,-3.551994080683763e-07,0.0,0.0,0.04733761423061143,0.0,0.0,0.2796412500790469,-0.2796412500790469,0.0,0.0,0.0,0.0,-0.10198718982882138,-0.020311993916212554,0.0,0.24829125891451326,0.0,-8.382708900629529e-05,0.0,0.0,0.0,0.0,-1.2076784028584576e-05,0.0,0.0,-0.001281968895314247,0.0,0.0,0.0,0.0,-0.0006714597503387368,0.0,0.0,-6.312344977657811e-05,0.0,0.0,0.0,0.0,0.0,0.0,0.0003776599800626418,0.0016582479493948326
0.014953734436778696,-3.999520146061658e-07,0.0,0.0,0.04273953817265971,0.0,0.0,0.28016943103424974,-0.28016943103424974,0.0,0.0,0.0,0.0,-0.10729236696828134,-0.01608112412043997,0.0,0.2501507031792215,0.0,-9.438870776548205e-05,0.0,0.0,0.0,0.0,-1.3598373174276691e-05,0.0,0.0,-0.001443487885105579,0.0,0.0,0.0,0.0,-0.0007560589172582022,0.0,0.0,-7.107655681164197e-05,0.0,0.0,0.0,0.0,0.0,-0.003772242770959471,0.00042524245939368655,0.0018671754316362374
0.017784632357879016,-3.5819946099284773e-07,0.0,0.0,0.04807527724197113,0.0,0.0,0.27997606439891326,-0.27997606439891326,0.0,0.0,0.0,0.0,-0.10234181821156926,-0.01980786250962794,0.0,0.2473477547087911,0.0,-8.453510173889211e-05,0.0,0.0,0.0,0.0,-1.2178785863103934e-05,0.0,0.0,-0.0014617187247694984,0.0,0.0,0.0,0.0,-0.0006771309725928031,0.0,0.0,-6.365659731512495e-05,0.0,0.0,0.0,0.0003378443608097325,0.0,0.0,0.0003808497374268338,0.001672253692358016
0.017767525532784316,-3.5882869334089875e-07,0.0,0.0,0.047531201437235,0.0,0.0,0.2800488670675966,-0.2800488670675966,0.0,0.0,0.0,0.0,-0.10359331714287427,-0.018778996290026374,0.0,0.24731489247970959,0.0,-8.468360062387776e-05,0.0,0.0,0.0,0.0,-1.2200179770296902e-05,0.0,0.0,-0.0015368088516217627,0.0,0.0,0.0,0.0,-0.0006783204571069386,0.0004834826232845251,0.0,-6.376841990158702e-05,0.0,0.0,0.0,0.0,0.0,0.0,0.0003815187584629668,0.0016751912627118713
0.017226377160429667,-3.487625524761734e-07,0.0,0.0,0.04683861874840776,0.0,0.0,0.28019559208265493,-0.28019559208265493,0.0,0.0,0.0,0.0,-0.1037274744197277,-0.01910659257964085,0.0,0.2480381366385917,0.0,-8.23079905664004e-05,0.0,0.0,0.000299039741431143,0.0,-1.1857930863166978e-05,0.0,0.0,-0.001557777042138551,0.0,0.0,0.0,0.0,-0.0006592916854413003,0.0,0.0,-6.197953871855267e-05,0.0,0.0,0.0,0.0,0.0,0.0,0.00037081609828976033,0.0016281974978910778
0.017294870659465198,-3.550804508659182e-07,0.0,0.0,0.047991565925011824,0.0,0.0,0.2802174026836581,-0.2802174026836581,0.0,0.0,0.0,0.0,-0.10245538794267232,-0.019635386192692356,0.0,0.24753830034421057,0.0,-8.379901509690275e-05,0.0,0.00033490259205393684,0.0,0.0,-1.2072739482309727e-05,0.0,0.0,-0.0014489908566352422,0.0,0.0,0.0,0.0,-0.0006712348767278885,0.0,0.0,-6.310230956962855e-05,0.0,0.0,0.0,0.0,0.0,0.0,0.0003775335007564038,0.001657692597858312
0.017515946857823508,-3.5807848619555926e-07,0.0,0.0,0.04802151518155731,0.0,0.0,0.2801066615167677,-0.2801066615167677,0.0,0.0,0.0,0.0,-0.10300147759598395,-0.019275814611990568,0.0,0.24722669230264283,0.0003752558450508136,-8.450655167695657e-05,0.0,0.0,0.0,0.0,-1.2174672718581257e-05,0.0,0.0,-0.001479987850376278,0.0,0.0,0.0,0.0,-0.0006769022849730058,0.0,0.0,-6.363509855592825e-05,0.0,0.0,0.0,0.0,0.0,0.0,0.00038072111294578385,0.0016716889216827975
0.01763975780981891,-3.486582897913464e-07,0.0,0.0,0.04646587591517134,0.0,0.0,0.27975308710210595,-0.27975308710210595,0.0,0.0,0.0,0.0006576907554750557,-0.10306866933449486,-0.01993794161874171,0.0,0.24832272596454516,0.0,-8.228338456435619e-05,0.0,0.0,0.0,0.0,-1.1854385930663446e-05,0.0,0.0,-0.001587206378496642,0.0,0.0,0.0,0.0,-0.0006590945899655383,0.0,0.0,-6.196100991416913e-05,0.0,0.0,0.0,0.0,0.0,0.0,0.0003707052426898392,0.0016277107476899639
0.01943884963314737,-3.7718658472562004e-07,0.0,0.0,0.0492005994126769,0.0,0.0,0.27845217485934964,-0.27845217485934964,0.0017787625959769038,0.0,0.0,0.0,-0.09940647959800022,-0.022280830437573167,0.0,0.2465845999015623,0.0,-8.901606447409535e-05,0.0,0.0,0.0,0.0,-1.282434829208344e-05,0.0,0.0,-0.0013613239728568875,0.0,0.0,0.0,0.0,-0.0007130237389422442,0.0,0.0,-6.703085054900593e-05,0.0,0.0,0.0,0.0,0.0,0.0,0.0004010374872019836,0.0017608950534627472
0.0001844493427588394,-1.887762608222502e-07,0.0,0.0,0.026737696897491416,0.0,0.0,0.28634088575941674,-0.28634088575941674,0.0,0.0,0.0,0.0,-0.13479244224535544,-0.0004641607608212445,0.0,0.25697940328955376,0.0,-4.455121280826047e-05,0.0,0.0,0.0029775872637714863,0.0,-6.418395075802607e-06,0.0,0.0,-0.0036589096113055454,0.0,0.0,0.0,0.0,-0.0003568577483022938,0.0,0.0,-3.35479410954695e-05,0.0,0.0,0.0,0.0,0.0,0.0,0.0002007132818326855,0.0008813017147333204
0.007151033055352001,-2.1987426424207014e-07,0.0,0.0,0.02767422450932101,0.0,0.0,0.281489681036931,-0.281489681036931,0.0,0.0,0.0,0.005202148877088695,-0.12318346902639167,-0.010944921905387307,0.0,0.25769564089100394,0.0,-5.18903441282358e-05,0.0,0.0,0.0,0.0,-7.475727555785382e-06,0.0,0.0,-0.0033946342284417986,0.0,0.0,0.0,0.0,-0.00041564460756498113,0.0,0.0,-3.907445159191992e-05,0.0,0.0,0.0,0.0,0.0,0.0,0.00023377772699993742,0.0010264827010464028
8.976500102262459e-05,-5.699973234718e-07,0.0,0.0,0.024920265400888857,0.0,0.0,0.28246876213290095,-0.28246876213290095,0.0,0.0,0.0,0.0,-0.1272640306464821,0.0,0.0,0.2576824423676645,0.0,-0.00013451941439841228,0.0,0.0,0.0,0.0,-1.937991566448518e-05,0.0,0.0,-0.0020572073671996567,0.0,0.0,0.0,0.0,-0.001077508159693912,0.0,0.0,-0.00010129576965406959,0.0,0.0,0.0,0.0,0.0,-0.018448419609439413,0.0006060403619160322,0.002661031722850461
0.005767355187739282,-3.529510320873779e-07,0.0,0.0,0.04398986488961516,0.0,0.0,0.2853365427018191,-0.2853365427018191,0.0,0.0,0.0,0.0,-0.1254499604021473,0.0,0.0,0.24142961899175047,0.0,-8.329647209309793e-05,0.0,0.0,0.0,0.0,-1.2000339218934589e-05,0.0,0.0,-0.0041297398284546516,0.0,0.0,0.0,0.0,-0.0006672094786868815,0.005711771330672579,0.0,-6.272388478550105e-05,0.0,0.0,0.0,0.0,0.0,0.0,0.00037526943095453705,0.0016477514092112927
4.366147490926077e-05,-2.7724529107772447e-07,0.0,0.0,0.026002303372690508,0.0,0.0,0.28545768513201814,-0.28545768513201814,0.0,0.0,0.0,0.0,-0.13362017397500514,0.0,0.0,0.2572070079528139,0.0,-6.542991109735971e-05,0.0,0.0,0.0023135246330454095,0.0,-9.426343139184528e-06,0.0,0.0,-0.0033141452181607105,0.0,0.0,0.0,0.0,-0.0005240973090073491,0.0,0.0,-4.9270012307477216e-05,0.0,0.0,0.0,0.0,0.0,-0.00434621649135107,0.00029477653600345816,0.0012943192611416438
0.00037564601986063797,-1.9778038294442993e-07,0.0,0.0,0.028195412376702585,0.0,0.0,0.2863186589215037,-0.2863186589215037,0.0,0.0,0.0,0.0,-0.13356092541314105,-0.0010334967983012886,0.0,0.2558303107702554,0.0,-4.667618635667982e-05,0.0,0.0,0.003028410733957704,0.0,-6.7245353332650645e-06,0.0,0.0,-0.003742230332973734,0.0,0.0,0.0,0.0,-0.00037387890727622557,0.0,0.0,-3.5148088048564014e-05,0.0,0.0,0.0,0.0,0.0,0.0,0.00021028676789122474,0.0009233374465111474
3.5676090292489226e-05,-2.2653902687008016e-07,0.0,0.0,0.03190063005796029,0.0,0.0,0.28651927941269906,-0.28651927941269906,0.0,0.0,0.0,0.0,-0.13315339173840615,0.0,0.0,0.25278148771283016,0.0017756616364700327,-5.3463228646997385e-05,0.0,0.0,0.0018903968286449137,0.0,-7.702329563085924e-06,0.0,0.0,-0.003595841582673133,0.0,0.0,0.0,0.0,-0.0004282435020130515,0.0,0.0,-4.0258864627149465e-05,0.0,0.0,0.0,0.0,0.0,0.0,0.00024086392721323275,0.0010575971362342378
0.0008603615226263097,-2.1104927347321474e-07,0.0,0.0,0.028892278908165196,0.0,0.0,0.28622791607089054,-0.28622791607089054,0.0,0.0,0.0,0.0,-0.13411229375370418,0.0,0.0,0.2547969678355055,0.0,-4.9807645593675835e-05,0.0,0.0,0.0025882645234168644,0.0,-7.175677766430995e-06,0.0,0.0,-0.0037635359783491627,0.0,0.0,0.0,0.0,-0.0003989620738563196,0.0008271248082260453,0.0,-3.7506138557261445e-05,0.0,0.0,0.0,0.0,0.0,0.0,0.00022439469943256785,0.0009852832437458835
4.603112413042888e-05,-2.922922882174273e-07,0.0,0.0,0.04115983141644876,0.0,0.0,0.28675292993096096,-0.28675292993096096,0.0,0.0,0.0,0.0,-0.12911732120639108,0.0,0.0,0.24566178528676427,0.004730136931866737,-6.898100363821364e-05,0.0,0.0,0.0,0.0,-9.937941217917643e-06,0.0,0.0,-0.0034199959610907837,0.0,0.0,0.0,0.0,-0.0005525417622166506,0.0,0.0,-5.194405496256381e-05,0.0,0.0,0.0,0.0,0.0,0.0,0.0003107750104116387,0.0013645661466506955
0.0,-7.702060717429187e-07,0.0,0.0,0.14948388683167263,0.0,0.0,0.2891969669748929,-0.2891969669748929,0.0,0.0,0.0,0.0,0.005613299964418603,-0.06821409587826852,0.0,0.1807982721466791,0.0,-0.00018176869516841658,0.0,0.005667017313955577,0.0,0.0,-2.618701544725878e-05,0.0,0.0,-0.005613299964418603,0.0,0.0,0.0,0.0,-0.0014559775858137831,0.0,0.0,-0.00013687540908829615,0.0,0.0,0.0,0.0,0.0,0.0,0.0008189090496529272,0.0035957059895586397
0.0387066233916582,-1.6848360891102366e-06,0.0,0.0,0.08128669128433902,0.0,0.0,0.1552996453442262,-0.1552996453442262,0.21436893574961796,0.0,0.0,0.0,0.008439929547495267,-0.14859078569286624,0.0,0.171251608918754,0.0,-0.0003976214531744782,0.0,0.0047181977246177455,0.0,0.0,-5.72844467348676e-05,0.0,0.0,-0.008439929547495267,0.0,0.0,0.0,0.0,-0.0031849704533794625,0.0,0.0,-0.00029941678909623437,0.0,0.0,0.0,0.0,0.0,0.0,0.0017913745050490168,0.007865654971180679
0.010240314983366723,-9.271189006698206e-07,0.0,0.0,0.16269114941461474,0.0,0.0,0.2845168484925956,-0.2845168484925956,0.0,0.0,0.0,0.0,0.00648740645320412,-0.06702025206180387,0.0,0.16427457904793202,0.0,-0.00021880013547462596,0.0,0.0062825855776518025,0.0,0.0,-3.152205346595852e-05,0.0,0.0,-0.00648740645320412,0.0,0.0,0.0,0.0,-0.001752601528711572,0.0,0.0,-0.00016476081331780258,0.0,0.0,0.0,0.0,0.0,0.0,0.000985744056969997,0.004328253316190694
0.0,-7.617680343158755e-07,0.0,0.0,0.14695791891219068,0.0,0.0,0.2922466722843747,-0.2922466722843747,0.0,0.0,0.0,0.0,0.0,-0.06598629154770973,0.0,0.18503554566363198,0.0,-0.00017977731765379235,0.0,0.0057529800595532525,0.0,0.0,-2.590012207605165e-05,0.0,0.0,-0.00562582717182963,0.0,0.0,0.0,0.0,-0.0014400265386683988,0.0,0.0,-0.00013537586258106685,0.0,0.0,0.0,0.0,0.0,0.0,0.0008099374439180113,0.0035563130234036464
0.0,-5.72822020719884e-07,0.0,0.0,0.10051900882787579,0.0,0.0,0.2896751629988295,-0.2896751629988295,0.0,0.0,0.0,0.0,-0.06242520658463888,-0.03297258380883592,0.0,0.2090562719085745,0.0,-0.00013518604317721194,0.0,0.005990705186195808,0.0,0.0,-1.9475955403956482e-05,0.0,0.0,-0.0050627547239386825,0.0,0.0,0.0,0.0,-0.0010828478941244826,0.0,0.0,-0.00010179775425996497,0.0,0.0,0.0,0.0,0.0,0.0,0.0006090436752160055,0.0026742188180789387
0.0,-3.1358816303912895e-07,0.0,0.0,0.0434245689538483,0.0,0.0,0.2875142648059048,-0.2875142648059048,0.0,0.0,0.0,0.0,-0.12571692635897067,0.0,0.0,0.24337991059327688,0.0,-7.400683181696459e-05,0.0,0.001990245127317051,0.0,0.0,-1.0662001210922908e-05,0.0,0.0,-0.004060908744333346,0.0,0.0,0.0,0.0,-0.000592798931756393,0.0038679972436934276,0.0,-5.57286026116331e-05,0.0,0.0,0.0,0.0,0.0,0.0,0.00033341750214414785,0.0014639859090475342
0.0,-5.134756895895631e-07,0.0,0.0,0.08892534806290564,0.0,0.0,0.28915246479725715,-0.28915246479725715,0.0,0.0,0.0,0.0,-0.07394581384759821,-0.02759060108879171,0.0,0.21688596805104082,0.0,-0.00012118030423493077,0.0,0.005566638493795524,0.0,0.0,-1.7458179451436364e-05,0.0,0.0,-0.00463653140773317,0.0,0.0,0.0,0.0,-0.0009706611286650809,0.0,0.0,-9.125115686302379e-05,0.0,0.0,0.0,0.0,0.0,0.0,0.0005459446561231769,0.0023971605525932678
0.0,-2.919563112872891e-07,0.0,0.0,0.04114930259935731,0.0,0.0,0.28677275466766894,-0.28677275466766894,0.0,0.0,0.0,0.0,-0.1291114390742283,0.0,0.0,0.245682864245505,0.004706308565370348,-6.890171305555215e-05,0.0,2.7586928045526305e-05,0.0,0.0,-9.926517998363503e-06,0.0,0.0,-0.003420662649827763,0.0,0.0,0.0,0.0,-0.0005519066401401332,0.0,0.0,-5.188434759145359e-05,0.0,0.0,0.0,0.0,0.0,0.0,0.0003104177884178648,0.001362997638813153
0.0,-5.66630156029156e-07,0.0,0.0,0.025058604076083152,0.0,0.0,0.2825491240693345,-0.2825491240693345,0.0,0.0,0.0,0.0,-0.1272707340638161,0.0,0.0,0.2576058274208753,0.0,-0.00013372476260986178,0.0,5.354083723649998e-05,0.0,0.0,-1.926543193205434e-05,0.0,0.0,-0.002071825164420651,0.0,0.0,0.0,0.0,-0.0010711429536743365,0.0,0.0,-0.00010069738119922693,0.0,0.0,0.0,0.0,0.0,-0.018268050757039793,0.0006024602760252029,0.002645312106262703
0.0,-3.035200261838799e-07,0.0,0.0,0.04208017217109409,0.0,0.0,0.28741378608414664,-0.28741378608414664,0.0,0.0,0.0,0.0,-0.12642020017500952,0.0,0.0,0.24469642004455547,0.0,-7.163075070556236e-05,0.0,0.002125557256777519,0.0,0.0,-1.0319684440091834e-05,0.0,0.0,-0.00390562680598889,0.0,0.0,0.0,0.0,-0.0005737663869220267,0.0034947961237573235,0.0,-5.393936671571154e-05,0.0,0.0,0.0,0.0,0.0,0.0,0.0003227127197665563,0.0014169828259477186
0.0,-2.4409026409759023e-07,0.0,0.0,0.037329360189150174,0.0,0.0,0.28687792974940435,-0.28687792974940435,0.0,0.0,0.0,0.0,-0.12345663129618234,-0.004877431608761858,0.0,0.25252470011492756,0.0,-5.760532205093085e-05,0.0,0.0034700332478730224,0.0,0.0,-8.299071834093002e-06,0.0,0.0,-0.0026159756545943375,0.0,0.0,0.0,0.0,-0.0004614219057469092,0.0,0.0,-4.337794257739839e-05,0.0,0.0,0.0,0.0,0.0,0.0,0.00025952499406990996,0.0011395350631585369
0.0,-2.5886249844477e-07,0.0,0.0,0.03648494952262831,0.0,0.0,0.2866527751635834,-0.2866527751635834,0.0,0.0,0.0,0.0,-0.13066954119702454,0.0,0.0,0.25022050333289647,0.0033621975419155393,-6.109157055054691e-05,0.0,0.0008351017368667311,0.0,0.0,-8.801327974666827e-06,0.0,0.0,-0.0030329239192222702,0.0,0.0,0.0,0.0,-0.0004893469544980975,0.0,0.0,-4.600315639172587e-05,0.0,0.0,0.0,0.0,0.0,0.0,0.0002752313314182049,0.0012084992189475444
0.0,-3.959997120737244e-07,0.0,0.0,0.024953224177283146,0.0,0.0,0.2842108807413984,-0.2842108807413984,0.0,0.0,0.0,0.0,-0.13045847082338136,0.0,0.0,0.25933824124118054,0.0,-9.345596404845705e-05,0.0,0.0012775123833630526,0.0,0.0,-1.3463994841949249e-05,0.0,0.0,-0.002067979613512757,0.0,0.0,0.0,0.0,-0.0007485875870380082,0.0,0.0,-7.037418241365201e-05,0.0,0.0,0.0,0.0,0.0,-0.01028676819958613,0.00042104023815767584,0.0018487241126842998
0.0,-2.479435135814842e-07,0.0,0.0,0.034567123151875975,0.0,0.0,0.2869379330725732,-0.2869379330725732,0.0,0.0,0.0,0.0,-0.1300199560206279,0.0,0.0,0.2520423976445879,0.0,-5.851468924049458e-05,0.0,0.0025047825670626573,0.0,0.0,-8.43008236161135e-06,0.0,0.0,-0.0030944272536203065,0.0,0.0,0.0,0.0,-0.0004687059886526731,0.0018943399474647207,0.0,-4.406271398959169e-05,0.0,0.0,0.0,0.0,0.0,0.0,0.00026362189876684476,0.0011575239530891863
0.0,-1.4765714254299788e-07,0.0,0.0,0.020811293349570367,0.0,0.0,0.28624960725070986,-0.28624960725070986,0.0,0.0,0.0,0.0,-0.13590524195841408,0.0,0.0,0.2654683616582096,0.0,-3.484709757169527e-05,0.0,0.002394171506596217,0.0,0.0,-5.020344573396474e-06,0.0,0.0,-0.0017300029249243246,0.0,0.0,0.0,0.0,-0.0002791272333668049,0.0,0.0,-2.6240551109453794e-05,0.0,0.0,0.0,0.0,0.0,0.0,0.0001569940496583276,0.0006893371674433995
0.0,-1.8079216977675558e-07,0.0,0.0,0.025481455320955713,0.0,0.0,0.2863697361749376,-0.2863697361749376,0.0,0.0,0.0,0.0,-0.1358023758806934,0.0,0.0,0.25801071853295504,0.0,-4.266696667636318e-05,0.0,1.7083037379240486e-05,0.002914352950345961,0.0,-6.1469358868772885e-06,0.0,0.0,-0.003575401012981052,0.0,0.0,0.0,0.0,-0.0003417648296253078,0.0,0.0,-3.2129066630383425e-05,0.0,0.0,0.0,0.0,0.0,0.0,0.00019222432718758267,0.0008440279966379781
0.0,-1.0842845043382759e-07,0.0,0.0,0.012951794421796217,0.0,0.0,0.28477568592086505,-0.28477568592086505,0.0,0.0,0.0,0.0029130942158009892,-0.14058204556838452,0.0,0.0,0.26951548096990263,0.0,-2.5589123064026765e-05,0.0,0.0011754830817599295,0.0,0.0,-3.686568582882743e-06,0.0,0.0,-0.0024356234811755955,0.0,0.0,0.0,0.0,-0.00020497033104260932,0.0,0.0,-1.926911388319193e-05,0.0,0.0,0.0,0.0,0.0,0.0,0.00011528478229102152,0.0005061980721356998
0.0,-4.514592471331495e-07,0.0,0.0,0.025637552558738695,0.0,0.0,0.28373267672667285,-0.28373267672667285,0.0,0.0,0.0,0.0,-0.1292908064649285,0.0,0.0,0.25818699468331363,0.0,-0.00010654441880393133,0.0,0.0009880345162370755,0.0,0.0,-1.5349619682600615e-05,0.0,0.0,-0.0021234026095019896,0.0,0.0,0.0,0.0,-0.0008534268539934743,0.0,0.0,-8.023004674347683e-05,0.0,0.0,0.0,0.0,0.0,-0.012664209754727977,0.00048000668469182656,0.002107636876043914
0.0,-2.158526471667395e-07,0.0,0.0,0.025768749460125435,0.0,0.0,0.2860535840536987,-0.2860535840536987,0.0,0.0,0.0,0.0,-0.13498834336087617,0.0,0.0,0.25762494320881485,0.0,-5.094124217348795e-05,0.0,2.0395899028761532e-05,0.0027038167092858574,0.0,-7.3389925281890336e-06,0.0,0.0,-0.0034930598186551577,0.0,0.0,0.0,0.0,-0.0004080422469303044,0.0,0.0,-3.83597591185969e-05,0.0,0.0,0.0,0.0,0.0,-0.0015514157469663447,0.00022950180820618601,0.001007707787246055
0.0,-3.8077150051233977e-07,0.0,0.0,0.02101262915733977,0.0,0.0,0.28341697545642397,-0.28341697545642397,0.0,0.0,0.0,0.0014905080488627094,-0.1327451657220507,0.0,0.0,0.2612894256446269,0.0,-8.986210488944307e-05,0.0,0.000632182287577919,0.0,0.0,-1.2946235470759547e-05,0.0,0.0,-0.0024356076494938908,0.0,0.0,0.0,0.0,-0.0007198005707850294,0.0,0.0,-6.766793565240426e-05,0.0,0.0,0.0,0.0,0.0,-0.010487392640535899,0.00040484909046985333,0.0017776312278961707
0.0,-5.327586004931441e-07,0.0,0.0,0.01688722239211336,0.0,0.0,0.27892492916302075,-0.27892492916302075,0.006673448877911534,0.0,0.0,0.0,-0.13296919490074088,0.0,0.0,0.26214612144512434,0.0,-0.00012573107276634616,0.0,5.034031671600836e-05,0.0,0.0,-1.8113798647682764e-05,0.0,0.0,-0.001947977288745693,0.0,0.0,0.0,0.0,-0.0010071130434121632,0.0,0.0,-9.467797523692747e-05,0.0,0.0,0.0,0.0,0.0,-0.017176038111458115,0.0005664468967856788,0.002487182795699233
0.0,-2.601853202149e-07,0.0,0.0,0.03624206031438867,0.0,0.0,0.2870255699544116,-0.2870255699544116,0.0,0.0,0.0,0.0,-0.12928859790315617,0.0,0.0,0.25040712437278556,0.0,-6.14037565951892e-05,0.0,0.002501419439180135,0.0,0.0,-8.8463039303224e-06,0.0,0.0,-0.00326308863812076,0.0,0.0,0.0,0.0,-0.0004918475824702679,0.002146660745927324,0.0,-4.623823863475171e-05,0.0,0.0,0.0,0.0,0.0,0.0,0.00027663780010026294,0.001214674810567085
0.0,-1.9287697188046053e-07,0.0,0.0,0.02713140940697997,0.0,0.0,0.286459250416324,-0.286459250416324,0.0,0.0,0.0,0.0,-0.13498043110322852,0.0,0.0,0.2565778429660212,0.0,-4.5518980949359184e-05,0.0,0.00017818040145991306,0.0027359294005807355,0.0,-6.557819299741914e-06,0.0,0.0,-0.003654438267910314,0.0,0.0,0.0,0.0,-0.0003646096261512207,0.00026659245352561096,0.0,-3.427668957491901e-05,0.0,0.0,0.0,0.0,0.0,0.0,0.00020507329601432019,0.0009004458786842608
0.0,-2.496359915452869e-07,0.0,0.0,0.030910532363512256,0.0,0.0,0.28370652520446676,-0.28370652520446676,0.0,0.0,0.0,0.0,-0.13626678579628743,0.005754201594603269,0.0,0.2485727906645392,0.0,-5.8914114176713994e-05,0.0,0.0013371918062602655,0.0,0.0,-8.487626632175137e-06,0.0,0.0,-0.0036232736781117427,0.0,0.0,0.0,0.0,-0.0004719054051078098,0.004107406734494569,0.0,-4.436348883695715e-05,0.0,0.0,0.0,0.0,0.0,0.0,0.00026542139837058045,0.0011654252841418876
0.0,-2.2826649624811796e-07,0.0,0.0,0.030490582660759442,0.0,0.0,0.2861333777046508,-0.2861333777046508,0.0,0.0,0.0,0.001618962108757695,-0.1324944319888633,0.0,0.0,0.25400718294444585,0.0,-5.387091155980378e-05,0.0,0.0018298354729794494,0.0,0.0,-7.76106354214295e-06,0.0,0.0,-0.003515482216446102,0.0,0.0,0.0,0.0,-0.0004315090653302961,0.00193446957810036,0.0,-4.056585789360264e-05,0.0,0.0,0.0,0.0,0.0,0.0,0.00024270063086771347,0.0010656618246563034
0.0,-2.911621135305802e-07,0.0,0.0,0.03269670023864341,0.0,0.0,0.2829616392066138,-0.2829616392066138,0.007670164581155344,0.0,0.0,0.0,-0.1325681244159966,0.0,0.0,0.24965368864682047,0.0,-6.871428232079309e-05,0.0,0.0020390145292708654,0.0,0.0,-9.899515265346803e-06,0.0,0.0,-0.0037466079908825803,0.0,0.0,0.0,0.0,-0.0005504053092951879,0.0033525044081776775,0.0,-5.174320855498696e-05,0.0,0.0,0.0,0.0,0.0,0.0,0.00030957337060029134,0.0013592899276752364
0.0,-2.7324621015115563e-07,0.0,0.0,0.038512238136113916,0.0,0.0,0.28670492239139467,-0.28670492239139467,0.0,0.0,0.0,0.0,-0.12999233631132415,0.0,0.0,0.24824828898663023,0.0038325135015100506,-6.448612767554069e-05,0.0,0.0005980089870231116,0.0,0.0,-9.290374340909654e-06,0.0,0.0,-0.0032014485357410357,0.0,0.0,0.0,0.0,-0.0005165375501239069,0.0,0.0,-4.8559324794247616e-05,0.0,0.0,0.0,0.0,0.0,0.0,0.0002905245784024867,0.0012756495573208813
0.0,-1.9988245645655526e-07,0.0,0.0,0.028172104410992212,0.0,0.0,0.28643894678961024,-0.28643894678961024,0.0,0.0,0.0,0.0,-0.13469828784316082,0.0,0.0,0.25580374715661486,0.0007183159311673191,-4.717227587540105e-05,0.0,1.8886877010869067e-05,0.0025037706637105056,0.0,-6.796005857262275e-06,0.0,0.0,-0.0035937783710639935,0.0,0.0,0.0,0.0,-0.00037785261253469167,0.0,0.0,-3.5521653231262106e-05,0.0,0.0,0.0,0.0,0.0,0.0,0.00021252176328436637,0.0009331509738194137
0.0,-2.472380509426473e-07,0.0,0.0,0.034072321611081174,0.0,0.0,0.28616820903884976,-0.28616820903884976,0.0,0.0,0.0,0.0009677990721976366,-0.13215698380762392,0.0,0.0,0.2513719603239995,0.0034047749272563144,-5.834820000072362e-05,0.0,0.00041048113215123253,0.0,0.0,-8.406096623640106e-06,0.0,0.0,-0.003283847439786108,0.0,0.0,0.0,0.0,-0.00046737240037356327,0.0,0.0,-4.393734431148879e-05,0.0,0.0,0.0,0.0,0.0,0.0,0.0002628718271167625,0.0011542305017273507
0.0,-2.8269565036531367e-07,0.0,0.0,0.036302967409543044,0.0,0.0,0.28471569127500584,-0.28471569127500584,0.003541106551775228,0.0,0.0,0.0,-0.13207680552140527,0.0,0.0,0.24847025152772587,0.004557027573204378,-6.67161963296512e-05,0.0,2.671188895018315e-05,0.0,0.0,-9.611655418707624e-06,0.0,0.0,-0.003312161495018509,0.0,0.0,0.0,0.0,-0.0005344005268713737,0.0,0.0,-5.0238610432753976e-05,0.0,0.0,0.0,0.0,0.0,0.0,0.00030057154166261436,0.0013197642560003346
0.0,-1.9780223695120352e-07,0.0,0.0,0.028419520529495094,0.0,0.0,0.28648289168087165,-0.28648289168087165,0.0,0.0,0.0,0.0,-0.1335425345059678,-0.0009010153980116801,0.0,0.25572598348320763,0.0,-4.668134390404432e-05,0.0,0.00019889339684177898,0.002918249030655554,0.0,-6.725278369750962e-06,0.0,0.0,-0.003731594202539574,0.0,0.0,0.0,0.0,-0.00037392021952393427,0.0,0.0,-3.515197178335539e-05,0.0,0.0,0.0,0.0,0.0,0.0,0.00021031000380765627,0.0009234394719117962
0.0,-2.2614530942274454e-07,0.0,0.0,0.03187367907147191,0.0,0.0,0.2865341610850965,-0.2865341610850965,0.0,0.0,0.0,0.0,-0.13315702845243332,0.0,0.0,0.252812267664225,0.0017512071425565706,-5.337031129761154e-05,0.0,2.1368451846001064e-05,0.0018942341978338917,0.0,-7.688943165271764e-06,0.0,0.0,-0.003596714944448444,0.0,0.0,0.0,0.0,-0.00042749922876009303,0.0,0.0,-4.018889603218979e-05,0.0,0.0,0.0,0.0,0.0,0.0,0.0002404453135558517,0.0010557590668713532
0.0,-2.759129188704495e-07,0.0,0.0,0.0260685299964903,0.0,0.0,0.2854936796098068,-0.2854936796098068,0.0,0.0,0.0,0.0,-0.13361676774631448,0.0,0.0,0.2571702002750226,0.0,-6.511547114877947e-05,0.0,2.6070989204341313e-05,0.0023110967363535718,0.0,-9.381042468554325e-06,0.0,0.0,-0.003319944081349338,0.0,0.0,0.0,0.0,-0.0005215786271364521,0.0,0.0,-4.903323283037448e-05,0.0,0.0,0.0,0.0,0.0,-0.004273187672854442,0.00029335991297479975,0.0012880990833193905
0.0,-2.0774946462927788e-07,0.0,0.0,0.029157156584822444,0.0,0.0,0.2865735398685047,-0.2865735398685047,0.0,0.0,0.0,0.0,-0.13393724728864295,0.0,0.0,0.2548522598057316,0.0,-4.902889043986317e-05,0.0,0.0003908813318369048,0.0024826494634150043,0.0,-7.063484227143995e-06,0.0,0.0,-0.0037372655844435756,0.0,0.0,0.0,0.0,-0.00039272420078506474,0.0006187518364422032,0.0,-3.691972058160857e-05,0.0,0.0,0.0,0.0,0.0,0.0,0.00022088623147371408,0.0009698780906838044
0.009386620144889776,-9.043952217326375e-07,0.0,0.0,0.15870359027570816,0.0,0.0,0.28839202815368786,-0.28839202815368786,0.0,0.0,0.0,0.0,0.0,-0.06457397969891591,0.0,0.1704941912663908,0.0,-0.0002134373454092466,0.0,0.006329501033507758,0.0,0.0,-3.0749448116327905e-05,0.0,0.0,-0.006428850954412507,0.0,0.0,0.0,0.0,-0.0017096452752963036,0.0,0.0,-0.0001607225267285011,0.0,0.0,0.0,0.0,0.0,0.0,0.0009615834757881885,0.004222167852239029
0.0,-2.55612705538731e-07,0.0,0.0,0.039336317485225925,0.0,0.0,0.2869561746455291,-0.2869561746455291,0.0,0.0,0.0,0.0,-0.12187927372435838,-0.005515674473681999,0.0,0.2509812782139732,0.0,-6.032461916211973e-05,0.0,0.003593038399562568,0.0,0.0,-8.690834977853318e-06,0.0,0.0,-0.002719064480838432,0.0,0.0,0.0,0.0,-0.00048320363025888184,0.0,0.0,-4.5425626883993296e-05,0.0,0.0,0.0,0.0,0.0,0.0,0.00027177604208994643,0.0011933275652229426
0.0,-1.887865024535147e-07,0.0,0.0,0.026847652990863904,0.0,0.0,0.2864215238397505,-0.2864215238397505,0.0,0.0,0.0,0.0,-0.1347834792810438,-0.00039908264294494754,0.0,0.2569282418289746,0.0,-4.455362983406647e-05,0.0,9.765494981094727e-05,0.0029234960561736276,0.0,-6.418743291385382e-06,0.0,0.0,-0.003653682842224079,0.0,0.0,0.0,0.0,-0.0003568771088164605,0.0,0.0,-3.354976116352724e-05,0.0,0.0,0.0,0.0,0.0,0.0,0.00020072417108016536,0.0008813495277748318
0.0,-2.0712014923070237e-07,0.0,0.0,0.029811290841950323,0.0,0.0,0.28537015944224803,-0.28537015944224803,0.0,0.0,0.0,0.0030292166714283005,-0.1278264370464054,-0.005070758419743004,0.0,0.25622009860407935,0.0,-4.888037195494704e-05,0.0,0.002245409118530811,0.0,0.0,-7.0420874962322245e-06,0.0,0.0,-0.003384841136511682,0.0,0.0,0.0,0.0,-0.0003915345592743714,0.0,0.0,-3.680788323601265e-05,0.0,0.0,0.0,0.0,0.0,0.0,0.00022021712213546486,0.0009669401326086898
0.0,-4.524544019585313e-07,0.0,0.0,0.038653506814025136,0.0,0.0,0.2660558834489951,-0.2660558834489951,0.039703981169324214,0.0,0.0,0.0,-0.11049520081817404,-0.024311742831065852,0.0,0.24208149535981865,0.0,-0.00010677927542313568,0.0,0.004905100945758168,0.0,0.0,-1.53834549583025e-05,0.0,0.0,-0.004085527489966876,0.0,0.0,0.0,0.0,-0.0008553080688700221,0.0,0.0,-8.040689840542502e-05,0.0,0.0,0.0,0.0,0.0,0.0,0.0004810647668366047,0.002112282754981308
0.0,-7.424126229238437e-07,0.0,0.0,0.1454138985557954,0.0,0.0,0.28836187384416095,-0.28836187384416095,0.0,0.0,0.0,0.0,0.005824567119963766,-0.07005634312390162,0.0,0.18387482511598996,0.0,-0.00017520943900124408,0.0,0.0,0.0,0.0,-2.5242037862349987e-05,0.0,0.0,-0.005824567119963766,0.0,0.0,0.0,0.0,-0.0014034375708779586,0.0,0.0,-0.00013193615994880703,0.0,0.0,0.0,0.00629017322559037,0.0,0.0,0.0007893581182930885,0.003465952311866786
0.04223423110603871,-1.7030024068587187e-06,0.0,0.0,0.08631016223511943,0.0,0.0,0.15697412437621303,-0.15697412437621303,0.20693482254107687,0.0,0.0,0.0,0.008945632729086259,-0.146875313890244,0.0,0.16646285743711384,0.0,-0.0004019087056310631,0.0,0.0,0.0,0.0,-5.790210175078144e-05,0.0,0.0,-0.008945632729086259,0.0,0.0,0.0,0.0,-0.003219311589380516,0.0,0.0,-0.0003026451746733886,0.0,0.0,0.0,0.005598474059049985,0.0,0.0,0.0018106895462423923,0.007950464400673525
0.01618371409098712,-9.856252211903728e-07,0.0,0.0,0.16558787127009936,0.0,0.0,0.28082209317525764,-0.28082209317525764,0.0,0.0,0.0,0.0,0.007242265788544043,-0.06848585452204375,0.0,0.15828905146992397,0.0,-0.0002326076318451241,0.0,0.0,0.0,0.0,-3.351126904792211e-05,0.0,0.0,-0.007242265788544043,0.0,0.0,0.0,0.0,-0.0018632003598965776,0.0,0.0,-0.0001751581301519583,0.0,0.0,0.0,0.007369987761406671,0.0,0.0,0.0010479499484760913,0.004601389993296774
0.0,-7.332142872907697e-07,0.0,0.0,0.1427272661402989,0.0,0.0,0.29151501648900385,-0.29151501648900385,0.0,0.0,0.0,0.0,0.0,-0.06777238395754598,0.0,0.18832254023149742,0.0,-0.00017303863104856012,0.0,0.0,0.0,0.0,-2.4929294343245688e-05,0.0,0.0,-0.005840900454982438,0.0,0.0,0.0,0.0,-0.0013860492757191817,0.0,0.0,-0.000130301498786166,0.0,0.0,0.0,0.006389236291018055,0.0,0.0,0.0007795781378852172,0.003423009894579722
0.04223423110603871,-1.7030024068587187e-06,0.0,0.0,0.07736452950603318,0.0,0.0,0.15697412437621303,-0.15697412437621303,0.21588045527016314,0.0,0.0,0.0,0.0,-0.146875313890244,0.0,0.1754084901662001,0.0,-0.0004019087056310631,0.0,0.0,0.0,0.0,-5.790210175078144e-05,0.0,0.0,-0.008945632729086259,0.0,0.0,0.0,0.0,-0.003219311589380516,0.0,0.0,-0.0003026451746733886,0.0,0.0,0.0,0.005598474059049985,0.0,0.0,0.0018106895462423923,0.007950464400673525
0.015279446427330971,-9.607235660228486e-07,0.0,0.0,0.16115662717185175,0.0,0.0,0.28512111393287887,-0.28512111393287887,0.0,0.0,0.0,0.0,0.0,-0.06576479323803182,0.0,0.16518846002981333,0.0,-0.00022673083921339115,0.0,0.0,0.0,0.0,-3.266461248098722e-05,0.0,0.0,-0.007183138376877576,0.0,0.0,0.0,0.0,-0.0018161269166925606,0.0,0.0,-0.00017073278950212732,0.0,0.0,0.0,0.007431480689007277,0.0,0.0,0.0010214736695733865,0.004485136650300956
0.0,-9.821233373782823e-07,0.0,0.0,0.1227139677454791,0.0,0.0,0.28777874042324963,-0.28777874042324963,0.0,0.0,0.0,0.0,0.0,-0.06653119408150378,0.0,0.20518334809012115,0.0,-0.00023178118698249833,0.0,0.0,0.0,0.0,-3.33922049573545e-05,0.0,0.0,-0.0035446330744977176,0.0,0.0,0.0,0.0,-0.0018565804895455296,0.0,0.0,-0.0001745358008858764,0.0,0.0,0.0,0.0,0.0,-0.018542836275065654,0.0010442266276016342,0.004585041453523024
0.0,-9.853833048146993e-07,0.0,0.0,0.12454385241654584,0.0,0.0,0.28588884695536293,-0.28588884695536293,0.0,0.0,0.0,0.0,0.0035563987947052796,-0.06793749770761785,0.0,0.20230801551980107,0.0,-0.0002325505395609169,0.0,0.0,0.0,0.0,-3.350304388831986e-05,0.0,0.0,-0.0035563987947052796,0.0,0.0,0.0,0.0,-0.0018627430474531365,0.0,0.0,-0.0001751151385369863,0.0,0.0,0.0,0.0,0.0,-0.018367292361292427,0.001047692734833449,0.004600260607028742
0.0,-4.6084995562838685e-07,0.0,0.0,0.10978816420944808,0.0,0.0,0.29165501296616864,-0.29165501296616864,0.0,0.0,0.0,0.0,0.0,-0.07472404067824331,0.0,0.22679505465824235,0.0,-0.00010876062676763068,0.0,0.0,0.0,0.0,-1.566890388126838e-05,0.0,0.0,-0.001663277852109523,0.0,0.0,0.0,0.0,-0.0008711788058224652,0.0,0.0,-8.189889500898826e-05,0.0,0.0,0.0,0.0,0.0,0.0,0.0004899912024092735,0.0021514773857741394
0.0,-4.647147040019674e-07,0.0,0.0,0.11070886220211318,0.0,0.0,0.29074641764721354,-0.29074641764721354,0.0,0.0,0.0,0.0,0.001677226319056835,-0.07535068631670244,0.0,0.22534253519365235,0.0,-0.00010967270769608961,0.0,0.0,0.0,0.0,-1.5800305371170555e-05,0.0,0.0,-0.001677226319056835,0.0,0.0,0.0,0.0,-0.0008784846259311149,0.0,0.0,-8.2585709920042e-05,0.0,0.0,0.0,0.0,0.0,0.0,0.0004941003331132092,0.002169519958255519
0.04558989127216733,-1.984453496155731e-06,0.0,0.0,0.06795583237995825,0.0,0.0,0.14957339883854787,-0.14957339883854787,0.21358984327926828,0.0,0.0,0.0,0.007162195652588288,-0.14722873395053854,0.0,0.17947661503388157,0.0,-0.0004683311854480275,0.0,0.0,0.0,0.0,-6.747144207861096e-05,0.0,0.0,-0.007162195652588288,0.0,0.0,0.0,0.0,-0.0037513594302810787,0.0,0.0,-0.00035266261078460855,0.0,0.0,0.0,0.0,0.0,-0.01667172972615336,0.002109937828638339,0.009264418425033468
0.019532393590834436,-1.329261154062971e-06,0.0,0.0,0.14456813997318652,0.0,0.0,0.2762765797244107,-0.2762765797244107,0.0,0.0,0.0,0.0,0.004797506455670141,-0.06560305033362726,0.0,0.1752472490703749,0.0,-0.00031370573977082035,0.0,0.0,0.0,0.0,-4.519489478460879e-05,0.0,0.0,-0.004797506455670141,0.0,0.0,0.0,0.0,-0.0025128008165776214,0.0,0.0,-0.00023622660340215972,0.0,0.0,0.0,0.0,0.0,-0.022172768229477773,0.0014133152520480231,0.006205653874599956
0.049806270733318156,-1.5874663476859674e-06,0.0,0.0,0.05436136308618561,0.0,0.0,0.1463245964310505,-0.1463245964310505,0.22420778761871224,0.0,0.0,0.0,0.005729408422042658,-0.15778555197156963,0.0,0.1969188630077865,0.0,-0.00037464218633031463,0.0,0.0,0.0,0.0,-5.397387438764775e-05,0.0,0.0,-0.005729408422042658,0.0,0.0,0.0,0.0,-0.003000905219085205,0.0,0.0,-0.00028211294837201194,0.0,0.0,0.0,0.0,0.0,0.0,0.001687847714830055,0.007411084466888573
0.05295123997008582,-1.7431334673550655e-06,0.0,0.0,0.0824022553324277,0.0,0.0,0.1531908336600115,-0.1531908336600115,0.208255573212317,0.0,0.0,0.0,0.008161826906904477,-0.1468066247173585,0.0,0.16906928641404143,0.0,-0.00041137963915102184,0.0,0.0,0.0,0.0,-5.9266558277012894e-05,0.0,0.0,-0.008161826906904477,0.0,0.0,0.0,0.0,-0.003295174305504521,0.0037411841656596824,0.0,-0.0003097769742321151,0.0,0.0,0.0,0.0,0.0,0.0,0.0018533582420866871,0.00813781620155912
0.04958556574266516,-1.895179174404563e-06,0.0,0.0,0.06925227981612926,0.0,0.0,0.1505842360123757,-0.1505842360123757,0.21075332269929697,0.0,0.0,0.0,0.006839990995047748,-0.147861320599774,0.0,0.18035152461573656,0.0,-0.0004472624383008723,0.0,0.0,0.0,0.0,-6.44361140949571e-05,0.0,0.0,-0.006839990995047748,0.0,0.0,0.0,0.0,-0.0035825975674145727,0.0,0.0,-0.0003367974290377033,0.0,0.0,0.0,0.0,0.0,-0.012051884045733716,0.0020150183614128705,0.008847641376381991
0.049034958752220734,-1.7007822876372497e-06,0.0,0.0,0.08412899887194973,0.0,0.0,0.15676948504663996,-0.15676948504663996,0.20413780462403194,0.0,0.0,0.0,0.007708399438869034,-0.14630134235833203,0.0,0.17057438710543651,0.0031400329770885768,-0.000401384757315398,0.0,0.0,0.0,0.0,-5.7826617671285936e-05,0.0,0.0,-0.007708399438869034,0.0,0.0,0.0,0.0,-0.0032151147335741496,0.0,0.0,-0.00030225063126765344,0.0,0.0,0.0,0.0,0.0,0.0,0.0018083290406732074,0.007940099777133093
0.05029835625226198,-1.6689031217077354e-06,0.0,0.0,0.07690327558389501,0.0,0.0,0.15383102521976277,-0.15383102521976277,0.20814280552820966,0.0,0.0,0.0,0.008013252822813705,-0.150106596157401,0.0,0.17540106838796313,0.0,-0.0003938612715800124,0.0,0.0,0.0019899266496171786,0.0,-5.6742725656837414e-05,0.0,0.0,-0.008013252822813705,0.0,0.0,0.0,0.0,-0.003154851184959457,0.0,0.0,-0.00029658529826382275,0.0,0.0,0.0,0.0,0.0,0.0,0.0017744340372022659,0.007791271934714904
0.04663412228198596,-1.6929240931015287e-06,0.0,0.0,0.08292493985375393,0.0,0.0,0.15604515653045303,-0.15604515653045303,0.20604835848235953,0.0,0.0,0.0,0.008216353560170003,-0.1475278736832652,0.0,0.1704657371773765,0.0,-0.00039953022276998046,0.0,0.0,0.0,0.0,-5.755943896516535e-05,0.0,0.0,-0.008216353560170003,0.0,0.0,0.0,0.0,-0.003200259806394618,0.0,0.0,-0.00030085413021263286,0.0,0.0,0.0,0.004212664067416566,0.0,0.0,0.0017999739434397192,0.007903413806720955
0.04393727796345709,-1.679299468085343e-06,0.0,0.0,0.07916218307877798,0.0,0.0,0.15478930769943758,-0.15478930769943758,0.2116642235631943,0.0,0.0,0.0,0.007840690659551315,-0.14881687439109076,0.0,0.17404643692811958,0.0,-0.00039631481016521246,0.0,0.003559684969942322,0.0,0.0,-5.709620155526728e-05,0.0,0.0,-0.007840690659551315,0.0,0.0,0.0,0.0,-0.00317450416856409,0.0,0.0,-0.00029843286116376004,0.0,0.0,0.0,0.0,0.0,0.0,0.001785487783003936,0.007839807263519695
0.03651177976503221,-1.7323318465650038e-06,0.0,0.0,0.06330162941475108,0.0,0.0,0.15967756337183447,-0.15967756337183447,0.19705041230000203,0.0,0.0,0.0,0.006252250125459449,-0.1483755802090505,0.0,0.18909029399648034,0.0,-0.00040883045577173416,0.0,0.0,0.0,0.01982934019426785,-5.889930304381968e-05,0.0,0.0,-0.006252250125459449,0.0,0.0,0.0,0.0,-0.0032747552016597526,0.0,0.0,-0.00030785738891761527,0.0,0.0,0.0,0.0,0.0,0.0,0.0018418735948728786,0.008087388849715637
0.05596029021199703,-1.6390390053892345e-06,0.0,0.0,0.06745862741770883,0.0,0.0,0.15107830244586304,-0.15107830244586304,0.209582412661084,0.0,0.0,0.0007531062019551219,0.006292095118748369,-0.15233349599523852,0.0,0.18594288491063105,0.0,-0.0003868133377156535,0.0,0.0,0.0,0.0,-5.57273453527305e-05,0.0,0.0,-0.006292095118748369,0.0,0.0,0.0,0.0,-0.0030983968338771837,0.0,0.0,-0.0002912780651892961,0.0,0.0,0.0,0.0,0.0,0.0,0.001742681502380298,0.007651851348641997
0.056339969725188184,-1.6517897295582092e-06,0.0,0.0,0.06883598499185944,0.0,0.0,0.15132766234009368,-0.15132766234009368,0.2096746671705717,0.0,0.0,0.0,0.006193045625328738,-0.15144405363431712,0.0,0.18486964369111442,0.0,-0.0003898225096498635,0.0,0.0,0.0,0.0,-5.6160870123602637e-05,0.0,0.0,-0.006193045625328738,0.0,0.0,0.0,0.0,-0.0031225004722072614,0.0004629685945210278,0.0,-0.00029354403094940885,0.0,0.0,0.0,0.0,0.0,0.0,0.0017562385019868746,0.007711378086936648
0.055722177512962566,-1.6754916747912865e-06,0.0,0.0,0.06716259601032958,0.0,0.0,0.15095971835207886,-0.15095971835207886,0.21010917293031597,0.0,0.0,0.0,0.006047105267210706,-0.15152999858984603,0.0,0.18620051420458567,0.0,-0.0003954161706401235,0.0,0.0,0.0,0.0,-5.696673653873504e-05,0.0,0.0,-0.006047105267210706,0.0,0.0,0.0,0.0,-0.003167306014860871,0.0,0.0,-0.00029775616789429746,0.0,0.0,0.0,0.0,0.0,-0.001739303137163373,0.0017814392088598059,0.007822030585748957
0.05580002399499724,-1.6468978275220805e-06,0.0,0.0,0.06914818519665338,0.0,0.0,0.15180268881076983,-0.15180268881076983,0.20914084480060208,0.0,0.0,0.0,0.0061481523781887005,-0.15134956801210597,0.0,0.18495938767009043,0.00040849334292204434,-0.0003886680203740433,0.0,0.0,0.0,0.0,-5.5994545397160675e-05,0.0,0.0,-0.0061481523781887005,0.0,0.0,0.0,0.0,-0.0031132529474500463,0.0,0.0,-0.00029267467777630316,0.0,0.0,0.0,0.0,0.0,0.0,0.0017510372668961983,0.0076885402489904504
0.05587840611346168,-1.642977356731477e-06,0.0,0.0,0.06829277900877483,0.0,0.0,0.1514413196975971,-0.1514413196975971,0.20967172297172504,0.0,0.0,0.0,0.0062105479803834926,-0.1518341379989709,0.0,0.18547825350600558,0.0,-0.0003877427889506642,0.0,0.0,0.0002807918513138226,0.0,-5.5861249344428005e-05,0.0,0.0,-0.0062105479803834926,0.0,0.0,0.0,0.0,-0.0031058417911291936,0.0,0.0,-0.00029197796028345314,0.0,0.0,0.0,0.0,0.0,0.0,0.001746868890240766,0.007670237536481624
0.055572050117510444,-1.6455836192979836e-06,0.0,0.0,0.06890038731773887,0.0,0.0,0.1516815517622285,-0.1516815517622285,0.2093912921387652,0.0,0.0,0.0,0.006198280015823343,-0.15153147846377812,0.0,0.1850456855639004,0.0,-0.0003883578671269608,0.0,0.0,0.0,0.0,-5.594986230217096e-05,0.0,0.0,-0.006198280015823343,0.0,0.0,0.0,0.0,-0.003110768602301939,0.0,0.0,-0.00029244112626989477,0.0,0.0,0.0,0.0005182349744576344,0.0,0.0,0.0017496399564265392,0.007682404869698751
0.056441992269868985,-1.6198078404128674e-06,0.0,0.0,0.06938151811733803,0.0,0.0,0.15464690195510314,-0.15464690195510314,0.20362089485491552,0.0,0.0,0.0,0.005846133807170373,-0.14975808687569211,0.0,0.18673826014098088,0.0,-0.00038227478122724196,0.0,0.0,0.0,0.0,-5.507348551861456e-05,0.0,0.0,-0.005846133807170373,0.0,0.0,0.0,0.0,-0.0030620427382890827,0.0,0.0,-0.00028786044272440415,0.0,0.0,0.0,0.0,0.0,0.0,0.0017222342797313286,0.0075620706813262556
0.05470721819318771,-1.6449731996269052e-06,0.0,0.0,0.06878529086881441,0.0,0.0,0.15162528637294684,-0.15162528637294684,0.2102665624717225,0.0,0.0,0.0,0.006221563157349791,-0.15161597170924668,0.0,0.18508576896239717,0.0,-0.0003882138080352609,0.0,0.0005692074530932643,0.0,0.0,-5.5929108026215095e-05,0.0,0.0,-0.006221563157349791,0.0,0.0,0.0,0.0,-0.0031096146807845213,0.0,0.0,-0.0002923326469352599,0.0,0.0,0.0,0.0,0.0,0.0,0.0017489909376625075,0.007679555126301541
0.05663920862973076,-1.6375745002184045e-06,0.0,0.0,0.06659889178247841,0.0,0.0,0.1509433117870656,-0.1509433117870656,0.21024163518153827,0.0,0.0,0.0,0.005910256395009664,-0.15224441088342716,0.0,0.18735214944296164,0.0,-0.00038646771437699716,0.0,0.0,0.0,0.0,-5.567755215979405e-05,0.0,0.0,-0.005910256395009664,0.0,0.0,0.0,0.0,-0.0030956283712783215,0.0,0.0,-0.0002910178040050189,0.0,0.0,0.0,0.0,0.0,0.0,0.0017411243911322103,0.007645014308260612
0.053603519401459805,-1.6530652583904234e-06,0.0,0.0,0.0662636262527638,0.0,0.0,0.152371171307512,-0.152371171307512,0.2079832756671868,0.0,0.0,0.0,0.005966164906370529,-0.1515610002731182,0.0,0.18748347446300667,0.0,-0.00039012353455733615,0.0,0.0,0.0,0.003088840690528841,-5.620423811881596e-05,0.0,0.0,-0.005966164906370529,0.0,0.0,0.0,0.0,-0.003124911698835949,0.0,0.0,-0.0002937707086362235,0.0,0.0,0.0,0.0,0.0,0.0,0.0017575946872236772,0.007717332891540393
0.05319192964161128,-1.6355030529207283e-06,0.0,0.0,0.06191976492477543,0.0,0.0,0.150752376281376,-0.150752376281376,0.21589645354644482,0.0,0.0,0.002712693060963397,0.0012774314989758592,-0.15337771005240222,0.0,0.18966028851705405,0.0,-0.00038597885264736074,0.0,0.0,0.0,0.0,-5.560712292744631e-05,0.0,0.0,-0.007259126755926935,0.0,0.0,0.0,0.0,-0.003091712561021482,0.0,0.0,-0.00029064968148992024,0.0,0.0,0.0,0.0,0.0,0.0,0.0017389219585623042,0.007635343759392497
0.053415590691451686,-1.6423800045992642e-06,0.0,0.0,0.06998902587569532,0.0,0.0,0.1513862588077706,-0.1513862588077706,0.2077939828581983,0.0,0.0,0.003324784078264443,0.0075899922331534335,-0.15282126215430478,0.0,0.18144750018750752,0.0,-0.00038760181379919253,0.0,0.0,0.0,0.0,-5.5840939364946405e-05,0.0,0.0,-0.0075899922331534335,0.0,0.0,0.0,0.0,-0.0031047125721483933,0.0,0.0,-0.0002918718032165771,0.0,0.0,0.0,0.0,0.0,0.0,0.0017462337653244024,0.007667448798871685
0.055374228350467444,-1.5458443637932677e-06,0.0,0.0,0.08017615198550691,0.0,0.0,0.16947294748288108,-0.16947294748288108,0.1773414891652364,0.0,0.0,0.0,0.005579188327358716,-0.13990088309300422,0.0,0.18462674541575427,0.0,-0.0003648193947683414,0.0,0.0,0.0,0.0,-5.255872644850311e-05,0.0,0.0,-0.005579188327358716,0.0,0.0,0.0,0.0,-0.0029222241000338607,0.0,0.0,-0.0002747161927745291,0.0,0.0,0.0,0.0,0.0,0.0,0.0016435938189900638,0.007216772292171977
0.05093355856987899,-1.8577755872811687e-06,0.0,0.0,0.06932961506689621,0.0,0.0,0.15082141331997634,-0.15082141331997634,0.2101239058137471,0.0,0.0,0.0,0.0067049957383660775,-0.1483126945456675,0.0,0.18104417809499113,0.0,-0.00043843518871732593,0.0,0.0,0.0,0.0,-6.31643916953054e-05,0.0,0.0,-0.0067049957383660775,0.0,0.0,0.0,0.0,-0.0035118907962287016,0.0,0.0,-0.0003301503361664423,0.0,0.0,0.0,0.0,0.0,-0.01020945891537364,0.001975249607168288,0.008673022781197172
0.050584427475420524,-1.678687937377752e-06,0.0,0.0,0.0785054968070062,0.0,0.0,0.15473293990044526,-0.15473293990044526,0.2062456372096133,0.0,0.0,0.0,0.007457980928968506,-0.1486308312575305,0.0,0.175304699033777,0.0,-0.0003961704888688058,0.0,0.0,0.0,0.0,-5.707540950405698e-05,0.0,0.0,-0.007457980928968506,0.0,0.0,0.0,0.0,-0.0031733481467720592,0.0,0.0,-0.0002983241843838144,0.0,0.0,0.0,0.0027986797241602497,0.0,0.0,0.0017848375829484448,0.007836952333250049
0.05469819346900768,-1.7134546659078975e-06,0.0,0.0,0.07835075683595104,0.0,0.0,0.1528527374554066,-0.1528527374554066,0.2077366545774625,0.0,0.0,0.0,0.007455325285053863,-0.14809065981064518,0.0,0.17413621543876878,0.0,-0.0004043754396112721,0.0,0.0,0.0,0.0,-5.825747868069866e-05,0.0,0.0,-0.007455325285053863,0.0,0.0,0.0,0.0,-0.003239070268849617,0.002542411573481119,0.0,-0.0003045026739657737,0.0,0.0,0.0,0.0,0.0,0.0,0.0018218027402806059,0.00799926075770886
0.039611572227579606,-1.7207460737963006e-06,0.0,0.0,0.06421586317579003,0.0,0.0,0.1586096456001012,-0.1586096456001012,0.19840773180622515,0.0,0.0,0.0,0.006210435302629572,-0.14872084246246925,0.0,0.18849446133070857,0.0,-0.000406096212462123,0.0,0.0,0.0,0.0170215367432315,-5.850538663418154e-05,0.0,0.0,-0.006210435302629572,0.0,0.0,0.0,0.0,-0.0032528537572484003,0.0,0.0,-0.0003057984498291039,0.0,0.0,0.0,0.0,0.0,0.0,0.0018295552108512575,0.008033300685435368
0.0459315695343622,-1.6753305867952494e-06,0.0,0.0,0.07786573201230437,0.0,0.0,0.15442347635195597,-0.15442347635195597,0.21097104137133385,0.0,0.0,0.0,0.0075809950748789955,-0.1490921868090963,0.0,0.1755402947574252,0.0,-0.0003953781538600419,0.0,0.0030689423976815776,0.0,0.0,-5.696125954498576e-05,0.0,0.0,-0.0075809950748789955,0.0,0.0,0.0,0.0,-0.0031670014982903344,0.0,0.0,-0.00029772754050980165,0.0,0.0,0.0,0.0,0.0,0.0,0.0017812679346741237,0.007821278546660397
0.05336252069875805,-1.6653176112626027e-06,0.0,0.0,0.07307073224825135,0.0,0.0,0.15190237849308333,-0.15190237849308333,0.20745535151135008,0.0,0.0,0.0027408358724721298,0.007780341594618131,-0.15142188288600142,0.0,0.17834368297917236,0.0,-0.00039301509082523116,0.0,0.0,0.0,0.0,-5.662081825976831e-05,0.0,0.0,-0.007780341594618131,0.0,0.0,0.0,0.0,-0.0031480732289898275,0.0007990762796304698,0.0,-0.00029594810748206565,0.0,0.0,0.0,0.0,0.0,0.0,0.0017706218016735327,0.007774532984119494
0.051860124088891735,-1.7483661310790694e-06,0.0,0.0,0.07000332514346425,0.0,0.0,0.15115055548735798,-0.15115055548735798,0.2086971431211017,0.0,0.0,0.002038594129949966,0.007329417371348962,-0.15067716914101248,0.0,0.18065046826783795,0.0,-0.00041261454821271617,0.0,0.0,0.0,0.0,-5.944446890482801e-05,0.0,0.0,-0.007329417371348962,0.0,0.0,0.0,0.0,-0.0033050659973202063,0.0,0.0,-0.00031070688508860023,0.0,0.0,0.0,0.0,0.0,-0.005002483453205942,0.0018589217864867988,0.00816224488497779
0.05243386265517778,-1.6574471674430807e-06,0.0,0.0,0.07372180332253707,0.0,0.0,0.15277507345930394,-0.15277507345930394,0.206511463993352,0.0,0.0,0.002668463482204753,0.00768415203794594,-0.15118160076266024,0.0,0.17845151754633784,0.0007358808233504131,-0.0003911576654478468,0.0,0.0,0.0,0.0,-5.6353223077855234e-05,0.0,0.0,-0.00768415203794594,0.0,0.0,0.0,0.0,-0.0031331951460818346,0.0,0.0,-0.00029454942957361227,0.0,0.0,0.0,0.0,0.0,0.0,0.0017622536805887345,0.007737789827942734
0.05256939573346059,-1.6512258276844178e-06,0.0,0.0,0.07235029305038299,0.0,0.0,0.1522016219144735,-0.1522016219144735,0.20749579402954169,0.0,0.0,0.0024922736649614706,0.007772608038084461,-0.1519435189014276,0.0,0.17930657451810147,0.0,-0.00038968942876208224,0.0,0.0,0.0005669450854941563,0.0,-5.614169745329857e-05,0.0,0.0,-0.007772608038084461,0.0,0.0,0.0,0.0,-0.003121434486727582,0.0,0.0,-0.00029344381841864265,0.0,0.0,0.0,0.0,0.0,0.0,0.0017556389425124614,0.00770874551181227
0.05209104894055168,-1.6540390756598998e-06,0.0,0.0,0.07304146964263061,0.0,0.0,0.1524609328442913,-0.1524609328442913,0.20699744495367944,0.0,0.0,0.002780475338193528,0.0077858504870946125,-0.15163447908405794,0.0,0.17876019853798947,0.0,-0.0003903533555116226,0.0,0.0,0.0,0.0,-5.62373479173675e-05,0.0,0.0,-0.0077858504870946125,0.0,0.0,0.0,0.0,-0.003126752577750117,0.0,0.0,-0.0002939437683432642,0.0,0.0,0.0,0.0008518665128400896,0.0,0.0,0.00175863008255999,0.007721879156127308
0.05306456470507457,-1.631586937375676e-06,0.0,0.0,0.07179144055675987,0.0,0.0,0.15362334387294285,-0.15362334387294285,0.20373516418446466,0.0,0.0,0.003518397272263387,0.0076478450026650725,-0.15138605698738467,0.0,0.18079375536426848,0.0,-0.0003850546490622837,0.0,0.0,0.0,0.0,-5.547397495311333e-05,0.0,0.0,-0.0076478450026650725,0.0,0.0,0.0,0.0,-0.0030843096377438837,0.0,0.0,-0.00028995373797956447,0.0,0.0,0.0,0.0,0.0,0.0,0.0017347582125507041,0.0076170613793415535
0.04923305686420954,-1.6597995215617186e-06,0.0,0.0,0.07437230452278583,0.0,0.0,0.1529919015310135,-0.1529919015310135,0.20920638854395698,0.0,0.0,0.0019353255027087098,0.007749644927997638,-0.15095947084305333,0.0,0.17783139438799028,0.0,-0.00039171282120992906,0.0,0.0015830245726099821,0.0,0.0,-5.643320314540104e-05,0.0,0.0,-0.007749644927997638,0.0,0.0,0.0,0.0,-0.0031376419753088272,0.0,0.0,-0.0002949674728014207,0.0,0.0,0.0,0.0,0.0,0.0,0.001764754782756602,0.007748771789919231
0.04606087111086271,-1.682707926326462e-06,0.0,0.0,0.06737441774590663,0.0,0.0,0.1551034820926843,-0.1551034820926843,0.20278557108399076,0.0,0.0,0.0019620366924588224,0.007054168167002767,-0.15079617730693917,0.0,0.18445847808633364,0.0,-0.00039711920658553956,0.0,0.0,0.0,0.008666316016483537,-5.7212089175329177e-05,0.0,0.0,-0.007054168167002767,0.0,0.0,0.0,0.0,-0.003180947429638391,0.0,0.0,-0.0002990385875183417,0.0,0.0,0.0,0.0,0.0,0.0,0.001789111770663109,0.0078557196461435
0.0522522131906527,-1.6407973254878304e-06,0.0,0.0,0.07014396168294118,0.0,0.0,0.15124037547449679,-0.15124037547449679,0.20796437676109036,0.0,0.0,0.0041369761089278465,0.007990376117929637,-0.15326701122262168,0.0,0.18053137929314145,0.0,-0.0003872283014010045,0.0,0.0,0.0,0.0,-5.5787128256647313e-05,0.0,0.0,-0.007990376117929637,0.0,0.0,0.0,0.0,-0.003101720716596581,0.0,0.0,-0.00029159054102093795,0.0,0.0,0.0,0.0,0.0,0.0,0.0017445510075604744,0.007660060063610673
0.029237630722566903,-8.989753639153474e-07,0.0,0.0,0.14479435236854252,0.0,0.0,0.2740731117502719,-0.2740731117502719,0.0,0.0,0.0,0.005446525822389832,0.00596780225449087,-0.07639511997878062,0.0,0.1767890754719214,0.0,-0.0002121582585264104,0.0,0.0,0.0,0.0,-3.0565172887151714e-05,0.0,0.0,-0.00596780225449087,0.0,0.0,0.0,0.0,-0.001699399716620799,0.0,0.0,-0.00015975934910220264,0.0,0.0,0.0,0.0,0.0,0.0,0.0009558209003200837,0.004196865253452595
0.0282315907234376,-1.0483037098040054e-06,0.0,0.0,0.16396049601565651,0.0,0.0,0.2775833268989914,-0.2775833268989914,0.0,0.0,0.0,0.0,0.0067148322149884,-0.06661143707784173,0.0,0.15827680010385134,0.0,-0.0002473997602227243,0.0,0.0,0.0,0.0,-3.564233839384631e-05,0.0,0.0,-0.0067148322149884,0.0,0.0,0.0,0.0,-0.0019816861494562758,0.005862688144067185,0.0,-0.0001862968942889549,0.0,0.0,0.0,0.0,0.0,0.0,0.001114591829691232,0.004894004431423077
0.022453450318201184,-1.2750525122927534e-06,0.0,0.0,0.1447558603957814,0.0,0.0,0.2758245949998188,-0.2758245949998188,0.0,0.0,0.0,0.0,0.004601859190984177,-0.06675795291505107,0.0,0.175873665531992,0.0,-0.0003009124959326784,0.0,0.0,0.0,0.0,-4.335180033042039e-05,0.0,0.0,-0.004601859190984177,0.0,0.0,0.0,0.0,-0.002410326205859167,0.0,0.0,-0.00022659303871001323,0.0,0.0,0.0,0.0,0.0,-0.019015444161767207,0.001355678797411189,0.0059525809048453495
0.022920010437758095,-1.0039630934486843e-06,0.0,0.0,0.1641373459228559,0.0,0.0,0.27931755548030623,-0.27931755548030623,0.0,0.0,0.0,0.0,0.006056497585735754,-0.06828570935912275,0.0,0.1609399405445546,0.004866082994202759,-0.00023693537117989131,0.0,0.0,0.0,0.0,-3.413475691917658e-05,0.0,0.0,-0.006056497585735754,0.0,0.0,0.0,0.0,-0.001897865798094434,0.0,0.0,-0.00017841700314614976,0.0,0.0,0.0,0.0,0.0,0.0,0.0010674473922053108,0.0046870003247834625
0.024096588317750255,-9.326048690270196e-07,0.0,0.0,0.15527668400436118,0.0,0.0,0.2784807219005896,-0.2784807219005896,0.0,0.0,0.0,0.0,0.006483305530453199,-0.07184915616313217,0.0,0.1682052392022184,0.0,-0.0002200948244502228,0.0,0.0,0.0031173921686800626,0.0,-3.170857645426482e-05,0.0,0.0,-0.006483305530453199,0.0,0.0,0.0,0.0,-0.0017629720610374084,0.0,0.0,-0.00016573573962737822,0.0,0.0,0.0,0.0,0.0,0.0,0.0009915769233919064,0.004353864551942019
0.018799490112416117,-9.81563566217215e-07,0.0,0.0,0.16342820069202169,0.0,0.0,0.27997586639918515,-0.27997586639918515,0.0,0.0,0.0,0.0,0.006823657809107002,-0.06905891116738447,0.0,0.16063023746820362,0.0,-0.00023164908094325373,0.0,0.0,0.0,0.0,-3.3373172731331375e-05,0.0,0.0,-0.006823657809107002,0.0,0.0,0.0,0.0,-0.0018555223126580707,0.0,0.0,-0.00017443632243526705,0.0,0.0,0.0,0.006562090068390085,0.0,0.0,0.001043631460040185,0.004582428162625334
0.013333790252935051,-9.293455925208824e-07,0.0,0.0,0.16094701650180426,0.0,0.0,0.28333216755157176,-0.28333216755157176,0.0,0.0,0.0,0.0,0.006169413473236773,-0.06771493519252625,0.0,0.1658699890767481,0.0,-0.0002193256349314061,0.0,0.005630526675996656,0.0,0.0,-3.159776101493706e-05,0.0,0.0,-0.006169413473236773,0.0,0.0,0.0,0.0,-0.0017568108092464864,0.0,0.0,-0.00016515652476336152,0.0,0.0,0.0,0.0,0.0,0.0,0.000988111550780448,0.004338648624043365
0.0370376018318238,-9.122245764796542e-07,0.0,0.0,0.1432438182333646,0.0,0.0,0.27442790431463593,-0.27442790431463593,0.0,0.0,0.0,0.0,0.0032923577743209807,-0.0738365093094245,0.0,0.18307914682206797,0.0,-0.00021528507376219954,0.0,0.0,0.0,0.0,-3.101564626929525e-05,0.0,0.0,-0.0032923577743209807,0.0,0.0,0.0,0.0,-0.001724445684487113,0.0,0.0,-0.00016211390258648445,0.0,0.0,0.0,0.0,0.0,0.0,0.0009699079095864916,0.004258719184137155
0.005255138965496968,-1.088728592475003e-06,0.0,0.0,0.1282416901565567,0.0,0.0,0.2772697793525724,-0.2772697793525724,0.0,0.0,0.0,0.0,0.003929387716557055,-0.07555882716924013,0.0,0.1896051881179167,0.0,-0.0002569400357996432,0.0,0.0,0.0,0.03015388982617706,-3.70167848774523e-05,0.0,0.0,-0.003929387716557055,0.0,0.0,0.0,0.0,-0.0020581042994001395,0.0,0.0,-0.00019348090978290968,0.0,0.0,0.0,0.0,0.0,0.0,0.0011575729271727478,0.005082727940728037
0.052269788415745734,-1.664429287024443e-06,0.0,0.0,0.07516529003774808,0.0,0.0,0.15341864982957812,-0.15341864982957812,0.20777631518238968,0.0,0.0,0.0,0.0075130745871001235,-0.15027864135336885,0.0,0.17770731316640845,0.0,-0.00039280544623324375,0.0,0.0,0.0015058951663375296,0.0,-5.659061522528142e-05,0.0,0.0,-0.0075130745871001235,0.0,0.0,0.0,0.0,-0.0031463939638851405,0.0,0.0,-0.0002957902409733974,0.0,0.0,0.0,0.0,0.0,0.0,0.0017696773054090343,0.007770385843632023
0.05179833400432179,-1.6859535058496948e-06,0.0,0.0,0.07988999771259223,0.0,0.0,0.15540264315182373,-0.15540264315182373,0.20487473500193218,0.0,0.0,0.0,0.0071917687243842525,-0.14763242186672032,0.0,0.1747948515156823,0.002213810223157506,-0.00039788516361528403,0.0,0.0,0.0,0.0,-5.7322438917078e-05,0.0,0.0,-0.0071917687243842525,0.0,0.0,0.0,0.0,-0.0031870827890080073,0.0,0.0,-0.00029961536825439305,0.0,0.0,0.0,0.0,0.0,0.0,0.0017925625801807866,0.007870871629696252
0.049806270733318156,-1.5874663476859674e-06,0.0,0.0,0.048631954664142954,0.0,0.0,0.1463245964310505,-0.1463245964310505,0.2299371960407549,0.0,0.0,0.0,0.0,-0.15778555197156963,0.0,0.20264827142982914,0.0,-0.00037464218633031463,0.0,0.0,0.0,0.0,-5.397387438764775e-05,0.0,0.0,-0.005729408422042658,0.0,0.0,0.0,0.0,-0.003000905219085205,0.0,0.0,-0.00028211294837201194,0.0,0.0,0.0,0.0,0.0,0.0,0.001687847714830055,0.007411084466888573
0.05255360219482821,-1.6330946330300307e-06,0.0,0.0,0.06010710822455685,0.0,0.0,0.1505303803511589,-0.1505303803511589,0.21788074018430784,0.0,0.0,0.0029783269190872537,0.0,-0.1537325864708829,0.0,0.19112321245653008,0.0,-0.0003854104653585419,0.0,0.0,0.0,0.0,-5.552523662299474e-05,0.0,0.0,-0.007383251329887482,0.0,0.0,0.0,0.0,-0.0030871597465128285,0.0,0.0,-0.00029022167466176104,0.0,0.0,0.0,0.0,0.0,0.0,0.001736361245376295,0.007624100054436034
0.054248641931062436,-1.6866071802900197e-06,0.0,0.0,0.0665396421613629,0.0,0.0,0.1517069579928233,-0.1517069579928233,0.21737321684549687,0.0,0.0,0.0,0.0,-0.14995214739855411,0.0,0.1859559580776685,0.0,-0.0003980394308360214,0.0,0.0,0.0,0.0,-5.734466385569415e-05,0.0,0.0,-0.007026207212044845,0.0,0.0,0.0,0.0,-0.0031883184782195697,0.0018779687767633184,0.0,-0.00029973153451133723,0.0,0.0,0.0,0.0,0.0,0.0,0.0017932575888730676,0.007873923307924365
0.055653730716947555,-1.6303476706584557e-06,0.0,0.0,0.05894976511900714,0.0,0.0,0.15027717929211418,-0.15027717929211418,0.2181400719575814,0.0,0.0,0.0,0.0,-0.15304357988463332,0.0,0.19461607879290682,0.0,-0.00038476218201687984,0.0,0.0,0.0,0.0,-5.5431839870233905e-05,0.0,0.0,-0.005884173663740561,0.0,0.0,0.0,0.0,-0.0030819669600770684,0.0,0.0,-0.0002897335045315144,0.0,0.0,0.0,0.0,0.0,0.0,0.001733440582416513,0.007611275864371922
0.05216606098704324,-1.6661923603121698e-06,0.0,0.0,0.06784464927107554,0.0,0.0,0.1535811609830782,-0.1535811609830782,0.21503330937071707,0.0,0.0,0.0,0.0,-0.14962010470495035,0.0,0.18628085155791194,0.0016210814868787384,-0.00039322153167161377,0.0,0.0,0.0,0.0,-5.665055973768428e-05,0.0,0.0,-0.006824083364882157,0.0,0.0,0.0,0.0,-0.003149726831910017,0.0,0.0,-0.00029610356150716594,0.0,0.0,0.0,0.0,0.0,0.0,0.0017715518643400666,0.0077786167488576394
0.052335875822699086,-1.6509521593082448e-06,0.0,0.0,0.06429044873527023,0.0,0.0,0.15217639655158136,-0.15217639655158136,0.21745019373165148,0.0,0.0,0.0,0.0,-0.15153100601151273,0.0,0.1884587723590691,0.0,-0.00038962484300319143,0.0,0.0,0.0011489177219742898,0.0,-5.613239272530798e-05,0.0,0.0,-0.007107456131130756,0.0,0.0,0.0,0.0,-0.0031209171511257577,0.0,0.0,-0.00029339518406958017,0.0,0.0,0.0,0.0,0.0,0.0,0.0017553479690729185,0.007707467891373455
0.05111842491519884,-1.661487422373554e-06,0.0,0.0,0.06679366467920571,0.0,0.0,0.15314748366695452,-0.15314748366695452,0.2162472302274734,0.0,0.0,0.0,0.0,-0.1503025645407482,0.0,0.18667563133422252,0.0,-0.00039211116593791434,0.0,0.0,0.0,0.0,-5.649059179274441e-05,0.0,0.0,-0.007050358648817654,0.0,0.0,0.0,0.0,-0.003140832739234575,0.0,0.0,-0.0002952674342307011,0.0,0.0,0.0,0.002107593733483883,0.0,0.0,0.0017665494157781264,0.0077566517525442516
0.05500772046664999,-1.5690860647418073e-06,0.0,0.0,0.06887455242291216,0.0,0.0,0.16312924690746328,-0.16312924690746328,0.19491296882426015,0.0,0.0,0.0,0.0,-0.14440240048660147,0.0,0.19221698287426336,0.0,-0.00037030443807026015,0.0,0.0,0.0,0.0,-5.334894455257842e-05,0.0,0.0,-0.005663071174608529,0.0,0.0,0.0,0.0,-0.002966159608826572,0.0,0.0,-0.0002788465384598602,0.0,0.0,0.0,0.0,0.0,0.0,0.001668305178630499,0.007325276141173169
0.047491445886884066,-1.6592217827979666e-06,0.0,0.0,0.06628756825121043,0.0,0.0,0.1529386485020143,-0.1529386485020143,0.2199542828708772,0.0,0.0,0.0,0.0,-0.15063119969660052,0.0,0.18686573558140285,0.0,-0.000391576474814999,0.0,0.002341871297672298,0.0,0.0,-5.641356002067649e-05,0.0,0.0,-0.007159320391767312,0.0,0.0,0.0,0.0,-0.003136549832931171,0.0,0.0,-0.0002948648012794269,0.0,0.0,0.0,0.0,0.0,0.0,0.0017641405114345113,0.00774607461729305
0.052097494140063,-1.7731869113152194e-06,0.0,0.0,0.06041256894704546,0.0,0.0,0.15028089735884198,-0.15028089735884198,0.21833086016372844,0.0,0.0,0.0,0.0,-0.15041037770244067,0.0,0.19089489173632254,0.0,-0.0004184722543541096,0.0,0.0,0.0,0.0,-6.0288375723150295e-05,0.0,0.0,-0.006399702291865491,0.0,0.0,0.0,0.0,-0.003351986556651121,0.0,0.0,-0.0003151178532351195,0.0,0.0,0.0,0.0,0.0,-0.006581239334070985,0.001885312076437167,0.008278120663467411
0.04454580325111862,-1.6866071802900197e-06,0.0,0.0,0.05746279307367353,0.0,0.0,0.15546289554634993,-0.15546289554634993,0.21017433653457082,0.0,0.0,0.0,0.0,-0.15057813699080855,0.0,0.19534580196148507,0.0,-0.0003980394308360214,0.0,0.0,0.0,0.01126781266057991,-5.734466385569415e-05,0.0,0.0,-0.006087222823663186,0.0,0.0,0.0,0.0,-0.0031883184782195697,0.0,0.0,-0.00029973153451133723,0.0,0.0,0.0,0.0,0.0,0.0,0.0017932575888730676,0.007873923307924365
0.05313433832740562,-1.633732281098016e-06,0.0,0.0,0.060189994164136694,0.0,0.0,0.15058915551596727,-0.15058915551596727,0.2176347756056598,0.0,0.0,0.00255508347214586,0.0,-0.15352099188784596,0.0,0.191427016675351,0.0,-0.00038556095035411204,0.0,0.0,0.0,0.0,-5.55469166647639e-05,0.0,0.0,-0.007173930975649802,0.0,0.0,0.0,0.0,-0.0030883651398857,0.0,0.0,-0.0002903349928286282,0.0,0.0,0.0,0.0,0.0,0.0,0.0017370392142894524,0.007627076913566859
0.05012463179840154,-1.5411922238046083e-06,0.0,0.0,0.030869315414675098,0.0,0.0,0.14205928239021404,-0.14205928239021404,0.23603924074933233,0.0,0.0,0.0,-0.019885428780484903,-0.14964575975746214,0.0,0.2113159768865462,0.0,-0.00036372148935509807,0.0,0.0,0.0,0.0,-5.240055363447926e-05,0.0,0.0,-0.005562398043854187,0.0,0.0,0.0,0.0,-0.002913429815233913,0.0,0.0,-0.0002738894483648897,0.0,0.0,0.0,0.0,0.0,0.0,0.0016386475069876869,0.0071950537830155455
0.05233056742853603,-1.6902006467462173e-06,0.0,0.0,0.06047019300287917,0.0,0.0,0.15051350791839233,-0.15051350791839233,0.21783625692119818,0.0,0.0,0.001923313561914895,0.0,-0.1523465405553726,0.0,0.19072265232007848,0.0,-0.00039888748921005685,0.0,0.0,0.0,0.0,-5.746684175723251e-05,0.0,0.0,-0.007061848973708979,0.0,0.0,0.0,0.0,-0.0031951114740262085,0.0,0.0,-0.0003003701391773899,0.0,0.0,0.0,0.0,0.0,-0.0026403075700619162,0.0017970782835008642,0.007890699401146518
0.0499720635774213,-1.8522965375861676e-06,0.0,0.0,0.06100007220817994,0.0,0.0,0.15019389603588915,-0.15019389603588915,0.21870370726630564,0.0,0.0,0.0,0.0,-0.14904107398832264,0.0,0.18898981736760223,0.0,-0.00043714213254656694,0.0,0.0,0.0,0.0,-6.297810394159477e-05,0.0,0.0,-0.00668522101147937,0.0,0.0,0.0,0.0,-0.003501533342762477,0.0,0.0,-0.00032917663939108287,0.0,0.0,0.0,0.0,0.0,-0.010270702051619165,0.001969424096901171,0.00864744384521083
0.049921115273919986,-1.8121899816422788e-06,0.0,0.0,0.05658608630760844,0.0,0.0,0.14900397430661239,-0.14900397430661239,0.22118570699874343,0.0,0.0,0.0,-0.003093191546668097,-0.14890717740382164,0.0,0.19211519237141308,0.0,-0.0004276769821029684,0.0,0.0,0.0,0.0,-6.161448057043349e-05,0.0,0.0,-0.006540470327637158,0.0,0.0,0.0,0.0,-0.003425716949409011,0.0,0.0,-0.0003220491946028071,0.0,0.0,0.0,0.0,0.0,-0.009017253461378895,0.001926781455122797,0.008460206443794777
0.05201784743434877,-1.643815002962854e-06,0.0,0.0,0.0626624279716366,0.0,0.0,0.15151852967873272,-0.15151852967873272,0.2170739272596034,0.0,0.0,0.0021112660839894943,0.0,-0.15249880452302164,0.0,0.18926001073375645,0.0,-0.0003879404735289558,0.0,0.0,0.0,0.0,-5.588972932609158e-05,0.0,0.0,-0.007349515893171566,0.0,0.0,0.0,0.0,-0.0031074252558439893,0.0,0.0,-0.0002921268206661447,0.0,0.0,0.0,0.0007222070579337454,0.0,0.0,0.0017477595039407205,0.007674148086763938
0.04702741342986736,-1.686713856711656e-06,0.0,0.0,0.0731647160138911,0.0,0.0,0.15547272843784232,-0.15547272843784232,0.21503070810632222,0.0,0.0,0.0,0.0,-0.14811541272326081,0.0,0.18014297765765477,0.0,-0.0003980646064801476,0.0,0.0,0.0,0.0,-5.7348290855277424e-05,0.0,0.0,-0.00804512276203972,0.0,0.0,0.0,0.0,-0.0031885201365608054,0.0,0.0,-0.0002997504922674329,0.0,0.0,0.0,0.003915029853767135,0.0,0.0,0.0017933710108393019,0.007874421326652462
0.04747056889792019,-1.6581223649695004e-06,0.0,0.0,0.06468931645720584,0.0,0.0,0.152837309742743,-0.152837309742743,0.219241064796047,0.0,0.0,0.0,-0.004444470313842506,-0.14808534250310654,0.0,0.18618503366976852,0.0,-0.00039131701211864167,0.0,0.0,0.0,0.0,-5.6376179801650325e-05,0.0,0.0,-0.007598670537281287,0.0,0.0,0.0,0.0,-0.0031344715219772355,0.0,0.0,-0.00029466942075653677,0.0,0.0,0.0,0.0032285075223027963,0.0,0.0,0.00176297157335143,0.007740941986668759
0.05309790567781011,-1.6526420657041282e-06,0.0,0.0,0.0626008138825327,0.0,0.0,0.15102928167725038,-0.15102928167725038,0.21745921273555088,0.0,0.0,0.0020977218706938754,0.0,-0.1523631604096803,0.0,0.1889937868758899,0.0,-0.0003900236610491741,0.0,0.0,0.0,0.0,-5.618984956253244e-05,0.0,0.0,-0.00733921894340921,0.0,0.0,0.0,0.0,-0.003124111706355583,0.000651440937418688,0.0,-0.00029369550191663896,0.0,0.0,0.0,0.0,0.0,0.0,0.0017571447344989864,0.007715357217064852
0.05288961776725071,-1.7317942969679883e-06,0.0,0.0,0.07248476354876981,0.0,0.0,0.1527599761482908,-0.1527599761482908,0.21713080606868684,0.0,0.0,0.0,0.0,-0.1475486098501111,0.0,0.17904791281041502,0.0,-0.0004087035940234014,0.0,0.0,0.0,0.0,-5.88810263512342e-05,0.0,0.0,-0.007967319683915652,0.0,0.0,0.0,0.0,-0.00327373903184075,0.0034340193140490536,0.0,-0.0003077618595213976,0.0,0.0,0.0,0.0,0.0,0.0,0.0018413020540271447,0.008084879300159244
0.052321209140101056,-1.6963215586838762e-06,0.0,0.0,0.06436301781804539,0.0,0.0,0.1506608416493254,-0.1506608416493254,0.22086511440752868,0.0,0.0,0.0,-0.00431978701415199,-0.14761598695128425,0.0,0.18510710624858953,0.0,-0.00040033202492194926,0.0,0.0,0.0,0.0,-5.767495283470047e-05,0.0,0.0,-0.0075466525051817316,0.0,0.0,0.0,0.0,-0.003206682287231828,0.0028487380134213317,0.0,-0.00030145790303202246,0.0,0.0,0.0,0.0,0.0,0.0,0.0018035862433336588,0.007919274870132364
0.04920497449271157,-1.6560943782616598e-06,0.0,0.0,0.05924997536668341,0.0,0.0,0.1526503802137959,-0.1526503802137959,0.21447538821859974,0.0,0.0,0.001884503347962522,0.0,-0.1523768009943429,0.0,0.19256555704972442,0.0,-0.00039083840709171826,0.0,0.0,0.0,0.004656652662949794,-5.630722822986527e-05,0.0,0.0,-0.00691934913645097,0.0,0.0,0.0,0.0,-0.0031306378684924445,0.0,0.0,-0.00029430902174068226,0.0,0.0,0.0,0.0,0.0,0.0,0.0017608153495451589,0.007731474333504682
0.03865851151832806,-1.7149123759348506e-06,0.0,0.0,0.056475719000722326,0.0,0.0,0.15807192491926808,-0.15807192491926808,0.20628610383027804,0.0,0.0,0.0,0.0,-0.14939746501672463,0.0,0.19589215241395075,0.0,-0.0004047194592954244,0.0,0.0,0.0,0.017116070057262765,-5.830704083866381e-05,0.0,0.0,-0.006189380596362717,0.0,0.0,0.0,0.0,-0.0032418258860846994,0.0,0.0,-0.00030476172756661044,0.0,0.0,0.0,0.0,0.0,0.0,0.0018233526267027427,0.008006066074970375
0.03990089960895147,-1.6931060815803076e-06,0.0,0.0,0.05286766168600965,0.0,0.0,0.1560619313053963,-0.1560619313053963,0.21002087871777347,0.0,0.0,0.0,-0.002889929572621565,-0.14923173089050085,0.0,0.19802513582320075,0.0,-0.000399573172065678,0.0,0.0,0.0,0.015164469670777425,-5.75656265755723e-05,0.0,0.0,-0.006110678350667508,0.0,0.0,0.0,0.0,-0.0032006038326957598,0.0,0.0,-0.0003008864718785793,0.0,0.0,0.0,0.0,0.0,0.0,0.0018001674397229508,0.00790426341968453
0.05242359742218344,-1.6414440779662325e-06,0.0,0.0,0.06209127109124442,0.0,0.0,0.15129998983768056,-0.15129998983768056,0.2174820002464341,0.0,0.0,0.0018678324744194521,0.0,-0.15275962773234622,0.0,0.1897082005888638,0.0,-0.00038738093503816874,0.0,0.0,0.0004807769309701535,0.0,-5.5809117848477125e-05,0.0,0.0,-0.00733891546008586,0.0,0.0,0.0,0.0,-0.003102943320710818,0.0,0.0,-0.0002917054771572629,0.0,0.0,0.0,0.0,0.0,0.0,0.0017452386565895849,0.007663079426669043
0.05055038769081371,-1.6604403019124321e-06,0.0,0.0,0.06676587862678901,0.0,0.0,0.1530509654137571,-0.1530509654137571,0.21734185464600167,0.0,0.0,0.0,0.0,-0.1508666887288179,0.0,0.18552678027627958,0.0,-0.0003918640454244762,0.0,0.0,0.001726291586153139,0.0,-5.6454989684819596e-05,0.0,0.0,-0.007719074150611048,0.0,0.0,0.0,0.0,-0.0031388532898677444,0.0,0.0,-0.0002950813476147433,0.0,0.0,0.0,0.0,0.0,0.0,0.0017654360820183069,0.007751763272107678
0.05044005284936591,-1.6452854750161397e-06,0.0,0.0,0.06211956774400464,0.0,0.0,0.15165407033449138,-0.15165407033449138,0.21974615444545484,0.0,0.0,0.0,-0.0028083055169324505,-0.15054284409626253,0.0,0.18874801331899846,0.0,-0.00038828750505235385,0.0,0.0,0.0015350166402428702,0.0,-5.59397253931013e-05,0.0,0.0,-0.007473103120603762,0.0,0.0,0.0,0.0,-0.0031102049980827186,0.0,0.0,-0.0002923881422412797,0.0,0.0,0.0,0.0,0.0,0.0,0.0017493229593793052,0.007681012983527882
0.04974087853484657,-1.6481353328532995e-06,0.0,0.0,0.06368531821279524,0.0,0.0,0.15191675577567643,-0.15191675577567643,0.2188512902358534,0.0,0.0,0.0014463472189632967,0.0,-0.15198777085010884,0.0,0.1885505882828399,0.0,-0.00038896007173220854,0.0,0.0012872981099008155,0.0,0.0,-5.603662059289545e-05,0.0,0.0,-0.007315194716841546,0.0,0.0,0.0,0.0,-0.0031155922954384393,0.0,0.0,-0.00029289459820367174,0.0,0.0,0.0,0.0,0.0,0.0,0.0017523530242654379,0.00769431754093195
0.045429248568054574,-1.6658892060553564e-06,0.0,0.0,0.06798768937354037,0.0,0.0,0.15355321776125858,-0.15355321776125858,0.22051628556853092,0.0,0.0,0.0,0.0,-0.15008559461115142,0.0,0.18504173800262705,0.0,-0.0003931499872425092,0.0,0.00291697951663031,0.0,0.0,-5.664025248940706e-05,0.0,0.0,-0.007470938249759725,0.0,0.0,0.0,0.0,-0.003149153756964028,0.0,0.0,-0.0002960496871423167,0.0,0.0,0.0,0.0,0.0,0.0,0.0017712295405186203,0.0077772014736254965
0.04566603263516853,-1.6577259219614287e-06,0.0,0.0,0.06551067013400148,0.0,0.0,0.15280076763698527,-0.15280076763698527,0.22157956138436624,0.0,0.0,0.0,-0.0014547635920658306,-0.1499626687678651,0.0,0.18673824722309412,0.0,-0.00039122345153670186,0.0,0.0027495525596563214,0.0,0.0,-5.636270073473926e-05,0.0,0.0,-0.00735776223261328,0.0,0.0,0.0,0.0,-0.003133722096394938,0.0,0.0,-0.00029459896779478954,0.0,0.0,0.0,0.0,0.0,0.0,0.001762550061786029,0.007739091193029316
0.052372291230691675,-1.645875351808483e-06,0.0,0.0,0.06312662859684268,0.0,0.0,0.15170844218540308,-0.15170844218540308,0.21662289427914427,0.0,0.0,0.0020657048489378634,0.0,-0.1522078708553141,0.0,0.18906336084790465,0.0005784898146873202,-0.00038842671602301235,0.0,0.0,0.0,0.0,-5.595978121093992e-05,0.0,0.0,-0.007262312767579025,0.0,0.0,0.0,0.0,-0.003111320085874873,0.0,0.0,-0.0002924929708452415,0.0,0.0,0.0,0.0,0.0,0.0,0.001749950136262418,0.0076837668225238935
0.049314435968383356,-1.6923287019578866e-06,0.0,0.0,0.07434035420465862,0.0,0.0,0.15599027639460697,-0.15599027639460697,0.21301684609932656,0.0,0.0,0.0,0.0,-0.1471437678999273,0.0,0.18014345361118905,0.0028628251867049174,-0.0003993897104119699,0.0,0.0,0.0,0.0,-5.7539195659318085e-05,0.0,0.0,-0.007539285262272875,0.0,0.0,0.0,0.0,-0.003199134294415761,0.0,0.0,-0.000300748321638352,0.0,0.0,0.0,0.0,0.0,0.0,0.0017993409035124846,0.007900634223983469
0.04935276965456687,-1.6654070334753517e-06,0.0,0.0,0.06643795885103661,0.0,0.0,0.15350877353837336,-0.15350877353837336,0.21717077628693798,0.0,0.0,0.0,-0.004045584517479738,-0.14727148808977558,0.0,0.18564316648614201,0.002405867813904137,-0.00039303619447466574,0.0,0.0,0.0,0.0,-5.662385861604762e-05,0.0,0.0,-0.007213642163937632,0.0,0.0,0.0,0.0,-0.003148242270422001,0.0,0.0,-0.0002959639989459227,0.0,0.0,0.0,0.0,0.0,0.0,0.0017707168783834507,0.007774950451597066
0.05403544251367786,-1.4995827901988768e-06,0.0,0.0,0.07936859788424688,0.0,0.0,0.17713587335227973,-0.17713587335227973,0.1698057323809288,0.0,0.0,0.0,0.0,-0.13507741963597725,0.0,0.1899259760623156,0.0,-0.0003539016596618635,0.0,0.0,0.0,0.0,-5.098583240523832e-05,0.0,0.0,-0.005412223245072082,0.0,0.0,0.0,0.0,-0.002834772420919612,0.0,0.0,-0.00026649492311292853,0.0,0.0,0.0,0.0,0.0,0.0,0.001594406955035716,0.007000800199296446
0.05285302520010275,-1.6250826892965823e-06,0.0,0.0,0.061724357094620354,0.0,0.0,0.1524797936168773,-0.1524797936168773,0.21422224444539212,0.0,0.0,0.0027451857197956764,0.0,-0.1523009345067576,0.0,0.19084115282922862,0.0,-0.0003835196459900368,0.0,0.0,0.0,0.0,-5.525283044235324e-05,0.0,0.0,-0.007237764402049752,0.0,0.0,0.0,0.0,-0.0030720141758367827,0.0,0.0,-0.00028879785041998826,0.0,0.0,0.0,0.0,0.0,0.0,0.001727842676814788,0.007586696306105181
0.04832524374670883,-1.866373485636418e-06,0.0,0.0,0.0660234923187698,0.0,0.0,0.1564018133278186,-0.1564018133278186,0.2076995840362704,0.0,0.0,0.0,0.0,-0.14409396384781853,0.0,0.18687954911248042,0.0,-0.00044046429342392454,0.0,0.0,0.0,0.0,-6.345672033994122e-05,0.0,0.0,-0.006736026866251239,0.0,0.0,0.0,0.0,-0.003528144040327415,0.0,0.0,-0.0003316782919926166,0.0,0.0,0.0,0.0,0.0,-0.01237535045618868,0.0019843911824290192,0.00871316205787624
0.04958556574266516,-1.895179174404563e-06,0.0,0.0,0.06704250174306624,0.0,0.0,0.1505842360123757,-0.1505842360123757,0.21296310077236003,0.0,0.0,0.0,0.004630212921984721,-0.147861320599774,0.0,0.18256130268879958,0.0,-0.0004472624383008723,0.0,0.0,0.0,0.0,-6.44361140949571e-05,0.0,0.0,-0.006839990995047748,0.0,0.0,0.0,0.0,-0.0035825975674145727,0.0,0.0,-0.0003367974290377033,0.0,0.0,0.0,0.0,0.0,-0.012051884045733716,0.0020150183614128705,0.008847641376381991
0.04605563110606605,-1.6781397846474654e-06,0.0,0.0,0.0764106417740311,0.0,0.0,0.15862082635241423,-0.15862082635241423,0.20995343468608757,0.0,0.0,0.0,0.0,-0.14589704191503894,0.0,0.17844873353147028,0.0,-0.00039604112478016425,0.0,0.0,0.0,0.0,-5.705677230481628e-05,0.0,0.0,-0.008187408963459583,0.0,0.0,0.0,0.0,-0.0031723119330648707,0.0,0.0,-0.00029822677067603743,0.0,0.0,0.0,0.004261492526932759,0.0,0.0,0.001784254768494116,0.007834393282980523
0.04663412228198596,-1.6929240931015287e-06,0.0,0.0,0.07673832704797007,0.0,0.0,0.15604515653045303,-0.15604515653045303,0.2122349712881434,0.0,0.0,0.0,0.0020297407543861377,-0.1475278736832652,0.0,0.17665234998316037,0.0,-0.00039953022276998046,0.0,0.0,0.0,0.0,-5.755943896516535e-05,0.0,0.0,-0.008216353560170003,0.0,0.0,0.0,0.0,-0.003200259806394618,0.0,0.0,-0.00030085413021263286,0.0,0.0,0.0,0.004212664067416566,0.0,0.0,0.0017999739434397192,0.007903413806720955
0.04468436479774023,-1.6973901734864435e-06,0.0,0.0,0.07588553475642625,0.0,0.0,0.15645681716874238,-0.15645681716874238,0.21498070871715633,0.0,0.0,0.0,0.0,-0.14723869986294064,0.0,0.17723143503739963,0.0,-0.00040058421810170537,0.0,0.0,0.0,0.0,-5.771128575048582e-05,0.0,0.0,-0.008539524625280006,0.0,0.0,0.0,0.0,-0.003208702368944357,0.0,0.0,-0.0003016478094656711,0.0,0.0,0.0,0.00482676866566224,0.0,0.0,0.0018047224306016133,0.007924263696872495
0.05235553046640187,-1.726389027096808e-06,0.0,0.0,0.07624074028574113,0.0,0.0,0.15618852143745637,-0.15618852143745637,0.21136385702882268,0.0,0.0,0.0,0.0,-0.1448740311376557,0.0,0.17693615868464166,0.0,-0.00040742794989702587,0.0,0.0,0.0,0.0,-5.869724711239635e-05,0.0,0.0,-0.008126956327587033,0.0,0.0,0.0,0.0,-0.0032635210498402913,0.0037923094898675903,0.0,-0.0003068012743585512,0.0,0.0,0.0,0.0,0.0,0.0,0.0018355549889549243,0.008059644805179216
0.05295123997008582,-1.7431334673550655e-06,0.0,0.0,0.07662857832038912,0.0,0.0,0.1531908336600115,-0.1531908336600115,0.21402925022435557,0.0,0.0,0.0,0.0023881498948658928,-0.1468066247173585,0.0,0.17484296342608,0.0,-0.00041137963915102184,0.0,0.0,0.0,0.0,-5.9266558277012894e-05,0.0,0.0,-0.008161826906904477,0.0,0.0,0.0,0.0,-0.003295174305504521,0.0037411841656596824,0.0,-0.0003097769742321151,0.0,0.0,0.0,0.0,0.0,0.0,0.0018533582420866871,0.00813781620155912
0.051708704157965316,-1.7573662768755076e-06,0.0,0.0,0.07557936967053248,0.0,0.0,0.15318548292378908,-0.15318548292378908,0.21766106165676963,0.0,0.0,0.0,0.0,-0.14633042483911382,0.0,0.1752237646886206,0.0,-0.0004147385833479392,0.0,0.0,0.0,0.0,-5.975047396716875e-05,0.0,0.0,-0.0085425100220637,0.0,0.0,0.0,0.0,-0.0033220796395510665,0.004399813630748906,0.0,-0.00031230632539806715,0.0,0.0,0.0,0.0,0.0,0.0,0.0018684910447818166,0.008204262053284348
0.03504239993736183,-1.702075951676999e-06,0.0,0.0,0.06021142037558979,0.0,0.0,0.16520559279640798,-0.16520559279640798,0.19393009197194666,0.0,0.0,0.0,0.0,-0.14495245266571116,0.0,0.19525755123522145,0.0,-0.00040169006213331435,0.0,0.0,0.0,0.020314698971501986,-5.787060226376755e-05,0.0,0.0,-0.006143051981359915,0.0,0.0,0.0,0.0,-0.003217560242528897,0.0,0.0,-0.0003024805318113648,0.0,0.0,0.0,0.0,0.0,0.0,0.001809704507873776,0.007946139245928343
0.03651177976503221,-1.7323318465650038e-06,0.0,0.0,0.061281731253401334,0.0,0.0,0.15967756337183447,-0.15967756337183447,0.1990703104613518,0.0,0.0,0.0,0.004232351964109691,-0.1483755802090505,0.0,0.1911101921578301,0.0,-0.00040883045577173416,0.0,0.0,0.0,0.01982934019426785,-5.889930304381968e-05,0.0,0.0,-0.006252250125459449,0.0,0.0,0.0,0.0,-0.0032747552016597526,0.0,0.0,-0.00030785738891761527,0.0,0.0,0.0,0.0,0.0,0.0,0.0018418735948728786,0.008087388849715637
0.04920884928328019,-1.6382867877431815e-06,0.0,0.0,0.07221251852212077,0.0,0.0,0.15901413780799192,-0.15901413780799192,0.20743756553883735,0.0,0.0,0.0,0.0,-0.14685253992495392,0.0,0.1830514909503748,0.0,-0.0003866358142904015,0.0,0.0,0.0020368082777338717,0.0,-5.5701769943967084e-05,0.0,0.0,-0.007949635427172013,0.0,0.0,0.0,0.0,-0.0030969748611448366,0.0,0.0,-0.00029114438655210496,0.0,0.0,0.0,0.0,0.0,0.0,0.0017418817192310072,0.007648339621593099
0.05029835625226198,-1.6689031217077354e-06,0.0,0.0,0.07296740863785446,0.0,0.0,0.15383102521976277,-0.15383102521976277,0.21207867247425022,0.0,0.0,0.0,0.004077385876773167,-0.150106596157401,0.0,0.17933693533400366,0.0,-0.0003938612715800124,0.0,0.0,0.0019899266496171786,0.0,-5.6742725656837414e-05,0.0,0.0,-0.008013252822813705,0.0,0.0,0.0,0.0,-0.003154851184959457,0.0,0.0,-0.00029658529826382275,0.0,0.0,0.0,0.0,0.0,0.0,0.0017744340372022659,0.007791271934714904
0.04213033418808585,-1.6350194010523028e-06,0.0,0.0,0.07624905168987783,0.0,0.0,0.162378956391615,-0.162378956391615,0.2069087925391215,0.0,0.0,0.0,0.0,-0.14402831415927778,0.0,0.1813056812627706,0.0,-0.00038586471076733044,0.0,0.0036819551688794024,0.0,0.0,-5.559067875826325e-05,0.0,0.0,-0.007742012236448163,0.0,0.0,0.0,0.0,-0.003090798278070984,0.0,0.0,-0.00029056373040517057,0.0,0.0,0.0,0.0,0.0,0.0,0.001738407723597837,0.007633085831308103
0.04393727796345709,-1.679299468085343e-06,0.0,0.0,0.07720412064710985,0.0,0.0,0.15478930769943758,-0.15478930769943758,0.21362228599486244,0.0,0.0,0.0,0.005882628227883186,-0.14881687439109076,0.0,0.1760044993597877,0.0,-0.00039631481016521246,0.0,0.003559684969942322,0.0,0.0,-5.709620155526728e-05,0.0,0.0,-0.007840690659551315,0.0,0.0,0.0,0.0,-0.00317450416856409,0.0,0.0,-0.00029843286116376004,0.0,0.0,0.0,0.0,0.0,0.0,0.001785487783003936,0.007839807263519695
0.04833135375302224,-1.68200815633648e-06,0.0,0.0,0.0786207400832866,0.0,0.0,0.16007125053209964,-0.16007125053209964,0.20630169122230937,0.0,0.0,0.0,0.0,-0.14419939719141478,0.0,0.17797870280379133,0.0031865372782376475,-0.00039695406081135837,0.0,0.0,0.0,0.0,-5.7188296987485584e-05,0.0,0.0,-0.0076638928831579455,0.0,0.0,0.0,0.0,-0.0031796246025950605,0.0,0.0,-0.00029891422949629995,0.0,0.0,0.0,0.0,0.0,0.0,0.0017883677516291184,0.007852452770905037
0.049034958752220734,-1.7007822876372497e-06,0.0,0.0,0.07900585450516598,0.0,0.0,0.15676948504663996,-0.15676948504663996,0.20926094899081568,0.0,0.0,0.0,0.002585255072085292,-0.14630134235833203,0.0,0.17569753147222025,0.0031400329770885768,-0.000401384757315398,0.0,0.0,0.0,0.0,-5.7826617671285936e-05,0.0,0.0,-0.007708399438869034,0.0,0.0,0.0,0.0,-0.0032151147335741496,0.0,0.0,-0.00030225063126765344,0.0,0.0,0.0,0.0,0.0,0.0,0.0018083290406732074,0.007940099777133093
0.0469126746896584,-1.7082267421835527e-06,0.0,0.0,0.07831304081842297,0.0,0.0,0.1574556771090575,-0.1574556771090575,0.21232834470413023,0.0,0.0,0.0,0.0,-0.1456805229616778,0.0,0.17628110369360744,0.003747279069595221,-0.00040314164918988033,0.0,0.0,0.0,0.0,-5.8079729212927384e-05,0.0,0.0,-0.00803889065819404,0.0,0.0,0.0,0.0,-0.0032291875374063747,0.0,0.0,-0.0003035736054674784,0.0,0.0,0.0,0.0,0.0,0.0,0.0018162442356078588,0.007974854202972096
0.05110277108637517,-1.571267270948811e-06,0.0,0.0,0.07029262604995724,0.0,0.0,0.1635405907234627,-0.1635405907234627,0.1944701221811845,0.0,0.0,0.0036771499799532286,0.0,-0.14521166871771585,0.0,0.18797354801036775,0.0,-0.00037081920291136695,0.0,0.0,0.0,0.0,-5.342310558912699e-05,0.0,0.0,-0.0075095184708112465,0.0,0.0,0.0,0.0,-0.0029702829044794465,0.0,0.0,-0.000279234166528299,0.0,0.0,0.0,0.0,0.0,0.0,0.0016706243105714252,0.00733545909935894
0.028545401396112783,-8.776912483668993e-07,0.0,0.0,0.14099626827294678,0.0,0.0,0.2775724651186276,-0.2775724651186276,0.0,0.0,0.0,0.0055025425607813875,0.0,-0.07421645419434779,0.0,0.18259172295965062,0.0,-0.00020713520553709752,0.0,0.0,0.0,0.0,-2.9841512709574602e-05,0.0,0.0,-0.005918993001028525,0.0,0.0,0.0,0.0,-0.0016591647765062856,0.0,0.0,-0.0001559768912254634,0.0,0.0,0.0,0.0,0.0,0.0,0.0009331909114431583,0.004097500389206812
0.027440049166443357,-1.0260547441067081e-06,0.0,0.0,0.1599035531821861,0.0,0.0,0.28156646706390004,-0.28156646706390004,0.0,0.0,0.0,0.0,0.0,-0.06404352751511865,0.0,0.16459971503261359,0.0,-0.00024214900252031757,0.0,0.0,0.0,0.0,-3.4885873299923854e-05,0.0,0.0,-0.006668498368582511,0.0,0.0,0.0,0.0,-0.0019396272816399013,0.005930620279571326,0.0,-0.00018234297027649202,0.0,0.0,0.0,0.0,0.0,0.0,0.001090935979622816,0.004790135165580728
0.036701514877560903,-9.006111347016685e-07,0.0,0.0,0.14114932494926838,0.0,0.0,0.27635159468050086,-0.27635159468050086,0.0,0.0,0.0,0.0,0.0,-0.07262563368038587,0.0,0.18630122440543073,0.0,-0.0002125443005641619,0.0,0.0,0.0,0.0,-3.0620789113017905e-05,0.0,0.0,-0.0032504430898121182,0.0,0.0,0.0,0.0,-0.0017024919352980979,0.0,0.0,-0.000160050046363321,0.0,0.0,0.0,0.0,0.0,0.0,0.0009575601069418193,0.004204501847125001
0.02215143399083213,-9.83455343865176e-07,0.0,0.0,0.1604841517326317,0.0,0.0,0.2829242086284336,-0.2829242086284336,0.0,0.0,0.0,0.0,0.0,-0.0659896688962739,0.0,0.16666427505424827,0.004916881539671655,-0.00023209554062103904,0.0,0.0,0.0,0.0,-3.3437493193487466e-05,0.0,0.0,-0.006007881259114558,0.0,0.0,0.0,0.0,-0.0018590984800681014,0.0,0.0,-0.0001747725153698187,0.0,0.0,0.0,0.0,0.0,0.0,0.0010456428617840593,0.004591259923980179
0.023286401659387244,-9.098377403970396e-07,0.0,0.0,0.15126407560086397,0.0,0.0,0.2823350236970262,-0.2823350236970262,0.0,0.0,0.0,0.0,0.0,-0.06942935250868147,0.0,0.17441873440139594,0.0,-0.00021472178025383238,0.0,0.0,0.0031522546071075823,0.0,-3.093449381457094e-05,0.0,0.0,-0.006435997925585955,0.0,0.0,0.0,0.0,-0.0017199336714495705,0.0,0.0,-0.0001616897314753748,0.0,0.0,0.0,0.0,0.0,0.0,0.0009673701450325611,0.004247576243159125
0.01788388540789228,-9.581637583426244e-07,0.0,0.0,0.1592984647094315,0.0,0.0,0.2840524979960935,-0.2840524979960935,0.0,0.0,0.0,0.0,0.0,-0.06647771840000918,0.0,0.16708455004852962,0.0,-0.00022612672439401105,0.0,0.0,0.0,0.0,-3.257757898992118e-05,0.0,0.0,-0.006777845858948102,0.0,0.0,0.0,0.0,-0.0018112879226322223,0.0,0.0,-0.00017027787913946921,0.0,0.0,0.0,0.006639373126643454,0.0,0.0,0.001018751995788132,0.004473186191656724
0.01244877313789324,-9.076578025001951e-07,0.0,0.0,0.15719105625790955,0.0,0.0,0.287049476900808,-0.287049476900808,0.0,0.0,0.0,0.0,0.0,-0.06536956185035218,0.0,0.17175461784554147,0.0,-0.00021420731473402552,0.0,0.005690412999076438,0.0,0.0,-3.086037590058261e-05,0.0,0.0,-0.006121082089315497,0.0,0.0,0.0,0.0,-0.0017158127733773322,0.0,0.0,-0.00016130232880177286,0.0,0.0,0.0,0.0,0.0,0.0,0.0009650523616017351,0.004237399206077592
0.021867238185756487,-1.261654155132051e-06,0.0,0.0,0.14183367616870618,0.0,0.0,0.2785305181009704,-0.2785305181009704,0.0,0.0,0.0,0.0,0.0,-0.0650056465660946,0.0,0.18033042010145184,0.0,-0.00029775048256008813,0.0,0.0,0.0,0.0,-4.2896256030255066e-05,0.0,0.0,-0.004553502474339465,0.0,0.0,0.0,0.0,-0.0023849982989152937,0.0,0.0,-0.00022421198033516522,0.0,0.0,0.0,0.0,0.0,-0.01916589772431346,0.001341433212584063,0.005890030692817075
0.00463911126269752,-1.076044010127395e-06,0.0,0.0,0.12563796709788325,0.0,0.0,0.2795873688575453,-0.2795873688575453,0.0,0.0,0.0,0.0,0.0,-0.07412370375376753,0.0,0.19349894313299426,0.0,-0.00025394647334062035,0.0,0.0,0.0,0.030357373259760827,-3.65855089292802e-05,0.0,0.0,-0.003883607122191438,0.0,0.0,0.0,0.0,-0.00203412569385405,0.0,0.0,-0.00019122669826518674,0.0,0.0,0.0,0.0,0.0,0.0,0.0011440862517794756,0.005023509985435719
0.01895351704718704,-1.3147058240365347e-06,0.0,0.0,0.1415251354842299,0.0,0.0,0.27909133578108625,-0.27909133578108625,0.0,0.0,0.0,0.0,0.0,-0.06378970685057811,0.0,0.1798982662542597,0.0,-0.0003102706807084268,0.0,0.0,0.0,0.0,-4.4700013393477065e-05,0.0,0.0,-0.0047449740473071945,0.0,0.0,0.0,0.0,-0.0024852857981298216,0.0,0.0,-0.00023363993624271332,0.0,0.0,0.0,0.0,0.0,-0.022294975748949487,0.00139783953468272,0.006137702336334845
0.0,-1.099857978776536e-06,0.0,0.0,0.12534507179390386,0.0,0.0,0.2780991944190025,-0.2780991944190025,0.0,0.0,0.0,0.0,0.00396955537094615,-0.07582998265419917,0.0,0.19164223948560866,0.0,-0.00025956657186612344,0.0,0.0,0.0,0.03416845159540506,-3.7395184141868946e-05,0.0,0.0,-0.00396955537094615,0.0,0.0,0.0,0.0,-0.0020791430026685077,0.0,0.0,-0.00019545874319504676,0.0,0.0,0.0,0.0,0.0,0.0,0.0011694060657232977,0.005134685465412276
0.0,-1.0939294654192365e-06,0.0,0.0,0.12326186027800506,0.0,0.0,0.28018698495305117,-0.28018698495305117,0.0,0.0,0.0,2.89306078462253e-05,0.0,-0.0743510971685269,0.0,0.19487090921853234,0.0,-0.0002581674422347428,0.0,0.0,0.0,0.034321702124423634,-3.719361461838342e-05,0.0,0.0,-0.003962623765001525,0.0,0.0,0.0,0.0,-0.0020679358947501133,0.0,0.0,-0.00019440517101373497,0.0,0.0,0.0,0.0,0.0,0.0,0.0011631026705445314,0.005107008208934954
0.0,-1.093853662565996e-06,0.0,0.0,0.12335355993246545,0.0,0.0,0.2802160082405378,-0.2802160082405378,0.0,0.0,0.0,0.0,0.0,-0.07431903474798321,0.0,0.19479988498792297,0.0,-0.0002581495527552527,0.0,0.0,2.1191883685261062e-05,0.03427694006573603,-3.7191037320486684e-05,0.0,0.0,-0.0039690767606928015,0.0,0.0,0.0,0.0,-0.002067792599001991,0.0,0.0,-0.0001943916998831791,0.0,0.0,0.0,0.0,0.0,0.0,0.001163022074396584,0.0051066543234185675
0.0,-1.0947027676129936e-06,0.0,0.0,0.12337332757495462,0.0,0.0,0.2802092122973396,-0.2802092122973396,0.0,0.0,0.0,0.0,0.0,-0.07429371321532094,0.0,0.194765688320828,0.0,-0.00025834994161495674,0.0,0.0,0.0,0.03431239522473099,-3.721990690201537e-05,0.0,0.0,-0.003967733936419443,0.0,0.0,0.0,0.0,-0.002069397725164697,3.356901931305536e-05,0.0,-0.00019454259664306018,0.0,0.0,0.0,0.0,0.0,0.0,0.001163924871495442,0.005110618369165889
0.0,-1.094305647970307e-06,0.0,0.0,0.12343362911329528,0.0,0.0,0.2802220503033728,-0.2802220503033728,0.0,0.0,0.0,0.0,0.0,-0.07429154588163793,0.0,0.19473363551688894,3.5750099278557355e-05,-0.0002582562213471931,0.0,0.0,0.0,0.03426200453825643,-3.7206404829519485e-05,0.0,0.0,-0.003967391210979792,0.0,0.0,0.0,0.0,-0.0020686470204898696,0.0,0.0,-0.00019447202343474113,0.0,0.0,0.0,0.0,0.0,0.0,0.0011635026405093177,0.005108764416658675
0.0,-1.0944730268031501e-06,0.0,0.0,0.12324592110365612,0.0,0.0,0.28018148183372016,-0.28018148183372016,0.0,0.0,0.0,0.0,0.0,-0.07434462392700951,0.0,0.1948905517841157,0.0,-0.0002582957227652693,0.0,0.0,0.0,0.034372525343459866,-3.7212095711793744e-05,0.0,0.0,-0.003950120257103526,0.0,0.0,0.0,0.0,-0.0020689634290951765,0.0,0.0,-0.0001945017687809006,0.0,0.0,0.0,0.0,0.0,0.0,0.0011636806033246787,0.005109545824510235
0.0,-1.0979954720006615e-06,0.0,0.0,0.12286338493479208,0.0,0.0,0.27966034734075396,-0.27966034734075396,0.000914701394174498,0.0,0.0,0.0,0.0,-0.07468552769153869,0.0,0.19494186322651308,0.0,-0.0002591270201165158,0.0,0.0,0.0,0.03444927183630642,-3.7331858889706134e-05,0.0,0.0,-0.003962833299625796,0.0,0.0,0.0,0.0,-0.002075622168156047,0.0,0.0,-0.00019512775206652886,0.0,0.0,0.0,0.0,0.0,0.0,0.0011674257857569867,0.005125990355083621
0.0,-1.0964910291910101e-06,0.0,0.0,0.12330400634447586,0.0,0.0,0.28019061261893274,-0.28019061261893274,0.0,0.0,0.0,0.0,0.0,-0.07427871296335625,0.0,0.19482700066517858,0.0,-0.0002587719714918705,0.0,0.0,0.0,0.0342498290543646,-3.728070781658267e-05,0.0,0.0,-0.003957403535828496,0.0,0.0,0.0,0.0,-0.0020727782084803796,0.0,0.0,-0.0001948603934561832,0.0,0.0,0.0,0.0,0.0,-0.00015224134930073174,0.0011658262114654977,0.005118966865890176
0.0,-1.0979954720006615e-06,0.0,0.0,0.12377808632896659,0.0,0.0,0.27966034734075396,-0.27966034734075396,0.0,0.0,0.0,0.0,0.000914701394174498,-0.07468552769153869,0.0,0.1940271618323386,0.0,-0.0002591270201165158,0.0,0.0,0.0,0.03444927183630642,-3.7331858889706134e-05,0.0,0.0,-0.003962833299625796,0.0,0.0,0.0,0.0,-0.002075622168156047,0.0,0.0,-0.00019512775206652886,0.0,0.0,0.0,0.0,0.0,0.0,0.0011674257857569867,0.005125990355083621
0.0,-1.0923809064816544e-06,0.0,0.0,0.1236651647240709,0.0,0.0,0.2803103679770556,-0.2803103679770556,0.0,0.0,0.0,0.0,0.0,-0.07421695661897397,0.0,0.1945950513157292,0.0,-0.0002578019822003409,0.0,8.6668961637339e-05,0.0,0.034013109676860706,-3.714096359639435e-05,0.0,0.0,-0.00398590395625846,0.0,0.0,0.0,0.0,-0.0020650085390901806,0.0,0.0,-0.00019412997240669303,0.0,0.0,0.0,0.0,0.0,0.0,0.0011614561904992142,0.005099778763658772
0.0,-1.0938552612455454e-06,0.0,0.0,0.12349989135066261,0.0,0.0,0.2802398019611068,-0.2802398019611068,0.0,0.0,0.0,0.0,0.0,-0.07427822104813725,0.0,0.19467813349196722,0.0,-0.00025814993004375555,0.0,0.0,0.0,0.03419368401459911,-3.719109167561006e-05,0.0,0.0,-0.003979313141033358,0.0,0.0,0.0,0.0,-0.0020677956211043553,0.0,0.0,-0.00019439198398885595,0.0,0.0,0.0,6.284498829447639e-05,0.0,0.0,0.0011630237741665527,0.005106661786851851
0.0,-4.1685423952299854e-07,0.0,0.0,0.04048929797323034,0.0,0.0,0.28175632131310563,-0.28175632131310563,0.0,0.0,0.0,0.0032515408256513535,-0.1020762694083071,-0.021851296525232666,0.0,0.24924566226821948,0.0,-9.837763421165173e-05,0.0,0.0,0.0,0.013078674165457679,-1.417304901913017e-05,0.0,0.0,-0.003130261008275902,0.0,0.0,0.0,0.0,-0.0007880104449494898,0.0,0.0,-7.408029702464573e-05,0.0,0.0,0.0,0.0,0.0,0.0,0.0004432134744914272,0.0019460834454782894
0.02854104455946424,-1.7560921635423394e-06,0.0,0.0,0.06013580310177068,0.0,0.0,0.1618676688804334,-0.1618676688804334,0.19491224577152957,0.0,0.0,0.0,0.006338004737139117,-0.14799023470062037,0.0,0.19128041275342778,0.0,-0.0004144378924983558,0.0,0.0,0.0,0.026555809529785653,-5.970715409893955e-05,0.0,0.0,-0.006338004737139117,0.0,0.0,0.0,0.0,-0.003319671088745071,0.0,0.0,-0.00031207989926342554,0.0,0.0,0.0,0.0,0.0,0.0,0.0018671363645512988,0.008198313856935957
0.0004394660666821221,-1.1081286387782746e-06,0.0,0.0,0.12579934010587987,0.0,0.0,0.2778466125638415,-0.2778466125638415,0.0,0.0,0.0,0.0,0.003999405445650969,-0.07581425061516708,0.0,0.19098367052527426,0.0,-0.00026151844829485076,0.0,0.0,0.0,0.03432773077549755,-3.767638667865815e-05,0.0,0.0,-0.003999405445650969,0.0,0.0,0.0,0.0,-0.0020947776438693597,0.0,0.0,-0.0001969285446062541,0.0,0.0,0.0,0.0,0.0,0.0,0.0011781997101393948,0.005173297030286801
0.0,-2.9335271745512634e-07,0.0,0.0,0.026431316222580978,0.0,0.0,0.2835181502817773,-0.2835181502817773,0.0,0.0,0.0,0.0022882059163236226,-0.12785737085240137,-0.005066376185362974,0.0,0.25651502103583723,0.0,-6.92312650239994e-05,0.0,0.0,0.0,0.007141645592502963,-9.973995824401736e-06,0.0,0.0,-0.0032339607653623687,0.0,0.0,0.0,0.0,-0.0005545463701496127,0.002062206122037394,0.0,-5.2132506717288085e-05,0.0,0.0,0.0,0.0,0.0,0.0,0.0003119024945111904,0.0013695167590924656
0.0,-3.0043045312797334e-07,0.0,0.0,0.028106748489204237,0.0,0.0,0.2846511326745716,-0.2846511326745716,0.0,0.0,0.0,0.001046260350619803,-0.13236906057458506,0.0,0.0,0.2538833298419188,0.0,-7.09016112147131e-05,0.0,0.0,0.0,0.0057573685635545595,-1.021463892005669e-05,0.0,0.0,-0.0034417020207678146,0.0,0.0,0.0,0.0,-0.0005679259381328413,0.0036685449412180997,0.0,-5.339031031191245e-05,0.0,0.0,0.0,0.0,0.0,0.0,0.0003194277815819996,0.0014025591583737107
0.0,-4.4752143479586505e-07,0.0,0.0,0.020177688999650677,0.0,0.0,0.282641503274425,-0.282641503274425,0.0,0.0,0.0,0.0016006412913736542,-0.1317646105496372,0.0,0.0,0.2612743704248169,0.0,-0.00010561509477413426,0.0,0.0,0.0,0.0,-1.521573401707798e-05,0.0,0.0,-0.0024154938311226047,0.0,0.0,0.0,0.0,-0.0008459829156624598,0.0,0.0,-7.95302474373521e-05,0.0,0.0,0.0,0.0,0.0,-0.013872323766755313,0.000475819869919593,0.0020892532045481927
0.0,-3.6127380302853165e-07,0.0,0.0,0.022392354140839694,0.0,0.0,0.28228404867722906,-0.28228404867722906,0.0,0.0,0.0,0.0028180030533689372,-0.1265612815193599,-0.006239413794894373,0.0,0.2604573257670726,0.0,-8.526064670773805e-05,0.0,0.0,0.0,0.0049856633450258295,-1.2283313528273372e-05,0.0,0.0,-0.002712893840844261,0.0,0.0,0.0,0.0,-0.0006829426290563151,0.0,0.0,-6.420294697302798e-05,0.0,0.0,0.0,0.0,0.0,-0.006349191638655385,0.0003841184814774394,0.0016866062539350045
0.0,-4.5140110879675935e-07,0.0,0.0,0.020182629134368163,0.0,0.0,0.2825420137456359,-0.2825420137456359,0.0,0.0,0.0,0.0015720213361948648,-0.1318232546315404,0.0,0.0,0.26111713286798716,0.0,-0.00010653069815184533,0.0,0.0,0.0,0.00038246679369184796,-1.5347642978483387e-05,0.0,0.0,-0.002415186189348332,0.0,0.0,0.0,0.0,-0.0008533169507899471,0.0,0.0,-8.021971482210011e-05,0.0,0.0,0.0,0.0,0.0,-0.013780104820392478,0.00047994487005344807,0.002107365457300216
0.0,-1.4724821751708885e-07,0.0,0.0,0.024896748317303957,0.0,0.0,0.2847032464613979,-0.2847032464613979,0.0,0.0,0.0,0.005091077985019771,-0.11866747945341138,-0.013693254369411993,0.0,0.2639795529198582,0.0,-3.4750591232537244e-05,0.0,0.0,0.0,0.0,-5.006441117732956e-06,0.0,0.0,-0.0030769802912832115,0.0,0.0,0.0,0.0,-0.00027835421210165885,0.0,0.0,-2.61678799344771e-05,0.0,0.0,0.0,0.0,0.0,0.0,0.00015655926679094683,0.0006874281015208027
0.0,-1.8686596919846484e-07,0.0,0.0,0.02471853835245983,0.0,0.0,0.28394002319334827,-0.28394002319334827,0.0,0.0,0.0,0.004741657730496612,-0.11964993222118361,-0.013079491548941379,0.0,0.26279812136001246,0.0,-4.4100383830684556e-05,0.0,0.0,0.0,0.002578794269763132,-6.353445138251954e-06,0.0,0.0,-0.003045256678650144,0.0,0.0,0.0,0.0,-0.00035324658255245065,0.0,0.0,-3.32084579920815e-05,0.0,0.0,0.0,0.0,0.0,0.0,0.00019868219540583614,0.0008723835209077316
0.0,-3.458552749324359e-07,0.0,0.0,0.02946577468131994,0.0,0.0,0.2825632584634445,-0.2825632584634445,0.004817816002965329,0.0,0.0,0.0,-0.13234906190562756,0.0,0.0,0.2509976435494728,0.0,-8.162187283115357e-05,0.0,0.0,0.0,0.006146096055592546,-1.1759083392677633e-05,0.0,0.0,-0.0036007481565226594,0.0,0.0,0.0,0.0,-0.0006537958433612155,0.004705007328703375,0.0,-6.146287854443618e-05,0.0,0.0,0.0,0.0,0.0,0.0,0.0003677249828366819,0.0016146248766656045
0.0,-4.812171402204893e-07,0.0,0.0,0.019884817720848835,0.0,0.0,0.28163351327288677,-0.28163351327288677,0.001630918250779558,0.0,0.0,0.0012681272241564857,-0.13176428358375775,0.0,0.0,0.260832119924325,0.0,-0.00011356728397715271,0.0,0.0,0.0,0.0,-1.6361388395605707e-05,0.0,0.0,-0.0023708497430280635,0.0,0.0,0.0,0.0,-0.0009096804034340341,0.0,0.0,-8.551840259961574e-05,0.0,0.0,0.0,0.0,0.0,-0.015098040473281322,0.0005116462793949448,0.0022465615591078358
0.0,-6.225276666825043e-07,0.0,0.0,0.019161977576898307,0.0,0.0,0.2757479972417215,-0.2757479972417215,0.01195293547116049,0.0,0.0,0.0,-0.1286240194902565,-0.0032810314343706955,0.0,0.2586813209180188,0.0,-0.00014691657964089287,0.0,0.0,0.0,0.0,-2.116594794802147e-05,0.0,0.0,-0.002246797396142896,0.0,0.0,0.0,0.0,-0.0011768101583354124,0.0,0.0,-0.0001106310793592282,0.0,0.0,0.0,0.0,0.0,-0.019531614985707536,0.0006618923929695844,0.0029062695580818437
0.0,-5.520841246209067e-07,0.0,0.0,0.020873338597450917,0.0,0.0,0.2788155946219161,-0.2788155946219161,0.007690614899834385,0.0,0.0,0.0,-0.13168948052973437,0.0,0.0,0.2578606194599699,0.0,-0.00013029189802211182,0.0,0.0,0.0,0.0,-1.8770866694049724e-05,0.0,0.0,-0.002477515700497192,0.0,0.0,0.0,0.0,-0.0010436455130932354,0.0009699196058499889,0.0,-9.81123665224277e-05,0.0,0.0,0.0,0.0,0.0,-0.016351550810526576,0.0005869944452640983,0.0025774039785838444
0.0,0.0,0.0,0.0,0.0,0.0,0.0,0.2857142857142857,-0.2857142857142857,0.0,0.0,0.0,0.0,-0.14285714285714285,0.0,0.0,0.2857142857142857,0.0,0.0,0.0,0.0,0.0,0.0,0.0,0.0,0.0,0.0,0.0,0.0,0.0,0.0,0.0,0.0,0.0,0.0,0.0,0.0,0.0,0.0,0.0,0.0,0.0,0.0
0.0,-5.687465119567284e-07,0.0,0.0,0.02477601194080476,0.0,0.0,0.28247588416330505,-0.28247588416330505,0.0,0.0,0.0,0.0,-0.12734303243836478,0.0,0.0,0.2577887399160307,0.0,-0.00013422422277978264,0.0,0.0,0.0,0.0001343520288387873,-1.933738805834379e-05,0.0,0.0,-0.002052692997468742,0.0,0.0,0.0,0.0,-0.0010751436580406066,0.0,0.0,-0.00010107348454869468,0.0,0.0,0.0,0.0,0.0,-0.018363152083970994,0.0006047104569637324,0.002655192311007895
0.0,-3.406396040068495e-07,0.0,0.0,0.03243630945469529,0.0,0.0,0.285031651381442,-0.285031651381442,0.0,0.0,0.0,0.0,-0.12979444084145172,0.0,0.0,0.250448917308322,0.0,-8.039097407125892e-05,0.0,0.0,0.0,0.006679418079158347,-1.1581750520207446e-05,0.0,0.0,-0.0034290705255244766,0.0,0.0,0.0,0.0,-0.0006439362742910184,0.0043993003720978205,0.0,-6.0535987524226376e-05,0.0,0.0,0.0,0.0,0.0,0.0,0.0003621795057524659,0.0015902755241030378
0.0,-4.6919749794612746e-07,0.0,0.0,0.04557342951429131,0.0,0.0,0.28156728210640763,-0.28156728210640763,0.0,0.0,0.0,0.0025819971641252316,-0.09549275509699173,-0.025134020098461055,0.0,0.2460521784533474,0.0,-0.00011073064742914697,0.0,0.0,0.0,0.015259843296654571,-1.595272041770083e-05,0.0,0.0,-0.002984403988893747,0.0,0.0,0.0,0.0,-0.0008869587833598522,0.0,0.0,-8.338235938500526e-05,0.0,0.0,0.0,0.0,0.0,0.0,0.0004988665906945015,0.0021904478756354716
0.0,-9.257336595136209e-07,0.0,0.0,0.10010569377214111,0.0,0.0,0.2804432251350307,-0.2804432251350307,0.0,0.0,0.0,0.0,-0.02793758418783977,-0.05977843422868498,0.0,0.2103713960722765,0.0,-0.0002184732184498274,0.0,0.0,0.0,0.030107898359335288,-3.147495525044655e-05,0.0,0.0,-0.0033411141175478504,0.0,0.0,0.0,0.0,-0.0017499829047505724,0.0,0.0,-0.00016451463835645528,0.0,0.0,0.0,0.0,0.0,0.0,0.00098427122189328,0.004321786319752898
0.0,-4.6629150659819736e-07,0.0,0.0,0.01935402586464418,0.0,0.0,0.28251137479419164,-0.28251137479419164,0.0,0.0,0.0,0.0,-0.13130201843597342,0.0,0.0,0.2627508121672061,0.0,-0.00011004483323621462,0.0,0.0,0.0,0.0025071279758292256,-1.585391667788398e-05,0.0,0.0,-0.001682917240371739,0.0,0.0,0.0,0.0,-0.0008814653726709694,0.0,0.0,-8.286592778423265e-05,0.0,0.0,0.0,0.0,0.0,-0.013616994283934607,0.0004957768427681473,0.0021768812590133614
0.0,-3.115742203150538e-07,0.0,0.0,0.027490405337925152,0.0,0.0,0.2846139783632566,-0.2846139783632566,0.0,0.0,0.0,0.0,-0.13201645562320513,0.0,0.0,0.2550321618879492,0.0,-7.353154117134467e-05,0.0,0.0,0.0,0.007134547859986246,-1.0593527134750142e-05,0.0,0.0,-0.002944283743124022,0.0,0.0,0.0,0.0,-0.000588991826654338,0.0036395296221489195,0.0,-5.537069939020771e-05,0.0,0.0,0.0,0.0,0.0,0.0,0.0003312762103746663,0.0014545838202024047
0.0,-2.740835257324191e-07,0.0,0.0,0.03538816560511395,0.0,0.0,0.28611848773465437,-0.28611848773465437,0.0,0.0,0.0,0.0,-0.13120553871284993,0.0,0.0,0.2504913621064955,0.004001996337491753,-6.46837342203788e-05,0.0,0.0,0.0,0.0014736757272093832,-9.318843080465495e-06,0.0,0.0,-0.0029902074599938645,0.0,0.0,0.0,0.0,-0.000518120389786302,0.0,0.0,-4.8708126416211065e-05,0.0,0.0,0.0,0.0,0.0,0.0,0.00029141484054409823,0.0012795585639635927
0.0,-1.212421606403079e-07,0.0,0.0,0.0026719080725557246,0.0,0.0,0.2835326834117506,-0.2835326834117506,0.0,0.0,0.0,0.0,-0.14271885632598144,0.0,0.0,0.2795748687269184,0.0,-2.8613159708177725e-05,0.0,0.0,0.0,0.006552895024333333,-4.1222348797667276e-06,0.0,0.0,-0.0004375814689185738,0.0,0.0,0.0,0.0,-0.00022919303654469716,0.0,0.0,-2.1546273062789106e-05,0.0,0.0,0.0,0.0,0.0,0.0,0.00012890875077515893,0.0005660188606600583
0.0,-1.8064096085871358e-07,0.0,0.0,0.025366265305309155,0.0,0.0,0.2863521192270051,-0.2863521192270051,0.0,0.0,0.0,0.0,-0.13584668095395086,0.0,0.0,0.2580978967415771,0.0,-4.263128135948672e-05,0.0,0.0,0.0029161826640754715,4.267187415226313e-05,-6.141794781895386e-06,0.0,0.0,-0.0035681434719492576,0.0,0.0,0.0,0.0,-0.00034147898820763875,0.0,0.0,-3.2102194883620945e-05,0.0,0.0,0.0,0.0,0.0,0.0,0.00019206355677052714,0.0008433220780114891
0.0,-9.429593300782123e-08,0.0,0.0,0.004107765257554414,0.0,0.0,0.2834376352923824,-0.2834376352923824,0.0,0.0,0.0,0.003044538335303767,-0.14398190382281215,0.0,0.0,0.27630006561331455,0.0,-2.2253847809500442e-05,0.0,0.0,0.0,0.0030668133728547855,-3.206062825110671e-06,0.0,0.0,-0.0018625975869137545,0.0,0.0,0.0,0.0,-0.0001782545865707116,0.0,0.0,-1.675758589724045e-05,0.0,0.0,0.0,0.0,0.0,0.0,0.00010025861353030932,0.0004402204339157891
0.0,-5.757369238099702e-07,0.0,0.0,0.05484808628793987,0.0,0.0,0.2813774885180318,-0.2813774885180318,0.0,0.0,0.0,0.0,-0.08197172159669683,-0.03162009193302162,0.0,0.24150313950286123,0.0,-0.00013587396054201326,0.0,0.0,0.0,0.02057739256417538,-1.957506214311087e-05,0.0,0.0,-0.0020779224611382507,0.0,0.0,0.0,0.0,-0.001088358151339647,0.0,0.0,-0.00010231576959059645,0.0,0.0,0.0,0.0,0.0,0.0,0.0006121428984069253,0.002687827039157082
0.0,-2.6158655388087376e-07,0.0,0.0,0.016557834713037893,0.0,0.0,0.2825492240930083,-0.2825492240930083,0.0,0.0,0.0,0.0,-0.1271401424801745,-0.008094785825140735,0.0,0.26861349982881716,0.0,-6.173444785358676e-05,0.0,0.0,0.0,0.0114399653738148,-8.893945891353737e-06,0.0,0.0,-0.0009441058118068994,0.0,0.0,0.0,0.0,-0.0004944964382570429,0.0,0.0,-4.648725566836771e-05,0.0,0.0,0.0,0.0,0.0,0.0,0.0002781276389522829,0.0012212164680148272
0.0,-4.463483017645022e-07,0.0,0.0,0.02111836805619882,0.0,0.0,0.28235212153201433,-0.28235212153201433,0.0,0.0,0.0,0.0,-0.12775994280150246,-0.0031105325241230094,0.0,0.2621406594369045,0.0,-0.00010533823528393673,0.0,0.0,0.0,0.00525122003849968,-1.5175847480291183e-05,0.0,0.0,-0.001610939169212464,0.0,0.0,0.0,0.0,-0.000843765255400477,0.0,0.0,-7.932176678590849e-05,0.0,0.0,0.0,0.0,0.0,-0.010701698466328935,0.00047457255534875893,0.0020837764346002814
0.0,-3.169652093089256e-07,0.0,0.0,0.030919741374766548,0.0,0.0,0.2837402962673565,-0.2837402962673565,0.0,0.0,0.0,0.0,-0.12148640004061578,-0.008722819826803995,0.0,0.2559977739618404,0.0,-7.48038150095214e-05,0.0,0.0,0.0,0.008433558463431292,-1.0776820823592477e-05,0.0,0.0,-0.0022296321900169024,0.0,0.0,0.0,0.0,-0.0005991828124546501,0.0,0.0,-5.632874665963121e-05,0.0,0.0,0.0,0.002171312711192107,0.0,0.0,0.00033700809153689967,0.0014797516449263051
0.0,-3.210549250622933e-07,0.0,0.0,0.027506520857859023,0.0,0.0,0.28417563811912866,-0.28417563811912866,0.0,0.0,0.0,0.0,-0.12935864786093113,-0.0022373822920088928,0.0,0.25578191779643944,0.0,-7.576898825778878e-05,0.0,0.0,0.0,0.008395752466447618,-1.091587120703854e-05,0.0,0.0,-0.002698266240332097,0.0,0.0,0.0,0.0,-0.0006069139050644217,0.003079059994684846,0.0,-5.705554113364816e-05,0.0,0.0,0.0,0.0,0.0,0.0,0.0003413564151399091,0.0014988444773116683
0.0,-2.7225880897620605e-07,0.0,0.0,0.02702492722273372,0.0,0.0,0.2842851549613657,-0.2842851549613657,0.0,0.0,0.0,0.0,-0.12579952012537426,-0.0067931111805778766,0.0,0.2583573883523403,0.0,-6.425310091846489e-05,0.0,0.0,0.0016319271670504013,0.007010913629754704,-9.256802689413148e-06,0.0,0.0,-0.002614550776928747,0.0,0.0,0.0,0.0,-0.0005146709925470762,0.0,0.0,-4.838385105453839e-05,0.0,0.0,0.0,0.0,0.0,0.0,0.0002894747402001283,0.0012710398762898955
0.0,-3.0512272075721637e-07,0.0,0.0,0.03272561415253354,0.0,0.0,0.2844610115936557,-0.2844610115936557,0.0,0.0,0.0,0.0,-0.11934241893419975,-0.009442010830719843,0.0,0.25601318517584654,0.0,-7.200898675437671e-05,0.0,0.0018289144037633392,0.0,0.007247551315952864,-1.0374176074329702e-05,0.0,0.0,-0.0020156916870165877,0.0,0.0,0.0,0.0,-0.0005767960791839986,0.0,0.0,-5.4224185913348614e-05,0.0,0.0,0.0,0.0,0.0,0.0,0.0003244167586440542,0.00142446500336517
0.0,-3.1904343852942975e-07,0.0,0.0,0.0318509876414872,0.0,0.0,0.2841436486079761,-0.2841436486079761,0.0,0.0,0.0,0.0,-0.12373997639899041,-0.006594463039877808,0.0,0.2547621955273569,0.0021855492437538038,-7.529427727349327e-05,0.0,0.0,0.0,0.007760337920812409,-1.0847480641395695e-05,0.0,0.0,-0.0022442511028571244,0.0,0.0,0.0,0.0,-0.0006031114430825417,0.0,0.0,-5.669807440862188e-05,0.0,0.0,0.0,0.0,0.0,0.0,0.00033921773487569177,0.0014894538551918416
0.0,-5.456106291239468e-07,0.0,0.0,0.025814831233060307,0.0,0.0,0.26665399105496945,-0.26665399105496945,0.02616324699713633,0.0,0.0,0.0,-0.10384567579600341,-0.02996552338239002,0.0,0.25502937392120306,0.0,-0.00012876415256173355,0.0,0.0,0.0,0.019500649755748264,-1.8550767771441865e-05,0.0,0.0,-0.0019691920639549358,0.0,0.0,0.0,0.0,-0.0010314081850699552,0.0,0.0,-9.696194408759472e-05,0.0,0.0,0.0,0.0,0.0,0.0,0.0005801116067097986,0.002547182473734985
0.0,-2.602131071947585e-07,0.0,0.0,0.021137963843447526,0.0,0.0,0.28223248028651876,-0.28223248028651876,0.0,0.0,0.0,0.003500298889574505,-0.1253058334343341,-0.009802434015175363,0.0,0.26253609333995453,0.0,-6.141031432468116e-05,0.0,0.0,0.0,0.00846298468536061,-8.847248687962576e-06,0.0,0.0,-0.002689298277807089,0.0,0.0,0.0,0.0,-0.0004919001102564484,0.0,0.0,-4.624317673427468e-05,0.0,0.0,0.0,0.0,0.0,0.0,0.0002766673441536059,0.0012148045340444435
0.0,-5.011147658786964e-07,0.0,0.0,0.022323140744229863,0.0,0.0,0.2823357100364345,-0.2823357100364345,0.0,0.0,0.0,0.0,-0.12818523665628326,-0.0014125484976948727,0.0,0.2603375372965615,0.0,-0.00011826312524033236,0.0,0.0,0.0,0.003122681745824545,-1.7037907900698835e-05,0.0,0.0,-0.0018085996999057626,0.0,0.0,0.0,0.0,-0.000947294359013097,0.0,0.0,-8.905446359909579e-05,0.0,0.0,0.0,0.0,0.0,-0.014094428613410299,0.0005328021054990408,0.0023394535972026636
0.0,-5.110404708065588e-07,0.0,0.0,0.021564861419414442,0.0,0.0,0.2824059828132609,-0.2824059828132609,0.0,0.0,0.0,0.0,-0.1297638820874124,0.0,0.0,0.2605723064547613,0.0,-0.00012060559240536203,0.0,0.0,0.0,0.001864050216260927,-1.737538198433294e-05,0.0,0.0,-0.0018444230844400565,0.0,0.0,0.0,0.0,-0.0009660576542253331,0.0,0.0,-9.081838753105923e-05,0.0,0.0,0.0,0.0,0.0,-0.015453995868075403,0.000543355449451806,0.0023857917370448266
0.0,-2.1813726288630043e-07,0.0,0.0,0.025649865969821533,0.0,0.0,0.28601006261439665,-0.28601006261439665,0.0,0.0,0.0,0.0,-0.13498456139575502,0.0,0.0,0.25770307024194805,0.0,-5.148041166791444e-05,0.0,0.0,0.002691210753068277,5.152943045450118e-05,-7.41666948937399e-06,0.0,0.0,-0.003478501439868611,0.0,0.0,0.0,0.0,-0.00041236102524420585,0.0,0.0,-3.876576437186219e-05,0.0,0.0,0.0,0.0,0.0,-0.0016605891310294432,0.00023193088862552636,0.0010183735125993694
0.0,-4.219879794023548e-07,0.0,0.0,0.01838284542718087,0.0,0.0,0.2825677787852006,-0.2825677787852006,0.0,0.0,0.0,0.0013015412552704376,-0.13292671414709012,0.0,0.0,0.26294932850436,0.0,-9.958919723801555e-05,0.0,0.0,0.0,0.0014012252796756727,-1.43475962350703e-05,0.0,0.0,-0.00217378967412583,0.0,0.0,0.0,0.0,-0.0007977151336944467,0.0,0.0,-7.499262785650956e-05,0.0,0.0,0.0,0.0,0.0,-0.012323209456102055,0.00044867183972640315,0.0019700503030639026
0.0,-5.347371349931937e-07,0.0,0.0,0.016697301044113762,0.0,0.0,0.27889971516148726,-0.27889971516148726,0.006597177890274996,0.0,0.0,0.0,-0.13298300076058456,0.0,0.0,0.26228596778290436,0.0,-0.00012619800706823486,0.0,0.0,0.0,0.0001263181706989388,-1.818106884382454e-05,0.0,0.0,-0.0019299479634796218,0.0,0.0,0.0,0.0,-0.0010108532137256907,0.0,0.0,-9.502958596686727e-05,0.0,0.0,0.0,0.0,0.0,-0.017265089329592285,0.0005685505413382005,0.0024964195812990633
0.0,-3.1147472101085986e-07,0.0,0.0,0.021752588755138167,0.0,0.0,0.28222266936384227,-0.28222266936384227,0.0,0.0,0.0,0.003006678134173312,-0.1257358242762711,-0.008183975594815117,0.0,0.2616040587726981,0.0,-7.35080593275148e-05,0.0,0.0,0.0,0.007172243984052493,-1.0590144157243848e-05,0.0,0.0,-0.0026274988909558987,0.0,0.0,0.0,0.0,-0.0005888037357498057,0.0,0.0,-5.5353017099110305e-05,0.0,0.0,0.0,0.0,0.0,-0.0029579367059576257,0.00033117041936154927,0.0014541193078372434
0.0,-3.3099236125351745e-07,0.0,0.0,0.029639969141834442,0.0,0.0,0.28454664311819716,-0.28454664311819716,0.0,0.0,0.0,0.0,-0.12997432897409372,-0.0009330053601938995,0.0,0.2532594111723761,0.0,-7.811422400191976e-05,0.0,0.0,0.0,0.0076482933448115105,-1.1253744153764148e-05,0.0,0.0,-0.003056510067115724,0.0,0.0,0.0,0.0,-0.0006256993767527135,0.0037238161993423252,0.0,-5.882154986022784e-05,0.0,0.0,0.0,0.0,0.0,0.0,0.0003519222321671972,0.001545237384540746
0.0,-3.268450657565855e-07,0.0,0.0,0.029606399269916598,0.0,0.0,0.28472798767008856,-0.28472798767008856,0.0,0.0,0.0,0.0,-0.1310943553525417,0.0,0.0,0.25297288715573,0.0,-7.713546192951845e-05,0.0,0.0,0.0,0.007122514166411355,-1.1112736058363473e-05,0.0,0.0,-0.003156409591028213,0.0,0.0,0.0,0.0,-0.000617859436888808,0.00395355169247647,0.0,-5.808452273387965e-05,0.0,0.0,0.0,0.0,0.0,0.0,0.00034751268784052506,0.0015258757412015263
0.0,-2.0568195547423132e-07,0.0,0.0,0.026690532671140008,0.0,0.0,0.2861721195733823,-0.2861721195733823,0.0,0.0,0.0,0.0,-0.13489723776033832,0.0,0.0,0.2566630239926265,0.0,-4.854095811220553e-05,0.0,0.0,0.0025375466940413564,0.0009880503816458465,-6.9931888916917115e-06,0.0,0.0,-0.0035930386759391504,0.0,0.0,0.0,0.0,-0.00038881583509093226,0.0006263088024303634,0.0,-3.655229792451317e-05,0.0,0.0,0.0,0.0,0.0,0.0,0.00021868798606975803,0.0009602259270291538
0.0,-2.939474148965347e-07,0.0,0.0,0.027264896404184436,0.0,0.0,0.2832601651683371,-0.2832601651683371,0.0,0.0,0.0,0.0,-0.13536689276576686,0.0036264984411146103,0.0,0.2519671600314515,0.0,-6.937161366822675e-05,0.0,0.0,0.0,0.0050385564643995835,-9.994215544364945e-06,0.0,0.0,-0.0033216904389788554,0.0,0.0,0.0,0.0,-0.0005556705707717552,0.004521578677865932,0.0,-5.2238192011864284e-05,0.0,0.0,0.0,0.0,0.0,0.0,0.0003125347968708338,0.0013722931032820256
0.0,-2.9114940481044194e-07,0.0,0.0,0.026286973098508602,0.0,0.0,0.28451506087798195,-0.28451506087798195,0.0,0.0,0.0,0.000897994683035535,-0.13309057586482315,0.0,0.0,0.25567511307401036,0.0,-6.871128306181352e-05,0.0,0.0,0.0,0.0060681893567410515,-9.899083168713467e-06,0.0,0.0,-0.0032002726509346366,0.0,0.0,0.0,0.0,-0.0005503812850601883,0.003400945309939795,0.0,-5.174095005387703e-05,0.0,0.0,0.0,0.0,0.0,0.0,0.0003095598582607856,0.0013592305970327016
0.0,-3.281400653411333e-07,0.0,0.0,0.027197739915694928,0.0,0.0,0.2827433623457347,-0.2827433623457347,0.004048341217240264,0.0,0.0,0.0,-0.13316544010852127,0.0,0.0,0.25347795940361867,0.0,-7.744108193611517e-05,0.0,0.0,0.0,0.006434321374127993,-1.1156766059383859e-05,0.0,0.0,-0.0033032431140400534,0.0,0.0,0.0,0.0,-0.0006203074705228108,0.004237871036059635,0.0,-5.8314660620877925e-05,0.0,0.0,0.0,0.0,0.0,0.0,0.00034888957503732837,0.001531921444985836
0.0,-2.811483475255324e-07,0.0,0.0,0.023906578311997644,0.0,0.0,0.28286776259717555,-0.28286776259717555,0.0,0.0,0.0,0.002713936419047325,-0.12648741330084018,-0.007387152341622399,0.0,0.25945076585715593,0.0,-6.635103273443183e-05,0.0,0.0,0.0,0.008075891186873102,-9.55904710405847e-06,0.0,0.0,-0.0029056636499206804,0.0,0.0,0.0,0.0,-0.0005314755457061518,0.0010679762572913362,0.0,-4.9963635050257595e-05,0.0,0.0,0.0,0.0,0.0,0.0,0.0002989263971428065,0.0013125406748150132
0.0,-7.11793559681407e-07,0.0,0.0,0.0717482646502924,0.0,0.0,0.280915288414388,-0.280915288414388,0.0,0.0,0.0,0.0,-0.06195683489240121,-0.0420464360400165,0.0,0.22964862667400276,0.0,-0.00016798333760183233,0.0,0.0,0.0,0.024455532154472465,-2.420098935399972e-05,0.0,0.0,-0.002568971633029614,0.0,0.0,0.0,0.0,-0.0013455560877072019,0.0,0.0,-0.00012649476320971743,0.0,0.0,0.0,0.0,0.0,0.0,0.0007568028984616147,0.003323007257114929
0.0,-3.3210391028581577e-07,0.0,0.0,0.029500963826060288,0.0,0.0,0.28199141716355114,-0.28199141716355114,0.0,0.0,0.0,0.0032058125362122176,-0.11514033854885641,-0.01503369189762102,0.0,0.2568533785997956,0.0,-7.837654966336174e-05,0.0,0.0,0.0,0.010801109663525231,-1.129153683386249e-05,0.0,0.0,-0.002801519985718758,0.0,0.0,0.0,0.0,-0.000627800620219799,0.0,0.0,-5.9019086252239446e-05,0.0,0.0,0.0,0.0,0.0,0.0,0.0003531040685549865,0.0015504266496734898
0.0,-3.2590672912727483e-07,0.0,0.0,0.03372415750134795,0.0,0.0,0.28401584078357417,-0.28401584078357417,0.0,0.0,0.0,0.0,-0.12046949810711392,-0.008775670989752547,0.0,0.25355853101241677,0.0,-7.691401440917812e-05,0.0,0.0,0.0,0.007705378855017817,-1.1080832601992528e-05,0.0,0.0,-0.0024857473233424474,0.0,0.0,0.0,0.0,-0.0006160856296567606,0.0,0.0,-5.7917768387593083e-05,0.0,0.0,0.0,0.002619000357424455,0.0,0.0,0.00034651501671645237,0.0015214951179345613
0.0,-2.796568112753432e-07,0.0,0.0,0.025920186478713466,0.0,0.0,0.28543028675462767,-0.28543028675462767,0.0,0.0,0.0,0.0,-0.13359330812442222,0.0,0.0,0.25726419040873555,0.0,-6.599903005886245e-05,0.0,0.0,0.0022896067607430593,6.606187323094617e-05,-9.50833485410767e-06,0.0,0.0,-0.0032989308904407717,0.0,0.0,0.0,0.0,-0.0005286559842558117,0.0,0.0,-4.969857009958447e-05,0.0,0.0,0.0,0.0,0.0,-0.00445008239296199,0.000297340545540259,0.0013055774398767154
0.0,-2.0316853625601713e-07,0.0,0.0,0.02788307977765197,0.0,0.0,0.2862469228349235,-0.2862469228349235,0.0,0.0,0.0,0.0,-0.13326356696425484,-0.001293180340394557,0.0,0.25608561653179746,0.0,-4.794779097360823e-05,0.0,0.0,0.0029565621549145237,0.0006945836162551585,-6.907732608876557e-06,0.0,0.0,-0.003689828421891525,0.0,0.0,0.0,0.0,-0.0003840645325762788,0.0,0.0,-3.6105631381201e-05,0.0,0.0,0.0,0.0,0.0,0.0,0.00021601563406049707,0.0009484920328561913
0.0,-2.4061060189701884e-07,0.0,0.0,0.028427166992897043,0.0,0.0,0.2859075110547993,-0.2859075110547993,0.0,0.0,0.0,0.0,-0.13357402663802953,0.0,0.0,0.2547822616439568,0.0,-5.6784121490419244e-05,0.0,0.0,0.0019699275633500127,0.0023540903077433222,-8.18076327857694e-06,0.0,0.0,-0.0036040786676411257,0.0,0.0,0.0,0.0,-0.0004548440425540487,0.0015315014115750455,0.0,-4.275956237414382e-05,0.0,0.0,0.0,0.0,0.0,0.0,0.0002558252999616373,0.0011232902649476865
0.0,-2.2751507789763308e-07,0.0,0.0,0.031948500492218534,0.0,0.0,0.2865176292120297,-0.2865176292120297,0.0,0.0,0.0,0.0,-0.13312245970402659,0.0,0.0,0.25274196650605374,0.0018101844858854322,-5.369357676837042e-05,0.0,0.0,0.0018627118651242845,5.3744702893733715e-05,-7.735515309438198e-06,0.0,0.0,-0.0035889407610414257,0.0,0.0,0.0,0.0,-0.0004300886035655642,0.0,0.0,-4.043232130139385e-05,0.0,0.0,0.0,0.0,0.0,0.0,0.00024190169755640518,0.0010621538291176698
0.0,-2.7202828883465564e-07,0.0,0.0,0.0286954351293918,0.0,0.0,0.2846089154322795,-0.2846089154322795,0.0,0.0,0.0,0.0,-0.12569300631487415,-0.00650512785901255,0.0,0.25672748032725334,0.0,-6.419869814643163e-05,0.0,0.0,0.0019127770517224788,0.006158282637847898,-9.248965001904369e-06,0.0,0.0,-0.002894568679214316,0.0,0.0,0.0,0.0,-0.0005142352232491057,0.0,0.0,-4.834288469522833e-05,0.0,0.0,0.0,0.0,0.0,0.0,0.0002892296434176325,0.0012699636933252362
0.0,-1.9126696285288257e-07,0.0,0.0,0.0265672001011573,0.0,0.0,0.28630643697656993,-0.28630643697656993,0.0,0.0,0.0,0.0,-0.134664679044117,-0.0005824146419294897,0.0,0.2571182098334973,0.0,-4.513901868875278e-05,0.0,0.0,0.002942120179285048,0.0003363893202717979,-6.503078973974289e-06,0.0,0.0,-0.003632431850726291,0.0,0.0,0.0,0.0,-0.0003615661068346218,0.0,0.0,-3.399057050578872e-05,0.0,0.0,0.0,0.0,0.0,0.0,0.00020336148016259243,0.0008929295537472148
0.0,-3.1133184362817576e-07,0.0,0.0,0.03576030262208845,0.0,0.0,0.2848661871719876,-0.2848661871719876,0.0,0.0,0.0,0.0,-0.11794871060680197,-0.009634151898587146,0.0,0.25368606311726066,0.0,-7.347434025365603e-05,0.0,0.0021891414621381085,0.0,0.006318338039768348,-1.0585286324561557e-05,0.0,0.0,-0.0022182148886497723,0.0,0.0,0.0,0.0,-0.0005885336440505322,0.0,0.0,-5.532762597208362e-05,0.0,0.0,0.0,0.0,0.0,0.0,0.00033101850731363986,0.0014534522849721455
0.0,-2.923091073634342e-07,0.0,0.0,0.04104711541220361,0.0,0.0,0.2867464134435847,-0.2867464134435847,0.0,0.0,0.0,0.0,-0.12915352201122707,0.0,0.0,0.24574497186959063,0.004718900671212324,-6.898497295803035e-05,0.0,0.0,0.0,6.905065929497994e-05,-9.938513069078587e-06,0.0,0.0,-0.0034144385336294515,0.0,0.0,0.0,0.0,-0.0005525735566941249,0.0,0.0,-5.194704393859849e-05,0.0,0.0,0.0,0.0,0.0,0.0,0.0003107928930944398,0.0013646446668107602
0.0,-2.84562580349033e-07,0.0,0.0,0.037823696042388465,0.0,0.0,0.2863307656598039,-0.2863307656598039,0.0,0.0,0.0,0.0,-0.13034181102917838,0.0,0.0,0.2483573854396013,0.0043026229742452625,-6.715679195666765e-05,0.0,0.0,0.0,0.001037958771840922,-9.67513105998889e-06,0.0,0.0,-0.0031783412864166576,0.0,0.0,0.0,0.0,-0.0005379297229012464,0.0,0.0,-5.05703876215296e-05,0.0,0.0,0.0,0.0,0.0,0.0,0.0003025565245325578,0.0013284800160687476
0.0,-2.0095179684653453e-07,0.0,0.0,0.028218387281357844,0.0,0.0,0.28642383569597646,-0.28642383569597646,0.0,0.0,0.0,0.0,-0.13467600063284113,0.0,0.0,0.2557576578904724,0.0007648816284041425,-4.742464029384502e-05,0.0,0.0,0.00247918961376016,4.746979724279316e-05,-6.832363443028117e-06,0.0,0.0,-0.003586896143960198,0.0,0.0,0.0,0.0,-0.00037987406587884924,0.0,0.0,-3.5711688611016825e-05,0.0,0.0,0.0,0.0,0.0,0.0,0.0002136587220213078,0.0009381431879633823
0.0,-2.5815262966290765e-07,0.0,0.0,0.03386207040515626,0.0,0.0,0.285943332383525,-0.285943332383525,0.0,0.0,0.0,0.0007962224377544683,-0.1322050598352225,0.0,0.0,0.2513253763660623,0.003769383350072037,-6.092404146066591e-05,0.0,0.0,0.0,0.0008572044900679927,-8.777192427781186e-06,0.0,0.0,-0.003214515148928381,0.0,0.0,0.0,0.0,-0.00048800503696046807,0.0,0.0,-4.587700368600057e-05,0.0,0.0,0.0,0.0,0.0,0.0,0.0002744765750083811,0.0012051851975130377
0.0,-2.830566871026552e-07,0.0,0.0,0.03625571970393771,0.0,0.0,0.28471823680603286,-0.28471823680603286,0.0034921369690771396,0.0,0.0,0.0,-0.13208166439998423,0.0,0.0,0.24850674523254054,0.004569533952628891,-6.680140102883765e-05,0.0,0.0,0.0,6.686500820513319e-05,-9.623930671999767e-06,0.0,0.0,-0.0033063617769635745,0.0,0.0,0.0,0.0,-0.0005350830213576026,0.0,0.0,-5.0302771250141063e-05,0.0,0.0,0.0,0.0,0.0,0.0,0.0003009554080878648,0.0013214497555134352
0.0,-3.2848765700055674e-07,0.0,0.0,0.034871140206483166,0.0,0.0,0.2845051981925575,-0.2845051981925575,0.0,0.0,0.0,0.0,-0.12318335005889586,-0.00620542667637831,0.0,0.2520468630087739,0.0026397408037500424,-7.752311359582651e-05,0.0,0.0,0.0,0.006886485862683632,-1.1168584179869538e-05,0.0,0.0,-0.0025054325092541663,0.0,0.0,0.0,0.0,-0.0006209645487823876,0.0,0.0,-5.8376432077017704e-05,0.0,0.0,0.0,0.0,0.0,0.0,0.000349259146202668,0.0015335441761711163
0.0,-3.4922023258262764e-07,0.0,0.0,0.03461714879113116,0.0,0.0,0.2853124239877101,-0.2853124239877101,0.0,0.0,0.0,0.0,-0.12877204595008807,0.0,0.0,0.24857500481881398,0.0,-8.241600310850678e-05,0.0,0.0,0.0,0.006205893764172008,-1.187349199213925e-05,0.0,0.0,-0.0036357812062804565,0.0,0.0,0.0,0.0,-0.0006601568720464412,0.004750784136381157,0.0,-6.206087429107126e-05,0.0,0.0,0.0,0.0,0.0,0.0,0.000371302719201711,0.00163033417684033
0.0,-4.827919285557104e-07,0.0,0.0,0.0215861464520537,0.0,0.0,0.2825551620140481,-0.2825551620140481,0.0,0.0,0.0,0.0012722771843163897,-0.1305592281891008,0.0,0.0,0.26004944043055184,0.0,-0.00011393893415151686,0.0,0.0,0.0,0.0,-1.6414931217421275e-05,0.0,0.0,-0.0023786083746474024,0.0,0.0,0.0,0.0,-0.0009126573424671092,0.0,0.0,-8.579826250402171e-05,0.0,0.0,0.0,0.0,0.0,-0.015147448975254312,0.0005133206474197024,0.002253913456290921
0.0,-6.37774214750674e-07,0.0,0.0,0.03187695952858268,0.0,0.0,0.2825014402124604,-0.2825014402124604,0.0,0.0,0.0,0.0,-0.11952851732827267,-0.003361388350463907,0.0,0.2527710987105822,0.0,-0.00015051476621698984,0.0,0.0,0.0,0.0,-2.168433076065632e-05,0.0,0.0,-0.0023018245159531422,0.0,0.0,0.0,0.0,-0.0012056318374453338,0.0,0.0,-0.00011334058475080821,0.0,0.0,0.0,0.0,0.0,-0.020009970764359942,0.0006781030366493189,0.0029774480468267497
0.0,-5.723607096172687e-07,0.0,0.0,0.0249875376924194,0.0,0.0,0.2824862093639432,-0.2824862093639432,0.0,0.0,0.0,0.0,-0.1271787739671884,0.0,0.0,0.25761514524850654,0.0,-0.00013507717371971813,0.0,0.0,0.0,0.0,-1.9460270821072267e-05,0.0,0.0,-0.002065737188638786,0.0,0.0,0.0,0.0,-0.001081975843578354,0.0,0.0,-0.00010171577341327473,0.0,0.0,0.0,0.0,0.0,-0.01856096737158265,0.0006085531937065801,0.0026720651878290886
0.0,-5.607085110804654e-07,0.0,0.0,0.02901016551966977,0.0,0.0,0.2831711146083352,-0.2831711146083352,0.0,0.0,0.0,0.0,-0.12593591487664924,0.0,0.0,0.2540780372379411,0.0,-0.0001323272539234678,0.0,0.0,0.0,0.0,-1.9064095934541844e-05,0.0,0.0,-0.002516218231339542,0.0,0.0,0.0,0.0,-0.0010599488296174715,0.000985071212539091,0.0,-9.964502962142971e-05,0.0,0.0,0.0,0.0,0.0,-0.01660698668907122,0.0005961641835699193,0.0026176669149415507
0.0,-5.341133588638145e-07,0.0,0.0,0.11790818290454708,0.0,0.0,0.2874978237449569,-0.2874978237449569,0.0,0.0,0.0,0.004666751333143837,0.004261072326762911,-0.07726975695671154,0.0,0.21232678431114166,0.0,-0.00012605079585129668,0.0,0.0,0.0,0.0,-1.8159860448130234e-05,0.0,0.0,-0.004261072326762911,0.0,0.0,0.0,0.0,-0.0010096740435058475,0.0,0.0,-9.491873301981756e-05,0.0,0.0,0.0,0.0,0.0,0.0,0.0005678873215376215,0.0024935074832945947
0.0,-5.250226785579306e-07,0.0,0.0,0.11563543039636297,0.0,0.0,0.28978494113206105,-0.28978494113206105,0.0,0.0,0.0,0.004720292393254903,0.0,-0.07568867585553359,0.0,0.2158933227732166,0.0,-0.0001239053945645287,0.0,0.0,0.0,0.0,-1.7850777211409482e-05,0.0,0.0,-0.004255033203635841,0.0,0.0,0.0,0.0,-0.0009924892571859809,0.0,0.0,-9.33032035772321e-05,0.0,0.0,0.0,0.0,0.0,0.0,0.0005582218039013559,0.002451067654754863
