M_ac_e,M_ca2_e,M_cd2_e,M_cl_e,M_co2_e,M_cobalt2_e,M_cu2_e,M_fe2_e,M_fe3_e,M_for_e,M_fum_e,M_gln__45__L_e,M_gly_e,M_h2_e,M_h2o_e,M_h2s_e,M_h_e,M_ile__45__L_e,M_k_e,M_lac__45__L_e,M_leu__45__L_e,M_lys__45__L_e,M_mal__45__L_e,M_mg2_e,M_mn2_e,M_mobd_e,M_n2_e,M_na1_e,M_nh4_e,M_ni2_e,M_oxa_e,M_pi_e,M_pro__45__L_e,M_s_e,M_so4_e,M_ss_e,M_succ_e,M_ura_e,M_val__45__L_e,M_zn2_e,M_fixed_uptake,objective,virtual_tag_R_constraint_reaction
0.0,-2.84476993784922e-07,0.0,0.0,0.020275071014679003,0.0,0.0,0.28576416714946307,-0.28576416714946307,0.0,0.0,0.0,0.0032564855851735758,-0.12899300378607054,-0.0054608929379342174,0.0,0.26621833358936725,0.0,-6.713659352062157e-05,0.0,0.0,0.0,0.0,-9.672221115808133e-06,0.0,0.0,-0.0026549636969036413,0.0,0.0,0.0,0.0,-0.0005377679322797957,0.0,0.0,-5.055517780119068e-05,0.0,0.0,0.0,0.0,0.0,0.0,0.0003024655260135243,0.0006450331632207669
0.0,-3.0909237048249945e-07,0.0,0.0,0.022575364486827596,0.0,0.0,0.2859244608420791,-0.2859244608420791,0.0,0.0,0.0,0.003265303833581558,-0.1266430259342596,-0.0064793373263577324,0.0,0.2646873549947288,0.0,-7.294582441031409e-05,0.0,0.0,0.0,0.0,-1.0509144211416645e-05,0.0,0.0,-0.0027482134738675687,0.0,0.0,0.0,0.0,-0.0005843002020877104,0.0,0.0,-5.4929643128007815e-05,0.0,0.0,0.0,0.0,0.0,0.0,0.0003286374240000547,0.0007008469360108206
0.0,-6.820533244642326e-07,0.0,0.0,0.017380288809218707,0.0,0.0,0.2635263082964742,-0.2635263082964742,0.046845900398892915,0.0,0.0,0.0,-0.11017459708167796,-0.02870816972957313,0.0,0.2635097169988786,0.0,-0.00016096463968739682,0.0,0.0,0.0,0.0,-2.3189821008786768e-05,0.0,0.0,-0.0024616345834126627,0.0,0.0,0.0,0.0,-0.0012893359182465163,0.0,0.0,-0.00012120954538155723,0.0,0.0,0.0,0.0,0.0,0.0,0.0007251820782010857,0.0015465117495477496
0.0,-4.48303825579009e-07,0.0,0.0,0.0,0.0,0.0,0.2646025543450205,-0.2646025543450205,0.042214949024660345,0.0,0.0,0.0,-0.129535243064678,-0.018869466438344515,0.0,0.27601546260519505,0.0,-0.00010579973906217792,0.0,0.0,0.0,0.0,-1.5242335312855382e-05,0.0,0.0,-0.0016179969532270177,0.0,0.0,0.0,0.0,-0.0008474619269107444,0.0,0.0,-7.966928822453701e-05,0.0,0.0,0.0,0.0,0.0,0.0,0.00047665173416500426,0.0010164998963530453
0.0,-3.884089072607907e-07,0.0,0.0,0.01774111442912391,0.0,0.0,0.28578239102386477,-0.28578239102386477,0.0,0.0,0.0,0.0019608903365514216,-0.13511182085639126,0.0,0.0,0.2665516042980214,0.0,-9.166453349922395e-05,0.0,0.0,0.0,0.0,-1.320590738953071e-05,0.0,0.0,-0.0023822722165783307,0.0,0.0,0.0,0.0,-0.0007342381264567525,0.0,0.0,-6.902519991117897e-05,0.0,0.0,0.0,0.0,0.0,-0.002485332153426344,0.0004129694386878747,0.0008806920473258616
0.0,-7.438856198256656e-07,0.0,0.0,0.02289748766161482,0.0,0.0,0.26376715826651775,-0.26376715826651775,0.047151197469634115,0.0,0.0,0.0,-0.10439631802033301,-0.03131074047636846,0.0,0.25980749323929203,0.0,-0.00017555706638910072,0.0,0.0,0.0,0.0,-2.529211977423947e-05,0.0,0.0,-0.002684796777883386,0.0,0.0,0.0,0.0,-0.001406222086024889,0.0,0.0,-0.0001321979302216204,0.0,0.0,0.0,0.0,0.0,0.0,0.0007909242582357185,0.0016867124755732084
0.0,-4.5287431894949667e-07,0.0,0.0,0.02041903795705292,0.0,0.0,0.2860222289925717,-0.2860222289925717,0.0,0.0,0.0,0.001619786848967227,-0.1333406706910745,0.0,0.0,0.2643995200343211,0.0,-0.00010687837586693521,0.0,0.0,0.0,0.0,-1.539773214090649e-05,0.0,0.0,-0.00244438598610443,0.0,0.0,0.0,0.0,-0.0008561018690608781,0.0,0.0,-8.04815229923118e-05,0.0,0.0,0.0,0.0,0.0,-0.0031644536920983303,0.00048151123673163734,0.0010268631941263413
0.0,-8.213399435629337e-07,0.0,0.0,0.07734224396734692,0.0,0.0,0.2912309327005792,-0.2912309327005792,0.0,0.0,0.0,0.0,-0.0632055558398659,-0.034570854887342795,0.0,0.23479834172179162,0.0,-0.00019383629304985155,0.0,0.0,0.0,0.0,-2.7925567687179103e-05,0.0,0.0,-0.0029643412579227874,0.0,0.0,0.0,0.0,-0.001552639731150216,0.0,0.0,-0.0001459625480766904,0.0,0.0,0.0,0.0,0.0,0.0,0.0008732763052660197,0.0018623351393979952
0.0,0.0,0.0,0.0,0.0,0.0,0.0,0.2857142857142857,-0.2857142857142857,0.0,0.0,0.0,0.0,-0.14285714285714285,0.0,0.0,0.2857142857142857,0.0,0.0,0.0,0.0,0.0,0.0,0.0,0.0,0.0,0.0,0.0,0.0,0.0,0.0,0.0,0.0,0.0,0.0,0.0,0.0,0.0,0.0,0.0,0.0,0.0,0.0
0.0,-3.273159030277753e-07,0.0,0.0,0.020814963832441212,0.0,0.0,0.2864897632323717,-0.2864897632323717,0.0,0.0,0.0,0.0018619023702601926,-0.13448999430070135,0.0,0.0,0.26400055566224984,0.0,-7.724657956356561e-05,0.0,0.0,0.0,0.0,-1.1128744531090636e-05,0.0,0.0,-0.00274060821024256,0.0,0.0,0.0,0.0,-0.0006187494954569867,0.0012566479134473178,0.0,-5.816819650181331e-05,0.0,0.0,0.0,0.0,0.0,0.0,0.00034801329789338877,0.0007421676160642067
0.0,-4.447709299290678e-07,0.0,0.0,0.020694169185072317,0.0,0.0,0.28261155507752755,-0.28261155507752755,0.00948762389404307,0.0,0.0,0.0,-0.13541808849175005,0.0,0.0,0.26153987625574104,0.0,-0.00010496597540331347,0.0,0.0,0.0,0.0,-1.512221681943815e-05,0.0,0.0,-0.0027752939456689844,0.0,0.0,0.0,0.0,-0.0008407834325855914,0.0023400955044852487,0.0,-7.904144776067557e-05,0.0,0.0,0.0,0.0,0.0,0.0,0.0004728954404595166,0.0010084892842255374
0.0,-3.7481105254453023e-07,0.0,0.0,0.021193042787561178,0.0,0.0,0.28358254620176493,-0.28358254620176493,0.0,0.0,0.0,0.00015036746787899915,-0.13936254859198693,0.00660568701976086,0.0,0.25783004385685293,0.0,-8.845543868740147e-05,0.0,0.0,0.0,0.0,-1.2743580170143183e-05,0.0,0.0,-0.002807999607692781,0.0,0.0,0.0,0.0,-0.0007085330945070228,0.002760131118465055,0.0,-6.660868828488187e-05,0.0,0.0,0.0,0.0,0.0,0.0,0.0003985117413370698,0.0008498597922322308
0.0,-3.8541665776851836e-07,0.0,0.0,0.0211742294087125,0.0,0.0,0.283257160067277,-0.283257160067277,0.0009277334781927786,0.0,0.0,0.0,-0.13936306601868678,0.0064833561953681505,0.0,0.2577037017140931,0.0,-9.095836237725667e-05,0.0,0.0,0.0,0.0,-1.3104170871797384e-05,0.0,0.0,-0.0028101432794157173,0.0,0.0,0.0,0.0,-0.0007285816556085645,0.002838231432770507,0.0,-6.849343914172384e-05,0.0,0.0,0.0,0.0,0.0,0.0,0.00040978797819575443,0.0008739073153534567
0.0,-3.9381993637365084e-07,0.0,0.0,0.02258385423258373,0.0,0.0,0.2837452790757071,-0.2837452790757071,0.0,0.0,0.0,0.0,-0.13860976934470592,0.006624713470171545,0.0,0.256686715124393,0.0,-9.294153680710126e-05,0.0,0.0,0.0,0.0,-1.3389882442653028e-05,0.0,0.0,-0.0028714131192664216,0.0,0.0,0.0,0.0,-0.0007444669955783398,0.002900113681486751,0.0,-6.998680856447795e-05,0.0,0.0,0.0,0.0,0.0,0.0,0.00041872262717992237,0.0008929612054694077
0.0,-3.659145526898731e-07,0.0,0.0,0.02365733213923502,0.0,0.0,0.2868397236800632,-0.2868397236800632,0.0,0.0,0.0,0.0015644418691292347,-0.13292164730130607,0.0,0.0,0.2616984816803657,0.0,-8.635586400281395e-05,0.0,0.0,0.0,0.0,-1.2441099071035198e-05,0.0,0.0,-0.0028699094436616295,0.0,0.0,0.0,0.0,-0.0006917153818768634,0.0015340940417260967,0.0,-6.50276671767198e-05,0.0,0.0,0.0,0.0,0.0,0.0,0.0003890526828999839,0.0008296875548695808
0.0,-4.1325353445678685e-07,0.0,0.0,0.024362139232596322,0.0,0.0,0.2842930014308386,-0.2842930014308386,0.0,0.0,0.0,0.0,-0.13706298715256085,0.005889454492560923,0.0,0.25589919462366817,0.0,-9.752786752506803e-05,0.0,0.0,0.0,0.0,-1.4050625004766672e-05,0.0,0.0,-0.002946721735788128,0.0,0.0,0.0,0.0,-0.0007812037654621846,0.00291045326934995,0.0,-7.344040596558312e-05,0.0,0.0,0.0,0.0,0.0,0.0,0.0004393850835295391,0.000937025630776867
0.0,-4.77460447088869e-07,0.0,0.0,0.03240007709091144,0.0,0.0,0.2882034779717535,-0.2882034779717535,0.0,0.0,0.0,0.0,-0.12759638016636257,0.0,0.0,0.2553981452586847,0.0,-0.00011268070409452788,0.0,0.0,0.0,0.0,-1.623366078519395e-05,0.0,0.0,-0.002979270898647695,0.0,0.0,0.0,0.0,-0.0009025788481528061,0.0025120864935583073,0.0,-8.485079047855557e-05,0.0,0.0,0.0,0.0,0.0,0.0,0.0005076520366654747,0.0010826106477045399
0.0,-4.702607023306139e-07,0.0,0.0,0.02437188399617231,0.0,0.0,0.28385758609214445,-0.28385758609214445,0.007539624278987712,0.0,0.0,0.0,-0.1332119469137238,0.0,0.0,0.2590865574240708,0.0,-0.00011098156374979881,0.0,0.0,0.0,0.0,-1.598886937920815e-05,0.0,0.0,-0.0029343457322454436,0.0,0.0,0.0,0.0,-0.0008889686373583388,0.0024742061169228083,0.0,-8.357130431858872e-05,0.0,0.0,0.0,0.0,0.0,0.0,0.0004999970254236336,0.0010662856926562925
0.0,-2.744101980144568e-07,0.0,0.0,0.0,0.0,0.0,0.2765041800734906,-0.2765041800734906,0.01862125255486518,0.0,0.0,0.0,-0.14738724000535894,0.0,0.0,0.2762712680570069,0.0,-6.476082890533669e-05,0.0,0.0,0.0,0.0,-9.329949941875397e-06,0.0,0.0,-0.0017122723405075158,0.0,0.0,0.0,0.0,-0.0005187379225973291,0.0014437680782351198,0.0,-4.876618023308183e-05,0.0,0.0,0.0,0.0,0.0,0.0,0.0002917621695224665,0.0006222073556469217
0.0,-7.733584453758501e-08,0.0,0.0,0.0,0.0,0.0,0.2815263049673647,-0.2815263049673647,0.0,0.0,0.0,0.0022174365473634663,-0.15010087533193897,0.005735792026746521,0.0,0.27621271694940386,0.0,-1.8251265560051836e-05,0.0,0.0,0.0,0.0,-2.629419618764726e-06,0.0,0.0,-0.001672588047872341,0.0,0.0,0.0,0.0,-0.0001461936751185295,0.0005695058073443656,0.0,-1.374356259528948e-05,0.0,0.0,0.0,0.0,0.0,0.0,8.22260759527212e-05,0.00017535401991115922
0.0,-2.3569613608328222e-07,0.0,0.0,0.0,0.0,0.0,0.2768123495566563,-0.2768123495566563,0.013516144534231363,0.0,0.0,0.0,-0.1499695337218967,0.003964805291362529,0.0,0.2741342936905398,0.0,-5.562430716126025e-05,0.0,0.0,0.0,0.0,-8.013671383432413e-06,0.0,0.0,-0.0017185035972069737,0.0,0.0,0.0,0.0,-0.00044555386381674454,0.0017356805123246767,0.0,-4.188619933094754e-05,0.0,0.0,0.0,0.0,0.0,0.0,0.00025060007430226054,0.0005344257269944827
0.0,-3.788968854237735e-07,0.0,0.0,0.021402353908935072,0.0,0.0,0.2835034688388015,-0.2835034688388015,0.0,0.0,0.0,0.0,-0.13942682566836503,0.006894848253645419,0.0,0.25747023725687984,0.0,-8.941969557706172e-05,0.0,0.0,0.0,0.0,-1.28824985358236e-05,0.0,0.0,-0.0027951792773216024,0.0,0.0,0.0,0.0,-0.0007162568470322364,0.0028553651362351455,0.0,-6.733479272281144e-05,0.0,0.0,0.0,0.0,0.0,0.0,0.0004028559365374662,0.00085912415372391
0.0,-7.893327943087825e-08,0.0,0.0,0.0,0.0,0.0,0.281387991981819,-0.281387991981819,0.0,0.0,0.0,0.0020365846239964558,-0.15033792455548603,0.006126255344214144,0.0,0.2759646474730714,0.0,-1.8628260323950983e-05,0.0,0.0,0.0,0.0,-2.6837324238196088e-06,0.0,0.0,-0.0016391402523647444,0.0,0.0,0.0,0.0,-0.0001492134246177364,0.000671931366845923,0.0,-1.4027447080926736e-05,0.0,0.0,0.0,0.0,0.0,0.0,8.392452256115799e-05,0.000178976100096101
0.0,-3.02751402214265e-07,0.0,0.0,0.015622785600410178,0.0,0.0,0.2825115912319343,-0.2825115912319343,0.0,0.0,0.0,0.0,-0.14309415921789492,0.007874684784152436,0.0,0.2617101603709221,0.0,-7.1449355386624e-05,0.0,0.0,0.0,0.0,-1.0293551216135432e-05,0.0,0.0,-0.002381284369065139,0.0,0.0,0.0,0.0,-0.0005723134001010503,0.0025772166692059543,0.0,-5.3802772466281605e-05,0.0,0.0,0.0,0.0,0.0,0.0,0.0003218954928611991,0.000686469201047008
0.0,-2.0613793795215148e-07,0.0,0.0,0.0,0.0,0.0,0.2774551883811922,-0.2774551883811922,0.010637271322885312,0.0,0.0,0.0,-0.15061657394269454,0.0053617300252156545,0.0,0.27392914276225017,0.0,-4.86485700138407e-05,0.0,0.0,0.0,0.0,-7.008692301273972e-06,0.0,0.0,-0.0016213733311443894,0.0,0.0,0.0,0.0,-0.0003896778125431136,0.0017547800801597593,0.0,-3.663333180686258e-05,0.0,0.0,0.0,0.0,0.0,0.0,0.0002191728020058451,0.0004674044266567681
0.0,-9.239350602171709e-08,0.0,0.0,0.0,0.0,0.0,0.2801053575981145,-0.2801053575981145,0.0,0.0,0.0,0.0,-0.15253309233144258,0.010031596915908847,0.0,0.2737571883957236,0.0,-2.1804874887052802e-05,0.0,0.0,0.0,0.0,-3.1413802853331606e-06,0.0,0.0,-0.0012034943606289996,0.0,0.0,0.0,0.0,-0.0001746582879280031,0.0017400641816423814,0.0,-1.6419500439936323e-05,0.0,0.0,0.0,0.0,0.0,0.0,9.823588905126285e-05,0.000209496292326905
0.0,-3.161076173037733e-07,0.0,0.0,0.02074469941267999,0.0,0.0,0.28648360545434404,-0.28648360545434404,0.0,0.0,0.0,0.0012984207686103635,-0.13557199047106702,0.0,0.0,0.26369365823726254,0.0,-7.460142322700708e-05,0.0,0.0,0.0010708380803710134,0.0,-1.0747662685387272e-05,0.0,0.0,-0.0028609291186139064,0.0,0.0,0.0,0.0,-0.0005975616427663233,0.0,0.0,-5.6176341659407775e-05,0.0,0.0,0.0,0.0,0.0,0.0,0.00033609627081814057,0.0007167535539333998
0.0,-3.188528990328716e-07,0.0,0.0,0.020768379666505205,0.0,0.0,0.2862488603590914,-0.2862488603590914,0.0,0.0,0.0,0.001106273024552237,-0.13606869656008325,0.0005320321689067072,0.0,0.2631671025621682,0.0,-7.524930993690886e-05,0.0,0.0,0.0011740259563568578,0.0,-1.084100229628425e-05,0.0,0.0,-0.0028779512634786843,0.0,0.0,0.0,0.0,-0.0006027512521591267,0.0,0.0,-5.6664213118123536e-05,0.0,0.0,0.0,0.0,0.0,0.0,0.0003390151468622077,0.0007229783024942317
0.0,-3.7276565284708364e-07,0.0,0.0,0.025582155938605508,0.0,0.0,0.2872107481727441,-0.2872107481727441,0.0,0.0,0.0,0.0,-0.13317598355155236,0.00017611298069896943,0.0,0.26001216933232824,0.0,-8.7972724193524e-05,0.0,0.0,0.001586611733585024,0.0,-1.2674036556507881e-05,0.0,0.0,-0.0029319798883075078,0.0,0.0,0.0,0.0,-0.000704666523958217,0.0,0.0,-6.624519475943674e-05,0.0,0.0,0.0,0.0,0.0,0.0,0.00039633700345347196,0.0008452219808600666
0.0,-3.598954971539956e-07,0.0,0.0,0.024374205921181648,0.0,0.0,0.2868189221898716,-0.2868189221898716,0.0,0.0,0.0,0.0,-0.13426013233449732,0.0007111944058704596,0.0,0.2605052888479511,0.0,-8.49353664099725e-05,0.0,0.0,0.0015859483618186768,0.0,-1.2236451112419071e-05,0.0,0.0,-0.002884866159638498,0.0,0.0,0.0,0.0,-0.0006803371153719335,0.0,0.0,-6.395800449938711e-05,0.0,0.0,0.0,0.0,0.0,0.0,0.0003826530202258899,0.0008160397361821972
0.0,-3.694003323317583e-07,0.0,0.0,0.024329165402542718,0.0,0.0,0.2863212078260195,-0.2863212078260195,0.0,0.0,0.0,0.0,-0.1348694404326461,0.00170757608756831,0.0,0.2596236860282196,0.0,-8.717850827996994e-05,0.0,0.0,0.0013167789941850583,0.0,-1.2559615619627476e-05,0.0,0.0,-0.002905510035215409,0.0,0.0,0.0,0.0,-0.0006983048093221522,0.0005110176837248852,0.0,-6.564713452705501e-05,0.0,0.0,0.0,0.0,0.0,0.0,0.0003927588812780051,0.000837591334499633
0.0,-3.577754190961222e-07,0.0,0.0,0.024140959625427557,0.0,0.0,0.28679704429308756,-0.28679704429308756,0.0,0.0,0.0,0.00020622338192249884,-0.1343165397469341,0.0005814776147203294,0.0,0.2606922171205031,0.0,-8.443502781699986e-05,0.0,0.0,0.0015228084282729486,0.0,-1.2164368433655855e-05,0.0,0.0,-0.0029171862316511297,0.0,0.0,0.0,0.0,-0.0006763293747870612,0.0,0.0,-6.358123968005265e-05,0.0,0.0,0.0,0.0,0.0,0.0,0.0003803988817929971,0.0008112325964632683
0.0,-3.7180699837908044e-07,0.0,0.0,0.024230497924394724,0.0,0.0,0.2864721182456267,-0.2864721182456267,0.0012858674889722416,0.0,0.0,0.0,-0.1341193577054029,0.00017566006478643585,0.0,0.26062935443073726,0.0,-8.774648166161044e-05,0.0,0.0,0.0015825313886933463,0.0,-1.2641442293383763e-05,0.0,0.0,-0.0029244396130741175,0.0,0.0,0.0,0.0,-0.0007028543084107671,0.0,0.0,-6.607482967495315e-05,0.0,0.0,0.0,0.0,0.0,0.0,0.000395317729718637,0.0008430482939277612
0.0,-3.981117467781022e-07,0.0,0.0,0.02040581967937664,0.0,0.0,0.28281486111164744,-0.28281486111164744,0.008287588807638491,0.0,0.0,0.0,-0.13466971541120865,-0.0020982475566621913,0.0,0.2622831450200231,0.0,-9.395440440935479e-05,0.0,0.0,0.0014658594156293854,0.0,-1.3535804046599546e-05,0.0,0.0,-0.0029027054931726865,0.0,0.0,0.0,0.0,-0.0007525801226760048,0.0,0.0,-7.074951782683074e-05,0.0,0.0,0.0,0.0,0.0,0.0,0.0004232858246260896,0.0009026926076622334
0.0,-3.962640576873565e-07,0.0,0.0,0.02065919846614437,0.0,0.0,0.28382284596776813,-0.28382284596776813,0.006508700587962801,0.0,0.0,0.0,-0.13624923311992765,0.0,0.0,0.26199408073462543,0.0,-9.351834963463489e-05,0.0,0.0,0.0011109712833394891,0.0,-1.3472982595904414e-05,0.0,0.0,-0.002889233654381725,0.0,0.0,0.0,0.0,-0.0007490872991312738,0.0006961697710626101,0.0,-7.042115998930878e-05,0.0,0.0,0.0,0.0,0.0,0.0,0.00042132129932192966,0.0008985030922887926
0.0,-3.3516925456204903e-07,0.0,0.0,0.020712625478410112,0.0,0.0,0.2857968522001736,-0.2857968522001736,0.001677772032147409,0.0,0.0,0.0008832546077133113,-0.1359010791564042,0.0,0.0,0.2632117256410212,0.0,-7.909997116025026e-05,0.0,0.0,0.0012341032677518726,0.0,-1.1395758575105373e-05,0.0,0.0,-0.002885407584728709,0.0,0.0,0.0,0.0,-0.0006335952675521663,0.0,0.0,-5.956383689391699e-05,0.0,0.0,0.0,0.0,0.0,0.0,0.0003563632458845403,0.0007599745821553457
0.0,-3.7536760162900803e-07,0.0,0.0,0.02419652746060727,0.0,0.0,0.2863780371754812,-0.2863780371754812,0.0016706003443183782,0.0,0.0,0.0,-0.13405594814598787,0.0,0.0,0.26067794357737306,0.0,-8.858678431631061e-05,0.0,0.0,0.0015799522459645254,0.0,-1.2762502845524586e-05,0.0,0.0,-0.002934711231104682,0.0,0.0,0.0,0.0,-0.0007095851804644486,0.0,0.0,-6.670759413152527e-05,0.0,0.0,0.0,0.0,0.0,0.0,0.0003991034830781126,0.0008511217312441417
0.0,-3.620985364678492e-07,0.0,0.0,0.021804256065250664,0.0,0.0,0.28547632489369507,-0.28547632489369507,0.003148481145265577,0.0,0.0,0.0,-0.13546487740041285,0.0,0.0,0.262221653034676,0.0,-8.545528386606022e-05,0.0,0.0,0.0015241016898370346,0.0,-1.2311354474855897e-05,0.0,0.0,-0.0028309705928990445,0.0,0.0,0.0,0.0,-0.0006845016837638432,0.0,0.0,-6.434951258843522e-05,0.0,0.0,0.0,0.0,0.0,0.0,0.0003849953658617447,0.0008210349851772321
0.0,-4.0682226340819485e-07,0.0,0.0,0.024270552248977895,0.0,0.0,0.284486903071791,-0.284486903071791,0.0,0.0,0.0,0.0,-0.13699071204697447,0.005431827493208104,0.0,0.2562997079408589,0.0,-9.601008703791658e-05,0.0,0.0,0.00023526782980950716,0.0,-1.3831961713897158e-05,0.0,0.0,-0.0029662154616053307,0.0,0.0,0.0,0.0,-0.0007690462574411773,0.002525327939637946,0.0,-7.229748735194285e-05,0.0,0.0,0.0,0.0,0.0,0.0,0.00043254713943161104,0.0009224431401057944
0.0,-3.5749194668199035e-07,0.0,0.0,0.02325341772690859,0.0,0.0,0.2867651011558058,-0.2867651011558058,0.0,0.0,0.0,0.0009420804707754428,-0.13423435919682591,0.0,0.0,0.2616191728143221,0.0,-8.436812830435853e-05,0.0,0.0,0.0012115947077097609,0.0,-1.215473036826e-05,0.0,0.0,-0.0029728779602914432,0.0,0.0,0.0,0.0,-0.0006757935058861077,0.0,0.0,-6.353086302882508e-05,0.0,0.0,0.0,0.0,0.0,-0.0002094027665316279,0.0003800974843699228,0.0008105898411193632
0.0,-3.53677799533311e-07,0.0,0.0,0.023626828578168668,0.0,0.0,0.28681308084455526,-0.28681308084455526,0.0,0.0,0.0,0.0009320292414406711,-0.1342005763154587,0.0,0.0,0.261313933194674,0.00010358430500390466,-8.346798926906515e-05,0.0,0.0,0.0011986679815480749,0.0,-1.2025049320596275e-05,0.0,0.0,-0.0029929519325634394,0.0,0.0,0.0,0.0,-0.0006685833410208712,0.0,0.0,-6.285304059863175e-05,0.0,0.0,0.0,0.0,0.0,0.0,0.0003760421545934471,0.000801941509429799
0.0,-3.5088936059467033e-07,0.0,0.0,0.02345636218313892,0.0,0.0,0.28681796958551053,-0.28681796958551053,0.0,0.0,0.0,0.0009009654013679667,-0.13428350683315418,0.0,0.0,0.2614249978968174,0.0,-8.280991745422401e-05,0.0,0.0,0.0012840799679898188,0.0,-1.1930242364070107e-05,0.0,0.0,-0.003008881147192783,0.0,0.0,0.0,0.0,-0.0006633121483582583,1.5810405184703287e-05,0.0,-6.23574995552062e-05,0.0,0.0,0.0,0.0,0.0,0.0,0.00037307739234989566,0.0007956189046908048
0.0,-3.505129832517967e-07,0.0,0.0,0.02344962767970749,0.0,0.0,0.2868130253876292,-0.2868130253876292,0.0,0.0,0.0,0.0009065795940755653,-0.13425726199727342,-3.421913373593302e-05,0.0,0.2614393944479873,0.0,-8.272109237089238e-05,0.0,0.0,0.001290599337894876,0.0,-1.1917445530010455e-05,0.0,0.0,-0.0030089440075638293,0.0,0.0,0.0,0.0,-0.0006626006543891286,0.0,0.0,-6.229061251722062e-05,0.0,0.0,0.0,0.0,0.0,0.0,0.0003726772152759003,0.0007947654934366703
0.0,-3.4862214989844337e-07,0.0,0.0,0.023289094721443943,0.0,0.0,0.2867973741103286,-0.2867973741103286,0.0,0.0,0.0,0.0009187063433102453,-0.1343753694721407,0.0,0.0,0.2615606205760006,0.0,-8.227485554671077e-05,0.0,0.0,0.001283637232664799,0.0,-1.1853157173882069e-05,0.0,0.0,-0.0030012209706877352,0.0,0.0,0.0,0.0,-0.0006590262720491378,0.0,0.0,-6.195458739582374e-05,0.0,0.0,0.0,0.0,0.0,0.0,0.0003706668175378733,0.0007904781512414032
0.0,-3.5093929702700143e-07,0.0,0.0,0.02348956869820973,0.0,0.0,0.28683067638143245,-0.28683067638143245,0.0,0.0,0.0,0.000867711349123488,-0.13426923497017604,0.0,0.0,0.2614147643413728,0.0,-8.28217024562893e-05,0.0,0.0,0.0013035892890225856,0.0,-1.19319402033534e-05,0.0,0.0,-0.003004038467719501,0.0,0.0,0.0,0.0,-0.0006634065468950356,0.0,0.0,-6.236637389397668e-05,0.0,0.0,0.0,0.0,0.0,0.0,0.0003731304864474932,0.0007957321323176787
0.0,-4.1637148644411627e-07,0.0,0.0,0.023913693465662727,0.0,0.0,0.284987552805213,-0.284987552805213,0.004632772693140828,0.0,0.0,0.0,-0.1343380772409208,0.0,0.0,0.2598449458314396,0.0,-9.826370444602627e-05,0.0,0.0,0.0011673447431504204,0.0,-1.41566354088021e-05,0.0,0.0,-0.0030358405917006504,0.0,0.0,0.0,0.0,-0.0007870978610474379,0.0007314951653361817,0.0,-7.39945056662225e-05,0.0,0.0,0.0,0.0,0.0,0.0,0.00044270019515028946,0.0009440953850174442
0.0,-4.184119284627127e-07,0.0,0.0,0.02366334335807545,0.0,0.0,0.2839338773109465,-0.2839338773109465,0.006493175449474416,0.0,0.0,0.0,-0.13266865240285192,-0.0022052396435931856,0.0,0.26013821793591996,0.0,-9.87452489272945e-05,0.0,0.0,0.00154060529465003,0.0,-1.4226010461298512e-05,0.0,0.0,-0.003050717827310534,0.0,0.0,0.0,0.0,-0.0007909550597287029,0.0,0.0,-7.435711814911857e-05,0.0,0.0,0.0,0.0,0.0,0.0,0.00044486966186267136,0.0009487219551738305
0.0,-3.7662598462820627e-07,0.0,0.0,0.0259538448090745,0.0,0.0,0.287338091404353,-0.287338091404353,0.0,0.0,0.0,0.0,-0.13282915667141107,0.0,0.0,0.25987563990004864,0.0,-8.888376280580598e-05,0.0,0.0,0.0015852488806161005,0.0,-1.2805287882214834e-05,0.0,0.0,-0.0029445495621293937,0.0,0.0,0.0,0.0,-0.0007119639950550111,0.0,0.0,-6.693122478587112e-05,0.0,0.0,0.0,0.0,0.0,0.0,0.0004004414382874774,0.0008539750332131922
0.0,-4.2026547527960673e-07,0.0,0.0,0.028813438379846856,0.0,0.0,0.287652812999552,-0.287652812999552,0.0,0.0,0.0,0.0,-0.1309183343162839,0.0,0.0,0.2575989680683958,0.0,-9.918268612585875e-05,0.0,0.0,0.0011782619830311256,0.0,-1.4289031074751196e-05,0.0,0.0,-0.0030642323758532323,0.0,0.0,0.0,0.0,-0.0007944589565670479,0.0007383362534024189,0.0,-7.468651697903504e-05,0.0,0.0,0.0,0.0,0.0,0.0,0.00044684041529866416,0.0009529247525620188
0.0,-4.2391706421060383e-07,0.0,0.0,0.030553294612506846,0.0,0.0,0.287669656412094,-0.287669656412094,0.0,0.0,0.0,0.0,-0.12783559484541593,-0.0022342544559557673,0.0,0.2569823048723384,0.0,-0.00010004446140864349,0.0,0.0,0.00156087536991325,0.0,-1.4413185141112514e-05,0.0,0.0,-0.003090856778008142,0.0,0.0,0.0,0.0,-0.0008013618255928741,0.0,0.0,-7.533545074765815e-05,0.0,0.0,0.0,0.0,0.0,0.0,0.0004507229077002615,0.0009612044940188053
0.0,-6.685302701605689e-08,0.0,0.0,0.0,0.0,0.0,0.28209398271390185,-0.28209398271390185,0.0,0.0,0.0,0.0024091743439993993,-0.1493651475140536,0.0044659998770753715,0.0,0.27725449283547765,0.0,-1.577731977789915e-05,0.0,0.0,0.0002461548545299114,0.0,-2.2730037004302364e-06,0.0,0.0,-0.0016920248081036442,0.0,0.0,0.0,0.0,-0.00012637722870571105,0.0,0.0,-1.188063267393715e-05,0.0,0.0,0.0,0.0,0.0,0.0,7.108039111695559e-05,0.00015158490995462762
0.0,-6.661007554374316e-08,0.0,0.0,0.0,0.0,0.0,0.2820634206492356,-0.2820634206492356,0.0,0.0,0.0,0.002285657660016975,-0.1494535257435495,0.004602785223065505,0.0,0.27720326420132985,0.0,-1.571998321080123e-05,0.0,0.0,0.00028351412375442675,0.0,-2.2647433475301134e-06,0.0,0.0,-0.0016667488863797077,0.0,0.0,0.0,0.0,-0.00012591795954242235,0.0,0.0,-1.1837457109135002e-05,0.0,0.0,0.0,0.0,0.0,0.0,7.082207692468495e-05,0.0001510340332225213
0.0,-2.1665636975078747e-07,0.0,0.0,0.0,0.0,0.0,0.2780876552155466,-0.2780876552155466,0.014868690271553759,0.0,0.0,0.0,-0.14785081698298885,0.00010235921355093738,0.0,0.2771481686635709,0.0,-5.113092076826868e-05,0.0,0.0,0.0009221599033523301,0.0,-7.3663191054466585e-06,0.0,0.0,-0.0017041058207248768,0.0,0.0,0.0,0.0,-0.00040956158326186314,0.0,0.0,-3.850259083795237e-05,0.0,0.0,0.0,0.0,0.0,0.0,0.00023035635314115114,0.0004912542896805797
0.0,-5.807107393441738e-08,0.0,0.0,0.0,0.0,0.0,0.2817723341528994,-0.2817723341528994,0.0,0.0,0.0,0.0,-0.1505531164289214,0.006669603719624701,0.0,0.27687100303431644,0.0,-1.3704778140999823e-05,0.0,0.0,0.0009113861649453571,0.0,-1.97441719294454e-06,0.0,0.0,-0.0011209735370253414,0.0,0.0,0.0,0.0,-0.00010977605232495246,0.0,0.0,-1.0319967983351786e-05,0.0,0.0,0.0,0.0,0.0,0.0,6.174312266890517e-05,0.00013167239998277015
0.0,-3.3144670821327404e-07,0.0,0.0,0.021905920223372517,0.0,0.0,0.2863243597645176,-0.2863243597645176,0.0,0.0,0.0,0.0004202998843571141,-0.1357801772302124,0.0009971916308680268,0.0,0.2621405881217124,0.0,-7.822144992113616e-05,0.0,0.0,0.001410744880309663,0.0,-1.1269191955709718e-05,0.0,0.0,-0.0028171365974799167,0.0,0.0,0.0,0.0,-0.0006265582624637691,0.0,0.0,-5.89022930902104e-05,0.0,0.0,0.0,0.0,0.0,0.0,0.0003524053091652595,0.0007515339493483158
0.0,-3.5416185724789997e-07,0.0,0.0,0.022149713615209607,0.0,0.0,0.2852883195237624,-0.2852883195237624,0.0,0.0,0.0,0.0,-0.13704667646669513,0.0034008755792165795,0.0,0.2599860786286599,0.0,-8.358222692882279e-05,0.0,0.0,0.000968502609272826,0.0,-1.2041507288553631e-05,0.0,0.0,-0.002785652150957291,0.0,0.0,0.0,0.0,-0.0006694983911724325,0.0010778506513876912,0.0,-6.293906380740337e-05,0.0,0.0,0.0,0.0,0.0,0.0,0.00037655682106723146,0.00080303907895438
0.0,-3.590640782897777e-07,0.0,0.0,0.02190991948875802,0.0,0.0,0.28559464340318624,-0.28559464340318624,0.002731924985386415,0.0,0.0,0.0,-0.13548320443253026,0.00016963967738594618,0.0,0.26212771512101574,0.0,-8.473915149083365e-05,0.0,0.0,0.001528293380498643,0.0,-1.2208182861311748e-05,0.0,0.0,-0.0028242104606970558,0.0,0.0,0.0,0.0,-0.0006787654227105337,0.0,0.0,-6.381025079899622e-05,0.0,0.0,0.0,0.0,0.0,0.0,0.0003817690276725471,0.0008141545477428349
0.0,-3.3547439961965436e-07,0.0,0.0,0.022357077426413578,0.0,0.0,0.2863634806710762,-0.2863634806710762,0.0,0.0,0.0,0.0,-0.13568228872364627,0.0012682529339941443,0.0,0.2617748555908535,0.0,-7.91719854185026e-05,0.0,0.0,0.001538863862637813,0.0,-1.1406133510632799e-05,0.0,0.0,-0.002749642190860224,0.0,0.0,0.0,0.0,-0.0006341721058563488,0.0,0.0,-5.961806504937218e-05,0.0,0.0,0.0,0.0,0.0,0.0,0.000356687686392474,0.0007606664788150002
0.0,-2.0671866557715773e-07,0.0,0.0,0.0,0.0,0.0,0.2784653814112433,-0.2784653814112433,0.01380947993327264,0.0,0.0,0.000544755258384149,-0.1476917126419342,0.0,0.0,0.2773104994540404,0.0,-4.878562178026831e-05,0.0,0.0,0.0007611443389323426,0.0,-7.028437047316126e-06,0.0,0.0,-0.0017796011938526594,0.0,0.0,0.0,0.0,-0.00039077560498658085,0.0,0.0,-3.673653448749288e-05,0.0,0.0,0.0,0.0,0.0,0.0,0.00021979025118593908,0.00046872118894374125
0.0,-2.469408395054433e-07,0.0,0.0,0.0,0.0,0.0,0.2766830721734434,-0.2766830721734434,0.017797953558013082,0.0,0.0,0.0,-0.14681959089313623,-0.0013015014435663137,0.0,0.27660498111990683,0.0,-5.827805807752708e-05,0.0,0.0,0.0009092435920868171,0.0,-8.395991431299112e-06,0.0,0.0,-0.001800490784615431,0.0,0.0,0.0,0.0,-0.0004668105595796608,0.0,0.0,-4.3884526061223685e-05,0.0,0.0,0.0,0.0,0.0,0.0,0.0002625558219013843,0.0005599223638977807
0.0,-2.446412769078493e-07,0.0,0.0,0.0,0.0,0.0,0.27725836563521883,-0.27725836563521883,0.016772627712665734,0.0,0.0,0.0,-0.14788787601236777,0.0,0.0,0.2765363109806097,0.0,-5.7735361118676996e-05,0.0,0.0,0.0006858795999574619,0.0,-8.31780627608622e-06,0.0,0.0,-0.0017837242535146773,0.0,0.0,0.0,0.0,-0.0004624635260751131,0.000429793867077832,0.0,-4.347586455774117e-05,0.0,0.0,0.0,0.0,0.0,0.0,0.00026011084945764374,0.0005547082546068493
0.0,-2.1890603755529698e-07,0.0,0.0,0.0,0.0,0.0,0.27803801268317774,-0.27803801268317774,0.015085133682659123,0.0,0.0,0.0,-0.1478036794821894,0.0,0.0,0.2771611663492527,0.0,-5.166184255191904e-05,0.0,0.0,0.0009213930136477671,0.0,-7.44280783711113e-06,0.0,0.0,-0.0017114583256044847,0.0,0.0,0.0,0.0,-0.00041381429694338555,0.0,0.0,-3.8902385402487804e-05,0.0,0.0,0.0,0.0,0.0,0.0,0.00023274827575954436,0.0004963552657589327
0.0,-3.30970030009467e-07,0.0,0.0,0.021693029665636448,0.0,0.0,0.28615918978911903,-0.28615918978911903,0.0,0.0,0.0,0.0022992531862002672,-0.13362310465272464,-0.0012080094901401595,0.0,0.26341891461299743,0.0,-7.810895382651936e-05,0.0,0.0008124277311698807,0.0,0.0,-1.1252984891205255e-05,0.0,0.0,-0.0027503618292603386,0.0,0.0,0.0,0.0,-0.0006256571623480319,0.0,0.0,-5.881758131430616e-05,0.0,0.0,0.0,0.0,0.0,0.0,0.00035189848883601107,0.0007504531123866016
0.0,-3.713112747168479e-07,0.0,0.0,0.019424361932977,0.0,0.0,0.28597140906620416,-0.28597140906620416,0.0,0.0,0.0,0.0019865819303861647,-0.13504473335393166,0.0,0.0,0.2650333422478062,0.0,-8.762949083726623e-05,0.0,0.00040323363297257027,0.0,0.0,-1.2624587683070085e-05,0.0,0.0,-0.002535026863676402,0.0,0.0,0.0,0.0,-0.00070191720525429,0.0,0.0,-6.598673327899865e-05,0.0,0.0,0.0,0.0,0.0,-0.0015246576452747314,0.0003947906596162023,0.000841924272622281
0.0,-3.384391810757365e-07,0.0,0.0,0.021659971389912137,0.0,0.0,0.2863456974542981,-0.2863456974542981,0.0,0.0,0.0,0.0019710580348323284,-0.1347857311924207,0.0,0.0,0.26309223215466554,0.0,-7.98716740817094e-05,0.0,0.0006882308658948221,0.0,0.0,-1.1506936114814403e-05,0.0,0.0,-0.0027649200641220923,0.0,0.0,0.0,0.0,-0.0006397766518411962,0.0004275938732007215,0.0,-6.01449443996483e-05,0.0,0.0,0.0,0.0,0.0,0.0,0.000359839941942907,0.0007673889287939282
0.0,-3.2279626768874935e-07,0.0,0.0,0.021066661391279586,0.0,0.0,0.2864330360326718,-0.2864330360326718,0.0,0.0,0.0,0.0014721240877087862,-0.13542097444093384,0.0,0.0,0.263438703055246,0.0,-7.61799452583429e-05,0.0,0.00024859015494558867,0.0008156603258349192,0.0,-1.0975076876704039e-05,0.0,0.0,-0.0028410384615576265,0.0,0.0,0.0,0.0,-0.0006102056940107289,0.0,0.0,-5.736499985268902e-05,0.0,0.0,0.0,0.0,0.0,0.0,0.00034320786929960473,0.0007319196355841389
0.0,-3.4427856684134533e-07,0.0,0.0,0.022251175490186844,0.0,0.0,0.28635659175062383,-0.28635659175062383,0.0,0.0,0.0,0.0018419520937731143,-0.13475521098230026,0.0,0.0,0.26270191417456346,0.0007068287240121713,-8.12497695942491e-05,0.0,0.00037387687020247245,0.0,0.0,-1.1705475299140051e-05,0.0,0.0,-0.002703882755933424,0.0,0.0,0.0,0.0,-0.0006508152752714259,0.0,0.0,-6.118267747501006e-05,0.0,0.0,0.0,0.0,0.0,0.0,0.0003660485736627926,0.0007806293579110353
0.0,-2.719919255155325e-07,0.0,0.0,0.016834636301052378,0.0,0.0,0.2857962674822212,-0.2857962674822212,0.0,0.0,0.0,0.0023859039894696087,-0.13736044463947653,0.0,0.0,0.2671082574780239,0.0,-6.41901164001802e-05,0.0,0.0006676549624048758,0.0,0.0,-9.247728648628894e-06,0.0,0.0,-0.002508439862658438,0.0,0.0,0.0,0.0,-0.0005141664829735723,0.0,0.0,-4.8336422471203636e-05,0.0,0.0,0.0,0.0,0.0,0.0,0.0002891909807113805,0.0006167240793413156
0.0,-2.902156804212348e-07,0.0,0.0,0.01840702690831936,0.0,0.0,0.28605573272753637,-0.28605573272753637,0.0,0.0,0.0,0.001990197576187471,-0.13645246857654983,0.0,0.0,0.2661156057226366,0.0,-6.849092403051033e-05,0.0,0.0008235014864519237,0.0,0.0,-9.867336528559984e-06,0.0,0.0,-0.0024542822318856378,0.0,0.0,0.0,0.0,-0.0005486161966872326,0.0,0.0,-5.1575015361283345e-05,0.0,0.0,0.0,0.0,0.0,0.0,0.00030856709102581296,0.0006580452635825705
0.0,-3.469587492784974e-07,0.0,0.0,0.023095224901586966,0.0,0.0,0.28643370679598096,-0.28643370679598096,0.0,0.0,0.0,0.001834696779490264,-0.13290501951558528,-0.0010892498116936477,0.0,0.26259487935553166,0.0,-8.188229286599117e-05,0.0,0.0009845127780608955,0.0,0.0,-1.1796601533349485e-05,0.0,0.0,-0.002661831878339173,0.0,0.0,0.0,0.0,-0.0006558818226508234,0.0,0.0,-6.165897996206564e-05,0.0,0.0,0.0,0.0,0.0,0.0,0.00036889823394596583,0.0007867064980426271
0.0,-3.8463975388367055e-07,0.0,0.0,0.021226096219525453,0.0,0.0,0.28629620530772987,-0.28629620530772987,0.0,0.0,0.0,0.0015056501032897109,-0.1340937223607205,0.0,0.0,0.26394386196741615,0.0,-9.077501299765427e-05,0.0,0.0006386046202943341,0.0,0.0,-1.3077756130626224e-05,0.0,0.0,-0.002460350960084932,0.0,0.0,0.0,0.0,-0.0007271130166505382,0.0,0.0,-6.835537344611047e-05,0.0,0.0,0.0,0.0,0.0,-0.001358489670324766,0.0004089619478055075,0.0008721457360999134
0.0,-3.5561896497626763e-07,0.0,0.0,0.023033725553652063,0.0,0.0,0.28640609491294505,-0.28640609491294505,0.0,0.0,0.0,0.0014817636593354954,-0.13442810164084693,0.0,0.0,0.26197224172939076,0.0,-8.392610447046026e-05,0.0,5.2139817951712143e-05,0.0,0.0,-1.2091048968359837e-05,0.0,0.0,-0.0027681449448756067,0.0,0.0,0.0,0.0,-0.0006722528698378869,0.0,0.0,-6.31980103721256e-05,0.0,0.0,0.0,0.0014354201319590463,0.0,0.0,0.00037810606710521615,0.0008063429763791854
0.0,-3.540033292150767e-07,0.0,0.0,0.023093952465987676,0.0,0.0,0.28660708030663956,-0.28660708030663956,0.0,0.0,0.0,0.0015299894074353947,-0.13393644744517252,0.0,0.0,0.2622842341583531,0.0,-8.354481430026652e-05,0.0,0.0008762676194521559,0.0,0.0,-1.2036117333583563e-05,0.0,0.0,-0.00267313233653348,0.0,0.0,0.0,0.0,-0.0006691987138899728,0.0003847035179469849,0.0,-6.291089136091052e-05,0.0,0.0,0.0,0.0,0.0,0.0,0.0003763882687207031,0.0008026796269048112
0.0,-3.3921370267613893e-07,0.0,0.0,0.02249775969008195,0.0,0.0,0.2866751041702674,-0.2866751041702674,0.0,0.0,0.0,0.0010974378914952675,-0.13454611541880568,0.0,0.0,0.26263116048768786,0.0,-8.005446124199019e-05,0.0,0.00047102743170229175,0.0007372625847597564,0.0,-1.1533269858286558e-05,0.0,0.0,-0.002745769290225957,0.0,0.0,0.0,0.0,-0.000641240787390482,0.0,0.0,-6.028258673303436e-05,0.0,0.0,0.0,0.0,0.0,0.0,0.00036066343940805416,0.000769145106371747
0.0,-3.594890991523408e-07,0.0,0.0,0.023647157632612787,0.0,0.0,0.286620915390467,-0.286620915390467,0.0,0.0,0.0,0.0014071993178166023,-0.13389587522099192,0.0,0.0,0.26192115318750725,0.0006348306731972764,-8.483945644874266e-05,0.0,0.0005968478227904748,0.0,0.0,-1.2222633575609753e-05,0.0,0.0,-0.0026168899522854656,0.0,0.0,0.0,0.0,-0.0006795688711279095,0.0,0.0,-6.388578240874157e-05,0.0,0.0,0.0,0.0,0.0,0.0,0.0003822209241758512,0.0008151182550281458
0.0,-3.7552664250521526e-07,0.0,0.0,0.025516322495372976,0.0,0.0,0.2866413661303495,-0.2866413661303495,0.0,0.0,0.0,0.0017260207038146112,-0.1309909571790437,-0.0016984191920387341,0.0,0.26083969705992227,0.0,-8.862431797594693e-05,0.0,0.001065575601761033,0.0,0.0,-1.2767910237175708e-05,0.0,0.0,-0.0027511311407324595,0.0,0.0,0.0,0.0,-0.0007098858272127428,0.0,0.0,-6.673585771680625e-05,0.0,0.0,0.0,0.0,0.0,0.0,0.00039927258069700843,0.0008514823461328766
0.0,-4.4323085402686974e-07,0.0,0.0,0.02284991317511331,0.0,0.0,0.28645054117020635,-0.28645054117020635,0.0,0.0,0.0,0.0011601819248649335,-0.1326192159166609,0.0,0.0,0.262762678518855,0.0,-0.00010460251736594772,0.0,0.0005059536171990561,0.0,0.0,-1.5069854220751349e-05,0.0,0.0,-0.002432755595389618,0.0,0.0,0.0,0.0,-0.0008378721130357752,0.0,0.0,-7.87677566968498e-05,0.0,0.0,0.0,0.0,0.0,-0.0022552081976289122,0.0004712579798632785,0.0010049972618388487
0.0,-3.875519181774619e-07,0.0,0.0,0.025591845083491393,0.0,0.0,0.28692145445562095,-0.28692145445562095,0.0,0.0,0.0,0.0012419669421469038,-0.1325563959002797,0.0,0.0,0.2602935532401025,0.0,-9.146228400630869e-05,0.0,0.0008974509948704506,0.0,0.0,-1.3176769750674555e-05,0.0,0.0,-0.0027718134030872365,0.0,0.0,0.0,0.0,-0.0007326180965162065,0.0006067407814443261,0.0,-6.887290205782735e-05,0.0,0.0,0.0,0.0,0.0,0.0,0.00041205825901591546,0.000878748880070364
0.0,-3.6261694294689286e-07,0.0,0.0,0.024512976636912296,0.0,0.0,0.2870059865089872,-0.2870059865089872,0.0,0.0,0.0,0.0005943558983196282,-0.1335840949936295,0.0,0.0,0.2609559100237578,0.0,-8.557762783700475e-05,0.0,0.0002720060046967677,0.0011354065197933282,0.0,-1.2328980301206441e-05,0.0,0.0,-0.0028773273824963413,0.0,0.0,0.0,0.0,-0.000685481665929032,0.0,0.0,-6.444164000925982e-05,0.0,0.0,0.0,0.0,0.0,0.0,0.0003855465530993718,0.0008222104383010953
0.0,-3.971093003297639e-07,0.0,0.0,0.026533814997516485,0.0,0.0,0.2869512243327448,-0.2869512243327448,0.0,0.0,0.0,0.0010394561395096888,-0.1324577960184874,0.0,0.0,0.2596666548983533,0.0010102682849376658,-9.37178269665435e-05,0.0,0.00045330528120916916,0.0,0.0,-1.3501720855631861e-05,0.0,0.0,-0.0026847429480866924,0.0,0.0,0.0,0.0,-0.0007506851239044989,0.0,0.0,-7.057137035079888e-05,0.0,0.0,0.0,0.0,0.0,0.0,0.00042221998978207313,0.0009004196252500954
0.0,-5.624593585380649e-07,0.0,0.0,0.021236066786387977,0.0,0.0,0.2753063315905266,-0.2753063315905266,0.023444475722284818,0.0,0.0,0.0,-0.12744367121653344,-0.009867749014290871,0.0,0.2601053728963641,0.0,-0.00013274045406493984,0.0,0.0013806615073856563,0.0,0.0,-1.9123624768577388e-05,0.0,0.0,-0.002720332454555458,0.0,0.0,0.0,0.0,-0.0010632585862501028,0.0,0.0,-9.99561774697813e-05,0.0,0.0,0.0,0.0,0.0,0.0,0.0005980257435863777,0.001275340175646081
0.0,-4.5920908446657217e-07,0.0,0.0,0.021365943333546873,0.0,0.0,0.28231377635170607,-0.28231377635170607,0.009933551669651127,0.0,0.0,0.0,-0.13569880527976758,0.0,0.0,0.2606960091788444,0.0,-0.00010837338104085057,0.0,0.0005517620629771619,0.0,0.0,-1.5613114242575755e-05,0.0,0.0,-0.002796415283668358,0.0,0.0,0.0,0.0,-0.000868076945527591,0.0017263571092405933,0.0,-8.160729134631351e-05,0.0,0.0,0.0,0.0,0.0,0.0,0.00048824657289644227,0.0010412268647535356
0.0,-5.166234206441413e-07,0.0,0.0,0.023461419554546142,0.0,0.0,0.2789801553830043,-0.2789801553830043,0.01639123950099723,0.0,0.0,0.0,-0.12823351214165968,-0.007085645255799345,0.0,0.2598752541985716,0.0,-0.00012192316901816603,0.0,0.0014659447560477123,0.0,0.0,-1.7565202344106536e-05,0.0,0.0,-0.0025975451808285975,0.0,0.0,0.0,0.0,-0.0009766115178268604,0.0,0.0,-9.181054868243695e-05,0.0,0.0,0.0,0.0,0.0,0.0,0.0005492914298517122,0.0011714101543971178
0.0,-5.403620669227532e-07,0.0,0.0,0.017128234791404375,0.0,0.0,0.28290571207916515,-0.28290571207916515,0.00676869153465315,0.0,0.0,0.0,-0.13486691519782118,0.0,0.0,0.2658874392431199,0.0,-0.0001275254914581378,0.0,5.10587676389062e-05,0.0,0.0,-1.837231659521635e-05,0.0,0.0,-0.0019757785854435006,0.0,0.0,0.0,0.0,-0.001021486439185254,0.0,0.0,-9.602920786962639e-05,0.0,0.0,0.0,0.0,0.0,-0.004446736748169012,0.0005745311585129967,0.0012252359977313898
0.0,-4.4480843654314586e-07,0.0,0.0,0.02325042625870432,0.0,0.0,0.2837758705569819,-0.2837758705569819,0.007140512791102437,0.0,0.0,0.0,-0.13437494136856623,0.0,0.0,0.260354503629361,0.0,-0.00010497482696726665,0.0,0.0008264032096231629,0.0,0.0,-1.5123492044755466e-05,0.0,0.0,-0.0026722275792736023,0.0,0.0,0.0,0.0,-0.0008408543341162608,0.0013072888278779394,0.0,-7.904811316274627e-05,0.0,0.0,0.0,0.0,0.0,0.0,0.0004729353187554912,0.0010085743280443666
0.0,-3.628682922395768e-07,0.0,0.0,0.02195347014244793,0.0,0.0,0.2855345974241944,-0.2855345974241944,0.003052312058737315,0.0,0.0,0.0,-0.13535854609797227,0.0,0.0,0.26216191556257773,0.0,-8.563694629038862e-05,0.0,3.428739534308549e-05,0.0014930542580792645,0.0,-1.2337526180097368e-05,0.0,0.0,-0.002819845024918751,0.0,0.0,0.0,0.0,-0.0006859568101141848,0.0,0.0,-6.4486307973487e-05,0.0,0.0,0.0,0.0,0.0,0.0,0.0003858137961372473,0.0008227803565471233
0.0,-4.3967373024766576e-07,0.0,0.0,0.024791108968979823,0.0,0.0,0.28446280586650646,-0.28446280586650646,0.005507447761617546,0.0,0.0,0.0,-0.1341590373024624,0.0,0.0,0.2597611690978486,0.0018090771476898795,-0.00010376303586661949,0.0,4.154473491725666e-05,0.0,0.0,-1.494891197065582e-05,0.0,0.0,-0.0025121605628428906,0.0,0.0,0.0,0.0,-0.0008311478184833234,0.0,0.0,-7.813561058645306e-05,0.0,0.0,0.0,0.0,0.0,0.0,0.0004674759259943263,0.0009969317139970344
0.0,-5.434206354030724e-07,0.0,0.0,0.02693357532708655,0.0,0.0,0.27991955022010595,-0.27991955022010595,0.014986237908370533,0.0,0.0,0.0,-0.12586411857102364,-0.007453177098216621,0.0,0.2575684655162289,0.0,-0.0001282473138666431,0.0,0.00154198319116852,0.0,0.0,-1.847630795931891e-05,0.0,0.0,-0.0027322796378338615,0.0,0.0,0.0,0.0,-0.0010272682777287285,0.0,0.0,-9.657275436624243e-05,0.0,0.0,0.0,0.0,0.0,0.0,0.0005777831315880059,0.0012321711037149663
0.0,-5.697485435411439e-07,0.0,0.0,0.020424194068868386,0.0,0.0,0.2841041024809946,-0.2841041024809946,0.004772317312689497,0.0,0.0,0.0,-0.13274347203630138,0.0,0.0,0.26379585042165254,0.0,-0.0001344607023146746,0.0,5.383549341821419e-05,0.0,0.0,-1.9371457143933247e-05,0.0,0.0,-0.0020832272291554815,0.0,0.0,0.0,0.0,-0.0010770378725641105,0.0,0.0,-0.00010125155829813409,0.0,0.0,0.0,0.0,0.0,-0.00468856335569231,0.0006057758507104462,0.0012918679306581158
0.0,-4.6453118000589004e-07,0.0,0.0,0.026209166852890247,0.0,0.0,0.2847915329113271,-0.2847915329113271,0.005529302156396253,0.0,0.0,0.0,-0.1326218274866139,0.0,0.0,0.2584038459043231,0.0,-0.00010962939601818557,0.0,0.0008630458116089844,0.0,0.0,-1.5794065553157508e-05,0.0,0.0,-0.0027907137739817617,0.0,0.0,0.0,0.0,-0.0008781376969278899,0.0013652538304851846,0.0,-8.255309537315358e-05,0.0,0.0,0.0,0.0,0.0,0.0,0.0004939052042162427,0.001053294371777618
0.0,-3.7588755549838845e-07,0.0,0.0,0.02430107931564821,0.0,0.0,0.28641954811968096,-0.28641954811968096,0.001601879267249647,0.0,0.0,0.0,-0.13397525865748755,0.0,0.0,0.2606483375325443,0.0,-8.870949347149966e-05,0.0,3.5517584466735506e-05,0.0015466231889044186,0.0,-1.2780181283164678e-05,0.0,0.0,-0.0029210175591787273,0.0,0.0,0.0,0.0,-0.0007105680877762048,0.0,0.0,-6.67999965432817e-05,0.0,0.0,0.0,0.0,0.0,0.0,0.0003996563155532892,0.0008523006929753983
0.0,-4.5893389938021287e-07,0.0,0.0,0.02778168929981316,0.0,0.0,0.2854963217989477,-0.2854963217989477,0.0038441137203786948,0.0,0.0,0.0,-0.13241758942880638,0.0,0.0,0.2578080240823814,0.0018883248476120607,-0.00010830843733823323,0.0,4.336462672799204e-05,0.0,0.0,-1.5603757946421093e-05,0.0,0.0,-0.002622207249737771,0.0,0.0,0.0,0.0,-0.0008675567427761603,0.0,0.0,-8.15583874585719e-05,0.0,0.0,0.0,0.0,0.0,0.0,0.0004879539868395196,0.0010406029003887417
0.0,-4.149349626449523e-07,0.0,0.0,0.02446959478126578,0.0,0.0,0.28426103251902013,-0.28426103251902013,0.0,0.0,0.0,0.0,-0.13711797029586031,0.00593008110239421,0.0,0.2557516982132219,0.0,-9.792468471334418e-05,0.0,7.498732935279454e-05,0.0,0.0,-1.4107793582829559e-05,0.0,0.0,-0.002950379304830519,0.0,0.0,0.0,0.0,-0.0007843822937079884,0.002830644015981215,0.0,-7.373921712736342e-05,0.0,0.0,0.0,0.0,0.0,0.0,0.0004411728346394652,0.0009408381603192769
0.0,-4.435837043481837e-07,0.0,0.0,0.021148555771897448,0.0,0.0,0.28610539808175994,-0.28610539808175994,0.0,0.0,0.0,0.001638757731188388,-0.13334574021127593,0.0,0.0,0.26373610399247943,0.0,-0.00010468579007029016,0.0,0.00018792159991391276,0.0,0.0,-1.508185113580281e-05,0.0,0.0,-0.0025143009805913344,0.0,0.0,0.0,0.0,-0.0008385391321334276,0.0,0.0,-7.883046268405073e-05,0.0,0.0,0.0,0.0,0.0,-0.0027028122600955325,0.000471633142215145,0.0010057973270949962
0.0,-3.8938352959785184e-07,0.0,0.0,0.025682167567736836,0.0,0.0,0.2867354845555434,-0.2867354845555434,0.0,0.0,0.0,0.001438522793490701,-0.13306742515790942,0.0,0.0,0.2599817370580695,0.0011862818306443668,-9.189454444952547e-05,0.0,0.0001649600180188728,0.0,0.0,-1.3239044560389553e-05,0.0,0.0,-0.0028002269301986957,0.0,0.0,0.0,0.0,-0.0007360805272498069,0.0,0.0,-6.919840268896278e-05,0.0,0.0,0.0,0.0,0.0,0.0,0.00041400568999917266,0.0008829019403673194
0.0,-3.7842530028500576e-07,0.0,0.0,0.024604669444460436,0.0,0.0,0.286706745458417,-0.286706745458417,0.0,0.0,0.0,0.0016640922805631413,-0.13316556362061374,0.0,0.0,0.2607059155287665,0.0,-8.930840144620574e-05,0.0,0.0006924238834899124,0.0,0.0,-1.2866464635590042e-05,0.0,0.0,-0.0028987902712563586,0.0,0.0,0.0,0.0,-0.0007153653747145813,0.0007094750055858037,0.0,-6.725098604930298e-05,0.0,0.0,0.0,0.0,0.0,0.0,0.0004023545313265922,0.0008580548649573912
0.0,-3.6476678522201897e-07,0.0,0.0,0.024552450964031483,0.0,0.0,0.286388693382273,-0.286388693382273,0.0,0.0,0.0,0.0022119127322952205,-0.13132264275230648,-0.001975618389764119,0.0,0.2613263121424348,0.0,-8.608499078765416e-05,0.0,0.0008953881767348524,0.0,0.0,-1.2402074963704361e-05,0.0,0.0,-0.002870149474717186,0.0,0.0,0.0,0.0,-0.0006895456720183833,0.0,0.0,-6.482369430833501e-05,0.0,0.0,0.0,0.0,0.0,0.0,0.0003878323378510335,0.0008270850664553802
0.0,-4.864312595353178e-07,0.0,0.0,0.025209944549378898,0.0,0.0,0.2835850013545554,-0.2835850013545554,0.007945002276010592,0.0,0.0,0.0,-0.13343344355773948,0.0,0.0,0.25810830470578977,0.0,-0.00011479781655678313,0.0,0.0005844708311238208,0.0,0.0,-1.6538668513291982e-05,0.0,0.0,-0.002962188368287022,0.0,0.0,0.0,0.0,-0.0009195370393794894,0.001828696538160019,0.0,-8.644501787887125e-05,0.0,0.0,0.0,0.0,0.0,0.0,0.0005171901067543174,0.0011029513840572589
0.0,-6.038509143512544e-07,0.0,0.0,0.025998413904314246,0.0,0.0,0.2763687376328916,-0.2763687376328916,0.021970183360560374,0.0,0.0,0.0,-0.12402397593299415,-0.01059391967511369,0.0,0.25684955726675024,0.0,-0.0001425088645815287,0.0,0.0014822648089835052,0.0,0.0,-2.0530938150323694e-05,0.0,0.0,-0.0029205225499177746,0.0,0.0,0.0,0.0,-0.0011415041100351704,0.0,0.0,-0.00010731198306854888,0.0,0.0,0.0,0.0,0.0,0.0,0.0006420346405273367,0.001369192848305425
0.0,-4.942854577083006e-07,0.0,0.0,0.03369028561720579,0.0,0.0,0.28816392747384306,-0.28816392747384306,0.0,0.0,0.0,0.0,-0.12751464964503792,0.0,0.0,0.25420258262482315,0.0,-0.00011665140796027153,0.0,0.0005939080324631421,0.0,0.0,-1.6805711343032725e-05,0.0,0.0,-0.003010017561033508,0.0,0.0,0.0,0.0,-0.0009343844119385303,0.0018582237215541888,0.0,-8.78408087294352e-05,0.0,0.0,0.0,0.0,0.0,0.0,0.0005255409549202742,0.0011207602698468499
0.0,-6.316038177245302e-07,0.0,0.0,0.05017322727073275,0.0,0.0,0.2890706060719916,-0.2890706060719916,0.0,0.0,0.0,0.0,-0.10674417057274191,-0.011080814738282627,0.0,0.24567439700456048,0.0,-0.00014905855202021628,0.0,0.001550389491814402,0.0,0.0,-2.1474537189601112e-05,0.0,0.0,-0.0030547493569011174,0.0,0.0,0.0,0.0,-0.0011939674789116397,0.0,0.0,-0.00011224402676694367,0.0,0.0,0.0,0.0,0.0,0.0,0.0006715424626029131,0.0014321207596744503
0.0,-3.770956789983021e-07,0.0,0.0,0.0259862121317944,0.0,0.0,0.28734011647012614,-0.28734011647012614,0.0,0.0,0.0,0.0,-0.13279883479056975,0.0,0.0,0.25987904798320843,0.0,-8.89946107151026e-05,0.0,3.563173995772413e-05,0.00155159412181426,0.0,-1.2821257496291435e-05,0.0,0.0,-0.0029304058720006966,0.0,0.0,0.0,0.0,-0.0007128518931125982,0.0,0.0,-6.70146954457529e-05,0.0,0.0,0.0,0.0,0.0,0.0,0.0004009408331693849,0.0008550400347841767
0.0,-5.752389895183689e-07,0.0,0.0,0.025439320399892808,0.0,0.0,0.28684190364654905,-0.28684190364654905,0.0,0.0,0.0,0.0,-0.12920436316199793,0.0,0.0,0.2615196425444091,0.0,-0.0001357564480089594,0.0,5.4354285210875637e-05,0.0,0.0,-1.95581323713728e-05,0.0,0.0,-0.0021033024828610424,0.0,0.0,0.0,0.0,-0.001087416869266735,0.0,0.0,-0.00010222728033770366,0.0,0.0,0.0,0.0,0.0,-0.004733745224267577,0.0006116134778888526,0.0013043171613992836
0.0,-4.6248962480470197e-07,0.0,0.0,0.03187083323482766,0.0,0.0,0.2877082885579725,-0.2877082885579725,0.0,0.0,0.0,0.0,-0.1295696365435911,0.0,0.0,0.25593157048516285,0.0019029551999992268,-0.00010914758882573577,0.0,4.370060693339512e-05,0.0,0.0,-1.572465265243996e-05,0.0,0.0,-0.0026425235719766903,0.0,0.0,0.0,0.0,-0.0008742783939151197,0.0,0.0,-8.219028506356124e-05,0.0,0.0,0.0,0.0,0.0,0.0,0.0004917345539306176,0.0010486652775517848
0.0,-4.697256905532719e-07,0.0,0.0,0.03209337696621718,0.0,0.0,0.28797614717445186,-0.28797614717445186,0.0,0.0,0.0,0.0,-0.12851370757101543,0.0,0.0,0.25570225379452977,0.0,-0.00011085530092711406,0.0,0.000872696618194712,0.0,0.0,-1.5970678972521254e-05,0.0,0.0,-0.002821920273690755,0.0,0.0,0.0,0.0,-0.0008879572649678388,0.001380520459998017,0.0,-8.347622592518549e-05,0.0,0.0,0.0,0.0,0.0,0.0,0.0004994281828732954,0.0010650725880937484
0.0,-5.602115629251038e-07,0.0,0.0,0.04321507605750941,0.0,0.0,0.2885686676321807,-0.2885686676321807,0.0,0.0,0.0,0.0,-0.11430385004385289,-0.007683469708235367,0.0,0.25007767466403297,0.0,-0.00013220997411864617,0.0,0.0015896282865445852,0.0,0.0,-1.904719969144746e-05,0.0,0.0,-0.0028167032065758947,0.0,0.0,0.0,0.0,-0.0010590094117109356,0.0,0.0,-9.955671561748155e-05,0.0,0.0,0.0,0.0,0.0,0.0,0.0005956358115451272,0.0012702434446408375
0.0,-3.7851500865881304e-07,0.0,0.0,0.02608402020464467,0.0,0.0,0.2873462358449778,-0.2873462358449778,0.0,0.0,0.0,0.0,-0.13249213081210687,0.0,0.0,0.2603195002878228,0.0,-8.932957262967321e-05,0.0,0.0005734579855331632,0.001019741948255576,0.0,-1.286951472134868e-05,0.0,0.0,-0.0026725893986767695,0.0,0.0,0.0,0.0,-0.0007155349570981993,0.0,0.0,-6.726692836761752e-05,0.0,0.0,0.0,0.0,0.0,0.0,0.0004024499122925903,0.0008582582728862871
0.0,-4.1366788307713264e-07,0.0,0.0,0.028134973987577132,0.0,0.0,0.2872855204473979,-0.2872855204473979,0.0,0.0,0.0,0.0,-0.1314233893589797,0.0,0.0,0.25886324459230425,0.0,-9.76256538329514e-05,0.0,0.0002552333488128195,0.0,0.0,-1.4064712862704474e-05,0.0,0.0,-0.0025493121253786786,0.0,0.0,0.0,0.0,-0.0007819870393496148,0.0,0.0,-7.35140409822309e-05,0.0,0.0,0.0,0.001857409804851664,0.0,0.0,0.0004398256329452878,0.0009379651394439894
0.0,-4.5690732089492107e-07,0.0,0.0,0.02594693879525565,0.0,0.0,0.2871566769243604,-0.2871566769243604,0.0,0.0,0.0,0.0,-0.13085104884519388,0.0,0.0,0.2613027173101003,0.0,-0.00010783016465194516,0.0,0.0009999578181913895,0.0,0.0,-1.553485425421918e-05,0.0,0.0,-0.002149027190493445,0.0,0.0,0.0,0.0,-0.000863725751358759,0.0,0.0,-8.119823870176432e-05,0.0,0.0,0.0,0.0,0.0,-0.0018464032505575026,0.0004857992603029164,0.001036007764896445
0.0,-4.17232755245424e-07,0.0,0.0,0.028752116478612477,0.0,0.0,0.2875131656368136,-0.2875131656368136,0.0,0.0,0.0,0.0,-0.1308698839605022,0.0,0.0,0.2588459546917593,0.0008430373954342754,-9.846696395273038e-05,0.0,0.000913128629228392,0.0,0.0,-1.4185918558119594e-05,0.0,0.0,-0.0023839397288153066,0.0,0.0,0.0,0.0,-0.000788725981255874,0.0,0.0,-7.414756407985876e-05,0.0,0.0,0.0,0.0,0.0,0.0,0.00044361592516262057,0.0009460482562563428
0.0,-4.1267593113268165e-07,0.0,0.0,0.02834000143395387,0.0,0.0,0.2875776028087617,-0.2875776028087617,0.0,0.0,0.0,0.0,-0.1306995033221967,0.0,0.0,0.2592234819469696,0.0,-9.739155309390554e-05,0.0,0.0013445953386994171,0.0,0.0,-1.4030986484991696e-05,0.0,0.0,-0.0024069522674742233,0.0,0.0,0.0,0.0,-0.0007801118791161245,0.0004904883111922511,0.0,-7.333775851293613e-05,0.0,0.0,0.0,0.0,0.0,0.0,0.00043877095621144493,0.0009357159526398853
0.0,-4.1099602491462246e-07,0.0,0.0,0.029088890439844108,0.0,0.0,0.2875592816048905,-0.2875592816048905,0.0,0.0,0.0,0.0,-0.12897754096720307,-0.001277593543953496,0.0,0.25932058367026695,0.0,-9.699509509069747e-05,0.0,0.0016021557736772495,0.0,0.0,-1.397386965393022e-05,0.0,0.0,-0.00228442529133914,0.0,0.0,0.0,0.0,-0.0007769362279631436,0.0,0.0,-7.303921782458959e-05,0.0,0.0,0.0,0.0,0.0,0.0,0.00043698482331142274,0.0009319068740661424
0.0,-3.677321700331473e-07,0.0,0.0,0.02534095909969173,0.0,0.0,0.2872997461299022,-0.2872997461299022,0.0,0.0,0.0,0.0,-0.1325330510055163,0.0,0.0,0.2615516272900875,0.0,-8.678482184270062e-05,0.0,0.0010658220412882566,0.00048199206263514614,0.0,-1.2502898081964593e-05,0.0,0.0,-0.0023421046300176507,0.0,0.0,0.0,0.0,-0.0006951513585699646,0.0,0.0,-6.535068088247214e-05,0.0,0.0,0.0,0.0,0.0,0.0,0.00039098523490888336,0.0008338088845028076
0.0,-3.8312059380359714e-07,0.0,0.0,0.026234010480712576,0.0,0.0,0.2872704427287367,-0.2872704427287367,0.0,0.0,0.0,0.0,-0.13205319559752918,0.0,0.0,0.26094700876559596,0.0,-9.041649109600007e-05,0.0,0.0009430360096976571,0.0,0.0,-1.3026104670136284e-05,0.0,0.0,-0.0022727269725827427,0.0,0.0,0.0,0.0,-0.0007242412358284984,0.0,0.0,-6.808539938973863e-05,0.0,0.0,0.0,0.0008369365002285607,0.0,0.0,0.00040734672561616747,0.0008687011389855706
0.0,-4.001852594979622e-07,0.0,0.0,0.025216969074052697,0.0,0.0,0.2872148680766368,-0.2872148680766368,0.0,0.0,0.0,0.0,-0.13183736100909732,0.0,0.0,0.2620793354251867,0.0,-9.444375357879353e-05,0.0,0.001291015142336326,0.0,0.0,-1.36063035033257e-05,0.0,0.0,-0.002089837272699901,0.0,0.0,0.0,0.0,-0.0007564998373533822,0.0,0.0,-7.11180073937052e-05,0.0,0.0,0.0,0.0,0.0,-0.000786793219549777,0.00042549045322246167,0.000907394163492372
0.0,-3.5457277284840834e-07,0.0,0.0,0.024434125885167666,0.0,0.0,0.28724300999140256,-0.28724300999140256,0.0,0.0,0.0,0.0,-0.1326701295596526,0.0,0.0,0.26288103853343514,0.0,-8.367920304374711e-05,0.0,0.0014924251490766377,0.0,0.0,-1.2055478423776807e-05,0.0,0.0,-0.0020259198476694773,0.0,0.0,0.0,0.0,-0.0006702751753681835,0.0,0.0,-6.301208873278868e-05,0.0,0.0,0.0,0.0,0.0,0.0,0.000376993720380604,0.0008039708034713125
0.0,-3.846012732843691e-07,0.0,0.0,0.026503433559022155,0.0,0.0,0.28737247649627007,-0.28737247649627007,0.0,0.0,0.0,0.0,-0.13180739909451447,0.0,0.0,0.2609473080684123,0.0003780769866810815,-9.076593157310967e-05,0.0,0.0012407405215145869,0.0,0.0,-1.3076447789799921e-05,0.0,0.0,-0.0021974934700326743,0.0,0.0,0.0,0.0,-0.0007270402739234588,0.0,0.0,-6.834853495448519e-05,0.0,0.0,0.0,0.0,0.0,0.0,0.00040892103393562235,0.0008720584838326569
0.0,-3.827060870243038e-07,0.0,0.0,0.026328573050553906,0.0,0.0,0.2874022430286435,-0.2874022430286435,0.0,0.0,0.0,0.0,-0.13172590567502745,0.0,0.0,0.26110728898020447,0.0,-9.031866746259232e-05,0.0,0.0014337986589205841,0.0,0.0,-1.3012011434792419e-05,0.0,0.0,-0.002208795190568093,0.0,0.0,0.0,0.0,-0.0007234576629614951,0.00022130232348247937,0.0,-6.801173626623552e-05,0.0,0.0,0.0,0.0,0.0,0.0,0.0004069060080404963,0.0008677612717032759
0.0,-3.8200160500129697e-07,0.0,0.0,0.026670921789216595,0.0,0.0,0.2873942810174473,-0.2873942810174473,0.0,0.0,0.0,0.0,-0.13094534833074153,-0.0005777252593330717,0.0,0.26114773049079953,0.0,-9.015240964823649e-05,0.0,0.0015501027706149588,0.0,0.0,-1.2988059037770866e-05,0.0,0.0,-0.0021537535014931894,0.0,0.0,0.0,0.0,-0.000722125928413122,0.0,0.0,-6.788654085603028e-05,0.0,0.0,0.0,0.0,0.0,0.0,0.000406156979014209,0.0008661639043320646
0.0,-4.147908172097758e-07,0.0,0.0,0.025562825798194265,0.0,0.0,0.2851548332436063,-0.2851548332436063,0.0,0.0,0.0,0.0,-0.13539292535197664,0.00432008845998133,0.0,0.25665540287642513,0.0,-9.789066637899474e-05,0.0,0.00046205615838495974,0.0,0.0,-1.4102892636347694e-05,0.0,0.0,-0.002800471718378923,0.0,0.0,0.0,0.0,-0.0007841098049151651,0.0021448004998130088,0.0,-7.371360065129054e-05,0.0,0.0,0.0,0.0,0.0,0.0,0.0004410195743554154,0.0009405113198785836
0.0,-6.706764435718217e-08,0.0,0.0,0.0,0.0,0.0,0.2821764348225873,-0.2821764348225873,0.0,0.0,0.0,0.0026638535648570135,-0.1490626596061611,0.004151076904880446,0.0,0.27756835387926754,0.0,-1.5827969487747033e-05,0.0,0.0001646300546863878,0.0,0.0,-2.280300692538568e-06,0.0,0.0,-0.0016562991780974794,0.0,0.0,0.0,0.0,-0.0001267829357621333,0.0,0.0,-1.1918772903470124e-05,0.0,0.0,0.0,0.0,0.0,0.0,7.130857950615151e-05,0.00015207154087892912
0.0,-6.685648740350871e-08,0.0,0.0,0.0,0.0,0.0,0.2821583198646681,-0.2821583198646681,0.0,0.0,0.0,0.002578675967517306,-0.1491052859266536,0.004240395146278442,0.0,0.2775647470846154,0.0,-1.57781364296174e-05,0.0,0.0001897086217940804,0.0,0.0,-2.2731213536440696e-06,0.0,0.0,-0.00162548756529637,0.0,0.0,0.0,0.0,-0.0001263837701324187,0.0,0.0,-1.1881247628772551e-05,0.0,0.0,0.0,0.0,0.0,0.0,7.108407031750148e-05,0.0001515927561591109
0.0,-5.426306894127473e-08,0.0,0.0,0.0,0.0,0.0,0.2820308272409631,-0.2820308272409631,0.0,0.0,0.0,0.0,-0.14962264266155614,0.006232245108084353,0.0,0.2783025225373918,0.0,-1.2806088654909417e-05,0.0,0.0008516221063244931,0.0,0.0,-1.8449449786408986e-06,0.0,0.0,-0.0006216547538184585,0.0,0.0,0.0,0.0,-0.00010257749843127025,0.0,0.0,-9.643237092270666e-06,0.0,0.0,0.0,0.0,0.0,0.0,5.769432343917264e-05,0.0001230379952331743
0.0,-3.8516225877473776e-07,0.0,0.0,0.022837749638306835,0.0,0.0,0.28436703335474783,-0.28436703335474783,0.0,0.0,0.0,0.0,-0.13761016211322782,0.005410135764744272,0.0,0.25790332075894706,0.0,-9.089832419416755e-05,0.0,0.00032914916317806057,0.0,0.0,-1.3095521303033502e-05,0.0,0.0,-0.002700335951229411,0.0,0.0,0.0,0.0,-0.0007281007463475404,0.002291303942839861,0.0,-6.844822920684683e-05,0.0,0.0,0.0,0.0,0.0,0.0,0.00040951749261290503,0.0008733304821076633
0.0,-3.435743336644529e-07,0.0,0.0,0.0,0.0,0.0,0.2719441450733104,-0.2719441450733104,0.027292794380884354,0.0,0.0,0.0,-0.14270757642923151,-0.006027644914941185,0.0,0.275630648302217,0.0,-8.108357050759639e-05,0.0,0.0008433673477300374,0.0,0.0,-1.16815313628893e-05,0.0,0.0,-0.0016616959007473332,0.0,0.0,0.0,0.0,-0.0006494840111352947,0.0,0.0,-6.105752628792246e-05,0.0,0.0,0.0,0.0,0.0,0.0,0.0003652998092180798,0.0007790325547822755
0.0,-2.7983860875233967e-07,0.0,0.0,0.0,0.0,0.0,0.2762018992075103,-0.2762018992075103,0.019073680013365082,0.0,0.0,0.0,-0.14779508171835978,0.0,0.0,0.27604843962835934,0.0,-6.60419342781239e-05,0.0,0.0003362397071155712,0.0,0.0,-9.514515970451775e-06,0.0,0.0,-0.0017041147245258764,0.0,0.0,0.0,0.0,-0.0005289996494921366,0.0010520292128383744,0.0,-4.973087782208633e-05,0.0,0.0,0.0,0.0,0.0,0.0,0.00029753383874395916,0.0006345159254997283
0.0,-1.8072083808171903e-07,0.0,0.0,0.0,0.0,0.0,0.27937703475940745,-0.27937703475940745,0.01118551433231196,0.0,0.0,0.0015852770913776307,-0.14719459963480808,0.0,0.0,0.2781455891998523,0.0,-4.2650132390570545e-05,0.0,0.0004436130378743075,0.0,0.0,-6.144510608411781e-06,0.0,0.0,-0.00166669416159318,0.0,0.0,0.0,0.0,-0.0003416299860387125,0.0,0.0,-3.211639008147361e-05,0.0,0.0,0.0,0.0,0.0,0.0,0.00019214848492570552,0.0004097727984846901
0.0,-2.1877932853574696e-07,0.0,0.0,0.0,0.0,0.0,0.27804245592759635,-0.27804245592759635,0.015076401979687123,0.0,0.0,0.0,-0.14779048006612214,0.0,0.0,0.2771867895780967,0.0,-5.1631939213066424e-05,0.0,2.067244091265848e-05,0.0009001872443414134,0.0,-7.438499728964496e-06,0.0,0.0,-0.0017001314645570605,0.0,0.0,0.0,0.0,-0.00041357476949851904,0.0,0.0,-3.887986759910716e-05,0.0,0.0,0.0,0.0,0.0,0.0,0.0002326135544601558,0.0004960679612616462
0.0,-1.869692435240021e-07,0.0,0.0,0.0,0.0,0.0,0.2791579249225126,-0.2791579249225126,0.011858587005289216,0.0,0.0,0.001282169642739426,-0.14720139948195063,0.0,0.0,0.27817023685242576,0.0,-4.412475657985651e-05,0.0,0.0005305345656696696,0.0,0.0,-6.356956466528073e-06,0.0,0.0,-0.0015811526504151008,0.0,0.0,0.0,0.0,-0.00035344180965944037,0.0,0.0,-3.3226811152456154e-05,0.0,0.0,0.0,0.0,0.0,0.0,0.00019879200014885496,0.0004239406532341989
0.0,-3.0321076882109506e-07,0.0,0.0,0.0,0.0,0.0,0.27389356005043053,-0.27389356005043053,0.02338987144007118,0.0,0.0,0.0,-0.1441099147539919,-0.004158626689679923,0.0,0.2764504384876069,0.0,-7.155776594295536e-05,0.0,0.000860375698756119,0.0,0.0,-1.030916968614021e-05,0.0,0.0,-0.001524521808060041,0.0,0.0,0.0,0.0,-0.0005731817748227691,0.0,0.0,-5.388440775135418e-05,0.0,0.0,0.0,0.0,0.0,0.0,0.00032238390691718055,0.000687510785083521
0.0,-3.5694627747002327e-07,0.0,0.0,0.0,0.0,0.0,0.2773936720663381,-0.2773936720663381,0.01578556197261903,0.0,0.0,0.0,-0.14566074562576772,0.0,0.0,0.2774663094941507,0.0,-8.423935032624108e-05,0.0,3.372782465042984e-05,0.0,0.0,-1.2136177608671206e-05,0.0,0.0,-0.0013051375260207958,0.0,0.0,0.0,0.0,-0.0006747619869575503,0.0,0.0,-6.34338906738216e-05,0.0,0.0,0.0,0.0,0.0,-0.0029373751902814224,0.00037951731047596005,0.000809352571513887
0.0,-2.52145060283396e-07,0.0,0.0,0.0,0.0,0.0,0.27687243581468396,-0.27687243581468396,0.01737568312082918,0.0,0.0,0.0,-0.14802411970100998,0.0,0.0,0.27692374652940677,0.0010374735515916134,-5.950625460165494e-05,0.0,2.3825166184635846e-05,0.0,0.0,-8.572934998615836e-06,0.0,0.0,-0.0014406793787811335,0.0,0.0,0.0,0.0,-0.0004766484835876848,0.0,0.0,-4.48093822446554e-05,0.0,0.0,0.0,0.0,0.0,0.0,0.00026808912480279245,0.000571722597532983
0.0,-2.620353965814945e-07,0.0,0.0,0.0,0.0,0.0,0.2767456504679497,-0.2767456504679497,0.017903216558321035,0.0,0.0,0.0,-0.14764370228553209,0.0,0.0,0.27664494980156945,0.0,-6.184037476720233e-05,0.0,0.0004868318021410114,0.0,0.0,-8.909206548424312e-06,0.0,0.0,-0.0015742017371180078,0.0,0.0,0.0,0.0,-0.0004953449188593588,0.0007701201648101506,0.0,-4.656702072153683e-05,0.0,0.0,0.0,0.0,0.0,0.0,0.00027860486363655106,0.0005941482946791745
0.0,-2.0459775430966185e-07,0.0,0.0,0.0,0.0,0.0,0.2785397543894666,-0.2785397543894666,0.014099129057385897,0.0,0.0,0.0,-0.1470497764849326,0.0,0.0,0.2785813893792321,0.0,-4.8285086549757435e-05,0.0,0.0008611683055170406,0.0,0.0,-6.956326039415998e-06,0.0,0.0,-0.0011690086859031312,0.0,0.0,0.0,0.0,-0.000386766289323844,0.0,0.0,-3.63596215962175e-05,0.0,0.0,0.0,0.0,0.0,0.0,0.00021753522685649836,0.0004639121599759444
0.0,-3.4433578425704165e-07,0.0,0.0,0.022337971083883176,0.0,0.0,0.2864041828170614,-0.2864041828170614,0.0,0.0,0.0,0.0017383862709027243,-0.13465296030439372,0.0,0.0,0.2627455739491624,0.0011016595914659303,-8.126327290897692e-05,0.0,0.0,0.0,0.0,-1.1707420691942918e-05,0.0,0.0,-0.002662783349513035,0.0,0.0,0.0,0.0,-0.0006509234375903537,0.0,0.0,-6.11928457370736e-05,0.0,0.0,0.0,0.0,0.0,0.0,0.0003661094091472564,0.0007807590946962384
0.0,-3.5489348404700494e-07,0.0,0.0,0.022680295268196496,0.0,0.0,0.28593593341484985,-0.28593593341484985,0.0,0.0,0.0,0.001449105370305709,-0.13544139143244857,0.0010277449937365517,0.0,0.261551926545072,0.0013067284734649628,-8.375489091253123e-05,0.0,0.0,0.0,0.0,-1.2066382608279993e-05,0.0,0.0,-0.00265878169069819,0.0,0.0,0.0,0.0,-0.0006708814395016504,0.0,0.0,-6.306908318936026e-05,0.0,0.0,0.0,0.0,0.0,0.0,0.0003773347113341828,0.0008046979953477406
0.0,-4.595275837436475e-07,0.0,0.0,0.03153645250208455,0.0,0.0,0.2875590527212411,-0.2875590527212411,0.0,0.0,0.0,0.0,-0.12994472553835443,0.00021710361957540052,0.0,0.2559858504435306,0.001955898701248462,-0.00010844854689597693,0.0,0.0,0.0,0.0,-1.5623943221721346e-05,0.0,0.0,-0.0026364545607029215,0.0,0.0,0.0,0.0,-0.0008686790283019712,0.0,0.0,-8.166389271631486e-05,0.0,0.0,0.0,0.0,0.0,0.0,0.0004885852120605229,0.0010419490412411385
0.0,-4.2112559686726647e-07,0.0,0.0,0.026735081726942497,0.0,0.0,0.28554838583121417,-0.28554838583121417,0.0,0.0,0.0,0.0,-0.13469812382001453,0.0034478402628996233,0.0,0.2566137056845067,0.0012509674268746979,-9.938567489004923e-05,0.0,0.0,0.0,0.0,-1.4318275218791241e-05,0.0,0.0,-0.0026868702307519072,0.0,0.0,0.0,0.0,-0.0007960849081125521,0.0010829598821220782,0.0,-7.483937151822376e-05,0.0,0.0,0.0,0.0,0.0,0.0,0.00044775492555478626,0.0009548750225682538
0.0,-4.120521329704858e-07,0.0,0.0,0.027218681232738306,0.0,0.0,0.28646021173042047,-0.28646021173042047,0.0,0.0,0.0,0.0005298133533907655,-0.1332087882655445,0.0012543005689964308,0.0,0.25814895076703753,0.0017538277575372492,-9.724433667722084e-05,0.0,0.0,0.0,0.0,-1.400977734018136e-05,0.0,0.0,-0.0026289796151839676,0.0,0.0,0.0,0.0,-0.000778932667246016,0.0,0.0,-7.322690165037484e-05,0.0,0.0,0.0,0.0,0.0,0.0,0.00043810771298483277,0.0009343015306986978
0.0,-4.562923419440656e-07,0.0,0.0,0.027794242001625134,0.0,0.0,0.28553453210458335,-0.28553453210458335,0.0035201823721062076,0.0,0.0,0.0,-0.13255004964608405,0.00021557513090630096,0.0,0.2577037990591569,0.0019421284609889415,-0.00010768502956984941,0.0,0.0,0.0,0.0,-1.5513944962697564e-05,0.0,0.0,-0.0026178929589640303,0.0,0.0,0.0,0.0,-0.0008625632110970774,0.0,0.0,-8.108894912515977e-05,0.0,0.0,0.0,0.0,0.0,0.0,0.0004851453939589885,0.0010346133399459184
0.0,-4.805243385284022e-07,0.0,0.0,0.02286069665400783,0.0,0.0,0.2812036235586458,-0.2812036235586458,0.011772496777064725,0.0,0.0,0.0,-0.13335398356682915,-0.0025326030376991485,0.0,0.25996027389593734,0.0017693050551044042,-0.0001134037827218378,0.0,0.0,0.0,0.0,-1.6337833129972037e-05,0.0,0.0,-0.0026189382314188063,0.0,0.0,0.0,0.0,-0.0009083707490803492,0.0,0.0,-8.539528293268441e-05,0.0,0.0,0.0,0.0,0.0,0.0,0.0005109096692900919,0.001089557823153467
0.0,-4.554673635746398e-07,0.0,0.0,0.022468804133972127,0.0,0.0,0.2828105696504958,-0.2828105696504958,0.008758078839600567,0.0,0.0,0.0,-0.1355356202327667,0.0,0.0,0.2602744156523567,0.0012769544742031657,-0.00010749033460800193,0.0,0.0,0.0,0.0,-1.548589568848849e-05,0.0,0.0,-0.002682418538791932,0.0,0.0,0.0,0.0,-0.000861003693380024,0.0008001800922263271,0.0,-8.094233998255898e-05,0.0,0.0,0.0,0.0,0.0,0.0,0.0004842682491567385,0.0010327427549114683
0.0,-3.917313809003008e-07,0.0,0.0,0.022765657349593637,0.0,0.0,0.28498657631244495,-0.28498657631244495,0.0034032743657513883,0.0,0.0,0.001032309922394851,-0.1350362739514796,0.0,0.0,0.26147478711023475,0.0014423667167255557,-9.244863754662333e-05,0.0,0.0,0.0,0.0,-1.3318871532132277e-05,0.0,0.0,-0.0026511566825007504,0.0,0.0,0.0,0.0,-0.0007405188444698383,0.0,0.0,-6.961564570909889e-05,0.0,0.0,0.0,0.0,0.0,0.0,0.00041650200462113346,0.0008882255411697647
0.0,-4.604914846048349e-07,0.0,0.0,0.027745442739517744,0.0,0.0,0.28542099038472857,-0.28542099038472857,0.003987695745688966,0.0,0.0,0.0,-0.13247539799064598,0.0,0.0,0.25776925619207786,0.0019382454750797088,-0.0001086760275771059,0.0,0.0,0.0,0.0,-1.5656715862275088e-05,0.0,0.0,-0.0026311068129942746,0.0,0.0,0.0,0.0,-0.0008705011614950524,0.0,0.0,-8.183519015155453e-05,0.0,0.0,0.0,0.0,0.0,0.0,0.0004896100639373829,0.0010441346240302797
0.0,-4.4068066813240537e-07,0.0,0.0,0.024681325882075545,0.0,0.0,0.2843647628661153,-0.2843647628661153,0.005686620403835455,0.0,0.0,0.0,-0.13425808804518455,0.0,0.0,0.2597731140930063,0.0018548601646688723,-0.00010400067328878442,0.0,0.0,0.0,0.0,-1.498314787051368e-05,0.0,0.0,-0.002517913896438351,0.0,0.0,0.0,0.0,-0.0008330513077497349,0.0,0.0,-7.831455624782437e-05,0.0,0.0,0.0,0.0,0.0,0.0,0.0004685465362848758,0.0009992148804503875
0.0,-3.894120795639237e-07,0.0,0.0,0.025720711077946753,0.0,0.0,0.2867565082705529,-0.2867565082705529,0.0,0.0,0.0,0.0013928026803766813,-0.13302219108214217,0.0,0.0,0.2600007991631872,0.0013605060403758147,-9.190128224382544e-05,0.0,0.0,0.0,0.0,-1.3240015259569904e-05,0.0,0.0,-0.0027821020106845156,0.0,0.0,0.0,0.0,-0.0007361344973653402,0.0,0.0,-6.920347638083423e-05,0.0,0.0,0.0,0.0,0.0,0.0,0.0004140360452851685,0.0008829666755667469
0.0,-3.94590866919218e-07,0.0,0.0,0.025914178490449226,0.0,0.0,0.28655809439629576,-0.28655809439629576,0.0,0.0,0.0,0.0012627334821731344,-0.13334247921769413,0.00044577620140089894,0.0,0.259446561380842,0.001452895430180039,-9.312347647815074e-05,0.0,0.0,0.0,0.0,-1.3416094090218784e-05,0.0,0.0,-0.0027819531407437177,0.0,0.0,0.0,0.0,-0.0007459243426906846,0.0,0.0,-7.012381272177365e-05,0.0,0.0,0.0,0.0,0.0,0.0,0.0004195423065145583,0.0008947092405629123
0.0,-4.159504033001525e-07,0.0,0.0,0.02465476220448131,0.0,0.0,0.2843219082254047,-0.2843219082254047,0.0,0.0,0.0,0.0,-0.13701085656971218,0.005794251684756987,0.0,0.25574280506493524,0.00020045557461421883,-9.816432879002489e-05,0.0,0.0,0.0,0.0,-1.4142318576982526e-05,0.0,0.0,-0.002932542610245898,0.0,0.0,0.0,0.0,-0.0007863018563911934,0.002662172620827785,0.0,-7.391967383912486e-05,0.0,0.0,0.0,0.0,0.0,0.0,0.0004422524853620923,0.0009431406062540858
0.0,-4.1137004315054635e-07,0.0,0.0,0.026086662506364704,0.0,0.0,0.2861956339945042,-0.2861956339945042,0.001394195790471626,0.0,0.0,0.0010840626971071975,-0.1330872655662887,0.0,0.0,0.25932543382081896,0.0015146768613089894,-9.708336342459835e-05,0.0,0.0,0.0,0.0,-1.398658627832599e-05,0.0,0.0,-0.0027840670726268987,0.0,0.0,0.0,0.0,-0.0007776432623376694,0.0,0.0,-7.310568561928343e-05,0.0,0.0,0.0,0.0,0.0,0.0,0.00043738249210341265,0.000932754936198023
0.0,-4.822347938815305e-07,0.0,0.0,0.026344457161166256,0.0,0.0,0.28410002385511096,-0.28410002385511096,0.0067176032159781095,0.0,0.0,0.0,-0.13328021164757292,0.0,0.0,0.25768425873543455,0.001352000004633809,-0.00011380745032339072,0.0,0.0,0.0,0.0,-1.639598863198315e-05,0.0,0.0,-0.0028400619991872196,0.0,0.0,0.0,0.0,-0.0009116041495260955,0.0008472059969663045,0.0,-8.569925259064479e-05,0.0,0.0,0.0,0.0,0.0,0.0,0.0005127282830599552,0.0010934361699128901
0.0,-5.10414573631244e-07,0.0,0.0,0.02698720363371586,0.0,0.0,0.2824684705927759,-0.2824684705927759,0.009800291278083397,0.0,0.0,0.0,-0.13083107319767773,-0.002690139491421408,0.0,0.25719921839000315,0.0018793617990097732,-0.00012045788062141166,0.0,0.0,0.0,0.0,-1.7354101473052017e-05,0.0,0.0,-0.0027818450254776922,0.0,0.0,0.0,0.0,-0.0009648744744352541,0.0,0.0,-9.070715764718602e-05,0.0,0.0,0.0,0.0,0.0,0.0,0.0005426899744837139,0.0011573319958247908
0.0,-4.1252031131358124e-07,0.0,0.0,0.02755769995538208,0.0,0.0,0.28699589092051225,-0.28699589092051225,0.0,0.0,0.0,0.0010870939406991374,-0.13206130841637365,0.0,0.0,0.2586524623788347,0.001518912183252964,-9.735482680402287e-05,0.0,0.0,0.0,0.0,-1.4025695409322219e-05,0.0,0.0,-0.002791851848817382,0.0,0.0,0.0,0.0,-0.0007798176994454738,0.0,0.0,-7.331010289298832e-05,0.0,0.0,0.0,0.0,0.0,0.0,0.00043860549597574686,0.0009353630947766232
0.0,-4.6419361037537466e-07,0.0,0.0,0.03198825736078593,0.0,0.0,0.2877156352137487,-0.2877156352137487,0.0,0.0,0.0,0.0,-0.12952068037719477,0.0,0.0,0.255821839770604,0.0019538280184335393,-0.00010954972955810637,0.0,0.0,0.0,0.0,-1.5782588181771913e-05,0.0,0.0,-0.0026522596218150236,0.0,0.0,0.0,0.0,-0.0008774995640518796,0.0,0.0,-8.249310495894142e-05,0.0,0.0,0.0,0.0,0.0,0.0,0.0004935462888097573,0.0010525289544984153
0.0,-4.888019489702889e-07,0.0,0.0,0.033512305114366585,0.0,0.0,0.2879689460918478,-0.2879689460918478,0.0,0.0,0.0,0.0,-0.1282861594663886,0.0,0.0,0.2543843619351162,0.0013704117696559188,-0.00011535729945500166,0.0,0.0,0.0,0.0,-1.6619271981807564e-05,0.0,0.0,-0.002878738444452041,0.0,0.0,0.0,0.0,-0.000924018529213025,0.0008587433917059522,0.0,-8.686631952545352e-05,0.0,0.0,0.0,0.0,0.0,0.0,0.0005197107036483682,0.0011083267688464047
0.0,-5.206190095074037e-07,0.0,0.0,0.037522966922720356,0.0,0.0,0.2881157062794343,-0.2881157062794343,0.0,0.0,0.0,0.0,-0.1234504833092969,-0.002743921960332586,0.0,0.25234503683912396,0.001916934838567916,-0.00012286612831276255,0.0,0.0,0.0,0.0,-1.7701052412188148e-05,0.0,0.0,-0.002837460912339907,0.0,0.0,0.0,0.0,-0.0009841646754043807,0.0,0.0,-9.252061561162914e-05,0.0,0.0,0.0,0.0,0.0,0.0,0.0005535396745733017,0.0011804698934259558
0.0,-6.936290742493966e-08,0.0,0.0,0.0,0.0,0.0,0.2819580647460782,-0.2819580647460782,0.0,0.0,0.0,0.00249962259679332,-0.14948178105398213,0.004633668060519813,0.0,0.2771922809625318,0.00025539630962195423,-1.6369651757208284e-05,0.0,0.0,0.0,0.0,-2.358339663686735e-06,0.0,0.0,-0.0016278507763841017,0.0,0.0,0.0,0.0,-0.00013112184154696923,0.0,0.0,-1.2326670325849092e-05,0.0,0.0,0.0,0.0,0.0,0.0,7.374898054488566e-05,0.00015727590126435548
0.0,-6.950688451196783e-08,0.0,0.0,0.0,0.0,0.0,0.28190464799245835,-0.28190464799245835,0.0,0.0,0.0,0.0023850587424174966,-0.14959247423293312,0.004802955984082464,0.0,0.27712897183715257,0.0002958438839236798,-1.6403630361381107e-05,0.0,0.0,0.0,0.0,-2.3632348863295862e-06,0.0,0.0,-0.0015913122716364578,0.0,0.0,0.0,0.0,-0.0001313940120988183,0.0,0.0,-1.2352256884316132e-05,0.0,0.0,0.0,0.0,0.0,0.0,7.390206183551118e-05,0.000157602359986523
0.0,-6.705463607350454e-08,0.0,0.0,0.0,0.0,0.0,0.28116251648634516,-0.28116251648634516,0.0,0.0,0.0,0.0,-0.15121749062389495,0.007701387625085146,0.0,0.276555329315644,0.0010523770867722467,-1.582489953174797e-05,0.0,0.0,0.0,0.0,-2.27985841074139e-06,0.0,0.0,-0.0007681989628300142,0.0,0.0,0.0,0.0,-0.00012675834523998686,0.0,0.0,-1.191646116611147e-05,0.0,0.0,0.0,0.0,0.0,0.0,7.129474866059619e-05,0.00015204204543799028
0.0,-2.506313273614413e-07,0.0,0.0,0.0,0.0,0.0,0.27689168554151933,-0.27689168554151933,0.01720032318076872,0.0,0.0,0.0,-0.1481005155563607,0.0001184106684213997,0.0,0.27687164181537277,0.0010667683617266595,-5.91490135097553e-05,0.0,0.0,0.0,0.0,-8.521468061565408e-06,0.0,0.0,-0.0014379509075253276,0.0,0.0,0.0,0.0,-0.00047378696212462104,0.0,0.0,-4.454037266326622e-05,0.0,0.0,0.0,0.0,0.0,0.0,0.00026647967295084703,0.0005682903061482602
0.0,-3.7751460054488736e-07,0.0,0.0,0.024415023367297825,0.0,0.0,0.285950061367831,-0.285950061367831,0.0,0.0,0.0,0.0007465216432915437,-0.1349687071357847,0.0016713999056855845,0.0,0.26001180375837674,0.001606824797964665,-8.909347623394801e-05,0.0,0.0,0.0,0.0,-1.2835500833774862e-05,0.0,0.0,-0.002539181052657952,0.0,0.0,0.0,0.0,-0.0007136438115412109,0.0,0.0,-6.708914312952018e-05,0.0,0.0,0.0,0.0,0.0,0.0,0.00040138624467440844,0.0008559899122654451
0.0,-3.893342217472279e-07,0.0,0.0,0.023639645361396854,0.0,0.0,0.28463762409721227,-0.28463762409721227,0.0,0.0,0.0,0.0,-0.13714139625379076,0.004803307927493996,0.0,0.25788726444150606,0.0008872384239123459,-9.188290779279387e-05,0.0,0.0,0.0,0.0,-1.3237368092891656e-05,0.0,0.0,-0.002618680383712325,0.0,0.0,0.0,0.0,-0.000735987316967589,0.001539789044391232,0.0,-6.918964005715161e-05,0.0,0.0,0.0,0.0,0.0,0.0,0.00041395326423082797,0.0008827901380087653
0.0,-4.3724865210515677e-07,0.0,0.0,0.02481963271289841,0.0,0.0,0.28450512193020827,-0.28450512193020827,0.005187861584565272,0.0,0.0,0.0,-0.13427636401286172,0.0002065779474066379,0.0,0.2596505211535286,0.001861072329560541,-0.00010319071722902708,0.0,0.0,0.0,0.0,-1.4866459285447844e-05,0.0,0.0,-0.0025086333090440552,0.0,0.0,0.0,0.0,-0.0008265635136474113,0.0,0.0,-7.770464337520287e-05,0.0,0.0,0.0,0.0,0.0,0.0,0.0004648975011936465,0.0009914330063352727
0.0,-3.9320545441818513e-07,0.0,0.0,0.025712544220271083,0.0,0.0,0.28595986104530396,-0.28595986104530396,0.0,0.0,0.0,0.0,-0.13464083559912338,0.00230635997455936,0.0,0.25894351689485107,0.0018856691919496831,-9.279651901595768e-05,0.0,0.0,0.0,0.0,-1.3368990048980476e-05,0.0,0.0,-0.0023619731153019397,0.0,0.0,0.0,0.0,-0.0007433053948238552,0.0,0.0,-6.98776073102715e-05,0.0,0.0,0.0,0.0,0.0,0.0,0.00041806928925824043,0.0008915679074237465
0.0,-4.24061962979875e-07,0.0,0.0,0.028210282114919882,0.0,0.0,0.2864819527770904,-0.2864819527770904,0.0,0.0,0.0,0.0,-0.13292757361030158,0.001687408348525633,0.0,0.2573455209085831,0.001953651540865935,-0.00010007865752990014,0.0,0.0,0.0,0.0,-1.4418111700962409e-05,0.0,0.0,-0.002507330140309201,0.0,0.0,0.0,0.0,-0.0008016357384689353,0.0,0.0,-7.536120110077533e-05,0.0,0.0,0.0,0.0,0.0,0.0,0.0004508769689545064,0.0009615330425957789
0.0,-2.327619897919241e-07,0.0,0.0,0.0,0.0,0.0,0.2775521326514428,-0.2775521326514428,0.015549258787472394,0.0,0.0,0.0006133859152829176,-0.1478722746285146,0.0,0.0,0.2771087902409803,0.0008570366413410489,-5.493184839940381e-05,0.0,0.0,0.0,0.0,-7.913910375209722e-06,0.0,0.0,-0.0015752848374077178,0.0,0.0,0.0,0.0,-0.0004400072297528911,0.0,0.0,-4.136476423884845e-05,0.0,0.0,0.0,0.0,0.0,0.0,0.0002474803910912968,0.0005277727402679071
0.0,-2.850387835603711e-07,0.0,0.0,0.0,0.0,0.0,0.27528973979101445,-0.27528973979101445,0.02054381544259795,0.0,0.0,0.0,-0.14690615526990924,-0.0015022966189763506,0.0,0.2762491222447874,0.0010495213670105618,-6.72691759530234e-05,0.0,0.0,0.0,0.0,-9.691321974743856e-06,0.0,0.0,-0.0015535091728953977,0.0,0.0,0.0,0.0,-0.0005388299251035374,0.0,0.0,-5.0655014985234443e-05,0.0,0.0,0.0,0.0,0.0,0.0,0.0003030628398338071,0.000646306985160115
0.0,-2.7207282985142436e-07,0.0,0.0,0.0,0.0,0.0,0.27631020585504024,-0.27631020585504024,0.01865333742330125,0.0,0.0,0.0,-0.14807057707413707,0.0,0.0,0.27626997450236945,0.0007627870736142409,-6.420920982998822e-05,0.0,0.0,0.0,0.0,-9.250479396995438e-06,0.0,0.0,-0.0016023391818181182,0.0,0.0,0.0,0.0,-0.0005143194224322124,0.00047798652437830213,0.0,-4.8350800200071904e-05,0.0,0.0,0.0,0.0,0.0,0.0,0.000289277000927591,0.0006169075246843089
0.0,-2.5320075655140575e-07,0.0,0.0,0.0,0.0,0.0,0.27683541621996804,-0.27683541621996804,0.017448432687305566,0.0,0.0,0.0,-0.1480457531137956,0.0,0.0,0.2768869417655108,0.0010657422277714108,-5.975539900621158e-05,0.0,0.0,0.0,0.0,-8.608828684075138e-06,0.0,0.0,-0.001446711302792924,0.0,0.0,0.0,0.0,-0.0004786441444374768,0.0,0.0,-4.49969928905048e-05,0.0,0.0,0.0,0.0,0.0,0.0,0.0002692115766494803,0.0005741163204632441
0.0,-6.092884434369794e-08,0.0,0.0,0.0,0.0,0.0,0.28267118662503593,-0.28267118662503593,0.0,0.0,0.0,0.0028687108065369006,-0.14813143942666948,0.0031728778419256704,0.0,0.27848489009994226,0.0,-1.437921218851435e-05,0.0,0.0,0.0,0.0,-2.071581420283335e-06,0.0,0.0,-0.0016542569050779017,0.0,0.0,0.0,0.0,-0.00011517830740182909,0.0,0.0,-1.0827830110386884e-05,0.0,0.0,0.0,0.0,0.0,0.0,6.478160046835226e-05,0.0001381522093421541
0.0,-1.4365854129147235e-07,0.0,0.0,0.007481038043260091,0.0,0.0,0.2849515594276504,-0.2849515594276504,0.0,0.0,0.0,0.0030233514291115766,-0.14166674720251526,0.0,0.0,0.27508107429558304,0.0,-3.390342735322523e-05,0.0,0.0,0.0,0.0,-4.884392084078683e-06,0.0,0.0,-0.002030161323761626,0.0,0.0,0.0,0.0,-0.0002715683812486261,0.0,0.0,-2.5529948840576576e-05,0.0,0.0,0.0,0.0,0.0,0.0,0.0001527426020640262,0.00032573644033576343
0.0,-1.1732676215602078e-07,0.0,0.0,0.0,0.0,0.0,0.28160004441594794,-0.28160004441594794,0.0061098070695349725,0.0,0.0,0.002469188611053339,-0.14624908774291157,0.0,0.0,0.279648569148605,0.0,-2.7689125349499208e-05,0.0,0.0,0.0,0.0,-3.989111285508145e-06,0.0,0.0,-0.0016580445035151682,0.0,0.0,0.0,0.0,-0.0002217914687801754,0.0,0.0,-2.0850456983245948e-05,0.0,0.0,0.0,0.0,0.0,0.0,0.00012474576716672755,0.0002660308361567053
0.0,-3.3182885552251806e-07,0.0,0.0,0.021336722556307846,0.0,0.0,0.28627061527288555,-0.28627061527288555,0.0,0.0,0.0,0.0017049772449647185,-0.1353771729649275,0.0,0.0,0.2630800535528415,0.0,-7.831163671699746e-05,0.0,0.0,0.0003912783959808075,0.0,-1.1282184968693446e-05,0.0,0.0,-0.0028566507325010868,0.0,0.0,0.0,0.0,-0.0006272806638277044,0.0,0.0,-5.897020552456242e-05,0.0,0.0,0.0,0.0008305254221223587,0.0,0.0,0.0003528116210619345,0.0007524004436275837
0.0,-3.381353974760762e-07,0.0,0.0,0.021609330686867857,0.0,0.0,0.28612929718914143,-0.28612929718914143,0.0,0.0,0.0,0.0020031908959001017,-0.13495971002747362,-0.00026580986703810753,0.0,0.2628967042405494,0.0,-7.97999811276421e-05,0.0,0.0,0.0,0.0,-1.149660746887303e-05,0.0,0.0,-0.0028444900712652605,0.0,0.0,0.0,0.0,-0.0006392023872018091,0.0,0.0,-6.0090958192575525e-05,0.0,0.0,0.0,0.0012450246950993869,0.0,0.0,0.0003595169489829385,0.0007667001191520081
0.0,-3.5144749258266014e-07,0.0,0.0,0.020802423736607685,0.0,0.0,0.28606670023702896,-0.28606670023702896,0.0,0.0,0.0,0.0019439174863018374,-0.1352309449835646,0.0,0.0,0.26357710782200044,0.0,-8.294163664848989e-05,0.0,0.0,0.0,0.0,-1.1949218858189432e-05,0.0,0.0,-0.002749269232696988,0.0,0.0,0.0,0.0,-0.0006643672265954369,0.0,0.0,-6.245668670392406e-05,0.0,0.0,0.0,0.0010177656601191721,0.0,-0.0005525491384313451,0.0003736708170872927,0.0007968844328339346
0.0,-3.4172331794954176e-07,0.0,0.0,0.0218386251072924,0.0,0.0,0.2862104523620697,-0.2862104523620697,0.0,0.0,0.0,0.001890131377400447,-0.13511575969273038,0.0,0.0,0.26273134072151544,0.0002686303486295465,-8.064673064930462e-05,0.0,0.0,0.0,0.0,-1.1618596806933635e-05,0.0,0.0,-0.0028075150803088056,0.0,0.0,0.0,0.0,-0.000645984899026504,0.0,0.0,-6.072857726700135e-05,0.0,0.0,0.0,0.0009896051774767696,0.0,0.0,0.00036333174693500744,0.0007748354965039418
0.0,-3.397277401191626e-07,0.0,0.0,0.02160426840872835,0.0,0.0,0.2861770335467582,-0.2861770335467582,0.0,0.0,0.0,0.0019325058108078902,-0.13519911907364685,0.0,0.0,0.26283503398549674,0.0,-8.017577412008096e-05,0.0,0.0,0.0,0.0,-1.1550747137361324e-05,0.0,0.0,-0.0028445322246952367,0.0,0.0,0.0,0.0,-0.0006422125104432721,0.00010682464610836313,0.0,-6.037393772062311e-05,0.0,0.0,0.0,0.0011974754255098835,0.0,0.0,0.0003612099813393583,0.0007703106529893344
0.0,-3.227367027669572e-07,0.0,0.0,0.020371536332031374,0.0,0.0,0.2860379104476464,-0.2860379104476464,0.0,0.0,0.0,0.0020388179703361674,-0.135853951745207,0.0,0.0,0.2638633303802462,0.0,-7.616588793198678e-05,0.0,0.0,0.0,0.0,-1.0973051668666461e-05,0.0,0.0,-0.0027783781398771396,0.0,0.0,0.0,0.0,-0.0006100930940271508,0.0,0.0,-5.735441440895296e-05,0.0,0.0,0.0,0.0011883262384212278,0.0,0.0,0.00034314453786755424,0.0007317845759808669
0.0,-3.5275341366782595e-07,0.0,0.0,0.022765370010696985,0.0,0.0,0.2863532338018073,-0.2863532338018073,0.0,0.0,0.0,0.001562919139881899,-0.13459650617939986,0.0,0.0,0.26211626679940786,0.0,-8.324983413011497e-05,0.0,0.0,0.0,0.0,-1.1993620190358564e-05,0.0,0.0,-0.0027872151810428387,0.0,0.0,0.0,0.0,-0.0006668359059510026,0.0,0.0,-6.268876548040607e-05,0.0,0.0,0.0,0.0014652293660638615,0.0,0.0,0.00037505931639158254,0.0007998455243347751
0.0,-5.271596502281928e-07,0.0,0.0,0.02119731211805396,0.0,0.0,0.2774384009401498,-0.2774384009401498,0.01873808101556795,0.0,0.0,0.0,-0.13076796412455857,-0.0066604297491224635,0.0,0.25995641844243156,0.0,-0.00012440972005139022,0.0,0.0,0.0,0.0,-1.7923434273191502e-05,0.0,0.0,-0.002873108501167786,0.0,0.0,0.0,0.0,-0.0009965289330176451,0.0,0.0,-9.368297060622387e-05,0.0,0.0,0.0,0.0019410176742601809,0.0,0.0,0.0005604939041922164,0.0011953003727469334
0.0,-4.5834501837418623e-07,0.0,0.0,0.021325740324088113,0.0,0.0,0.28224150005040793,-0.28224150005040793,0.009777179342040308,0.0,0.0,0.0,-0.13601713967860526,0.0,0.0,0.260526728767386,0.0,-0.00010816946137322597,0.0,0.0,0.0,0.0,-1.5583735985328888e-05,0.0,0.0,-0.0028599939180473963,0.0,0.0,0.0,0.0,-0.0008664435373926373,0.0014477468042271683,0.0,-8.145373581849611e-05,0.0,0.0,0.0,0.0009637667296535104,0.0,0.0,0.0004873278687099745,0.0010392676508382448
0.0,-4.19313332937468e-07,0.0,0.0,0.027872148941452488,0.0,0.0,0.28693736842407375,-0.28693736842407375,0.0005821123387332518,0.0,0.0,0.0,-0.13176168298445606,0.0,0.0,0.25870931757146914,0.0,-9.895798045617543e-05,0.0,0.0,0.0,0.0,-1.4256658223982632e-05,0.0,0.0,-0.0026164429281050994,0.0,0.0,0.0,0.0,-0.0007926590513734663,0.0,0.0,-7.451730918209363e-05,0.0,0.0,0.0,0.0022061541781388068,0.0,0.0,0.00044582806547549195,0.0009507658314534441
0.0,-4.0317667792662784e-07,0.0,0.0,0.025126333682164853,0.0,0.0,0.28593418747514016,-0.28593418747514016,0.0022329073308376885,0.0,0.0,0.0,-0.13338381590773118,0.0,0.0,0.26046564824181667,0.0,-9.514972856968247e-05,0.0,0.0,0.0,0.0,-1.3708011764886679e-05,0.0,0.0,-0.0025157529820196488,0.0,0.0,0.0,0.0,-0.0007621547371804785,0.0,0.0,-7.164962047259372e-05,0.0,0.0,0.0,0.0021212535893023947,0.0,0.0,0.0004286710300997503,0.000914177011081861
0.0,-4.823305299571314e-07,0.0,0.0,0.023272713465781903,0.0,0.0,0.28099131603150074,-0.28099131603150074,0.011881614754971608,0.0,0.0,0.0,-0.13169708703218033,-0.003878034036233178,0.0,0.2597329846204826,0.0,-0.00011383004404496855,0.0,0.0,0.0,0.0,-1.639924365967327e-05,0.0,0.0,-0.0027672822491133326,0.0,0.0,0.0,0.0,-0.0009117851265208797,0.0,0.0,-8.571626610818656e-05,0.0,0.0,0.0,0.002052955449224819,0.0,0.0,0.0005128300728816199,0.0010936532452653028
0.0,-5.375760976573139e-07,0.0,0.0,0.017293903581040732,0.0,0.0,0.2829201923698927,-0.2829201923698927,0.006759191644916703,0.0,0.0,0.0,-0.13489541189727638,0.0,0.0,0.2657102860475455,0.0,-0.00012686800248637176,0.0,0.0,0.0,0.0,-1.8277593607607918e-05,0.0,0.0,-0.002003688615223003,0.0,0.0,0.0,0.0,-0.0010162199151288198,0.0,0.0,-9.553410571852092e-05,0.0,0.0,0.0,0.0001269888040755021,0.0,-0.004322219462172054,0.0005715690221092154,0.0012189189928164658
0.0,-4.43556036424969e-07,0.0,0.0,0.023184962490030412,0.0,0.0,0.28366360314867545,-0.28366360314867545,0.006914388905318192,0.0,0.0,0.0,-0.13485500895346128,0.0,0.0,0.26010216219095406,0.0,-0.00010467926043817576,0.0,0.0,0.0,0.0,-1.5080910426089918e-05,0.0,0.0,-0.0027677132195925397,0.0,0.0,0.0,0.0,-0.0008384868294088393,0.0008915698361378837,0.0,-7.882554574240672e-05,0.0,0.0,0.0,0.0014421336884852297,0.0,0.0,0.0004716037247468377,0.0010057345918706342
0.0,-3.6434866138114346e-07,0.0,0.0,0.021974177673855018,0.0,0.0,0.2854945189045853,-0.2854945189045853,0.003116405282016466,0.0,0.0,0.0,-0.13536852958478865,0.0,0.0,0.26211255328749344,0.0,-8.598631352742071e-05,0.0,0.0,0.0014647180948898796,0.0,-1.2387858748224396e-05,0.0,0.0,-0.0028227421364396474,0.0,0.0,0.0,0.0,-0.000688755261551959,0.0,0.0,-6.474938838701203e-05,0.0,0.0,0.0,8.606818825638309e-05,0.0,0.0,0.0003873877744936014,0.0008261369977201564
0.0,-4.397011311480703e-07,0.0,0.0,0.024751106651309675,0.0,0.0,0.2844389865450334,-0.2844389865450334,0.005528564653205659,0.0,0.0,0.0,-0.13419855871897274,0.0,0.0,0.25975658400802837,0.001767642567135443,-0.00010376950248132912,0.0,0.0,0.0,0.0,-1.4949843601590045e-05,0.0,0.0,-0.002522703954172781,0.0,0.0,0.0,0.0,-0.0008311996164349156,0.0,0.0,-7.814048007474957e-05,0.0,0.0,0.0,0.00010386831006525361,0.0,0.0,0.00046750505955498383,0.0009969938437644644
0.0,-3.580552611415685e-07,0.0,0.0,0.023034035348269574,0.0,0.0,0.28632083950926546,-0.28632083950926546,0.000183739572124254,0.0,0.0,0.0014394179958738804,-0.13446972480995056,0.0,0.0,0.2619033329613575,0.0,-8.450107056233803e-05,0.0,0.0,0.0,0.0,-1.2173883066473942e-05,0.0,0.0,-0.0027739848664928147,0.0,0.0,0.0,0.0,-0.0006768583809331905,0.0,0.0,-6.363097116861893e-05,0.0,0.0,0.0,0.0015239995269416818,0.0,0.0,0.0003806964192857499,0.000811867120181249
0.0,-5.056081322058641e-07,0.0,0.0,0.0264941612775795,0.0,0.0,0.2819624055290712,-0.2819624055290712,0.010356738938558234,0.0,0.0,0.0,-0.12965971601444895,-0.004065190619106973,0.0,0.25757984176606047,0.0,-0.00011932356005663384,0.0,0.0,0.0,0.0,-1.7190682408375023e-05,0.0,0.0,-0.0029008331887782216,0.0,0.0,0.0,0.0,-0.0009557885022005196,0.0,0.0,-8.985299191090577e-05,0.0,0.0,0.0,0.0021520324875074076,0.0,0.0,0.0005375796039942119,0.0011464337011149132
0.0,-5.666521845460619e-07,0.0,0.0,0.020580911209697447,0.0,0.0,0.28411285319285623,-0.28411285319285623,0.004773153106554421,0.0,0.0,0.0,-0.13278505012526723,0.0,0.0,0.263620482434161,0.0,-0.00013372996134163162,0.0,0.0,0.0,0.0,-1.9266180901886778e-05,0.0,0.0,-0.0021120628984697956,0.0,0.0,0.0,0.0,-0.0010711845958114741,0.0,0.0,-0.00010070129594668702,0.0,0.0,0.0,0.00013385729677316518,0.0,-0.004555997022562145,0.0006024836974866877,0.001284847137129291
0.0,-4.6316542565518624e-07,0.0,0.0,0.02613211005843093,0.0,0.0,0.2846713160986005,-0.2846713160986005,0.005297918519998495,0.0,0.0,0.0,-0.13312827289608012,0.0,0.0,0.25814608364881736,0.0,-0.00010930707788105865,0.0,0.0,0.0,0.0,-1.5747629889260302e-05,0.0,0.0,-0.0028900724286747693,0.0,0.0,0.0,0.0,-0.0008755559103186874,0.0009309856900707073,0.0,-8.231038346484094e-05,0.0,0.0,0.0,0.0015058896933576814,0.0,0.0,0.0004924530881677892,0.0010501976122214373
0.0,-3.774762904529854e-07,0.0,0.0,0.024332455406476376,0.0,0.0,0.28638176590774805,-0.28638176590774805,0.0016621513627182389,0.0,0.0,0.0,-0.1339797552189659,0.0,0.0,0.26059079939121826,0.0,-8.908443504916347e-05,0.0,0.0,0.001517492478008622,0.0,-1.2834198290202135e-05,0.0,0.0,-0.0029244466729464367,0.0,0.0,0.0,0.0,-0.0007135713911368982,0.0,0.0,-6.708233493922713e-05,0.0,0.0,0.0,8.916925975759907e-05,0.0,0.0,0.0004013455120937362,0.0008559030466126764
0.0,-4.589637535679956e-07,0.0,0.0,0.027740129083599813,0.0,0.0,0.2854715262214838,-0.2854715262214838,0.003866047508303356,0.0,0.0,0.0,-0.13245872893385802,0.0,0.0,0.25780311107253884,0.0018450802377077559,-0.00010831548292896236,0.0,0.0,0.0,0.0,-1.5604772989154868e-05,0.0,0.0,-0.002633219689303148,0.0,0.0,0.0,0.0,-0.000867613178358596,0.0,0.0,-8.15636929272194e-05,0.0,0.0,0.0,0.00010841861911940282,0.0,0.0,0.0004879857288179878,0.0010406705928264488
0.0,-4.149983544599809e-07,0.0,0.0,0.024464999932649396,0.0,0.0,0.28424890592868424,-0.28424890592868424,0.0,0.0,0.0,0.0,-0.13715280719943979,0.005914320675544764,0.0,0.2557352161006727,0.0,-9.793964518681334e-05,0.0,0.0,0.0,0.0,-1.4109948905281936e-05,0.0,0.0,-0.00295916324832161,0.0,0.0,0.0,0.0,-0.0007845021279513057,0.0027894104765006098,0.0,-7.37504826586715e-05,0.0,0.0,0.0,0.00013333117433747055,0.0,0.0,0.00044124023495336224,0.000940981897155167
0.0,-3.7348952410174434e-07,0.0,0.0,0.024528378640519804,0.0,0.0,0.2863611634918327,-0.2863611634918327,0.0,0.0,0.0,0.0018828067271766079,-0.13274398701307868,-0.0009532620063085321,0.0,0.26069946066868155,0.0,-8.814355786811688e-05,0.0,0.0,0.0,0.0,-1.2698648187632431e-05,0.0,0.0,-0.0029769839060849227,0.0,0.0,0.0,0.0,-0.0007060349114073265,0.0,0.0,-6.637383588256464e-05,0.0,0.0,0.0,0.001375199651791822,0.0,0.0,0.00039710664776422614,0.0008468633120585796
0.0,-3.8810309971142033e-07,0.0,0.0,0.025488103860947547,0.0,0.0,0.286669491229537,-0.286669491229537,0.0,0.0,0.0,0.0014611953535900335,-0.13323271712894608,0.0,0.0,0.2600037194559084,0.0009905604189976824,-9.159236289286153e-05,0.0,0.0,0.0,0.0,-1.3195509929275524e-05,0.0,0.0,-0.002845824657137255,0.0,0.0,0.0,0.0,-0.0007336600357953165,0.0,0.0,-6.897085402251616e-05,0.0,0.0,0.0,0.0004384468573538725,0.0,0.0,0.000412644293796372,0.0008799986485090269
0.0,-3.798749124317253e-07,0.0,0.0,0.0245599058815702,0.0,0.0,0.28653843308276566,-0.28653843308276566,0.0,0.0,0.0,0.0016241284028505926,-0.13357527341455122,0.0,0.0,0.2604380032615053,0.0,-8.965051002996856e-05,0.0,0.0,0.0,0.0,-1.2915751465532545e-05,0.0,0.0,-0.0029794021325026,0.0,0.0,0.0,0.0,-0.000718105683926856,0.00038782380527738414,0.0,-6.750860055388953e-05,0.0,0.0,0.0,0.001204798940876819,0.0,0.0,0.0004038958078095847,0.0008613417666361564
0.0,-4.3219942276589067e-07,0.0,0.0,0.02176541731964118,0.0,0.0,0.28614767436129146,-0.28614767436129146,0.0,0.0,0.0,0.0016272165536410186,-0.13347867697412408,0.0,0.0,0.2630707823524526,0.0,-0.00010199909869695347,0.0,0.0,0.0,0.0,-1.4694785428859177e-05,0.0,0.0,-0.002617613603731281,0.0,0.0,0.0,0.0,-0.0008170185814359983,0.0,0.0,-7.680733114053205e-05,0.0,0.0,0.0,0.0004882632444903567,0.0,-0.002206216037047226,0.0004595289904127055,0.0009799842057514325
0.0,-5.633516523754133e-07,0.0,0.0,0.025637595958874076,0.0,0.0,0.2785759298420592,-0.2785759298420592,0.017039550708836587,0.0,0.0,0.0,-0.1278058504575978,-0.007117699738730557,0.0,0.2569087384462609,0.0,-0.00013295103548265655,0.0,0.0,0.0,0.0,-1.915396276948312e-05,0.0,0.0,-0.0030703609824577534,0.0,0.0,0.0,0.0,-0.00106494535538216,0.0,0.0,-0.00010011474942668322,0.0,0.0,0.0,0.002074277713802677,0.0,0.0,0.0005989744604624996,0.0012773633941452979
0.0,-4.854618204336198e-07,0.0,0.0,0.025159702083421522,0.0,0.0,0.28350591550876664,-0.28350591550876664,0.0077833416862666364,0.0,0.0,0.0,-0.13377512617130524,0.0,0.0,0.25793416645208694,0.0,-0.00011456902885044614,0.0,0.0,0.0,0.0,-1.6505707572496104e-05,0.0,0.0,-0.0030291980892675173,0.0,0.0,0.0,0.0,-0.0009177044368401589,0.0015333990136951808,0.0,-8.62727362278959e-05,0.0,0.0,0.0,0.0010207855050122648,0.0,0.0,0.0005161593664335207,0.0011007532436663667
0.0,-5.832275222559522e-07,0.0,0.0,0.04418285879345557,0.0,0.0,0.2884044959074004,-0.2884044959074004,0.0,0.0,0.0,0.0,-0.11467429673727102,-0.007368822591142959,0.0,0.24833212335448807,0.0,-0.0001376417423805485,0.0,0.0,0.0,0.0,-1.982974257788108e-05,0.0,0.0,-0.003178687806593784,0.0,0.0,0.0,0.0,-0.0011025181844032679,0.0,0.0,-0.00010364694414793253,0.0,0.0,0.0,0.002147461264009377,0.0,0.0,0.0006201071550906589,0.0013224306421158007
0.0,-4.931383489709038e-07,0.0,0.0,0.033463966744387015,0.0,0.0,0.2879889482814529,-0.2879889482814529,0.0,0.0,0.0,0.0,-0.12798407201075757,0.0,0.0,0.25410641893226715,0.0,-0.00011638069020555286,0.0,0.0,0.0,0.0,-1.6766709632545138e-05,0.0,0.0,-0.003077098304276346,0.0,0.0,0.0,0.0,-0.0009322159473270249,0.0015576464020421363,0.0,-8.763695292582583e-05,0.0,0.0,0.0,0.00103692701960691,0.0,0.0,0.0005243213102557435,0.0011181592750613076
0.0,-3.787353213138481e-07,0.0,0.0,0.02608130893557209,0.0,0.0,0.28733696095015326,-0.28733696095015326,0.0,0.0,0.0,0.0,-0.13275893474484599,0.0,0.0,0.2597922762003201,0.0,-8.9381566434064e-05,0.0,0.0,0.0015225539081149925,0.0,-1.2877005354196552e-05,0.0,0.0,-0.0029342008448118226,0.0,0.0,0.0,0.0,-0.0007159514304283513,0.0,0.0,-6.730608072682577e-05,0.0,0.0,0.0,8.946667406603252e-05,0.0,0.0,0.000402684156131454,0.0008587578175661013
0.0,-5.163025537304587e-07,0.0,0.0,0.037630355757631455,0.0,0.0,0.2879263618556059,-0.2879263618556059,0.0,0.0,0.0,0.0,-0.1218264260568678,-0.004151175909471837,0.0,0.25245226728085207,0.0,-0.00012184744440060903,0.0,0.0,0.0,0.0,-1.75542928652886e-05,0.0,0.0,-0.002962190455240654,0.0,0.0,0.0,0.0,-0.0009760049593336329,0.0,0.0,-9.175352655331529e-05,0.0,0.0,0.0,0.0021975514202342557,0.0,0.0,0.0005489502733366067,0.0011706826094468148
0.0,-4.198020768750176e-07,0.0,0.0,0.028487427045749927,0.0,0.0,0.28727181736298835,-0.28727181736298835,0.0,0.0,0.0,0.0,-0.13133247114958782,0.0,0.0,0.25842807357334013,0.0,-9.907332406493045e-05,0.0,0.0,0.0,0.0,-1.4273275523575457e-05,0.0,0.0,-0.0026194926060394918,0.0,0.0,0.0,0.0,-0.0007935829602393939,0.0,0.0,-7.460416519225223e-05,0.0,0.0,0.0,0.0022087256310241977,0.0,0.0,0.00044634771449944294,0.0009518740266851503
0.0,-4.6254015801879323e-07,0.0,0.0,0.03185246286125936,0.0,0.0,0.287696019177665,-0.287696019177665,0.0,0.0,0.0,0.0,-0.12959472011513543,0.0,0.0,0.25591582907086513,0.001859457741645524,-0.00010915951466834467,0.0,0.0,0.0,0.0,-1.5726370782310076e-05,0.0,0.0,-0.002653738648684014,0.0,0.0,0.0,0.0,-0.0008743739205926614,0.0,0.0,-8.219926545803623e-05,0.0,0.0,0.0,0.00010926345453168448,0.0,0.0,0.0004917882825466926,0.0010487798583426575
0.0,-4.6812560831514295e-07,0.0,0.0,0.03176662253411197,0.0,0.0,0.28771994979983573,-0.28771994979983573,0.0,0.0,0.0,0.0,-0.12919932941625314,0.0,0.0,0.2555559948043602,0.0,-0.00011047768138961977,0.0,0.0,0.0,0.0,-1.5916276157710995e-05,0.0,0.0,-0.002921023113576288,0.0,0.0,0.0,0.0,-0.0008849325109966026,0.0009409559055072853,0.0,-8.319187097272035e-05,0.0,0.0,0.0,0.001522016734650183,0.0,0.0,0.0004977269215186198,0.0010614445052258101
0.0,-5.721137576654688e-07,0.0,0.0,0.025598434813558404,0.0,0.0,0.28685122280334163,-0.28685122280334163,0.0,0.0,0.0,0.0,-0.12924571620231265,0.0,0.0,0.2613421818216783,0.0,-0.00013501889303913823,0.0,0.0,0.0,0.0,-1.9451874451822825e-05,0.0,0.0,-0.0021324196292252236,0.0,0.0,0.0,0.0,-0.0010815090120123811,0.0,0.0,-0.00010167188691241754,0.0,0.0,0.0,0.0001351474557698669,0.0,-0.004599909163994118,0.0006082906260697128,0.001297230900534904
0.0,-3.7374892672575524e-07,0.0,0.0,0.024915055526858486,0.0,0.0,0.28684538593842257,-0.28684538593842257,0.0,0.0,0.0,0.0008228692815728873,-0.13347965060147068,0.0,0.0,0.26048622126938226,0.0,-8.820477690834469e-05,0.0,0.0,0.0006796388210936799,0.0,-1.2707467879882665e-05,0.0,0.0,-0.002895569424953249,0.0,0.0,0.0,0.0,-0.0007065252794011888,0.0,0.0,-6.641993502613505e-05,0.0,0.0,0.0,0.000911158045593905,0.0,0.0,0.00039738245337534725,0.0008474514907119298
0.0,-3.8626232629470334e-07,0.0,0.0,0.025515099402202437,0.0,0.0,0.2866156775053919,-0.2866156775053919,0.0,0.0,0.0,0.0013186820056939616,-0.13268069890712086,-0.0004682624319943752,0.0,0.2600763815157847,0.0,-9.115794021777121e-05,0.0,0.0,0.0,0.0,-1.313292361157825e-05,0.0,0.0,-0.0028754496931916625,0.0,0.0,0.0,0.0,-0.0007301802854614391,0.0,0.0,-6.864372518817466e-05,0.0,0.0,0.0,0.0016440579609742823,0.0,0.0,0.0004106871214698816,0.0008758248139786487
0.0,-3.935414123181968e-07,0.0,0.0,0.025995929632860026,0.0,0.0,0.28676897468496104,-0.28676897468496104,0.0,0.0,0.0,0.0011049890720702597,-0.1329148949066699,0.0,0.0,0.2597295475529656,0.0004770868041684732,-9.287580510750777e-05,0.0,0.0,0.0,0.0,-1.3380412621510094e-05,0.0,0.0,-0.002810365636784089,0.0,0.0,0.0,0.0,-0.0007439404809263152,0.0,0.0,-6.993731129948636e-05,0.0,0.0,0.0,0.001197953311965333,0.0,0.0,0.0004184264910185426,0.0008923296702083933
0.0,-3.8947825900979816e-07,0.0,0.0,0.02553866791398204,0.0,0.0,0.28670412418871666,-0.28670412418871666,0.0,0.0,0.0,0.0011880127299374846,-0.13308499611249944,0.0,0.0,0.2599438680267124,0.0,-9.191690059839949e-05,0.0,0.0,0.0,0.0,-1.3242265361503643e-05,0.0,0.0,-0.002875781982652901,0.0,0.0,0.0,0.0,-0.0007362596012737224,0.00018886443161295085,0.0,-6.921523730957736e-05,0.0,0.0,0.0,0.0015633137996900472,0.0,0.0,0.0004141064095021176,0.000883116733175078
0.0,-4.138794226581027e-07,0.0,0.0,0.02432893103957532,0.0,0.0,0.28653677050810916,-0.28653677050810916,0.0,0.0,0.0,0.0011620943180998115,-0.13301034345759355,0.0,0.0,0.2611104145750689,0.0,-9.767557719115395e-05,0.0,0.0,0.0,0.0,-1.407190521093153e-05,0.0,0.0,-0.002704732636412376,0.0,0.0,0.0,0.0,-0.0007823869282880489,0.0,0.0,-7.355163425466267e-05,0.0,0.0,0.0,0.0012598629003411962,0.0,-0.0010034847916203244,0.00044005054895617315,0.000938444791746427
0.0,-4.0466159381625546e-07,0.0,0.0,0.027122942971472448,0.0,0.0,0.28702303623569775,-0.28702303623569775,0.0,0.0,0.0,0.00044941763262659604,-0.1321574083095903,0.0,0.0,0.2592195641318145,0.0,-9.550016883962433e-05,0.0,0.0,0.0,0.0,-1.3758498922500955e-05,0.0,0.0,-0.002693550213477912,0.0,0.0,0.0,0.0,-0.0007649617836728854,0.0,0.0,-7.19135089010432e-05,0.0,0.0,0.0,0.0020167118432691685,0.0,0.0,0.00043024984271185777,0.0009175439617117155
0.0,-3.5957482801764065e-07,0.0,0.0,0.023316309882825726,0.0,0.0,0.2864288533204421,-0.2864288533204421,0.0,0.0,0.0,0.0014455268068445067,-0.1343023295304073,0.0,0.0,0.2617232008621399,0.0,-8.485968846788082e-05,0.0,0.0,0.0,0.0,-1.2225548358032595e-05,0.0,0.0,-0.0027857575060133417,0.0,0.0,0.0,0.0,-0.0006797309307518376,0.0,0.0,-6.390101751781055e-05,0.0,0.0,0.0,0.0015304672972878198,0.0,0.0,0.0003823120739943039,0.0008153126396791784
0.0,-3.640459734590869e-07,0.0,0.0,0.01879711238786517,0.0,0.0,0.28526747980111444,-0.28526747980111444,0.0,0.0,0.0,0.002380095735556988,-0.13290241645622952,-0.002520225320020344,0.0,0.26561633692428266,0.0,-8.591487915335644e-05,0.0,0.0,0.0,0.0026808564290588793,-1.2377567355334366e-05,0.0,0.0,-0.0025039453682751895,0.0,0.0,0.0,0.0,-0.0006881830681531021,0.0,0.0,-6.469559689577669e-05,0.0,0.0,0.0,0.0,0.0,0.0,0.00038706594649498305,0.0008254506724562566
0.0,-3.959807132954696e-07,0.0,0.0,0.017704723637272567,0.0,0.0,0.28561990004910526,-0.28561990004910526,0.0,0.0,0.0,0.001903555876531353,-0.13530894493040382,0.0,0.0,0.26630090294086173,0.0,-9.345148033525372e-05,0.0,0.0,0.0,0.0008600479031021298,-1.3463348883266384e-05,0.0,0.0,-0.0023809327906054653,0.0,0.0,0.0,0.0,-0.0007485516722402526,0.0,0.0,-7.037080608926144e-05,0.0,0.0,0.0,0.0,0.0,-0.0020559778695075598,0.0004210200380164202,0.0008978606272270384
0.0,-3.6836283510866523e-07,0.0,0.0,0.019530030815320433,0.0,0.0,0.28584506389861863,-0.28584506389861863,0.0,0.0,0.0,0.0017707913944375226,-0.13517965525235667,0.0,0.0,0.26443083141704854,0.0,-8.693365885148422e-05,0.0,0.0,0.0,0.001947613002808017,-1.252434070190819e-05,0.0,0.0,-0.002597389937953016,0.0,0.0,0.0,0.0,-0.0006963435514749513,0.0007650330548976693,0.0,-6.546275808281655e-05,0.0,0.0,0.0,0.0,0.0,0.0,0.0003916557792691387,0.0008352388767253131
0.0,-3.270177170356843e-07,0.0,0.0,0.020442733254995227,0.0,0.0,0.2863293641315982,-0.2863293641315982,0.0,0.0,0.0,0.0013294782750982884,-0.13563595771518666,0.0,0.0,0.2638258177569853,0.0,-7.717620764533698e-05,0.0,0.0,0.000970236560357164,0.00046770500250778663,-1.1118606203872088e-05,0.0,0.0,-0.0028152325675228295,0.0,0.0,0.0,0.0,-0.0006181858123897971,0.0,0.0,-5.811520506075717e-05,0.0,0.0,0.0,0.0,0.0,0.0,0.0003476962564984145,0.000741491498634999
0.0,-3.580675020095165e-07,0.0,0.0,0.02158696739341695,0.0,0.0,0.2861601164626939,-0.2861601164626939,0.0,0.0,0.0,0.0017212997369811934,-0.13490289153396925,0.0,0.0,0.2631134343662543,0.0009295640358273002,-8.450395940816289e-05,0.0,0.0,0.0,0.0007777025343214503,-1.2174299256127337e-05,0.0,0.0,-0.0026177521706506317,0.0,0.0,0.0,0.0,-0.0006768815207525414,0.0,0.0,-6.363314652644775e-05,0.0,0.0,0.0,0.0,0.0,0.0,0.00038070943418904135,0.0008118948755567118
0.0,-2.506546922512516e-07,0.0,0.0,0.011207040913082743,0.0,0.0,0.2849108665451676,-0.2849108665451676,0.0,0.0,0.0,0.0025063738693537627,-0.13965946029703233,0.0,0.0,0.2713805667223866,0.0,-5.915452762563854e-05,0.0,0.0,0.0,0.0018458362190100191,-8.522262468092222e-06,0.0,0.0,-0.0021578379887935394,0.0,0.0,0.0,0.0,-0.00047383113050644357,0.0,0.0,-4.4544524901178145e-05,0.0,0.0,0.0,0.0,0.0,0.0,0.00026650451528903646,0.0005683432845230037
0.0,-4.263311975211439e-07,0.0,0.0,0.02211322453825683,0.0,0.0,0.2854994471996018,-0.2854994471996018,0.0,0.0,0.0,0.0017579093247328968,-0.1296592257390203,-0.0035411777327634623,0.0,0.2634655172404617,0.0,-0.00010061419706500682,0.0,0.0,0.0,0.0036292081913345386,-1.4495265701905543e-05,0.0,0.0,-0.002417649046167253,0.0,0.0,0.0,0.0,-0.0008059254406022426,0.0,0.0,-7.576447292314698e-05,0.0,0.0,0.0,0.0,0.0,0.0,0.0004532896955867762,0.0009666783849827669
0.0,-4.808161745037048e-07,0.0,0.0,0.020945547850220847,0.0,0.0,0.2860425250559846,-0.2860425250559846,0.0,0.0,0.0,0.0009841347675369134,-0.13275076002387018,0.0,0.0,0.26418797085403595,0.0,-0.00011347265603559124,0.0,0.0,0.0,0.001097715470336884,-1.6347755556545515e-05,0.0,0.0,-0.002227406368227239,0.0,0.0,0.0,0.0,-0.0009089224282404644,0.0,0.0,-8.544714589504179e-05,0.0,0.0,0.0,0.0,0.0,-0.002995304250436518,0.0005112199591332358,0.0010902195423307772
0.0,-4.334689030075104e-07,0.0,0.0,0.023203540640493372,0.0,0.0,0.28631881369862683,-0.28631881369862683,0.0,0.0,0.0,0.0008872243504206202,-0.13282012914516125,0.0,0.0,0.2617557093198562,0.0,-0.00010229869613655705,0.0,0.0,0.0,0.002609829568655461,-1.4737947771921545e-05,0.0,0.0,-0.0025481373328884423,0.0,0.0,0.0,0.0,-0.0008194183739658718,0.001080139409994367,0.0,-7.703293391591398e-05,0.0,0.0,0.0,0.0,0.0,0.0,0.0004608787445841644,0.0009828626699991156
0.0,-3.678122480056477e-07,0.0,0.0,0.023878812052380953,0.0,0.0,0.2869006181714674,-0.2869006181714674,0.0,0.0,0.0,0.00042550510523135224,-0.1337933012232034,0.0,0.0,0.26134443966341286,0.0,-8.680372025068147e-05,0.0,0.0,0.0013093326939060347,0.0005123914785320005,-1.2505620733966164e-05,0.0,0.0,-0.0028495758068890894,0.0,0.0,0.0,0.0,-0.0006953027358926779,0.0,0.0,-6.536491175606178e-05,0.0,0.0,0.0,0.0,0.0,0.0,0.00039107037650768954,0.0008339904561203188
0.0,-4.1655860660961903e-07,0.0,0.0,0.02593133963272723,0.0,0.0,0.28674008790309785,-0.28674008790309785,0.0,0.0,0.0,0.0008526123479610588,-0.13252586625436577,0.0,0.0,0.26002122397448796,0.0012975018635984876,-9.830786482020531e-05,0.0,0.0,0.0,0.0009510138198851953,-1.416299749661767e-05,0.0,0.0,-0.002578480716908587,0.0,0.0,0.0,0.0,-0.0007874515881560924,0.0,0.0,-7.402775929812896e-05,0.0,0.0,0.0,0.0,0.0,0.0,0.00044289914761577184,0.0009445196678764928
0.0,-6.3426747044855e-07,0.0,0.0,0.016162595244804037,0.0,0.0,0.2730878948686806,-0.2730878948686806,0.024880659230037096,0.0,0.0,0.0,-0.1258094901470002,-0.012684473606581106,0.0,0.26373089843814257,0.0,-0.00014968717427832343,0.0,0.0,0.0,0.004670783774198244,-2.1565101413370724e-05,0.0,0.0,-0.002289168140359526,0.0,0.0,0.0,0.0,-0.001199002778949964,0.0,0.0,-0.00011271739171386538,0.0,0.0,0.0,0.0,0.0,0.0,0.0006743745479380708,0.0014381604197518311
0.0,-4.7365267275888537e-07,0.0,0.0,0.019647680005796073,0.0,0.0,0.2822393404580072,-0.2822393404580072,0.00910776003367812,0.0,0.0,0.0,-0.1359452066315646,0.0,0.0,0.2619904459087527,0.0,-0.00011178206904496162,0.0,0.0,0.0,0.0015935268642324036,-1.610419641344041e-05,0.0,0.0,-0.0026567247560619353,0.0,0.0,0.0,0.0,-0.0008953807302987784,0.0018944798862372163,0.0,-8.417410057924977e-05,0.0,0.0,0.0,0.0,0.0,0.0,0.0005036034826845857,0.0010739767659687215
0.0,-4.375841977771584e-07,0.0,0.0,0.024140349927432775,0.0,0.0,0.28509623638196846,-0.28509623638196846,0.0,0.0,0.0,0.0,-0.1350663176657437,0.0035825901506059445,0.0,0.2581503791429227,0.0,-0.00010326990603473349,0.0,0.0,0.0,0.0015598298901983547,-1.4877867842220296e-05,0.0,0.0,-0.002661893755688264,0.0,0.0,0.0,0.0,-0.0008271978204847303,0.002165171151726697,0.0,-7.776427410626047e-05,0.0,0.0,0.0,0.0,0.0,0.0,0.0004652542646592372,0.000992193834419599
0.0,-8.26131359798206e-08,0.0,0.0,0.0,0.0,0.0,0.2822834396739721,-0.2822834396739721,0.0,0.0,0.0,0.002672935410503191,-0.14853107160306867,0.0036937221743922662,0.0,0.27782399593059826,0.0,-1.9496706766854983e-05,0.0,0.0,0.0,0.0006083680987096748,-2.808847589521671e-06,0.0,0.0,-0.0016346311263181895,0.0,0.0,0.0,0.0,-0.0001561697300155189,0.0,0.0,-1.4681404364570235e-05,0.0,0.0,0.0,0.0,0.0,0.0,8.783707004670848e-05,0.00018731993654622008
0.0,-8.536726522739122e-08,0.0,0.0,0.0,0.0,0.0,0.28228112265600025,-0.28228112265600025,0.0,0.0,0.0,0.002565940916418712,-0.14848210095678352,0.0037188102927453396,0.0,0.2778691153861584,0.0,-2.014668149183116e-05,0.0,0.0,0.0,0.0007267016348708824,-2.902488016150185e-06,0.0,0.0,-0.0015910739522289464,0.0,0.0,0.0,0.0,-0.00016137606452781738,0.0,0.0,-1.5170848139779915e-05,0.0,0.0,0.0,0.0,0.0,0.0,9.076535307055642e-05,0.0001935647462823017
0.0,-1.3622676583795285e-07,0.0,0.0,0.0,0.0,0.0,0.2825755423335097,-0.2825755423335097,0.0,0.0,0.0,0.0,-0.1468612125798127,0.0038870471236745244,0.0,0.27962963973045424,0.0,-3.2149527745664355e-05,0.0,0.0,0.0,0.0032069802037803493,-4.631711631740165e-06,0.0,0.0,-0.0004916631969158432,0.0,0.0,0.0,0.0,-0.0002575195456446176,0.0,0.0,-2.420922787670397e-05,0.0,0.0,0.0,0.0,0.0,0.0,0.00014484088796807838,0.0003088853707102371
0.0,-4.271512753129823e-07,0.0,0.0,0.0,0.0,0.0,0.2709910817491968,-0.2709910817491968,0.027640828686240782,0.0,0.0,0.0,-0.13915115330804986,-0.008542435691827732,0.0,0.27557435355206317,0.0,-0.00010080773549014769,0.0,0.0,0.0,0.003145567664772435,-1.4523148356419327e-05,0.0,0.0,-0.0015416541697604493,0.0,0.0,0.0,0.0,-0.0008074756943945017,0.0,0.0,-7.591021117081893e-05,0.0,0.0,0.0,0.0,0.0,0.0,0.00045416162992979714,0.0009685378582748553
0.0,-6.220777809072622e-07,0.0,0.0,0.022006178241116017,0.0,0.0,0.2780721217169042,-0.2780721217169042,0.015390236578383962,0.0,0.0,0.0,-0.12378272401524794,-0.01029716022391261,0.0,0.261311724390604,0.0,-0.0001468104065615824,0.0,0.0,0.0,0.005295530308930489,-2.115065182640157e-05,0.0,0.0,-0.002245173689691804,0.0,0.0,0.0,0.0,-0.00117595970593188,0.0,0.0,-0.00011055112893844028,0.0,0.0,0.0,0.0,0.0,0.0,0.0006614140592532295,0.001410521088012265
0.0,-5.720119426112556e-07,0.0,0.0,0.020235084986947753,0.0,0.0,0.28409770582184685,-0.28409770582184685,0.004683177230891834,0.0,0.0,0.0,-0.13275734354528523,0.0,0.0,0.2639519987580038,0.0,-0.00013499486467811667,0.0,0.0,0.0,0.00013512340452944205,-1.9448412738788792e-05,0.0,0.0,-0.0020644784352645837,0.0,0.0,0.0,0.0,-0.0010813165434740621,0.0,0.0,-0.00010165379308310606,0.0,0.0,0.0,0.0,0.0,-0.004734213955101609,0.0006081823728731398,0.0012970000414921081
0.0,-2.980015184729499e-07,0.0,0.0,0.0,0.0,0.0,0.276464311023813,-0.276464311023813,0.01809166355213061,0.0,0.0,0.0,-0.14733806943350616,0.0,0.0,0.2760860531627625,0.0,-7.032838243985567e-05,0.0,0.0,0.0,0.0010025773157843673,-1.0132055113378117e-05,0.0,0.0,-0.0016714948674514418,0.0,0.0,0.0,0.0,-0.0005633343430456751,0.0011919237772411815,0.0,-5.295865774936808e-05,0.0,0.0,0.0,0.0,0.0,0.0,0.0003168452564072588,0.0006756991472235773
0.0,-4.877980059743539e-07,0.0,0.0,0.023715550848247283,0.0,0.0,0.2847971023078093,-0.2847971023078093,0.003993700733633217,0.0,0.0,0.0,-0.13286008633268992,0.0,0.0,0.2603503260749085,0.0,-0.00011512036882683663,0.0,0.0,0.0,0.002537564158112528,-1.6585137908204087e-05,0.0,0.0,-0.002567982204749721,0.0,0.0,0.0,0.0,-0.0009221207014067493,0.0016148894490645084,0.0,-8.668790609389102e-05,0.0,0.0,0.0,0.0,0.0,0.0,0.0005186432776245169,0.001106050393109494
0.0,-3.761347043268267e-07,0.0,0.0,0.024201549406774017,0.0,0.0,0.28643016638847496,-0.28643016638847496,0.0015229654051692255,0.0,0.0,0.0,-0.13399226649895452,0.0,0.0,0.26073086338494966,0.0,-8.876782061498213e-05,0.0,0.0,0.001556525339395109,8.885234384845131e-05,-1.2788584346222126e-05,0.0,0.0,-0.002914052915292393,0.0,0.0,0.0,0.0,-0.0007110352915126696,0.0,0.0,-6.684391803162004e-05,0.0,0.0,0.0,0.0,0.0,0.0,0.00039991909251603275,0.0008528610869407337
0.0,-4.5988616769819374e-07,0.0,0.0,0.027687244000573045,0.0,0.0,0.2855020773340219,-0.2855020773340219,0.003765180879850925,0.0,0.0,0.0,-0.13242619082906085,0.0,0.0,0.25788669139701614,0.0019031066929616814,-0.00010853317273822548,0.0,0.0,0.0,0.0001086365162092598,-1.5636135080369762e-05,0.0,0.0,-0.002611352740799834,0.0,0.0,0.0,0.0,-0.0008693568861112071,0.0,0.0,-8.172761764302175e-05,0.0,0.0,0.0,0.0,0.0,0.0,0.0004889664706044523,0.0010427621071393814
0.0,-1.8758612943283359e-07,0.0,0.0,0.0,0.0,0.0,0.2803203461931463,-0.2803203461931463,0.008387177628309902,0.0,0.0,0.0018757317839970308,-0.1464548874090287,0.0,0.0,0.2785816548380138,0.0,-4.4270341704188675e-05,0.0,0.0,0.0,0.0013813955317618699,-6.377930594643176e-06,0.0,0.0,-0.0016148928736397473,0.0,0.0,0.0,0.0,-0.00035460795478503055,0.0,0.0,-3.3336439619732504e-05,0.0,0.0,0.0,0.0,0.0,0.0,0.00019944789403476305,0.00042533940208845856
0.0,-2.1930522315076787e-07,0.0,0.0,0.0,0.0,0.0,0.27806841920332015,-0.27806841920332015,0.014998670413502923,0.0,0.0,0.0,-0.14776755508140862,0.0,0.0,0.277195154431466,0.0,-5.175605038470667e-05,0.0,0.0,0.0009075316182451049,5.180533162986738e-05,-7.456380152025844e-06,0.0,0.0,-0.0016990376519632525,0.0,0.0,0.0,0.0,-0.00041456890704178443,0.0,0.0,-3.89733257568771e-05,0.0,0.0,0.0,0.0,0.0,0.0,0.00023317270333628686,0.000497260393248973
0.0,-1.9552729769566357e-07,0.0,0.0,0.0,0.0,0.0,0.2802844998115972,-0.2802844998115972,0.00851765516028276,0.0,0.0,0.001618267019266081,-0.1463104250741129,0.0,0.0,0.2786967842939283,0.0,-4.61444580559087e-05,0.0,0.0,0.0,0.0016644554153028316,-6.647930408455891e-06,0.0,0.0,-0.0015148213799868037,0.0,0.0,0.0,0.0,-0.0003696197333466978,0.0,0.0,-3.4747686160744784e-05,0.0,0.0,0.0,0.0,0.0,0.0,0.00020789121173093764,0.0004433454869253727
0.0,-2.301671913391618e-07,0.0,0.0,0.0,0.0,0.0,0.2804111006621869,-0.2804111006621869,0.008756680706182504,0.0,0.0,0.0,-0.14524403308355005,0.0,0.0,0.2798120775439133,0.0,-5.4319475754877245e-05,0.0,0.0,0.0,0.003229307034184492,-7.825687197468154e-06,0.0,0.0,-0.0008307085353077148,0.0,0.0,0.0,0.0,-0.00043510209004349234,0.0,0.0,-4.0903635571140325e-05,0.0,0.0,0.0,0.0,0.0,0.0,0.00024472151393757093,0.0005218892027922157
0.0,-3.5965743593565175e-07,0.0,0.0,0.0,0.0,0.0,0.27742757062238715,-0.27742757062238715,0.01566757200265501,0.0,0.0,0.0,-0.14559465274546496,0.0,0.0,0.277483767761395,0.0,-8.487918394320664e-05,0.0,0.0,0.0,8.496000448190412e-05,-1.222835702821112e-05,0.0,0.0,-0.0012980585985357994,0.0,0.0,0.0,0.0,-0.0006798870906179405,0.0,0.0,-6.391569799487575e-05,0.0,0.0,0.0,0.0,0.0,-0.002976677802372025,0.0003823999055164304,0.0008154999477843185
0.0,-2.530660420459062e-07,0.0,0.0,0.0,0.0,0.0,0.27689138059537216,-0.27689138059537216,0.017307632271424678,0.0,0.0,0.0,-0.14799986519122524,0.0,0.0,0.27693092263210506,0.0010472410613901098,-5.9723606372027985e-05,0.0,0.0,0.0,5.978047419068153e-05,-8.604248389312591e-06,0.0,0.0,-0.0014369745143838098,0.0,0.0,0.0,0.0,-0.00047838948362956155,0.0,0.0,-4.4973052410512675e-05,0.0,0.0,0.0,0.0,0.0,0.0,0.0002690683436476637,0.0005738108640449308
0.0,-2.873971545153946e-07,0.0,0.0,0.0,0.0,0.0,0.2771895924489735,-0.2771895924489735,0.016325528109687144,0.0,0.0,0.0,-0.1469475449720971,0.0,0.0,0.2767587745852574,0.0,-6.78257516889789e-05,0.0,0.0,0.0,0.0014950629348823863,-9.771506614797148e-06,0.0,0.0,-0.0015129844104570642,0.0,0.0,0.0,0.0,-0.0005432881284020107,0.0009514484004317023,0.0,-5.1074127481349044e-05,0.0,0.0,0.0,0.0,0.0,0.0,0.00030557033930487333,0.0006516544385936144
0.0,-3.7882743881236964e-07,0.0,0.0,0.0,0.0,0.0,0.2734026405175071,-0.2734026405175071,0.022773338771519422,0.0,0.0,0.0,-0.14081360603714316,-0.006270673787731617,0.0,0.27659716989875627,0.0,-8.940330617115872e-05,0.0,0.0,0.0,0.0032248253283691493,-1.2880137350223651e-05,0.0,0.0,-0.0013672460657804131,0.0,0.0,0.0,0.0,-0.0007161255669588582,0.0,0.0,-6.732245117722457e-05,0.0,0.0,0.0,0.0,0.0,0.0,0.00040278209856003033,0.0008589666880292933
0.0,-4.1008854502486307e-07,0.0,0.0,0.017147914206021624,0.0,0.0,0.2851075719898149,-0.2851075719898149,0.0,0.0,0.0,0.0016744785114670487,-0.13612157227865307,0.0011875857632883085,0.0,0.2659909752262348,0.0,-9.678092976338466e-05,0.0,0.0,0.0,0.0,-1.3943015327064906e-05,0.0,0.0,-0.0023173114267585073,0.0,0.0,0.0,0.0,-0.000775220751511398,0.0,0.0,-7.287794711314331e-05,0.0,0.0,0.0,0.0,0.0,-0.0030199166933976814,0.0004360199601126423,0.0009298492221763967
0.0,-5.876093358720539e-07,0.0,0.0,0.014973638567734981,0.0,0.0,0.2789620809698877,-0.2789620809698877,0.014396001322039215,0.0,0.0,0.0,-0.13386342436554477,-0.003096994407333191,0.0,0.26596621567029266,0.0,-0.00013867585074802427,0.0,0.0,0.0,0.0,-1.9978724292076345e-05,0.0,0.0,-0.002120771808941823,0.0,0.0,0.0,0.0,-0.0011108014512383638,0.0,0.0,-0.00010442564812503227,0.0,0.0,0.0,0.0,0.0,-0.004327190466850892,0.0006247660469843544,0.0013323661207632403
0.0,-5.244457825967172e-07,0.0,0.0,0.017049540445059005,0.0,0.0,0.2815306191506047,-0.2815306191506047,0.010084449245780851,0.0,0.0,0.0,-0.13621222647037334,0.0,0.0,0.26440352901692776,0.0,-0.00012376924707106584,0.0,0.0,0.0,0.0,-1.78311627419811e-05,0.0,0.0,-0.0023534867287392028,0.0,0.0,0.0,0.0,-0.000991398708020389,0.0009213636546698019,0.0,-9.320068183196231e-05,0.0,0.0,0.0,0.0,0.0,-0.0029406866094989163,0.0005576084286753249,0.0011891468536183649
0.0,-4.6008305488587093e-07,0.0,0.0,0.016573709905966457,0.0,0.0,0.2838915785015827,-0.2838915785015827,0.003997098376982418,0.0,0.0,0.0012124336365211905,-0.1357286893031104,0.0,0.0,0.2664415471191225,0.0,-0.00010857963813042692,0.0,0.0,0.0,0.0,-1.5642829247053495e-05,0.0,0.0,-0.002266726808500513,0.0,0.0,0.0,0.0,-0.0008697290765453116,0.0,0.0,-8.176260699891785e-05,0.0,0.0,0.0,0.0,0.0,-0.0033880792688686418,0.0004891758076970368,0.0010432085360887857
0.0,-5.753549310463744e-07,0.0,0.0,0.02013588319056706,0.0,0.0,0.2839639946963256,-0.2839639946963256,0.0049823731545517195,0.0,0.0,0.0,-0.132826464296629,0.0,0.0,0.2639451943972422,0.0,-0.00013578381021893743,0.0,0.0,0.0,0.0,-1.956207438468099e-05,0.0,0.0,-0.002076543790932048,0.0,0.0,0.0,0.0,-0.0010876360421247977,0.0,0.0,-0.00010224788462097058,0.0,0.0,0.0,0.0,0.0,-0.004843429809011172,0.0006117367508283914,0.0013045800513066996
0.0,-4.834132184355738e-07,0.0,0.0,0.02207343090044431,0.0,0.0,0.28470327951124974,-0.28470327951124974,0.0,0.0,0.0,0.0,-0.1352350519938562,0.003957801593013579,0.0,0.2601049131538436,0.0,-0.00011408555861336841,0.0,0.0,0.0,0.0,-1.6436055080602968e-05,0.0,0.0,-0.0023662809817015565,0.0,0.0,0.0,0.0,-0.0009138318127453387,0.0012431377383556417,0.0,-8.590867361292959e-05,0.0,0.0,0.0,0.0,0.0,-0.002871989707973845,0.0005139812237560153,0.0010961081712849458
0.0,-9.972130319408005e-08,0.0,0.0,0.0,0.0,0.0,0.28199258420699275,-0.28199258420699275,0.0,0.0,0.0,0.0024921138802216315,-0.14881435748469007,0.004458646733338395,0.0,0.27734399802962373,0.0,-2.3534235611858686e-05,0.0,0.0,0.0,0.0,-3.390525474896271e-06,0.0,0.0,-0.0016059663487165943,0.0,0.0,0.0,0.0,-0.00018851056568557347,0.0,0.0,-1.7721743141572698e-05,0.0,0.0,0.0,0.0,0.0,-0.0007343536703394521,0.00010602704993485572,0.0002261115979326126
0.0,-5.028977187379352e-07,0.0,0.0,0.02037663721947542,0.0,0.0,0.2854015262362328,-0.2854015262362328,0.0,0.0,0.0,0.0006466218846055481,-0.13368077876482753,0.0015308375913811387,0.0,0.26369142703436343,0.0,-0.00011868390225918559,0.0,0.0,0.0,0.0,-1.709852831876561e-05,0.0,0.0,-0.0021383455912975164,0.0,0.0,0.0,0.0,-0.0009506648068644622,0.0,0.0,-8.937131698541254e-05,0.0,0.0,0.0,0.0,0.0,-0.00428099217429813,0.0005346978010604004,0.001140288014078526
0.0,-5.703933991529475e-07,0.0,0.0,0.02017782855225791,0.0,0.0,0.28410228003545124,-0.28410228003545124,0.0044004437600447,0.0,0.0,0.0,-0.13292066262162242,0.00026948212886193906,0.0,0.26387883544146057,0.0,-0.00013461288829116834,0.0,0.0,0.0,0.0,-1.939338224227653e-05,0.0,0.0,-0.0020586368648054746,0.0,0.0,0.0,0.0,-0.0010782568908909173,0.0,0.0,-0.00010136615733715333,0.0,0.0,0.0,0.0,0.0,-0.0048555592659539374,0.0006064614829270692,0.0012933300990027972
0.0,-5.754579397532584e-07,0.0,0.0,0.024796503550945984,0.0,0.0,0.2866248329507149,-0.2866248329507149,0.0,0.0,0.0,0.0,-0.12966135385253638,0.0002718748690035786,0.0,0.26178230833179333,0.0,-0.00013580812028208574,0.0,0.0,0.0,0.0,-1.956557668191979e-05,0.0,0.0,-0.0020769155650824885,0.0,0.0,0.0,0.0,-0.0010878307671131728,0.0,0.0,-0.00010226619057753424,0.0,0.0,0.0,0.0,0.0,-0.004898671926577566,0.0006118462731567072,0.0013048136168796359
0.0,-1.0737073503775204e-07,0.0,0.0,0.0,0.0,0.0,0.28191851370209614,-0.28191851370209614,0.0,0.0,0.0,0.002313304438698748,-0.14882206903590006,0.004677336137387554,0.0,0.27728331807047313,0.0,-2.5339502145083438e-05,0.0,0.0,0.0,0.0,-3.650606247045589e-06,0.0,0.0,-0.0015441695953888315,0.0,0.0,0.0,0.0,-0.0002029708532854797,0.0,0.0,-1.9081144412619964e-05,0.0,0.0,0.0,0.0,0.0,-0.0009140094681654028,0.00011416018363933416,0.00024345618932932798
0.0,-3.5901689232325366e-07,0.0,0.0,0.0,0.0,0.0,0.27744232911724787,-0.27744232911724787,0.015470050946139098,0.0,0.0,0.0,-0.14567458598035898,0.00016961738439530112,0.0,0.2774136174779349,0.0,-8.472801559892106e-05,0.0,0.0,0.0,0.0,-1.220657853789806e-05,0.0,0.0,-0.0012957467788409069,0.0,0.0,0.0,0.0,-0.0006786762235829956,0.0,0.0,-6.3801865252961e-05,0.0,0.0,0.0,0.0,0.0,-0.003056185083387904,0.00038171885796288,0.0008140475566190829
0.0,-1.923659091187113e-07,0.0,0.0,0.0,0.0,0.0,0.2812820640416994,-0.2812820640416994,0.0,0.0,0.0,0.0,-0.14851129244836436,0.0069984282115476675,0.0,0.27712215296309356,0.0,-4.539837009628955e-05,0.0,0.0,0.0,0.0,-6.540443159865269e-06,0.0,0.0,-0.0006942779363009609,0.0,0.0,0.0,0.0,-0.0003636435263587754,0.0,0.0,-3.41858672260041e-05,0.0,0.0,0.0,0.0,0.0,-0.003019052624649697,0.000204529916864387,0.0004361772430303909
0.0,-4.523857842763457e-07,0.0,0.0,0.017704166424191283,0.0,0.0,0.28489653573096546,-0.28489653573096546,0.0,0.0,0.0,0.0008945767358196687,-0.13574232878602868,0.002002882950968354,0.0,0.26536703721026733,0.0,-0.00010676308164459516,0.0,0.0,0.0,0.0,-1.5381121956305664e-05,0.0,0.0,-0.0020800177333061194,0.0,0.0,0.0,0.0,-0.0008551783557829432,0.0,0.0,-8.03947041710968e-05,0.0,0.0,0.0,0.0,0.0,-0.0038510017645555675,0.00048099181020464665,0.0010257554733881088
0.0,-4.2849222245007403e-07,0.0,0.0,0.02015840158870029,0.0,0.0,0.28397135171678844,-0.28397135171678844,0.0,0.0,0.0,0.0,-0.13775224308458403,0.0052864093984017115,0.0,0.2603893700600581,0.0,-0.0001011241991228576,0.0,0.0,0.0,0.0,-1.4568740574763589e-05,0.0,0.0,-0.0023938219231489674,0.0,0.0,0.0,0.0,-0.0008100105860903678,0.001694656140871779,0.0,-7.614851452194659e-05,0.0,0.0,0.0,0.0,0.0,-0.0019529480989324765,0.0004555873701127921,0.000971578369080464
0.0,-5.409420834818319e-07,0.0,0.0,0.016891052115617953,0.0,0.0,0.28290269739824014,-0.28290269739824014,0.006418161933396156,0.0,0.0,0.0,-0.13503723611372856,0.00025556786678137617,0.0,0.2659683845494304,0.0,-0.00012766237541294906,0.0,0.0,0.0,0.0,-1.8392037165008653e-05,0.0,0.0,-0.0019523425699422825,0.0,0.0,0.0,0.0,-0.0010225828874481304,0.0,0.0,-9.613228418480296e-05,0.0,0.0,0.0,0.0,0.0,-0.004604850528942283,0.0005751478516638352,0.0012265511477224144
0.0,-4.87983532251581e-07,0.0,0.0,0.017869144476914355,0.0,0.0,0.28468180293257395,-0.28468180293257395,0.0,0.0,0.0,0.0,-0.13550203975434744,0.0028622840156031465,0.0,0.26519459113708466,0.0,-0.00011516415304325381,0.0,0.0,0.0,0.0,-1.6591445803799642e-05,0.0,0.0,-0.0017612070728780006,0.0,0.0,0.0,0.0,-0.0009224714154703386,0.0,0.0,-8.672087647159087e-05,0.0,0.0,0.0,0.0,0.0,-0.004680380206358776,0.0005188405354142741,0.0011064710619300836
0.0,-5.308911165018127e-07,0.0,0.0,0.020642102914855246,0.0,0.0,0.2852777350832954,-0.2852777350832954,0.0,0.0,0.0,0.0,-0.13339604482618062,0.002112498126095236,0.0,0.26347616793997025,0.0,-0.0001252903463934885,0.0,0.0,0.0,0.0,-1.8050304170136207e-05,0.0,0.0,-0.001916067095536833,0.0,0.0,0.0,0.0,-0.0010035828001006665,0.0,0.0,-9.434609959395715e-05,0.0,0.0,0.0,0.0,0.0,-0.004891625933613976,0.0005644613248761734,0.0012037612309059745
0.0,-4.054689642421703e-07,0.0,0.0,0.0,0.0,0.0,0.2751508901091971,-0.2751508901091971,0.020265977307183606,0.0,0.0,0.0,-0.1440313954624036,-0.0021370237638270047,0.0,0.27651561600714153,0.0,-9.569070832538042e-05,0.0,0.0,0.0,0.0,-1.3785949526424717e-05,0.0,0.0,-0.001463399398665904,0.0,0.0,0.0,0.0,-0.0007664880157901171,0.0,0.0,-7.205698888826637e-05,0.0,0.0,0.0,0.0,0.0,-0.0029858978228600825,0.00043110826615521964,0.0009193746218743875
0.0,-3.4697358001945746e-07,0.0,0.0,0.0,0.0,0.0,0.2765006647227764,-0.2765006647227764,0.017951860527175664,0.0,0.0,0.0,-0.14651799450064035,0.0,0.0,0.27644935781178187,0.0,-8.188579292205616e-05,0.0,0.0,0.0,0.0,-1.1797105778715582e-05,0.0,0.0,-0.001557067942763612,0.0,0.0,0.0,0.0,-0.0006559098582989585,0.0006095746335830929,0.0,-6.166161557324875e-05,0.0,0.0,0.0,0.0,0.0,-0.0019455596640725204,0.0003689140024895165,0.0007867401257874479
0.0,-3.0729333645340993e-07,0.0,0.0,0.0,0.0,0.0,0.2781713299479088,-0.2781713299479088,0.013739415620031623,0.0,0.0,0.0008097946086872482,-0.14600293174705392,0.0,0.0,0.27758602747380584,0.0,-7.252125223407666e-05,0.0,0.0,0.0,0.0,-1.0447977033386872e-05,0.0,0.0,-0.001513965872934181,0.0,0.0,0.0,0.0,-0.0005808993548098604,0.0,0.0,-5.460993191339981e-05,0.0,0.0,0.0,0.0,0.0,-0.0022629265991061997,0.0003267246303970114,0.0006967677428392184
0.0,-5.447567752406166e-07,0.0,0.0,0.01675279670539194,0.0,0.0,0.2827358016048779,-0.2827358016048779,0.007029636689849381,0.0,0.0,0.0,-0.13501150431886155,0.0,0.0,0.26609386116395645,0.0,-0.00012856264297627133,0.0,0.0,0.0,0.0,-1.8521736729422332e-05,0.0,0.0,-0.0019661103749241877,0.0,0.0,0.0,0.0,-0.001029794081830188,0.0,0.0,-9.681020339913459e-05,0.0,0.0,0.0,0.0,0.0,-0.004585849640782057,0.000579203760488127,0.0012352007142801284
0.0,-3.6254666033585553e-07,0.0,0.0,0.0,0.0,0.0,0.277361001223151,-0.277361001223151,0.015827690804389272,0.0,0.0,0.0,-0.14559951539256466,0.0,0.0,0.277434778310996,0.0,-8.55610411351207e-05,0.0,0.0,0.0,0.0,-1.2326590691609177e-05,0.0,0.0,-0.0013084862505208816,0.0,0.0,0.0,0.0,-0.000685348805503625,0.0,0.0,-6.442914989591163e-05,0.0,0.0,0.0,0.0,0.0,-0.003051975758050116,0.0003854718262589543,0.0008220510770314416
0.002489532801895837,-3.3806524754578465e-07,0.0,0.0,0.020775003324771578,0.0,0.0,0.28482517009894887,-0.28482517009894887,0.0,0.0,0.0,0.0030400806459030504,-0.13213098673992016,-0.0031702096573846626,0.0,0.26408692981077087,0.0,-7.978342573842477e-05,0.0,0.0,0.0,0.0,-1.1494222370422672e-05,0.0,0.0,-0.002740169416908177,0.0,0.0,0.0,0.0,-0.0006390697775926433,0.0,0.0,-6.007849165828238e-05,0.0,0.0,0.0,0.0,0.0,0.0,0.00035944236321316096,0.0007665410587273543
0.0006796214219858005,-3.9113660773739085e-07,0.0,0.0,0.018167759889082247,0.0,0.0,0.28552396591189555,-0.28552396591189555,0.0,0.0,0.0,0.002050174679698325,-0.13526778637152212,0.0,0.0,0.2659315856143115,0.0,-9.23082710321155e-05,0.0,0.0,0.0,0.0,-1.3298649237637129e-05,0.0,0.0,-0.00243675907563522,0.0,0.0,0.0,0.0,-0.0007393945007057327,0.0,0.0,-6.950994695784936e-05,0.0,0.0,0.0,0.0,0.0,-0.0022007320661455807,0.0004158696217518379,0.0008868769315350585
0.001689444330520044,-3.51487360526195e-07,0.0,0.0,0.02100054117750038,0.0,0.0,0.2856459933234626,-0.2856459933234626,0.0,0.0,0.0,0.0021120288068175964,-0.13505471242235906,0.0,0.0,0.2631854585786394,0.0,-8.295104548638568e-05,0.0,0.0,0.0,0.0,-1.1950574368735898e-05,0.0,0.0,-0.002774050811431532,0.0,0.0,0.0,0.0,-0.0006644425919220799,0.0008989297180820466,0.0,-6.246377174425425e-05,0.0,0.0,0.0,0.0,0.0,0.0,0.00037371320602831715,0.0007969748308144084
0.0003580855954363691,-3.219071238909035e-07,0.0,0.0,0.02078827280956372,0.0,0.0,0.2863051360222435,-0.2863051360222435,0.0,0.0,0.0,0.0013854339777580593,-0.1356264027084291,0.0,0.0,0.2635394113151413,0.0,-7.597010725020334e-05,0.0,0.0,0.0010062289063510377,0.0,-1.0944845977178235e-05,0.0,0.0,-0.0028607578539053126,0.0,0.0,0.0,0.0,-0.0006085248796316637,0.0,0.0,-5.720698769784704e-05,0.0,0.0,0.0,0.0,0.0,0.0,0.0003422625016516309,0.0007299035595955256
0.0006104360079850201,-3.513189279795894e-07,0.0,0.0,0.022248376261961404,0.0,0.0,0.2861081112241766,-0.2861081112241766,0.0,0.0,0.0,0.0018414670383553045,-0.13484024445444748,0.0,0.0,0.2625801408132862,0.0009883488466102246,-8.291129539177643e-05,0.0,0.0,0.0,0.0,-1.194484766018139e-05,0.0,0.0,-0.0026828715926876124,0.0,0.0,0.0,0.0,-0.0006641241914036,0.0,0.0,-6.243383913976534e-05,0.0,0.0,0.0,0.0,0.0,0.0,0.000373534122868976,0.0007965929209211659
0.0015866470943945994,-2.1545819453587297e-07,0.0,0.0,0.011220014734694226,0.0,0.0,0.2845703535320002,-0.2845703535320002,0.0,0.0,0.0,0.0029477567392220748,-0.1402784712462406,0.0,0.0,0.27135330787948375,0.0,-5.0848151320729396e-05,0.0,0.0,0.0,0.0,-7.3255811341262225e-06,0.0,0.0,-0.0022514998896964095,0.0,0.0,0.0,0.0,-0.00040729658390546307,0.0,0.0,-3.828965987217881e-05,0.0,0.0,0.0,0.0,0.0,0.0,0.00022908241287690088,0.0004885375049638747
0.003287215193230587,-3.8615651567907264e-07,0.0,0.0,0.0244123715359246,0.0,0.0,0.2848935559579671,-0.2848935559579671,0.0,0.0,0.0,0.00268799377024636,-0.12894623598062846,-0.0043032185508149875,0.0,0.26164874519300674,0.0,-9.113296890393226e-05,0.0,0.0,0.0,0.0,-1.312932604940929e-05,0.0,0.0,-0.0027376947083138188,0.0,0.0,0.0,0.0,-0.0007299802638174252,0.0,0.0,-6.862492129681145e-05,0.0,0.0,0.0,0.0,0.0,0.0,0.0004105746200577683,0.0008755848952590555
0.000864507024879387,-4.733341332140913e-07,0.0,0.0,0.021484118556483894,0.0,0.0,0.2859139162785291,-0.2859139162785291,0.0,0.0,0.0,0.0011849472781974135,-0.13273821284518186,0.0,0.0,0.26375106328931835,0.0,-0.0001117068936866504,0.0,0.0,0.0,0.0,-1.6093366065191912e-05,0.0,0.0,-0.0023008087941904787,0.0,0.0,0.0,0.0,-0.0008947785714033468,0.0,0.0,-8.411749205316295e-05,0.0,0.0,0.0,0.0,0.0,-0.0031648206984656027,0.0005032648007065096,0.0010732544981766738
0.0022291567426264676,-4.072668780404252e-07,0.0,0.0,0.024921768690179875,0.0,0.0,0.286027510843409,-0.286027510843409,0.0,0.0,0.0,0.0013908832193005702,-0.13279789887511764,0.0,0.0,0.2602741917210929,0.0,-9.611501612705036e-05,0.0,0.0,0.0,0.0,-1.3847078616593012e-05,0.0,0.0,-0.0027842117401856315,0.0,0.0,0.0,0.0,-0.0007698867454126462,0.0012377635729346555,0.0,-7.237650102361574e-05,0.0,0.0,0.0,0.0,0.0,0.0,0.0004330198686910904,0.0009234512749951085
0.00039171369038525647,-3.615243120167548e-07,0.0,0.0,0.024198059992515425,0.0,0.0,0.28686434890555923,-0.28686434890555923,0.0,0.0,0.0,0.000502169528674315,-0.1338143500409693,0.0,0.0,0.26107355698200646,0.0,-8.53197668492013e-05,0.0,0.0,0.0013429080894011146,0.0,-1.2291830836802805e-05,0.0,0.0,-0.002898789293084098,0.0,0.0,0.0,0.0,-0.0006834161847517052,0.0,0.0,-6.424746560447132e-05,0.0,0.0,0.0,0.0,0.0,0.0,0.00038438483107529586,0.0008197329684160169
0.000743349739782293,-4.069982020144501e-07,0.0,0.0,0.02663705349255325,0.0,0.0,0.2866634483858434,-0.2866634483858434,0.0,0.0,0.0,0.0010188815423757534,-0.1325041335917229,0.0,0.0,0.2594427824419984,0.0013606417154274962,-9.605160856320966e-05,0.0,0.0,0.0,0.0,-1.3837943628567539e-05,0.0,0.0,-0.002658680280170633,0.0,0.0,0.0,0.0,-0.0007693788472201792,0.0,0.0,-7.232875387864148e-05,0.0,0.0,0.0,0.0,0.0,0.0,0.0004327342032865086,0.000922842069503267
0.005461591004145863,-7.416548652840987e-07,0.0,0.0,0.018899073273376883,0.0,0.0,0.26470831091585545,-0.26470831091585545,0.04001636876179649,0.0,0.0,0.0,-0.11980225449458495,-0.02029366422592987,0.0,0.2592286787760068,0.0,-0.0001750306081370331,0.0,0.0,0.0,0.0,-2.5216274093736247e-05,0.0,0.0,-0.002676745644152838,0.0,0.0,0.0,0.0,-0.0014020051254851934,0.0,0.0,-0.0001318014967843176,0.0,0.0,0.0,0.0,0.0,0.0,0.0007885524448358194,0.0016816543840939236
0.00133550586051749,-4.763516206855809e-07,0.0,0.0,0.020828040285861535,0.0,0.0,0.2815327080843113,-0.2815327080843113,0.01049516335297391,0.0,0.0,0.0,-0.1359630572899784,0.0,0.0,0.2606342297835345,0.0,-0.00011241902097375231,0.0,0.0,0.0,0.0,-1.6195960674513796e-05,0.0,0.0,-0.0028054137804347625,0.0,0.0,0.0,0.0,-0.0009004827514730011,0.002172376104701044,0.0,-8.465373793232658e-05,0.0,0.0,0.0,0.0,0.0,0.0,0.0005064730950685955,0.0010800964556327679
0.0010845981862463187,-4.2597224371070705e-07,0.0,0.0,0.025235106574292305,0.0,0.0,0.28461682093577834,-0.28461682093577834,0.0,0.0,0.0,0.0,-0.135675909671169,0.004572118925116004,0.0,0.25643373576382344,0.0,-0.00010052948393673819,0.0,0.0,0.0,0.0,-1.448306126815252e-05,0.0,0.0,-0.0028081760431935437,0.0,0.0,0.0,0.0,-0.0008052468836270219,0.0025415543569988408,0.0,-7.570068226834707e-05,0.0,0.0,0.0,0.0,0.0,0.0,0.0004529080437996007,0.0009658644804602407
0.0005225365633162983,-7.095767225670768e-08,0.0,0.0,0.0,0.0,0.0,0.28217029550495876,-0.28217029550495876,0.0,0.0,0.0,0.0028183612233093794,-0.14873831517806702,0.0036951304171784867,0.0,0.2778174752484191,0.0,-1.6746016386371716e-05,0.0,0.0,0.0,0.0,-2.4125616866185315e-06,0.0,0.0,-0.0016652776845965764,0.0,0.0,0.0,0.0,-0.00013413654363110617,0.0,0.0,-1.2610080307613988e-05,0.0,0.0,0.0,0.0,0.0,0.0,7.544458825393388e-05,0.00016089192725767806
0.0035662077505632358,-7.574305379135177e-08,0.0,0.0,0.0,0.0,0.0,0.2819312889991461,-0.2819312889991461,0.0,0.0,0.0,0.0,-0.1476307254426068,0.003944329810339191,0.0,0.28029334613267054,0.0,-1.7875366815234123e-05,0.0,0.0,0.0,0.0,-2.575264714764199e-06,0.0,0.0,-0.00027336824552909983,0.0,0.0,0.0,0.0,-0.00014318270479449748,0.0,0.0,-1.346050343361684e-05,0.0,0.0,0.0,0.0,0.0,0.0,8.053256715793568e-05,0.00017174247002896257
0.0006075036776262029,-7.136481478226767e-08,0.0,0.0,0.0,0.0,0.0,0.2821499607183388,-0.2821499607183388,0.0,0.0,0.0,0.002752563587355017,-0.14873107585455872,0.0037163324194775605,0.0,0.27785413364424927,0.0,-1.684210205530334e-05,0.0,0.0,0.0,0.0,-2.426404537249336e-06,0.0,0.0,-0.0016338483061563755,0.0,0.0,0.0,0.0,-0.00013490619530381442,0.0,0.0,-1.2682434709621181e-05,0.0,0.0,0.0,0.0,0.0,0.0,7.58774759068774e-05,0.00016181509657147577
0.006335589861096566,-7.442559010346768e-07,0.0,0.0,0.02632826395323887,0.0,0.0,0.2693305014710386,-0.2693305014710386,0.031084109332179588,0.0,0.0,0.0,-0.1164161084185126,-0.018655146186303113,0.0,0.2556138969014128,0.0,-0.0001756444527843482,0.0,0.0,0.0,0.0,-2.5304709339676502e-05,0.0,0.0,-0.002686133179300981,0.0,0.0,0.0,0.0,-0.001406922056020644,0.0,0.0,-0.00013226373389913027,0.0,0.0,0.0,0.0,0.0,0.0,0.0007913179536947656,0.0016875520642385409
0.003485442186156912,-4.733044186332267e-07,0.0,0.0,0.0,0.0,0.0,0.265416896088057,-0.265416896088057,0.03759826887981876,0.0,0.0,0.0,-0.13675904467702552,-0.012950877015702338,0.0,0.2739808266727427,0.0,-0.00011169988104316525,0.0,0.0,0.0,0.0,-1.6092355769094985e-05,0.0,0.0,-0.0017082279106326306,0.0,0.0,0.0,0.0,-0.0008947223997302089,0.0,0.0,-8.411221139443934e-05,0.0,0.0,0.0,0.0,0.0,0.0,0.0005032332071628211,0.0010731871222886139
9.026522385165641e-05,-5.731736802972822e-07,0.0,0.0,0.020276181787657846,0.0,0.0,0.28404284247264966,-0.28404284247264966,0.004782953835667867,0.0,0.0,0.0,-0.13275617372872428,0.0,0.0,0.26390135274368265,0.0,-0.00013526903486589403,0.0,0.0,0.0,0.0,-1.948791183370088e-05,0.0,0.0,-0.002068671323946745,0.0,0.0,0.0,0.0,-0.0010835126622707138,0.0,0.0,-0.00010186024863683642,0.0,0.0,0.0,0.0,0.0,-0.004788961601881862,0.0006094175715288154,0.001299634206471428
0.0008219300775169562,-2.9316810662569136e-07,0.0,0.0,0.0,0.0,0.0,0.27581589388910677,-0.27581589388910677,0.019277701398458413,0.0,0.0,0.0,-0.14777029130725564,0.0,0.0,0.275772543182254,0.0,-6.918769685333513e-05,0.0,0.0,0.0,0.0,-9.967719054041818e-06,0.0,0.0,-0.0017265771975919259,0.0,0.0,0.0,0.0,-0.0005541973866247912,0.0013369774801594958,0.0,-5.2099699026297204e-05,0.0,0.0,0.0,0.0,0.0,0.0,0.0003117062100563741,0.0006647396988284531
0.0021338897123880703,-4.922392098001548e-07,0.0,0.0,0.02563858313006682,0.0,0.0,0.2836913227283956,-0.2836913227283956,0.006163951478170009,0.0,0.0,0.0,-0.13286051958702924,0.0,0.0,0.2581684125868406,0.0,-0.0001161684932886005,0.0,0.0,0.0,0.0,-1.673613889022373e-05,0.0,0.0,-0.0028047516167706552,0.0,0.0,0.0,0.0,-0.0009305162379542136,0.002056370307732001,0.0,-8.747716446616716e-05,0.0,0.0,0.0,0.0,0.0,0.0,0.0005233653151904781,0.0011161205352118477
5.912107989105216e-05,-3.7541198590493686e-07,0.0,0.0,0.02425850959016449,0.0,0.0,0.286411899133111,-0.286411899133111,0.0015643799359073291,0.0,0.0,0.0,-0.13400085391495903,0.0,0.0,0.26067329405249456,0.0,-8.859725900901632e-05,0.0,0.0,0.0015683148469522303,0.0,-1.2764011911425266e-05,0.0,0.0,-0.002923234021720774,0.0,0.0,0.0,0.0,-0.0007096690833487361,0.0,0.0,-6.671548178152925e-05,0.0,0.0,0.0,0.0,0.0,0.0,0.0003991506739359283,0.0008512223697158815
7.240730097283395e-05,-4.59777945570681e-07,0.0,0.0,0.02778933948655156,0.0,0.0,0.28547109557127215,-0.28547109557127215,0.0038367021444219093,0.0,0.0,0.0,-0.1324221805419935,0.0,0.0,0.25778980088886694,0.0019207606720428128,-0.0001085076323073875,0.0,0.0,0.0,0.0,-1.563245552676861e-05,0.0,0.0,-0.0026197891401589283,0.0,0.0,0.0,0.0,-0.0008691523058076644,0.0,0.0,-8.170838519534422e-05,0.0,0.0,0.0,0.0,0.0,0.0,0.0004888514051916436,0.0010425167204727436
0.0011870765895991937,-1.6119865575301952e-07,0.0,0.0,0.0,0.0,0.0,0.280061609764244,-0.280061609764244,0.008394441885386947,0.0,0.0,0.0022054135600323515,-0.14692389643375062,0.0,0.0,0.2785674976459111,0.0,-3.804289578349266e-05,0.0,0.0,0.0,0.0,-5.480756180912935e-06,0.0,0.0,-0.0016844973403260606,0.0,0.0,0.0,0.0,-0.0003047257587941319,0.0,0.0,-2.864705013393168e-05,0.0,0.0,0.0,0.0,0.0,0.0,0.00017139184282111998,0.00036550751413633924
3.443579680707825e-05,-2.1866330739200005e-07,0.0,0.0,0.0,0.0,0.0,0.2780465243854001,-0.2780465243854001,0.015040858156348083,0.0,0.0,0.0,-0.14779130744147814,0.0,0.0,0.2771844246460483,0.0,-5.1604558213766974e-05,0.0,0.0,0.000913484183622714,0.0,-7.434555008720167e-06,0.0,0.0,-0.0017026734453602225,0.0,0.0,0.0,0.0,-0.0004133554461369235,0.0,0.0,-3.885924916711101e-05,0.0,0.0,0.0,0.0,0.0,0.0,0.000232490196870478,0.000495804890830692
0.0013902461010921953,-1.633153166971626e-07,0.0,0.0,0.0,0.0,0.0,0.2799873858300712,-0.2799873858300712,0.00850466729144679,0.0,0.0,0.0020467900242459786,-0.14688350485450075,0.0,0.0,0.2786612371764101,0.0,-3.8542427937348824e-05,0.0,0.0,0.0,0.0,-5.552722677769357e-06,0.0,0.0,-0.001612824924950589,0.0,0.0,0.0,0.0,-0.00030872703975581774,0.0,0.0,-2.902320768872113e-05,0.0,0.0,0.0,0.0,0.0,0.0,0.00017364234806354587,0.00037030690577114644
5.6712277117707574e-05,-3.6011636825957185e-07,0.0,0.0,0.0,0.0,0.0,0.27738458954103085,-0.27738458954103085,0.01574427651268918,0.0,0.0,0.0,-0.1456102985107124,0.0,0.0,0.27746921452762124,0.0,-8.498749200873615e-05,0.0,0.0,0.0,0.0,-1.224396073259188e-05,0.0,0.0,-0.001299714955362291,0.0,0.0,0.0,0.0,-0.0006807546443825076,0.0,0.0,-6.399725610235504e-05,0.0,0.0,0.0,0.0,0.0,-0.00300883225990029,0.00038288785782818766,0.0008165405471124535
0.0035830181683494545,-4.20905152286324e-07,0.0,0.0,0.0,0.0,0.0,0.26794026430972984,-0.26794026430972984,0.0324688909919606,0.0,0.0,0.0,-0.13853918416763436,-0.010550198037467358,0.0,0.275072639620511,0.0,-9.933364995113361e-05,0.0,0.0,0.0,0.0,-1.4310780100460971e-05,0.0,0.0,-0.0015191109581035747,0.0,0.0,0.0,0.0,-0.0007956681853930856,0.0,0.0,-7.480019571410484e-05,0.0,0.0,0.0,0.0,0.0,0.0,0.0004475205414478521,0.0009543751787549868
3.9777160423815313e-05,-2.5258034555325866e-07,0.0,0.0,0.0,0.0,0.0,0.2768571718748895,-0.2768571718748895,0.017373857534027853,0.0,0.0,0.0,-0.14802906188570777,0.0,0.0,0.27691652660085975,0.0010551754361934748,-5.96089819605161e-05,0.0,0.0,0.0,0.0,-8.587734702882077e-06,0.0,0.0,-0.0014391887489877291,0.0,0.0,0.0,0.0,-0.0004774713355744535,0.0,0.0,-4.488673797004944e-05,0.0,0.0,0.0,0.0,0.0,0.0,0.00026855193476982444,0.0005727095786972146
0.0012159900800373681,-2.805009052940066e-07,0.0,0.0,0.0,0.0,0.0,0.2762128995402522,-0.2762128995402522,0.01812257043049479,0.0,0.0,0.0,-0.14759635890931294,0.0,0.0,0.27627881541478966,0.0,-6.619823631547468e-05,0.0,0.0,0.0,0.0,-9.537034060614388e-06,0.0,0.0,-0.001598278544182626,0.0,0.0,0.0,0.0,-0.0005302516377004962,0.001171815900591753,0.0,-4.984857633603506e-05,0.0,0.0,0.0,0.0,0.0,0.0,0.000298238014744932,0.000636017640023556
0.003591403971602558,-1.7065030905138064e-07,0.0,0.0,0.0,0.0,0.0,0.2797301731710652,-0.2797301731710652,0.008886638014214977,0.0,0.0,0.0,-0.14599498231069322,0.0,0.0,0.28048318075842804,0.0,-4.027348672565393e-05,0.0,0.0,0.0,0.0,-5.802112503599692e-06,0.0,0.0,-0.0006159030201354393,0.0,0.0,0.0,0.0,-0.00032259291909858876,0.0,0.0,-3.032672906563158e-05,0.0,0.0,0.0,0.0,0.0,0.0,0.00018144115910694817,0.0003869385259858149
0.0,-4.151815967189856e-07,0.0,0.0,0.025535520908675127,0.0,0.0,0.28508089483258936,-0.28508089483258936,0.0,0.0,0.0,0.0,-0.13560612725322072,0.004221382586642381,0.0,0.25655461480300107,0.0,-9.79828903747455e-05,0.0,0.0,0.0,0.0,-1.4116179144231218e-05,0.0,0.0,-0.00285449801787926,0.0,0.0,0.0,0.0,-0.0007848485243660743,0.0018898814386604118,0.0,-7.378304713730093e-05,0.0,0.0,0.0,0.0008222070527128745,0.0,0.0,0.0004414350642979794,0.00094139738711233
0.0,-6.870489579349147e-08,0.0,0.0,0.0,0.0,0.0,0.2820659762987962,-0.2820659762987962,0.0,0.0,0.0,0.0026023966577581495,-0.14926534533643496,0.004336737250043068,0.0,0.2773454031512938,0.0,-1.6214360959015378e-05,0.0,0.0,0.0,0.0,-2.3359672605216744e-06,0.0,0.0,-0.0016756515331231396,0.0,0.0,0.0,0.0,-0.00012987795342177524,0.0,0.0,-1.2209733294912011e-05,0.0,0.0,0.0,0.00025297349102049854,0.0,0.0,7.304936040484906e-05,0.0001557839024969965
0.0,-6.874422605570604e-08,0.0,0.0,0.0,0.0,0.0,0.2820300482830968,-0.2820300482830968,0.0,0.0,0.0,0.0025051877664251875,-0.1493409227336851,0.004457658190943301,0.0,0.27730677283355976,0.0,-1.622364290407613e-05,0.0,0.0,0.0,0.0,-2.3373044898969597e-06,0.0,0.0,-0.0016470011717371193,0.0,0.0,0.0,0.0,-0.00012995230232959288,0.0,0.0,-1.2216722782437067e-05,0.0,0.0,0.0,0.00029259776173892163,0.0,0.0,7.309117766497511e-05,0.00015587308131989193
0.0,-6.343630305376449e-08,0.0,0.0,0.0,0.0,0.0,0.2815219160480646,-0.2815219160480646,0.0,0.0,0.0,0.0,-0.15052457207743047,0.006887577379315217,0.0,0.27716333715330127,0.0,-1.4970972646707166e-05,0.0,0.0,0.0,0.0,-2.1568350457517585e-06,0.0,0.0,-0.0008263051838991023,0.0,0.0,0.0,0.0,-0.00011991834232644211,0.0,0.0,-1.1273437395636808e-05,0.0,0.0,0.0,0.0011947077615359811,0.0,0.0,6.744761506449522e-05,0.00014383770960662372
0.0,-4.139737406944322e-07,0.0,0.0,0.02794068415126753,0.0,0.0,0.28709463552236614,-0.28709463552236614,0.0,0.0,0.0,0.0,-0.13182303463530728,0.00024197879667656376,0.0,0.25865134481471347,0.0,-9.769783625534914e-05,0.0,0.0,0.0,0.0,-1.4075112025269835e-05,0.0,0.0,-0.002598248467589392,0.0,0.0,0.0,0.0,-0.0007825652246581657,0.0,0.0,-7.356839576860113e-05,0.0,0.0,0.0,0.002208308064407991,0.0,0.0,0.0004401508310706999,0.0009386586517866114
0.0,-3.8416931498157966e-07,0.0,0.0,0.02550951180687787,0.0,0.0,0.28656371189587054,-0.28656371189587054,0.0,0.0,0.0,0.0,-0.13353447666700383,0.0008958480583347545,0.0,0.26016822244127136,0.0,-9.066398937874666e-05,0.0,0.0,0.0,0.0,-1.3061761202453084e-05,0.0,0.0,-0.0024531408168424577,0.0,0.0,0.0,0.0,-0.0007262237111489739,0.0,0.0,-6.827177047342937e-05,0.0,0.0,0.0,0.002133230208746948,0.0,0.0,0.0004084617613120938,0.0008710790463508394
0.0,-3.8542067911437147e-07,0.0,0.0,0.022816475705868134,0.0,0.0,0.284313848478018,-0.284313848478018,0.0,0.0,0.0,0.0,-0.1377634845679427,0.005340572301434888,0.0,0.25783238034817624,0.0,-9.095931141520296e-05,0.0,0.0,0.0,0.0,-1.3104307597603422e-05,0.0,0.0,-0.0027387443785499253,0.0,0.0,0.0,0.0,-0.0007285892574564877,0.0021098579332418017,0.0,-6.849415378599753e-05,0.0,0.0,0.0,0.0005855466704948013,0.0,0.0,0.0004097922538261756,0.0008739164334947922
0.0,-3.56059881289288e-07,0.0,0.0,0.023027481080964477,0.0,0.0,0.2863696637540141,-0.2863696637540141,0.0,0.0,0.0,0.0014618489729979177,-0.13449688976168456,6.0905207788432836e-05,0.0,0.2619055161106036,0.0,-8.403016075596164e-05,0.0,0.0,0.0,0.0,-1.2106040128159297e-05,0.0,0.0,-0.002773752232030265,0.0,0.0,0.0,0.0,-0.0006730863666026223,0.0,0.0,-6.327636680546531e-05,0.0,0.0,0.0,0.0015155065419726879,0.0,0.0,0.0003785748641870866,0.000807342725569161
0.0,-3.2224060792760556e-07,0.0,0.0,0.0,0.0,0.0,0.2732511808631141,-0.2732511808631141,0.024411590218704524,0.0,0.0,0.0,-0.14472261285683177,-0.0040713680011117605,0.0,0.27552227667818685,0.0,-7.604880950981247e-05,0.0,0.0,0.0,0.0,-1.0956184438326394e-05,0.0,0.0,-0.0017562653546368961,0.0,0.0,0.0,0.0,-0.0006091552892070727,0.0,0.0,-5.7266252050106335e-05,0.0,0.0,0.0,0.00118649960231417,0.0,0.0,0.0003426170731170988,0.0007306597130553032
0.0,-2.795174937448856e-07,0.0,0.0,0.0,0.0,0.0,0.2761648355534144,-0.2761648355534144,0.018967829483699614,0.0,0.0,0.0,-0.14797533453752565,0.0,0.0,0.27592758860129074,0.0,-6.59661511104168e-05,0.0,0.0,0.0,0.0,-9.503598056442712e-06,0.0,0.0,-0.001744140985613572,0.0,0.0,0.0,0.0,-0.0005283926220088767,0.0008828950726467338,0.0,-4.967381160354795e-05,0.0,0.0,0.0,0.0005877442756616329,0.0,0.0,0.00029719241844719567,0.000633787818012863
0.0,-2.0031498371124202e-07,0.0,0.0,0.0,0.0,0.0,0.27868993625201466,-0.27868993625201466,0.012644127344482609,0.0,0.0,0.0012654457488616654,-0.14754194848409227,0.0,0.0,0.2775708299545761,0.0,-4.727435234245782e-05,0.0,0.0,0.0,0.0,-6.810711788980278e-06,0.0,0.0,-0.0017244731295251415,0.0,0.0,0.0,0.0,-0.0003786702508410899,0.0,0.0,-3.559851882230207e-05,0.0,0.0,0.0,0.0007375657898595876,0.0,0.0,0.00021298164083672453,0.00045420125495795817
0.0,-2.1958962097920047e-07,0.0,0.0,0.0,0.0,0.0,0.27801404179109995,-0.27801404179109995,0.015121865908719247,0.0,0.0,0.0,-0.14780356440326872,0.0,0.0,0.27716558081500464,0.0,-5.1823168295197746e-05,0.0,0.0,0.0008827722601724682,0.0,-7.466049681518748e-06,0.0,0.0,-0.0017012409857995441,0.0,0.0,0.0,0.0,-0.0004151065253219351,0.0,0.0,-3.902386686598891e-05,0.0,0.0,0.0,5.1872513448909767e-05,0.0,0.0,0.00023347508469103012,0.0004979052469098835
0.0,-2.1173909037341672e-07,0.0,0.0,0.0,0.0,0.0,0.27828933258272026,-0.27828933258272026,0.013730032974421724,0.0,0.0,0.0008512123411948891,-0.14762672529054652,0.0,0.0,0.27747120486568766,0.0,-4.997044243786468e-05,0.0,0.0,0.0,0.0,-7.199131549105665e-06,0.0,0.0,-0.0016404200582562606,0.0,0.0,0.0,0.0,-0.0004002660858368236,0.0,0.0,-3.762872778873492e-05,0.0,0.0,0.0,0.0009012303646519055,0.0,0.0,0.000225128136006108,0.00048010467709143747
0.0,-2.840276832784528e-07,0.0,0.0,0.0,0.0,0.0,0.27510195475268434,-0.27510195475268434,0.02070116192445538,0.0,0.0,0.0,-0.1460742967628016,-0.0022836394434418102,0.0,0.2762881543247975,0.0,-6.703055620478796e-05,0.0,0.0,0.0,0.0,-9.656944553333239e-06,0.0,0.0,-0.0016295563257484509,0.0,0.0,0.0,0.0,-0.0005369185673494344,0.0,0.0,-5.047532961297597e-05,0.0,0.0,0.0,0.001208914103299713,0.0,0.0,0.00030198780394231407,0.000644014380740679
0.0,-3.539439311205266e-07,0.0,0.0,0.0,0.0,0.0,0.2773681037414147,-0.2773681037414147,0.01583672919423358,0.0,0.0,0.0,-0.1457482462630902,0.0,0.0,0.27742340813473665,0.0,-8.3530796345153e-05,0.0,0.0,0.0,0.0,-1.2034097797674168e-05,0.0,0.0,-0.0013192428538099923,0.0,0.0,0.0,0.0,-0.000669086429272287,0.0,0.0,-6.290033556449592e-05,0.0,0.0,0.0,8.361033297174171e-05,0.0,-0.0028457800751811595,0.0003763251146649981,0.0008025449455715083
0.0,-2.523344354439406e-07,0.0,0.0,0.0,0.0,0.0,0.2768657950867539,-0.2768657950867539,0.01737681170867849,0.0,0.0,0.0,-0.1480339611570797,0.0,0.0,0.27690522280860325,0.0010144096925113343,-5.955094715484607e-05,0.0,0.0,0.0,0.0,-8.579373756289204e-06,0.0,0.0,-0.0014477221753018885,0.0,0.0,0.0,0.0,-0.00047700647348049215,0.0,0.0,-4.484303661784418e-05,0.0,0.0,0.0,5.960765057028207e-05,0.0,0.0,0.0002682904748549915,0.0005721519934472757
0.0,-2.616002658745006e-07,0.0,0.0,0.0,0.0,0.0,0.2766911116918842,-0.2766911116918842,0.017751980992383957,0.0,0.0,0.0,-0.14790480247751622,0.0,0.0,0.2764690724022427,0.0,-6.173768388519071e-05,0.0,0.0,0.0,0.0,-8.894412099297419e-06,0.0,0.0,-0.0016323405717695708,0.0,0.0,0.0,0.0,-0.0004945223590542294,0.0005258296292374072,0.0,-4.6489692463929243e-05,0.0,0.0,0.0,0.0008505409133308622,0.0,0.0,0.0002781422180059696,0.0005931616639762398
0.0,-2.2988879827165973e-07,0.0,0.0,0.0,0.0,0.0,0.2776528854804946,-0.2776528854804946,0.015600066626989944,0.0,0.0,0.0,-0.14768899513225536,0.0,0.0,0.2774577620340633,0.0,-5.425377496845099e-05,0.0,0.0,0.0,0.0,-7.816221829917117e-06,0.0,0.0,-0.0014344664794576517,0.0,0.0,0.0,0.0,-0.0004345758230076954,0.0,0.0,-4.085416158437278e-05,0.0,0.0,0.0,0.0012095254144708187,0.0,0.0,0.0002444255170469957,0.0005212579645379006
0.0,-4.184725503098338e-07,0.0,0.0,0.02423957928999733,0.0,0.0,0.28424432107747094,-0.28424432107747094,0.0,0.0,0.0,0.0,-0.1370820047229137,0.005829385571980326,0.0,0.25597593686973563,0.0,-9.875955568811367e-05,0.0,0.0,0.0,0.00024200526274408706,-1.4228071604809637e-05,0.0,0.0,-0.0029301572009033496,0.0,0.0,0.0,0.0,-0.0007910696576965158,0.002839651749481769,0.0,-7.436789142192025e-05,0.0,0.0,0.0,0.0,0.0,0.0,0.0004449341170533475,0.0009488594112868488
0.0,-4.053568912527174e-07,0.0,0.0,0.021646100552959874,0.0,0.0,0.2854213330829163,-0.2854213330829163,0.0,0.0,0.0,0.002292210095496955,-0.13026418467794593,-0.0035221579135156214,0.0,0.263540233532695,0.0,-9.566425909081338e-05,0.0,0.0,0.0,0.0029850725106297512,-1.3782139043472561e-05,0.0,0.0,-0.002609099957884221,0.0,0.0,0.0,0.0,-0.0007662761559170193,0.0,0.0,-7.203707209347351e-05,0.0,0.0,0.0,0.0,0.0,0.0,0.00043098910637623096,0.0009191205036276477
0.0,-4.568477709926803e-07,0.0,0.0,0.02042615525997622,0.0,0.0,0.28595120099626054,-0.28595120099626054,0.0,0.0,0.0,0.0015909895421123402,-0.133413850497507,0.0,0.0,0.2642678048282097,0.0,-0.00010781611087020436,0.0,0.0,0.0,0.0003870816858261391,-1.553282955684652e-05,0.0,0.0,-0.0024443281277646963,0.0,0.0,0.0,0.0,-0.0008636131797677513,0.0,0.0,-8.118765592719344e-05,0.0,0.0,0.0,0.0,0.0,-0.0029771727580005483,0.00048573594484015907,0.0010358727393490333
0.0,-3.9611385328044257e-07,0.0,0.0,0.025454827461726986,0.0,0.0,0.28665724337023135,-0.28665724337023135,0.0,0.0,0.0,0.001379481389797792,-0.13310198501686787,0.0,0.0,0.26011231418924435,0.0012906918320851944,-9.34829013824658e-05,0.0,0.0,0.0,0.0003356225592908459,-1.3467875644312613e-05,0.0,0.0,-0.0027647219858147687,0.0,0.0,0.0,0.0,-0.0007488033566153933,0.0,0.0,-7.039446675694216e-05,0.0,0.0,0.0,0.0,0.0,0.0,0.00042116159693495516,0.0008981625135220095
0.0,-4.121063837399726e-07,0.0,0.0,0.022722685050763594,0.0,0.0,0.2862349247935599,-0.2862349247935599,0.0,0.0,0.0,0.0014351759785176592,-0.13341790106373136,0.0,0.0,0.2618410060575113,0.0,-9.725713986320349e-05,0.0,0.0,0.0,0.001960534843483767,-1.4011621866978405e-05,0.0,0.0,-0.002742063516034603,0.0,0.0,0.0,0.0,-0.0007790352214938774,0.0010742413354915324,0.0,-7.32365427016977e-05,0.0,0.0,0.0,0.0,0.0,0.0,0.0004381653942310775,0.0009344245408057142
0.0,-6.874016374059405e-07,0.0,0.0,0.021158858420687123,0.0,0.0,0.2741114547986466,-0.2741114547986466,0.023322691784815757,0.0,0.0,0.0,-0.12177973558282652,-0.013747083577579717,0.0,0.2603283171683478,0.0,-0.0001622268419738144,0.0,0.0,0.0,0.005062066973231943,-2.337166371135641e-05,0.0,0.0,-0.0024809374613959405,0.0,0.0,0.0,0.0,-0.0012994462303444502,0.0,0.0,-0.00012216000857405313,0.0,0.0,0.0,0.0,0.0,0.0,0.0007308685847465735,0.0015586387028341468
0.0,-5.026683285286993e-07,0.0,0.0,0.02351473423335137,0.0,0.0,0.28354843903998783,-0.28354843903998783,0.007002245427202177,0.0,0.0,0.0,-0.13361932155241715,0.0,0.0,0.2593956602498791,0.0,-0.00011862976615126987,0.0,0.0,0.0,0.0016911452872071975,-1.7090729048968738e-05,0.0,0.0,-0.002819473992856124,0.0,0.0,0.0,0.0,-0.0009502311735612389,0.0020105344962992986,0.0,-8.933055142943743e-05,0.0,0.0,0.0,0.0,0.0,0.0,0.0005344539056600175,0.0011397678866323425
0.0,-7.210345715634841e-07,0.0,0.0,0.04665792711221611,0.0,0.0,0.28752307910879804,-0.28752307910879804,0.0,0.0,0.0,0.0,-0.10327431377703085,-0.014419695820064015,0.0,0.24860174933745924,0.0,-0.00017016421715272955,0.0,0.0,0.0,0.005309741921831527,-2.4515183866069253e-05,0.0,0.0,-0.0026023238558232167,0.0,0.0,0.0,0.0,-0.0013630250569404568,0.0,0.0,-0.00012813700848426687,0.0,0.0,0.0,0.0,0.0,0.0,0.0007666282536955177,0.0016348992032682809
0.0,-5.098079290079946e-07,0.0,0.0,0.030950424598787194,0.0,0.0,0.2875757915831623,-0.2875757915831623,0.0,0.0,0.0,0.0,-0.12841546939187756,0.0,0.0,0.25597826002411095,0.0,-0.00012031471244130441,0.0,0.0,0.0,0.0017151653040211536,-1.733347554876648e-05,0.0,0.0,-0.0028595201161710263,0.0,0.0,0.0,0.0,-0.0009637276891703615,0.0020390909265312037,0.0,-9.059934918653524e-05,0.0,0.0,0.0,0.0,0.0,0.0,0.0005420449694777445,0.0011559564684224543
0.0,-3.7728388493619805e-07,0.0,0.0,0.025803109297555197,0.0,0.0,0.28730527838788955,-0.28730527838788955,0.0,0.0,0.0,0.0,-0.13287402618403293,0.0,0.0,0.2599998395016014,0.0,-8.903902733165419e-05,0.0,0.0,0.001561280892970601,8.912380880362097e-05,-1.2827656500381075e-05,0.0,0.0,-0.002922956037143192,0.0,0.0,0.0,0.0,-0.0007132076727372297,0.0,0.0,-6.704814203321497e-05,0.0,0.0,0.0,0.0,0.0,0.0,0.00040114094006466383,0.0008554667795618221
0.0,-6.418337267031571e-07,0.0,0.0,0.03858405013908549,0.0,0.0,0.286903135992927,-0.286903135992927,0.0,0.0,0.0,0.0,-0.11183481598838658,-0.010624177432176458,0.0,0.25373146227582866,0.0,-0.0001514728113658078,0.0,0.0,0.0,0.005463705757330479,-2.1822354214519053e-05,0.0,0.0,-0.0023164759143930796,0.0,0.0,0.0,0.0,-0.0012133058335731279,0.0,0.0,-0.00011406201162548548,0.0,0.0,0.0,0.0,0.0,0.0,0.0006824192465534291,0.0014553164158860495
0.0,-5.77420265491264e-07,0.0,0.0,0.02515386220735655,0.0,0.0,0.28678382477862957,-0.28678382477862957,0.0,0.0,0.0,0.0,-0.12928509635346583,0.0,0.0,0.2617201855548222,0.0,-0.0001362712293148223,0.0,0.0,0.0,0.00013640098449919778,-1.96322957799625e-05,0.0,0.0,-0.0020839978982774626,0.0,0.0,0.0,0.0,-0.0010915402968032417,0.0,0.0,-0.0001026149208044282,0.0,0.0,0.0,0.0,0.0,-0.004778975533916463,0.0006139326840072257,0.0013092630634278944
0.0,-4.6337555324472854e-07,0.0,0.0,0.03169107010285051,0.0,0.0,0.2876683238796427,-0.2876683238796427,0.0,0.0,0.0,0.0,-0.12963722515212936,0.0,0.0,0.25604965706329946,0.0019175465118872468,-0.00010935666800917016,0.0,0.0,0.0,0.0001094607955986222,-1.57547742297623e-05,0.0,0.0,-0.0026311663754569887,0.0,0.0,0.0,0.0,-0.0008759531300651408,0.0,0.0,-8.23477258084481e-05,0.0,0.0,0.0,0.0,0.0,0.0,0.0004926765029018077,0.0010506740629247404
0.0,-4.917256158801273e-07,0.0,0.0,0.027932358543495024,0.0,0.0,0.2870902070488289,-0.2870902070488289,0.0,0.0,0.0,0.0,-0.12990398084627197,0.0,0.0,0.25842073550320566,0.0,-0.00011604728508197266,0.0,0.0,0.0,0.002557995898303902,-1.671867669093602e-05,0.0,0.0,-0.0025886588623450684,0.0,0.0,0.0,0.0,-0.0009295453533257946,0.0016278920766259015,0.0,-8.738589229825248e-05,0.0,0.0,0.0,0.0,0.0,0.0,0.0005228192448277693,0.0011149559942539354
0.0,-3.6970235462452226e-07,0.0,0.0,0.022109054270984623,0.0,0.0,0.28669593628754086,-0.28669593628754086,0.0,0.0,0.0,0.0,-0.1340850365461749,0.0,0.0,0.26325908454771435,0.0,-8.724978556546736e-05,0.0,0.0,0.0010968786161139384,0.0015307605075705925,-1.2569884381113773e-05,0.0,0.0,-0.002431190859848983,0.0,0.0,0.0,0.0,-0.0006988757444326549,0.0,0.0,-6.570080772750421e-05,0.0,0.0,0.0,0.0,0.0,0.0,0.0003930800015571294,0.000838276150492212
0.0,-4.5180213209548186e-07,0.0,0.0,0.021359080452345858,0.0,0.0,0.2857224092517763,-0.2857224092517763,0.0,0.0,0.0,0.0,-0.12930715045703867,-0.003127745548528022,0.0,0.2652726519260553,0.0,-0.00010662533968274884,0.0,0.0,0.0,0.00529632246933242,-1.536127777533015e-05,0.0,0.0,-0.0016306228755639436,0.0,0.0,0.0,0.0,-0.0008540750348349194,0.0,0.0,-8.029098175971639e-05,0.0,0.0,0.0,0.0,0.0,0.0,0.0004803712515382141,0.0010244320798600967
0.0,-4.7210574858195525e-07,0.0,0.0,0.01959535342078583,0.0,0.0,0.2860340413514295,-0.2860340413514295,0.0,0.0,0.0,0.0,-0.1329392382809414,0.0,0.0,0.26602708201504066,0.0,-0.00011141699481420574,0.0,0.0,0.0,0.0025383896405377815,-1.6051600973332625e-05,0.0,0.0,-0.0017039017274054925,0.0,0.0,0.0,0.0,-0.0008924564649479913,0.0,0.0,-8.389919248995524e-05,0.0,0.0,0.0,0.0,0.0,-0.002451227897121183,0.0005019587407718813,0.0010704692155625107
0.0,-3.1217594306677704e-07,0.0,0.0,0.011876692945168948,0.0,0.0,0.2853082533302849,-0.2853082533302849,0.0,0.0,0.0,0.0,-0.13761113184924384,0.0,0.0,0.2726191048575586,0.0,-7.367354778937403e-05,0.0,0.0,0.0,0.004379911676304995,-1.0613985715346225e-05,0.0,0.0,-0.0011266906413311378,0.0,0.0,0.0,0.0,-0.0005901293077409266,0.0,0.0,-5.5477633171726046e-05,0.0,0.0,0.0,0.0,0.0,0.0,0.00033191598228097337,0.0007078387371810804
0.0,-4.1918817280129504e-07,0.0,0.0,0.023928362786785964,0.0,0.0,0.28662005008247143,-0.28662005008247143,0.0,0.0,0.0,0.0,-0.1327294898318189,0.0,0.0,0.26232621762666725,0.001088236847782649,-9.892844265392495e-05,0.0,0.0,0.0,0.002253865619028896,-1.4252402777888933e-05,0.0,0.0,-0.002057032540886211,0.0,0.0,0.0,0.0,-0.0007924224518975716,0.0,0.0,-7.449506663497705e-05,0.0,0.0,0.0,0.0,0.0,0.0,0.0004456949910011037,0.0009504820389489232
0.0,-4.3336781810568885e-07,0.0,0.0,0.02158763972757452,0.0,0.0,0.2862649581168754,-0.2862649581168754,0.0,0.0,0.0,0.0,-0.13298157558746032,0.0,0.0,0.26384946696866207,0.0,-0.00010227484009155892,0.0,0.0,0.0,0.0036801635153007575,-1.4734510884077366e-05,0.0,0.0,-0.0020141098341195187,0.0,0.0,0.0,0.0,-0.0008192272856887002,0.0009000384245656317,0.0,-7.701496984396351e-05,0.0,0.0,0.0,0.0,0.0,0.0,0.0004607712677102187,0.0009826334665295896
0.0,-3.997844874183239e-07,0.0,0.0,0.024619713259482985,0.0,0.0,0.2867758117401378,-0.2867758117401378,0.0,0.0,0.0,0.0,-0.1327781982517037,0.0,0.0,0.2616691641022775,0.0,-9.43491713356142e-05,0.0,0.0,0.0,0.0011808642203575315,-1.3592677247930741e-05,0.0,0.0,-0.0022731742565810726,0.0,0.0,0.0,0.0,-0.0007557422282064524,0.0,0.0,-7.104678510091345e-05,0.0,0.0,0.0,0.0016605820053486962,0.0,0.0,0.00042506433884229153,0.0009064854387522088
0.0,-2.6263947107975616e-07,0.0,0.0,0.011441228270941494,0.0,0.0,0.2849586419385995,-0.2849586419385995,0.0,0.0,0.0,0.0021737158903888604,-0.13932341287014768,0.0,0.0,0.27138473567998017,0.0,-6.198293639760479e-05,0.0,0.0,0.0,0.0022357578459013647,-8.929745088430206e-06,0.0,0.0,-0.0020347638959307525,0.0,0.0,0.0,0.0,-0.0004964868456266207,0.0,0.0,-4.6674372438308256e-05,0.0,0.0,0.0,0.0,0.0,0.0,0.00027924713599902627,0.0005955179944895195
0.0,-3.477188293103951e-07,0.0,0.0,0.021337427684320166,0.0,0.0,0.2864824106340411,-0.2864824106340411,0.0,0.0,0.0,0.0008145584647172501,-0.1349363525036707,0.0,0.0,0.2633531010171412,0.0,-8.206167181493787e-05,0.0,0.0,0.001031655177522763,0.0008966982742829813,-1.1822444263323577e-05,0.0,0.0,-0.0026939047543285844,0.0,0.0,0.0,0.0,-0.0006573186582334921,0.0,0.0,-6.179405584516069e-05,0.0,0.0,0.0,0.0,0.0,0.0,0.000369706376648831,0.0007884299302989683
0.0,-3.6309861179412235e-07,0.0,0.0,0.02185589967222675,0.0,0.0,0.28554428598917986,-0.28554428598917986,0.0029770538145056412,0.0,0.0,0.0,-0.1353758424803601,0.0,0.0,0.26224254192787083,0.0,-8.569130172387252e-05,0.0,0.0,0.001502579218177263,8.577289554753187e-05,-1.2345357047645635e-05,0.0,0.0,-0.002813057545782589,0.0,0.0,0.0,0.0,-0.0006863922002276826,0.0,0.0,-6.45272386859366e-05,0.0,0.0,0.0,0.0,0.0,0.0,0.0003860586796488802,0.0008233025912236203
0.0,-5.31148305985062e-07,0.0,0.0,0.028032941680832524,0.0,0.0,0.28614137123530436,-0.28614137123530436,0.0,0.0,0.0,0.0,-0.12275212713850908,-0.005869105359992623,0.0,0.2606388229886963,0.0,-0.00012535104313231773,0.0,0.0,0.0,0.0054957838309851485,-1.805904861557466e-05,0.0,0.0,-0.001916995331649389,0.0,0.0,0.0,0.0,-0.0010040689844306222,0.0,0.0,-9.439180543428284e-05,0.0,0.0,0.0,0.0,0.0,0.0,0.000564734777401459,0.001204344391405951
0.0,-4.5208885285795627e-07,0.0,0.0,0.02137957095343255,0.0,0.0,0.2857234052201849,-0.2857234052201849,0.0,0.0,0.0,0.0,-0.12928864328720682,-0.0031349322338976924,0.0,0.265257202309975,0.0,-0.00010669300580586149,0.0,0.0,0.0,0.005297949676251303,-1.5371026284607644e-05,0.0,0.0,-0.001631657694572038,0.0,0.0,0.0,0.0,-0.0008546170443293466,0.0,0.0,-8.03419356837344e-05,0.0,0.0,0.0,0.0,0.0,0.0,0.00048067610271470813,0.0010250822006235346
0.0,-4.7034107480881116e-07,0.0,0.0,0.02500801003637144,0.0,0.0,0.2861978213744832,-0.2861978213744832,0.0,0.0,0.0,0.0,-0.12814828112810525,-0.002984971137801428,0.0,0.2621400548675189,0.0,-0.00011100053166114793,0.0,0.0,0.0,0.004129204334507667,-1.599160204440686e-05,0.0,0.0,-0.001974060733824273,0.0,0.0,0.0,0.0,-0.0008891205714069847,0.0,0.0,-8.35855875295842e-05,0.0,0.0,0.0,0.000553055966990413,0.0,0.0,0.0005000824801508209,0.0010664679320464016
0.0,-4.5145887182593296e-07,0.0,0.0,0.02413675758166573,0.0,0.0,0.28625424562350665,-0.28625424562350665,0.0,0.0,0.0,0.0,-0.1291084809310415,-0.0026660672666569507,0.0,0.26256508684401186,0.0,-0.00010654433023139788,0.0,0.0,0.0004644964723496396,0.0038970776223964704,-1.534960692215086e-05,0.0,0.0,-0.002093880469192045,0.0,0.0,0.0,0.0,-0.0008534261445224442,0.0,0.0,-8.022998004661388e-05,0.0,0.0,0.0,0.0,0.0,0.0,0.00048000628565254686,0.0010236537594253605
0.0,-4.6573685825428604e-07,0.0,0.0,0.025539030317795107,0.0,0.0,0.28636259624711147,-0.28636259624711147,0.0,0.0,0.0,0.0,-0.12752133109892633,-0.00322957197512309,0.0,0.26208396528843686,0.0,-0.00010991393618223279,0.0,0.00047918679021049485,0.0,0.003860598948053408,-1.5835058627704068e-05,0.0,0.0,-0.001920508824920492,0.0,0.0,0.0,0.0,-0.0008804168798242223,0.0,0.0,-8.276735972334836e-05,0.0,0.0,0.0,0.0,0.0,0.0,0.0004951871219585254,0.0010560281691369127
0.0,-4.7112274654729986e-07,0.0,0.0,0.02523422984954033,0.0,0.0,0.28630414404219945,-0.28630414404219945,0.0,0.0,0.0,0.0,-0.1287305707369393,-0.002435956832195145,0.0,0.2618370785876083,0.0005539751047020718,-0.00011118500625459484,0.0,0.0,0.0,0.003951408395484279,-1.6018178892657572e-05,0.0,0.0,-0.0019773414753293988,0.0,0.0,0.0,0.0,-0.0008905982233918986,0.0,0.0,-8.372450053339406e-05,0.0,0.0,0.0,0.0,0.0,0.0,0.0005009135798837246,0.0010682403220993522
0.0,-5.265443100080253e-07,0.0,0.0,0.023455949696018025,0.0,0.0,0.2836610965037717,-0.2836610965037717,0.004334002316451164,0.0,0.0,0.0,-0.12602211344822503,-0.005818231927541215,0.0,0.2627136067799672,0.0,-0.00012426449970970766,0.0,0.0,0.0,0.0054481463512767395,-1.790251269850905e-05,0.0,0.0,-0.0019003788072334,0.0,0.0,0.0,0.0,-0.000995365709821824,0.0,0.0,-9.357361682747046e-05,0.0,0.0,0.0,0.0,0.0,0.0,0.0005598396537345821,0.0011939051286416343
0.0,-4.454583704184315e-07,0.0,0.0,0.02269560296246316,0.0,0.0,0.2856068720588498,-0.2856068720588498,0.0,0.0,0.0,0.0012221938227424882,-0.1288183467062898,-0.0037000512075371036,0.0,0.26340384344533135,0.0,-0.00010512821141435246,0.0,0.0,0.0,0.0042017533675557175,-1.5145589804116525e-05,0.0,0.0,-0.0022188241824816477,0.0,0.0,0.0,0.0,-0.0008420829522606694,0.0,0.0,-7.916361467373638e-05,0.0,0.0,0.0,0.0,0.0,0.0,0.00047362635035297395,0.0010100480110226701
0.0,-3.8988568821192974e-07,0.0,0.0,0.019683498872827193,0.0,0.0,0.2853637140444544,-0.2853637140444544,0.0,0.0,0.0,0.0018773051384781854,-0.13192394739691948,-0.0026991090548504353,0.0,0.2652133849198617,0.0,-9.201305392302517e-05,0.0,0.0,0.0,0.0033189603331167518,-1.3256117959141234e-05,0.0,0.0,-0.002345809545468249,0.0,0.0,0.0,0.0,-0.0007370297948723878,0.0,0.0,-6.92876426576553e-05,0.0,0.0,0.0,0.0,0.0,0.0,0.00041453960195925237,0.0008840405525094391
0.0,-5.872105104617575e-07,0.0,0.0,0.018335795342832285,0.0,0.0,0.27710792365641757,-0.27710792365641757,0.01696456179831417,0.0,0.0,0.0,-0.12659251317647985,-0.009720007524736913,0.0,0.26372388480337183,0.0,-0.00013858172791896694,0.0,0.0,0.0,0.004998717445489909,-1.996516422346178e-05,0.0,0.0,-0.002119332387143681,0.0,0.0,0.0,0.0,-0.001110047522024679,0.0,0.0,-0.00010435477178012682,0.0,0.0,0.0,0.0,0.0,0.0,0.0006243420023686268,0.0013314618099697611
0.0,-5.078361249999429e-07,0.0,0.0,0.022622556877763676,0.0,0.0,0.2861226263859846,-0.2861226263859846,0.0,0.0,0.0,0.0,-0.1299045613864139,-0.0014314947478867557,0.0,0.26382939624795926,0.0,-0.00011984936653607109,0.0,0.0,0.0,0.0031645656950996075,-1.726643418943135e-05,0.0,0.0,-0.0018328581111867188,0.0,0.0,0.0,0.0,-0.0009600002420043785,0.0,0.0,-9.02489345505752e-05,0.0,0.0,0.0,0.0,0.0,-0.002090007336793545,0.0005399484810111171,0.0011514855305105945
0.0,-5.180325877685345e-07,0.0,0.0,0.02185991443757437,0.0,0.0,0.28626989531215863,-0.28626989531215863,0.0,0.0,0.0,0.0,-0.13153932707235308,0.0,0.0,0.2641374879772892,0.0,-0.00012225573257339164,0.0,0.0,0.0,0.0018895543746977764,-1.7613114042816917e-05,0.0,0.0,-0.0018696587021073206,0.0,0.0,0.0,0.0,-0.000979275370817709,0.0,0.0,-9.206097559245678e-05,0.0,0.0,0.0,0.0,0.0,-0.003227148532616105,0.000550789703824063,0.0011746053496066158
0.0,-4.267442224493068e-07,0.0,0.0,0.01859003919812679,0.0,0.0,0.28575261128929985,-0.28575261128929985,0.0,0.0,0.0,0.0013162109777456335,-0.13442493634956063,0.0,0.0,0.26591304068680366,0.0,-0.00010071167098142806,0.0,0.0,0.0,0.0014170185446949976,-1.4509308554293645e-05,0.0,0.0,-0.0021982905426997166,0.0,0.0,0.0,0.0,-0.0008067062122162949,0.0,0.0,-7.58378727028683e-05,0.0,0.0,0.0,0.0,0.0,-0.002215705583219434,0.0004537288376083906,0.000967614892263575
0.0,-5.423975871218569e-07,0.0,0.0,0.016936500581523746,0.0,0.0,0.28289513230550056,-0.28289513230550056,0.006691686691152217,0.0,0.0,0.0,-0.1348880674645557,0.0,0.0,0.2660433823493093,0.0,-0.00012800587438960805,0.0,0.0,0.0,0.000128127759441325,-1.8441524305792452e-05,0.0,0.0,-0.0019575957048044035,0.0,0.0,0.0,0.0,-0.0010253343337865775,0.0,0.0,-9.639094568263705e-05,0.0,0.0,0.0,0.0,0.0,-0.004489112962298505,0.0005766953921810399,0.0012298514079807695
0.0,-3.7960344178394744e-07,0.0,0.0,0.024351546623038622,0.0,0.0,0.287022296012283,-0.287022296012283,0.0,0.0,0.0,0.0,-0.13332498633401893,0.0,0.0,0.26123237438239344,0.0,-8.95864429351566e-05,0.0,0.0,0.0013513068141204115,0.0008215814057081492,-1.2906521460333094e-05,0.0,0.0,-0.0027213535931048362,0.0,0.0,0.0,0.0,-0.0007175925028538005,0.0,0.0,-6.746035676909831e-05,0.0,0.0,0.0,0.0,0.0,0.0,0.0004036071710689299,0.000860726224520332
0.0,-4.6403251044959895e-07,0.0,0.0,0.02022316704930897,0.0,0.0,0.28573025877669983,-0.28573025877669983,0.0,0.0,0.0,0.0014849542573967406,-0.13374275779750114,0.0005242256402176007,0.0,0.2640990220716636,0.0,-0.0001095117099626055,0.0,0.0,0.0,0.0,-1.5777110782411383e-05,0.0,0.0,-0.0024172413070678764,0.0,0.0,0.0,0.0,-0.0008771950249296745,0.0,0.0,-8.246447545437943e-05,0.0,0.0,0.0,0.0,0.0,-0.003417163297016786,0.0004933750019399751,0.0010521636708481095
0.0,-4.2471955576809565e-07,0.0,0.0,0.02394644927957772,0.0,0.0,0.2841755929090744,-0.2841755929090744,0.0,0.0,0.0,0.0,-0.13713614592029594,0.005916407297681359,0.0,0.256222068905477,0.0,-0.00010023384948105749,0.0,0.0,0.0,0.0,-1.4440469863452834e-05,0.0,0.0,-0.002892026270078901,0.0,0.0,0.0,0.0,-0.0008028788348237529,0.0027182970948583505,0.0,-7.547806369794694e-05,0.0,0.0,0.0,0.0,0.0,-0.00040936324103022284,0.0004515761437663094,0.00096302409166324
0.0,-4.874120308273865e-07,0.0,0.0,0.020140802514869906,0.0,0.0,0.2852590882163775,-0.2852590882163775,0.0016519136794705279,0.0,0.0,0.0012844523064793603,-0.13346053513939346,0.0,0.0,0.2641899106483959,0.0,-0.00011502927866096332,0.0,0.0,0.0,0.0,-1.6572014748693e-05,0.0,0.0,-0.0024013705902213283,0.0,0.0,0.0,0.0,-0.0009213910639976415,0.0,0.0,-8.661931340411968e-05,0.0,0.0,0.0,0.0,0.0,-0.0035893314902742486,0.0005182328958417851,0.001105175219456045
0.0,-6.329343815148245e-07,0.0,0.0,0.019482305888294943,0.0,0.0,0.28035764099967764,-0.28035764099967764,0.012152751154084882,0.0,0.0,0.0,-0.1307742106593577,-0.003335880014314675,0.0,0.2630056632457867,0.0,-0.00014937256518224296,0.0,0.0,0.0,0.0,-2.1519776374032824e-05,0.0,0.0,-0.0022843568188626313,0.0,0.0,0.0,0.0,-0.0011964827421979706,0.0,0.0,-0.00011248048486536203,0.0,0.0,0.0,0.0,0.0,-0.0046609668271667265,0.0006729571628616983,0.0014351377269135285
0.0,-5.602534483527386e-07,0.0,0.0,0.021182206490516685,0.0,0.0,0.2829412971233486,-0.2829412971233486,0.0078044148082391735,0.0,0.0,0.0,-0.13363812196053604,0.0,0.0,0.2616762460721383,0.0,-0.00013221985908295255,0.0,0.0,0.0,0.0,-1.9048623796476914e-05,0.0,0.0,-0.0025141761058692096,0.0,0.0,0.0,0.0,-0.0010590885908372057,0.0009842717433244728,0.0,-9.956415919038066e-05,0.0,0.0,0.0,0.0,0.0,-0.0031414683236444117,0.0005956803455432312,0.0012703384171358736
0.0,-4.890276939017791e-07,0.0,0.0,0.021864954228321958,0.0,0.0,0.2862046589990349,-0.2862046589990349,0.0,0.0,0.0,0.0012887099817748885,-0.13224553788608887,0.0,0.0,0.26340825235964205,0.0,-0.00011541057527707485,0.0,0.0,0.0,0.0,-1.6626947312118448e-05,0.0,0.0,-0.0024093306025828754,0.0,0.0,0.0,0.0,-0.0009244452715777237,0.0,0.0,-8.690643726923788e-05,0.0,0.0,0.0,0.0,0.0,-0.0036012293302613873,0.0005199507232666145,0.0011088386308613354
0.0,-6.487013947625382e-07,0.0,0.0,0.03242311719213123,0.0,0.0,0.287341623492713,-0.287341623492713,0.0,0.0,0.0,0.0,-0.12157643584738038,-0.003418980041607554,0.0,0.2571019029882168,0.0,-0.0001530935815827689,0.0,0.0,0.0,0.0,-2.205585500885931e-05,0.0,0.0,-0.0023412623769701094,0.0,0.0,0.0,0.0,-0.0012262882951871226,0.0,0.0,-0.00011528248353501385,0.0,0.0,0.0,0.0,0.0,-0.00477707606037856,0.0006897211826588054,0.0014708884085219182
0.0,-5.811459025336978e-07,0.0,0.0,0.02537107264764237,0.0,0.0,0.28682210420052706,-0.28682210420052706,0.0,0.0,0.0,0.0,-0.12913084727586083,0.0,0.0,0.2615692928885767,0.0,-0.0001371504799578896,0.0,0.0,0.0,0.0,-1.97589674829787e-05,0.0,0.0,-0.0020974442911912456,0.0,0.0,0.0,0.0,-0.0010985831444587867,0.0,0.0,-0.00010327701386368394,0.0,0.0,0.0,0.0,0.0,-0.004892179132969907,0.0006178939068561538,0.00131771070418267
0.0,-5.691370109856453e-07,0.0,0.0,0.029446242683650432,0.0,0.0,0.2874277072325972,-0.2874277072325972,0.0,0.0,0.0,0.0,-0.12782896772963911,0.0,0.0,0.2578973063776973,0.0,-0.0001343163805821616,0.0,0.0,0.0,0.0,-1.9350665029894075e-05,0.0,0.0,-0.0025540417077183648,0.0,0.0,0.0,0.0,-0.0010758818472788431,0.0009998786792662898,0.0,-0.00010114288118979182,0.0,0.0,0.0,0.0,0.0,-0.00319128047686621,0.0006051256486901973,0.0012904813201859034
0.0,-4.183878477689311e-07,0.0,0.0,0.027733187406743628,0.0,0.0,0.2871559365351183,-0.2871559365351183,0.0,0.0,0.0,0.0,-0.13160639231849305,0.0,0.0,0.25902891090870483,0.0,-9.873956588161619e-05,0.0,0.0,0.0,0.00030977468406095514,-1.42251917174283e-05,0.0,0.0,-0.0025525853069010723,0.0,0.0,0.0,0.0,-0.0007909095382096145,0.0,0.0,-7.435283870374232e-05,0.0,0.0,0.0,0.002085119370282099,0.0,0.0,0.0004448440584575787,0.0009486673537599311
0.0,-3.5684882373813346e-07,0.0,0.0,0.022956424083160384,0.0,0.0,0.2863815799402515,-0.2863815799402515,0.0,0.0,0.0,0.0014711920921171965,-0.1344561294080096,0.0,0.0,0.2620097220531356,0.0,-8.421635123764027e-05,0.0,0.0,0.0,7.324819077104847e-05,-1.2132864180647176e-05,0.0,0.0,-0.002764638155348759,0.0,0.0,0.0,0.0,-0.0006745777629498579,0.0,0.0,-6.341657190692404e-05,0.0,0.0,0.0,0.0014822404419842744,0.0,0.0,0.00037941369438424785,0.0008091316014870593
0.0,-4.7187210869632014e-07,0.0,0.0,0.024127664192341268,0.0,0.0,0.2863156509542214,-0.2863156509542214,0.0,0.0,0.0,0.0,-0.13015601177934263,-0.0013301189340815534,0.0,0.2621055918146709,0.0,-0.00011136185578231641,0.0,0.0,0.0,0.0041056551248240805,-1.604365721448848e-05,0.0,0.0,-0.0020914578609539853,0.0,0.0,0.0,0.0,-0.0008920147981667011,0.0007767987511354464,0.0,-8.385767171246608e-05,0.0,0.0,0.0,0.0,0.0,0.0,0.0005017103269723465,0.001069939452250263
0.0,-4.634877918246659e-07,0.0,0.0,0.024178003630497023,0.0,0.0,0.2865413773705904,-0.2865413773705904,0.0,0.0,0.0,0.0,-0.13174105464465524,0.0,0.0,0.2615421012357084,0.0,-0.00010938315632310488,0.0,0.0,0.0,0.0034230119781906237,-1.5758590342792866e-05,0.0,0.0,-0.0022502691921011775,0.0,0.0,0.0,0.0,-0.0008761653029661964,0.001154941972832622,0.0,-8.236767203077487e-05,0.0,0.0,0.0,0.0,0.0,0.0,0.0004927958387421795,0.0010509285566371815
0.0,-4.0000487250591957e-07,0.0,0.0,0.021735192327825732,0.0,0.0,0.2842955823056567,-0.2842955823056567,0.0,0.0,0.0,0.0,-0.1374665644374153,0.004934954257350969,0.0,0.2589997968567533,0.0,-9.440118223409514e-05,0.0,0.0,0.0,0.0010938664195920388,-1.360017034348652e-05,0.0,0.0,-0.0025992961502718593,0.0,0.0,0.0,0.0,-0.0007561588384612387,0.0023112349858715243,0.0,-7.108595033230841e-05,0.0,0.0,0.0,0.0,0.0,0.0,0.0004252986596938945,0.0009069851476681641
0.0,-3.9484128475607946e-07,0.0,0.0,0.02048036684148384,0.0,0.0,0.2859840388905607,-0.2859840388905607,0.0,0.0,0.0,0.0012178124649944763,-0.13435244067158778,0.0,0.0,0.2639375418996579,0.0,-9.318257510788525e-05,0.0,0.0,0.0,0.002541120861480739,-1.3424608299600853e-05,0.0,0.0,-0.0024439610781010713,0.0,0.0,0.0,0.0,-0.000746397726075904,0.0008200247296597004,0.0,-7.016831515446138e-05,0.0,0.0,0.0,0.0,0.0,0.0,0.00041980855919721547,0.0008952770467931755
0.0,-4.660962407379555e-07,0.0,0.0,0.020726148863452386,0.0,0.0,0.28373258423626807,-0.28373258423626807,0.005750339022510323,0.0,0.0,0.0,-0.13468650142115166,0.0,0.0,0.26230774165380716,0.0,-0.00010999875047741894,0.0,0.0,0.0,0.0024246698433404573,-1.584727763635201e-05,0.0,0.0,-0.0024537346140335397,0.0,0.0,0.0,0.0,-0.000881096247152206,0.0015430442359289358,0.0,-8.283122655883058e-05,0.0,0.0,0.0,0.0,0.0,0.0,0.0004955692295255271,0.001056843045648237
0.0,-4.442063195022667e-07,0.0,0.0,0.02704631288503279,0.0,0.0,0.2869813534389994,-0.2869813534389994,0.0,0.0,0.0,0.0,-0.1314721514028182,0.0,0.0,0.2597013813791271,0.0013836192992563827,-0.00010483272729696464,0.0,0.0,0.0,0.001620268713015681,-1.510302005832347e-05,0.0,0.0,-0.002295018077819904,0.0,0.0,0.0,0.0,-0.0008397161076756762,0.0,0.0,-7.894110931103309e-05,0.0,0.0,0.0,0.0,0.0,0.0,0.0004722951276276669,0.0010072090666418889
0.0,-3.830363857387441e-07,0.0,0.0,0.022652325425947552,0.0,0.0,0.2863169057550367,-0.2863169057550367,0.0,0.0,0.0,0.0011814025105992738,-0.13408110949617308,0.0,0.0,0.2625430279616085,0.0009943847084635635,-9.039661798589025e-05,0.0,0.0,0.0,0.0012718852027322357,-1.302324159494642e-05,0.0,0.0,-0.00247033040738817,0.0,0.0,0.0,0.0,-0.000724082051086299,0.0,0.0,-6.807043454624003e-05,0.0,0.0,0.0,0.0,0.0,0.0,0.0004072571927639973,0.0008685102026510776
0.0,-4.405476715778448e-07,0.0,0.0,0.024694690763492396,0.0,0.0,0.28446626505380884,-0.28446626505380884,0.005435140311664499,0.0,0.0,0.0,-0.13417073849183933,0.0,0.0,0.25984041067812763,0.0018230798863659193,-0.00010396928609116124,0.0,0.0,0.0,0.0001040682839056961,-1.4978625986103151e-05,0.0,0.0,-0.002501543752415645,0.0,0.0,0.0,0.0,-0.0008327998945117265,0.0,0.0,-7.829092106955109e-05,0.0,0.0,0.0,0.0,0.0,0.0,0.0004684051298663885,0.000998913319374589
0.0001721328951310003,-4.1671014556158774e-07,0.0,0.0,0.024412906493653616,0.0,0.0,0.28417182253675605,-0.28417182253675605,0.0,0.0,0.0,0.0,-0.13717026189742043,0.0059769679038693445,0.0,0.25571265193144277,0.0,-9.834362802511515e-05,0.0,0.0,0.0,0.0,-1.4168149822756942e-05,0.0,0.0,-0.0029522433696442013,0.0,0.0,0.0,0.0,-0.0007877380534613385,0.0028965456626017447,0.0,-7.40546896961153e-05,0.0,0.0,0.0,0.0,0.0,0.0,0.00044306026893601967,0.0009448632726377743
0.00030794884908193893,-4.5431542757758906e-07,0.0,0.0,0.02062088031099554,0.0,0.0,0.2859058950633431,-0.2859058950633431,0.0,0.0,0.0,0.0016591577732117167,-0.13340570546325525,0.0,0.0,0.2641117300425753,0.0,-0.0001072184776196149,0.0,0.0,0.0,0.0,-1.544672985111622e-05,0.0,0.0,-0.0024692726292929114,0.0,0.0,0.0,0.0,-0.0008588261034420448,0.0,0.0,-8.073762631354954e-05,0.0,0.0,0.0,0.0,0.0,-0.0030376572656328348,0.0004830434719870765,0.0010301308146272313
0.002749769056675436,-3.7340393994038036e-07,0.0,0.0,0.023606168340244982,0.0,0.0,0.28492066004129474,-0.28492066004129474,0.0,0.0,0.0,0.003028112393818199,-0.12962007888198981,-0.004161107468232553,0.0,0.26201460658784936,0.0,-8.81233599991193e-05,0.0,0.0,0.0,0.0,-1.2695738325145103e-05,0.0,0.0,-0.002861728027204515,0.0,0.0,0.0,0.0,-0.0007058731253279664,0.0,0.0,-6.635862648922442e-05,0.0,0.0,0.0,0.0,0.0,0.0,0.0003970156517998743,0.000846669255514352
0.00026629053162214943,-3.928571160257528e-07,0.0,0.0,0.025711553423856753,0.0,0.0,0.2866304698839991,-0.2866304698839991,0.0,0.0,0.0,0.0014347123127451953,-0.13308946302752336,0.0,0.0,0.25990434988507377,0.0013133664414768126,-9.27143111271959e-05,0.0,0.0,0.0,0.0,-1.335714653956376e-05,0.0,0.0,-0.0027919206899957535,0.0,0.0,0.0,0.0,-0.0007426469049595621,0.0,0.0,-6.981570315018427e-05,0.0,0.0,0.0,0.0,0.0,0.0,0.00041769892414120257,0.000890778072674186
0.0017001365416112449,-3.931074404476577e-07,0.0,0.0,0.02405531416736704,0.0,0.0,0.2860166209530019,-0.2860166209530019,0.0,0.0,0.0,0.0017940455794551314,-0.1333733879462512,0.0,0.0,0.26070714768400616,0.0,-9.27733877109931e-05,0.0,0.0,0.0,0.0,-1.3365657572836214e-05,0.0,0.0,-0.002913172700196756,0.0,0.0,0.0,0.0,-0.0007431201117555699,0.0011947302770528587,0.0,-6.986018898184681e-05,0.0,0.0,0.0,0.0,0.0,0.0,0.00041796507750192996,0.0008913456670920839
0.006004283635851773,-8.153496238907008e-07,0.0,0.0,0.025097215829114845,0.0,0.0,0.2650897490359871,-0.2650897490359871,0.0396723768119744,0.0,0.0,0.0,-0.11442551968325562,-0.022310150271363495,0.0,0.2547454011420868,0.0,-0.00019242257712315225,0.0,0.0,0.0,0.0,-2.772189674826298e-05,0.0,0.0,-0.0029427212796279104,0.0,0.0,0.0,0.0,-0.0015413157861767705,0.0,0.0,-0.0001448979921275908,0.0,0.0,0.0,0.0,0.0,0.0,0.0008669071955304853,0.0018487524774207483
0.0014178129936052036,-5.05709137862723e-07,0.0,0.0,0.024791233143380997,0.0,0.0,0.28280617613880493,-0.28280617613880493,0.008462417352225407,0.0,0.0,0.0,-0.13362420228662744,0.0,0.0,0.25794016389055957,0.0,-0.00011934739739981437,0.0,0.0,0.0,0.0,-1.7194116601889546e-05,0.0,0.0,-0.002978311236162045,0.0,0.0,0.0,0.0,-0.0009559794406750686,0.002306259492600903,0.0,-8.987094190001907e-05,0.0,0.0,0.0,0.0,0.0,0.0,0.0005376869966122429,0.0011466627249016174
0.006521750307171183,-8.85618831913616e-07,0.0,0.0,0.07035162499322078,0.0,0.0,0.2879359565694675,-0.2879359565694675,0.0,0.0,0.0,0.0,-0.08119558669277112,-0.024232904074768812,0.0,0.2336086446872466,0.0,-0.00020900611589471708,0.0,0.0,0.0,0.0,-3.0111050642880586e-05,0.0,0.0,-0.0031963335800358054,0.0,0.0,0.0,0.0,-0.0016741508748728772,0.0,0.0,-0.00015738572358974613,0.0,0.0,0.0,0.0,0.0,0.0,0.0009416197854113875,0.0020080833566070897
0.0014422223688042774,-5.144155357751184e-07,0.0,0.0,0.03382615253596515,0.0,0.0,0.28767502844381465,-0.28767502844381465,0.0,0.0,0.0,0.0,-0.12731659729881767,0.0,0.0,0.2537728093897396,0.0,-0.00012140210801066679,0.0,0.0,0.0,0.0,-1.749013423273728e-05,0.0,0.0,-0.0030295864866718035,0.0,0.0,0.0,0.0,-0.0009724377895231087,0.0023459645549153457,0.0,-9.141817947664309e-05,0.0,0.0,0.0,0.0,0.0,0.0,0.0005469439322583172,0.001166403918419491
5.9306636114258765e-05,-3.7659024635585183e-07,0.0,0.0,0.02590393672381532,0.0,0.0,0.2873108257153471,-0.2873108257153471,0.0,0.0,0.0,0.0,-0.1328521364123435,0.0,0.0,0.25992214810336894,0.0,-8.887532857064249e-05,0.0,0.0,0.0015732371281476276,0.0,-1.2804072780536804e-05,0.0,0.0,-0.002932408824779499,0.0,0.0,0.0,0.0,-0.0007118964363516811,0.0,0.0,-6.692487364060223e-05,0.0,0.0,0.0,0.0,0.0,0.0,0.00040040344015201246,0.0008538939989947195
9.11370322879626e-05,-5.787095625410691e-07,0.0,0.0,0.025301164224272407,0.0,0.0,0.28678621290672746,-0.28678621290672746,0.0,0.0,0.0,0.0,-0.12920922339433158,0.0,0.0,0.26162104163719485,0.0,-0.00013657550352275891,0.0,0.0,0.0,0.0,-1.967613189473494e-05,0.0,0.0,-0.002088651168179175,0.0,0.0,0.0,0.0,-0.0010939775505134392,0.0,0.0,-0.00010284404527851739,0.0,0.0,0.0,0.0,0.0,-0.004835214820425123,0.0006153035080769283,0.0013121864610049787
0.0067555717210538,-7.935921087838618e-07,0.0,0.0,0.06121819971130956,0.0,0.0,0.2871842337092305,-0.2871842337092305,0.0,0.0,0.0,0.0,-0.09098859815222399,-0.01989178289493968,0.0,0.23941371153946447,0.0,-0.00018728780179980568,0.0,0.0,0.0,0.0,-2.6982140980163897e-05,0.0,0.0,-0.0028641950856852444,0.0,0.0,0.0,0.0,-0.001500185943812796,0.0,0.0,-0.00014103140513191287,0.0,0.0,0.0,0.0,0.0,0.0,0.0008437738722906008,0.0017994187207381303
7.296720785856079e-05,-4.633332892193408e-07,0.0,0.0,0.03187059761137259,0.0,0.0,0.2876785695405934,-0.2876785695405934,0.0,0.0,0.0,0.0,-0.12957979656427543,0.0,0.0,0.25591685221582533,0.001935613416333248,-0.00010934669369576348,0.0,0.0,0.0,0.0,-1.5753337252404815e-05,0.0,0.0,-0.0026400472903595233,0.0,0.0,0.0,0.0,-0.0008758732352474961,0.0,0.0,-8.234021495391591e-05,0.0,0.0,0.0,0.0,0.0,0.0,0.0004926315663658149,0.0010505782319838142
0.0021605244481192848,-4.983832298933473e-07,0.0,0.0,0.03219948675621136,0.0,0.0,0.28723229458192845,-0.28723229458192845,0.0,0.0,0.0,0.0,-0.12827796643045047,0.0,0.0,0.25514992461868724,0.0,-0.00011761848252706614,0.0,0.0,0.0,0.0,-1.6945035645250096e-05,0.0,0.0,-0.0028397599012526032,0.0,0.0,0.0,0.0,-0.0009421307342178365,0.0020820374635339115,0.0,-8.856903493376732e-05,0.0,0.0,0.0,0.0,0.0,0.0,0.000529897844392928,0.0011300517029413555
0.0012909983177408916,-3.563383713237393e-07,0.0,0.0,0.023522997191875592,0.0,0.0,0.2866604516288578,-0.2866604516288578,0.0,0.0,0.0,0.0,-0.1338488452385915,0.0,0.0,0.2622265107907121,0.0,-8.409588442659575e-05,0.0,0.0,0.0012416570306710466,0.0,-1.2115508792587743e-05,0.0,0.0,-0.0025277366182700064,0.0,0.0,0.0,0.0,-0.0006736128169422256,0.0,0.0,-6.33258580244923e-05,0.0,0.0,0.0,0.0,0.0,0.0,0.00037887096417618985,0.0008079741836897547
0.0023445022667116532,-4.7238246183137473e-07,0.0,0.0,0.02156059064734022,0.0,0.0,0.28581094283822056,-0.28581094283822056,0.0,0.0,0.0,0.0,-0.132235656611742,0.0,0.0,0.26481538096699,0.0,-0.00011148229916342876,0.0,0.0,0.0,0.0,-1.606100922704921e-05,0.0,0.0,-0.0017049004277710316,0.0,0.0,0.0,0.0,-0.0008929795564992443,0.0,0.0,-8.394836795169724e-05,0.0,0.0,0.0,0.0,0.0,-0.003038790191139353,0.0005022529516232651,0.0010710966449380935
0.006614379796965219,-4.3885243821819647e-07,0.0,0.0,0.028096190700217846,0.0,0.0,0.2848822551683474,-0.2848822551683474,0.0,0.0,0.0,0.0,-0.12486597741961354,-0.005242890393996091,0.0,0.2613439797339364,0.0,-0.00010356921088129962,0.0,0.0,0.0,0.0,-1.4920988032048386e-05,0.0,0.0,-0.0015838854532106792,0.0,0.0,0.0,0.0,-0.0008295952693277334,0.0,0.0,-7.798965655331985e-05,0.0,0.0,0.0,0.0,0.0,0.0,0.0004666027006329393,0.0009950694874997414
0.0048969181379073445,-2.326835411000314e-07,0.0,0.0,0.012117026995826369,0.0,0.0,0.2844788990002837,-0.2844788990002837,0.0,0.0,0.0,0.0,-0.13848060158897726,0.0,0.0,0.2733886059897443,0.0,-5.491333450177803e-05,0.0,0.0,0.0,0.0,-7.911243118767867e-06,0.0,0.0,-0.0008397904257892027,0.0,0.0,0.0,0.0,-0.0004398589323799897,0.0,0.0,-4.1350822909132684e-05,0.0,0.0,0.0,0.0,0.0,0.0,0.00024739698179853574,0.0005275948629386763
0.0020272433547985228,-4.0845949277506035e-07,0.0,0.0,0.026525743507776617,0.0,0.0,0.2865486002979929,-0.2865486002979929,0.0,0.0,0.0,0.0,-0.13207764363298574,0.0,0.0,0.26051142566383256,0.0013137899905412717,-9.639647330079441e-05,0.0,0.0,0.0,0.0,-1.3887627531518918e-05,0.0,0.0,-0.002131087668003531,0.0,0.0,0.0,0.0,-0.0007721412333813151,0.0,0.0,-7.258844382136404e-05,0.0,0.0,0.0,0.0,0.0,0.0,0.00043428789686533227,0.000926155451682827
0.0038098346019583926,-4.1872842202104637e-07,0.0,0.0,0.025557193750285843,0.0,0.0,0.28599236713588444,-0.28599236713588444,0.0,0.0,0.0,0.0,-0.1318547409207386,0.0,0.0,0.2610322265816349,0.0,-9.881994143263575e-05,0.0,0.0,0.0,0.0,-1.423677124598343e-05,0.0,0.0,-0.0021365638595523023,0.0,0.0,0.0,0.0,-0.0007915533509443842,0.0012506181066355175,0.0,-7.441336307740472e-05,0.0,0.0,0.0,0.0,0.0,0.0,0.0004452061684789978,0.000949439583824059
0.0009667394322084041,-3.9275041622194407e-07,0.0,0.0,0.025926668810817677,0.0,0.0,0.2867571345531092,-0.2867571345531092,0.0,0.0,0.0,0.0,-0.13247216411556872,0.0,0.0,0.260738794580491,0.0,-9.268912996487508e-05,0.0,0.0,0.0,0.0,-1.3353518744986349e-05,0.0,0.0,-0.0023298524769417663,0.0,0.0,0.0,0.0,-0.000742445202417274,0.0,0.0,-6.979674123877931e-05,0.0,0.0,0.0,0.0018247125198796264,0.0,0.0,0.00041758547731425474,0.0008905361377779749
0.0018664529389091592,-2.192563982584295e-07,0.0,0.0,0.01141780670925456,0.0,0.0,0.2845501877291517,-0.2845501877291517,0.0,0.0,0.0,0.0027478856103841103,-0.14010709532442425,0.0,0.0,0.27135198109637887,0.0,-5.1744527706169484e-05,0.0,0.0,0.0,0.0,-7.454720105115304e-06,0.0,0.0,-0.002165272622419203,0.0,0.0,0.0,0.0,-0.000414476609731386,0.0,0.0,-3.8964648952892185e-05,0.0,0.0,0.0,0.0,0.0,0.0,0.00023312079106546597,0.0004971496859670592
0.003956735315907194,-4.80709587738453e-07,0.0,0.0,0.028008710896195048,0.0,0.0,0.28534715062087346,-0.28534715062087346,0.0,0.0,0.0,0.0,-0.12428450062095968,-0.00531176544517671,0.0,0.2609474546013279,0.0,-0.00011344750155037899,0.0,0.0,0.0,0.0023360715997034036,-1.634413160528036e-05,0.0,0.0,-0.0017349542965493963,0.0,0.0,0.0,0.0,-0.0009087209393833331,0.0,0.0,-8.542820407202521e-05,0.0,0.0,0.0,0.0,0.0,0.0,0.0005111066324926908,0.0010899778637421746
0.006870830328063706,-4.7453341385030535e-07,0.0,0.0,0.030943222080074412,0.0,0.0,0.28497536837440635,-0.28497536837440635,0.0,0.0,0.0,0.0,-0.12235825212480969,-0.0062318301231595015,0.0,0.25924197646847597,0.0,-0.0001119899240137057,0.0,0.0,0.0,0.0,-1.613414162084946e-05,0.0,0.0,-0.0017126635420131914,0.0,0.0,0.0,0.0,-0.0008970456604195067,0.0,0.0,-8.433061946635251e-05,0.0,0.0,0.0,0.0,0.0,0.0,0.0005045399162919356,0.001075973789364598
0.0030306167580449557,-3.5601332399997677e-07,0.0,0.0,0.022014264492713258,0.0,0.0,0.2848169105630766,-0.2848169105630766,0.0,0.0,0.0,0.002724414808664275,-0.13106985951137853,-0.003474822307040696,0.0,0.26338657853402553,0.0,-8.401917323192209e-05,0.0,0.0,0.0,0.0,-1.2104457179778201e-05,0.0,0.0,-0.0026471138465116416,0.0,0.0,0.0,0.0,-0.0006729983559101852,0.0,0.0,-6.326809298336197e-05,0.0,0.0,0.0,0.0,0.0,0.0,0.00037852536290821715,0.0008072371599302815
0.0059153636158876845,-6.948909848037792e-07,0.0,0.0,0.021698145138652227,0.0,0.0,0.26876930550495276,-0.26876930550495276,0.03190618713034754,0.0,0.0,0.0,-0.12022975823816728,-0.017417789885222076,0.0,0.2588463151173817,0.0,-0.00016399432856488677,0.0,0.0,0.0,0.0,-2.362630161047512e-05,0.0,0.0,-0.0025079676596230266,0.0,0.0,0.0,0.0,-0.0013136038984591022,0.0,0.0,-0.000123490960804232,0.0,0.0,0.0,0.0,0.0,0.0,0.0007388315112737638,0.0015756203131155728
0.0017449649319027408,-5.182585749433442e-07,0.0,0.0,0.023323588076853644,0.0,0.0,0.28610395055560295,-0.28610395055560295,0.0,0.0,0.0,0.0,-0.131015054973279,0.0,0.0,0.2632348194304429,0.0,-0.0001223090655649078,0.0,0.0,0.0,0.0,-1.7620797609403496e-05,0.0,0.0,-0.0018704743243247715,0.0,0.0,0.0,0.0,-0.0009797025711128973,0.0,0.0,-9.210113638595817e-05,0.0,0.0,0.0,0.0,0.0,-0.003664797580846654,0.0005510299810035696,0.0011751177608925881
0.0011109459099810134,-4.1821060697562124e-07,0.0,0.0,0.01932923960386398,0.0,0.0,0.28559313833319655,-0.28559313833319655,0.0,0.0,0.0,0.0015676271495977119,-0.1343753338874995,0.0,0.0,0.26531709071491383,0.0,-9.869773704007298e-05,0.0,0.0,0.0,0.0,-1.4219165528382834e-05,0.0,0.0,-0.002293199507474824,0.0,0.0,0.0,0.0,-0.0007905744868099715,0.0,0.0,-7.432134076185189e-05,0.0,0.0,0.0,0.0,0.0,-0.0024491345377174924,0.00044465561007352394,0.0009482654717376301
8.558298964485896e-05,-5.43442037281203e-07,0.0,0.0,0.016969113799486242,0.0,0.0,0.28284079912950694,-0.28284079912950694,0.006790155308234975,0.0,0.0,0.0,-0.13489106128744438,0.0,0.0,0.2659993906474431,0.0,-0.0001282523647116113,0.0,0.0,0.0,0.0,-1.8477035623425657e-05,0.0,0.0,-0.001961365284895398,0.0,0.0,0.0,0.0,-0.0010273087352841745,0.0,0.0,-9.657655775202689e-05,0.0,0.0,0.0,0.0,0.0,-0.004540548770554691,0.0005778058867860284,0.001232219631087833
0.0002569384093297683,-4.1643134944171757e-07,0.0,0.0,0.028065988420282826,0.0,0.0,0.2871491949735877,-0.2871491949735877,0.0,0.0,0.0,0.0,-0.1315305347628666,0.0,0.0,0.2587939853947826,0.0,-9.827783211829745e-05,0.0,0.0,0.0,0.0,-1.4158670751420676e-05,0.0,0.0,-0.002566342546640556,0.0,0.0,0.0,0.0,-0.0007872110245057964,0.0,0.0,-7.400514408181872e-05,0.0,0.0,0.0,0.002126756452120467,0.0,0.0,0.0004427638435065847,0.0009442311204883127
5.221059647759494e-05,-3.5610170901155165e-07,0.0,0.0,0.02301278267548116,0.0,0.0,0.2863771994004301,-0.2863771994004301,0.0,0.0,0.0,0.0014837751172123064,-0.13445395270703464,0.0,0.0,0.26196238845608044,0.0,-8.404003210179579e-05,0.0,0.0,0.0,0.0,-1.2107462271205462e-05,0.0,0.0,-0.002771902633842025,0.0,0.0,0.0,0.0,-0.0006731654366441552,0.0,0.0,-6.328380012338648e-05,0.0,0.0,0.0,0.001489579276110065,0.0,0.0,0.0003786193368308955,0.0008074375672210046
0.0035520065060169513,-4.488904951767495e-07,0.0,0.0,0.027797338542295425,0.0,0.0,0.28627852813368343,-0.28627852813368343,0.0,0.0,0.0,0.0,-0.1307295473205317,0.0,0.0,0.2589881850046812,0.0,-0.00010593819313465096,0.0,0.0,0.0,0.0,-1.5262282086039993e-05,0.0,0.0,-0.002356998509547747,0.0,0.0,0.0,0.0,-0.0008485709519053872,0.0014737683523403653,0.0,-7.9773546869251e-05,0.0,0.0,0.0,0.0,0.0,0.0,0.00047727550105074016,0.0010178301316784444
0.0007666768877326148,-3.9250156996604126e-07,0.0,0.0,0.02255416600511809,0.0,0.0,0.28397171352074774,-0.28397171352074774,0.0,0.0,0.0,0.0,-0.13785244675871522,0.0056090611356699694,0.0,0.25777040872194446,0.0,-9.26304022283738e-05,0.0,0.0,0.0,0.0,-1.3345057969375255e-05,0.0,0.0,-0.0027038738582328896,0.0,0.0,0.0,0.0,-0.0007419747899079461,0.0025745515307243217,0.0,-6.975251809600439e-05,0.0,0.0,0.0,0.0,0.0,0.0,0.00041732089558943155,0.0008899718950057738
0.0021739295377475125,-3.715655005360776e-07,0.0,0.0,0.022316556249624912,0.0,0.0,0.2857196879256119,-0.2857196879256119,0.0,0.0,0.0,0.0016895051424022354,-0.134240431815486,0.0,0.0,0.2623641103720313,0.0,-8.768948815114736e-05,0.0,0.0,0.0,0.0,-1.263323136389721e-05,0.0,0.0,-0.0026803279195296197,0.0,0.0,0.0,0.0,-0.0007023977871506336,0.000989077453069697,0.0,-6.603191243855672e-05,0.0,0.0,0.0,0.0,0.0,0.0,0.0003950609610740336,0.0008425007132059933
0.0020381290114984433,-4.7014942162498864e-07,0.0,0.0,0.022536887017910824,0.0,0.0,0.2826671706918121,-0.2826671706918121,0.007838473080569746,0.0,0.0,0.0,-0.13470279776958488,0.0,0.0,0.2602407657069529,0.0,-0.00011095530149427912,0.0,0.0,0.0,0.0,-1.59850858339154e-05,0.0,0.0,-0.002678885233384471,0.0,0.0,0.0,0.0,-0.0008887582751980442,0.001964088377314586,0.0,-8.355152832270282e-05,0.0,0.0,0.0,0.0,0.0,0.0,0.0004998787080275086,0.0010660333708618307
0.0007046990234447005,-3.721132688917484e-07,0.0,0.0,0.02507910778031151,0.0,0.0,0.2869964869120527,-0.2869964869120527,0.0,0.0,0.0,0.0,-0.13321105690583704,0.0,0.0,0.26070872810397216,0.0,-8.78187615273485e-05,0.0,0.0,0.0014253146945999652,0.0,-1.265185549439648e-05,0.0,0.0,-0.0027683282960221213,0.0,0.0,0.0,0.0,-0.0007034332742460158,0.0,0.0,-6.612925783807869e-05,0.0,0.0,0.0,0.0,0.0,0.0,0.0003956433668483184,0.0008437427424838958
0.0006768306701007006,-3.3744762392468025e-07,0.0,0.0,0.021964116402583035,0.0,0.0,0.28643209538540143,-0.28643209538540143,0.0,0.0,0.0,0.0009355325089836085,-0.13493895775159637,0.0,0.0,0.2628257172314417,0.0,-7.96376665139366e-05,0.0,0.0,0.0010978713922810328,0.0,-1.1473223160081663e-05,0.0,0.0,-0.0027835376427825837,0.0,0.0,0.0,0.0,-0.0006379022379149021,0.0,0.0,-5.9968732090158026e-05,0.0,0.0,0.0,0.0,0.0,0.0,0.0003587856849667051,0.0007651406371582835
5.7075859860089846e-05,-3.6242507641595234e-07,0.0,0.0,0.02191524048831064,0.0,0.0,0.2855282939442642,-0.2855282939442642,0.0030143383774455467,0.0,0.0,0.0,-0.13538156633978035,0.0,0.0,0.2621841600232176,0.0,-8.553234732019887e-05,0.0,0.0,0.0015140609506135109,0.0,-1.2322456836910474e-05,0.0,0.0,-0.0028221083862041145,0.0,0.0,0.0,0.0,-0.0006851189664142319,0.0,0.0,-6.44075428878837e-05,0.0,0.0,0.0,0.0,0.0,0.0,0.0003853425541382143,0.0008217753933657487
0.0014679149561273733,-4.3597409861472034e-07,0.0,0.0,0.02886927776476829,0.0,0.0,0.286922921243649,-0.286922921243649,0.0,0.0,0.0,0.0,-0.13102345494675705,0.0,0.0,0.25843594580720297,0.0015414668460523723,-0.00010288992250229283,0.0,0.0,0.0,0.0,-1.4823124451866374e-05,0.0,0.0,-0.002344230509145056,0.0,0.0,0.0,0.0,-0.0008241541307795291,0.0,0.0,-7.747813901901983e-05,0.0,0.0,0.0,0.0,0.0,0.0,0.00046354235297308886,0.000988543038824396
0.0009865161989015179,-3.713696001103578e-07,0.0,0.0,0.023688768669532078,0.0,0.0,0.2862280852966705,-0.2862280852966705,0.0,0.0,0.0,0.0013920475902759171,-0.13400489692149653,0.0,0.0,0.26169855432261735,0.0010874115800960909,-8.76432556348476e-05,0.0,0.0,0.0,0.0,-1.2626570747131569e-05,0.0,0.0,-0.0025800591724332955,0.0,0.0,0.0,0.0,-0.0007020274620657457,0.0,0.0,-6.599709844280324e-05,0.0,0.0,0.0,0.0,0.0,0.0,0.00039485267314001384,0.0008420565216754336
6.936321583031585e-05,-4.404483587173564e-07,0.0,0.0,0.024793168651950675,0.0,0.0,0.28443681930317105,-0.28443681930317105,0.0055032782813606695,0.0,0.0,0.0,-0.1341665035276263,0.0,0.0,0.2597471531291287,0.001840009712601688,-0.00010394584824806093,0.0,0.0,0.0,0.0,-1.4975249347685025e-05,0.0,0.0,-0.002509650230257009,0.0,0.0,0.0,0.0,-0.0008326121560555404,0.0,0.0,-7.827327191187006e-05,0.0,0.0,0.0,0.0,0.0,0.0,0.00046829953708650194,0.0009986881338940445
