M_ac_e,M_ca2_e,M_cd2_e,M_cit_e,M_cl_e,M_co2_e,M_cobalt2_e,M_cu2_e,M_fe2_e,M_fe3_e,M_for_e,M_fum_e,M_gln__45__L_e,M_gly_e,M_h2_e,M_h2o_e,M_h2s_e,M_h_e,M_ile__45__L_e,M_k_e,M_leu__45__L_e,M_lys__45__L_e,M_mal__45__L_e,M_mg2_e,M_mn2_e,M_mobd_e,M_n2_e,M_na1_e,M_nh4_e,M_ni2_e,M_oxa_e,M_pi_e,M_pro__45__L_e,M_s_e,M_so4_e,M_ss_e,M_succ_e,M_ura_e,M_val__45__L_e,M_zn2_e,M_fixed_uptake,objective,virtual_tag_R_constraint_reaction
0.0,-3.4298941921869013e-07,0.0,0.0,0.0,0.0,0.0,0.0,0.2791326790468623,-0.2791326790468623,0.0021025127527960537,0.0,0.0,0.0,-0.12835102324735514,0.0,0.0,0.28083238403737787,0.0,-8.094553065113191e-05,0.0,0.0,0.00798164483154264,-1.1661644264892458e-05,0.0,0.0,-0.001237901181343231,0.0,0.0,0.0,0.0,-0.0006483783040344378,0.0,0.0,-6.095357955602478e-05,0.0,0.0,0.0,0.0,0.0,-0.016771906860830393,0.00036467790846907123,0.003290309038635225
0.0,-2.2461891677116862e-07,0.0,0.0027064682015800865,0.0,0.0,0.0,0.0,0.28453326239807447,-0.28453326239807447,0.0,0.0,0.0,0.0,-0.12739624061673416,0.0,0.0,0.287007499825791,0.0,-5.30100825084983e-05,0.0,0.0,0.008028221435852148,-7.637045797266148e-06,0.0,0.0,-0.0014991368891485504,0.0,0.0,0.0,0.0,-0.0004246137756724326,0.0,0.0,-3.991763665592827e-05,0.0,0.0,0.0,0.0013769058477267535,0.0,0.0,0.00023882240145276914,0.0021547768260145686
0.0,-5.453153205891139e-07,0.0,0.0,0.0,0.00727046831150552,0.0,0.0,0.235341672136238,-0.235341672136238,0.10515061050260924,0.0,0.0,0.0,0.0019681262503652252,-0.1018078472813839,0.0,0.2986454453496797,0.0,-0.00012869445972365037,0.0,0.0,0.0054194660312386084,-1.8540727277803748e-05,0.0,0.0,-0.0019681262503652252,0.0,0.0,0.0,0.0,-0.0010308499414733512,0.0,0.0,-9.690946400726889e-05,0.0,0.0,0.0,0.0,0.0,0.0,0.0005797976247243449,0.005231228217849511
0.0,-3.5433929903326656e-07,0.0,0.008245765834945615,0.0,0.0,0.0,0.0,0.2685364398905643,-0.2685364398905643,0.037661276014083415,0.0,0.0,0.0,-0.07894682234142421,-0.03548918890792332,0.0,0.29670043778648153,0.0,-8.362410320450763e-05,0.0,0.0,0.0,-1.2047540311331378e-05,0.0,0.0,-0.0012788646304856943,0.0,0.0,0.0,0.0,-0.0006698338225222476,0.0,0.0,-6.297059746813711e-05,0.0,0.0,0.0,0.0,0.0,0.0,0.00037674548315281387,0.0033991888175694943
0.0,-2.1123949928659382e-07,0.0,0.006429929028301665,0.0,0.0,0.0,0.0,0.2857135161526517,-0.2857135161526517,0.0,0.0,0.0,0.0,-0.1262823407565607,0.0,0.0,0.28868782097020584,0.0,-4.985253890100464e-05,0.0,0.000647445250871043,0.002370458715458115,-7.182145446310683e-06,0.0,0.0,-0.001409840855694347,0.0,0.0,0.0,0.0,-0.000399321671801187,0.0,0.0,-3.753994410227162e-05,0.0,0.0,0.0,0.0,0.0,0.0,0.00022459695392752554,0.0020264276239270783
0.0,-5.426453342715687e-07,0.0,0.0,0.0,0.007039021479094272,0.0,0.0,0.23693127224565158,-0.23693127224565158,0.10404822253232539,0.0,0.0,0.0,0.0,-0.10072182623080042,0.0,0.2997292469777069,0.0,-0.00012806434273695942,0.0,0.0,0.005588780094247613,-1.8449947711780196e-05,0.0,0.0,-0.001958489862093574,0.0,0.0,0.0,0.0,-0.0010258026685740628,0.0,0.0,-9.6434973500271e-05,0.0,0.0,0.0,0.0,0.0,0.0,0.0005769588052991235,0.005205614949272121
0.0,-4.121077466537187e-07,0.0,0.0,0.0,0.0,0.0,0.0,0.25477581379759623,-0.25477581379759623,0.06298141812240758,0.0,0.0,0.0,-0.05345729700764245,-0.06045521251863346,0.0,0.29712151388860275,0.0,-9.725746151095771e-05,0.0,0.0,0.009590084946673181,-1.4011668206061714e-05,0.0,0.0,-0.0014873597779938058,0.0,0.0,0.0,0.0,-0.0007790377979106814,0.0,0.0,-7.323678490879448e-05,0.0,0.0,0.0,0.0,0.0,0.0,0.00043816684332689945,0.003953363479244135
0.0,-4.519892985310543e-07,0.0,0.0,0.0,0.08816738770201449,0.0,0.0,0.2930491061043905,-0.2930491061043905,0.0,0.0,0.0,0.0,0.003546438031083182,-0.0595574311414397,0.0,0.24938005256286744,0.0,-0.00010666951097666806,0.0038302792865536357,0.0,0.0,-1.536764143632863e-05,0.0,0.0,-0.003546438031083182,0.0,0.0,0.0,0.0,-0.0008544288494113138,0.0,0.0,-8.032424361440237e-05,0.0,0.0,0.0,0.0,0.0,0.0,0.00048057025319959377,0.004335948548240475
0.0,-5.382922949418743e-07,0.0,0.0,0.0,0.022433298385519967,0.0,0.0,0.24063245404789801,-0.24063245404789801,0.0980504517644446,0.0,0.0,0.0,0.0029334586389607844,-0.09673209855765537,0.0,0.2866756677533845,0.0,-0.00012703702510340087,0.0019813591208541147,0.0,0.0,-1.8301944323659304e-05,0.0,0.0,-0.0029334586389607844,0.0,0.0,0.0,0.0,-0.0010175737959038451,0.0,0.0,-9.566138307961763e-05,0.0,0.0,0.0,0.0,0.0,0.0,0.0005723305071963636,0.005163856096521925
0.09081220316491538,-1.3204284429477949e-06,0.0,0.0,0.0,0.0550287743958401,0.0,0.0,0.22702145426935458,-0.22702145426935458,0.05889288617132552,0.0,0.0,0.0,0.007195760109315712,-0.05565897201640729,0.0,0.2491530356481378,0.0,-0.00031162121923390484,0.004860264513264707,0.0,0.0,-4.489458250338921e-05,0.0,0.0,-0.007195760109315712,0.0,0.0,0.0,0.0,-0.0024961036885264715,0.0,0.0,-0.00023465691836382623,0.0,0.0,0.0,0.0,0.0,0.0,0.0014039240159482874,0.012666914479749701
0.06965207531556969,-1.078315257828846e-06,0.0,0.0,0.0,0.09303303442368384,0.0,0.0,0.26655405092387335,-0.26655405092387335,0.0,0.0,0.0,0.0,0.006627822292392215,-0.03944157808891207,0.0,0.2320244412265316,0.0,-0.0002544824879816927,0.00547203578094748,0.0,0.0,-3.666273137769307e-05,0.0,0.0,-0.006627822292392215,0.0,0.0,0.0,0.0,-0.0020384192016131624,0.0,0.0,-0.00019163032785171215,0.0,0.0,0.0,0.0,0.0,0.0,0.0011465011188714902,0.010344314548870458
0.0,-1.6177035410854175e-07,0.0,0.0,0.0,0.0,0.0,0.0,0.28147929047301623,-0.28147929047301623,0.0,0.0,0.0,0.0,-0.13891411352348826,0.005689163657775279,0.0,0.27980675441219566,0.0,-3.817781664159243e-05,0.001977865279014658,0.0,0.006978472581763411,-5.50019393168703e-06,0.0,0.0,-0.0015727865464687956,0.0,0.0,0.0,0.0,-0.0003058064825407045,0.0,0.0,-2.8748648198603042e-05,0.0,0.0,0.0,0.0,0.0,0.0,0.00017199969177763292,0.0015518684498170413
0.0,-1.0475177675463203e-07,0.0,0.0,0.0,0.0,0.0,0.0,0.2786683667754276,-0.2786683667754276,0.00903759413770861,0.0,0.0,0.0,-0.1449302854515792,0.005190191614636366,0.0,0.2775853430964438,0.0,-2.47214277786402e-05,0.0027870003662515486,0.0,0.0,-3.5615616347892978e-06,0.0,0.0,-0.0017715653388607456,0.0,0.0,0.0,0.0,-0.0001980200424592612,0.0,0.0,-1.86157222359601e-05,0.0,0.0,0.0,0.0,0.0,0.0,0.00011137561893984122,0.001004887318839145
0.0,-4.421407023191077e-08,0.0,0.0,0.0,0.0,0.0,0.0,0.2816504215695665,-0.2816504215695665,0.0,0.0,0.0,0.0019073128605166312,-0.14795551921708244,0.006005323613481748,0.0,0.2773786686618739,0.0,-1.0434524147482535e-05,0.001176348829084258,0.0,0.0,-1.5032789049937494e-06,0.0,0.0,-0.0017014061748405161,0.0,0.0,0.0,0.0,-8.358113185161392e-05,0.0,0.0,-7.857402288139108e-06,0.0,0.0,0.0,0.0,0.0,0.0,4.700988938319769e-05,0.00042414706334177577
0.0,-1.5000808837143872e-07,0.0,0.0,0.0,0.0,0.0,0.0,0.28145902930669714,-0.28145902930669714,0.0,0.0,0.0,0.0,-0.13989820544867204,0.005907264970069807,0.0,0.27956350726155665,0.0,-3.5401920977177275e-05,0.001948920552929843,0.0,0.006298772539223603,-5.1002767590591155e-06,0.0,0.0,-0.001515862370526734,0.0,0.0,0.0,0.0,-0.00028357140039852725,0.0,0.0,-2.6658344066193388e-05,0.0,0.0,0.0,0.0,0.0,0.0,0.00015949365448460141,0.00143903263885302
0.0,-1.0058852012307446e-07,0.0,0.0,0.0,0.0,0.0,0.0,0.27883836663747136,-0.27883836663747136,0.008447333943000844,0.0,0.0,0.0,-0.14519724608331971,0.005369029004783097,0.0,0.27756731679308416,0.0,-2.3738898877177493e-05,0.0027147454166099104,0.0,0.0,-3.4200108606246778e-06,0.0,0.0,-0.0017204120352135445,0.0,0.0,0.0,0.0,-0.0001901499300803475,0.0,0.0,-1.7875858613105918e-05,0.0,0.0,0.0,0.0,0.0,0.0,0.00010694910419698155,0.0009649490578975216
0.0,-4.412220176839854e-08,0.0,0.0,0.0,0.0,0.0,0.0,0.2816395594877619,-0.2816395594877619,0.0,0.0,0.0,0.0018526715184898424,-0.14798595105294418,0.006060416764673207,0.0,0.277376682473514,0.0,-1.0412843182670149e-05,0.0011907973680787916,0.0,0.0,-1.5001553761598795e-06,0.0,0.0,-0.0016809782060131606,0.0,0.0,0.0,0.0,-8.340746609043099e-05,0.0,0.0,-7.841076094426958e-06,0.0,0.0,0.0,0.0,0.0,0.0,4.691221173703524e-05,0.0004232657660803373
0.0,-1.3473240990561445e-07,0.0,0.0,0.0,0.011314707265058167,0.0,0.0,0.28296994330010455,-0.28296994330010455,0.0,0.0,0.0,0.0,-0.1379096398117902,0.007191498749384916,0.0,0.269952739483403,0.0,-3.179685962487993e-05,0.0036362419072528958,0.0,0.0,-4.580903512563314e-06,0.0,0.0,-0.0023043907918252706,0.0,0.0,0.0,0.0,-0.0002546946539402598,0.0,0.0,-2.394366183267178e-05,0.0,0.0,0.0,0.0,0.0,0.0,0.00014325203838445305,0.0012924925413716451
0.0,-3.78166388871818e-08,0.0,0.0,0.0,0.0,0.0,0.0,0.2816169683484083,-0.2816169683484083,0.0,0.0,0.0,0.0,-0.14853843210790182,0.007311519501615627,0.0,0.2779633047911254,0.0,-8.92472983317719e-06,0.0015499201742584148,0.0,0.0,-1.285766164451354e-06,0.0,0.0,-0.0009114461106908397,0.0,0.0,0.0,0.0,-7.148759352929214e-05,0.0,0.0,-6.720497420013967e-06,0.0,0.0,0.0,0.0,0.0,0.0,4.020792479873709e-05,0.0003627762892066447
0.0,-1.4371762323040874e-07,0.0,0.0,0.0,0.012399422610606196,0.0,0.0,0.2831327913262562,-0.2831327913262562,0.0,0.0,0.0,0.0,-0.13684472815024587,0.007120852992433391,0.0,0.26924747898787577,0.0,-3.391737069558838e-05,0.0038237162269635647,0.0,0.0,-4.886400870693517e-06,0.0,0.0,-0.00243055695842583,0.0,0.0,0.0,0.0,-0.0002716800682139381,0.0,0.0,-2.5540448452119948e-05,0.0,0.0,0.0,0.0,0.0,0.0,0.000152805419972429,0.001378687995108911
0.0,-2.2260419919665962e-07,0.0,0.0,0.0,0.0,0.0,0.0,0.2839535112016111,-0.2839535112016111,0.0,0.0,0.0,0.0,-0.12878939885374688,0.0,0.0,0.2859221499522985,0.0,-5.253460899811339e-05,0.0012982650928778426,0.0,0.011737798190969779,-7.568545376169571e-06,0.0,0.0,-0.0014525450883920317,0.0,0.0,0.0,0.0,-0.0004208052058132101,0.0,0.0,-3.955959573373161e-05,0.0,0.0,0.0,0.0,0.0,0.0,0.00023668028583619569,0.002135449572536007
0.0,-2.2241479534753692e-07,0.0,0.0,0.0,0.0,0.0,0.0,0.283925895428689,-0.283925895428689,0.0,0.0,0.0,0.0,-0.12886323557585808,5.604432747381498e-05,0.0,0.28586228952049836,0.0,-5.248990967441551e-05,0.0013073503355276106,0.0,0.01171252621257317,-7.562105643084213e-06,0.0,0.0,-0.0014564041223073855,0.0,0.0,0.0,0.0,-0.00042044716168825866,0.0,0.0,-3.952593626221784e-05,0.0,0.0,0.0,0.0,0.0,0.0,0.00023647890528133368,0.002133632615038775
0.0,-2.226154147533158e-07,0.0,0.0,0.0,0.0,0.0,0.0,0.28393069313391983,-0.28393069313391983,5.833867496577864e-05,0.0,0.0,0.0,-0.1288078206124761,0.0,0.0,0.285904734587229,0.0,-5.253725587039053e-05,0.0013062857777477298,0.0,0.011711872001634246,-7.568926705227053e-06,0.0,0.0,-0.0014565959094833306,0.0,0.0,0.0,0.0,-0.00042082640741068246,0.0,0.0,-3.956158888071109e-05,0.0,0.0,0.0,0.0,0.0,0.0,0.00023669221059397104,0.0021355571637483636
0.0,-2.2166011074359735e-07,0.0,0.0,0.0,0.0,0.0,0.0,0.28395390639401624,-0.28395390639401624,0.0,0.0,0.0,2.2690752990769375e-05,-0.1288640906158648,0.0,0.0,0.28589769356931083,0.0,-5.231180404690291e-05,0.001290696214662296,0.0,0.01167976573809492,-7.5364463577238005e-06,0.0,0.0,-0.001456698666409781,0.0,0.0,0.0,0.0,-0.00041902052548269326,0.0,0.0,-3.939181921525258e-05,0.0,0.0,0.0,0.0,0.0,0.0,0.00023567649917928708,0.0021263929002413983
0.0,-2.2161988096778227e-07,0.0,0.0,0.0,0.0,0.0,0.0,0.2839386693411171,-0.2839386693411171,0.0,0.0,0.0,0.0,-0.1288996879258063,0.0,0.0,0.285845805116852,0.0,-5.230230981655976e-05,0.0010681329414268742,0.0,0.01165949663363742,-7.535078544875578e-06,0.0,0.0,-0.0014791209204609533,0.0,0.0,0.0,0.0,-0.0004189444761576905,0.0,0.0,-3.9384669872726944e-05,0.0,0.0,0.0,0.0002903889251348761,0.0,0.0,0.00023563372552598945,0.002126006974648451
0.0,-2.1984971854459068e-07,0.0,0.0,0.0,0.0,0.0,0.0,0.28397529883789707,-0.28397529883789707,0.0,0.0,0.0,0.0,-0.1289962067877112,0.0,0.0,0.28585410752641166,0.0,-5.188455134164722e-05,0.0012167301629476925,6.547033594452992e-05,0.011592555926306333,-7.474893001784005e-06,0.0,0.0,-0.0014673066181460036,0.0,0.0,0.0,0.0,-0.00041559820701496034,0.0,0.0,-3.907008950947586e-05,0.0,0.0,0.0,0.0,0.0,0.0,0.00023375162918724363,0.002109025746964672
0.0,-2.2291451911986579e-07,0.0,0.0,0.0,0.00048680881968937565,0.0,0.0,0.28403956729994456,-0.28403956729994456,0.0,0.0,0.0,0.0,-0.12858170258173957,0.0,0.0,0.28556839694611963,0.0,-5.260784452506569e-05,0.001366457951678348,0.0,0.01153288445529439,-7.579096257187949e-06,0.0,0.0,-0.0014877615097745628,0.0,0.0,0.0,0.0,-0.00042139182654913503,0.0,0.0,-3.961474352858212e-05,0.0,0.0,0.0,0.0,0.0,0.0,0.00023701022843561725,0.002138426482000211
0.0,-4.488481227470783e-07,0.0,0.0,0.0,0.08699116695222178,0.0,0.0,0.29495691840482535,-0.29495691840482535,0.0,0.0,0.0,0.0,0.0,-0.058204382349143796,0.0,0.25159135030850993,0.0,-0.00010592819323782463,0.0038975745543025557,0.0,0.0,-1.5260841422935606e-05,0.0,0.0,-0.003568748681960766,0.0,0.0,0.0,0.0,-0.0008484908521630961,0.0,0.0,-7.976601674989972e-05,0.0,0.0,0.0,0.0,0.0,0.0,0.0004772304492556602,0.0043058151432581815
0.0,-5.339186761447081e-07,0.0,0.0,0.0,0.022800013811220557,0.0,0.0,0.2432887981408367,-0.2432887981408367,0.09604602436886546,0.0,0.0,0.0,0.0,-0.09484817991112303,0.0,0.2877501426706939,0.0,-0.00012600485071385608,0.0020750577446269156,0.0,0.0,-1.815324123340369e-05,0.0,0.0,-0.002964522892847175,0.0,0.0,0.0,0.0,-0.0010093060203419653,0.0,0.0,-9.488413542600763e-05,0.0,0.0,0.0,0.0,0.0,0.0,0.0005676803283103071,0.005121899824247867
0.0,-2.531746122788221e-07,0.0,0.0,0.0,0.03151285262828888,0.0,0.0,0.2892557380052685,-0.2892557380052685,0.0,0.0,0.0,0.0,-0.1097179343757421,-0.0035723031598357663,0.0,0.2647952126457314,0.0,-5.974922895576924e-05,0.005124254389739518,0.0,0.0,-8.607939778501523e-06,0.0,0.0,-0.0034758730251055344,0.0,0.0,0.0,0.0,-0.00047859472198253175,0.0,0.0,-4.499234672094514e-05,0.0,0.0,0.0,0.0,0.0,0.0,0.00026918377917786745,0.0024287125737917927
0.0,-3.73798736391841e-07,0.0,0.0,0.0,0.02015546665935425,0.0,0.0,0.28290600014560885,-0.28290600014560885,0.0,0.0,0.0,0.0,-0.11891908105008045,0.0,0.0,0.2661304977637621,0.0,-8.821653199356584e-05,0.0022913727543933224,0.0,0.0,-1.2709161409112133e-05,0.0,0.0,-0.002494783088162642,0.0,0.0,0.0,0.0,-0.0007066194383023431,0.0,0.0,-6.64287868369324e-05,0.0,0.0,0.0,0.0,0.0,-0.019339151408186407,0.000397435412690801,0.0035858638548739233
0.0,-2.423671877602259e-07,0.0,0.007311338696126008,0.0,0.006155211091324184,0.0,0.0,0.2868429305218156,-0.2868429305218156,0.0,0.0,0.0,0.0,-0.12103508713042711,0.0,0.0,0.28536058314006935,0.0,-5.7198675896078374e-05,0.0014857021079133703,0.0,0.0,-8.240487218470254e-06,0.0,0.0,-0.0016839172711129557,0.0,0.0,0.0,0.0,-0.0004581646469198379,0.00013265206415614706,0.0,-4.307173001011312e-05,0.0,0.0,0.0,0.0,0.0,0.0,0.00025769296124430866,0.002325036586763073
0.0,-2.45214176828088e-07,0.0,0.007358876234217503,0.0,0.006438415719295277,0.0,0.0,0.28685071028429837,-0.28685071028429837,0.0,0.0,0.0,0.0,-0.12065138948007459,-0.00011503737785110394,0.0,0.2852359129911414,0.0,-5.787056554614695e-05,0.0016181914259318603,0.0,0.0,-8.337284880074729e-06,0.0,0.0,-0.0016941111162663274,0.0,0.0,0.0,0.0,-0.00046354652122846795,0.0,0.0,-4.357767615573582e-05,0.0,0.0,0.0,0.0,0.0,0.0,0.0002607199759582532,0.0023523478486796095
0.0,-2.5042854115933045e-07,0.0,0.00728039209466527,0.0,0.006222874825414619,0.0,0.0,0.2866063418907755,-0.2866063418907755,0.0,0.0,0.0,0.0,-0.12092605454947246,0.0,0.0,0.285074690285075,0.0,-5.910115594967084e-05,0.0015351179131152398,0.0,0.0,-8.514573328321938e-06,0.0,0.0,-0.001671393796854945,0.0,0.0,0.0,0.0,-0.0004734036203465984,0.0,0.0,-4.4504334977522486e-05,0.0,0.0,0.0,0.0,0.0,-0.0008223851557314498,0.00026626406382733344,0.0024023694211494145
0.0,-2.4222152638614886e-07,0.0,0.007519060366528299,0.0,0.00554167907411065,0.0,0.0,0.2867589210266079,-0.2867589210266079,0.0,0.0,0.0,0.0,-0.1212584239233343,0.0,0.0,0.28591381176435704,0.0001590868091763116,-5.716429980002591e-05,0.0013257223997745063,0.0,0.0,-8.235534730048042e-06,0.0,0.0,-0.001616619075415086,0.0,0.0,0.0,0.0,-0.00045788929243542685,0.0,0.0,-4.3045844132428405e-05,0.0,0.0,0.0,0.0,0.0,0.0,0.0002575380891629362,0.0023236392523006935
0.0,-2.4206748740943967e-07,0.0,0.007832249954265342,0.0,0.004425255410824076,0.0,0.0,0.28657655882529487,-0.28657655882529487,0.0,0.0,0.0,0.0,-0.12165826744855,0.0,0.0,0.28668590083861395,0.0,-5.712794658907531e-05,0.0006889367600657274,0.0,0.0,-8.230297403038356e-06,0.0,0.0,-0.0016155909985475143,0.0,0.0,0.0,0.0,-0.0004575981011482396,0.0,0.0,-4.301846944826771e-05,0.0,0.0,0.0,0.0007949281955209592,0.0,0.0,0.0002573743097321392,0.002322161551214395
0.0,-2.4342200853540563e-07,0.0,0.007076700037481651,0.0,0.005249393844580191,0.0,0.0,0.286581383790257,-0.286581383790257,0.0,0.0,0.0,0.0,-0.12153964629502396,0.0,0.0,0.28589196131852523,0.0,-5.744761368425638e-05,0.0014921681211705184,0.0,0.0007993763229666656,-8.276351137163096e-06,0.0,0.0,-0.001624631254890373,0.0,0.0,0.0,0.0,-0.00046015865276068644,0.0,0.0,-4.3259185069758184e-05,0.0,0.0,0.0,0.0,0.0,0.0,0.0002588144822375175,0.0023351555179494054
0.0,-2.436557356866812e-07,0.0,0.007243523663648868,0.0,0.006534664348477305,0.0,0.0,0.2868565513925823,-0.2868565513925823,0.0,0.0,0.0,0.0,-0.12093621586141252,0.0,0.0,0.28504626554912793,0.0,-5.7502773310843914e-05,0.001653629632614173,0.0,0.0,-8.284297863040037e-06,0.0,0.0,-0.0017062055675864506,0.0,0.0,0.0,0.0,-0.0004606004845066804,0.0,0.0,-4.33007213554609e-05,0.0,0.0,0.0,0.0,0.0,0.0,0.00025906298882082194,0.0023373976703754723
0.0,-2.176434011053155e-07,0.0,0.0,0.0,0.025247679620499265,0.0,0.0,0.28858323776772804,-0.28858323776772804,0.0,0.0,0.0,0.0,-0.11934811723467631,0.0,0.0,0.2675555688235391,0.0,-5.1363860247695116e-05,0.00471219828766432,0.0,0.0,-7.399878183044507e-06,0.0,0.0,-0.003141607408062451,0.0,0.0,0.0,0.0,-0.00041142744173975883,0.0,0.0,-3.8677998855871884e-05,0.0,0.0,0.0,0.0,0.0,0.0,0.00023140579813797532,0.002087860469536924
0.08711178021952397,-1.2780883780873804e-06,0.0,0.0,0.0,0.05457841048522306,0.0,0.0,0.233934802279008,-0.233934802279008,0.05569030658229195,0.0,0.0,0.0,0.0,-0.05282292031430898,0.0,0.2532540765565324,0.0,-0.00030162896050552583,0.004967249331711092,0.0,0.0,-4.345501980294389e-05,0.0,0.0,-0.007096440760006383,0.0,0.0,0.0,0.0,-0.002416065127834312,0.0,0.0,-0.00022713255065080643,0.0,0.0,0.0,0.0,0.0,0.0,0.001358906632225742,0.012260744812988646
0.01571659425132453,-3.4733144486753604e-07,0.0,0.0,0.0,0.027156933373746302,0.0,0.0,0.28358967718466305,-0.28358967718466305,0.0,0.0,0.0,0.0,-0.11102309551449394,0.0,0.0,0.265748761309378,0.0,-8.197024905512023e-05,0.0021291292132118345,0.0,0.0,-1.1809273187735686e-05,0.0,0.0,-0.003722903485024915,0.0,0.0,0.0,0.0,-0.000656586356727975,0.0028095333271433267,0.0,-6.172521270559573e-05,0.0,0.0,0.0,0.0,0.0,0.0,0.00036929449645521715,0.003331962236774479
0.018207755079942985,-4.3337359165317646e-07,0.0,0.0,0.0,0.03738986347254756,0.0,0.0,0.28326367727677526,-0.28326367727677526,0.0,0.0,0.0,0.0,-0.10008224436383778,-0.002804416511883069,0.0,0.2596009397612294,0.0,-0.00010227620264923253,0.00546098097749088,0.0,0.0,-1.473470718475947e-05,0.0,0.0,-0.004294601948196527,0.0,0.0,0.0,0.0,-0.000819238199853157,0.0,0.0,-7.701599587674e-05,0.0,0.0,0.0,0.0,0.0,0.0,0.0004607774063404628,0.004157367445825151
0.014418521323639756,-4.959635708905891e-07,0.0,0.0,0.0,0.02674267257784593,0.0,0.0,0.27924181175687257,-0.27924181175687257,0.0,0.0,0.0,0.0,-0.1097224555718678,0.0,0.0,0.26178991653660405,0.0,-0.0001170474428068928,0.003040238777904874,0.0,0.0,-1.686276721085702e-05,0.0,0.0,-0.0033101276396652972,0.0,0.0,0.0,0.0,-0.0009375566735831853,0.0,0.0,-8.813903077253387e-05,0.0,0.0,0.0,0.0,0.0,-0.016047221776853995,0.0005273251814042436,0.004757795222524414
0.009232860001106012,-3.1758889229325496e-07,0.0,0.0,0.0,0.006848802153683518,0.0,0.0,0.2815696550293332,-0.2815696550293332,0.0,0.0,0.0,0.0,-0.1216394380718546,0.0,0.0,0.28067017629921853,0.0,-7.49510042442203e-05,0.0019468084400795845,0.0,0.010275793803451632,-1.0798026052354004e-05,0.0,0.0,-0.002119631021574565,0.0,0.0,0.0,0.0,-0.0006003618065955065,0.0,0.0,-5.6439583053621605e-05,0.0,0.0,0.0,0.0,0.0,0.0,0.0003376712123025229,0.0030466409292246284
0.013115874684071905,-3.5295066254668874e-07,0.0,0.0,0.0,0.030451271926433196,0.0,0.0,0.2843710152005221,-0.2843710152005221,0.0,0.0,0.0,0.0,-0.11091593132800232,0.0,0.0,0.2633864777059008,0.0,-8.329638488146543e-05,0.005018561496433603,0.0,0.0,-1.2000326654546835e-05,0.0,0.0,-0.0037831335776063956,0.0,0.0,0.0,0.0,-0.0006672087801167453,0.0,0.0,-6.272381911342333e-05,0.0,0.0,0.0,0.0,0.0,0.0,0.00037526903804642367,0.0033858675810323037
0.020567389595828017,-4.412812026248588e-07,0.0,0.0,0.0,0.03705840066819017,0.0,0.0,0.2823500743964732,-0.2823500743964732,0.0,0.0,0.0,0.0,-0.09861387699959724,-0.0038692897859262084,0.0,0.2602829756826877,0.0,-0.00010414239947753008,0.005053774468765764,0.0,0.0,-1.5003566050280692e-05,0.0,0.0,-0.004119538469159244,0.0,0.0,0.0,0.0,-0.0008341865425818126,0.0,0.0,-7.842127886056642e-05,0.0,0.0,0.0,0.0,0.0,0.0,0.00046918504479388556,0.004233225423932481
0.015533466828203153,-5.343151009386149e-07,0.0,0.0,0.0,0.021446105623160686,0.0,0.0,0.27628647742204565,-0.27628647742204565,0.0,0.0,0.0,0.0,-0.11237676430408308,0.0,0.0,0.26362216234165503,0.0,-0.0001260984069972515,0.0014342057833124835,0.0,0.0,-1.8166719681032933e-05,0.0,0.0,-0.0026455276697970264,0.0,0.0,0.0,0.0,-0.0010100554114926775,0.0,0.0,-9.495458515086625e-05,0.0,0.0,0.0,0.0,0.0,-0.023425198606130807,0.0005681018205097939,0.005125702740633747
0.016770195309954328,-3.2887568269956835e-07,0.0,0.0,0.0,0.024014081285550853,0.0,0.0,0.2830010469944141,-0.2830010469944141,0.0,0.0,0.0,0.0,-0.1130249147307987,0.0,0.0,0.26799684002761703,0.0,-7.761468769214796e-05,0.0008827663775363722,0.0,0.0,-1.1181777058174113e-05,0.0,0.0,-0.0034306479234454887,0.0,0.0,0.0,0.0,-0.000621698062501907,0.003604604366613869,0.0,-5.844538917595202e-05,0.0,0.0,0.0,0.0,0.0,0.0,0.00034967170820143214,0.003154915489342752
0.06729345399714534,-1.0513280239161342e-06,0.0,0.0,0.0,0.09070467614128641,0.0,0.0,0.27096056613521236,-0.27096056613521236,0.0,0.0,0.0,0.0,0.0,-0.037633900398162265,0.0,0.23667971314034608,0.0,-0.0002481134985975688,0.005540227086984448,0.0,0.0,-3.574516510902977e-05,0.0,0.0,-0.006564516897827853,0.0,0.0,0.0,0.0,-0.001987403234430373,0.0,0.0,-0.00018683435334893402,0.0,0.0,0.0,0.0,0.0,0.0,0.0011178073823676878,0.010085425105945277
0.0,-1.2384183323291636e-07,0.0,0.0,0.0,0.0,0.0,0.0,0.2791374713386706,-0.2791374713386706,0.014366247325674637,0.0,0.0,0.0,-0.13974181676164033,0.0,0.0,0.2815387105021951,0.0,-2.9226682650101846e-05,0.002681300106218136,0.0,0.0,-4.21062377832007e-06,0.0,0.0,-0.0017876141373305465,0.0,0.0,0.0,0.0,-0.00023410739020166978,0.0,0.0,-2.20082679271034e-05,0.0,0.0,0.0,0.0,0.0,0.0,0.00013167281027861652,0.0011880188729309253
0.0,-4.1369553691934305e-07,0.0,0.0,0.0,0.08507981655017209,0.0,0.0,0.29305371012082754,-0.29305371012082754,0.0,0.0,0.0,0.0,0.0028807900371977837,-0.061815246268518115,0.0,0.2530844174620574,0.00277539936342528,-9.763218014194765e-05,0.0,0.0,0.0,-1.4065653093663055e-05,0.0,0.0,-0.0028807900371977837,0.0,0.0,0.0,0.0,-0.0007820393154558378,0.0,0.0,-7.351895542150147e-05,0.0,0.0,0.0,0.0,0.0,0.0,0.0004398550354421968,0.003968595204684359
0.0,-5.212648399301065e-07,0.0,0.0,0.0,0.01913086394705487,0.0,0.0,0.2392434410308176,-0.2392434410308176,0.10065308054274041,0.0,0.0,0.0,0.002581384793282952,-0.09885786669862813,0.0,0.2895343951289707,0.0014001207992530688,-0.00012301854434470722,0.0,0.0,0.0,-1.7723010654113398e-05,0.0,0.0,-0.002581384793282952,0.0,0.0,0.0,0.0,-0.0009853855364884332,0.0,0.0,-9.263538788693601e-05,0.0,0.0,0.0,0.0,0.0,0.0,0.0005542263432417214,0.005000511147695815
0.1023602980502871,-1.374974029984201e-06,0.0,0.0,0.0,0.050462718916335324,0.0,0.0,0.2216267277175216,-0.2216267277175216,0.06077855362671762,0.0,0.0,0.0,0.0068090858624497,-0.05604320179624798,0.0,0.2519221365769118,0.0036931893163402742,-0.0003244939821820943,0.0,0.0,0.0,-4.674913310056877e-05,0.0,0.0,-0.0068090858624497,0.0,0.0,0.0,0.0,-0.0025992152518388026,0.0,0.0,-0.0002443503625127076,0.0,0.0,0.0,0.0,0.0,0.0,0.0014619187221464145,0.013190172131406644
0.0819404793479997,-1.1312118946045069e-06,0.0,0.0,0.0,0.08924699115318004,0.0,0.0,0.2618865724490488,-0.2618865724490488,0.0,0.0,0.0,0.0,0.006170158584400105,-0.03928893823462561,0.0,0.23453474564547275,0.00417488428827404,-0.0002669660985351016,0.0,0.0,0.0,-3.84612176467219e-05,0.0,0.0,-0.006170158584400105,0.0,0.0,0.0,0.0,-0.0021384136321115008,0.0,0.0,-0.00020103073257934492,0.0,0.0,0.0,0.0,0.0,0.0,0.001202742605586556,0.010851753765196223
0.0,-6.561099694267358e-08,0.0,0.0,0.0,0.0,0.0,0.0,0.27941273880045997,-0.27941273880045997,0.0,0.0,0.0,0.0,-0.15099873966202326,0.011131449577389173,0.0,0.27392128123448556,0.002406554281646322,-1.5484200580217508e-05,0.0,0.0,0.00042378225158152096,-2.230774663408954e-06,0.0,0.0,-0.0014400772462300772,0.0,0.0,0.0,0.0,-0.00012402932726206166,0.0,0.0,-1.1659908142371722e-05,0.0,0.0,0.0,0.0,0.0,0.0,6.975982288937328e-05,0.000629408501189658
0.0,-6.138382351494837e-08,0.0,0.0,0.0,0.0,0.0,0.0,0.2792523353159452,-0.2792523353159452,0.00039647888543099325,0.0,0.0,0.0,-0.15147955151143525,0.011207232330979044,0.0,0.2737182014980015,0.002449744680972917,-1.4486587309694389e-05,0.0,0.0,0.0,-2.0870507174270907e-06,0.0,0.0,-0.0014464159315908524,0.0,0.0,0.0,0.0,-0.00011603838822909873,0.0,0.0,-1.0908685692387986e-05,0.0,0.0,0.0,0.0,0.0,0.0,6.526534965497893e-05,0.000588857084271882
0.0,-5.790563191412282e-08,0.0,0.0,0.0,0.0,0.0,0.0,0.27951162789737427,-0.27951162789737427,0.0,0.0,0.0,0.00018700660114384925,-0.1514050660139831,0.01094621012605365,0.0,0.27391706150248024,0.0023109347977558494,-1.3665733810841639e-05,0.0,0.0,0.0,-1.9687921623195862e-06,0.0,0.0,-0.0014579609660190197,0.0,0.0,0.0,0.0,-0.00010946330501986366,0.0,0.0,-1.0290566833401141e-05,0.0,0.0,0.0,0.0,0.0,0.0,6.156721913791185e-05,0.0005554906752194659
0.0,-6.212273408605936e-08,0.0,0.0,0.0,0.00040125151807086007,0.0,0.0,0.279403835875489,-0.279403835875489,0.0,0.0,0.0,0.0,-0.15129673592110063,0.011342139900564388,0.0,0.2734018331516047,0.002479233594136709,-1.4660970264184816e-05,0.0,0.0,0.0,-2.1121736854868453e-06,0.0,0.0,-0.0014638272292402336,0.0,0.0,0.0,0.0,-0.00011743520561204138,0.0,0.0,-1.1039999493214842e-05,0.0,0.0,0.0,0.0,0.0,0.0,6.60509842737735e-05,0.0005959454782416082
0.0,-6.13743348034686e-08,0.0,0.0,0.0,0.0,0.0,0.0,0.27941682260254536,-0.27941682260254536,0.0,0.0,0.0,0.0,-0.1513290146119675,0.011188097948557442,0.0,0.27385699827036714,0.002392145060032341,-1.4484347973018422e-05,0.0,0.0,0.0001849358085403978,-2.0867281011258026e-06,0.0,0.0,-0.0014175818749121041,0.0,0.0,0.0,0.0,-0.00011602045101496911,0.0,0.0,-1.09069994277464e-05,0.0,0.0,0.0,0.0,0.0,0.0,6.525526093718585e-05,0.0005887660587434036
0.0,-5.9583720723688025e-08,0.0,0.0,0.0,0.0,0.0,0.0,0.27934406684658736,-0.27934406684658736,0.00017954025250401163,0.0,0.0,0.0,-0.1515371080710707,0.011220762439822878,0.0,0.2737669117548826,0.002412123657967377,-1.406176290549827e-05,0.0,0.0,0.0,-2.0258472014710094e-06,0.0,0.0,-0.0014211085742759971,0.0,0.0,0.0,0.0,-0.00011263552059095486,0.0,0.0,-1.0588784545157112e-05,0.0,0.0,0.0,0.0,0.0,0.0,6.335141970798076e-05,0.000571588637629859
0.0,-5.800593898254186e-08,0.0,0.0,0.0,0.0,0.0,0.0,0.2794628118965321,-0.2794628118965321,0.0,0.0,0.0,8.739300605238572e-05,-0.15150077497540096,0.011098421755503454,0.0,0.273858554310374,0.002348250428523104,-1.3689406287093921e-05,0.0,0.0,0.0,-1.972202603818982e-06,0.0,0.0,-0.0014271740073816517,0.0,0.0,0.0,0.0,-0.00010965292290094103,0.0,0.0,-1.0308392674468888e-05,0.0,0.0,0.0,0.0,0.0,0.0,6.167386899317282e-05,0.0005564529243016971
0.0,-5.990638896975502e-08,0.0,0.0,0.0,0.00018051253046299555,0.0,0.0,0.2794127197341724,-0.2794127197341724,0.0,0.0,0.0,0.0,-0.1514551758238643,0.011281527086474974,0.0,0.27362484972065304,0.0024251862143260575,-1.4137912637643536e-05,0.0,0.0,0.0,-2.036817925611077e-06,0.0,0.0,-0.001428804411420154,0.0,0.0,0.0,0.0,-0.00011324548427621157,0.0,0.0,-1.0646126793940325e-05,0.0,0.0,0.0,0.0,0.0,0.0,6.369449146037808e-05,0.0005746840049707328
0.0,-5.7928313530898366e-08,0.0,0.0,0.0,0.0,0.0,0.0,0.27943792980348603,-0.27943792980348603,0.0,0.0,0.0,0.0,-0.15155985982676864,0.01119993755501182,0.0,0.27384117201879454,0.002374199940670535,-1.3671086674233474e-05,0.0,0.0,0.0,-1.9695633375552293e-06,0.0,0.0,-0.001396172098322394,0.0,0.0,0.0,0.0,-0.00010950618176005929,0.0,0.0,-1.0294597645009665e-05,0.0,0.0,0.0,0.0,0.0,0.0,6.159133499718601e-05,0.0005557082607323294
0.0,-2.0405956086493476e-07,0.0,0.0,0.0,0.0,0.0,0.0,0.284100197232868,-0.284100197232868,0.0,0.0,0.0,0.0,-0.12996134990241417,0.0,0.0,0.28590483326586597,0.001190109646156674,-4.815807285331271e-05,0.0,0.0,0.010759949511349835,-6.938027456000798e-06,0.0,0.0,-0.0013315369339099317,0.0,0.0,0.0,0.0,-0.00038574890239182293,0.0,0.0,-3.626397778007754e-05,0.0,0.0,0.0,0.0,0.0,0.0,0.0002169630014501814,0.00195755023307507
0.0,-2.037671424077937e-07,0.0,0.0,0.0,0.0,0.0,0.0,0.28407583725838836,-0.28407583725838836,0.0,0.0,0.0,0.0,-0.13003650970919345,5.1345471148452315e-05,0.0,0.2858498806175398,0.0011977397527897042,-4.808906207379833e-05,0.0,0.0,0.010730527135045848,-6.928085225038001e-06,0.0,0.0,-0.0013342966043683807,0.0,0.0,0.0,0.0,-0.00038519612212314474,0.0,0.0,-3.621201130329351e-05,0.0,0.0,0.0,0.0,0.0,0.0,0.00021665209229271856,0.0019547450529771335
0.0,-2.039648664582884e-07,0.0,0.0,0.0,0.0,0.0,0.0,0.28408012114902664,-0.28408012114902664,5.3451105629563324e-05,0.0,0.0,0.0,-0.12998486202861934,0.0,0.0,0.28588877892707626,0.0011968461595973493,-4.8135724965692315e-05,0.0,0.0,0.01073066036975463,-6.934807845067316e-06,0.0,0.0,-0.0013345634240588074,0.0,0.0,0.0,0.0,-0.0003855698945410187,0.0,0.0,-3.624714938034971e-05,0.0,0.0,0.0,0.0,0.0,0.0,0.00021686231916605094,0.001956641826446065
0.0,-2.032928581682065e-07,0.0,0.0,0.0,0.0,0.0,0.0,0.28409977536202957,-0.28409977536202957,0.0,0.0,0.0,2.081054644431792e-05,-0.130023586223595,0.0,0.0,0.2858824959842052,0.0011837462393452418,-4.797713095493086e-05,0.0,0.0,0.010711954224271692,-6.911959555345012e-06,0.0,0.0,-0.0013359933566342546,0.0,0.0,0.0,0.0,-0.00038429954749529086,0.0,0.0,-3.612772496526098e-05,0.0,0.0,0.0,0.0,0.0,0.0,0.00021614781730689976,0.001950195228309216
0.0,-2.062022796438392e-07,0.0,0.0,0.0,0.0,0.0,0.0,0.28406219501591773,-0.28406219501591773,0.0,0.0,0.0,0.0,-0.12987067696653923,0.0,0.0,0.28583665560505606,0.0009938253126167847,-4.866375465827819e-05,0.0,0.0,0.010848371431555886,-7.010879919543869e-06,0.0,0.0,-0.001376221773678694,0.0,0.0,0.0,0.0,-0.00038979944240863606,0.0,0.0,-3.6644766143326925e-05,0.0,0.0,0.0,0.0002701872146336927,0.0,0.0,0.00021924121226061475,0.0019781054064140686
0.0,-2.025945182595897e-07,0.0,0.0,0.0,0.0,0.0,0.0,0.28411178555729666,-0.28411178555729666,0.0,0.0,0.0,0.0,-0.13008410096196338,0.0,0.0,0.285843133423791,0.001121233462776998,-4.7812322680067395e-05,0.0,6.0331808740911814e-05,0.01068269861264814,-6.888215990284557e-06,0.0,0.0,-0.001352143088516642,0.0,0.0,0.0,0.0,-0.00038297942384068963,0.0,0.0,-3.600362108685568e-05,0.0,0.0,0.0,0.0,0.0,0.0,0.00021540531878360718,0.001943496030069819
0.0,-2.0345374954896839e-07,0.0,0.0,0.0,0.00044430968458386333,0.0,0.0,0.28418577271216405,-0.28418577271216405,0.0,0.0,0.0,0.0,-0.12982796978236702,0.0,0.0,0.2855811332528953,0.0012471641370316961,-4.8015101333791605e-05,0.0,0.0,0.010526046463052245,-6.917429864172632e-06,0.0,0.0,-0.0013578777138132752,0.0,0.0,0.0,0.0,-0.00038460369238940966,0.0,0.0,-3.61563174087232e-05,0.0,0.0,0.0,0.0,0.0,0.0,0.00021631888244459584,0.0019517386647381447
0.0,-2.2165208683314624e-07,0.0,0.0068805421472263595,0.0,0.005071079972380372,0.0,0.0,0.2866702106496553,-0.2866702106496553,0.0,0.0,0.0,0.0,-0.12309258602345668,0.0,0.0,0.28589686802245506,0.0013587192873533212,-5.230991040338808e-05,0.0,0.0,0.0,-7.536173544674619e-06,0.0,0.0,-0.001479335866742006,0.0,0.0,0.0,0.0,-0.0004190053572904445,0.0,0.0,-3.939039326437298e-05,0.0,0.0,0.0,0.0,0.0,0.0,0.00023566796788730812,0.002126315926598472
0.0,-4.1060761238146273e-07,0.0,0.0,0.0,0.08408358690815446,0.0,0.0,0.2945984077777079,-0.2945984077777079,0.0,0.0,0.0,0.0,0.0,-0.060751886988760787,0.0,0.254927455682343,0.00281487862289676,-9.690342970148581e-05,0.0,0.0,0.0,-1.3960663623260084e-05,0.0,0.0,-0.0028893848758141695,0.0,0.0,0.0,0.0,-0.0007762019829823815,0.0,0.0,-7.297019198031007e-05,0.0,0.0,0.0,0.0,0.0,0.0,0.0004365718500175569,0.0039389726406975295
0.0,-5.167332771749978e-07,0.0,0.0,0.0,0.019315091976167344,0.0,0.0,0.24151030159815126,-0.24151030159815126,0.09900687470752476,0.0,0.0,0.0,0.0,-0.09729737542096392,0.0,0.29059286787408756,0.0014580570407724416,-0.00012194909516832519,0.0,0.0,0.0,-1.7568937467440487e-05,0.0,0.0,-0.002593997812183641,0.0,0.0,0.0,0.0,-0.0009768191877641023,0.0,0.0,-9.183007158436365e-05,0.0,0.0,0.0,0.0,0.0,0.0,0.0005494082330172316,0.0049570397137191
0.0,-1.8633621907827136e-07,0.0,0.0,0.0,0.023193422745955573,0.0,0.0,0.2883207904661171,-0.2883207904661171,0.0,0.0,0.0,0.0,-0.11846672410192338,-0.002629210955291505,0.0,0.2703178723569952,0.0037714452487350282,-4.397536275951203e-05,0.0,0.0,0.0,-6.335433627969646e-06,0.0,0.0,-0.002558238488703698,0.0,0.0,0.0,0.0,-0.00035224515666218404,0.0,0.0,-3.3114314662034806e-05,0.0,0.0,0.0,0.0,0.0,0.0,0.00019811894722668395,0.0017875296190038874
0.0,-3.22130295602297e-07,0.0,0.0,0.0,0.01736947132473438,0.0,0.0,0.2832941762481444,-0.2832941762481444,0.0,0.0,0.0,0.0,-0.12222792671669101,0.0,0.0,0.2688374726399316,0.0019746470783518722,-7.602277579212578e-05,0.0,0.0,0.0,-1.0952433817975738e-05,0.0,0.0,-0.0021499409586313006,0.0,0.0,0.0,0.0,-0.0006089467576478177,0.0,0.0,-5.724664814771185e-05,0.0,0.0,0.0,0.0,0.0,-0.01666599149036782,0.00034249978533555875,0.0030902067639663167
0.0,-1.6365963536007095e-07,0.0,0.0,0.0,0.01898530357177867,0.0,0.0,0.28787162953701295,-0.28787162953701295,0.0,0.0,0.0,0.0,-0.12517924156767676,0.0,0.0,0.27205961495535785,0.0035433955249133376,-3.862368716961813e-05,0.0,0.0,0.0,-5.564429516335244e-06,0.0,0.0,-0.002362370373909035,0.0,0.0,0.0,0.0,-0.0003093779308276545,0.0,0.0,-2.908439749177691e-05,0.0,0.0,0.0,0.0,0.0,0.0,0.00017400843926869826,0.0015699923884288825
0.09910311385534627,-1.336091305986518e-06,0.0,0.0,0.0,0.049942064124016916,0.0,0.0,0.2280486128410958,-0.2280486128410958,0.057790880222461496,0.0,0.0,0.0,0.0,-0.053370713696993886,0.0,0.255855827724993,0.0037700249274806104,-0.000315317656176693,0.0,0.0,0.0,-4.5427120029891914e-05,0.0,0.0,-0.0067071699805253135,0.0,0.0,0.0,0.0,-0.002525712358661266,0.0,0.0,-0.0002374404082174803,0.0,0.0,0.0,0.0,0.0,0.0,0.001420577299733573,0.012817168851865936
0.02242589790874198,-3.8995128768946193e-07,0.0,0.0,0.0,0.026903685973002685,0.0,0.0,0.28093858649435416,-0.28093858649435416,0.0,0.0,0.0,0.0,-0.11010483357505285,0.0,0.0,0.2656892480290496,0.002390387310500626,-9.202853540502359e-05,0.0,0.0,0.0,-1.325834834214455e-05,0.0,0.0,-0.0035821312948392937,0.0,0.0,0.0,0.0,-0.0007371538024236549,0.001959087809659457,0.0,-6.9299300518652e-05,0.0,0.0,0.0,0.0,0.0,0.0,0.00041460934953431634,0.0037408158229335995
0.028572543672869426,-4.622213883280192e-07,0.0,0.0,0.0,0.031558037413285105,0.0,0.0,0.27882133029065115,-0.27882133029065115,0.0,0.0,0.0,0.0,-0.10424807240605066,-0.0013269529749329158,0.0,0.2627362446335054,0.004160353392323402,-0.00010908428499556358,0.0,0.0,0.0,-1.5715532609095568e-05,0.0,0.0,-0.003748404258273576,0.0,0.0,0.0,0.0,-0.000873771326635237,0.0,0.0,-8.214261603208336e-05,0.0,0.0,0.0,0.0,0.0,0.0,0.0004914493558696552,0.004434105329927127
0.023396972888829956,-4.929661015741921e-07,0.0,0.0,0.0,0.026581047117438424,0.0,0.0,0.27755414997741307,-0.27755414997741307,0.0,0.0,0.0,0.0,-0.10905932280728628,0.0,0.0,0.2632295936781242,0.0030218643992485426,-0.00011634003980601034,0.0,0.0,0.0,-1.6760853219042414e-05,0.0,0.0,-0.003290122125922751,0.0,0.0,0.0,0.0,-0.0009318903353148274,0.0,0.0,-8.760634237398229e-05,0.0,0.0,0.0,0.0,0.0,-0.00990650792196827,0.000524138171019218,0.004729040398520692
0.008060541396964029,-2.945468283561415e-07,0.0,0.005919130096740721,0.0,0.00996302305298922,0.0,0.0,0.2842209715749791,-0.2842209715749791,0.0,0.0,0.0,0.0,-0.11843502392075642,0.0,0.0,0.28158119140975424,0.0018055614203059697,-6.951307529313002e-05,0.0,0.0,0.0,-1.001459560900206e-05,0.0,0.0,-0.0019658451848926202,0.0,0.0,0.0,0.0,-0.0005568036864324092,0.0,0.0,-5.234471540281998e-05,0.0,0.0,0.0,0.0,0.0,0.0,0.0003131721134599448,0.0028255976346128055
0.0173732013876465,-3.6604732589232534e-07,0.0,0.0,0.0,0.012381521697937693,0.0,0.0,0.2796550539418327,-0.2796550539418327,0.0,0.0,0.0,0.0,-0.11776089057786099,0.0,0.0,0.27637447381874336,0.002243856887972389,-8.638719848932152e-05,0.0,0.0,0.007355983955464463,-1.2445613361471433e-05,0.0,0.0,-0.0024430491309795272,0.0,0.0,0.0,0.0,-0.000691966372895838,0.0,0.0,-6.505126266248438e-05,0.0,0.0,0.0,0.0,0.0,0.0,0.0003891938518429831,0.0035115043131515398
0.025640793992242217,-4.213163232600128e-07,0.0,0.0,0.0,0.028362081404704153,0.0,0.0,0.27954652663566765,-0.27954652663566765,0.0,0.0,0.0,0.0,-0.1094359333437805,0.0,0.0,0.26448174388493517,0.003993762872267316,-9.943068633414917e-05,0.0,0.0,0.0,-1.4324759918375271e-05,0.0,0.0,-0.0035174763730585704,0.0,0.0,0.0,0.0,-0.000796445452339675,0.0,0.0,-7.48732660225504e-05,0.0,0.0,0.0,0.0,0.0,0.0,0.00044795771228259566,0.004041701664456011
0.07988905167949639,-1.1067229215953913e-06,0.0,0.0,0.0,0.0870373889010808,0.0,0.0,0.2659311803182974,-0.2659311803182974,0.0,0.0,0.0,0.0,0.0,-0.03760576169242357,0.0,0.23889393379593615,0.004223276607893075,-0.00026118669892610027,0.0,0.0,0.0,-3.762859227799945e-05,0.0,0.0,-0.006105970301660571,0.0,0.0,0.0,0.0,-0.0020921203125584807,0.0,0.0,-0.00019667873079469298,0.0,0.0,0.0,0.0,0.0,0.0,0.0011767051042611124,0.01061683022317462
0.0,-1.0427108773042207e-07,0.0,0.0,0.0,0.0,0.0,0.0,0.28017680640826886,-0.28017680640826886,0.012095946871482575,0.0,0.0,0.0,-0.1402341322626366,0.0,0.0,0.2821985773474206,0.002257573804493312,-2.4607985130084208e-05,0.0,0.0,0.0,-3.5452182023442267e-06,0.0,0.0,-0.0015051171779019918,0.0,0.0,0.0,0.0,-0.00019711136039263889,0.0,0.0,-1.8530297686288472e-05,0.0,0.0,0.0,0.0,0.0,0.0,0.00011086453417118496,0.0010002760528568485
0.0,-3.391859905746741e-07,0.0,0.0,0.0,0.0,0.0,0.0,0.2788096251572812,-0.2788096251572812,0.0,0.0,0.0,0.0,-0.13039306143775392,0.0020791978725685245,0.0,0.27910435011008294,0.0,-8.004792118380518e-05,0.0,0.0,0.007893135930458154,-1.1532327646512644e-05,0.0,0.0,-0.00122417402666217,0.0,0.0,0.0,0.0,-0.0006411884011524752,0.0,0.0,-6.0277661940353725e-05,0.0,0.0,0.0,0.0,0.0,-0.01727898821534547,0.0003606339749679425,0.0032538226196847007
0.0,-3.207358304811377e-07,0.0,0.0,0.0,0.0,0.0,0.0,0.2806831872145591,-0.2806831872145591,0.0,0.0,0.0,0.0,-0.12788784222476948,0.0,0.0,0.28227261318853747,0.0,-7.569368191085138e-05,0.0,0.0,0.009429884644497769,-1.0905021987547255e-05,0.0,0.0,-0.0011575845819271477,0.0,0.0,0.0,0.0,-0.0006063106969426449,0.0,0.0,-5.6998833970544795e-05,0.0,0.0,0.0,0.0,0.0,-0.01371762520433784,0.0003410171430284699,0.0030768296131414787
0.0,-3.572464923134938e-07,0.0,0.0,0.0,0.0,0.0,0.0,0.27410857587327936,-0.27410857587327936,0.010503326700712419,0.0,0.0,0.0,-0.13368620217036337,0.0,0.0,0.2758789326592485,0.0,-8.431020105355923e-05,0.0,0.0,0.0,-1.214638491686039e-05,0.0,0.0,-0.0012893571349022572,0.0,0.0,0.0,0.0,-0.0006753295053127777,0.0,0.0,-6.348724266755677e-05,0.0,0.0,0.0,0.0,0.0,-0.025782484878236547,0.00037983650901408873,0.003427077620520854
0.0,-4.4083482966218966e-07,0.0,0.0,0.0,0.08689717604850229,0.0,0.0,0.2923829301451588,-0.2923829301451588,0.0,0.0,0.0,0.0,0.0037419284744350675,-0.061030957149044884,0.0,0.24979156826546223,0.0,-0.00010403705542227066,0.0,0.0,0.0,-1.4988389364329354e-05,0.0,0.0,-0.0037419284744350675,0.0,0.0,0.0,0.0,-0.0008333427307080774,0.0,0.0,-7.83419527112243e-05,0.0,0.0,0.0,0.004301776535665774,0.0,0.0,0.00046871044601823195,0.0042289433530831285
0.0,-5.332734157474233e-07,0.0,0.0,0.0,0.02124269414753939,0.0,0.0,0.23986103188305846,-0.23986103188305846,0.09885378298360087,0.0,0.0,0.0,0.003028788276945274,-0.09779308240356992,0.0,0.28719247701435036,0.0,-0.0001258525692079561,0.0,0.0,0.0,-1.8131302372349316e-05,0.0,0.0,-0.003028788276945274,0.0,0.0,0.0,0.0,-0.0010080862368191815,0.0,0.0,-9.476946445146314e-05,0.0,0.0,0.0,0.0022082461994065226,0.0,0.0,0.0005669942657121203,0.005115709819546567
0.09790735496091912,-1.3686556494563e-06,0.0,0.0,0.0,0.05451975008720945,0.0,0.0,0.2239781590772531,-0.2239781590772531,0.05789527177864388,0.0,0.0,0.0,0.0077734386598629,-0.055172964987471415,0.0,0.24754779483614853,0.0,-0.00032300284386694813,0.0,0.0,0.0,-4.653430808872308e-05,0.0,0.0,-0.0077734386598629,0.0,0.0,0.0,0.0,-0.0025872711491307463,0.0,0.0,-0.0002432275059795529,0.0,0.0,0.0,0.005667502911188844,0.0,0.0,0.0014552008070542364,0.013129559694417054
0.07802601231267174,-1.1371050723848304e-06,0.0,0.0,0.0,0.0917378947210076,0.0,0.0,0.26238263144177837,-0.26238263144177837,0.0,0.0,0.0,0.0,0.007287639065643932,-0.03920419543072304,0.0,0.2305469668304799,0.0,-0.0002683568889674607,0.0,0.0,0.0,-3.866158576017697e-05,0.0,0.0,-0.007287639065643932,0.0,0.0,0.0,0.0,-0.0021495539425714664,0.0,0.0,-0.00020207802517947527,0.0,0.0,0.0,0.006367306494010853,0.0,0.0,0.0012090084307891536,0.01090828721792212
0.0,-1.1792228733359102e-07,0.0,0.0,0.0,0.0,0.0,0.0,0.28015559897729436,-0.28015559897729436,0.0,0.0,0.0,0.0,-0.14523501089010624,0.00847239528101478,0.0,0.2760528814115483,0.0,-2.7829669339527652e-05,0.0,0.0,0.0036451861309615306,-4.00935914851054e-06,0.0,0.0,-0.0018673618388321182,0.0,0.0,0.0,0.0,-0.00022291723413329437,0.0,0.0,-2.0956289377059526e-05,0.0,0.0,0.0,0.0028835245991068086,0.0,0.0,0.00012537894960335113,0.0011312324699522735
0.0,-5.328771555756439e-08,0.0,0.0,0.0,0.0,0.0,0.0,0.28061389511212304,-0.28061389511212304,0.0,0.0,0.0,0.0012354130382806249,-0.14943220335443264,0.007946620738687734,0.0,0.2754654898039632,0.0,-1.2575905177539606e-05,0.0,0.0,0.0,-1.8117829521874329e-06,0.0,0.0,-0.001873350047467821,0.0,0.0,0.0,0.0,-0.00010073371568658698,0.0,0.0,-9.469904398204906e-06,0.0,0.0,0.0,0.0021266400538987496,0.0,0.0,5.6657294854442663e-05,0.0005111908482386293
0.0,-8.516906417751017e-08,0.0,0.0,0.0,0.0,0.0,0.0,0.27869070882500285,-0.27869070882500285,0.003949089250387997,0.0,0.0,0.0,-0.14899377075931633,0.008751891540513137,0.0,0.27441116869027815,0.0,-2.009990602804345e-05,0.0,0.0,0.0,-2.8957491781361554e-06,0.0,0.0,-0.0020068787548731776,0.0,0.0,0.0,0.0,-0.0001610013904026725,0.0,0.0,-1.5135625293869588e-05,0.0,0.0,0.0,0.0033989811974076095,0.0,0.0,9.055461903540268e-05,0.0008170296982155271
0.0,-9.66153424911396e-08,0.0,0.0,0.0,0.0044798262624924385,0.0,0.0,0.28030667742026977,-0.28030667742026977,0.0,0.0,0.0,0.0,-0.14661862566271505,0.009928100147603423,0.0,0.2709721631344447,0.0,-2.2801228634985223e-05,0.0,0.0,0.0,-3.284922774670313e-06,0.0,0.0,-0.0022765927994247473,0.0,0.0,0.0,0.0,-0.0001826391381133832,0.0,0.0,-1.716977444459124e-05,0.0,0.0,0.0,0.003855786554423548,0.0,0.0,0.00010272468785174652,0.0009268342311945927
0.0,-1.0978367293742877e-07,0.0,0.0,0.0,0.0,0.0,0.0,0.28015494775157807,-0.28015494775157807,0.0,0.0,0.0,0.0,-0.14588752242825984,0.008602204248649112,0.0,0.2759150651406998,0.0,-2.590895568438643e-05,0.0,0.0,0.0031834465259436124,-3.732646163855284e-06,0.0,0.0,-0.0018225468370014779,0.0,0.0,0.0,0.0,-0.00020753220852115037,0.0,0.0,-1.9509954148403434e-05,0.0,0.0,0.0,0.0028526415993528555,0.0,0.0,0.00011672570052473641,0.0010531584682216678
0.0,-5.331137202493987e-08,0.0,0.0,0.0,0.0,0.0,0.0,0.28058538818378975,-0.28058538818378975,0.0,0.0,0.0,0.0011594203686563494,-0.14949088794775053,0.008041997889819689,0.0,0.2754346973004099,0.0,-1.2581488105751796e-05,0.0,0.0,0.0,-1.8125872723548748e-06,0.0,0.0,-0.0018512193645351777,0.0,0.0,0.0,0.0,-0.00010077843525907787,0.0,0.0,-9.474108453156428e-06,0.0,0.0,0.0,0.002158200598052517,0.0,0.0,5.668244720772489e-05,0.0005114177855260973
0.0,-8.218241298293647e-08,0.0,0.0,0.0,0.0,0.0,0.0,0.2788291281600811,-0.2788291281600811,0.0035746205711295245,0.0,0.0,0.0,-0.1491258102476027,0.008822561618814511,0.0,0.27446367536136107,0.0,-1.939505610478543e-05,0.0,0.0,0.0,-2.794203002590059e-06,0.0,0.0,-0.0019601013553071237,0.0,0.0,0.0,0.0,-0.0001553555024312846,0.0,0.0,-1.4604859413075838e-05,0.0,0.0,0.0,0.0033269849585975367,0.0,0.0,8.737911084204544e-05,0.0007883786528184361
0.0,-9.205417546074706e-08,0.0,0.0,0.0,0.0040040044739094675,0.0,0.0,0.2802900846670826,-0.2802900846670826,0.0,0.0,0.0,0.0,-0.14701880022025862,0.00988232890460677,0.0,0.27139624861835165,0.0,-2.172479284724401e-05,0.0,0.0,0.0,-3.129843042291515e-06,0.0,0.0,-0.0021955489931860957,0.0,0.0,0.0,0.0,-0.0001740168262347241,0.0,0.0,-1.635919708599907e-05,0.0,0.0,0.0,0.0037266228383631577,0.0,0.0,9.787510136417887e-05,0.0008830788024090283
0.0,-5.132387348476612e-08,0.0,0.0,0.0,0.0,0.0,0.0,0.280393902553068,-0.280393902553068,0.0,0.0,0.0,0.0,-0.15005680420594852,0.00908161986930786,0.0,0.27543523431369016,0.0,-1.2112438289669459e-05,0.0,0.0,0.0,-1.7450122987440377e-06,0.0,0.0,-0.0014473453267509638,0.0,0.0,0.0,0.0,-9.702131955654615e-05,0.0,0.0,-9.120904699344064e-06,0.0,0.0,0.0,0.0025242192625031675,0.0,0.0,5.45692717856756e-05,0.0004923516451597134
0.0,-2.1796141041539653e-07,0.0,0.0,0.0,0.0,0.0,0.0,0.2838536407981983,-0.2838536407981983,0.0,0.0,0.0,0.0,-0.12899788984825433,-0.0002501191308459504,0.0,0.2856292461861811,0.0,-5.143891047057122e-05,0.0,0.0,0.01141699943863719,-7.4106905033065616e-06,0.0,0.0,-0.0015797633609071725,0.0,0.0,0.0,0.0,-0.00041202859829323846,0.0,0.0,-3.873451315251035e-05,0.0,0.0,0.0,0.0015862147050467244,0.0,0.0,0.0002317439163526369,0.002090911143548132
0.0,-2.310815366917976e-07,0.0,0.0,0.0,0.0,0.0,0.0,0.2834385826742654,-0.2834385826742654,0.0,0.0,0.0,0.0,-0.12920539483926655,0.0,0.0,0.2850558951509537,0.0,-5.453526133198367e-05,0.0,0.0,0.011043542605338382,-7.856774950151563e-06,0.0,0.0,-0.0015422692845087828,0.0,0.0,0.0,0.0,-0.0004368305447882312,0.0,0.0,-4.106612636260708e-05,0.0,0.0,0.0,0.0014165214744436018,0.0,-0.0018562248749089284,0.00024569367672783193,0.0022167729563516148
0.0,-2.1519733981525574e-07,0.0,0.0,0.0,0.0,0.0,0.0,0.28388553725472837,-0.28388553725472837,0.0,0.0,0.0,0.0,-0.1295264273087454,0.0,0.0,0.28549336227013183,0.0,-5.0786589585585165e-05,0.0,0.0,0.011199583583241675,-7.316712070574392e-06,0.0,0.0,-0.0015887822607876451,0.0,0.0,0.0,0.0,-0.00040680347090583046,0.0,0.0,-3.824330267258377e-05,0.0,0.0,0.0,0.0016242044104321908,0.0,0.0,0.00022880506334773562,0.0020643953212822843
0.0,-2.3962421563430434e-07,0.0,0.008025989549589718,0.0,0.003425813448231368,0.0,0.0,0.2864119737543708,-0.2864119737543708,0.0,0.0,0.0,0.0,-0.12220348403380776,0.0,0.0,0.2873385918371244,0.0,-5.6551334252712925e-05,0.0,0.0,0.0,-8.147226134108296e-06,0.0,0.0,-0.001599284273802455,0.0,0.0,0.0,0.0,-0.00045297940354098947,0.0,0.0,-4.258426899723937e-05,0.0,0.0,0.0,0.0014688877878435225,0.0,0.0,0.0002547765408481674,0.0022987231628702797
0.0,-4.3731031048655404e-07,0.0,0.0,0.0,0.08563134563894188,0.0,0.0,0.29438549688060056,-0.29438549688060056,0.0,0.0,0.0,0.0,0.0,-0.05962928257910694,0.0,0.2521346572590396,0.0,-0.0001032052686120192,0.0,0.0,0.0,-1.486855567113648e-05,0.0,0.0,-0.0037691192440845707,0.0,0.0,0.0,0.0,-0.0008266800710527415,0.0,0.0,-7.771560085332087e-05,0.0,0.0,0.0,0.00438159913061673,0.0,0.0,0.00046496305846249395,0.004195132522046843
0.0,-5.285052820377311e-07,0.0,0.0,0.0,0.021563686667148682,0.0,0.0,0.24257019744049824,-0.24257019744049824,0.09682031612471093,0.0,0.0,0.0,0.0,-0.09589683175663331,0.0,0.2883288500849227,0.0,-0.00012472728926717606,0.0,0.0,0.0,-1.7969185770453735e-05,0.0,0.0,-0.0030655732166484017,0.0,0.0,0.0,0.0,-0.000999072680496826,0.0,0.0,-9.392210648319248e-05,0.0,0.0,0.0,0.0023162339239199297,0.0,0.0,0.0005619246252768194,0.005069968952442972
0.0,-2.3399020677154018e-07,0.0,0.0,0.0,0.028598735864698056,0.0,0.0,0.28838599106888085,-0.28838599106888085,0.0,0.0,0.0,0.0,-0.11192837489099551,-0.004354046488265656,0.0,0.26577897160867037,0.0,-5.522170770584021e-05,0.0,0.0,0.0,-7.955669766881366e-06,0.0,0.0,-0.003738705384324407,0.0,0.0,0.0,0.0,-0.00044232901928227016,0.0,0.0,-4.15830340080723e-05,0.0,0.0,0.0,0.005788398005251869,0.0,0.0,0.00024878627277211623,0.0022446759262904127
0.0,-3.766757515731589e-07,0.0,0.0,0.0,0.018001588402297014,0.0,0.0,0.2820047632434349,-0.2820047632434349,0.0,0.0,0.0,0.0,-0.12060403463162762,0.0,0.0,0.26663948409113963,0.0,-8.889550780883626e-05,0.0,0.0,0.0,-1.2806979958925275e-05,0.0,0.0,-0.0025139846747919106,0.0,0.0,0.0,0.0,-0.0007120580731972431,0.0,0.0,-6.694006900458008e-05,0.0,0.0,0.0,0.0023090087535518034,0.0,-0.021027338143513496,0.0004004943521803828,0.003613463158307086
0.0,-1.9328018207918339e-07,0.0,0.0,0.0,0.021375251694939264,0.0,0.0,0.28766426868691763,-0.28766426868691763,0.0,0.0,0.0,0.0,-0.12325009939978306,0.0,0.0,0.26899045794148185,0.0,-4.561413858883949e-05,0.0,0.0,0.0,-6.571528451214265e-06,0.0,0.0,-0.0033130215116507545,0.0,0.0,0.0,0.0,-0.0003653718442552452,0.0,0.0,-3.434834515246319e-05,0.0,0.0,0.0,0.0052308876492897964,0.0,0.0,0.00020550200268486008,0.001854143289705145
0.09407180019905984,-1.3239843747737506e-06,0.0,0.0,0.0,0.05402024384646295,0.0,0.0,0.23138723901016364,-0.23138723901016364,0.05440569866568916,0.0,0.0,0.0,0.0,-0.0520922329062395,0.0,0.25194767271864,0.0,-0.0003124604194321701,0.0,0.0,0.0,-4.501548422706035e-05,0.0,0.0,-0.007679717074762603,0.0,0.0,0.0,0.0,-0.002502825729841411,0.0,0.0,-0.00023528885264897974,0.0,0.0,0.0,0.0058025106424044095,0.0,0.0,0.00140770480249238,0.012701026653397403
0.01889150743387207,-3.676855458268223e-07,0.0,0.0,0.0,0.02649446794868369,0.0,0.0,0.2821772298465763,-0.2821772298465763,0.0,0.0,0.0,0.0,-0.11076750444410802,0.0,0.0,0.2655447108503127,0.0,-8.677381852624042e-05,0.0,0.0,0.0,-1.2501312858404246e-05,0.0,0.0,-0.0039410707558424915,0.0,0.0,0.0,0.0,-0.0006950632213793398,0.0029741758489598125,0.0,-6.534239516836485e-05,0.0,0.0,0.0,0.0022538991170067734,0.0,0.0,0.0003909356624815899,0.0035272198121019923
0.027585473446897067,-5.050888934722117e-07,0.0,0.0,0.0,0.03721252111305072,0.0,0.0,0.2792211914469566,-0.2792211914469566,0.0,0.0,0.0,0.0,-0.0975499854135043,-0.0032684954969656077,0.0,0.2580073813622521,0.0,-0.00011920101967353441,0.0,0.0,0.0,-1.717302828535805e-05,0.0,0.0,-0.005005279019525808,0.0,0.0,0.0,0.0,-0.0009548069467627998,0.0,0.0,-8.976071658785835e-05,0.0,0.0,0.0,0.00636467217273609,0.0,0.0,0.0005370275318754398,0.004845334749076489
0.018957259590522427,-5.385325249977824e-07,0.0,0.0,0.0,0.02573683284833622,0.0,0.0,0.2767998826981966,-0.2767998826981966,0.0,0.0,0.0,0.0,-0.10923646781921162,0.0,0.0,0.26115126213646833,0.0,-0.00012709371941600718,0.0,0.0,0.0,-1.831011214836981e-05,0.0,0.0,-0.0035942385700887523,0.0,0.0,0.0,0.0,-0.0010180279205721297,0.0,0.0,-9.570407501413242e-05,0.0,0.0,0.0,0.0033011849292101936,0.0,-0.01742456779067554,0.0005725859278870063,0.005166160631530926
0.0007015023191744439,-2.4648257090861544e-07,0.0,0.007975102833454388,0.0,0.0038044655919240726,0.0,0.0,0.2861914274084607,-0.2861914274084607,0.0,0.0,0.0,0.0,-0.12177269296683614,0.0,0.0,0.2870042660365283,0.0,-5.816990665164497e-05,0.0,0.0,0.0,-8.380410293647254e-06,0.0,0.0,-0.0016450578601877937,0.0,0.0,0.0,0.0,-0.0004659442605075777,0.0,0.0,-4.3803085906485376e-05,0.0,0.0,0.0,0.0015109292579865159,0.0,0.0,0.0002620685752866376,0.0023645155957699353
0.011775720304797923,-3.3452136682144354e-07,0.0,0.0,0.0,0.005163346946374732,0.0,0.0,0.28017690748192803,-0.28017690748192803,0.0,0.0,0.0,0.0,-0.12197291833013837,0.0,0.0,0.2812800763099067,0.0,-7.894706960111429e-05,0.0,0.0,0.010823654956836052,-1.1373730384347368e-05,0.0,0.0,-0.0022326406360570167,0.0,0.0,0.0,0.0,-0.0006323705173676987,0.0,0.0,-5.9448699007068086e-05,0.0,0.0,0.0,0.00205060389742345,0.0,0.0,0.0003556743898063995,0.0032090747270760917
0.020855748438979926,-4.059155827164978e-07,0.0,0.0,0.0,0.029249225372647167,0.0,0.0,0.28087134647580114,-0.28087134647580114,0.0,0.0,0.0,0.0,-0.11024534611755155,0.0,0.0,0.26250946438106304,0.0,-9.579611032141105e-05,0.0,0.0,0.0,-1.380113455977531e-05,0.0,0.0,-0.004350842861628893,0.0,0.0,0.0,0.0,-0.0007673322917727248,0.0,0.0,-7.21363586681509e-05,0.0,0.0,0.0,0.0057716630973994945,0.0,0.0,0.0004315831259671416,0.0038939618422555652
0.029497017139876368,-5.080362142998162e-07,0.0,0.0,0.0,0.03684614036972428,0.0,0.0,0.27851641669822974,-0.27851641669822974,0.0,0.0,0.0,0.0,-0.09607687603506425,-0.0044546183322066585,0.0,0.2589293942039972,0.0,-0.00011989658762700956,0.0,0.0,0.0,-1.7273237227967202e-05,0.0,0.0,-0.004742723497137751,0.0,0.0,0.0,0.0,-0.0009603784856283445,0.0,0.0,-9.028449296251081e-05,0.0,0.0,0.0,0.0058182864662365925,0.0,0.0,0.0005401612226972923,0.004873608496939952
0.017624893438094345,-5.550111044702976e-07,0.0,0.0,0.0,0.02078703486604085,0.0,0.0,0.27507001325502706,-0.27507001325502706,0.0,0.0,0.0,0.0,-0.11226025908744945,0.0,0.0,0.26340492021658496,0.0,-0.0001309826655030849,0.0,0.0,0.0,-1.8870384043161717e-05,0.0,0.0,-0.0027479987583009873,0.0,0.0,0.0,0.0,-0.001049178599901027,0.0,0.0,-9.86325280466961e-05,0.0,0.0,0.0,0.001489757887126231,0.0,-0.024332543340036334,0.0005901065088724701,0.0053242401988417625
0.018067649027641675,-3.3660133148946306e-07,0.0,0.0,0.0,0.02367469474552902,0.0,0.0,0.2824210223274462,-0.2824210223274462,0.0,0.0,0.0,0.0,-0.11296948278657276,0.0,0.0,0.26796785368366816,0.0,-7.943794143084003e-05,0.0,0.0,0.0,-1.1444449207386406e-05,0.0,0.0,-0.0035112375880894785,0.0,0.0,0.0,0.0,-0.0006363024286405714,0.003689280458000106,0.0,-5.981833516714162e-05,0.0,0.0,0.0,0.0009035035233794222,0.0,0.0,0.0003578858783314706,0.0032290278981179747
0.07554424817313647,-1.1082008917753115e-06,0.0,0.0,0.0,0.08915679375792887,0.0,0.0,0.2671766156307916,-0.2671766156307916,0.0,0.0,0.0,0.0,0.0,-0.03721083309400307,0.0,0.2356517711617386,0.0,-0.00026153550000798995,0.0,0.0,0.0,-3.7678843281402445e-05,0.0,0.0,-0.007226997285394764,0.0,0.0,0.0,0.0,-0.002094914229061366,0.0,0.0,-0.0001969413848822401,0.0,0.0,0.0,0.006454662135291904,0.0,0.0,0.0011782765319606045,0.010631008440837727
0.0029718987323554837,-2.466478910136734e-07,0.0,0.0,0.0,0.0,0.0,0.0,0.2827192084550353,-0.2827192084550353,0.0,0.0,0.0,0.0,-0.1280027336451712,0.0,0.0,0.28543610092422605,0.0,-5.820892220979747e-05,0.0,0.0,0.01178746918478081,-8.386031179152737e-06,0.0,0.0,-0.0016461612288246519,0.0,0.0,0.0,0.0,-0.00046625677734726464,0.0,0.0,-4.383246539054881e-05,0.0,0.0,0.0,0.001511942664260009,0.0,0.0,0.0002622443491932432,0.0023661015171000436
0.0,-1.1776346861545223e-07,0.0,0.0,0.0,0.0,0.0,0.0,0.2794602724047787,-0.2794602724047787,0.013023703491199688,0.0,0.0,0.0,-0.1402134343604716,0.0,0.0,0.28110623037652266,0.0,-2.7792188109213428e-05,0.0,0.0,0.0,-4.003959310236346e-06,0.0,0.0,-0.0020185872168195867,0.0,0.0,0.0,0.0,-0.00022261700734685204,0.0,0.0,-2.0928065272091185e-05,0.0,0.0,0.0,0.0031871217570859306,0.0,0.0,0.00012521008819039986,0.0011297089166456237
0.0,-5.172814292452614e-07,0.0,0.0,0.0,0.016758759694762957,0.0,0.0,0.23835091909189468,-0.23835091909189468,0.10257768413959283,0.0,0.0,0.0,0.002653813818748092,-0.09940676765986525,0.0,0.29095133495730313,0.0,-0.00012207845910120125,0.0,0.0,0.0,-1.7587574644240405e-05,0.0,0.0,-0.002653813818748092,0.0,0.0,0.0,0.0,-0.0009778554002236007,0.001573732324875237,0.0,-9.19274851748462e-05,0.0,0.0,0.0,0.0,0.0,0.0,0.0005499910467698019,0.004962298154972022
0.0,-4.0149300111016003e-07,0.0,0.0,0.0,0.08283520472778085,0.0,0.0,0.29332925087846073,-0.29332925087846073,0.0,0.0,0.0,0.0,0.003038676770430589,-0.06149323263217902,0.0,0.254538909118142,0.0,-9.475238070494527e-05,0.0,0.0,0.0,-1.3650766733435212e-05,0.0,0.0,-0.003038676770430589,0.0,0.0,0.0,0.0,-0.0007589719581860411,0.0031792544595107214,0.0,-7.135040970098164e-05,0.0,0.0,0.0,0.0,0.0,0.0,0.00042688088817243954,0.0038515358681057424
0.09785856666692182,-1.3272081369149898e-06,0.0,0.0,0.0,0.042998570940281096,0.0,0.0,0.22011152132142764,-0.22011152132142764,0.06747023307635389,0.0,0.0,0.0,0.00680898848280503,-0.05933449512899974,0.0,0.2572117913626805,0.0,-0.00031322122755800117,0.0,0.0,0.0,-4.512509217756622e-05,0.0,0.0,-0.00680898848280503,0.0,0.0,0.0,0.0,-0.002508919846197853,0.004037783358950329,0.0,-0.00023586175615892868,0.0,0.0,0.0,0.0,0.0,0.0,0.0014111324150343264,0.012731952312083588
0.0741989905181756,-1.04564882290524e-06,0.0,0.0,0.0,0.08558377257378852,0.0,0.0,0.26523250391716335,-0.26523250391716335,0.0,0.0,0.0,0.0,0.006089367852258014,-0.040948108527966674,0.0,0.2384058847992688,0.0,-0.00024677320670008553,0.0,0.0,0.0,-3.555207220823787e-05,0.0,0.0,-0.006089367852258014,0.0,0.0,0.0,0.0,-0.001976667420106706,0.004630923202934225,0.0,-0.00018582508714060387,0.0,0.0,0.0,0.0,0.0,0.0,0.001111769064476873,0.01003094433956788
0.0,-7.689275795785109e-08,0.0,0.0,0.0,0.0,0.0,0.0,0.2802499922802268,-0.2802499922802268,0.0035653363908185296,0.0,0.0,0.0,-0.14576714225217027,0.007901426232598466,0.0,0.2763863165791007,0.0,-1.814669709143068e-05,0.0,0.0,0.0,-2.614354669871622e-06,0.0,0.0,-0.0018118602551226016,0.0,0.0,0.0,0.0,-0.00014535607573787593,0.0030686851034411665,0.0,-1.3664820477968366e-05,0.0,0.0,0.0,0.0,0.0,0.0,8.17549713701479e-05,0.0007376348141893981
0.0,-1.080555599372004e-07,0.0,0.0,0.0,0.0,0.0,0.0,0.28137563256294873,-0.28137563256294873,0.0,0.0,0.0,0.0,-0.1427712604386842,0.007763497781462746,0.0,0.27761619527713044,0.0,-2.5501120876691047e-05,0.0,0.0,0.003340188164278976,-3.6738903016362517e-06,0.0,0.0,-0.0017111169878307351,0.0,0.0,0.0,0.0,-0.00020426542851720652,0.00264225594834117,0.0,-1.9202846502105872e-05,0.0,0.0,0.0,0.0,0.0,0.0,0.00011488831254945408,0.0010365806220671513
0.0,-4.9925549253634704e-08,0.0,0.0,0.0,0.0,0.0,0.0,0.28150497659301754,-0.28150497659301754,0.0,0.0,0.0,0.0011574651652055351,-0.14730952928432267,0.007445232000248335,0.0,0.27668140778169287,0.0,-1.1782433658129792e-05,0.0,0.0,0.0,-1.6974692585313697e-06,0.0,0.0,-0.0017551518034793472,0.0,0.0,0.0,0.0,-9.437796368995258e-05,0.001992460582045023,0.0,-8.872404709281567e-06,0.0,0.0,0.0,0.0,0.0,0.0,5.3082526342821315e-05,0.00047893747376307106
0.0,-8.6102264014538e-08,0.0,0.0,0.0,0.003992359532625564,0.0,0.0,0.2818768778651684,-0.2818768778651684,0.0,0.0,0.0,0.0,-0.14326398978646362,0.008847786262830032,0.0,0.2735580871559258,0.0,-2.032014126498994e-05,0.0,0.0,0.0,-2.927477983509406e-06,0.0,0.0,-0.0020288681819623246,0.0,0.0,0.0,0.0,-0.00016276548717579053,0.0034362239302016487,0.0,-1.5301466766873387e-05,0.0,0.0,0.0,0.0,0.0,0.0,9.15468285488221e-05,0.000825981915650164
0.0,-7.43493704704509e-08,0.0,0.0,0.0,0.0,0.0,0.0,0.2803453381992648,-0.2803453381992648,0.003233913187598736,0.0,0.0,0.0,-0.14594842798254565,0.0079816578570383,0.0,0.2763959692817241,0.0,-1.754645743888388e-05,0.0,0.0,0.0,-2.5278794655536478e-06,0.0,0.0,-0.0017732784489501504,0.0,0.0,0.0,0.0,-0.00014054812198426034,0.0030098804386255395,0.0,-1.3212828192293225e-05,0.0,0.0,0.0,0.0,0.0,0.0,7.905075608722653e-05,0.0007132360124490775
0.0,-1.0068814520432963e-07,0.0,0.0,0.0,0.0,0.0,0.0,0.28136305111473164,-0.28136305111473164,0.0,0.0,0.0,0.0,-0.14339391267975288,0.007889515510734824,0.0,0.2774744408637635,0.0,-2.3762410404403994e-05,0.0,0.0,0.002919699418666001,-3.423398114552526e-06,0.0,0.0,-0.0016715496544762846,0.0,0.0,0.0,0.0,-0.00019033825875057491,0.002616301530877516,0.0,-1.789356325638586e-05,0.0,0.0,0.0,0.0,0.0,0.0,0.0001070550289405085,0.000965904764653944
0.0,-4.9900987866161437e-08,0.0,0.0,0.0,0.0,0.0,0.0,0.28149067147409595,-0.28149067147409595,0.0,0.0,0.0,0.001085251036514965,-0.14733497327200296,0.007527542883943266,0.0,0.2766694756670617,0.0,-1.17766371687014e-05,0.0,0.0,0.0,-1.696634171070019e-06,0.0,0.0,-0.0017327949279575343,0.0,0.0,0.0,0.0,-9.43315334799743e-05,0.0020201382512867803,0.0,-8.86803983852617e-06,0.0,0.0,0.0,0.0,0.0,0.0,5.3056411847997385e-05,0.0004787018555466584
0.0,-8.233754461101249e-08,0.0,0.0,0.0,0.0035813682034857132,0.0,0.0,0.281814988978048,-0.281814988978048,0.0,0.0,0.0,0.0,-0.14372243874487947,0.008839215526847266,0.0,0.2738599275290681,0.0,-1.94316671815469e-05,0.0,0.0,0.0,-2.7994774797589968e-06,0.0,0.0,-0.001963801340540046,0.0,0.0,0.0,0.0,-0.00015564875923828217,0.0033332651416011533,0.0,-1.4632428275273183e-05,0.0,0.0,0.0,0.0,0.0,0.0,8.754405201659547e-05,0.0007898668357460595
0.0,-4.7525026548392594e-08,0.0,0.0,0.0,0.0,0.0,0.0,0.2814555260876327,-0.2814555260876327,0.0,0.0,0.0,0.0,-0.14752043399981352,0.008409424232552786,0.0,0.27686388434821774,0.0,-1.1215910105716591e-05,0.0,0.0,0.0,-1.6158514584776552e-06,0.0,0.0,-0.0013402169479462265,0.0,0.0,0.0,0.0,-8.984007781590278e-05,0.002337383742090987,0.0,-8.445801311359475e-06,0.0,0.0,0.0,0.0,0.0,0.0,5.053020971050549e-05,0.00045590917868475807
0.0,-1.9480781853823958e-07,0.0,0.0,0.0,0.0,0.0,0.0,0.28405742737286005,-0.28405742737286005,0.001194164892182508,0.0,0.0,0.0,-0.1297750742858762,0.0,0.0,0.2855831591495369,0.0,-4.597466091661857e-05,0.0,0.0,0.009576485294814594,-6.623468108688755e-06,0.0,0.0,-0.0015436157821337993,0.0,0.0,0.0,0.0,-0.0003682596486043131,0.0016810492438175005,0.0,-3.461982556912407e-05,0.0,0.0,0.0,0.0,0.0,0.0,0.0002071262372459691,0.0018687979576550516
0.0,-1.9772454196953404e-07,0.0,0.0,0.0,0.0,0.0,0.0,0.28446040071459816,-0.28446040071459816,0.0,0.0,0.0,0.0,-0.12932966694149478,0.0,0.0,0.28593767949978544,0.0,-4.666300788209212e-05,0.0,0.0,0.010290241209055074,-6.722636739465512e-06,0.0,0.0,-0.0014597821937447938,0.0,0.0,0.0,0.0,-0.00037377334694529437,0.0014923282666658476,0.0,-3.513816439752674e-05,0.0,0.0,0.0,0.0,0.0,0.0,0.0002102273958850028,0.0018967781836662463
0.0,-1.9016367125356e-07,0.0,0.0,0.0,0.0,0.0,0.0,0.28395978551362877,-0.28395978551362877,0.0,0.0,0.0,0.0,-0.13094407575848857,0.0011656964370501466,0.0,0.28469487023652623,0.0,-4.487864178216034e-05,0.0,0.0,0.009553896516970571,-6.465567046693698e-06,0.0,0.0,-0.001541101734667504,0.0,0.0,0.0,0.0,-0.0003594804730047103,0.0017095440221160008,0.0,-3.3794501564577674e-05,0.0,0.0,0.0,0.0,0.0,0.0,0.00020218842335579948,0.0018242464964981946
0.0,-1.8445240943024492e-07,0.0,0.0,0.0,0.0,0.0,0.0,0.28441787936249985,-0.28441787936249985,0.0,0.0,0.0,0.00037689553611154695,-0.13051798631028994,0.0,0.0,0.285529952852799,0.0,-4.353078353035512e-05,0.0,0.0,0.009466493441193284,-6.271384077904518e-06,0.0,0.0,-0.0015280726965344613,0.0,0.0,0.0,0.0,-0.00034868405175261157,0.001347816041561923,0.0,-3.277953774235329e-05,0.0,0.0,0.0,0.0,0.0,0.0,0.00019611601732884323,0.0017694581696685433
0.0,-2.1313842360430103e-07,0.0,0.0,0.0,0.0,0.0,0.0,0.2839893579036544,-0.2839893579036544,0.0,0.0,0.0,0.0,-0.12939499800515378,0.0,0.0,0.2855817999362039,0.0,-5.0300685193427566e-05,0.0,0.0,0.011092430752192396,-7.246708895321732e-06,0.0,0.0,-0.001573581470874437,0.0,0.0,0.0,0.0,-0.0004029113490903856,0.00030213387729395276,0.0,-3.787740709087896e-05,0.0,0.0,0.0,0.0013065308392302473,0.0,0.0,0.00022661595425150052,0.0020446440687972114
0.0,-1.872743399629547e-07,0.0,0.0,0.0,0.0,0.0,0.0,0.28437232053734324,-0.28437232053734324,0.0,0.0,0.0,0.0,-0.13084532089111947,0.0,0.0,0.2853325862837034,0.0,-4.419675936410287e-05,0.0,0.0005739924702932642,0.00981390654904723,-6.367329749020739e-06,0.0,0.0,-0.0015852148866876076,0.0,0.0,0.0,0.0,-0.00035401855605618243,0.0006706414611074021,0.0,-3.328103066775875e-05,0.0,0.0,0.0,0.0,0.0,0.0,0.00019911638896379872,0.0017965290442142551
0.0,-5.124476505391441e-07,0.0,0.0,0.0,0.01684734920379313,0.0,0.0,0.2406460801349108,-0.2406460801349108,0.10096529026442694,0.0,0.0,0.0,0.0,-0.09782400467359664,0.0,0.2921011188041131,0.0,-0.00012093768693596041,0.0,0.0,0.0,-1.7423226111698615e-05,0.0,0.0,-0.0026698805567682824,0.0,0.0,0.0,0.0,-0.0009687177503022433,0.0016407574916522298,0.0,-9.106846125629296e-05,0.0,0.0,0.0,0.0,0.0,0.0,0.0005448516103622162,0.004915927553209058
0.0,-3.980500625282822e-07,0.0,0.0,0.0,0.08174984994379722,0.0,0.0,0.2949640171735381,-0.2949640171735381,0.0,0.0,0.0,0.0,0.0,-0.06036588359890694,0.0,0.2565063157428927,0.0,-9.393984692141283e-05,0.0,0.0,0.0,-1.3533706781384232e-05,0.0,0.0,-0.003050120569490863,0.0,0.0,0.0,0.0,-0.0007524635163696789,0.00322699423964614,0.0,-7.073855575156521e-05,0.0,0.0,0.0,0.0,0.0,0.0,0.00042322023985306344,0.003818507642450199
0.0,-1.6090741390938287e-07,0.0,0.0,0.0,0.016808724240234607,0.0,0.0,0.28801824779138446,-0.28801824779138446,0.00098635663611595,0.0,0.0,0.0,-0.12350600046615115,0.0,0.0,0.27345849637566544,0.0,-3.797416268486039e-05,0.0,0.0,0.0,-5.470853954823048e-06,0.0,0.0,-0.0027581189024722674,0.0,0.0,0.0,0.0,-0.0003041752027651117,0.004354758956885333,0.0,-2.8595292756323388e-05,0.0,0.0,0.0,0.0,0.0,0.0,0.0001710821846787842,0.0015435902354524057
0.0,-1.6122546552504587e-07,0.0,0.0,0.0,0.01783025485675375,0.0,0.0,0.2885875482780735,-0.2885875482780735,0.0,0.0,0.0,0.0,-0.12276181769712964,0.0,0.0,0.27301071159377205,0.0,-3.804922289185727e-05,0.0,0.0,0.0,-5.481667713475387e-06,0.0,0.0,-0.002763570634942569,0.0,0.0,0.0,0.0,-0.0003047764392919665,0.004363366628144287,0.0,-2.8651814571201524e-05,0.0,0.0,0.0,0.0,0.0,0.0,0.00017142034787416617,0.0015466413153024852
0.0,-1.5713594003033276e-07,0.0,0.0,0.0,0.01677596232251958,0.0,0.0,0.28792984438115105,-0.28792984438115105,0.0,0.0,0.0,0.0,-0.12448418818296031,0.0009632376374436203,0.0,0.2727481181748376,0.0,-3.708409454464775e-05,0.0,0.0,0.0,-5.342623798825806e-06,0.0,0.0,-0.0027536743057176146,0.0,0.0,0.0,0.0,-0.0002970457063422219,0.004373093413486964,0.0,-2.792505390856589e-05,0.0,0.0,0.0,0.0,0.0,0.0,0.00016707222656056953,0.0015074103596373358
0.0,-1.7780198471562475e-07,0.0,0.0,0.0,0.019935966043686706,0.0,0.0,0.28864941072868217,-0.28864941072868217,0.0,0.0,0.0,0.0,-0.12153260417719791,0.0,0.0,0.27147102970158754,0.0,-4.196128276031213e-05,0.00108991974501317,0.0,0.0,-6.04526955982692e-06,0.0,0.0,-0.002911469289182184,0.0,0.0,0.0,0.0,-0.000336112261324217,0.0034495898143101977,0.0,-3.159767273658327e-05,0.0,0.0,0.0,0.0,0.0,0.0,0.00018904506166821873,0.001705660421623943
0.0,-1.651982837263316e-07,0.0,0.0,0.0,0.018522781846956823,0.0,0.0,0.28844135096991846,-0.28844135096991846,0.0,0.0,0.0,0.0,-0.12304421896421228,0.0,0.0,0.27248067951053156,0.0010126595131296871,-3.8986808308387294e-05,0.0,0.0,0.0,-5.616743578783477e-06,0.0,0.0,-0.0027050863940809152,0.0,0.0,0.0,0.0,-0.000312286551800552,0.0032050616183802428,0.0,-2.9357834864321098e-05,0.0,0.0,0.0,0.0,0.0,0.0,0.00017564438206062302,0.0015847526939751033
0.0,-1.526591739199241e-07,0.0,0.0,0.0,0.016648942295571418,0.0,0.0,0.28827891914872855,-0.28827891914872855,0.0,0.0,0.0,0.000311931740954864,-0.12418045322186816,0.0,0.0,0.2735297167645579,0.0,-3.6027577380842816e-05,0.0,0.0,0.0,-5.190413698713578e-06,0.0,0.0,-0.0027337099714345794,0.0,0.0,0.0,0.0,-0.00028858294377410055,0.004053547668769953,0.0,-2.7129475666280446e-05,0.0,0.0,0.0,0.0,0.0,0.0,0.0001623123779752459,0.0014644645917168925
0.0,-1.713285274249108e-07,0.0,0.0,0.0,0.018947573190563533,0.0,0.0,0.28846753101586614,-0.28846753101586614,0.0,0.0,0.0,0.0,-0.12240276431632406,0.0,0.0,0.27191458460402823,0.0,-4.043354631661099e-05,0.0,0.0,0.0,-5.825171936231869e-06,0.0,0.0,-0.002936747527926242,0.0,0.0,0.0,0.0,-0.0003238750055250336,0.0035865557426525666,0.0,-3.044725709148584e-05,0.0,0.0,0.0,0.0010502376856090909,0.0,0.0,0.00018216226373608712,0.0016435603280310425
0.0,-1.540204165255574e-07,0.0,0.0,0.0,0.01715145116139816,0.0,0.0,0.28835798644686983,-0.28835798644686983,0.0,0.0,0.0,0.0,-0.12425838025075739,0.0,0.0,0.273005197489272,0.0,-3.634883074576852e-05,0.0,0.00047206979543801974,0.0,-5.236695963225618e-06,0.0,0.0,-0.002817094842996592,0.0,0.0,0.0,0.0,-0.0002911562014974159,0.0035782836971782164,0.0,-2.7371385780144967e-05,0.0,0.0,0.0,0.0,0.0,0.0,0.00016375969698430496,0.0014775230378324994
0.09450777432302167,-1.287332241091402e-06,0.0,0.0,0.0,0.042322636827684654,0.0,0.0,0.22650178977258312,-0.22650178977258312,0.06462181948668502,0.0,0.0,0.0,0.0,-0.05673051934061712,0.0,0.26125547303606506,0.0,-0.0003038105129214323,0.0,0.0,0.0,-4.376931125319287e-05,0.0,0.0,-0.006707072062823967,0.0,0.0,0.0,0.0,-0.002433539486754558,0.004121786911490247,0.0,-0.00022877530260596618,0.0,0.0,0.0,0.0,0.0,0.0,0.0013687350188685726,0.01234942150180115
0.016586186045459216,-3.228170589698635e-07,0.0,0.0,0.0,0.02128250410388484,0.0,0.0,0.2820434673502364,-0.2820434673502364,0.001978856912992693,0.0,0.0,0.0,-0.11440069343928741,0.0,0.0,0.2694194634040669,0.0,-7.618485200236592e-05,0.0,0.0,0.0,-1.0975783780505088e-05,0.0,0.0,-0.0034601438240719692,0.0,0.0,0.0,0.0,-0.0006102449973094087,0.00459009554153702,0.0,-5.7368694727622344e-05,0.0,0.0,0.0,0.0,0.0,0.0,0.0003432299752903038,0.0030967949080579187
0.01614200653845993,-3.021555138565834e-07,0.0,0.0,0.0,0.020846442405602197,0.0,0.0,0.28271941454599536,-0.28271941454599536,0.0,0.0,0.0,0.0006174007958790247,-0.11597946637170257,0.0,0.0,0.2696685942733953,0.0,-7.130872568605992e-05,0.0,0.0,0.0,-1.0273291005005002e-05,0.0,0.0,-0.003393031384271527,0.0,0.0,0.0,0.0,-0.0005711869482016664,0.003987611207865081,0.0,-5.369687553074582e-05,0.0,0.0,0.0,0.0,0.0,0.0,0.0003212619242792428,0.0028985880106170117
0.014074241202982125,-2.9130446674341654e-07,0.0,0.0,0.0,0.020544223788732684,0.0,0.0,0.2827844504089871,-0.2827844504089871,0.0,0.0,0.0,0.0,-0.11759307492927269,0.001785685860717398,0.0,0.2687142412976681,0.0,-6.874787769052543e-05,0.0,0.0,0.0,-9.90435527624814e-06,0.0,0.0,-0.0033455839886477085,0.0,0.0,0.0,0.0,-0.0005506744101173734,0.004588443384019769,0.0,-5.176850653036895e-05,0.0,0.0,0.0,0.0,0.0,0.0,0.0003097247253331553,0.002794493550570869
0.07208618553963017,-1.0205055187033528e-06,0.0,0.0,0.0,0.08336153418738816,0.0,0.0,0.2692618168712834,-0.2692618168712834,0.0,0.0,0.0,0.0,0.0,-0.03930620045218813,0.0,0.24275161908832343,0.0,-0.00024083938487671634,0.0,0.0,0.0,-3.4697199571308416e-05,0.0,0.0,-0.006025105583089497,0.0,0.0,0.0,0.0,-0.0019291371698343291,0.0046838907120503705,0.0,-0.00018135680238575,0.0,0.0,0.0,0.0,0.0,0.0,0.0010850358561778162,0.009789743776398683
0.016652090253286202,-3.2409975304348217e-07,0.0,0.0,0.0,0.02335378862902376,0.0,0.0,0.28316415002180106,-0.28316415002180106,0.0,0.0,0.0,0.0,-0.11286853789925737,0.0,0.0,0.2685032655775728,0.0,-7.648756790738899e-05,0.0,0.0,0.0,-1.1019395394009962e-05,0.0,0.0,-0.003473892496435097,0.0,0.0,0.0,0.0,-0.000612669768924645,0.004608334008758241,0.0,-5.759664576891235e-05,0.0,0.0,0.0,0.0,0.0,0.0,0.00034459377885321974,0.0031090998354631
0.0,-1.0696769784081362e-07,0.0,0.0,0.0,0.0,0.0,0.0,0.28086072660885586,-0.28086072660885586,0.011829777062393704,0.0,0.0,0.0,-0.13797440825186813,0.0,0.0,0.2823557941119634,0.0,-2.524438533403824e-05,0.0,0.0,0.0,-3.636902977635933e-06,0.0,0.0,-0.0018335365798299375,0.0,0.0,0.0,0.0,-0.00020220896221954246,0.0028949476531393323,0.0,-1.9009519579691924e-05,0.0,0.0,0.0,0.0,0.0,0.0,0.00011373166091012125,0.001026144724374786
0.0,-2.3527081599178003e-07,0.0,0.005825008043534438,0.0,0.0,0.0,0.0,0.2851027444362557,-0.2851027444362557,0.0,0.0,0.0,0.0,-0.12533388891713063,0.000507361343662964,0.0,0.2884952986103939,0.0,-5.552393158529742e-05,0.0009348402615942989,0.0,0.004324137934016773,-7.999210495346977e-06,0.0,0.0,-0.0013165484266939812,0.0,0.0,0.0,0.0,-0.00044474984974474156,0.0,0.0,-4.18106145444162e-05,0.0,0.0,0.0,0.0,0.0,0.0,0.00025014785964866507,0.0022569608536269848
0.0,-2.2743933307769793e-07,0.0,0.007589175064493856,0.0,0.0,0.0,0.0,0.2855534447480884,-0.2855534447480884,0.0,0.0,0.0,0.0,-0.12500270646532943,0.0006410931133474866,0.0,0.2892849317066843,0.0007531017844793544,-5.367570098474511e-05,0.0,0.0,0.0014690335029367218,-7.732939984674524e-06,0.0,0.0,-0.0011974141705942906,0.0,0.0,0.0,0.0,-0.0004299454175220973,0.0,0.0,-4.041886048409404e-05,0.0,0.0,0.0,0.0,0.0,0.0,0.00024182116311142365,0.0021818331745375842
0.0,-2.284180314887491e-07,0.0,0.00823656340452255,0.0,0.0014753549282401188,0.0,0.0,0.2860445376064247,-0.2860445376064247,0.0,0.0,0.0,0.0,-0.123880833634888,0.0005209055689898376,0.0,0.28868556539955637,0.0008792887147511918,-5.390667388883765e-05,0.0,0.0,0.0,-7.7662157420967e-06,0.0,0.0,-0.0012640399077226772,0.0,0.0,0.0,0.0,-0.00043179552361972577,0.0,0.0,-4.059278763203712e-05,0.0,0.0,0.0,0.0,0.0,0.0,0.00024286174824194212,0.0021912218613236523
0.0,-2.2454548791833154e-07,0.0,0.008180375202679932,0.0,0.0,0.0,0.0,0.2860467495809325,-0.2860467495809325,0.0,0.0,0.0,0.0,-0.12418595500903265,3.1144617806175825e-05,0.0,0.2902465798998766,0.0005715791997005143,-5.299275329329528e-05,0.0,0.0,0.0006766102067786139,-7.634549215410896e-06,0.0,0.0,-0.0010962085491944763,0.0,0.0,0.0,0.0,-0.0004244749676731125,0.0,0.0,-3.990458741542019e-05,0.0,0.0,0.0,0.0,0.0,0.0,0.00023874432942204906,0.002154072420558748
0.0,-3.203119091788381e-07,0.0,0.005385021954928062,0.0,0.0,0.0,0.0,0.2812452734956301,-0.2812452734956301,0.0,0.0,0.0,0.0,-0.1267273245887092,0.001963500435246838,0.0,0.283318605729879,0.0,-7.559363644925337e-05,0.0,0.0,0.0020688986359830223,-1.0890608658311068e-05,0.0,0.0,-0.0011560545852231426,0.0,0.0,0.0,0.0,-0.0006055093271054784,0.0,0.0,-5.6923497766634846e-05,0.0,0.0,0.0,0.0,0.0,-0.012727480359441448,0.0003405664156146906,0.00307276292182545
0.0,-3.453168001686188e-07,0.0,0.005805399353026527,0.0,0.0022304055402822876,0.0,0.0,0.2808964036592073,-0.2808964036592073,0.0,0.0,0.0,0.0,-0.12546816332767108,0.0021167795139660816,0.0,0.280901183362748,0.0,-8.149479274338087e-05,0.0,0.0,0.0,-1.174077524441008e-05,0.0,0.0,-0.001246301054534408,0.0,0.0,0.0,0.0,-0.0006527779246308815,0.0,0.0,-6.136718473431805e-05,0.0,0.0,0.0,0.0,0.0,-0.015951446394487364,0.0003671524583224286,0.0033126356823939213
0.0,-2.879002356353859e-07,0.0,0.006824198656819261,0.0,0.0,0.0,0.0,0.28320915980514705,-0.28320915980514705,0.0,0.0,0.0,0.0,-0.12514715351571243,0.0007727802980674776,0.0,0.28639541300600707,0.0,-6.794447887394873e-05,0.0,0.0,0.0008675134814364146,-9.788611378760676e-06,0.0,0.0,-0.0010390759068133327,0.0,0.0,0.0,0.0,-0.0005442391399058488,0.0,0.0,-5.1163531391068414e-05,0.0,0.0,0.0,0.0,0.0,-0.008794179983945915,0.0003061052321043266,0.0027618366470142774
0.0,-2.9691547174591825e-07,0.0,0.0070378899100432355,0.0,0.000894678582037874,0.0,0.0,0.2831307149177796,-0.2831307149177796,0.0,0.0,0.0,0.0,-0.12459258733039606,0.0007969789474130412,0.0,0.2855220630739532,0.0,-7.007207532451735e-05,0.0,0.0,0.0,-1.0095129511957105e-05,0.0,0.0,-0.0010716132703761443,0.0,0.0,0.0,0.0,-0.0005612813084751655,0.0,0.0,-5.276565344116381e-05,0.0,0.0,0.0,0.0,0.0,-0.00996423732272158,0.00031569053492979814,0.0028483201103452612
0.0,-2.351731051974766e-07,0.0,0.007068524862712728,0.0,0.0,0.0,0.0,0.2853996498488205,-0.2853996498488205,0.0,0.0,0.0,0.0,-0.12471078224158107,0.0004033226291604191,0.0,0.2889984510569739,0.0,-5.550087182994621e-05,0.0,0.0,0.0025572660464453978,-7.995888327197877e-06,0.0,0.0,-0.001367915648950063,0.0,0.0,0.0,0.0,-0.0004445651397929284,0.0,0.0,-4.17932500942602e-05,0.0,0.0,0.0,0.0010382800124565752,0.0,0.0,0.0002500439702395323,0.002256023510689698
0.0,-2.3969368912651124e-07,0.0,0.008181807180679906,0.0,0.002932225599373823,0.0,0.0,0.2863244670721282,-0.2863244670721282,0.0,0.0,0.0,0.0,-0.12238387752527827,8.527260071264158e-05,0.0,0.28771182585018495,0.0,-5.656773000248762e-05,0.0,0.0,0.0,-8.149588233655864e-06,0.0,0.0,-0.0015571116488857745,0.0,0.0,0.0,0.0,-0.00045311073442914077,0.0,0.0,-4.259661531988663e-05,0.0,0.0,0.0,0.0013840410571290841,0.0,0.0,0.00025485040740617893,0.0022993896244184954
0.0,-2.1285209729604957e-07,0.0,0.005994886283410515,0.0,0.0,0.0,0.0,0.28516101758766715,-0.28516101758766715,0.0,0.0,0.0,0.0,-0.12670160486470286,0.0013047756693013001,0.0,0.2877470071108281,0.0,-5.023311216154341e-05,0.0,0.0,0.0025830433302083257,-7.236973797492433e-06,0.0,0.0,-0.0013723302002562156,0.0,0.0,0.0,0.0,-0.00040237008526199287,0.0012082289660129146,0.0,-3.7826523266390314e-05,0.0,0.0,0.0,0.0,0.0,0.0,0.00022631152247202854,0.002041897330888547
0.0,-2.0990022097119884e-07,0.0,0.006760821696359299,0.0,0.00297175801784062,0.0,0.0,0.2860177641423429,-0.2860177641423429,0.0,0.0,0.0,0.0,-0.125015237294045,0.0012866807740365624,0.0,0.2860206694768904,0.0,-4.953646911035003e-05,0.0,0.0,0.0,-7.13660996792363e-06,0.0,0.0,-0.001565566874815205,0.0,0.0,0.0,0.0,-0.00039678993480258233,0.001616009859824463,0.0,-3.730193732197197e-05,0.0,0.0,0.0,0.0,0.0,0.0,0.00022317298809199402,0.0020135798819867286
0.0,-2.1344350020095304e-07,0.0,0.0069221334929246234,0.0,0.0,0.0,0.0,0.28571984379880855,-0.28571984379880855,0.0,0.0,0.0,0.0,-0.1255359903082282,0.0005729239204748493,0.0,0.2890134727247889,0.0,-5.037268329488939e-05,0.0,0.0,0.0015745614834808104,-7.2570815031759455e-06,0.0,0.0,-0.0012360523145212418,0.0,0.0,0.0,0.0,-0.00040348805797775717,0.0009314042677854158,0.0,-3.7931623079952535e-05,0.0,0.0,0.0,0.0,0.0,0.0,0.00022694032196944166,0.0020475706788533666
0.0,-2.1162928434810354e-07,0.0,0.007383689809042106,0.0,0.0018213744598936492,0.0,0.0,0.2862401892593204,-0.2862401892593204,0.0,0.0,0.0,0.0,-0.12451233214958775,0.0005680542118258457,0.0,0.2879446450626585,0.0,-4.994452820701781e-05,0.0,0.0,0.0,-7.1953981429607725e-06,0.0,0.0,-0.0013556443576830445,0.0,0.0,0.0,0.0,-0.0004000585113739509,0.001183683918121286,0.0,-3.760921386228522e-05,0.0,0.0,0.0,0.0,0.0,0.0,0.00022501138653978413,0.0020301668451366767
0.0,-2.1458051324030863e-07,0.0,0.0072616064712793405,0.0,0.0,0.0,0.0,0.2858525478215606,-0.2858525478215606,0.0,0.0,0.0,0.0,-0.1257003889276243,9.733068833457087e-05,0.0,0.2890685563252554,0.0,-5.064101846405451e-05,0.0,0.0006090200541417696,0.0013859782244423067,-7.2957399598120514e-06,0.0,0.0,-0.001383473888427688,0.0,0.0,0.0,0.0,-0.0004056374379434767,0.0,0.0,-3.8133684749692876e-05,0.0,0.0,0.0,0.0,0.0,0.0,0.0002281492325476128,0.002058478083195343
0.0,-3.3854249696728824e-07,0.0,0.0,0.0,0.0,0.0,0.0,0.2744863350834384,-0.2744863350834384,0.0,0.0,0.0,0.0,-0.13963153537984507,0.007766764355929216,0.0,0.27098616017550625,0.0,-7.989605664046414e-05,0.0,0.0,0.0021866502309998495,-1.15104488563355e-05,0.0,0.0,-0.001221851559984964,0.0,0.0,0.0,0.0,-0.0006399719575235018,0.0,0.0,-6.0163304946832075e-05,0.0,0.0,0.0,0.0,0.0,-0.02483488846565499,0.0003599497908803131,0.003247649563858347
0.0,-2.564047177092577e-07,0.0,0.0,0.0,0.0,0.0,0.0,0.27579094778958796,-0.27579094778958796,0.0,0.0,0.0,0.000828060642653342,-0.14343064459662908,0.007538499539250909,0.0,0.2714838702218619,0.0,-6.051153409836316e-05,0.0,0.0,0.0,-8.717763400914259e-06,0.0,0.0,-0.0013394340952311106,0.0,0.0,0.0,0.0,-0.0004847008295283826,0.0,0.0,-4.556637751401421e-05,0.0,0.0,0.0,0.0,0.0,-0.020465525195955032,0.00027261813611864167,0.00245969908386466
0.0,-3.665993568599667e-07,0.0,0.0,0.0,0.002367869840694475,0.0,0.0,0.27355581368493276,-0.27355581368493276,0.0,0.0,0.0,0.0,-0.13936421172662566,0.008410438403665713,0.0,0.2673976903852484,0.0,-8.651747784229217e-05,0.0,0.0,0.0,-1.2464382420827557e-05,0.0,0.0,-0.0013231130510392502,0.0,0.0,0.0,0.0,-0.0006930099179223556,0.0,0.0,-6.514936558233587e-05,0.0,0.0,0.0,0.0,0.0,-0.02926096072516871,0.00038978078976995527,0.0035167999647975133
0.0,-3.422847824604628e-07,0.0,0.0,0.0,0.0,0.0,0.0,0.2730988934132785,-0.2730988934132785,0.0022108216999038206,0.0,0.0,0.0,-0.1411750375218883,0.007852619011809855,0.0,0.26956002719214667,0.0,-8.077923631925154e-05,0.0,0.0,0.0,-1.1637686606871599e-05,0.0,0.0,-0.0012353580396993443,0.0,0.0,0.0,0.0,-0.0006470462769786163,0.0,0.0,-6.0828356647404014e-05,0.0,0.0,0.0,0.0,0.0,-0.027320237717231615,0.0003639287149230833,0.0032835494345056534
0.0,-2.8307006789763563e-07,0.0,0.0,0.0,0.0,0.0,0.0,0.27493307817056484,-0.27493307817056484,0.0,0.0,0.0,0.0,-0.14312026327637792,0.0083224817214235,0.0,0.27078752801269923,0.0,-6.680455889753427e-05,0.0,0.0,0.0,-9.624385619185595e-06,0.0,0.0,-0.0010216430939811833,0.0,0.0,0.0,0.0,-0.0005351083160654563,0.0,0.0,-5.030514918749324e-05,0.0,0.0,0.0,0.0,0.0,-0.02320333175415847,0.00030096963499999003,0.0027155006853923505
0.0,-3.0898605805922217e-07,0.0,0.0,0.0,0.0,0.0,0.0,0.2746553949509976,-0.2746553949509976,0.0,0.0,0.0,0.0,-0.1416369382072294,0.00815338193540821,0.0,0.2707510062540224,0.0,-7.292073466983e-05,0.0,0.0,0.0009310501964359068,-1.0505529587781833e-05,0.0,0.0,-0.0011151778593094758,0.0,0.0,0.0,0.0,-0.0005840992318395339,0.0,0.0,-5.49107500590473e-05,0.0,0.0,0.0,0.0,0.0,-0.024086272373365476,0.00032852438904914177,0.0029641136509703956
0.0,-2.718993045725315e-07,0.0,0.0,0.0,0.0,0.0,0.0,0.2752805073367493,-0.2752805073367493,0.0,0.0,0.0,0.00040964939085458876,-0.1432756902515967,0.007994052529746666,0.0,0.27102545298031794,0.0,-6.416825785014766e-05,0.0,0.0,0.0,-9.244579535483605e-06,0.0,0.0,-0.0011861507990238995,0.0,0.0,0.0,0.0,-0.0005139913947446763,0.0,0.0,-4.831996255232151e-05,0.0,0.0,0.0,0.0,0.0,-0.022014561601002538,0.0002890925030036687,0.002608339176968064
0.0,-3.19394075132978e-07,0.0,0.0,0.0,0.0009624120850657534,0.0,0.0,0.2742828825968673,-0.2742828825968673,0.0,0.0,0.0,0.0,-0.14159583631768283,0.008428023901215989,0.0,0.2692845647344896,0.0,-7.537702754026412e-05,0.0,0.0,0.0,-1.085940229001723e-05,0.0,0.0,-0.0011527419820173777,0.0,0.0,0.0,0.0,-0.0006037742774255336,0.0,0.0,-5.676038699003713e-05,0.0,0.0,0.0,0.0,0.0,-0.02586001664500216,0.0003395905435282326,0.0030639581089424756
0.0,-3.1043119317615463e-07,0.0,0.0,0.0,0.0,0.0,0.0,0.274069155262346,-0.274069155262346,0.0009354047402717925,0.0,0.0,0.0,-0.1422993775242125,0.008191515495966346,0.0,0.27014650564689563,0.0,-7.32617866742013e-05,0.0,0.0,0.0,-1.0554664198659217e-05,0.0,0.0,-0.001120393572588697,0.0,0.0,0.0,0.0,-0.000586831077790793,0.0,0.0,-5.5167568938532864e-05,0.0,0.0,0.0,0.0,0.0,-0.025134329180404886,0.0003300609054031991,0.0029779768807695057
0.0,-2.4573369100158523e-07,0.0,0.0,0.0,0.0,0.0,0.0,0.28336108515233827,-0.28336108515233827,0.0,0.0,0.0,0.0,-0.11637426391150622,-0.00788238096484644,0.0,0.2898337540919588,0.0,-5.799317093307203e-05,0.0,0.0,0.01510714396041043,-8.35494836804965e-06,0.0,0.0,-0.0008868904092716069,0.0,0.0,0.0,0.0,-0.0004645285973505282,0.0,0.0,-4.3670000427944796e-05,0.0,0.0,0.0,0.0,0.0,0.0,0.00026127234093395007,0.0023573315656253125
0.0,0.0,0.0,0.0,0.0,0.0,0.0,0.0,0.2857142857142857,-0.2857142857142857,0.0,0.0,0.0,0.0,-0.14285714285714285,0.0,0.0,0.2857142857142857,0.0,0.0,0.0,0.0,0.0,0.0,0.0,0.0,0.0,0.0,0.0,0.0,0.0,0.0,0.0,0.0,0.0,0.0,0.0,0.0,0.0,0.0,0.0,0.0,0.0
0.0,-2.56121956824204e-07,0.0,0.009394330532082384,0.0,0.0,0.0,0.0,0.2859456992425836,-0.2859456992425836,0.0,0.0,0.0,0.0,-0.11659676099822117,-0.0035184393135412767,0.0,0.2926919969437001,0.0,-6.044480250664177e-05,0.0,0.0,0.001654294929206167,-8.708149527515382e-06,0.0,0.0,-0.0009243832466985479,0.0,0.0,0.0,0.0,-0.0004841663056835478,0.0,0.0,-4.551612731054811e-05,0.0,0.0,0.0,0.0,0.0,0.0,0.00027231749521726005,0.002456986549180692
0.0,-2.2149538967579107e-07,0.0,0.008839578925645703,0.0,0.0,0.0,0.0,0.2859144131467876,-0.2859144131467876,0.0,0.0,0.0,0.000715320749002996,-0.12122003076958665,-0.0023274409746174172,0.0,0.2910333201879593,0.0,-5.2272929861590216e-05,0.0,0.0,0.0,-7.53084583949188e-06,0.0,0.0,-0.001157071053601537,0.0,0.0,0.0,0.0,-0.00041870914104749326,0.0,0.0,-3.936254618772318e-05,0.0,0.0,0.0,0.0,0.0,0.0,0.00023550136218927376,0.0021248127254958004
0.0,-2.62639197206445e-07,0.0,0.010481572172101713,0.0,0.0016963898665182347,0.0,0.0,0.28643627057505455,-0.28643627057505455,0.0,0.0,0.0,0.0,-0.11362629992280081,-0.004456163918762156,0.0,0.2925060386087622,0.0,-6.198287176348122e-05,0.0,0.0,0.0,-8.929735776734421e-06,0.0,0.0,-0.0009479049622857274,0.0,0.0,0.0,0.0,-0.0004964863279036149,0.0,0.0,-4.6674323767539635e-05,0.0,0.0,0.0,0.0,0.0,0.0,0.0002792468448076929,0.002519506655443718
0.0,-2.617511332663994e-07,0.0,0.010446130751399715,0.0,0.0,0.0,0.0,0.28546774140757125,-0.28546774140757125,0.0016906538503990208,0.0,0.0,0.0,-0.11493274829025768,-0.004441096257387627,0.0,0.2932076395382835,0.0,-6.177328860186979e-05,0.0,0.0,0.0,-8.899541592386458e-06,0.0,0.0,-0.0009446998039371261,0.0,0.0,0.0,0.0,-0.0004948075548597335,0.0,0.0,-4.651650351715491e-05,0.0,0.0,0.0,0.0,0.0,0.0,0.0002783026253009211,0.0025109874281874544
0.0,-2.3359776277381577e-07,0.0,0.009574036610310449,0.0,0.0,0.0,0.0,0.2862127405358297,-0.2862127405358297,0.0,0.0,0.0,0.0,-0.11904988026810497,-0.0027060794105632164,0.0,0.29236574697669726,0.0,-5.512909089066552e-05,0.0,0.0,0.0,-7.94232666636888e-06,0.0,0.0,-0.0008430899913926117,0.0,0.0,0.0,0.0,-0.0004415871533254349,0.0,0.0,-4.151329172129544e-05,0.0,0.0,0.0,0.0,0.0,0.0,0.00024836901308927415,0.002240911197816245
0.0,-2.4515959293990885e-07,0.0,0.009555416136870271,0.0,0.0,0.0,0.0,0.28609670173950524,-0.28609670173950524,0.0,0.0,0.0,0.0,-0.11780119427935803,-0.003086257596438115,0.0,0.2925542488345103,0.0,-5.785768374412597e-05,0.0,0.0,0.0007387255224347377,-8.335429027238246e-06,0.0,0.0,-0.0008848184017141291,0.0,0.0,0.0,0.0,-0.00046344333726166853,0.0,0.0,-4.356797590498702e-05,0.0,0.0,0.0,0.0,0.0,0.0,0.0002606619405289894,0.002351824223603801
0.0,-2.2916190103157906e-07,0.0,0.009277145439547774,0.0,0.0,0.0,0.0,0.28607174748958625,-0.28607174748958625,0.0,0.0,0.0,0.0003452602915342274,-0.11995409047356895,-0.0025396060495771534,0.0,0.2917626522550524,0.0,-5.408222716105447e-05,0.0,0.0,0.0,-7.791507315252897e-06,0.0,0.0,-0.0009997104348677462,0.0,0.0,0.0,0.0,-0.0004332017153142149,0.0,0.0,-4.0724982705172253e-05,0.0,0.0,0.0,0.0,0.0,0.0,0.00024365265540657425,0.0021983578268759255
0.0,-2.4790661711859834e-07,0.0,0.010035986488515792,0.0,0.0007470029748778923,0.0,0.0,0.28631441614952613,-0.28631441614952613,0.0,0.0,0.0,0.0,-0.11650665150584816,-0.003494340737963743,0.0,0.292470818860448,0.0,-5.8505981672272066e-05,0.0,0.0,0.0,-8.428827881441704e-06,0.0,0.0,-0.0008947328313887365,0.0,0.0,0.0,0.0,-0.0004686362405359956,0.0,0.0,-4.405615701914352e-05,0.0,0.0,0.0,0.0,0.0,0.0,0.00026358266920417845,0.0023781765189751303
0.0,-2.4753679567307925e-07,0.0,0.010021015032434742,0.0,0.0,0.0,0.0,0.2858872988241233,-0.2858872988241233,0.0007458886128524357,0.0,0.0,0.0,-0.11707873814934103,-0.0034891279600319956,0.0,0.29278040616654116,0.0,-5.841870378124586e-05,0.0,0.0,0.0,-8.416253947968784e-06,0.0,0.0,-0.0008933980893277803,0.0,0.0,0.0,0.0,-0.0004679371396652241,0.0,0.0,-4.399043504745029e-05,0.0,0.0,0.0,0.0,0.0,0.0,0.0002631894625811691,0.002374628809405417
0.0,-2.3810979709674658e-07,0.0,0.00628041033074951,0.0,0.0,0.0,0.0,0.28546213905350254,-0.28546213905350254,0.0,0.0,0.0,0.0,-0.12434304342608703,0.0,0.0,0.28928074342311927,0.0,-5.619393135547555e-05,0.000817749951461169,0.0,0.003991204018156445,-8.095735886119344e-06,0.0,0.0,-0.0012682495878888764,0.0,0.0,0.0,0.0,-0.0004501165860079683,0.0,0.0,-4.231513757324262e-05,0.0,0.0,0.0,0.0,0.0,0.0,0.0002531663600266091,0.002284195294886032
0.0,-2.2922120723252412e-07,0.0,0.006769986984946545,0.0,0.0,0.0,0.0,0.2856596095802624,-0.2856596095802624,0.0,0.0,0.0,0.0,-0.12463454782839044,0.0,0.0,0.28953312707319656,0.0,-5.409622342926979e-05,0.0007214032333006572,0.0,0.0028549089869882925,-7.793523726778648e-06,0.0,0.0,-0.0011879959508850008,0.0,0.0,0.0,0.0,-0.0004333138262186127,0.0,0.0,-4.0735522170925174e-05,0.0,0.0,0.0,0.0,0.0,0.0,0.0002437157117579018,0.002198926753256982
0.0,-1.9177265371092988e-07,0.0,0.0074155162317152,0.0,0.0,0.0,0.0,0.2861234934170797,-0.2861234934170797,0.0,0.0,0.0,0.0,-0.12664485625495747,0.0,0.0,0.28984188157851487,0.0,-4.525836177211468e-05,0.00044431249987500894,0.0,0.0,-6.520272469062241e-06,0.0,0.0,-0.0009142930368939644,0.0,0.0,0.0,0.0,-0.0003625220517196078,0.0,0.0,-3.408043819913319e-05,0.0,0.0,0.0,0.0,0.0,0.0,0.00020389914772348894,0.001839681519346856
0.0,-1.8281719960712018e-07,0.0,0.006848428663390916,0.0,0.0,0.0,0.0,0.28578896172561546,-0.28578896172561546,0.0,0.0,0.0,0.0008279837826618054,-0.12807221482671896,0.0,0.0,0.2886713205095457,0.0,-4.3144873879963305e-05,0.0003683649491306522,0.0,0.0,-6.215786924793565e-06,0.0,0.0,-0.0012579895516796136,0.0,0.0,0.0,0.0,-0.0003455928935055927,0.0,0.0,-3.248894017152538e-05,0.0,0.0,0.0,0.0,0.0,0.0,0.00019437740714208117,0.001753771546817761
0.0,-2.3000919360923405e-07,0.0,0.007366204594781366,0.0,0.004583557145365282,0.0,0.0,0.28664161243873776,-0.28664161243873776,0.0,0.0,0.0,0.0,-0.12248474911331611,0.0,0.0,0.2865178332960642,0.0,-5.428218827784716e-05,0.0012968278211798311,0.0,0.0,-7.820315272802737e-06,0.0,0.0,-0.001478552207967339,0.0,0.0,0.0,0.0,-0.0004348034152318751,0.0,0.0,-4.087555736621272e-05,0.0,0.0,0.0,0.0,0.0,0.0,0.0002445535254269511,0.002206485933081001
0.0,-2.0220469093094648e-07,0.0,0.006475746034536277,0.0,0.0,0.0,0.0,0.28422695490047534,-0.28422695490047534,0.004029477002199749,0.0,0.0,0.0,-0.12782564973414545,0.0,0.0,0.2881476157162641,0.0,-4.7720323399007305e-05,0.001140061684742123,0.0,0.0,-6.8749618565514345e-06,0.0,0.0,-0.0012998184444106573,0.0,0.0,0.0,0.0,-0.00038224250436723263,0.0,0.0,-3.59343438154352e-05,0.0,0.0,0.0,0.0,0.0,0.0,0.00021499084123150796,0.0019397564033901869
0.0,-2.1552736141435542e-07,0.0,0.0085638824362491,0.0,0.0,0.0,0.0,0.2861741816105305,-0.2861741816105305,0.0,0.0,0.0,0.0,-0.12291305862897572,-0.00114906408886233,0.0,0.29104260165293566,0.0,-5.0864474709640344e-05,0.00026953627548158943,0.0,0.0,-7.327932808803573e-06,0.0,0.0,-0.0009126392916509605,0.0,0.0,0.0,0.0,-0.0004074273351789804,0.0,0.0,-3.830195170566984e-05,0.0,0.0,0.0,0.0,0.0,0.0,0.00022915595343286842,0.0020675612295862084
0.0,-2.2817186356498926e-07,0.0,0.00687482165478976,0.0,0.0,0.0,0.0,0.2857202273264792,-0.2857202273264792,0.0,0.0,0.0,0.0,-0.12455950385600391,0.0,0.0,0.28959110424208,0.0,-5.3848578238938546e-05,0.0006124577159418339,0.0,0.0026456453995925364,-7.757846029809791e-06,0.0,0.0,-0.0011901033969707385,0.0,0.0,0.0,0.0,-0.0004313301741600291,0.00012073489254866941,0.0,-4.054904046292847e-05,0.0,0.0,0.0,0.0,0.0,0.0,0.00024260001421010696,0.0021888603641485667
0.0,-2.3032608726172023e-07,0.0,0.00686660357965475,0.0,0.0,0.0,0.0,0.28567153351110997,-0.28567153351110997,0.0,0.0,0.0,0.0,-0.1243928453242879,-8.531234514874831e-05,0.0,0.28962770618856903,0.0,-5.435697520544074e-05,0.0007035524170056086,0.0,0.002804685810545672,-7.831089660693519e-06,0.0,0.0,-0.00118305822345515,0.0,0.0,0.0,0.0,-0.00043540246277516757,0.0,0.0,-4.0931873396315386e-05,0.0,0.0,0.0,0.0,0.0,0.0,0.00024489045743686274,0.002209525904551365
0.0,-2.3107160693854297e-07,0.0,0.006717652439570144,0.0,0.0,0.0,0.0,0.285631379735522,-0.285631379735522,0.0,0.0,0.0,0.0,-0.12454649551136857,0.0,0.0,0.28950698850058354,0.0,-5.453291790941319e-05,0.0007369527612436467,0.0,0.0030238448448884807,-7.856437338424771e-06,0.0,0.0,-0.0012024490899132415,0.0,0.0,0.0,0.0,-0.000436811773840167,0.0,0.0,-4.1064361719236e-05,0.0,0.0,0.0,0.0,0.0,0.0,0.00024568311907956176,0.002216677699894551
0.0,-2.3608643834771223e-07,0.0,0.006863442287557823,0.0,0.0,0.0,0.0,0.28547058779902734,-0.28547058779902734,0.0,0.0,0.0,0.0,-0.12448696812124808,0.0,0.0,0.2893508106261871,0.0,-5.57164185272044e-05,0.000633701975941037,0.0,0.00261249182717447,-8.02694166498784e-06,0.0,0.0,-0.0011689229894785566,0.0,0.0,0.0,0.0,-0.00044629168109649737,0.0,0.0,-4.195556100449428e-05,0.0,0.0,0.0,0.0,0.0,-0.0008744596824749745,0.00025101505682209254,0.0022647851463295115
0.0,-2.261017372527746e-07,0.0,0.007829384515836783,0.0,0.0,0.0,0.0,0.28595945243146803,-0.28595945243146803,0.0,0.0,0.0,0.0,-0.12424695413691399,0.0,0.0,0.2900943089512378,0.00041873826965422846,-5.336002826197776e-05,0.00018816282412972504,0.0,0.001245788037184903,-7.687461710983183e-06,0.0,0.0,-0.0011194862376912532,0.0,0.0,0.0,0.0,-0.00042741686105985153,0.0,0.0,-4.0181152703737446e-05,0.0,0.0,0.0,0.0,0.0,0.0,0.0002403989861564576,0.002169001572784937
0.0,-2.249319284577076e-07,0.0,0.007646561847153116,0.0,0.0030427581992617902,0.0,0.0,0.2865895024438329,-0.2865895024438329,0.0,0.0,0.0,0.0,-0.12286326303874462,0.0,0.0,0.2877973362380483,0.0,-5.308395329181465e-05,0.0006037610991697124,0.0,0.0,-7.647688198269324e-06,0.0,0.0,-0.0013905443496241045,0.0,0.0,0.0,0.0,-0.0004252054848479617,0.0005537002555739029,0.0,-3.9973262811338195e-05,0.0,0.0,0.0,0.0,0.0,0.0,0.00023915520602567242,0.0021577795576549898
0.0,-2.363877406748184e-07,0.0,0.007869745008101725,0.0,0.004112140995650049,0.0,0.0,0.2866103263132139,-0.2866103263132139,0.0,0.0,0.0,0.0,-0.1212927606615011,-0.000498771669622049,0.0,0.28738090356921114,0.0,-5.5787525900748425e-05,0.0011332823996845812,0.0,0.0,-8.037185947633353e-06,0.0,0.0,-0.001419800647451482,0.0,0.0,0.0,0.0,-0.0004468612552025901,0.0,0.0,-4.200910625789456e-05,0.0,0.0,0.0,0.0,0.0,0.0,0.0002513354116094683,0.0022676755496909263
0.0,-2.598460359293292e-07,0.0,0.007554175003584697,0.0,0.0028754114380311864,0.0,0.0,0.2854460621869738,-0.2854460621869738,0.0,0.0,0.0,0.0,-0.12263820475185028,0.0,0.0,0.2868413768745788,0.0,-6.132368547637837e-05,0.0006974773627883708,0.0,0.0,-8.83476826064487e-06,0.0,0.0,-0.0012865626981729053,0.0,0.0,0.0,0.0,-0.0004912062082548036,0.0,0.0,-4.6177943504541106e-05,0.0,0.0,0.0,0.0,0.0,-0.0038378762185641594,0.0002762770616147428,0.002492711765334877
0.0,-2.321118191454113e-07,0.0,0.007875938886862876,0.0,0.0,0.0,0.0,0.2859240053950742,-0.2859240053950742,0.0,0.0,0.0,0.0,-0.12384144408344436,0.0,0.0,0.2901247097605723,0.0006377206856804875,-5.4778408074289254e-05,0.0,0.0,0.0014992131490102138,-7.89180456562417e-06,0.0,0.0,-0.001156587336805117,0.0,0.0,0.0,0.0,-0.0004387781640222944,0.0,0.0,-4.1249220650601656e-05,0.0,0.0,0.0,0.0,0.0,0.0,0.0002467891077506667,0.002226656490593559
0.0,-2.3221626164727398e-07,0.0,0.008479437891902088,0.0,0.0014998877444387644,0.0,0.0,0.2863526391174218,-0.2863526391174218,0.0,0.0,0.0,0.0,-0.12292224152882947,0.0,0.0,0.2893553234628677,0.0007879964129566122,-5.48030565131684e-05,0.0,0.0,0.0,-7.895355611909014e-06,0.0,0.0,-0.0012321021493786094,0.0,0.0,0.0,0.0,-0.00043897559941951774,0.0,0.0,-4.1267781410758104e-05,0.0,0.0,0.0,0.0,0.0,0.0,0.00024690015453811954,0.002227658411027954
0.0,-2.2476529511560303e-07,0.0,0.00819461797913504,0.0,0.0,0.0,0.0,0.2860648893750875,-0.2860648893750875,0.0,0.0,0.0,0.0,-0.12412982233000669,0.0,0.0,0.2902875359639393,0.0005659036965657008,-5.304462780961304e-05,0.0,0.0,0.0006772725393624304,-7.642022662688897e-06,0.0,0.0,-0.0010941641153620304,0.0,0.0,0.0,0.0,-0.0004248904854990154,0.0,0.0,-3.994364994835894e-05,0.0,0.0,0.0,0.0,0.0,0.0,0.00023897803584118588,0.002156181038397709
0.0,-2.1296856289572734e-07,0.0,0.008235125313428963,0.0,0.0,0.0,0.0,0.2861687216033633,-0.2861687216033633,0.0,0.0,0.0,0.0,-0.12485297327347769,0.0,0.0,0.2902980892045595,0.0004934206871727492,-5.0260598052478454e-05,0.0,0.0,0.0,-7.240933629243609e-06,0.0,0.0,-0.0010153464029672558,0.0,0.0,0.0,0.0,-0.00040259024881155494,0.0,0.0,-3.784722068385488e-05,0.0,0.0,0.0,0.0,0.0,0.0,0.00022643535262222917,0.002043014589304806
0.0,-2.0820316077385748e-07,0.0,0.007967206564116223,0.0,0.0,0.0,0.0,0.2860390546708111,-0.2860390546708111,0.0,0.0,0.0,0.0003136833987828711,-0.12550977023642984,0.0,0.0,0.28982507648308464,0.0004614676386102327,-4.913596276664522e-05,0.0,0.0,0.0,-7.078909901365936e-06,0.0,0.0,-0.0011390125142413648,0.0,0.0,0.0,0.0,-0.000393581856211986,0.0,0.0,-3.700034815346163e-05,0.0,0.0,0.0,0.0,0.0,0.0,0.00022136861650314928,0.001997299926415096
0.0,-2.2462025830605407e-07,0.0,0.008460064349831289,0.0,0.0006768355081550381,0.0,0.0,0.28625804471091043,-0.28625804471091043,0.0,0.0,0.0,0.0,-0.12373097087281558,0.0,0.0,0.2899364980989643,0.0006332220803894783,-5.301039911083967e-05,0.0,0.0,0.0,-7.637091409467943e-06,0.0,0.0,-0.001127299847284139,0.0,0.0,0.0,0.0,-0.0004246163116751927,0.0,0.0,-3.991787506372975e-05,0.0,0.0,0.0,0.0,0.0,0.0,0.000238823827817866,0.0021547896954038615
0.0,-2.2015009623831875e-07,0.0,0.008291700823618586,0.0,0.0,0.0,0.0,0.2858681571929791,-0.2858681571929791,0.0006633658218610773,0.0,0.0,0.0,-0.12458543306663954,0.0,0.0,0.29013677159524576,0.0006206203438161339,-5.1955440501639295e-05,0.0,0.0,0.0,-7.4851058468838475e-06,0.0,0.0,-0.0011048654815938137,0.0,0.0,0.0,0.0,-0.0004161660332180917,0.0,0.0,-3.912347044377178e-05,0.0,0.0,0.0,0.0,0.0,0.0,0.00023407100087325378,0.0021119072802869804
0.0,-2.2425115308199963e-07,0.0,0.008205199537020825,0.0,0.0,0.0,0.0,0.2860717046381113,-0.2860717046381113,0.0,0.0,0.0,0.0,-0.12415647369294595,0.0,0.0,0.29029269020235526,0.0005619431740289988,-5.2923290248137e-05,0.0,0.0,0.0006357327128208923,-7.624541827533198e-06,0.0,0.0,-0.0010903282369955612,0.0,0.0,0.0,0.0,-0.0004239185647309056,0.0,0.0,-3.985228037369472e-05,0.0,0.0,0.0,0.0,0.0,0.0,0.00023843138270565294,0.0021512488565707563
0.0,-2.1946101629320288e-07,0.0,0.00858295660589379,0.0,0.0,0.0,0.0,0.286182575309243,-0.286182575309243,0.0,0.0,0.0,0.0,-0.12357826186987711,-0.00048389684576780506,0.0,0.29072816685920566,0.0004116834950112352,-5.1792817578910316e-05,0.0,0.0,0.0,-7.461677120690724e-06,0.0,0.0,-0.0009979100624612003,0.0,0.0,0.0,0.0,-0.00041486341435837255,0.0,0.0,-3.900101217858459e-05,0.0,0.0,0.0,0.0,0.0,0.0,0.00023333834785519488,0.0021052969131890044
0.0,-2.2846287154254557e-07,0.0,0.008724663653686994,0.0,0.0,0.0,0.0,0.2858739673154817,-0.2858739673154817,0.0006884142370825969,0.0,0.0,0.0,-0.12299646333453901,-0.00059935842231006,0.0,0.2906633778607307,0.0005241830232518812,-5.391725614515696e-05,0.0,0.0,0.0,-7.76774030445021e-06,0.0,0.0,-0.0010866488965733212,0.0,0.0,0.0,0.0,-0.0004318802880946755,0.0,0.0,-4.0600756279561604e-05,0.0,0.0,0.0,0.0,0.0,0.0,0.0002429094236981454,0.0021916520134683906
0.0,-2.247523009153085e-07,0.0,0.008207747125180284,0.0,0.0,0.0,0.0,0.28605515275172566,-0.28605515275172566,3.4007239543594014e-05,0.0,0.0,0.0,-0.12413454863242274,0.0,0.0,0.29028435666754426,0.0005692717043216951,-5.304156117729352e-05,0.0,0.0,0.0006432261451307164,-7.641580859726908e-06,0.0,0.0,-0.0010958012211872193,0.0,0.0,0.0,0.0,-0.0004248659215997312,0.0,0.0,-3.994134071379647e-05,0.0,0.0,0.0,0.0,0.0,0.0,0.00023896421996955801,0.0021560563845970863
0.0,-2.1785230794387747e-07,0.0,0.008483572221148865,0.0,0.0,0.0,0.0,0.28605410604393205,-0.28605410604393205,0.0,0.0,0.0,0.0003282210132378964,-0.12360235946879039,-0.0007356327618731548,0.0,0.2904569701793128,0.0003357277411864752,-5.141316227847662e-05,0.0,0.0,0.0,-7.406981017998898e-06,0.0,0.0,-0.0011182366181185953,0.0,0.0,0.0,0.0,-0.00041182235381021436,0.0,0.0,-3.8715124256512785e-05,0.0,0.0,0.0,0.0,0.0,0.0,0.0002316279149284151,0.002089864519868036
0.0,-2.2428703056603467e-07,0.0,0.008193179940315013,0.0,0.0,0.0,0.0,0.28606414334665003,-0.28606414334665003,0.0,0.0,0.0,1.3332329823781307e-05,-0.12416967106871846,0.0,0.0,0.29027247188793087,0.0005620330781698592,-5.2931757337268376e-05,0.0,0.0,0.0006491667522231588,-7.625761662409996e-06,0.0,0.0,-0.0010971688412955134,0.0,0.0,0.0,0.0,-0.0004239863865963866,0.0,0.0,-3.9858656258648786e-05,0.0,0.0,0.0,0.0,0.0,0.0,0.0002384695288556678,0.0021515930304822225
0.0,-2.2442005430719823e-07,0.0,0.008432343522292482,0.0,0.0007266831787577073,0.0,0.0,0.2862719746111725,-0.2862719746111725,0.0,0.0,0.0,0.0,-0.12370477436902716,0.0,0.0,0.28988660827355944,0.0006023871292674973,-5.2963150950932066e-05,0.0,0.0,0.0,-7.630284471165346e-06,0.0,0.0,-0.0011363852719135103,0.0,0.0,0.0,0.0,-0.0004242378512272444,5.045093397847575e-05,0.0,-3.988229626832699e-05,0.0,0.0,0.0,0.0,0.0,0.0,0.0002386109641798675,0.0021528691317068624
0.0,-2.2497811347471607e-07,0.0,0.008478600193128245,0.0,0.000677913812875876,0.0,0.0,0.286258911003955,-0.286258911003955,0.0,0.0,0.0,0.0,-0.12366256760066283,-2.5288194463178297e-05,0.0,0.28995839765969667,0.0006291732632126005,-5.3094852959560665e-05,0.0,0.0,0.0,-7.649258489387773e-06,0.0,0.0,-0.0011265669926364763,0.0,0.0,0.0,0.0,-0.0004252927918064911,0.0,0.0,-3.998147047592136e-05,0.0,0.0,0.0,0.0,0.0,0.0,0.00023920431149208483,0.0021582226120770726
0.0,-2.2479052344119747e-07,0.0,0.008345195068593337,0.0,0.00037414325287565494,0.0,0.0,0.2861718268001359,-0.2861718268001359,0.0,0.0,0.0,0.0,-0.12390056191628915,0.0,0.0,0.2900956327491064,0.0006033815405682206,-5.305058169649192e-05,0.0,0.0,0.0003032053055720636,-7.642880426054167e-06,0.0,0.0,-0.0011129940902422036,0.0,0.0,0.0,0.0,-0.00042493817647152357,0.0,0.0,-3.9948133342495965e-05,0.0,0.0,0.0,0.0,0.0,0.0,0.0002390048594470945,0.0021564230545739575
0.0,-2.2514823801640498e-07,0.0,0.008467802587796142,0.0,0.000714868975943752,0.0,0.0,0.28626279355789336,-0.28626279355789336,0.0,0.0,0.0,0.0,-0.12367863869645847,0.0,0.0,0.28991345077459496,0.0006407842525668199,-5.3135002365146285e-05,0.0,0.0,0.0,-7.6550427257949e-06,0.0,0.0,-0.0011329864927590366,0.0,0.0,0.0,0.0,-0.00042561439082860136,0.0,0.0,-4.001170376944362e-05,0.0,0.0,0.0,0.0,0.0,0.0,0.00023938519363761484,0.0021598546225294296
0.0,-2.272016293217717e-07,0.0,0.008434705732105308,0.0,0.000684613807300164,0.0,0.0,0.2861767343913716,-0.2861767343913716,0.0,0.0,0.0,0.0,-0.12369723339922187,0.0,0.0,0.2898361696411798,0.0006098534182898566,-5.3619602879138684e-05,0.0,0.0,0.0,-7.72485805419295e-06,0.0,0.0,-0.001124932078351962,0.0,0.0,0.0,0.0,-0.000429496068505789,0.0,0.0,-4.037661750519801e-05,0.0,0.0,0.0,0.0,0.0,-0.0003064574893567477,0.00024156842846805216,0.0021795528744093084
0.0,-2.980718679644805e-07,0.0,0.006838296463074351,0.0,0.0,0.0,0.0,0.28364376201227814,-0.28364376201227814,0.0,0.0,0.0,0.0,-0.12340984508220859,0.0,0.0,0.2874003074917808,0.0,-7.034498492554152e-05,0.0,0.0,0.0019252499310361802,-1.0134446996912934e-05,0.0,0.0,-0.0010757868808866956,0.0,0.0,0.0,0.0,-0.0005634673299002321,0.0,0.0,-5.297115974823002e-05,0.0,0.0,0.0,0.0,0.0,-0.008189440620483376,0.0003169200543572704,0.002859413458177525
0.0,-3.1960827102576353e-07,0.0,0.007332379684973256,0.0,0.002064353828333336,0.0,0.0,0.28349416173869685,-0.28349416173869685,0.0,0.0,0.0,0.0,-0.12200473145577376,0.0,0.0,0.28545777275633333,0.0,-7.542757778826975e-05,0.0,0.0,0.0,-1.0866684952877082e-05,0.0,0.0,-0.0011535150476977187,0.0,0.0,0.0,0.0,-0.0006041791877869429,0.0,0.0,-5.679845232284307e-05,0.0,0.0,0.0,0.0,0.0,-0.01084550105720483,0.00033981828381935184,0.003066012897348707
0.0,-2.7968704343725006e-07,0.0,0.0073802530180566645,0.0,0.0,0.0,0.0,0.28413860808841707,-0.28413860808841707,0.0,0.0,0.0,0.0,-0.12382917017451237,0.0,0.0,0.28798469863342935,0.0,-6.60061648515154e-05,0.0,0.0,0.0008427651343508815,-9.509362747966085e-06,0.0,0.0,-0.0010094332421858596,0.0,0.0,0.0,0.0,-0.0005287131343507304,0.0,0.0,-4.9703942739038305e-05,0.0,0.0,0.0,0.0,0.0,-0.007041831421584273,0.00029737268939355284,0.002683047217920127
0.0,-2.8818765109450235e-07,0.0,0.00760456314178189,0.0,0.0008683795341682106,0.0,0.0,0.2840907180713208,-0.2840907180713208,0.0,0.0,0.0,0.0,-0.12325084760261158,0.0,0.0,0.2871853244032195,0.0,-6.801230894552502e-05,0.0,0.0,0.0,-9.79838350773212e-06,0.0,0.0,-0.0010401132330876738,0.0,0.0,0.0,0.0,-0.000544782462636794,0.0,0.0,-5.121460877151004e-05,0.0,0.0,0.0,0.0,0.0,-0.008124235335887308,0.0003064108219057001,0.002764593833183835
0.0,-2.610522566884481e-07,0.0,0.007761039717786078,0.0,0.0,0.0,0.0,0.2845923387538784,-0.2845923387538784,0.0,0.0,0.0,0.0,-0.12422701533738197,-8.589889218799212e-05,0.0,0.2885302783044037,0.0,-6.160835367300002e-05,0.0,0.0,0.0,-8.875779780562353e-06,0.0,0.0,-0.0009421774516633161,0.0,0.0,0.0,0.0,-0.0004934864166993388,0.0,0.0,-4.6392304265787233e-05,0.0,0.0,0.0,0.0,0.0,-0.005876446244310899,0.0002775595561727076,0.0025042830816610754
0.0,-2.6377880632707013e-07,0.0,0.007668507460984711,0.0,0.0,0.0,0.0,0.28449795771068637,-0.28449795771068637,0.0,0.0,0.0,0.0,-0.12433828651266096,0.0,0.0,0.2883612988305493,0.0,-6.225181960803573e-05,0.0,0.0,8.679605966098858e-05,-8.968482500164056e-06,0.0,0.0,-0.0009520179855967816,0.0,0.0,0.0,0.0,-0.0004986406154340474,0.0,0.0,-4.6876846793920536e-05,0.0,0.0,0.0,0.0,0.0,-0.00616927870632437,0.0002804585156269518,0.00253043896408066
0.0,-2.6132162354405453e-07,0.0,0.007683060422144594,0.0,0.0,0.0,0.0,0.2845420453428367,-0.2845420453428367,0.0,0.0,0.0,0.0,-0.12444118655037681,0.0,0.0,0.2883980607305748,0.0,-6.167192427268954e-05,0.0,0.0,0.0,-8.884938256803372e-06,0.0,0.0,-0.0009431496377719415,0.0,0.0,0.0,0.0,-0.0004939956208182268,0.0,0.0,-4.6440174179968154e-05,0.0,0.0,0.0,0.0,0.0,-0.006054484911246624,0.00027784595609063275,0.002506867126969906
0.0,-2.6458257169079075e-07,0.0,0.0076918743143509745,0.0,8.706053756743732e-05,0.0,0.0,0.28449425141474155,-0.28449425141474155,0.0,0.0,0.0,0.0,-0.124281857357064,0.0,0.0,0.2882823040564516,0.0,-6.244150829882268e-05,0.0,0.0,0.0,-8.995810531931052e-06,0.0,0.0,-0.000954918897512779,0.0,0.0,0.0,0.0,-0.00050016003263519,0.0,0.0,-4.701968611576761e-05,0.0,0.0,0.0,0.0,0.0,-0.006275137769111966,0.0002813131060467065,0.0025381495122579656
0.0,-2.866027751923908e-07,0.0,0.007657048421443262,0.0,0.0,0.0,0.0,0.2836600481497343,-0.2836600481497343,0.0008636039173353479,0.0,0.0,0.0,-0.12371955741934423,-9.430625576400134e-05,0.0,0.28769554599698166,0.0,-6.76382781045596e-05,0.0,0.0,0.0,-9.7444977085243e-06,0.0,0.0,-0.0010343931739792167,0.0,0.0,0.0,0.0,-0.0005417864543288498,0.0,0.0,-5.0932956178243916e-05,0.0,0.0,0.0,0.0,0.0,-0.007890943932817527,0.0003047257284398968,0.002749390065330845
0.0,-2.86792099215809e-07,0.0,0.007567737960901131,0.0,0.0,0.0,0.0,0.28365869116175496,-0.28365869116175496,0.0007698058441191154,0.0,0.0,0.0,-0.12389565262083699,0.0,0.0,0.28760248622505974,0.0,-6.768295858938476e-05,0.0,0.0,9.436855257798984e-05,-9.75093472753477e-06,0.0,0.0,-0.0010350764732855915,0.0,0.0,0.0,0.0,-0.0005421443475533594,0.0,0.0,-5.096660146371533e-05,0.0,0.0,0.0,0.0,0.0,-0.007990525084097415,0.00030492702412137984,0.002751206257057408
0.0,-2.877424836752962e-07,0.0,0.0075928162687456556,0.0,9.468127529970935e-05,0.0,0.0,0.28365187924077434,-0.28365187924077434,0.0007723568610860182,0.0,0.0,0.0,-0.12383281718813652,0.0,0.0,0.2875140621528934,0.0,-6.790724939862027e-05,0.0,0.0,0.0,-9.783247810272624e-06,0.0,0.0,-0.0010385065559039106,0.0,0.0,0.0,0.0,-0.0005439409296911602,0.0,0.0,-5.113549686256501e-05,0.0,0.0,0.0,0.0,0.0,-0.008111685718081808,0.0003059375049044803,0.0027603233271534834
0.0,-2.8692748387254846e-07,0.0,0.0075713104289326155,0.0,0.0,0.0,0.0,0.2836037704432109,-0.2836037704432109,0.0008645823436188642,0.0,0.0,0.0,-0.123954139484483,0.0,0.0,0.28754942723611826,0.0,-6.771490937931513e-05,0.0,0.0,0.0,-9.755537807447314e-06,0.0,0.0,-0.0010355650971821983,0.0,0.0,0.0,0.0,-0.000542400275197801,0.0,0.0,-5.0990661038101134e-05,0.0,0.0,0.0,0.0,0.0,-0.008088710236061405,0.00030507096965057723,0.002752505006624602
0.0,-2.50383837636486e-07,0.0,0.007821103133963527,0.0,0.0,0.0,0.0,0.28478189742959564,-0.28478189742959564,0.0,0.0,0.0,0.0003772337216120368,-0.12411714224555553,-0.00045962218493193264,0.0,0.2886846498315111,0.0,-5.9090605914667254e-05,0.0,0.0,0.0,-8.513053408022394e-06,0.0,0.0,-0.0010922903592640956,0.0,0.0,0.0,0.0,-0.0004733191139662201,0.0,0.0,-4.449639059328364e-05,0.0,0.0,0.0,0.0,0.0,-0.004630337003964399,0.0002662165335354392,0.0024019405787506927
0.0,-2.645279852230906e-07,0.0,0.007453605848895606,0.0,0.0,0.0,0.0,0.2843592565265194,-0.2843592565265194,0.0,0.0,0.0,0.000236681542151499,-0.12457308867038872,0.0,0.0,0.28799688868264006,0.0,-6.242862588803453e-05,0.0,0.0,0.0003237241181155264,-8.993954591390828e-06,0.0,0.0,-0.0010730626576923752,0.0,0.0,0.0,0.0,-0.000500056843792131,0.0,0.0,-4.7009985406605154e-05,0.0,0.0,0.0,0.0,0.0,-0.006186800559102474,0.00028125506787480913,0.0025376258624367257
0.0,-2.6755952673736677e-07,0.0,0.007539025603417693,0.0,0.0003274340586815955,0.0,0.0,0.284343727631789,-0.284343727631789,0.0,0.0,0.0,0.00023939395808015795,-0.12436354989788541,0.0,0.0,0.2876956136923585,0.0,-6.314406993036973e-05,0.0,0.0,0.0,-9.097027038331824e-06,0.0,0.0,-0.0010853601618353507,0.0,0.0,0.0,0.0,-0.0005057875912598339,0.0,0.0,-4.754872886781381e-05,0.0,0.0,0.0,0.0,0.0,-0.006585136540390286,0.0002844783049687747,0.0025667075421810823
0.0,-2.517724802462039e-07,0.0,0.007402308129463636,0.0,0.0,0.0,0.0,0.2845126284811869,-0.2845126284811869,0.0,0.0,0.0,0.0003793258806930613,-0.12526767405509398,0.0,0.0,0.28797485448875837,0.0,-5.9418325682771e-05,0.0,0.0,0.0,-8.56026727299377e-06,0.0,0.0,-0.0010983482620000554,0.0,0.0,0.0,0.0,-0.00047594416794674766,0.0,0.0,-4.474317003615723e-05,0.0,0.0,0.0,0.0,0.0,-0.0055803596590184735,0.00026769298515215824,0.002415261874027372
0.0,-2.3749940669353154e-07,0.0,0.007313008173237955,0.0,0.0,0.0,0.0,0.2856625373447361,-0.2856625373447361,0.0,0.0,0.0,0.0,-0.12396603117933207,0.0,0.0,0.28958787473910413,0.0,-5.604987917099374e-05,0.0,0.0,0.00246618725983363,-8.074982605271168e-06,0.0,0.0,-0.001323259427661774,0.0,0.0,0.0,0.0,-0.0004489627198177605,0.0,0.0,-4.2206663439879106e-05,0.0,0.0,0.0,0.0009321756153253243,0.0,0.0,0.00025251737238115603,0.0022783397992110644
0.0,-2.4016471693680146e-07,0.0,0.00822636550327763,0.0,0.0029095077288253763,0.0,0.0,0.28637448910952723,-0.28637448910952723,0.0,0.0,0.0,0.0,-0.12223989624092745,0.0,0.0,0.28785001439149543,0.0,-5.667889260377787e-05,0.0,0.0,0.0,-8.165603184714669e-06,0.0,0.0,-0.001545931537629961,0.0,0.0,0.0,0.0,-0.000454001153187494,0.0,0.0,-4.26803229490404e-05,0.0,0.0,0.0,0.001358280812050394,0.0,0.0,0.00025535122004663495,0.0023039082100506027
0.0,-2.2804611292391727e-07,0.0,0.00765804444189636,0.0,0.0,0.0,0.0,0.28583565436174124,-0.28583565436174124,0.0,0.0,0.0,0.0,-0.1243544657758545,0.0,0.0,0.28979184368962774,0.0,-5.381890107748418e-05,0.0,0.0,0.0015073927110328368,-7.753570506542617e-06,0.0,0.0,-0.0012331703740134487,0.0,0.0,0.0,0.0,-0.00043109245840898574,0.0,0.0,-4.052669297558538e-05,0.0,0.0,0.0,0.0008202342691022202,0.0,0.0,0.00024246631189101138,0.0021876540340178127
0.0,-1.965802472656485e-07,0.0,0.007413511759512633,0.0,0.0,0.0,0.0,0.28586531510539304,-0.28586531510539304,0.0,0.0,0.0,0.0005684884836539983,-0.12680885492163216,0.0,0.0,0.28911320305588883,0.0,-4.639295423950953e-05,0.0,0.0,0.0,-6.683730706150224e-06,0.0,0.0,-0.0012660487864526071,0.0,0.0,0.0,0.0,-0.0003716102019097683,0.0,0.0,-3.493480868344172e-05,0.0,0.0,0.0,0.0005446328370203405,0.0,0.0,0.00020901074319572803,0.0018858009260714387
0.0,-2.041858334990548e-07,0.0,0.007854375669437665,0.0,0.0,0.0,0.0,0.28609121413076083,-0.28609121413076083,0.0,0.0,0.0,0.0,-0.12572033658583157,0.0,0.0,0.28992687828880437,0.0,-4.81878732051686e-05,0.0,0.0,0.0,-6.94232072703771e-06,0.0,0.0,-0.0010454632194412887,0.0,0.0,0.0,0.0,-0.0003859876049049885,0.0,0.0,-3.6286418032220355e-05,0.0,0.0,0.0,0.0006170507427878758,0.0,0.0,0.00021709725876987562,0.0019587615707026963
0.0,-2.2798883480595336e-07,0.0,0.008158459011965989,0.0,0.0017581831174689872,0.0,0.0,0.2862661993350367,-0.2862661993350367,0.0,0.0,0.0,0.0,-0.12344414022821873,0.0,0.0,0.28871438089005186,0.0,-5.380538343701629e-05,0.0,0.0,0.0,-7.751623049861945e-06,0.0,0.0,-0.0013584451482137258,0.0,0.0,0.0,0.0,-0.00043098418134006534,0.0,0.0,-4.051651392595731e-05,0.0,0.0,0.0,0.0010711972684486033,0.0,0.0,0.00024240541186585114,0.002187104563105031
0.0,-2.165659565473511e-07,0.0,0.007749697398043962,0.0,0.0,0.0,0.0,0.2852842079327523,-0.2852842079327523,0.0016700932260307877,0.0,0.0,0.0,-0.12560970968672236,0.0,0.0,0.2892798219708645,0.0,-5.1109583244951794e-05,0.0,0.0,0.0,-7.363245055472388e-06,0.0,0.0,-0.0012903832470147418,0.0,0.0,0.0,0.0,-0.00040939066848659126,0.0,0.0,-3.848652326245361e-05,0.0,0.0,0.0,0.0010175272893952424,0.0,0.0,0.00023026022277654028,0.0020775245076411486
0.0,-2.1926758305405783e-07,0.0,0.008634151667177965,0.0,0.0,0.0,0.0,0.28614186992436413,-0.28614186992436413,0.0,0.0,0.0,0.0,-0.12302863913919229,-0.0009182950114230664,0.0,0.29085973525656955,0.0,-5.174716731884156e-05,0.0,0.0,0.0,-7.45510038829748e-06,0.0,0.0,-0.0010029065122653489,0.0,0.0,0.0,0.0,-0.0004144977531790089,0.0,0.0,-3.8966636633246005e-05,0.0,0.0,0.0,0.0004230726548061827,0.0,0.0,0.0002331326831170799,0.0021034413016177166
0.0,-2.2655306488397388e-07,0.0,0.007607906212846224,0.0,0.0,0.0,0.0,0.2858939316142812,-0.2858939316142812,0.0,0.0,0.0,0.0,-0.12429838964067905,0.0,0.0,0.2898242192477871,0.0,-5.346654161941066e-05,0.0,0.0,0.0014975236117363126,-7.702806855722494e-06,0.0,0.0,-0.0012250966445986821,0.0,0.0,0.0,0.0,-0.00042827003911049654,0.00020675154190251892,0.0,-4.026135936065649e-05,0.0,0.0,0.0,0.0006081125450375258,0.0,0.0,0.0002408788529026534,0.002173331173936202
0.0,-2.302181069246767e-07,0.0,0.007801014520581528,0.0,0.0,0.0,0.0,0.2858501497650445,-0.2858501497650445,0.0,0.0,0.0,0.0,-0.12390478095292803,-0.00016340819177496142,0.0,0.28996073941387185,0.0,-5.433149183717303e-05,0.0,0.0,0.0014750616118713463,-7.827418327971147e-06,0.0,0.0,-0.0012215715091191599,0.0,0.0,0.0,0.0,-0.00043519833954605797,0.0,0.0,-4.091268391787765e-05,0.0,0.0,0.0,0.0007813584233791322,0.0,0.0,0.00024477564910382866,0.002208490045545048
0.0,-2.3170069497465113e-07,0.0,0.007591577973878749,0.0,0.0,0.0,0.0,0.2857867243626436,-0.2857867243626436,0.0,0.0,0.0,0.0,-0.12416605815746458,0.0,0.0,0.28975066956707113,0.0,-5.468138273676866e-05,0.0,0.0,0.001787514508198159,-7.877826339009991e-06,0.0,0.0,-0.001264061610991538,0.0,0.0,0.0,0.0,-0.0004380009855507478,0.0,0.0,-4.117615865963144e-05,0.0,0.0,0.0,0.0008556368538581742,0.0,0.0,0.00024635198667837405,0.0022227125625909542
0.0,-2.403511462439579e-07,0.0,0.007632574026273909,0.0,0.0,0.0,0.0,0.2854661855960428,-0.2854661855960428,0.0,0.0,0.0,0.0,-0.1241551259798702,0.0,0.0,0.2894165014664371,0.0,-5.672288993533136e-05,0.0,0.0,0.0013693857846642813,-8.171941783338386e-06,0.0,0.0,-0.001190038624659558,0.0,0.0,0.0,0.0,-0.00045435357431544536,0.0,0.0,-4.2713453806637175e-05,0.0,0.0,0.0,0.0006451492824427424,0.0,-0.0015354053619445844,0.00025554943796824326,0.002305696632666673
0.0,-2.2546537422939756e-07,0.0,0.008120070790937316,0.0,0.0,0.0,0.0,0.28603024173965647,-0.28603024173965647,0.0,0.0,0.0,0.0,-0.12414743891170879,0.0,0.0,0.29021600512490714,0.00048010414475450257,-5.320984653703897e-05,0.0,0.0,0.0008044708748726856,-7.665825360745735e-06,0.0,0.0,-0.001116335445240465,0.0,0.0,0.0,0.0,-0.00042621389690198535,0.0,0.0,-4.006806290563148e-05,0.0,0.0,0.0,0.00012508882674952605,0.0,0.0,0.00023972238354603065,0.0021628969208908923
0.0,-2.370361437932168e-07,0.0,0.008943293718023701,0.0,0.0,0.0,0.0,0.28550703142468165,-0.28550703142468165,0.001366871741347473,0.0,0.0,0.0,-0.1215752415350107,-0.0013832447193871781,0.0,0.2908024809303454,0.0,-5.594054908908516e-05,0.0,0.0,0.0,-8.059231661242344e-06,0.0,0.0,-0.001181811707632165,0.0,0.0,0.0,0.0,-0.000448086979643873,0.0,0.0,-4.212433573392826e-05,0.0,0.0,0.0,0.0006526241483418848,0.0,0.0,0.00025202481565464555,0.0022738957026216065
0.0,-2.1696141911471782e-07,0.0,0.00847459896149231,0.0,0.0,0.0,0.0,0.28596453488854573,-0.28596453488854573,0.0,0.0,0.0,0.00048119638569885375,-0.1232126361405305,-0.0011698576669743276,0.0,0.2904265526810018,0.0,-5.1202912442805986e-05,0.0,0.0,0.0,-7.376690787388017e-06,0.0,0.0,-0.0011779626848490387,0.0,0.0,0.0,0.0,-0.00041013824066920385,0.0,0.0,-3.855680198742514e-05,0.0,0.0,0.0,0.0003086352097958368,0.0,0.0,0.00023068069190434491,0.002081318193355456
0.0,-2.2472087422344256e-07,0.0,0.008041516783247521,0.0,0.001732981562622607,0.0,0.0,0.28638761636278365,-0.28638761636278365,0.0,0.0,0.0,0.0,-0.12333441929140454,0.0,0.0,0.28880070602030555,0.0,-5.3034144475473706e-05,0.0,0.0,0.0,-7.640512351835913e-06,0.0,0.0,-0.0013389733824071067,0.0,0.0,0.0,0.0,-0.00042480651339635317,0.00045264828571547395,0.0,-3.993575579118517e-05,0.0,0.0,0.0,0.0006031945885042946,0.0,0.0,0.0002389308060517588,0.002155754907284648
0.0,-2.3266335551213824e-07,0.0,0.008442895890331873,0.0,0.0016770700071697426,0.0,0.0,0.28627751537887025,-0.28627751537887025,0.0,0.0,0.0,0.0,-0.1225188824455126,-0.0003514849345392709,0.0,0.28912737763955165,0.0,-5.4908570701404134e-05,0.0,0.0,0.0,-7.910556808543418e-06,0.0,0.0,-0.0013277169176902277,0.0,0.0,0.0,0.0,-0.0004398207740680688,0.0,0.0,-4.134723567358374e-05,0.0,0.0,0.0,0.0009759986895393057,0.0,0.0,0.00024737551980127975,0.002231947397516319
0.0,-2.383537993997096e-07,0.0,0.008233912263377845,0.0,0.002687537709469802,0.0,0.0,0.28635460179435374,-0.28635460179435374,0.0,0.0,0.0,0.0,-0.12242703876232601,0.0,0.0,0.2880277295850283,0.0,-5.6251515918691626e-05,0.0,0.0,0.0,-8.104031967273833e-06,0.0,0.0,-0.001512532182216337,0.0,0.0,0.0,0.0,-0.0004505778416342674,0.0,0.0,-4.235849988400833e-05,0.0,0.0,0.0,0.0013045538569851037,0.0,0.0,0.00025342579149743665,0.00228653601718795
0.0,-2.524507317631156e-07,0.0,0.008016807609534903,0.0,0.001438322424531381,0.0,0.0,0.2854536959173169,-0.2854536959173169,0.0,0.0,0.0,0.0,-0.12321364242082111,0.0,0.0,0.28816455333969276,0.0,-5.957839309556879e-05,0.0,0.0,0.0,-8.583327832501306e-06,0.0,0.0,-0.0012499466980562795,0.0,0.0,0.0,0.0,-0.0004772263170265815,0.0,0.0,-4.486370395201168e-05,0.0,0.0,0.0,0.0006776269262465128,0.0,-0.0030510220651750373,0.0002684141250204573,0.0024217683636492565
0.0,-2.249857420805825e-07,0.0,0.006927691288174144,0.0,0.0,0.0,0.0,0.28591756678021685,-0.28591756678021685,0.0,0.0,0.0,0.0,-0.1242044810469109,0.0,0.0,0.28963608110782596,0.0,-5.309665331116158e-05,0.0,0.0,0.002336245713149647,-7.649517862076452e-06,0.0,0.0,-0.0012535378864410424,0.0,0.0,0.0,0.0,-0.0004253072127252037,0.0008830599852151282,0.0,-3.998282617615154e-05,0.0,0.0,0.0,0.0,0.0,0.0,0.00023921242248290853,0.0021582957935498185
0.0,-2.221599650765673e-07,0.0,0.007609648478865258,0.0,0.0026913867435237795,0.0,0.0,0.28668398125071537,-0.28668398125071537,0.0,0.0,0.0,0.0,-0.12270857764604057,0.0,0.0,0.28804888884119173,0.0,-5.2429769709874934e-05,0.0,0.0,0.0,-7.5534414108908614e-06,0.0,0.0,-0.0014300356055257373,0.0,0.0,0.0,0.0,-0.00041996543715201994,0.001256452744674785,0.0,-3.9480649683902354e-05,0.0,0.0,0.0,0.0,0.0,0.0,0.00023620796115004388,0.002131188019675457
0.0,-2.1862062357073553e-07,0.0,0.007341525929794519,0.0,0.0,0.0,0.0,0.2860553045130787,-0.2860553045130787,0.0,0.0,0.0,0.0,-0.12444520978915748,0.0,0.0,0.28984797857683264,0.0,-5.159448482849945e-05,0.0,0.0,0.0014450898996990434,-7.433103758297962e-06,0.0,0.0,-0.001182201584929985,0.0,0.0,0.0,0.0,-0.00041327475774803894,0.0007863327512407116,0.0,-3.885166370951547e-05,0.0,0.0,0.0,0.0,0.0,0.0,0.00023244481399336278,0.0020972349975268935
0.0,-2.1691400670744523e-07,0.0,0.007762152187628956,0.0,0.001672777286923641,0.0,0.0,0.28653057878776633,-0.28653057878776633,0.0,0.0,0.0,0.0,-0.12351358192459035,0.0,0.0,0.28885983701963364,0.0,-5.119172311085846e-05,0.0,0.0,0.0,-7.375078764986233e-06,0.0,0.0,-0.0012924570637072009,0.0,0.0,0.0,0.0,-0.0004100486134839466,0.0010191625904444944,0.0,-3.85483761999906e-05,0.0,0.0,0.0,0.0,0.0,0.0,0.00023063028143524344,0.0020808633645372733
0.0,-2.1019589125006817e-07,0.0,0.00820700781645077,0.0,0.0,0.0,0.0,0.2862560394823239,-0.2862560394823239,0.0,0.0,0.0,0.0,-0.12392891293656591,-0.0005586444978874147,0.0,0.29056893692285496,0.0,-4.9606247320055046e-05,0.0,0.0,0.0,-7.14666276086322e-06,0.0,0.0,-0.0010033689760832571,0.0,0.0,0.0,0.0,-0.00039734886223073267,0.0004894798240022281,0.0,-3.735448168881124e-05,0.0,0.0,0.0,0.0,0.0,0.0,0.0002234873546958973,0.0020164162569199133
0.0,-2.1191908608545763e-07,0.0,0.007576963904345691,0.0,0.0,0.0,0.0,0.28615319998571404,-0.28615319998571404,0.0,0.0,0.0,0.0,-0.12479290626590708,0.0,0.0,0.28996505065752687,0.0,-5.001292144045103e-05,0.0,0.0,0.0007777859231605211,-7.205251405420209e-06,0.0,0.0,-0.0011188754545112698,0.0,0.0,0.0,0.0,-0.00040060634506339796,0.0007080542343440648,0.0,-3.7660715314701815e-05,0.0,0.0,0.0,0.0,0.0,0.0,0.00022531951351259204,0.0020329469229536557
0.0,-2.0027252042852478e-07,0.0,0.007703843037269502,0.0,0.0,0.0,0.0,0.28625691146820964,-0.28625691146820964,0.0,0.0,0.0,0.0,-0.12553000714461335,0.0,0.0,0.2900190634024783,0.0,-4.726433100430528e-05,0.0,0.0,0.0,-6.80926803687126e-06,0.0,0.0,-0.001025426447980271,0.0,0.0,0.0,0.0,-0.00037858997935255633,0.0006052246885726933,0.0,-3.559097255720967e-05,0.0,0.0,0.0,0.0,0.0,0.0,0.00021293649244362447,0.001921221026751501
0.0,-2.1102547502421291e-07,0.0,0.0078031824268519215,0.0,0.0009035905547234446,0.0,0.0,0.2864095179212817,-0.2864095179212817,0.0,0.0,0.0,0.0,-0.12428819910020815,0.0,0.0,0.2894307887594373,0.0,-4.980202915778835e-05,0.0,0.0,0.0,-7.174868618886596e-06,0.0,0.0,-0.0011786996122926773,0.0,0.0,0.0,0.0,-0.000398917085885444,0.0008341529074187592,0.0,-3.7501909270370185e-05,0.0,0.0,0.0,0.0,0.0,0.0,0.00022436939611963601,0.0020243744819770926
0.0,-2.237709933109531e-07,0.0,0.008288778659783023,0.0,0.0,0.0,0.0,0.2856506516835189,-0.2856506516835189,0.001444403500218807,0.0,0.0,0.0,-0.12290925490217512,-0.0008437585770632127,0.0,0.2903417034410678,0.0,-5.280997250337034e-05,0.0,0.0,0.0,-7.608216389701873e-06,0.0,0.0,-0.001192687197154364,0.0,0.0,0.0,0.0,-0.00042301088315073936,0.0007701270341949298,0.0,-3.97669498790376e-05,0.0,0.0,0.0,0.0,0.0,0.0,0.00023792086065679466,0.0021466426677318635
0.0,-2.177686829712434e-07,0.0,0.007479926394866052,0.0,0.0,0.0,0.0,0.2858869660135491,-0.2858869660135491,0.0005845335533153528,0.0,0.0,0.0,-0.12455871147022042,0.0,0.0,0.28974836523565345,0.0,-5.13934267781776e-05,0.0,0.0,0.0009384297828215806,-7.404137767951298e-06,0.0,0.0,-0.0012193470716408729,0.0,0.0,0.0,0.0,-0.0004116642713304256,0.0008667732920570032,0.0,-3.870026303591323e-05,0.0,0.0,0.0,0.0,0.0,0.0,0.00023153900203954101,0.002089062302691949
0.0,-2.1666170872535678e-07,0.0,0.007753123838730107,0.0,0.0010892694199148352,0.0,0.0,0.2861973080694199,-0.2861973080694199,0.0005815622188674968,0.0,0.0,0.0,-0.12395148247792917,0.0,0.0,0.28910541930298345,0.0,-5.1132180766698455e-05,0.0,0.0,0.0,-7.366500630644457e-06,0.0,0.0,-0.0012909537753116797,0.0,0.0,0.0,0.0,-0.00040957167592094407,0.001017977177529523,0.0,-3.8503539641597386e-05,0.0,0.0,0.0,0.0,0.0,0.0,0.00023036202971882442,0.0020784430615063926
0.0,-2.0980566197396007e-07,0.0,0.007507783857704281,0.0,0.0,0.0,0.0,0.2855792801247046,-0.2855792801247046,0.0016179598143302998,0.0,0.0,0.0,-0.12530316248412599,0.0,0.0,0.28945016759761766,0.0,-4.951415317936076e-05,0.0,0.0,0.0,-7.13339496091159e-06,0.0,0.0,-0.0012501028123542686,0.0,0.0,0.0,0.0,-0.0003966111829262109,0.0009857642906190615,0.0,-3.728513298621706e-05,0.0,0.0,0.0,0.0,0.0,0.0,0.00022307244977970867,0.0020126727743447264
0.0,-2.1034738609645802e-07,0.0,0.008161847391044521,0.0,0.0,0.0,0.0,0.28604239937421516,-0.28604239937421516,0.0,0.0,0.0,0.0004937296039607002,-0.12386784353287832,-0.0009165754646002262,0.0,0.29020517882792446,0.0,-4.96420001160447e-05,0.0,0.0,0.0,-7.1518135874122926e-06,0.0,0.0,-0.001182856302883199,0.0,0.0,0.0,0.0,-0.00039763524415993605,0.0003536313375799169,0.0,-3.738140424867558e-05,0.0,0.0,0.0,0.0,0.0,0.0,0.00022364842912160737,0.0020178695520784596
0.0,-2.1240237122965143e-07,0.0,0.007404200192499927,0.0,0.0,0.0,0.0,0.2860456048749141,-0.2860456048749141,0.0,0.0,0.0,0.00019004310918889074,-0.12498247709425053,0.0,0.0,0.28967610542897926,0.0,-5.012697677353299e-05,0.0,0.0,0.0009696027866108612,-7.221683105975092e-06,0.0,0.0,-0.0012164486239477608,0.0,0.0,0.0,0.0,-0.0004015199347679177,0.0007096689642820941,0.0,-3.774660122789402e-05,0.0,0.0,0.0,0.0,0.0,0.0,0.00022583335856349836,0.002037583093602305
0.0,-2.1128699804720925e-07,0.0,0.007686822779749766,0.0,0.0011252630453750239,0.0,0.0,0.28636536876986163,-0.28636536876986163,0.0,0.0,0.0,0.00018904514957916472,-0.12435295764515128,0.0,0.0,0.2890122935576648,0.0,-4.9863748612348056e-05,0.0,0.0,0.0,-7.1837604047271326e-06,0.0,0.0,-0.0012904367072390092,0.0,0.0,0.0,0.0,-0.00039941146222656433,0.0008666941946939685,0.0,-3.7548385235792824e-05,0.0,0.0,0.0,0.0,0.0,0.0,0.00022464745621041102,0.0020268832811357845
0.0,-1.9324736665004656e-07,0.0,0.0072878208522088725,0.0,0.0,0.0,0.0,0.286015725641446,-0.286015725641446,0.0,0.0,0.0,0.0005588501589814133,-0.12662202901906575,0.0,0.0,0.289208547923125,0.0,-4.5606394144911516e-05,0.0,0.0,0.0,-6.5704127262398175e-06,0.0,0.0,-0.0012445838146791606,0.0,0.0,0.0,0.0,-0.00036530981081894163,0.0005353989681531779,0.0,-3.434251343358651e-05,0.0,0.0,0.0,0.0,0.0,0.0,0.0002054671122147972,0.0018538284901893419
0.0,-2.1573960750467885e-07,0.0,0.007320402599223803,0.0,0.0,0.0,0.0,0.28590921263263863,-0.28590921263263863,0.0,0.0,0.0,0.0,-0.1254791023958564,0.0,0.0,0.2892208781198144,0.0,-5.091456480410738e-05,0.0,0.0005927384953203619,0.0013934648288232647,-7.335149178356908e-06,0.0,0.0,-0.0013713756777760885,0.0,0.0,0.0,0.0,-0.0004078285596843757,0.0,0.0,-3.8339670533794206e-05,0.0,0.0,0.0,0.0,0.0,0.0,0.00022938162062830612,0.002069597313471819
0.0,-2.077043824007528e-07,0.0,0.007572601746594966,0.0,0.0,0.0,0.0,0.2860382766435652,-0.2860382766435652,0.0,0.0,0.0,0.0,-0.12581280243420237,0.0,0.0,0.289417452791066,0.0,-4.901825103028835e-05,0.0,0.000522948517176673,0.0006258638569308993,-7.061951430846879e-06,0.0,0.0,-0.0012725853454198203,0.0,0.0,0.0,0.0,-0.0003926389785092879,0.0,0.0,-3.691170889655652e-05,0.0,0.0,0.0,0.0,0.0,0.0,0.00022083829852917865,0.0019925151287002256
0.0,-1.9497676694466322e-07,0.0,0.0074610787448080446,0.0,0.0,0.0,0.0,0.28601842327354254,-0.28601842327354254,0.0,0.0,0.0,0.00029375622690631714,-0.12682786221580336,0.0,0.0,0.2891317805439315,0.0,-4.6014532754186554e-05,0.0,0.0004321522684448552,0.0,-6.6292123564831064e-06,0.0,0.0,-0.0012827313027167692,0.0,0.0,0.0,0.0,-0.0003685790242908163,0.0,0.0,-3.464984984845976e-05,0.0,0.0,0.0,0.0,0.0,0.0,0.000207305868884852,0.001870418685402237
0.0,-1.9856600632788378e-07,0.0,0.007678203406471208,0.0,0.0,0.0,0.0,0.2861379891867573,-0.2861379891867573,0.0,0.0,0.0,0.0,-0.12630057828306052,0.0,0.0,0.289528045672659,0.0,-4.686159353865782e-05,0.0,0.00046005182154242974,0.0,-6.7512465374908086e-06,0.0,0.0,-0.0011767068552977695,0.0,0.0,0.0,0.0,-0.0003753640293483115,0.0,0.0,-3.5287703309913796e-05,0.0,0.0,0.0,0.0,0.0,0.0,0.00021112206914621672,0.001904850379567433
0.0,-2.0549228704095633e-07,0.0,0.007739631255306221,0.0,0.000619198275214333,0.0,0.0,0.28621173986494053,-0.28621173986494053,0.0,0.0,0.0,0.0,-0.12564934634851482,0.0,0.0,0.288997648628023,0.0,-4.8496196346626333e-05,0.0,0.0005792988329964853,0.0,-6.9867401627420815e-06,0.0,0.0,-0.0013209518713449655,0.0,0.0,0.0,0.0,-0.0003884572908029602,0.0,0.0,-3.651859143303238e-05,0.0,0.0,0.0,0.0,0.0,0.0,0.00021848632420010943,0.001971294423486516
0.0,-2.0174468815281993e-07,0.0,0.007598482242345018,0.0,0.0,0.0,0.0,0.2858552929362449,-0.2858552929362449,0.000607905847643722,0.0,0.0,0.0,-0.12639738641479722,0.0,0.0,0.2891983004401287,0.0,-4.761176270619856e-05,0.0,0.0005687340585531328,0.0,-6.859321756715137e-06,0.0,0.0,-0.0012968614403335698,0.0,0.0,0.0,0.0,-0.00038137292704379144,0.0,0.0,-3.585259547463681e-05,0.0,0.0,0.0,0.0,0.0,0.0,0.00021450175077676657,0.0019353435812625686
0.0,-2.1237895068957977e-07,0.0,0.008362896355353458,0.0,0.0,0.0,0.0,0.28616746347895533,-0.28616746347895533,0.0,0.0,0.0,0.0,-0.12394428327724595,-0.0007528516215325746,0.0,0.29039562542196196,0.0,-5.012144952418356e-05,0.0,0.00034148430744487514,0.0,-7.220886807338739e-06,0.0,0.0,-0.0011079923663521933,0.0,0.0,0.0,0.0,-0.00040147566118628415,0.0,0.0,-3.7742439100223276e-05,0.0,0.0,0.0,0.0,0.0,0.0,0.00022580845705607577,0.0020373584195734007
0.0,-2.1426187187858611e-07,0.0,0.0075237944923153685,0.0,0.0,0.0,0.0,0.286048505446083,-0.286048505446083,0.0,0.0,0.0,0.0,-0.12505877821078556,0.0,0.0,0.28964232289217207,0.0,-5.0565819076939934e-05,0.0,0.00028756029471355924,0.0010054779789101498,-7.284906149786793e-06,0.0,0.0,-0.0012407915087591767,0.0,0.0,0.0,0.0,-0.00040503508657596367,0.0003598548101681885,0.0,-3.807705812944366e-05,0.0,0.0,0.0,0.0,0.0,0.0,0.0002278104423143473,0.002055421345891472
0.0,-2.1462229191111594e-07,0.0,0.00789691076199169,0.0,0.0,0.0,0.0,0.28604906765290755,-0.28604906765290755,0.0,0.0,0.0,0.0,-0.12466837860050982,-0.000360460138970974,0.0,0.2898291604988503,0.0,-5.065087823374099e-05,0.0,0.0004682740829767562,0.0006467092020218903,-7.297160435108125e-06,0.0,0.0,-0.0012428787028643561,0.0,0.0,0.0,0.0,-0.0004057164152594084,0.0,0.0,-3.814110935054674e-05,0.0,0.0,0.0,0.0,0.0,0.0,0.0002281936530382604,0.002058878867390064
0.0,-2.1462229191111594e-07,0.0,0.007397812108031881,0.0,0.0,0.0,0.0,0.28593815684091645,-0.28593815684091645,0.0,0.0,0.0,0.0,-0.12550020969044284,0.0,0.0,0.28927460643889497,0.0,-5.065087823374099e-05,0.0,0.0005791848949678251,0.0012289909649750021,-7.297160435108125e-06,0.0,0.0,-0.0013537895148554252,0.0,0.0,0.0,0.0,-0.0004057164152594084,0.0,0.0,-3.814110935054674e-05,0.0,0.0,0.0,0.0,0.0,0.0,0.0002281936530382604,0.002058878867390064
0.0,-2.3804750360191698e-07,0.0,0.007559419713218908,0.0,0.0,0.0,0.0,0.2852860018351898,-0.2852860018351898,0.0,0.0,0.0,0.0,-0.12488206025375818,0.0,0.0,0.2888789730226117,0.0,-5.6179230085662097e-05,0.0,0.00031948292849034743,0.0007172950662620585,-8.09361790656658e-06,0.0,0.0,-0.0011786327139148723,0.0,0.0,0.0,0.0,-0.0004499988280006747,0.0,0.0,-4.2304067227394726e-05,0.0,0.0,0.0,0.0,0.0,-0.002798621001862359,0.00025310012748375855,0.0022835977112942323
0.0,-2.2376911862876746e-07,0.0,0.008158298823434353,0.0,0.0,0.0,0.0,0.28606333547361484,-0.28606333547361484,0.0,0.0,0.0,0.0,-0.12423144536682705,0.0,0.0,0.29023002265725967,0.0005261512475341541,-5.2809530078223044e-05,0.0,3.7244321804689414e-05,0.0006742708171501767,-7.6081526504856356e-06,0.0,0.0,-0.0011079368596144325,0.0,0.0,0.0,0.0,-0.00042300733930014797,0.0,0.0,-3.976661672418401e-05,0.0,0.0,0.0,0.0,0.0,0.0,0.00023791886743152238,0.0021466246838425817
0.0,-2.1915769341594747e-07,0.0,0.008441145810921783,0.0,0.0,0.0,0.0,0.2858674635639853,-0.2858674635639853,0.0006603754706183192,0.0,0.0,0.0,-0.12348212886028322,-0.0009341135057290063,0.0,0.29024630383007605,0.0,-5.172123335536781e-05,0.0,0.00043099998147759147,0.0,-7.4513641393165065e-06,0.0,0.0,-0.0012219735578580364,0.0,0.0,0.0,0.0,-0.00041429002065667265,0.0,0.0,-3.8947107847739445e-05,0.0,0.0,0.0,0.0,0.0,0.0,0.00023301584475081256,0.002102387126622026
0.0,-2.1208488287190057e-07,0.0,0.008305669393447832,0.0,0.0,0.0,0.0,0.28604510963573393,-0.28604510963573393,0.0,0.0,0.0,0.000319531685505892,-0.12390199965267737,-0.000949614524215825,0.0,0.29019133813524794,0.0,-5.00520494954489e-05,0.0,0.00028014829734250606,0.0,-7.210888498098356e-06,0.0,0.0,-0.0012053608633506986,0.0,0.0,0.0,0.0,-0.0004009197630092142,0.0,0.0,-3.769017951110649e-05,0.0,0.0,0.0,0.0,0.0,0.0,0.0002254957942429091,0.0020345374171043284
0.0,-2.130953307163915e-07,0.0,0.007816166023287623,0.0,0.0011666709713345946,0.0,0.0,0.2863800203618455,-0.2863800203618455,0.0,0.0,0.0,0.0,-0.12440567800855967,0.0,0.0,0.2889542677065962,0.0,-5.0290515268398764e-05,0.0,0.0002859946828879225,0.0,-7.245243736628812e-06,0.0,0.0,-0.0013173697042066343,0.0,0.0,0.0,0.0,-0.00040282988741252286,0.0005245628750364641,0.0,-3.786974893694093e-05,0.0,0.0,0.0,0.0,0.0,0.0,0.00022657013644094374,0.002044230677273611
0.0,-2.140685315542382e-07,0.0,0.008152981416149552,0.0,0.0006450405872879833,0.0,0.0,0.28623250117180804,-0.28623250117180804,0.0,0.0,0.0,0.0,-0.12420849096092469,-0.00045167874861888575,0.0,0.2894960231602157,0.0,-5.052019074477081e-05,0.0,0.0005131401874822033,0.0,-7.2783325764977384e-06,0.0,0.0,-0.0012857462016940902,0.0,0.0,0.0,0.0,-0.0004046696010403231,0.0,0.0,-3.8042699096245574e-05,0.0,0.0,0.0,0.0,0.0,0.0,0.00022760487636637564,0.0020535666256549594
0.0,-2.441776637750196e-07,0.0,0.0077540886467576346,0.0,0.0007357667308711355,0.0,0.0,0.2852749727391536,-0.2852749727391536,0.0,0.0,0.0,0.0,-0.1244191688820101,0.0,0.0,0.2882247027989682,0.0,-5.762594838186657e-05,0.0,0.0003277102003356042,0.0,-8.30204342414779e-06,0.0,0.0,-0.0012089846697733945,0.0,0.0,0.0,0.0,-0.00046158712383076114,0.0,0.0,-4.339347461102058e-05,0.0,0.0,0.0,0.0,0.0,-0.0036064573606255593,0.0002596179203521213,0.002342404544087464
0.005392447659261456,-1.5516466419539917e-07,0.0,0.004561962665879628,0.0,0.0,0.0,0.0,0.28399111290050744,-0.28399111290050744,0.0,0.0,0.0,0.0,-0.13140875350275857,0.0,0.0,0.28807817763457244,0.0,-3.661887328831298e-05,0.0,0.0,0.0,-5.275600397382868e-06,0.0,0.0,-0.0005600129635128512,0.0,0.0,0.0,0.0,-0.0002933192576210053,0.0,0.0,-2.7574733135682565e-05,0.0,0.0,0.0,0.0,0.0,0.0,0.00016497629966539948,0.0014884998442281426
0.0033036018068478084,-1.490506116951986e-07,0.0,0.00438220473331311,0.0,0.0,0.0,0.0,0.28405901218095886,-0.28405901218095886,0.0,0.0,0.0,0.0018763637885090114,-0.13279804360466077,0.0,0.0,0.28610866790088074,0.0,-3.517595640421498e-05,0.0,0.0,0.0,-5.067722540868716e-06,0.0,0.0,-0.0014761283088049033,0.0,0.0,0.0,0.0,-0.0002817614113180849,0.0,0.0,-2.6488188290277082e-05,0.0,0.0,0.0,0.0,0.0,0.0,0.00015847563301765776,0.001429847532883012
0.0018480109539006332,-2.189202611437842e-07,0.0,0.008356473525027658,0.0,0.0,0.0,0.0,0.28547741726392706,-0.28547741726392706,0.0,0.0,0.0,0.0,-0.12204175592514398,-0.0019200463699062485,0.0,0.2912438157125217,0.0,-5.166519931995137e-05,0.0,0.0,0.0,-7.443291439286049e-06,0.0,0.0,-0.0007901166470592154,0.0,0.0,0.0,0.0,-0.00041384118484623004,0.0,0.0,-3.890491311495894e-05,0.0,0.0,0.0,0.0,0.0,0.0,0.00023276339875812624,0.0021001094308466224
0.0,-2.5376028180794214e-07,0.0,0.009152915134214104,0.0,0.0,0.0,0.0,0.28454735217710575,-0.28454735217710575,0.003587664107545052,0.0,0.0,0.0,-0.11921852486111678,-0.0026816638335354108,0.0,0.2910766517269527,0.0,-5.988744701196704e-05,0.0006495410889562448,0.0,0.0,-8.627852549341344e-06,0.0,0.0,-0.001240630145464103,0.0,0.0,0.0,0.0,-0.0004797018564733872,0.0,0.0,-4.509642764075333e-05,0.0,0.0,0.0,0.0,0.0,0.0,0.000269806482756946,0.002434330921289819
0.0,-2.3841585367644774e-07,0.0,0.006359891748366238,0.0,0.0,0.0,0.0,0.2852577897104086,-0.2852577897104086,0.000571270683493062,0.0,0.0,0.0,-0.12446716446303137,0.0,0.0,0.28915271119310043,0.0,-5.6266160733016164e-05,0.0008902098891886215,0.0,0.0036392899711299594,-8.10614181340869e-06,0.0,0.0,-0.0013055841616772472,0.0,0.0,0.0,0.0,-0.0004506951474298841,0.0,0.0,-4.236952771776065e-05,0.0,0.0,0.0,0.0,0.0,0.0,0.0002534917696955513,0.0022871313059525497
0.0,-2.037187300211021e-07,0.0,0.006056255714554107,0.0,0.0,0.0,0.0,0.28354727759931875,-0.28354727759931875,0.005463583766802079,0.0,0.0,0.0,-0.12843178032145633,0.0,0.0,0.28749729497309356,0.0,-4.807763674662711e-05,0.0013825873121025626,0.0,0.0,-6.926439203324277e-06,0.0,0.0,-0.001426545656329671,0.0,0.0,0.0,0.0,-0.0003851046046027242,0.0,0.0,-3.6203407806805413e-05,0.0,0.0,0.0,0.0,0.0,0.0,0.00021660061861180182,0.0019542806313227394
0.0,-2.415841333885715e-07,0.0,0.009012557679234347,0.0,0.0,0.0,0.0,0.28515220862288504,-0.28515220862288504,0.002262904065286485,0.0,0.0,0.0,-0.12040308626190374,-0.0021260959628039595,0.0,0.2911120772400449,0.0,-5.701387500109262e-05,0.0005116507575679772,0.0,0.0,-8.213863360675736e-06,0.0,0.0,-0.0011277394010786948,0.0,0.0,0.0,0.0,-0.00045668438124104053,0.0,0.0,-4.2932571294814964e-05,0.0,0.0,0.0,0.0,0.0,0.0,0.0002568603914492316,0.0023175247198294908
0.0,-2.3651568939733573e-07,0.0,0.008783167817952004,0.0,0.0,0.0,0.0,0.28549151076029833,-0.28549151076029833,0.0015276578021628559,0.0,0.0,0.0,-0.12254382188214709,-0.0007336759527225358,0.0,0.2905176524517625,0.0006558507848345717,-5.581772180960151e-05,0.0,0.0,0.0,-8.041536205695376e-06,0.0,0.0,-0.001181546626501163,0.0,0.0,0.0,0.0,-0.00044710312614979923,0.0,0.0,-4.203184437225044e-05,0.0,0.0,0.0,0.0,0.0,0.0,0.00025147145100282685,0.002268902966090941
0.0,-2.3192149828954636e-07,0.0,0.008468674530340198,0.0,0.0008633096264251684,0.0,0.0,0.2859891578314788,-0.2859891578314788,0.0006346742377916465,0.0,0.0,0.0,-0.12340088460672122,0.0,0.0,0.28962270496191983,0.0007869961709110606,-5.473349233692611e-05,0.0,0.0,0.0,-7.885333654298851e-06,0.0,0.0,-0.0012305381823935328,0.0,0.0,0.0,0.0,-0.0004384183864115763,0.0,0.0,-4.121539821533365e-05,0.0,0.0,0.0,0.0,0.0,0.0,0.0002465867522033353,0.002224830736219795
0.0,-2.3183052486962856e-07,0.0,0.008151544981070867,0.0,0.0,0.0,0.0,0.28572007204092165,-0.28572007204092165,0.0007128771884942592,0.0,0.0,0.0,-0.12394086874060599,0.0,0.0,0.2900582610473784,0.0007082355564298441,-5.4712022602474336e-05,0.0,0.0,0.0007845190772631006,-7.88224055695766e-06,0.0,0.0,-0.0011908295381906834,0.0,0.0,0.0,0.0,-0.0004382464126175949,0.0,0.0,-4.119923108224519e-05,0.0,0.0,0.0,0.0,0.0,0.0,0.0002464900261976834,0.002223958025141672
0.0,-2.260665357926742e-07,0.0,0.008254879034282068,0.0,0.0,0.0,0.0,0.28550135285457723,-0.28550135285457723,0.0014601665880669375,0.0,0.0,0.0,-0.12449314872724085,0.0,0.0,0.28988468444081694,0.0007671280987407371,-5.3351720714549575e-05,0.0,0.0,0.0,-7.686264860928068e-06,0.0,0.0,-0.0011994726927256087,0.0,0.0,0.0,0.0,-0.00042735031713248656,0.0,0.0,-4.017489695682955e-05,0.0,0.0,0.0,0.0,0.0,0.0,0.0002403615587778705,0.002168663883993821
0.0,-3.1696623874139944e-07,0.0,0.007376064098381789,0.0,0.0,0.0,0.0,0.28240223341546533,-0.28240223341546533,0.0020472889086949842,0.0,0.0,0.0,-0.12335636381099416,-0.00010429731240122878,0.0,0.2865011985220136,0.0,-7.48040579556684e-05,0.0,0.0,0.0,-1.0776855824308627e-05,0.0,0.0,-0.00114397954979982,0.0,0.0,0.0,0.0,-0.0005991847584671044,0.0,0.0,-5.6328929602866994e-05,0.0,0.0,0.0,0.0,0.0,-0.010547252419878616,0.00033700918606419534,0.0030406677927521525
0.0,-3.183608141877326e-07,0.0,0.0073037608161695715,0.0,0.00010475619556673828,0.0,0.0,0.28238766117953495,-0.28238766117953495,0.0019515402934148823,0.0,0.0,0.0,-0.12348007745034223,0.0,0.0,0.2862951483585433,0.0,-7.513317787369277e-05,0.0,0.0,0.0,-1.0824271405794311e-05,0.0,0.0,-0.0011490127855084337,0.0,0.0,0.0,0.0,-0.0006018210277281251,0.0,0.0,-5.65767633862198e-05,0.0,0.0,0.0,0.0,0.0,-0.010803170192574013,0.0003384919456727267,0.0030540460019300958
0.0,-3.1719781890147613e-07,0.0,0.007277079644924227,0.0,0.0,0.0,0.0,0.2823998135817171,-0.2823998135817171,0.0019444111743115407,0.0,0.0,0.0,-0.12355086328429321,0.0,0.0,0.2863973999384559,0.0,-7.485871089215952e-05,0.0,0.0,0.00010437351353986535,-1.0784729552459697e-05,0.0,0.0,-0.0011448153579550328,0.0,0.0,0.0,0.0,-0.0005996225315966096,0.0,0.0,-5.6370084340943135e-05,0.0,0.0,0.0,0.0,0.0,-0.010659331909971264,0.0003372554098941084,0.003042889349019412
0.0,-3.173634405882926e-07,0.0,0.007280879299695071,0.0,0.0,0.0,0.0,0.28233840981383507,-0.28233840981383507,0.0020498544404023563,0.0,0.0,0.0,-0.12361537413892533,0.0,0.0,0.28633808347053663,0.0,-7.48977976236314e-05,0.0,0.0,0.0,-1.0790360691748497e-05,0.0,0.0,-0.0011454131119097558,0.0,0.0,0.0,0.0,-0.0005999356185386325,0.0,0.0,-5.639951741991848e-05,0.0,0.0,0.0,0.0,0.0,-0.010769325585260071,0.0003374315044526022,0.0030444781634334766
0.0,-2.477262183957013e-07,0.0,0.009062090838817871,0.0,0.0,0.0,0.0,0.28500990884540334,-0.28500990884540334,0.0024243914367976698,0.0,0.0,0.0,-0.12072723263963862,-0.0017301633519578106,0.0,0.29068644530953297,0.0,-5.846340755909111e-05,0.0,0.0,0.0,-8.42269432275334e-06,0.0,0.0,-0.0013062440885188208,0.0,0.0,0.0,0.0,-0.00046829521946814925,0.0,0.0,-4.40240978730248e-05,0.0,0.0,0.0,0.0008243246873283396,0.0,0.0,0.0002633908632029716,0.002376445947956763
0.0,-2.4011001016199217e-07,0.0,0.008224491631333297,0.0,0.0027949506967198025,0.0,0.0,0.28630925627730003,-0.28630925627730003,0.00011389427953243659,0.0,0.0,0.0,-0.12232594567063493,0.0,0.0,0.28789833973102286,0.0,-5.666598180050226e-05,0.0,0.0,0.0,-8.163743153731327e-06,0.0,0.0,-0.0015455793921125914,0.0,0.0,0.0,0.0,-0.0004538977369189956,0.0,0.0,-4.267060085977541e-05,0.0,0.0,0.0,0.0013579714112214117,0.0,0.0,0.0002552930539601651,0.0023033834061192172
0.0,-2.3770168884640106e-07,0.0,0.007450270083496106,0.0,0.0,0.0,0.0,0.2855127409259613,-0.2855127409259613,0.00045861655300044455,0.0,0.0,0.0,-0.12403885676280517,0.0,0.0,0.28950693824521045,0.0,-5.609761777541652e-05,0.0,0.0,0.0020751878495335434,-8.081860200834538e-06,0.0,0.0,-0.001357144794705622,0.0,0.0,0.0,0.0,-0.00044934510875416776,0.0,0.0,-4.224261154966565e-05,0.0,0.0,0.0,0.0009984862150650149,0.0,0.0,0.0002527324455825309,0.002280280298709438
0.0,-2.2153465685616092e-07,0.0,0.007588229787398515,0.0,0.0,0.0,0.0,0.28478966931125554,-0.28478966931125554,0.0026838113630791604,0.0,0.0,0.0,-0.125756225640141,0.0,0.0,0.2888345464927973,0.0,-5.228219691933052e-05,0.0,0.0,0.0,-7.5321809240837075e-06,0.0,0.0,-0.0014260105192807834,0.0,0.0,0.0,0.0,-0.0004187833707070274,0.0,0.0,-3.936952446480259e-05,0.0,0.0,0.0,0.0012529162378630086,0.0,0.0,0.00023554311237865676,0.0021251894168782546
0.0,-2.3046954414111898e-07,0.0,0.008239097678386773,0.0,0.0,0.0,0.0,0.2852233120704966,-0.2852233120704966,0.002447233187155936,0.0,0.0,0.0,-0.12244683889453166,-0.0010344632049459695,0.0,0.2901209684897052,0.0,-5.439083104057099e-05,0.0,0.0,0.0,-7.835967196270887e-06,0.0,0.0,-0.0013111135292238583,0.0,0.0,0.0,0.0,-0.0004356736499400035,0.0009586275129817342,0.0,-4.095736750727429e-05,0.0,0.0,0.0,0.0,0.0,0.0,0.0002450429856252069,0.002210902091222124
0.0,-2.2155651931163822e-07,0.0,0.007588978642400404,0.0,0.001325942756835319,0.0,0.0,0.28590527103486196,-0.28590527103486196,0.0013581334618978846,0.0,0.0,0.0,-0.12373340185721249,0.0,0.0,0.28862460463389417,0.0,-5.2287356460589774e-05,0.0,0.0,0.0,-7.532924247825629e-06,0.0,0.0,-0.0014261512471105975,0.0,0.0,0.0,0.0,-0.0004188246989259465,0.0012530398836431127,0.0,-3.937340970103601e-05,0.0,0.0,0.0,0.0,0.0,0.0,0.00023556635727803478,0.002125399144149223
0.0,-2.2293598764925836e-07,0.0,0.007255030042565796,0.0,0.0,0.0,0.0,0.2855252606103467,-0.2855252606103467,0.0013665895529881916,0.0,0.0,0.0,-0.12447203147151195,0.0,0.0,0.2894051241314025,0.0,-5.2612911099737116e-05,0.0,0.0,0.0011435986459277432,-7.5798261874383845e-06,0.0,0.0,-0.0013397309474076308,0.0,0.0,0.0,0.0,-0.0004214324101003984,0.0010702418605437285,0.0,-3.961855875914306e-05,0.0,0.0,0.0,0.0,0.0,0.0,0.0002370330544995076,0.0021386324303249945
0.0,-2.130805413008268e-07,0.0,0.007298650845694833,0.0,0.0,0.0,0.0,0.2851692692774316,-0.2851692692774316,0.0025813928443960015,0.0,0.0,0.0,-0.12537587850194357,0.0,0.0,0.28905978749958894,0.0,-5.028702496513043e-05,0.0,0.0,0.0,-7.244740896326642e-06,0.0,0.0,-0.0013715916852969463,0.0,0.0,0.0,0.0,-0.0004028019298848436,0.0012051029575105543,0.0,-3.786712066980586e-05,0.0,0.0,0.0,0.0,0.0,0.0,0.00022655441183594603,0.0020440888019125007
0.0,-2.2458486256874403e-07,0.0,0.008429075318505301,0.0,0.0,0.0,0.0,0.2855027484477623,-0.2855027484477623,0.0014505964421431712,0.0,0.0,0.0,-0.12316815937717043,-0.001141499859172282,0.0,0.2900084506946948,0.0,-5.3002045713974325e-05,0.0,0.0005338002568624321,0.0,-7.63588795398543e-06,0.0,0.0,-0.001344361315331684,0.0,0.0,0.0,0.0,-0.0004245494004912285,0.0,0.0,-3.991158479129224e-05,0.0,0.0,0.0,0.0,0.0,0.0,0.00023878619387720292,0.002154450142904937
0.0,-2.1540515750885401e-07,0.0,0.0073546496994655935,0.0,0.0,0.0,0.0,0.28587634220237534,-0.28587634220237534,0.00011398885787430822,0.0,0.0,0.0,-0.1255239552112514,0.0,0.0,0.2891942726709935,0.0,-5.083563457806723e-05,0.0,0.0006032184891640367,0.0012773157542341285,-7.323777874587279e-06,0.0,0.0,-0.0013806485905212417,0.0,0.0,0.0,0.0,-0.00040719632408488926,0.0,0.0,-3.828023451832043e-05,0.0,0.0,0.0,0.0,0.0,0.0,0.00022902602212254833,0.002066388923409115
0.0,-2.0315696553527347e-07,0.0,0.007418330048652159,0.0,0.0,0.0,0.0,0.2855229314588253,-0.2855229314588253,0.0013121933866396052,0.0,0.0,0.0,-0.1266988485683765,0.0,0.0,0.28877266908453086,0.0,-4.794506028257775e-05,0.0,0.0006893873795630663,0.0,-6.907339204235946e-06,0.0,0.0,-0.001422611886042294,0.0,0.0,0.0,0.0,-0.00038404265958582527,0.0,0.0,-3.610357511704867e-05,0.0,0.0,0.0,0.0,0.0,0.0,0.00021600333168029568,0.0019488916057093058
0.014532471079693587,-4.3673010888286407e-07,0.0,0.010163067491365975,0.0,0.0,0.0,0.0,0.27284652431664597,-0.27284652431664597,0.01735331632668064,0.0,0.0,0.0,-0.09730350094159149,-0.014676176531674991,0.0,0.2930267308914451,0.0,-0.00010306834098666474,0.0,0.0,0.0,-1.4848828809825234e-05,0.0,0.0,-0.0015762256426037164,0.0,0.0,0.0,0.0,-0.0008255832729863303,0.0,0.0,-7.761249165336476e-05,0.0,0.0,0.0,0.0,0.0,0.0,0.00046434616856598916,0.004189566628541438
0.0,-3.437353303386977e-07,0.0,0.0,0.0,0.07837877217268682,0.0,0.0,0.2911536657380692,-0.2911536657380692,0.0,0.0,0.0,0.0030747340555905777,0.002777960316255812,-0.06827268421715708,0.0,0.25794359507166736,0.0,-8.112156573572762e-05,0.0,0.0,0.0,-1.1687005251696573e-05,0.0,0.0,-0.002777960316255812,0.0,0.0,0.0,0.0,-0.0006497883550734833,0.0,0.0,-6.108613744337499e-05,0.0,0.0,0.0,0.0,0.0,0.0,0.000365470986307355,0.003297464589106054
0.0,-4.854802891446608e-07,0.0,0.0,0.0,0.015966697094377928,0.0,0.0,0.23846754665014097,-0.23846754665014097,0.10030538164165193,0.0,0.0,0.0015563909874364793,0.0025303679800299708,-0.10199857796455679,0.0,0.29186813472939466,0.0,-0.00011457338746774418,0.0,0.0,0.0,-1.65063355088875e-05,0.0,0.0,-0.0025303679800299708,0.0,0.0,0.0,0.0,-0.0009177393496125987,0.0,0.0,-8.627601835260486e-05,0.0,0.0,0.0,0.0,0.0,0.0,0.0005161790029894525,0.004657228748019862
0.08179144368590993,-1.024733635150658e-06,0.0,0.0,0.0,0.07916553618959155,0.0,0.0,0.2590868679457635,-0.2590868679457635,0.0,0.0,0.0,0.004622337444575914,0.006009588867156435,-0.04903756465516127,0.0,0.24187342783325955,0.0,-0.00024183722069993655,0.0,0.0,0.0,-3.484095557996703e-05,0.0,0.0,-0.006009588867156435,0.0,0.0,0.0,0.0,-0.0019371298915270526,0.0,0.0,-0.00018210819242229988,0.0,0.0,0.0,0.0,0.0,0.0,0.0010895313320624055,0.009830304239735018
0.1019716930956637,-1.2775642419231156e-06,0.0,0.0,0.0,0.042017115268127236,0.0,0.0,0.21965180595203082,-0.21965180595203082,0.06001494893201974,0.0,0.0,0.004095716173160154,0.006658782493289342,-0.06447067478756396,0.0,0.25820627499555066,0.0,-0.00030150526432840615,0.0,0.0,0.0,-4.3437199167228816e-05,0.0,0.0,-0.006658782493289342,0.0,0.0,0.0,0.0,-0.002415074314420758,0.0,0.0,-0.00022703940499208764,0.0,0.0,0.0,0.0,0.0,0.0,0.0013583493529937107,0.01225571675713
0.0,-2.570696850454139e-08,0.0,0.0,0.0,0.0,0.0,0.0,0.28413313262994777,-0.28413313262994777,0.0,0.0,0.0,0.003160810977126765,-0.14416041397279697,0.0007558050099794474,0.0,0.28164944775585127,0.0,-6.066846644342922e-06,0.0,0.0,0.0,-8.740372298120743e-07,0.0,0.0,-0.0016731858628181197,0.0,0.0,0.0,0.0,-4.8595786653738824e-05,0.0,0.0,-4.568455066209231e-06,0.0,0.0,0.0,0.0,0.0,0.0,2.733251517983151e-05,0.0002466078137893603
0.0,-1.6176672159879717e-07,0.0,0.0,0.0,0.0,0.0,0.0,0.28366063253299106,-0.28366063253299106,0.0,0.0,0.0,0.0017658865766526023,-0.12781999891090995,-0.004306035568739523,0.0,0.2861557100516119,0.0,-3.817695936899918e-05,0.0,0.0,0.009062103893587792,-5.5000704263132296e-06,0.0,0.0,-0.0014667840850054908,0.0,0.0,0.0,0.0,-0.00030579961573847794,0.0,0.0,-2.874800265544836e-05,0.0,0.0,0.0,0.0,0.0,0.0,0.00017199582957086524,0.0015518336030288437
0.0,-2.8220505953776317e-07,0.0,0.0,0.0,0.0,0.0,0.0,0.28117774989006256,-0.28117774989006256,0.0,0.0,0.0,0.0005766356077235171,-0.12991954063656866,0.0,0.0,0.2821918105396343,0.0,-6.660041685470671e-05,0.0,0.0,0.008297049798093054,-9.594975324833166e-06,0.0,0.0,-0.001306838950603295,0.0,0.0,0.0,0.0,-0.00053347312669248,0.0,0.0,-5.015142620676626e-05,0.0,0.0,0.0,0.0,0.0,-0.01168526997705825,0.00030004992896297836,0.0027072026310924055
0.0,-2.0319831755402575e-07,0.0,0.007968159164841244,0.0,0.0,0.0,0.0,0.2857364999994034,-0.2857364999994034,0.0,0.0,0.0,0.0010798559380624999,-0.12356215586681735,-0.001993969466059911,0.0,0.29000892373147624,0.0,-4.7954819362344766e-05,0.0,0.0,0.0,-6.90874517335716e-06,0.0,0.0,-0.001273301721259752,0.0,0.0,0.0,0.0,-0.00038412083036977565,0.0,0.0,-3.611092389640915e-05,0.0,0.0,0.0,0.0,0.0,0.0,0.0002160472985401012,0.0019492882970165082
0.0,-7.457411239495817e-08,0.0,0.002192537317378462,0.0,0.0,0.0,0.0,0.28488610692914157,-0.28488610692914157,0.0,0.0,0.0,0.0025916789747908128,-0.13865074071702466,0.0,0.0,0.2842587232816671,0.0,-1.759949655122803e-05,0.0,0.0,0.0,-2.5355206936153797e-06,0.0,0.0,-0.0015649888449517726,0.0,0.0,0.0,0.0,-0.00014097296829056736,0.0,0.0,-1.3252767688987417e-05,0.0,0.0,0.0,0.0,0.0,0.0,7.92897092746494e-05,0.0007153919692924431
0.0,-2.106061291187523e-07,0.0,0.008205426376199521,0.0,0.0,0.0,0.0,0.2858285450501058,-0.2858285450501058,0.0,0.0,0.0,0.0008797308252270065,-0.12354300055939492,-0.0014812358511488545,0.0,0.29009706294066295,0.0,-4.970306349021408e-05,0.00013305134095512668,0.0,0.0,-7.1606108531964456e-06,0.0,0.0,-0.0012665007582761195,0.0,0.0,0.0,0.0,-0.00039812436525981737,0.0,0.0,-3.7427386172636694e-05,0.0,0.0,0.0,0.0,0.0,0.0,0.0002239235334219563,0.002020351682596882
0.0,-2.2915118327790237e-07,0.0,0.0064372022288022674,0.0,0.0,0.0,0.0,0.28550371438337596,-0.28550371438337596,0.0,0.0,0.0,0.0002246201637108985,-0.12497142736966826,0.0,0.0,0.28912249300934095,0.0,-5.407969777032071e-05,0.00073082798659817,0.0,0.0032233339972078568,-7.79114291150254e-06,0.0,0.0,-0.0013047656822457686,0.0,0.0,0.0,0.0,-0.00043318145475058646,0.0,0.0,-4.0723078024109834e-05,0.0,0.0,0.0,0.0,0.0,0.0,0.0002436412599297015,0.0021982550111043003
0.0,-1.781082599595478e-07,0.0,0.006597639005458825,0.0,0.0,0.0,0.0,0.28568076639554146,-0.28568076639554146,0.0,0.0,0.0,0.0010856204864462243,-0.12867886736914272,0.0,0.0,0.28826571152931235,0.0,-4.2033563742626774e-05,0.0003402791631706242,0.0,0.0,-6.055682921702368e-06,0.0,0.0,-0.0013557697284461313,0.0,0.0,0.0,0.0,-0.00033669123610330766,0.0,0.0,-3.165210174051298e-05,0.0,0.0,0.0,0.0,0.0,0.0,0.00018937070382833007,0.0017085985303436982
0.0,-2.1393464636645184e-07,0.0,0.008390954919106988,0.0,0.0,0.0,0.0,0.28594523440122227,-0.28594523440122227,0.0,0.0,0.0,0.0005920651990140967,-0.12317791568988266,-0.0013817844244125767,0.0,0.29044875243523466,0.0,-5.048859382963455e-05,0.00017983107979902013,0.0,0.0,-7.2737804785471395e-06,0.0,0.0,-0.0011580709415342282,0.0,0.0,0.0,0.0,-0.00040441650795310785,0.0,0.0,-3.801890599655259e-05,0.0,0.0,0.0,0.0,0.0,0.0,0.00022746252512309784,0.0020522822605438832
0.0,-2.1344605753643305e-07,0.0,0.008271124347782382,0.0,0.0,0.0,0.0,0.28590714034451054,-0.28590714034451054,0.0,0.0,0.0,0.0006893253804161942,-0.12386046727608482,-0.0010067762270180392,0.0,0.2900983717905271,0.00024721670989351694,-5.037328682626931e-05,0.0,0.0,0.0,-7.2571684526121745e-06,0.0,0.0,-0.001238630455597589,0.0,0.0,0.0,0.0,-0.0004034928922984343,0.0,0.0,-3.793207755097378e-05,0.0,0.0,0.0,0.0,0.0,0.0,0.0002269430410147003,0.002047595211458669
0.0,-2.2346634761792857e-07,0.0,0.008254014932841076,0.0,0.0009729596706121241,0.0,0.0,0.2861941824410926,-0.2861941824410926,0.0,0.0,0.0,0.000235206134722468,-0.12395899651435385,0.0,0.0,0.2893659729336603,0.0006642222362748605,-5.2738076095199426e-05,0.0,0.0,0.0,-7.597858432576034e-06,0.0,0.0,-0.001256238352736348,0.0,0.0,0.0,0.0,-0.0004224349888324114,0.0,0.0,-3.971281046701588e-05,0.0,0.0,0.0,0.0,0.0,0.0,0.00023759695109011074,0.0021437201913487047
0.0,-2.2216937655731673e-07,0.0,0.007860640817192116,0.0,0.0,0.0,0.0,0.28591502211325115,-0.28591502211325115,0.0,0.0,0.0,0.00026838791070799435,-0.12465597603630263,0.0,0.0,0.2898284353588681,0.0005567265225566578,-5.243199082009229e-05,0.0,0.0,0.0008982189663051239,-7.553761401346414e-06,0.0,0.0,-0.0012144004172916336,0.0,0.0,0.0,0.0,-0.00041998322837117957,0.0,0.0,-3.948232222366147e-05,0.0,0.0,0.0,0.0,0.0,0.0,0.00023621796775352195,0.0021312783043269407
0.0,-2.00715307346804e-07,0.0,0.007588456794641091,0.0,0.0,0.0,0.0,0.2858956377468582,-0.2858956377468582,0.0,0.0,0.0,0.0006482113428990025,-0.12641359492481605,0.0,0.0,0.2892688509898561,0.0004218173852157056,-4.73688287527989e-05,0.0,0.0,0.0,-6.824322797271398e-06,0.0,0.0,-0.001259426553343743,0.0,0.0,0.0,0.0,-0.00037942701226096644,0.0,0.0,-3.566966142088126e-05,0.0,0.0,0.0,0.0,0.0,0.0,0.0002134072784160412,0.0019254686965563665
0.0,-2.360274835106825e-07,0.0,0.007779309654092818,0.0,0.0,0.0,0.0,0.28499027170000624,-0.28499027170000624,0.0,0.0,0.0,0.0007622522371110418,-0.1242524813554808,-0.0008399167615119311,0.0,0.2888047998606929,0.0,-5.5702505180901495e-05,0.0,0.0,0.0,-8.024937199839319e-06,0.0,0.0,-0.0012329853430555356,0.0,0.0,0.0,0.0,-0.0004461802344013339,0.0,0.0,-4.1945083980575314e-05,0.0,0.0,0.0,0.0,0.0,-0.003280450635149212,0.0002509523740527199,0.002264219590594317
0.0,-2.67395177040419e-07,0.0,0.007227267371280603,0.0,0.0006343602809953652,0.0,0.0,0.2841690681605486,-0.2841690681605486,0.0,0.0,0.0,0.0005463742594395499,-0.12474785002813148,0.0,0.0,0.28690464060890325,0.0,-6.310528338860966e-05,0.0,0.0,0.0,-9.091439146713437e-06,0.0,0.0,-0.0012382571493659664,0.0,0.0,0.0,0.0,-0.0005054769088544749,0.0,0.0,-4.751952183760648e-05,0.0,0.0,0.0,0.0,0.0,-0.006888218939540668,0.0002843035628327725,0.0025651309300086253
0.0,-2.615872572303678e-07,0.0,0.007070288513984863,0.0,0.0,0.0,0.0,0.284202630843842,-0.284202630843842,0.0,0.0,0.0,0.000534506813211747,-0.12514119040820773,0.0,0.0,0.2874993674173228,0.0,-6.17346138441242e-05,0.0,0.0,0.000620581746604875,-8.89396980524476e-06,0.0,0.0,-0.0012113617569084838,0.0,0.0,0.0,0.0,-0.0004944977678506879,0.0,0.0,-4.648738066251312e-05,0.0,0.0,0.0,0.0,0.0,-0.006118022590018401,0.0002781283867771662,0.0025094153598601023
0.0,-2.3843062606213087e-07,0.0,0.007010047165944883,0.0,0.0,0.0,0.0,0.28449806093391095,-0.28449806093391095,0.0,0.0,0.0,0.0007700132010407165,-0.12636604159404172,0.0,0.0,0.28750295870110115,0.0,-5.6269647017231086e-05,0.0,0.0,0.0,-8.106644074694689e-06,0.0,0.0,-0.0012455391333986625,0.0,0.0,0.0,0.0,-0.0004507230727647169,0.0,0.0,-4.23721529584693e-05,0.0,0.0,0.0,0.0,0.0,-0.005010787895070484,0.0002535074761938051,0.002287273017945433
0.0,-2.1280261679166268e-07,0.0,0.008265150092327759,0.0,0.0,0.0,0.0,0.2858415555137137,-0.2858415555137137,0.0,0.0,0.0,0.0008010034458744413,-0.12357240253080326,-0.0013260501047783996,0.0,0.2900770303739054,0.0,-5.022143475850979e-05,0.0,0.0,0.0,-7.235291459764576e-06,0.0,0.0,-0.0012822949188677308,0.0,0.0,0.0,0.0,-0.00040227654859957855,0.0,0.0,-3.781772995181085e-05,0.0,0.0,0.0,0.00022751212275146538,0.0,0.0,0.00022625891313238501,0.0020414226627451645
0.0,-2.381070758047586e-07,0.0,0.008188154864417688,0.0,0.002755501069177195,0.0,0.0,0.2863411729297514,-0.2863411729297514,0.0,0.0,0.0,4.840465864327682e-05,-0.12247531415530098,0.0,0.0,0.2879008657823322,0.0,-5.619328913034649e-05,0.0,0.0,0.0,-8.095643362159924e-06,0.0,0.0,-0.0015407540196965945,0.0,0.0,0.0,0.0,-0.00045011144174816,0.0,0.0,-4.231465396506584e-05,0.0,0.0,0.0,0.0013143737995498677,0.0,0.0,0.00025316346665726615,0.0022841691894404316
0.0,-2.3009820201525805e-07,0.0,0.0073521480887675655,0.0,0.0,0.0,0.0,0.2856794091539408,-0.2856794091539408,0.0,0.0,0.0,0.00018692486239143977,-0.1245223099996224,0.0,0.0,0.289429013979238,0.0,-5.430319426886122e-05,0.0,0.0,0.001962076527161296,-7.823341559648557e-06,0.0,0.0,-0.0013487815141077688,0.0,0.0,0.0,0.0,-0.00043497167441454643,0.0,0.0,-4.0891375291354835e-05,0.0,0.0,0.0,0.0008497190812150882,0.0,0.0,0.00024464816216361466,0.0022073397937147268
0.0,-1.9042378667522023e-07,0.0,0.00709931734030746,0.0,0.0,0.0,0.0,0.28574341441007833,-0.28574341441007833,0.0,0.0,0.0,0.0008650929549783873,-0.12756043989382745,0.0,0.0,0.2886435270066489,0.0,-4.4940029042690975e-05,0.0,0.0,0.0,-6.474410974072343e-06,0.0,0.0,-0.0013699331399518394,0.0,0.0,0.0,0.0,-0.00035997218845276534,0.0,0.0,-3.384072738135078e-05,0.0,0.0,0.0,0.0005002362851642624,0.0,0.0,0.00020246498683740099,0.0018267417924899096
0.0,-2.0798187575429969e-07,0.0,0.008037486099939553,0.0,0.0,0.0,0.0,0.2859022032996701,-0.2859022032996701,0.0,0.0,0.0,0.0008030722285508038,-0.12405114357283749,-0.001134295298514674,0.0,0.2899204432241904,0.0,-4.908373948414847e-05,0.0,0.0,0.0,-7.071386208112916e-06,0.0,0.0,-0.0012835679158413838,0.0,0.0,0.0,0.0,-0.00039316354474915445,0.0002627869148847881,0.0,-3.69610229927179e-05,0.0,0.0,0.0,0.0,0.0,0.0,0.00022113333881355844,0.0019951771317772197
0.0,-2.0913282418691007e-07,0.0,0.007448313336718855,0.0,0.0013940328866422832,0.0,0.0,0.2863015383250337,-0.2863015383250337,0.0,0.0,0.0,0.00042732555315443295,-0.12465314188162771,0.0,0.0,0.2884410608034284,0.0,-4.935536340724779e-05,0.0,0.0,0.0,-7.110518468282668e-06,0.0,0.0,-0.0014174012995114929,0.0,0.0,0.0,0.0,-0.0003953392678209242,0.0008978924603828033,0.0,-3.7165561158973314e-05,0.0,0.0,0.0,0.0,0.0,0.0,0.00022235706597142885,0.002006218218815553
0.0,-2.1050224375594636e-07,0.0,0.007096182346868307,0.0,0.0,0.0,0.0,0.2859044805243918,-0.2859044805243918,0.0,0.0,0.0,0.0004301237173216989,-0.12543597268752904,0.0,0.0,0.28926072232091365,0.0,-4.967854653619734e-05,0.0,0.0,0.001202709542465624,-7.157078749646045e-06,0.0,0.0,-0.001326456768900786,0.0,0.0,0.0,0.0,-0.0003979279830638198,0.000703320346380789,0.0,-3.740892442317246e-05,0.0,0.0,0.0,0.0,0.0,0.0,0.0002238130790035229,0.0020193551068162035
0.0,-1.8745435675823798e-07,0.0,0.0069886120252387355,0.0,0.0,0.0,0.0,0.2858836560979503,-0.2858836560979503,0.0,0.0,0.0,0.000851602870854261,-0.12737688583356585,0.0,0.0,0.28873854492674883,0.0,-4.4239243342336124e-05,0.0,0.0,0.0,-6.3734503221657695e-06,0.0,0.0,-0.0013485706803502116,0.0,0.0,0.0,0.0,-0.0003543588551379715,0.0004924357019668475,0.0,-3.331302194048581e-05,0.0,0.0,0.0,0.0,0.0,0.0,0.0001993077888866965,0.001798255951388173
0.0,-2.092558035037e-07,0.0,0.008143373600283749,0.0,0.0,0.0,0.0,0.28590335432990166,-0.28590335432990166,0.0,0.0,0.0,0.0006757929287584204,-0.12407759432265661,-0.001160128535304027,0.0,0.2899084357894288,0.0,-4.938438653594765e-05,0.0,0.0002077401336313032,0.0,-7.114699766491839e-06,0.0,0.0,-0.0013008727418840787,0.0,0.0,0.0,0.0,-0.000395571744732408,0.0,0.0,-3.7187416146765e-05,0.0,0.0,0.0,0.0,0.0,0.0,0.0002224878217251605,0.002007397963539227
0.0,-2.1420683682203102e-07,0.0,0.007331174227678271,0.0,0.0,0.0,0.0,0.2859078277303986,-0.2859078277303986,0.0,0.0,0.0,5.231756599572951e-05,-0.12559733684580565,0.0,0.0,0.2891855012302661,0.0,-5.055283079914578e-05,0.0,0.0005780637378410753,0.001278929511781757,-7.283034957220253e-06,0.0,0.0,-0.0013773276998786423,0.0,0.0,0.0,0.0,-0.00040493104973216563,0.0,0.0,-3.806727770033963e-05,0.0,0.0,0.0,0.0,0.0,0.0,0.00022775192718766288,0.002054893392742254
0.0,-1.8899619111168647e-07,0.0,0.007145391398199207,0.0,0.0,0.0,0.0,0.2858850491894767,-0.2858850491894767,0.0,0.0,0.0,0.0006103643835775116,-0.12757227480920605,0.0,0.0,0.28866412260922264,0.0,-4.460311637433906e-05,0.0,0.0003971888352925305,0.0,-6.425872708215651e-06,0.0,0.0,-0.0013844871366087224,0.0,0.0,0.0,0.0,-0.00035727349881843314,0.0,0.0,-3.358702550345057e-05,0.0,0.0,0.0,0.0,0.0,0.0,0.00020094711912755985,0.0018130468202166813
0.0007348377235187777,-2.1148545484875642e-07,0.0,0.008072677216529272,0.0,0.0,0.0,0.0,0.2854854616132103,-0.2854854616132103,0.0,0.0,0.0,0.0010504124635092235,-0.12327387877113477,-0.0018548391900721788,0.0,0.29000561348380466,0.0,-4.991058443354964e-05,0.0,0.0,0.0,-7.1905079383008015e-06,0.0,0.0,-0.0012884895277540827,0.0,0.0,0.0,0.0,-0.00039978661981802694,0.0,0.0,-3.7583653532025096e-05,0.0,0.0,0.0,0.0,0.0,0.0,0.00022485846216935442,0.0020287870839102162
0.0030953100450654414,-1.4728556214231346e-07,0.0,0.004330310893917114,0.0,0.0,0.0,0.0,0.2840786138436201,-0.2840786138436201,0.0,0.0,0.0,0.002023314668465668,-0.13300174827315575,0.0,0.0,0.28593482696577777,0.0,-3.4759404567107913e-05,0.0,0.0,0.0,-5.0077108354273586e-06,0.0,0.0,-0.0015432334154603462,0.0,0.0,0.0,0.0,-0.0002784248074128002,0.0,0.0,-2.617451654906948e-05,0.0,0.0,0.0,0.0,0.0,0.0,0.00015659897285491374,0.0014129153531361079
0.0009946606545050243,-2.1514369395381636e-07,0.0,0.00821231700167267,0.0,0.0,0.0,0.0,0.2854815034531783,-0.2854815034531783,0.0,0.0,0.0,0.0008214704838922898,-0.12281157491257425,-0.0018869238800740156,0.0,0.29032695596927915,0.0,-5.077392915795058e-05,0.0,0.0,0.0,-7.314888110658035e-06,0.0,0.0,-0.0011872216814131475,0.0,0.0,0.0,0.0,-0.000406702060160456,0.0,0.0,-3.823376912110996e-05,0.0,0.0,0.0,0.0,0.0,0.0,0.00022874802526011095,0.0020638806947285517
0.0,-4.6081887586043676e-08,0.0,0.0,0.0,0.0,0.0,0.0,0.2844283294584618,-0.2844283294584618,0.0,0.0,0.0,0.0029563304246309546,-0.1419030307217727,0.0,0.0,0.28268580411379995,0.0,-1.0875329193988304e-05,0.0,0.0,0.0013548435903941237,-1.566784716879458e-06,0.0,0.0,-0.0016444817803636525,0.0,0.0,0.0,0.0,-8.711200534350616e-05,0.0,0.0,-8.189337173916658e-06,0.0,0.0,0.0,0.0,0.0,0.0,4.8995815735267225e-05,0.0004420650980637295
0.0,-3.397999858410262e-07,0.0,0.0,0.0,0.07732671912798725,0.0,0.0,0.2926164199030351,-0.2926164199030351,0.0,0.0,0.0,0.0031168886626339043,0.0,-0.06733633338319502,0.0,0.2597865634809343,0.0,-8.019282411627864e-05,0.0,0.0,0.0,-1.1553203492749643e-05,0.0,0.0,-0.002784834360639752,0.0,0.0,0.0,0.0,-0.0006423490818824797,0.0,0.0,-6.038677670371836e-05,0.0,0.0,0.0,0.0,0.0,0.0,0.0003612867954253586,0.0032597126969330305
0.0,-4.795916201185064e-07,0.0,0.0,0.0,0.01601889760308924,0.0,0.0,0.24065634489873386,-0.24065634489873386,0.09867893720541165,0.0,0.0,0.0016194692081494622,0.0,-0.10059746551891734,0.0,0.2929994236997857,0.0,-0.00011318366110173336,0.0,0.0,0.0,-1.6306120693126906e-05,0.0,0.0,-0.0025406539847932313,0.0,0.0,0.0,0.0,-0.0009066075623845977,0.0,0.0,-8.522952701540142e-05,0.0,0.0,0.0,0.0,0.0,0.0,0.0005099179716462222,0.00460073854792441
0.0,-9.358287767939377e-08,0.0,0.0,0.0,0.014678925956264745,0.0,0.0,0.2857245164915477,-0.2857245164915477,0.0,0.0,0.0,0.004167058570212916,-0.11745705510292893,-0.011927516050196497,0.0,0.2766829845145014,0.0,-2.208556669437258e-05,0.0,0.0,0.0,-3.181818935604548e-06,0.0,0.0,-0.002421284178819249,0.0,0.0,0.0,0.0,-0.00017690664526808577,0.0,0.0,-1.6630866901686133e-05,0.0,0.0,0.0,0.0,0.0,0.0,9.95004690767982e-05,0.000897743694226545
0.07979232201245938,-9.99687406263805e-07,0.0,0.0,0.0,0.07690030295018614,0.0,0.0,0.2629934344863848,-0.2629934344863848,0.0,0.0,0.0,0.00467450627440606,0.0,-0.047508710163426233,0.0,0.24620072005926788,0.0,-0.00023592630865875967,0.0,0.0,0.0,-3.398938350488409e-05,0.0,0.0,-0.005945277617978267,0.0,0.0,0.0,0.0,-0.001889783149912957,0.0,0.0,-0.00017765715918485823,0.0,0.0,0.0,0.0,0.0,0.0,0.001062901337509508,0.009590034923329096
0.0987799672320288,-1.2375763324394931e-06,0.0,0.0,0.0,0.04133643648831132,0.0,0.0,0.2258888897830467,-0.2258888897830467,0.057079037679625924,0.0,0.0,0.004179007053177998,0.0,-0.06202976061620059,0.0,0.2621791630927322,0.0,-0.00029206811445901777,0.0,0.0,0.0,-4.2077609777104235e-05,0.0,0.0,-0.006556105462646012,0.0,0.0,0.0,0.0,-0.002339482207259159,0.0,0.0,-0.0002199330451879241,0.0,0.0,0.0,0.0,0.0,0.0,0.001315832860130005,0.011872111396038089
0.02917388496422489,-3.655084180401542e-07,0.0,0.0,0.0,0.022323097204940554,0.0,0.0,0.27575176940995666,-0.27575176940995666,0.0,0.0,0.0,0.004605805606234235,-0.10283284847480878,-0.011576863416401545,0.0,0.26961197166278383,0.0,-8.626001619266227e-05,0.0,0.0,0.0,-1.2427290488194778e-05,0.0,0.0,-0.0036220784893918937,0.0,0.0,0.0,0.0,-0.00069094763546651,0.0,0.0,-6.495549188706074e-05,0.0,0.0,0.0,0.0,0.0,0.0,0.0003886208668545977,0.0035063345519938064
0.0,-3.976941434912549e-07,0.0,0.0,0.0,0.011692519327476338,0.0,0.0,0.2793212262419044,-0.2793212262419044,0.0,0.0,0.0,0.0008126169123111571,-0.12462497989603441,0.0,0.0,0.2690577598950521,0.0,-9.385584999991408e-05,0.0,0.0,0.0,-1.352160552996263e-05,0.0,0.0,-0.0018416473396772723,0.0,0.0,0.0,0.0,-0.000751790696251417,0.0,0.0,-7.067530441457539e-05,0.0,0.0,0.0,0.0,0.0,-0.02815984788140823,0.00042284181473924186,0.003815093299152902
0.014211634635014134,-5.258035110703272e-07,0.0,0.0,0.0,0.01545903508076153,0.0,0.0,0.2745548495066358,-0.2745548495066358,0.0,0.0,0.0,0.0010743855111804788,-0.11739835720803156,0.0,0.0,0.26572242033842297,0.0,-0.00012408967110055007,0.0,0.0,0.0,-1.787732552596325e-05,0.0,0.0,-0.0024348979063528267,0.0,0.0,0.0,0.0,-0.0009939653227196523,0.0,0.0,-9.344196743989792e-05,0.0,0.0,0.0,0.0,0.0,-0.027756567432676887,0.0005590520113407985,0.005044050772650075
0.0,-2.9794078800041462e-08,0.0,0.0,0.0,0.0008759692540493703,0.0,0.0,0.2846325783890926,-0.2846325783890926,0.0,0.0,0.0,0.0032253586920412795,-0.14277210356077963,0.0,0.0,0.2817540163820544,0.0,-7.031405004342996e-06,0.0,0.0,0.0,-1.012999027660164e-06,0.0,0.0,-0.0017202107253489584,0.0,0.0,0.0,0.0,-5.632195397351958e-05,0.0,0.0,-5.294786517244956e-06,0.0,0.0,0.0,0.0,0.0,0.0,3.167806857223818e-05,0.0002858156003671982
0.00947805057006549,-1.1874686124996383e-07,0.0,0.0,0.0,0.0034912507336756506,0.0,0.0,0.2814030482190828,-0.2814030482190828,0.0,0.0,0.0,0.0033768936507525635,-0.13777918614906434,0.0,0.0,0.2794083425565,0.0,-2.8024268850421954e-05,0.0,0.0,0.0,-4.037394671311078e-06,0.0,0.0,-0.00211702237781455,0.0,0.0,0.0,0.0,-0.00022447598728278425,0.0,0.0,-2.110282664321177e-05,0.0,0.0,0.0,0.0,0.0,0.0,0.00012625566437748605,0.0011391426352752873
0.030489715966360995,-3.765749560731673e-07,0.0,0.0,0.0,0.022998976041213988,0.0,0.0,0.2754501332228135,-0.2754501332228135,0.0,0.0,0.0,0.004312725960813344,-0.10140476351014163,-0.011927377366223985,0.0,0.2695569702745623,0.0,-8.887172006269339e-05,0.0,0.0,0.0,-1.2803552910746702e-05,0.0,0.0,-0.0035154794920738254,0.0,0.0,0.0,0.0,-0.0007118675319977865,0.0,0.0,-6.69221563630134e-05,0.0,0.0,0.0,0.0,0.0,0.0,0.00040038718300821485,0.0036124962236843464
0.015469546476848927,-5.490131950621098e-07,0.0,0.0,0.0,0.01614141796997424,0.0,0.0,0.27406225677483986,-0.27406225677483986,0.0,0.0,0.0,0.0004912194434144102,-0.11595927623789068,0.0,0.0,0.2654705430480981,0.0,-0.00012956715839808697,0.0,0.0,0.0,-1.8666455053134358e-05,0.0,0.0,-0.0022270821656343426,0.0,0.0,0.0,0.0,-0.0010378403074875419,0.0,0.0,-9.756662330504372e-05,0.0,0.0,0.0,0.0,0.0,-0.028981780169460743,0.0005837293294739118,0.00526670205208601
0.016899613220274827,-3.096787535224046e-07,0.0,0.0,0.0,0.021365488973362413,0.0,0.0,0.2826448465419906,-0.2826448465419906,0.0,0.0,0.0,0.00027707936040651,-0.11513240379528937,0.0,0.0,0.2696247733621838,0.0,-7.308421085511483e-05,0.0,0.0,0.0,-1.0529081241631505e-05,0.0,0.0,-0.003299666091919789,0.0,0.0,0.0,0.0,-0.000585408685380852,0.004086897017440355,0.0,-5.5033850847752e-05,0.0,0.0,0.0,0.0,0.0,0.0,0.00032926088620784366,0.00297075870185483
0.009266050654495784,-2.748695507223577e-07,0.0,0.0,0.0,0.0,0.0,0.0,0.2806677521426825,-0.2806677521426825,0.0,0.0,0.0,0.0005616468063509942,-0.12672754060455949,0.0,0.0,0.2850502644535495,0.0,-6.486923618151966e-05,0.0,0.0,0.01083652432588476,-9.34556793931642e-06,0.0,0.0,-0.0017320602840846914,0.0,0.0,0.0,0.0,-0.0005196062710448727,0.000918381410925552,0.0,-4.884781304813804e-05,0.0,0.0,0.0,0.0,0.0,0.0,0.0002922505688006381,0.0026368328482189356
0.012005854836589835,-2.882837767801154e-07,0.0,0.0,0.0,0.0,0.0,0.0,0.2791142698906016,-0.2791142698906016,0.0,0.0,0.0,0.0014318567315842279,-0.12402258047676637,-0.0025284010544185296,0.0,0.2852758588935264,0.0,-6.803499461509721e-05,0.0,0.0,0.011004169900819696,-9.801651782167209e-06,0.0,0.0,-0.0017563885311555672,0.0,0.0,0.0,0.0,-0.0005449641761402423,0.0,0.0,-5.123169152770332e-05,0.0,0.0,0.0,0.0,0.0,0.0,0.0003065130259738587,0.0027655159701201228
0.008173474375137052,-2.9095890698819327e-07,0.0,0.0,0.0,0.0,0.0,0.0,0.2807763613181315,-0.2807763613181315,0.0,0.0,0.0,0.0002852057597344924,-0.12598540492371946,0.0,0.0,0.2853712137582609,0.0,-6.866632556036951e-05,0.000927950312694244,0.0,0.012266221020691564,-9.892606240529031e-06,0.0,0.0,-0.0016566931549357707,0.0,0.0,0.0,0.0,-0.0005500211729168072,0.0,0.0,-5.17070961694332e-05,0.0,0.0,0.0,0.0,0.0,0.0,0.0003093573145568317,0.002791178584212462
0.009221949309119975,-3.4119462329134375e-07,0.0,0.0,0.0,0.0,0.0,0.0,0.278472912172937,-0.278472912172937,0.0,0.0,0.0,0.0006971702395267407,-0.12633690174783277,0.0,0.0,0.28277292588610115,0.0,-8.052195866724831e-05,0.0,0.0,0.010031389178233575,-1.1600621182371517e-05,0.0,0.0,-0.00158000860857663,0.0,0.0,0.0,0.0,-0.0006449854683542246,0.0,0.0,-6.0634621505967306e-05,0.0,0.0,0.0,0.0,0.0,-0.00797988569852602,0.00036276962095861546,0.0032730915009172813
0.010613898178485926,-2.999861202154996e-07,0.0,0.0,0.0,0.0,0.0,0.0,0.2799202470979087,-0.2799202470979087,0.0,0.0,0.0,0.00036239309527550474,-0.12586221594299915,0.0,0.0,0.2852043671442631,0.0007517247971380619,-7.079674861146465e-05,0.0,0.0,0.011826726098252515,-1.0199531595835858e-05,0.0,0.0,-0.0016397546557340927,0.0,0.0,0.0,0.0,-0.0005670859827170951,0.0,0.0,-5.331134670542126e-05,0.0,0.0,0.0,0.0,0.0,0.0,0.0003189553518564588,0.002877776944427636
0.00970735522261695,-3.038084864558283e-07,0.0,0.0,0.0,0.0,0.0,0.0,0.2801211765744442,-0.2801211765744442,0.0,0.0,0.0,0.00024680488168413216,-0.12558270488729092,0.0,0.0,0.28507194001720004,0.0,-7.169882735305144e-05,0.0,0.0,0.012297968685940987,-1.032949209271179e-05,0.0,0.0,-0.0017808538561874961,0.0,0.0,0.0,0.0,-0.0005743116847400565,0.0,0.0,-5.39906297726741e-05,0.0,0.0,0.0,0.0011219204049211769,0.0,0.0,0.0003230194204481406,0.002914445032376754
0.009670824771381691,-2.825682106853788e-07,0.0,0.0,0.0,0.0,0.0,0.0,0.2804434086072349,-0.2804434086072349,0.0,0.0,0.0,6.901404843165613e-05,-0.12699682236108248,0.0,0.0,0.28476710970757807,0.0,-6.668612055488871e-05,0.0,0.0007625453906476571,0.011357908288875321,-9.607322468099359e-06,0.0,0.0,-0.0018168842295424282,0.0,0.0,0.0,0.0,-0.0005341596182050624,0.0,0.0,-5.021596278173547e-05,0.0,0.0,0.0,0.0,0.0,0.0,0.00030043604350048306,0.0027106863522699054
0.008663660234740423,-1.7184179994765395e-07,0.0,0.0,0.0,0.0,0.0,0.0,0.28091888671414483,-0.28091888671414483,0.0,0.0,0.0,0.0023606525271885,-0.1349673780438953,0.0,0.0,0.28308457763020234,0.0,-4.055467867345375e-05,0.0,0.0,0.005052283519987135,-5.84262320800815e-06,0.0,0.0,-0.0018005295562903306,0.0,0.0,0.0,0.0,-0.0003248452825923605,0.0,0.0,-3.053847214301779e-05,0.0,0.0,0.0,0.0,0.0,0.0,0.00018270799237837292,0.0016484841686110578
0.012629710915551517,-2.9512428088900616e-07,0.0,0.0,0.0,0.0,0.0,0.0,0.27895766227339575,-0.27895766227339575,0.0,0.0,0.0,0.001126855644127307,-0.1234061786557142,-0.002588395890044905,0.0,0.2856044324534367,0.0,-6.964935413754757e-05,0.0,0.0,0.011265280915328513,-1.0034229001873095e-05,0.0,0.0,-0.0016285764111594436,0.0,0.0,0.0,0.0,-0.0005578952877266183,0.0,0.0,-5.2447336057946805e-05,0.0,0.0,0.0,0.0,0.0,0.0,0.00031378608045171076,0.0028311371561892886
0.011229301688455892,-3.074003926901544e-07,0.0,0.0,0.0,0.0,0.0,0.0,0.27977704520243557,-0.27977704520243557,0.0,0.0,0.0,1.827285069922217e-05,-0.12526564131546497,0.0,0.0,0.2855448412399244,0.0007703039649606678,-7.25465175145991e-05,0.0,0.0,0.012119028187804406,-1.0451616946688268e-05,0.0,0.0,-0.0015037433587241835,0.0,0.0,0.0,0.0,-0.0005811017311437275,0.0,0.0,-5.46289571674681e-05,0.0,0.0,0.0,0.0,0.0,0.0,0.00032683845619546745,0.0029489023097343326
0.00988501239317019,-3.508184448280201e-07,0.0,0.0,0.0,0.0,0.0,0.0,0.27826866016576857,-0.27826866016576857,0.0,0.0,0.0,0.0003138883414057716,-0.12566945443466324,0.0,0.0,0.28309290760707584,0.0,-8.279318132756416e-05,0.0,0.0,0.010314337069630537,-1.19278312271746e-05,0.0,0.0,-0.001423101500800305,0.0,0.0,0.0,0.0,-0.000663178091031899,0.0,0.0,-6.234489692205752e-05,0.0,0.0,0.0,0.0,0.0,-0.00820496836572888,0.0003730019923170947,0.0033654131447174614
0.009798304180607386,-2.8108141161533514e-07,0.0,0.0,0.0,0.0,0.0,0.0,0.28055370398981816,-0.28055370398981816,0.0,0.0,0.0,0.00025149241550050816,-0.12620159918972462,0.0,0.0,0.28535810525285094,0.0,-6.633523585421647e-05,0.0,0.0,0.011081422247458315,-9.55677128232891e-06,0.0,0.0,-0.0016097800339859684,0.0,0.0,0.0,0.0,-0.0005313490117972296,0.0009391361928079885,0.0,-4.995173968818882e-05,0.0,0.0,0.0,0.0,0.0,0.0,0.00029885522862749833,0.0026964234387667923
0.0,-2.903116652157875e-08,0.0,0.0,0.0,0.0,0.0,0.0,0.2841725401801987,-0.2841725401801987,0.0008535390354829498,0.0,0.0,0.0031427696056285357,-0.1433839518311802,0.0,0.0,0.2822212261598153,0.0,-6.851357644978089e-06,0.0,0.0,0.0,-9.870600012697373e-07,0.0,0.0,-0.001676162715248705,0.0,0.0,0.0,0.0,-5.487976438538739e-05,0.0,0.0,-5.159207307934434e-06,0.0,0.0,0.0,0.0,0.0,0.0,3.086691452938485e-05,0.00027849695721129627
0.0,-3.8458523805868405e-07,0.0,0.0,0.0,0.08331503813224984,0.0,0.0,0.2926042763532525,-0.2926042763532525,0.0,0.0,0.0,0.0,0.003264466317786073,-0.06450217299081636,0.0,0.25357104266467423,0.0,-9.076214725855227e-05,0.0,0.001876439475428977,0.0,-1.3075902591939089e-05,0.0,0.0,-0.003264466317786073,0.0,0.0,0.0,0.0,-0.0007270099613486332,0.0,0.0,-6.834568529105616e-05,0.0,0.0,0.0,0.0,0.0,0.0,0.00040890398474332373,0.003689339128281814
0.0,-5.080909743540715e-07,0.0,0.0,0.0,0.01743427344277267,0.0,0.0,0.23835273765124732,-0.23835273765124732,0.1019002194896307,0.0,0.0,0.0,0.0027688745911882244,-0.10065583354601862,0.0,0.2902285301613354,0.0,-0.00011990951100423871,0.0,0.0009350966897722361,0.0,-1.727509907045233e-05,0.0,0.0,-0.0027688745911882244,0.0,0.0,0.0,0.0,-0.0009604820026149259,0.0,0.0,-9.029422452021058e-05,0.0,0.0,0.0,0.0,0.0,0.0,0.0005402194454322645,0.004874133811982855
0.10151955598212947,-1.3333896961933174e-06,0.0,0.0,0.0,0.045752988623273684,0.0,0.0,0.21943393921840335,-0.21943393921840335,0.06437894811847328,0.0,0.0,0.0,0.0072663932962702855,-0.06111329003940677,0.0,0.2540526944958854,0.0,-0.00031468007604719205,0.0,0.00245398630170882,0.0,-4.533526526532622e-05,0.0,0.0,-0.0072663932962702855,0.0,0.0,0.0,0.0,-0.0025206053055636265,0.0,0.0,-0.00023696029781689038,0.0,0.0,0.0,0.0,0.0,0.0,0.001417704857163396,0.012791252218222592
0.0796046371259634,-1.0673873436123977e-06,0.0,0.0,0.0,0.08649890535634716,0.0,0.0,0.26210544194010693,-0.26210544194010693,0.0,0.0,0.0,0.0,0.006648018504424928,-0.043934262929507556,0.0,0.23578854246999714,0.0,-0.00025190349934357245,0.0,0.0027956546133798624,0.0,-3.6291182166525634e-05,0.0,0.0,-0.006648018504424928,0.0,0.0,0.0,0.0,-0.0020177613559500666,0.0,0.0,-0.0001896882985900194,0.0,0.0,0.0,0.0,0.0,0.0,0.0011348821922309489,0.010239482700116301
0.0,-4.846562781532235e-08,0.0,0.0,0.0,0.0,0.0,0.0,0.28105944976272845,-0.28105944976272845,0.0,0.0,0.0,0.0,-0.1497600281010493,0.008222595561749242,0.0,0.2752253347435306,0.0,-1.1437892080718014e-05,0.0,0.0017776770597396794,0.0003130400974982099,-1.6478319125541354e-06,0.0,0.0,-0.0019525969102231011,0.0,0.0,0.0,0.0,-9.161816606018096e-05,0.0,0.0,-8.612958112536903e-06,0.0,0.0,0.0,0.0,0.0,0.0,5.153028867360783e-05,0.0004649323982854695
0.0,-4.3222595660895084e-08,0.0,0.0,0.0,0.0,0.0,0.0,0.2810844256820033,-0.2810844256820033,0.0,0.0,0.0,0.00013958764354987557,-0.15010006056075337,0.008170597550844108,0.0,0.2751835094800459,0.0,-1.0200536068605976e-05,0.0,0.0017249548456742118,0.0,-1.469568757983355e-06,0.0,0.0,-0.0019507456143847861,0.0,0.0,0.0,0.0,-8.170687403248703e-05,0.0,0.0,-7.681204654171725e-06,0.0,0.0,0.0,0.0,0.0,0.0,4.595572020887766e-05,0.0004146358144233073
0.0,-4.513143210911216e-08,0.0,0.0,0.0,0.0,0.0,0.0,0.28096324449535387,-0.28096324449535387,0.00029150448564299375,0.0,0.0,0.0,-0.15009719191611007,0.008239930589424004,0.0,0.275093231032385,0.0,-1.0651021624630186e-05,0.0,0.0018011339050436278,0.0,-1.534469219547667e-06,0.0,0.0,-0.0019640201341606846,0.0,0.0,0.0,0.0,-8.531528895617009e-05,0.0,0.0,-8.020429154364409e-06,0.0,0.0,0.0,0.0,0.0,0.0,4.798525944402676e-05,0.00043294734669492075
0.0,-4.552959454025186e-08,0.0,0.0,0.0,0.0002940762217760536,0.0,0.0,0.28108937300311954,-0.28108937300311954,0.0,0.0,0.0,0.0,-0.14995101126016636,0.008312625619087046,0.0,0.27487349637694564,0.0,-1.0744987990552976e-05,0.0,0.0018170240246548673,0.0,-1.548006746863154e-06,0.0,0.0,-0.0019813472827770666,0.0,0.0,0.0,0.0,-8.606796489124897e-05,0.0,0.0,-8.09118767944655e-06,0.0,0.0,0.0,0.0,0.0,0.0,4.840859915797405e-05,0.00043676693229324103
0.0,-4.540712990431358e-08,0.0,0.0,0.0,0.0,0.0,0.0,0.2810551765524825,-0.2810551765524825,0.0,0.0,0.0,0.0,-0.15000986562725788,0.00827739182117573,0.0,0.2751719990265108,0.0,-1.0716086326575691e-05,0.0,0.0017698023422766575,0.00013682273395293116,-1.5438429478089586e-06,0.0,0.0,-0.0019336836068299414,0.0,0.0,0.0,0.0,-8.583646091910098e-05,0.0,0.0,-8.069424156984346e-06,0.0,0.0,0.0,0.0,0.0,0.0,4.827839063026747e-05,0.00043559212492029405
0.0,-4.312091056559055e-08,0.0,0.0,0.0,0.0,0.0,0.0,0.28106701600144446,-0.28106701600144446,0.0,0.0,0.0,6.496689932348547e-05,-0.15015554442284576,0.008250431944258434,0.0,0.2751552181254301,0.0,-1.0176538377897365e-05,0.0,0.0017456608493904469,0.0,-1.466111463553736e-06,0.0,0.0,-0.0019337742489536633,0.0,0.0,0.0,0.0,-8.151465116511894e-05,0.0,0.0,-7.663133920210236e-06,0.0,0.0,0.0,0.0,0.0,0.0,4.5847605188995695e-05,0.0004136603458827992
0.0,-4.398678921342736e-08,0.0,0.0,0.0,0.0,0.0,0.0,0.2810115670660787,-0.2810115670660787,0.00013254290175738898,0.0,0.0,0.0,-0.150155354221139,0.008283559775383592,0.0,0.27511360171479055,0.0,-1.0380885808754835e-05,0.0,0.0017807141549915123,0.0,-1.4955513477071323e-06,0.0,0.0,-0.0019394691931347713,0.0,0.0,0.0,0.0,-8.315148570789562e-05,0.0,0.0,-7.817011562170766e-06,0.0,0.0,0.0,0.0,0.0,0.0,4.676823654549775e-05,0.0004219667488844678
0.0,-4.416239155920144e-08,0.0,0.0,0.0,0.0001330720343647127,0.0,0.0,0.281068834218446,-0.281068834218446,0.0,0.0,0.0,0.0,-0.15008943840302424,0.008316629079916352,0.0,0.27501425120535583,0.0,-1.0422327976547198e-05,0.0,0.001787823052648315,0.0,-1.5015218295172206e-06,0.0,0.0,-0.0019472118664683152,0.0,0.0,0.0,0.0,-8.348343982880356e-05,0.0,0.0,-7.848218331107683e-06,0.0,0.0,0.0,0.0,0.0,0.0,4.6954942876920533e-05,0.0004236513080957174
0.0,-4.294143524002103e-08,0.0,0.0,0.0,0.0,0.0,0.0,0.28106171231003546,-0.28106171231003546,0.0,0.0,0.0,0.0,-0.15018832354888662,0.00830235447738851,0.0,0.275152954673202,0.0,-1.0134182186560317e-05,0.0,0.0017599606614610945,0.0,-1.4600093003853056e-06,0.0,0.0,-0.0019149428575104216,0.0,0.0,0.0,0.0,-8.117537566363591e-05,0.0,0.0,-7.63123887353397e-06,0.0,0.0,0.0,0.0,0.0,0.0,4.5656780974943865e-05,0.0004119386330460633
0.0,-1.8513057555768116e-07,0.0,0.0,0.0,0.0,0.0,0.0,0.2842108917296918,-0.2842108917296918,0.0,0.0,0.0,0.0,-0.13058504376266186,-0.0007513597698818727,0.0,0.28531485685173325,0.0,-4.36908307912298e-05,0.0,0.0009431017560429118,0.00996675072590668,-6.29444173416889e-06,0.0,0.0,-0.0016112662688364822,0.0,0.0,0.0,0.0,-0.00034996603941439525,0.0,0.0,-3.290005648341256e-05,0.0,0.0,0.0,0.0,0.0,0.0,0.0001968370664081745,0.0017759638401463166
0.0,-2.2627371308646165e-07,0.0,0.0,0.0,0.0,0.0,0.0,0.28308963046093655,-0.28308963046093655,0.0,0.0,0.0,0.0,-0.13067832936573273,0.0,0.0,0.2839797687014102,0.0,-5.340061457262454e-05,0.0,0.0006935248446883821,0.009426723780856312,-7.693308891339899e-06,0.0,0.0,-0.0015101812225285845,0.0,0.0,0.0,0.0,-0.00042774195971634923,0.0,0.0,-4.021171499537967e-05,0.0,0.0,0.0,0.0,0.0,-0.004591704111620119,0.00024058183665802435,0.0021706513427437197
0.0,-1.7392755004570937e-07,0.0,0.0,0.0,0.0,0.0,0.0,0.2843385380946199,-0.2843385380946199,0.0,0.0,0.0,0.0,-0.13237276644310236,0.0,0.0,0.2848623217803669,0.0,-4.1046915865135454e-05,0.0,0.0010143746961153322,0.00917110499107318,-5.913538735736072e-06,0.0,0.0,-0.001642105779366151,0.0,0.0,0.0,0.0,-0.00032878813049215115,0.0,0.0,-3.0909136447547676e-05,0.0,0.0,0.0,0.0,0.0,0.0,0.00018492563216761387,0.0016684928394779287
0.0,-3.8060928227556307e-07,0.0,0.0,0.0,0.08215548260136328,0.0,0.0,0.29435076785652614,-0.29435076785652614,0.0,0.0,0.0,0.0,0.0,-0.06333829704402102,0.0,0.2556713679236861,0.0,-8.982382137245559e-05,0.0,0.0019067436329911784,0.0,-1.2940720048811904e-05,0.0,0.0,-0.0032804206438808614,0.0,0.0,0.0,0.0,-0.0007194939176367068,0.0,0.0,-6.763910740976245e-05,0.0,0.0,0.0,0.0,0.0,0.0,0.0004046766145741303,0.0036511976506810842
0.0,-5.026291413704314e-07,0.0,0.0,0.0,0.017556947900573817,0.0,0.0,0.24075192049395466,-0.24075192049395466,0.10018464536432192,0.0,0.0,0.0,0.0,-0.0990569988552359,0.0,0.29139820587324644,0.0,-0.00011862051797875211,0.0,0.000976725987567075,0.0,-1.7089396685129316e-05,0.0,0.0,-0.0027907912998362933,0.0,0.0,0.0,0.0,-0.0009501570951734112,0.0,0.0,-8.93235873733027e-05,0.0,0.0,0.0,0.0,0.0,0.0,0.0005344122405528299,0.004821738264404379
0.0,-1.387903875097239e-07,0.0,0.0,0.0,0.018679912695329176,0.0,0.0,0.28778947827373974,-0.28778947827373974,0.0,0.0,0.0,0.0,-0.12218207956143946,-0.0042992688212317495,0.0,0.27180518754386607,0.0,-3.2754542667357724e-05,0.0,0.00257502444213554,0.0,-4.718874798563399e-06,0.0,0.0,-0.0030759401410767563,0.0,0.0,0.0,0.0,-0.0002623657495756754,0.0,0.0,-2.466481603413985e-05,0.0,0.0,0.0,0.0,0.0,0.0,0.0001475666169176684,0.0013314208570607872
0.0,-3.376893664208084e-07,0.0,0.0,0.0,0.0140683791217275,0.0,0.0,0.28179726788005827,-0.28179726788005827,0.0,0.0,0.0,0.0,-0.12468156357498388,0.0,0.0,0.26905732507712504,0.0,-7.969471776255703e-05,0.0,0.0010350118102778491,0.0,-1.1481442407777337e-05,0.0,0.0,-0.002253784291865196,0.0,0.0,0.0,0.0,-0.0006383592216609595,0.0,0.0,-6.0011692804524624e-05,0.0,0.0,0.0,0.0,0.0,-0.020921007432344957,0.0003590427137347555,0.003239465453821913
0.0,-2.1322290198609973e-07,0.0,0.007739210024514829,0.0,0.0014939102514937314,0.0,0.0,0.28633377021750206,-0.28633377021750206,0.0,0.0,0.0,0.0,-0.12477948359542443,0.0,0.0,0.28829729457593856,0.0,-5.0320622098358395e-05,0.0,0.0006535243443298742,0.0,-7.249581161290911e-06,0.0,0.0,-0.0014814287798991443,0.0,0.0,0.0,0.0,-0.00040307104483272945,0.0001167008551578434,0.0,-3.789241997313481e-05,0.0,0.0,0.0,0.0,0.0,0.0,0.00022670577451375636,0.0020454544727561285
0.0,-2.134387755455598e-07,0.0,0.0078137991618454,0.0,0.0013786037263620703,0.0,0.0,0.28630102054398365,-0.28630102054398365,0.0,0.0,0.0,0.0,-0.12473614856138708,-0.0001001305772289225,0.0,0.28841672870196294,0.0,-5.0371568275834805e-05,0.0,0.000704251281505959,0.0,-7.256920864837318e-06,0.0,0.0,-0.0014745844101318219,0.0,0.0,0.0,0.0,-0.0004034791266117168,0.0,0.0,-3.793078344863375e-05,0.0,0.0,0.0,0.0,0.0,0.0,0.00022693529855661752,0.0020475253550752155
0.0,-2.194372344532714e-07,0.0,0.007724563372238525,0.0,0.0014173478476280572,0.0,0.0,0.28611162080144087,-0.28611162080144087,0.0,0.0,0.0,0.0,-0.12479307370796021,0.0,0.0,0.2881323716259701,0.0,-5.1787205062764774e-05,0.0,0.0006725711611268849,0.0,-7.460868537854912e-06,0.0,0.0,-0.0014645536437911605,0.0,0.0,0.0,0.0,-0.0004148184577848528,0.0,0.0,-3.899678584333625e-05,0.0,0.0,0.0,0.0,0.0,-0.0007206124485400277,0.00023331306220158635,0.002105068773198389
0.0,-2.1589016682184553e-07,0.0,0.007883286243832742,0.0,0.001394437293339864,0.0,0.0,0.2863077593225366,-0.2863077593225366,0.0,0.0,0.0,0.0,-0.12461917749579371,0.0,0.0,0.2885085352133511,0.00014179283850055454,-5.095009681512477e-05,0.0,0.000590803043637211,0.0,-7.3402681969014515e-06,0.0,0.0,-0.0014408800369061598,0.0,0.0,0.0,0.0,-0.0004081131731133948,0.0,0.0,-3.836642683822401e-05,0.0,0.0,0.0,0.0,0.0,0.0,0.00022954170036782094,0.002071041634067051
0.0,-2.2763921713545723e-07,0.0,0.00801328709391867,0.0,0.0022178715900196566,0.0,0.0,0.28634005700142484,-0.28634005700142484,0.0,0.0,0.0,0.0,-0.12347713204263724,0.0,0.0,0.2880625646234406,0.0,-5.372287363852809e-05,0.0,0.00032393657321674006,0.0,-7.739736044976098e-06,0.0,0.0,-0.0015192947803782844,0.0,0.0,0.0,0.0,-0.00043032327316169317,0.0,0.0,-4.045438242189715e-05,0.0,0.0,0.0,0.0007475470334486408,0.0,0.0,0.00024203368657726705,0.00218375066902888
0.0,-2.1403886693383407e-07,0.0,0.007534531666295714,0.0,0.0006795950365718405,0.0,0.0,0.28610184597523974,-0.28610184597523974,0.0,0.0,0.0,0.0,-0.12523746722397758,0.0,0.0,0.28877576906893754,0.0,-5.0513189891958375e-05,0.0,0.0006560252621604504,0.000702884687588278,-7.277323979057054e-06,0.0,0.0,-0.0014285242122281255,0.0,0.0,0.0,0.0,-0.0004046135238111443,0.0,0.0,-3.803742731613084e-05,0.0,0.0,0.0,0.0,0.0,0.0,0.00022757333594233242,0.00205328205195334
0.0,-2.1148212907001768e-07,0.0,0.007722325585536732,0.0,0.001365965722253113,0.0,0.0,0.2862956417994998,-0.2862956417994998,0.0,0.0,0.0,0.0,-0.12506100848291113,0.0,0.0,0.2883125846090432,0.0,-4.9909799549498555e-05,0.0,0.0007176377654581776,0.0,-7.190394861784788e-06,0.0,0.0,-0.0014809090582144028,0.0,0.0,0.0,0.0,-0.00039978033285214,0.0,0.0,-3.758306249886903e-05,0.0,0.0,0.0,0.0,0.0,0.0,0.0002248549260893283,0.002028755179602878
0.0,-1.0760857376700766e-07,0.0,0.0,0.0,0.012483111277854024,0.0,0.0,0.2871327704333674,-0.2871327704333674,0.0,0.0,0.0,0.0,-0.13239858432605847,0.0,0.0,0.27440630876393424,0.0,-2.5395632104406506e-05,0.0,0.0023298337301645346,0.0,-3.6586927666219403e-06,0.0,0.0,-0.0027182095024909257,0.0,0.0,0.0,0.0,-0.0002034204574518699,0.0,0.0,-1.912341137799228e-05,0.0,0.0,0.0,0.0,0.0,0.0,0.00011441306179089772,0.0010322926686973934
0.09802005902835187,-1.2909129510744236e-06,0.0,0.0,0.0,0.04509187701372492,0.0,0.0,0.2262479637086514,-0.2262479637086514,0.061266204945143524,0.0,0.0,0.0,0.0,-0.05837004679791787,0.0,0.25830382017871023,0.0,-0.0003046555607667674,0.0,0.0025085458108606747,0.0,-4.389105543449406e-05,0.0,0.0,-0.007167647746968523,0.0,0.0,0.0,0.0,-0.0024403083680550933,0.0,0.0,-0.00022941164028458715,0.0,0.0,0.0,0.0,0.0,0.0,0.0013725421503842246,0.012383771373143263
0.017068959086662103,-3.1351115327547137e-07,0.0,0.0,0.0,0.022110348547549417,0.0,0.0,0.28256110356181147,-0.28256110356181147,0.0,0.0,0.0,0.0,-0.11566714758847117,0.0,0.0,0.268379202011483,0.0,-7.398865750651857e-05,0.0,0.0009609060235837704,0.0,-1.0659382878057878e-05,0.0,0.0,-0.0036006241386774035,0.0,0.0,0.0,0.0,-0.0005926533544961145,0.0030164169925207263,0.0,-5.571491699775502e-05,0.0,0.0,0.0,0.0,0.0,0.0,0.00033333562276837493,0.0030075230416292268
0.022659964372101906,-3.536977119806956e-07,0.0,0.0,0.0,0.024944502326819707,0.0,0.0,0.28021231132886537,-0.28021231132886537,0.0,0.0,0.0,0.0,-0.11120956820892779,-0.003403068048736448,0.0,0.2659140760388731,0.0,-8.347268860825695e-05,0.0,0.002785611124717556,0.0,-1.2025726344040238e-05,0.0,0.0,-0.0040621601695734625,0.0,0.0,0.0,0.0,-0.0006686209829950575,0.0,0.0,-6.285657929364041e-05,0.0,0.0,0.0,0.0,0.0,0.0,0.00037606332617851014,0.003393034051387627
0.016271498336342324,-4.622361709362531e-07,0.0,0.0,0.0,0.019257087557809867,0.0,0.0,0.2772532578823562,-0.2772532578823562,0.0,0.0,0.0,0.0,-0.11642836848425542,0.0,0.0,0.2652383941407485,0.0,-0.0001090877736923013,0.0,0.0014167455171225445,0.0,-1.571603521794841e-05,0.0,0.0,-0.0030850264319245337,0.0,0.0,0.0,0.0,-0.0008737992712945147,0.0,0.0,-8.214524308946923e-05,0.0,0.0,0.0,0.0,0.0,-0.017789440994396884,0.0004914650732368694,0.004434247139985285
0.010027852299164398,-2.8486842168230275e-07,0.0,0.0,0.0,0.0009044860320214326,0.0,0.0,0.2804998957642093,-0.2804998957642093,0.0,0.0,0.0,0.0,-0.12656953120755512,0.0,0.0,0.2840586711507237,0.0,-6.722897053603307e-05,0.0,0.0008731165684648153,0.010963334973158502,-9.685529668897053e-06,0.0,0.0,-0.0019012501958262516,0.0,0.0,0.0,0.0,-0.0005385078774268899,0.0,0.0,-5.062473951402076e-05,0.0,0.0,0.0,0.0,0.0,0.0,0.0003028817053442408,0.0027327523537552787
0.016155923599769844,-2.654658171655732e-07,0.0,0.0,0.0,0.017870570640031242,0.0,0.0,0.28182806267118926,-0.28182806267118926,0.0,0.0,0.0,0.0,-0.12305709127748375,0.0,0.0,0.26981952630913,0.0,-6.264995430224266e-05,0.0,0.0025164169198297814,0.0,-9.025840888403716e-06,0.0,0.0,-0.0034745235851143474,0.0,0.0,0.0,0.0,-0.0005018296969772858,0.0,0.0,-4.717665006362726e-05,0.0,0.0,0.0,0.0,0.0,0.0,0.0002822522023988394,0.0025466225158148406
0.02433783114289536,-3.6515748099950204e-07,0.0,0.0,0.0,0.025438139508101483,0.0,0.0,0.2796445900997045,-0.2796445900997045,0.0,0.0,0.0,0.0,-0.10930790996482688,-0.004247305321359409,0.0,0.266088914841302,0.0,-8.617719502271063e-05,0.0,0.002613729555520705,0.0,-1.2415358624708196e-05,0.0,0.0,-0.003931638656434947,0.0,0.0,0.0,0.0,-0.0006902842331850074,0.0,0.0,-6.489312591415325e-05,0.0,0.0,0.0,0.0,0.0,0.0,0.00038824773876720397,0.003502968001155358
0.01640306375778464,-5.165354652997608e-07,0.0,0.0,0.0,0.017959510833274624,0.0,0.0,0.27541178009462236,-0.27541178009462236,0.0,0.0,0.0,0.0,-0.115569773132577,0.0,0.0,0.2652485998929311,0.0,-0.00012190241154978492,0.0,0.0006932408894279322,0.0,-1.7562211861368908e-05,0.0,0.0,-0.0025574962479658443,0.0,0.0,0.0,0.0,-0.000976445249324613,0.0,0.0,-9.17949178997344e-05,0.0,0.0,0.0,0.0,0.0,-0.02403219372018315,0.0005491979127656737,0.004955142097744461
0.017319690047403465,-3.147958617699576e-07,0.0,0.0,0.0,0.021929774042581184,0.0,0.0,0.28257400894759427,-0.28257400894759427,0.0,0.0,0.0,0.0,-0.11498108812524505,0.0,0.0,0.2690571352668166,0.0,-7.429184881502918e-05,0.0,0.00042248669813019105,0.0,-1.0703062981895809e-05,0.0,0.0,-0.003389396749130837,0.0,0.0,0.0,0.0,-0.0005950819341203231,0.0036615274461247733,0.0,-5.594322602723864e-05,0.0,0.0,0.0,0.0,0.0,0.0,0.00033470156813143867,0.0030198472934415675
0.07736314809910329,-1.0401802451813055e-06,0.0,0.0,0.0,0.08408168533972321,0.0,0.0,0.2664699438457765,-0.2664699438457765,0.0,0.0,0.0,0.0,0.0,-0.04217716763694903,0.0,0.24050522931222734,0.0,-0.0002454826219153444,0.0,0.002830600933576753,0.0,-3.536614050166596e-05,0.0,0.0,-0.006584770252423379,0.0,0.0,0.0,0.0,-0.0019663297625830364,0.0,0.0,-0.00018485325136761285,0.0,0.0,0.0,0.0,0.0,0.0,0.001105954688362275,0.009978484089468831
0.008161752088624451,-2.6813428529517106e-07,0.0,0.0,0.0,0.0,0.0,0.0,0.2810494505442429,-0.2810494505442429,0.0,0.0,0.0,0.0,-0.12764794263012894,0.0,0.0,0.284824848134174,0.0,-6.327971299645535e-05,0.0,0.0008218267426137447,0.011170664984354881,-9.1165688360193e-06,0.0,0.0,-0.0017895643167978642,0.0,0.0,0.0,0.0,-0.0005068740999334464,0.0,0.0,-4.765087076932912e-05,0.0,0.0,0.0,0.0,0.0,0.0,0.0002850894076354757,0.0025722212203641713
0.0,-7.82896291787862e-08,0.0,0.0,0.0,0.0,0.0,0.0,0.28155659242758974,-0.28155659242758974,0.00908197292026884,0.0,0.0,0.0,-0.14173523820146686,0.0,0.0,0.2813795450860044,0.0,-1.847635881244661e-05,0.0,0.0016950491247820375,0.0,-2.661848307720622e-06,0.0,0.0,-0.0019776083496937246,0.0,0.0,0.0,0.0,-0.0001479966848716724,0.0,0.0,-1.3913062249649671e-05,0.0,0.0,0.0,0.0,0.0,0.0,8.324017192359836e-05,0.00075103504681034
0.0,-5.043182834941752e-07,0.0,0.0,0.0,0.0017118431437421239,0.0,0.0,0.22767264195865594,-0.22767264195865594,0.12230548438770224,0.0,0.0,0.0,0.0018201616840908396,-0.10918997497053093,0.0,0.301253295481003,0.0,-0.00011901915565644806,0.0,0.0,0.0,-1.7146827537092086e-05,0.0,0.0,-0.0018201616840908396,0.0,0.0,0.0,0.0,-0.0009533502056430024,0.0,0.0,-8.962376939948761e-05,0.0,0.0,0.0,0.0,0.0,0.0,0.0005362081933790048,0.004837942261629583
0.0,-5.006730598152464e-07,0.0,0.0,0.0,0.0013380688006772753,0.0,0.0,0.22891822790431562,-0.22891822790431562,0.12178285875140697,0.0,0.0,0.0,0.0,-0.1084007474225893,0.0,0.30232843994278724,0.0,-0.00011815888257366576,0.0,0.0,0.0,-1.702288988937553e-05,0.0,0.0,-0.001807005515283401,0.0,0.0,0.0,0.0,-0.0009464593693246285,0.0,0.0,-8.897596681706617e-05,0.0,0.0,0.0,0.0,0.0,0.0,0.0005323324687279008,0.004802973508232033
0.0,-4.813506511601536e-07,0.0,0.0,0.0,0.0,0.0,0.0,0.23037504836940526,-0.23037504836940526,0.11836933800773507,0.0,0.0,0.0,-0.006432144449121794,-0.10421725182770013,0.0,0.30223857877046856,0.0,-0.00011359879256970193,0.0,0.0,0.0,-1.636592776911578e-05,0.0,0.0,-0.0017372679923154254,0.0,0.0,0.0,0.0,-0.0009099327890523041,0.0,0.0,-8.554212919066034e-05,0.0,0.0,0.0,0.0,0.0,0.0,0.000511788232725008,0.004617612991890511
0.0,-5.474344652238353e-07,0.0,0.003886090404414038,0.0,0.008853158170412073,0.0,0.0,0.237810667311851,-0.237810667311851,0.10245036295757048,0.0,0.0,0.0,0.0019757745669014446,-0.0990946094562669,0.0,0.2990287904682922,0.0,-0.0001291945780286837,0.0,0.0,0.0,-1.8612778220168876e-05,0.0,0.0,-0.0019757745669014446,0.0,0.0,0.0,0.0,-0.0010348559175393016,0.0,0.0,-9.728606294544445e-05,0.0,0.0,0.0,0.0,0.0,0.0,0.0005820507707102883,0.005251557243630196
0.0,-6.30777212499644e-07,0.0,0.0,0.0,0.014678702595174134,0.0,0.0,0.2346116183538749,-0.2346116183538749,0.10282341214186562,0.0,0.0,0.0,0.0022765712665317986,-0.0989567706096729,0.0,0.28902995112135005,0.0,-0.00014886347312034867,0.0,0.0,0.0,-2.144643260228736e-05,0.0,0.0,-0.0022765712665317986,0.0,0.0,0.0,0.0,-0.00119240488582921,0.0,0.0,-0.0001120971285114485,0.0,0.0,0.0,0.0,0.0,-0.012537610983414722,0.0006706635880731164,0.006051067022360249
0.0957073771416134,-1.5966977336042687e-06,0.0,0.0,0.0,0.0371564645987887,0.0,0.0,0.21104711202099846,-0.21104711202099846,0.06886400321622417,0.0,0.0,0.0,0.005762725903263308,-0.05907630377374354,0.0,0.2530898420083732,0.0,-0.0003768207941529829,0.0,0.0,0.0,-5.4287741616836325e-05,0.0,0.0,-0.005762725903263308,0.0,0.0,0.0,0.0,-0.003018355991646149,0.0,0.0,-0.0002837534829904422,0.0,0.0,0.0,0.0,0.0,-0.03173668078892684,0.0016976628354148989,0.015317175080251641
0.08447607437348809,-1.2873562988055855e-06,0.0,0.009138596996820096,0.0,0.020819238939115817,0.0,0.0,0.2213353557162148,-0.2213353557162148,0.07197188590330747,0.0,0.0,0.0,0.0046462654350424475,-0.06408043828432046,0.0,0.2808208720954701,0.0,-0.0003038161905439236,0.0,0.0,0.0,-4.3770129215756485e-05,0.0,0.0,-0.0046462654350424475,0.0,0.0,0.0,0.0,-0.0024335849648336105,0.0,0.0,-0.00022877957796757582,0.0,0.0,0.0,0.0,0.0,0.0,0.0013687605978409823,0.01234965228826275
0.0,-4.6865708259358266e-07,0.0,0.0,0.0,0.010906034330650528,0.0,0.0,0.2761740388796149,-0.2761740388796149,0.0,0.0,0.0,0.0,-0.12563538194265814,0.0028728509908142,0.0,0.26567522931763354,0.0,-0.00011060310936227772,0.0,0.0,0.0,-1.593434628939384e-05,0.0,0.0,-0.0016914549653135615,0.0,0.0,0.0,0.0,-0.0008859371961909088,0.0,0.0,-8.328632070760328e-05,0.0,0.0,0.0,0.0,0.0,-0.034780605899637225,0.0004982920028809196,0.004495843161549201
0.009592009770511063,-5.705519844060714e-07,0.0,0.0,0.0,0.013277212188745452,0.0,0.0,0.27227275954022256,-0.27227275954022256,0.0,0.0,0.0,0.0,-0.12097752109291424,0.003497463059004743,0.0,0.26268864706674033,0.0,-0.00013465031442372015,0.0,0.0,0.0,-1.9398774142737483e-05,0.0,0.0,-0.002059209223196683,0.0,0.0,0.0,0.0,-0.0010785566763411494,0.0,0.0,-0.00010139433995242092,0.0,0.0,0.0,0.0,0.0,-0.035947893382538454,0.0006066300961121492,0.005473324382947215
0.0,-4.5216950170321045e-07,0.0,0.0,0.0,0.06588858007465326,0.0,0.0,0.29079686414208306,-0.29079686414208306,0.0,0.0,0.0,0.0,0.0,-0.06392064186044678,0.0,0.2697627988573695,0.0,-0.00010671203893985837,0.0,0.0,0.011326199314566032,-1.537376834628952e-05,0.0,0.0,-0.001631948768567969,0.0,0.0,0.0,0.0,-0.0008547695008151104,0.0,0.0,-8.03562680086688e-05,0.0,0.0,0.0,0.0,0.0,0.0,0.0004807618512846632,0.004337677243334005
0.0,-4.535930413286475e-07,0.0,0.0,0.0,0.06659973229402841,0.0,0.0,0.28994934716063653,-0.28994934716063653,0.0,0.0,0.0,0.0,0.001637086540421199,-0.06449966879755326,0.0,0.26859720205207366,0.0,-0.00010704799440649171,0.0,0.0,0.011235927212325946,-1.5422168710203488e-05,0.0,0.0,-0.001637086540421199,0.0,0.0,0.0,0.0,-0.0008574605232092392,0.0,0.0,-8.060924909481392e-05,0.0,0.0,0.0,0.0,0.0,0.0,0.00048227540658444417,0.004351333306856608
0.0,-4.626211067881739e-07,0.0,0.007840752197505912,0.0,0.06671902702611553,0.0,0.0,0.29210153017488,-0.29210153017488,0.0,0.0,0.0,0.0,0.001669670207063306,-0.06095835631873985,0.0,0.2709275385433186,0.0,-0.00010917861858445963,0.0,0.0,0.0,-1.5729123041415762e-05,0.0,0.0,-0.001669670207063306,0.0,0.0,0.0,0.0,-0.0008745269440472164,0.0,0.0,-8.221365108330025e-05,0.0,0.0,0.0,0.0,0.0,0.0,0.0004918743500060857,0.004437939842564142
0.0,-6.30777212499644e-07,0.0,0.0,0.0,0.07894333518384014,0.0,0.0,0.2860233244248077,-0.2860233244248077,0.0,0.0,0.0,0.0,0.0022765712665317986,-0.060397991056473296,0.0,0.2504711715681504,0.0,-0.00014886347312034867,0.0,0.0,0.0,-2.144643260228736e-05,0.0,0.0,-0.0022765712665317986,0.0,0.0,0.0,0.0,-0.00119240488582921,0.0,0.0,-0.0001120971285114485,0.0,0.0,0.0,0.0,0.0,-0.025390537501147926,0.0006706635880731164,0.006051067022360249
0.07116203611515678,-1.3489754649239254e-06,0.0,0.0,0.0,0.07987508555034793,0.0,0.0,0.2558771781289497,-0.2558771781289497,0.0,0.0,0.0,0.0,0.004868658413534424,-0.040214150246026016,0.0,0.23321713498974775,0.0,-0.0003183583187270354,0.0,0.0,0.0,-4.586518158445135e-05,0.0,0.0,-0.004868658413534424,0.0,0.0,0.0,0.0,-0.0025500682386174925,0.0,0.0,-0.00023973008703204163,0.0,0.0,0.0,0.0,0.0,-0.03650950601859763,0.0014342761716823922,0.012940767022047198
0.05687033558278646,-9.777318090907611e-07,0.0,0.010584775274793177,0.0,0.06318551759200638,0.0,0.0,0.27013691718777305,-0.27013691718777305,0.0,0.0,0.0,0.0,0.0035287833784126074,-0.04502421183447097,0.0,0.2642977873963491,0.0,-0.00023074478595178254,0.0,0.0,0.0,-3.324289294421735e-05,0.0,0.0,-0.0035287833784126074,0.0,0.0,0.0,0.0,-0.0018482788583474932,0.0,0.0,-0.00017375537048818158,0.0,0.0,0.0,0.0,0.0,0.0,0.0010395574067419233,0.009379414140939771
0.0,-4.6124299072951667e-07,0.0,0.007905010741491672,0.0,0.06599458209878134,0.0,0.0,0.2929836920339302,-0.2929836920339302,0.0,0.0,0.0,0.0,0.0,-0.06033868762697697,0.0,0.272135623044991,0.0,-0.00010885338308325682,0.0,0.0,0.0,-1.568226707930356e-05,0.0,0.0,-0.0016646963757978228,0.0,0.0,0.0,0.0,-0.0008719217891858501,0.0,0.0,-8.196874234235382e-05,0.0,0.0,0.0,0.0,0.0,0.0,0.0004904090905731751,0.00442471952884596
0.0,-6.30777212499644e-07,0.0,0.0,0.0,0.07808962095889072,0.0,0.0,0.28716161005807356,-0.28716161005807356,0.0,0.0,0.0,0.0,0.0,-0.05954427683152387,0.0,0.2518940286097328,0.0,-0.00014886347312034867,0.0,0.0,0.0,-2.144643260228736e-05,0.0,0.0,-0.0022765712665317986,0.0,0.0,0.0,0.0,-0.00119240488582921,0.0,0.0,-0.0001120971285114485,0.0,0.0,0.0,0.0,0.0,-0.025675108909464398,0.0006706635880731164,0.006051067022360249
0.0,-4.787430369186007e-07,0.0,0.0,0.0,0.01407542027882175,0.0,0.0,0.27820466830988605,-0.27820466830988605,0.0,0.0,0.0,0.0,-0.12051337030594544,0.0,0.0,0.2665016883555464,0.0,-0.0001129833953979852,0.0,0.0,0.0,-1.6277268854405444e-05,0.0,0.0,-0.001727856714388955,0.0,0.0,0.0,0.0,-0.0009050034227081017,0.0,0.0,-8.50787229943818e-05,0.0,0.0,0.0,0.0,0.0,-0.03455089238240405,0.0005090157293927773,0.004592598060736659
0.06944893138201039,-1.3316860660712208e-06,0.0,0.0,0.0,0.07805030837331697,0.0,0.0,0.2590060243875541,-0.2590060243875541,0.0,0.0,0.0,0.0,0.0,-0.0388976949378338,0.0,0.2366364079714766,0.0,-0.00031427801920071413,0.0,0.0,0.0,-4.527734182125001e-05,0.0,0.0,-0.0048062583333417725,0.0,0.0,0.0,0.0,-0.002517384807357638,0.0,0.0,-0.0002366575410892403,0.0,0.0,0.0,0.0,0.0,-0.03684261809402639,0.0014158935002091602,0.012774909237141734
0.014623865735174331,-6.374340451723377e-07,0.0,0.0,0.0,0.018741060222157574,0.0,0.0,0.2729299249773401,-0.2729299249773401,0.0,0.0,0.0,0.0,-0.1117142350460408,0.0,0.0,0.2622223299635081,0.0,-0.00015043448616901484,0.0,0.0,0.0,-2.1672764991014408e-05,0.0,0.0,-0.0023005967920080752,0.0,0.0,0.0,0.0,-0.0012049887896953824,0.0,0.0,-0.00011328013229282019,0.0,0.0,0.0,0.0,0.0,-0.03625438108018448,0.0006777413568906982,0.00611492624216225
0.05553751967655473,-9.627830171754439e-07,0.0,0.010654597329792067,0.0,0.06175614725143446,0.0,0.0,0.2724930757340586,-0.2724930757340586,0.0,0.0,0.0,0.0,0.0,-0.04410416974040943,0.0,0.26697487728648867,0.0,-0.00022721686985181916,0.0,0.0,0.0,-3.273463384426191e-05,0.0,0.0,-0.0034748309060192053,0.0,0.0,0.0,0.0,-0.001820020049747811,0.0,0.0,-0.00017109878014976131,0.0,0.0,0.0,0.0,0.0,0.0,0.0010236633474376001,0.00923600987713569
0.0,-3.111869052055634e-07,0.0,0.0,0.0,0.07652423005365938,0.0,0.0,0.2936663234582962,-0.2936663234582962,0.0,0.0,0.0,0.0,0.0,-0.06737509129181687,0.0,0.26360092662477147,0.0,-7.344013477420765e-05,0.0,0.0,0.0,-1.0580358416497597e-05,0.0,0.0,-0.0011231210526844136,0.0,0.0,0.0,0.0,-0.0005882596562148232,0.0,0.0,-5.530186857206366e-05,0.0,0.0,0.0,0.0,0.0,0.0,0.00033086440389862635,0.0029852264516939766
0.0,-3.129442767331438e-07,0.0,0.0,0.0,0.07695638674411356,0.0,0.0,0.29306582333296505,-0.29306582333296505,0.0,0.0,0.0,0.0,0.0011294636748416986,-0.06775557988283312,0.0,0.2628306376314745,0.0,-7.385487459672238e-05,0.0,0.0,0.0,-1.0640109068988795e-05,0.0,0.0,-0.0011294636748416986,0.0,0.0,0.0,0.0,-0.0005915817457801707,0.0,0.0,-5.561417583057874e-05,0.0,0.0,0.0,0.0,0.0,0.0,0.00033273290052613464,0.0030020849758858013
0.07710933081443487,-1.0466201513542629e-06,0.0,0.0,0.0,0.08407863808451572,0.0,0.0,0.2640581772658341,-0.2640581772658341,0.0,0.0,0.0,0.0,0.005685204933089618,-0.04186042777251921,0.0,0.24004805331515558,0.0,-0.00024700244029254387,0.0,0.0,0.0,-3.558509738686489e-05,0.0,0.0,-0.005685204933089618,0.0,0.0,0.0,0.0,-0.0019785035942192263,0.0038155860192489,0.0,-0.00018599770455261447,0.0,0.0,0.0,0.0,0.0,0.0,0.0011128018136154123,0.010040262326060244
0.0747800707839181,-1.0867020684767612e-06,0.0,0.0,0.0,0.06484886956276034,0.0,0.0,0.26096498939722684,-0.26096498939722684,0.0,0.0,0.0,0.0,0.003922073682039143,-0.046104676593184284,0.0,0.2571644795509323,0.0,-0.00025646177597230327,0.0,0.0,0.013205699043738056,-3.694788303781072e-05,0.0,0.0,-0.003922073682039143,0.0,0.0,0.0,0.0,-0.002054273410983645,0.0,0.0,-0.00019312077070914347,0.0,0.0,0.0,0.0,0.0,0.0,0.0011554182585686121,0.01042476950559483
0.08672718268931505,-1.018604438688228e-06,0.0,0.0,0.0,0.07703149728440782,0.0,0.0,0.2600844650234521,-0.2600844650234521,0.0,0.0,0.0,0.0,0.0036762989390341683,-0.04708372892689569,0.0,0.24839893768783472,0.0,-0.00024039072983952865,0.0,0.0,0.0,-3.463256282855995e-05,0.0,0.0,-0.0036762989390341683,0.0,0.0,0.0,0.0,-0.0019255434174706315,0.0,0.0,-0.0001810189563023103,0.0,0.0,0.0,0.0,0.0,0.0,0.0010830145638437046,0.009771506651850692
0.07345795798364543,-1.0734128493781031e-06,0.0,0.0,0.0,0.09014425091760418,0.0,0.0,0.2651110296677966,-0.2651110296677966,0.0,0.0,0.0,0.0,0.0061160839884833685,-0.04064928733779005,0.0,0.23486094999658455,0.0,-0.00025332551919117453,0.004483946254319791,0.0,0.0,-3.649604943303135e-05,0.0,0.0,-0.0061160839884833685,0.0,0.0,0.0,0.0,-0.002029151815802202,0.0,0.0,-0.00019075910755518178,0.0,0.0,0.0,0.0,0.0,0.0,0.0011412887130067538,0.010297285579658215
0.07539046596418945,-1.2846187722144282e-06,0.0,0.0,0.0,0.07926133498568509,0.0,0.0,0.25645749899209214,-0.25645749899209214,0.0,0.0,0.0,0.0,0.004636385283611329,-0.04149253685681243,0.0,0.23635401725771188,0.0,-0.00030317013404720255,0.0,0.0,0.0,-4.3677053279640196e-05,0.0,0.0,-0.004636385283611329,0.0,0.0,0.0,0.0,-0.002428410015552472,0.0,0.0,-0.0002282930846954482,0.0,0.0,0.0,0.0,0.0,-0.028619800406958072,0.0013658499673209043,0.012323391103568167
0.0835906666798666,-1.1161819954979305e-06,0.0,0.0,0.0,0.08695399469762263,0.0,0.0,0.2612624463512485,-0.2612624463512485,0.0,0.0,0.0,0.0,0.005723963953110362,-0.04057342803081056,0.0,0.23701292415519584,0.0033909854269546435,-0.0002634190411314472,0.0,0.0,0.0,-3.795020090131505e-05,0.0,0.0,-0.005723963953110362,0.0,0.0,0.0,0.0,-0.0021100015005806523,0.0,0.0,-0.0001983597284620791,0.0,0.0,0.0,0.0,0.0,0.0,0.00118676231038336,0.010707571437377496
0.0625089051881122,-9.89960934816913e-07,0.0,0.008822067675784029,0.0,0.06549189842934285,0.0,0.0,0.26820941968453005,-0.26820941968453005,0.0,0.0,0.0,0.0,0.0035729201602925937,-0.04520833919752865,0.0,0.26153921681180314,0.0,-0.0002336308606113382,0.0,0.0,0.0,-3.365868336193312e-05,0.0,0.0,-0.0035729201602925937,0.0,0.0,0.0,0.0,-0.001871396480506825,0.0,0.0,-0.000175928641574933,0.0,0.0,0.0,0.0,0.0,0.0,0.0010525598253074214,0.009496728555486503
0.08333900398343558,-1.0293104008862773e-06,0.0,0.0,0.0,0.07879662368718808,0.0,0.0,0.2589960909009971,-0.2589960909009971,0.0,0.0,0.0,0.0038219715279667974,0.0056259241551690955,-0.04853409165520742,0.0,0.24288802577631055,0.0,-0.0002429173377833717,0.0,0.0,0.0,-3.499656566850597e-05,0.0,0.0,-0.0056259241551690955,0.0,0.0,0.0,0.0,-0.0019457816907935822,0.0,0.0,-0.000182921541869087,0.0,0.0,0.0,0.0,0.0,0.0,0.0010943975036190106,0.00987420930742465
0.0804212840478458,-1.1209004248845036e-06,0.0,0.0,0.0,0.08896552243625518,0.0,0.0,0.2616623305175492,-0.2616623305175492,0.0,0.0,0.0,0.0,0.006628847068946878,-0.04051009417390256,0.0,0.23378755351244895,0.0,-0.0002645325908479547,0.0,0.0,0.0,-3.811062755564326e-05,0.0,0.0,-0.006628847068946878,0.0,0.0,0.0,0.0,-0.002118921097139466,0.0,0.0,-0.00019919825334033665,0.0,0.0,0.0,0.005166692594502439,0.0,0.0,0.001191779103507399,0.010752835489237082
0.08159666661560087,-1.064482565778444e-06,0.0,0.0,0.0,0.08480421166859049,0.0,0.0,0.2614710315519723,-0.2614710315519723,0.0,0.0,0.0,0.0,0.0061369211145917485,-0.04432742639786919,0.0,0.2379274209756918,0.0,-0.00025121797154003655,0.0,0.0022950410102488563,0.0,-3.619241968619817e-05,0.0,0.0,-0.0061369211145917485,0.0,0.0,0.0,0.0,-0.002012270239256537,0.0,0.0,-0.00018917208264610544,0.0,0.0,0.0,0.0,0.0,0.0,0.001131793734553547,0.01021161706862231
0.07506816285847932,-1.0230862910278883e-06,0.0,0.0,0.0,0.08203442121249997,0.0,0.0,0.26785247586462474,-0.26785247586462474,0.0,0.0,0.0,0.0,0.0,-0.040304531828988244,0.0,0.24407491346878035,0.0,-0.00024144844735384799,0.0,0.0,0.0,-3.4784945860526226e-05,0.0,0.0,-0.005634199804519874,0.0,0.0,0.0,0.0,-0.0019340157949146392,0.0038834503522116254,0.0,-0.00018181543843218516,0.0,0.0,0.0,0.0,0.0,0.0,0.0010877798202793628,0.009814501212139476
0.0855254454072755,-1.0031612706936165e-06,0.0,0.0,0.0,0.07563732959359734,0.0,0.0,0.2624772811871755,-0.2624772811871755,0.0,0.0,0.0,0.0,0.0,-0.04614360247156655,0.0,0.2510820619170504,0.0,-0.0002367461409449034,0.0,0.0,0.0,-3.41074949361265e-05,0.0,0.0,-0.003620562187889602,0.0,0.0,0.0,0.0,-0.0018963500531503147,0.0,0.0,-0.0001782745090505529,0.0,0.0,0.0,0.0,0.0,0.0,0.0010665948672325372,0.009623359821684383
0.07335122362619487,-1.0710448512263598e-06,0.0,0.0,0.0,0.06321169633383439,0.0,0.0,0.2635304715136275,-0.2635304715136275,0.0,0.0,0.0,0.0,0.0,-0.04508898488037021,0.0,0.260136134406578,0.0,-0.00025276667143601516,0.0,0.0,0.013366846108586296,-3.641553746817698e-05,0.0,0.0,-0.0038655643944495413,0.0,0.0,0.0,0.0,-0.0020246754135006925,0.0,0.0,-0.00019033828418383813,0.0,0.0,0.0,0.0,0.0,0.0,0.0011387709775757206,0.010274569293715922
0.07118916685230603,-1.0485745403386933e-06,0.0,0.0,0.0,0.08805835194246636,0.0,0.0,0.26921857874204524,-0.26921857874204524,0.0,0.0,0.0,0.0,0.0,-0.038950006068368,0.0,0.2390994670728361,0.0,-0.00024746367625079534,0.004569858263214478,0.0,0.0,-3.5651546635193214e-05,0.0,0.0,-0.006069394743311951,0.0,0.0,0.0,0.0,-0.001982198120476145,0.0,0.0,-0.00018634502431751353,0.0,0.0,0.0,0.0,0.0,0.0,0.0011148797858420794,0.010059010845344394
0.07370645107012425,-1.2689301085314244e-06,0.0,0.0,0.0,0.07753004632951029,0.0,0.0,0.2594318104948302,-0.2594318104948302,0.0,0.0,0.0,0.0,0.0,-0.04022250720165138,0.0,0.2395738465518835,0.0,-0.00029946760815027925,0.0,0.0,0.0,-4.3143638530930194e-05,0.0,0.0,-0.0045797625010452455,0.0,0.0,0.0,0.0,-0.0023987525725487654,0.0,0.0,-0.00022550500973935177,0.0,0.0,0.0,0.0,0.0,-0.02903356912062245,0.0013491692514211973,0.01217288922500327
0.08165141135536236,-1.0937306377912589e-06,0.0,0.0,0.0,0.08494708796795679,0.0,0.0,0.26503300577139144,-0.26503300577139144,0.0,0.0,0.0,0.0,0.0,-0.03898368521896476,0.0,0.24101337151364818,0.003451716323110375,-0.00025812051889847364,0.0,0.0,0.0,-3.718685447670678e-05,0.0,0.0,-0.005673299023367366,0.0,0.0,0.0,0.0,-0.0020675600361579824,0.0,0.0,-0.00019436983681693238,0.0,0.0,0.0,0.0,0.0,0.0,0.001162891270310431,0.010492194807508943
0.061072405782039166,-9.746387859211417e-07,0.0,0.008920031881481754,0.0,0.06400922965941944,0.0,0.0,0.2706244250088894,-0.2706244250088894,0.0,0.0,0.0,0.0,0.0,-0.04427411781248566,0.0,0.2642919684057068,0.0,-0.00023001483223381827,0.0,0.0,0.0,-3.3137730120275624e-05,0.0,0.0,-0.003517620185552852,0.0,0.0,0.0,0.0,-0.0018424318875528102,0.0,0.0,-0.0001732057009553211,0.0,0.0,0.0,0.0,0.0,0.0,0.0010362688002802064,0.009349742665607123
0.08142912004257667,-1.0057216451914951e-06,0.0,0.0,0.0,0.07668114785724964,0.0,0.0,0.2626610500006868,-0.2626610500006868,0.0,0.0,0.0,0.003889228141442163,0.0,-0.04711214371947198,0.0,0.24692213417500153,0.0,-0.00023735038953329578,0.0,0.0,0.0,-3.419454769899941e-05,0.0,0.0,-0.005574417041089702,0.0,0.0,0.0,0.0,-0.0019011901187080487,0.0,0.0,-0.00017872952014391305,0.0,0.0,0.0,0.0,0.0,0.0,0.0010693171436774224,0.00964792158038776
0.07810315942059098,-1.0949241222540014e-06,0.0,0.0,0.0,0.08667659033206614,0.0,0.0,0.26604968121649253,-0.26604968121649253,0.0,0.0,0.0,0.0,0.0,-0.03866248937832554,0.0,0.2383664862388499,0.0,-0.00025840218132812127,0.0,0.0,0.0,-3.7227432962398506e-05,0.0,0.0,-0.0065888273493159245,0.0,0.0,0.0,0.0,-0.0020698161682381126,0.0,0.0,-0.00019458193417642053,0.0,0.0,0.0,0.005274158039714681,0.0,0.0,0.0011641602232089045,0.010503643944115482
0.07947647564848435,-1.0393863095580718e-06,0.0,0.0,0.0,0.08260839957335397,0.0,0.0,0.2655228596408371,-0.2655228596408371,0.0,0.0,0.0,0.0,0.0,-0.0426929619999412,0.0,0.24223961338571168,0.0,-0.0002452952530441067,0.0,0.0023391664835371237,0.0,-3.533914668119049e-05,0.0,0.0,-0.006090470367501968,0.0,0.0,0.0,0.0,-0.0019648289272684153,0.0,0.0,-0.00018471215891559676,0.0,0.0,0.0,0.0,0.0,0.0,0.0011051105492538458,0.009970867838322744
0.017143461419196912,-3.193836636527321e-07,0.0,0.0,0.0,0.02246369825760432,0.0,0.0,0.2828344171510938,-0.2828344171510938,0.0,0.0,0.0,0.0,-0.11376346361664882,0.0,0.0,0.26912054997055024,0.0,-7.537457043008477e-05,0.0,0.0,0.0,-1.0859048299567102e-05,0.0,0.0,-0.003331632468228384,0.0,0.0,0.0,0.0,-0.0006037545958332567,0.004357856125665663,0.0,-5.6758536737656424e-05,0.0,0.0,0.0,0.0,0.0,0.0,0.00033957947369159215,0.003063858231262176
0.015748033229209073,-5.967980830810099e-07,0.0,0.0,0.0,0.017546331107033217,0.0,0.0,0.2733532181313372,-0.2733532181313372,0.0,0.0,0.0,0.0,-0.11350372270276947,0.0,0.0,0.2640137007415589,0.0,-0.0001408443958318416,0.0,0.0,0.0,-2.0291141804648494e-05,0.0,0.0,-0.0021539354005503985,0.0,0.0,0.0,0.0,-0.0011281716206888255,0.0,0.0,-0.00010605860530282846,0.0,0.0,0.0,0.0,0.0,-0.032572238071236194,0.0006345358326565956,0.00572510409060053
0.013936378579072355,-1.2873655342479265e-07,0.0,0.0,0.0,0.0037849555084161764,0.0,0.0,0.28104036128137083,-0.28104036128137083,0.0,0.0,0.0,0.0,-0.13552150921757516,0.0,0.0,0.2825388271431974,0.0,-3.0381837010906243e-05,0.0,0.0,0.0,-4.37704432209041e-06,0.0,0.0,-0.00046462987671639174,0.0,0.0,0.0,0.0,-0.00024336024232743278,0.0,0.0,-2.287812192230721e-05,0.0,0.0,0.0,0.0,0.0,0.0,0.00013687704172744925,0.001234974088417186
0.0134401200643471,-3.3573340389723634e-07,0.0,0.0,0.0,0.028194590944078928,0.0,0.0,0.28399583267748896,-0.28399583267748896,0.0,0.0,0.0,0.0,-0.11292853370541182,0.0,0.0,0.26499899010109584,0.0,-7.923311044894097e-05,0.0045809414734341875,0.0,0.0,-1.1414939659099789e-05,0.0,0.0,-0.003502183850921889,0.0,0.0,0.0,0.0,-0.0006346617208264513,0.0,0.0,-5.966409340171874e-05,0.0,0.0,0.0,0.0,0.0,0.0,0.0003569630684682485,0.003220701839523836
0.02473934235457129,-3.941074611412281e-07,0.0,0.0,0.0,0.02592688405602265,0.0,0.0,0.2795999545002972,-0.2795999545002972,0.0,0.0,0.0,0.0,-0.11194996273861282,0.0,0.0,0.26626251079461716,0.003584953999760097,-9.300939267548316e-05,0.0,0.0,0.0,-1.3399658288113422e-05,0.0,0.0,-0.0032148709991883604,0.0,0.0,0.0,0.0,-0.0007450105249431648,0.0,0.0,-7.003790537042249e-05,0.0,0.0,0.0,0.0,0.0,0.0,0.0004190283332017349,0.0037806861346931665
0.009707119745234595,-1.1989151344314665e-07,0.0,0.0,0.0,0.003524904404746929,0.0,0.0,0.28136149034208063,-0.28136149034208063,0.0,0.0,0.0,0.0032717388253246968,-0.13766138445536308,0.0,0.0,0.2794852630108727,0.0,-2.8294406860507596e-05,0.0,0.0,0.0,-4.076312859266655e-06,0.0,0.0,-0.0020685761896305044,0.0,0.0,0.0,0.0,-0.00022663980810680792,0.0,0.0,-2.1306245887688996e-05,0.0,0.0,0.0,0.0,0.0,0.0,0.00012747269716142828,0.0011501233222769517
0.02045766052163972,-3.8112738188617423e-07,0.0,0.0,0.0,0.02680641334777459,0.0,0.0,0.2807918700906522,-0.2807918700906522,0.0,0.0,0.0,0.0,-0.11259645081943565,0.0,0.0,0.26442681799538176,0.0,-8.994609292242526e-05,0.0,0.0,0.0,-1.2958335441632155e-05,0.0,0.0,-0.003975708542824822,0.0,0.0,0.0,0.0,-0.0007204733197057684,0.0,0.0,-6.773118029616597e-05,0.0,0.0,0.0,0.0052003232626747185,0.0,0.0,0.0004052274755388992,0.0036561677976774277
0.016201396801553258,-2.5809462793670187e-07,0.0,0.0,0.0,0.01697909873266583,0.0,0.0,0.2817101086931594,-0.2817101086931594,0.0,0.0,0.0,0.0,-0.12379039277041273,0.0,0.0,0.27062790302535716,0.0,-6.0910353048594474e-05,0.0,0.002347728627260645,0.0,-8.775220368411825e-06,0.0,0.0,-0.003279231545190234,0.0,0.0,0.0,0.0,-0.00048789539200129114,0.0,0.0,-4.586669604199009e-05,0.0,0.0,0.0,0.0,0.0,0.0,0.00027441490561855417,0.0024759104495345047
0.03826829608083656,-4.1407674627520107e-07,0.0,0.0,0.0,0.025289364078042508,0.0,0.0,0.2744279619734272,-0.2744279619734272,0.0,0.0,0.0,0.0,-0.09490555754625402,-0.013115183396430915,0.0,0.272690134762942,0.0,-9.772214558073406e-05,0.0,0.0,0.0,-1.4078614216220687e-05,0.0,0.0,-0.0014944661982532112,0.0,0.0,0.0,0.0,-0.0007827599437370142,0.0,0.0,-7.358670116961442e-05,0.0,0.0,0.0,0.0,0.0,0.0,0.00044026035007522493,0.0039722521588611065
0.016127127046063595,-5.547356305433403e-07,0.0,0.0,0.0,0.01630966205543434,0.0,0.0,0.2739408061714097,-0.2739408061714097,0.0,0.0,0.0,0.0,-0.11543074655452412,0.0,0.0,0.26575587938933853,0.0,-0.00013091765363406311,0.0,0.0,0.0,-1.8861017926423344e-05,0.0,0.0,-0.0020021255872763174,0.0,0.0,0.0,0.0,-0.0010486578511328198,0.0,0.0,-9.858357282830875e-05,0.0,0.0,0.0,0.0,0.0,-0.029283861009488973,0.0005898136157104903,0.005321597568191987
0.017277222980434746,-3.114912170534664e-07,0.0,0.0,0.0,0.021490535232258315,0.0,0.0,0.28262688196903457,-0.28262688196903457,0.0,0.0,0.0,0.0,-0.11483078810163229,0.0,0.0,0.26980930695440697,0.0,-7.351195239490291e-05,0.0,0.0,0.0,-1.0590705022885401e-05,0.0,0.0,-0.0031796276045595816,0.0,0.0,0.0,0.0,-0.0005888349194409904,0.004110816487907934,0.0,-5.5355948655563766e-05,0.0,0.0,0.0,0.0,0.0,0.0,0.00033118795850992734,0.0029881457254896525
0.019415550344006494,-3.4448619185456575e-07,0.0,0.0,0.0,0.023766938641503685,0.0,0.0,0.2819475915892375,-0.2819475915892375,0.0,0.0,0.0,0.0,-0.11276472451253926,0.0,0.0,0.26808052660296344,0.0009246680240951542,-8.129876911414641e-05,0.0,0.0,0.0,-1.171253455201784e-05,0.0,0.0,-0.003362321053174276,0.0,0.0,0.0,0.0,-0.0006512077642124948,0.0033133675576288014,0.0,-6.12195750789944e-05,0.0,0.0,0.0,0.0,0.0,0.0,0.0003662693275733347,0.0033046676288909305
0.011516831980398426,-3.1022338818671427e-07,0.0,0.0,0.0,0.00051633843721462,0.0,0.0,0.2797646709399196,-0.2797646709399196,0.0,0.0,0.0,0.0,-0.12492231847230163,0.0,0.0,0.28517974074554336,0.0008326999867205596,-7.321274467990154e-05,0.0,0.0,0.01193527211644517,-1.0547598826587847e-05,0.0,0.0,-0.001535993566014567,0.0,0.0,0.0,0.0,-0.0005864382486273448,0.0,0.0,-5.5130639350486543e-05,0.0,0.0,0.0,0.0,0.0,0.0,0.00032983996013587517,0.0029759834005140895
0.019779348865075708,-5.327868489784595e-07,0.0,0.0,0.0,0.021384765314981635,0.0,0.0,0.2754962408183207,-0.2754962408183207,0.0,0.0,0.0,0.0,-0.11205534346079798,0.0,0.0,0.2642982519620009,0.0014301036574400098,-0.00012573773941116322,0.0,0.0,0.0,-1.8114759096513867e-05,0.0,0.0,-0.0026379609122041555,0.0,0.0,0.0,0.0,-0.001007166443616292,0.0,0.0,-9.468299535183635e-05,0.0,0.0,0.0,0.0,0.0,-0.020497990366845017,0.0005664769315271752,0.005111042168161086
0.030256577096366928,-4.68330781438226e-07,0.0,0.0,0.0,0.03166777172693977,0.0,0.0,0.2782032809607993,-0.2782032809607993,0.0,0.0,0.0,0.0,-0.10236002485873541,-0.0025740231670035823,0.0,0.26321196825925314,0.0038311141870066364,-0.00011052610226324653,0.0,0.0,0.0,-1.5923252046295435e-05,0.0,0.0,-0.003605834388127767,0.0,0.0,0.0,0.0,-0.0008853203649481358,0.0,0.0,-8.322833284466114e-05,0.0,0.0,0.0,0.0,0.0,0.0,0.0004979450684969447,0.00449271294358728
0.0,-5.448202489589436e-07,0.0,0.004007985603146076,0.0,0.008670428017101148,0.0,0.0,0.23948408361500567,-0.23948408361500567,0.10125885782775103,0.0,0.0,0.0,0.0,-0.09791912937773918,0.0,0.30012896036380615,0.0,-0.00012857762277892552,0.0,0.0,0.0,-1.852389483658781e-05,0.0,0.0,-0.001966339461264752,0.0,0.0,0.0,0.0,-0.0010299140709013766,0.0,0.0,-9.682148348569985e-05,0.0,0.0,0.0,0.0,0.0,0.0,0.0005792712478843708,0.005226478979044325
0.0,-6.30777212499644e-07,0.0,0.0,0.0,0.014678702595174134,0.0,0.0,0.23643287536710034,-0.23643287536710034,0.10145746938194654,0.0,0.0,0.0,0.0,-0.09759082784975383,0.0,0.28994057962796277,0.0,-0.00014886347312034867,0.0,0.0,0.0,-2.144643260228736e-05,0.0,0.0,-0.0022765712665317986,0.0,0.0,0.0,0.0,-0.00119240488582921,0.0,0.0,-0.0001120971285114485,0.0,0.0,0.0,0.0,0.0,-0.012992925236721083,0.0006706635880731164,0.006051067022360249
0.0,-4.759495201971882e-07,0.0,0.0,0.0,0.011075735329126675,0.0,0.0,0.2765813143747544,-0.2765813143747544,0.0029175533699589457,0.0,0.0,0.0,-0.12272771529658194,0.0,0.0,0.2678641759275824,0.0,-0.0001123241252259996,0.0,0.0,0.0,-1.618228925320565e-05,0.0,0.0,-0.0017177744860292115,0.0,0.0,0.0,0.0,-0.000899722631136609,0.0,0.0,-8.458227956441368e-05,0.0,0.0,0.0,0.0,0.0,-0.03434928423739331,0.0005060455682794733,0.00456579976083872
0.09284274463476294,-1.5677866150841566e-06,0.0,0.0,0.0,0.036483679180988285,0.0,0.0,0.21627912996357543,-0.21627912996357543,0.06648541885029816,0.0,0.0,0.0,0.0,-0.05687494352022483,0.0,0.2564289235526136,0.0,-0.00036999776784605155,0.0,0.0,0.0,-5.330476324902049e-05,0.0,0.0,-0.005658381262395009,0.0,0.0,0.0,0.0,-0.0029637031628897705,0.0,0.0,-0.0002786156097383064,0.0,0.0,0.0,0.0,0.0,-0.03229370667370448,0.0016669235599660155,0.015039829747557498
0.01451046794666072,-6.324911926903181e-07,0.0,0.0,0.0,0.014718588318650456,0.0,0.0,0.2708135454596334,-0.2708135454596334,0.003877148168861401,0.0,0.0,0.0,-0.11472511793121319,0.0,0.0,0.2640661284794643,0.0,-0.00014926797258384722,0.0,0.0,0.0,-2.1504707948816258e-05,0.0,0.0,-0.00228275728272923,0.0,0.0,0.0,0.0,-0.0011956449495364504,0.0,0.0,-0.00011240172457784522,0.0,0.0,0.0,0.0,0.0,-0.035973253865748,0.0006724859495690375,0.0060675092919972055
0.08201586127908961,-1.2597626803294362e-06,0.0,0.009267479862925546,0.0,0.020048229960795545,0.0,0.0,0.22568453258373844,-0.22568453258373844,0.07010445425964999,0.0,0.0,0.0,0.0,-0.062382154525382136,0.0,0.2838950168329231,0.0,-0.00029730409435382903,0.0,0.0,0.0,-4.283194586484429e-05,0.0,0.0,-0.004546675852987788,0.0,0.0,0.0,0.0,-0.0023814227039962526,0.0,0.0,-0.00022387584122008107,0.0,0.0,0.0,0.0,0.0,0.0,0.0013394221328355657,0.012084945777818362
0.09763234760790193,-1.3971619595598478e-06,0.0,0.0,0.0,0.018627794542883803,0.0,0.0,0.2124436407547115,-0.2124436407547115,0.07414353057918698,0.0,0.0,0.0,0.005042570829755534,-0.06557897822539228,0.0,0.2770030022205158,0.0,-0.00032973033535485947,0.0,0.0,0.013885309093816283,-4.750352296564127e-05,0.0,0.0,-0.005042570829755534,0.0,0.0,0.0,0.0,-0.0026411587385535367,0.0,0.0,-0.0002482934396305191,0.0,0.0,0.0,0.0,0.0,0.0,0.001485509676553515,0.013403021686351093
0.007473348050052034,-2.653457849031879e-07,0.0,0.0,0.0,0.0,0.0,0.0,0.28075408573355515,-0.28075408573355515,0.0,0.0,0.0,0.0,-0.12805542398907974,0.001626560078530931,0.0,0.2839778332488083,0.0,-6.262162667862042e-05,0.0,0.0,0.010693422780815766,-9.021759790078769e-06,0.0,0.0,-0.001710774940717922,0.0,0.0,0.0,0.0,-0.0005016027911010283,0.0015062029803894917,0.0,-4.7155318804863475e-05,0.0,0.0,0.0,0.0,0.0,0.0,0.0002821245800526597,0.0025454710422832256
0.007211178803064572,-2.9125795339334777e-07,0.0,0.0,0.0,0.0,0.0,0.0,0.2808365430289607,-0.2808365430289607,0.0,0.0,0.0,0.0,-0.1263147414460128,0.0006280975647712159,0.0,0.2850364195898091,0.0,-6.873690053615066e-05,0.0011573031707900838,0.0,0.012564327086854548,-9.902773821801803e-06,0.0,0.0,-0.0016298460082508417,0.0,0.0,0.0,0.0,-0.0005505864824865409,0.0,0.0,-5.176024051682751e-05,0.0,0.0,0.0,0.0,0.0,0.0,0.0003096752707719691,0.0027940473464386924
0.006548777141536536,-3.895344023755841e-07,0.0,0.0,0.0,0.0,0.0,0.0,0.27653731848196605,-0.27653731848196605,0.0,0.0,0.0,0.0,-0.12791921323622552,0.002387831818582309,0.0,0.2790587178107162,0.0,-9.193015043726167e-05,0.0,0.0,0.009064784728670457,-1.3244174236596992e-05,0.0,0.0,-0.0014058891320117106,0.0,0.0,0.0,0.0,-0.0007363657332365508,0.0,0.0,-6.922521469931951e-05,0.0,0.0,0.0,0.0,0.0,-0.015478011630201205,0.0004141661030205237,0.00373681662809123
0.010124877504906453,-3.0343158085560516e-07,0.0,0.0,0.0,0.0,0.0,0.0,0.2797140601219133,-0.2797140601219133,0.0,0.0,0.0,0.0,-0.1262692204402305,0.0008552957583296062,0.0,0.2846923150766182,0.0010047288739264918,-7.160987760094263e-05,0.0,0.0,0.012084745888681827,-1.0316677297896074e-05,0.0,0.0,-0.0015974953399912003,0.0,0.0,0.0,0.0,-0.0005735991921669314,0.0,0.0,-5.392364885664279e-05,0.0,0.0,0.0,0.0,0.0,0.0,0.00032261868171313017,0.002910829364272614
0.00921894910406921,-3.0671871848370446e-07,0.0,0.0,0.0,0.0,0.0,0.0,0.28003595873521825,-0.28003595873521825,0.0,0.0,0.0,0.0,-0.12577516351435944,0.0005260235852551455,0.0,0.2847296063941014,0.0,-7.238564234679372e-05,0.0,0.0,0.012554200232930173,-1.04284400156964e-05,0.0,0.0,-0.0017840702255789674,0.0,0.0,0.0,0.0,-0.0005798131119003442,0.0,0.0,-5.450781499617668e-05,0.0,0.0,0.0,0.001354151081946689,0.0,0.0,0.00032611367720831454,0.0029423629861365496
0.009550133817886412,-2.8220650957344657e-07,0.0,0.0,0.0,0.0,0.0,0.0,0.28043890241072594,-0.28043890241072594,0.0,0.0,0.0,0.0,-0.1271148863183116,0.00012800488457458174,0.0,0.28466845019622233,0.0,-6.660075906324515e-05,0.0,0.0008009554136311703,0.01137290920022804,-9.59502462606336e-06,0.0,0.0,-0.0018194817937728786,0.0,0.0,0.0,0.0,-0.000533475867802335,0.0,0.0,-5.01516838965387e-05,0.0,0.0,0.0,0.0,0.0,0.0,0.0003000514706897798,0.0027072165413335033
0.011205262502738275,-3.075764954040331e-07,0.0,0.0,0.0,0.0,0.0,0.0,0.2797666788181596,-0.2797666788181596,0.0,0.0,0.0,0.0,-0.1252856004240516,4.2661077202342504e-05,0.0,0.2855194957763977,0.0007829341338342421,-7.25880777693046e-05,0.0,0.0,0.012132065343823441,-1.0457604441019766e-05,0.0,0.0,-0.0015015575993929861,0.0,0.0,0.0,0.0,-0.0005814346311475253,0.0,0.0,-5.4660252858177425e-05,0.0,0.0,0.0,0.0,0.0,0.0,0.00032702569453512033,0.002950591668993645
0.008807674155492514,-3.7157937397266376e-07,0.0,0.0,0.0,0.0,0.0,0.0,0.27744808016490186,-0.27744808016490186,0.0,0.0,0.0,0.0,-0.12629088343231762,0.0009973914010198476,0.0,0.28156042820477417,0.0,-8.769276228330274e-05,0.0,0.0,0.009927333247238561,-1.2633703060903397e-05,0.0,0.0,-0.0013410866931444793,0.0,0.0,0.0,0.0,-0.0007024240131354041,0.0,0.0,-6.603437792458424e-05,0.0,0.0,0.0,0.0,0.0,-0.011350236952136467,0.00039507571177931495,0.0035645734365150695
0.01349745475113337,-5.694324855924508e-07,0.0,0.0,0.0,0.01521329342326602,0.0,0.0,0.27304661279670867,-0.27304661279670867,0.0,0.0,0.0,0.0,-0.11746992563786418,0.001528467682474354,0.0,0.2641353499219359,0.0,-0.00013438611261324375,0.0,0.0,0.0,-1.936071116998121e-05,0.0,0.0,-0.002055168781054036,0.0,0.0,0.0,0.0,-0.001076440404813598,0.0,0.0,-0.00010119539078321816,0.0,0.0,0.0,0.0,0.0,-0.03260713735657819,0.0006054398072489688,0.0054625849931619905
0.008971495948224398,-2.766354476094666e-07,0.0,0.0,0.0,0.0,0.0,0.0,0.28059492020851906,-0.28059492020851906,0.0,0.0,0.0,0.0,-0.12681611225274864,0.0007425434133038206,0.0,0.2848636588271242,0.0,-6.528598798957199e-05,0.0,0.0,0.011012221106691391,-9.405608454131292e-06,0.0,0.0,-0.0016019971794614255,0.0,0.0,0.0,0.0,-0.0005229444767288017,0.0012071552250670762,0.0,-4.9161635371407714e-05,0.0,0.0,0.0,0.0,0.0,0.0,0.00029412812987768196,0.0026537731564715565
0.0159404366051823,-3.045869367209767e-07,0.0,0.0,0.0,0.02121858483481008,0.0,0.0,0.2826758490733315,-0.2826758490733315,0.0,0.0,0.0,0.0,-0.11588511701501233,0.0008175706533453279,0.0,0.2691885463693209,0.0,-7.188254167852972e-05,0.0,0.0,0.0,-1.0355959410831254e-05,0.0,0.0,-0.003279477586983711,0.0,0.0,0.0,0.0,-0.0005757832469353039,0.004360353656477421,0.0,-5.412897027972302e-05,0.0,0.0,0.0,0.0,0.0,0.0,0.0003238470950020326,0.0029219127319617157
0.00580172062685616,-7.268753307396432e-08,0.0,0.0,0.0,0.0,0.0,0.0,0.28124350896390726,-0.28124350896390726,0.0,0.0,0.0,0.0031356051570013686,-0.14364133635730297,0.002137070407607328,0.0,0.2800225063008002,0.0,-1.7154263679027006e-05,0.0,0.0,0.0,-2.471376974636967e-06,0.0,0.0,-0.0018301429832459817,0.0,0.0,0.0,0.0,-0.00013740662766303764,0.0,0.0,-1.2917498563214093e-05,0.0,0.0,0.0,0.0,0.0,0.0,7.72838345671781e-05,0.0006972939503911353
0.005919805131482611,-7.311482861333587e-08,0.0,0.0,0.0,0.0,0.0,0.0,0.28121722738738136,-0.28121722738738136,0.0,0.0,0.0,0.003070058952683814,-0.1436039567889508,0.0021496332311600874,0.0,0.2800730259687716,0.0,-1.7255105460846632e-05,0.0,0.0,0.0,-2.485905027973065e-06,0.0,0.0,-0.0017989120559279781,0.0,0.0,0.0,0.0,-0.00013821437607046757,0.0,0.0,-1.299343441194187e-05,0.0,0.0,0.0,0.0,0.0,0.0,7.773814958351634e-05,0.0007013930108769235
0.009609393585087382,-7.815348023883945e-08,0.0,0.0,0.0,0.0,0.0,0.0,0.28090731610565395,-0.28090731610565395,0.0,0.0,0.0,0.0,-0.1420146080505654,0.0022977735356625,0.0,0.28296589261587257,0.0,-1.8444227651617556e-05,0.0,0.0,0.0,-2.657219242170093e-06,0.0,0.0,-0.00028206784260029536,0.0,0.0,0.0,0.0,-0.00014773931244607441,0.0,0.0,-1.3888866852423084e-05,0.0,0.0,0.0,0.0,0.0,0.0,8.309541378274036e-05,0.0007497289654486239
0.07121228632884082,-1.0946515462712065e-06,0.0,0.0,0.0,0.062122840071863916,0.0,0.0,0.26150240284183457,-0.26150240284183457,0.0,0.0,0.0,0.0,0.003950764561119968,-0.046099041498713904,0.0,0.25927429839392063,0.0,-0.000258337853374156,0.0,0.0,0.016159814314047033,-3.7218165375795545e-05,0.0,0.0,-0.003950764561119968,0.0,0.0,0.0,0.0,-0.002069300897668403,0.0,0.0,-0.0001945334939595468,0.0,0.0,0.0,0.0,0.0,0.0,0.0011638704112388123,0.01050102911354156
0.008980833985002717,-2.916642088349881e-07,0.0,0.0,0.0,0.0,0.0,0.0,0.2808459075516085,-0.2808459075516085,0.0,0.0,0.0,0.0,-0.1250913193145989,0.0,0.0,0.2856664687541723,0.0,-6.883277685320555e-05,0.0,0.0,0.012009467049785415,-9.916586511568963e-06,0.0,0.0,-0.0016250458029583028,0.0,0.0,0.0,0.0,-0.0005513544572388103,0.0011447702843736568,0.0,-5.183243727274639e-05,0.0,0.0,0.0,0.0,0.0,0.0,0.0003101072152473965,0.0027979445685590385
0.007922344223393123,-3.003605936903163e-07,0.0,0.0,0.0,0.0,0.0,0.0,0.280869164654394,-0.280869164654394,0.0,0.0,0.0,0.0,-0.1251615834621053,0.0,0.0,0.28568609486688956,0.0,-7.0885124381781e-05,0.001031540339397736,0.0,0.012956998080771198,-1.0212263698359306e-05,0.0,0.0,-0.0015998174111711372,0.0,0.0,0.0,0.0,-0.0005677938776634191,0.0,0.0,-5.337789540185293e-05,0.0,0.0,0.0,0.0,0.0,0.0,0.00031935350467378,0.0028813692810709217
0.008831172190361227,-3.849385596706796e-07,0.0,0.0,0.0,0.0,0.0,0.0,0.27799396790939074,-0.27799396790939074,0.0,0.0,0.0,0.0,-0.12405032485368768,0.0,0.0,0.28284527848791696,0.0,-9.084553118753364e-05,0.0,0.0,0.011317495171862639,-1.3087915530879236e-05,0.0,0.0,-0.0013893020339996827,0.0,0.0,0.0,0.0,-0.000727677871361969,0.0,0.0,-6.840847503260181e-05,0.0,0.0,0.0,0.0,0.0,-0.01057607850913688,0.00040927964818732437,0.0036927285543933903
0.010641808619969766,-3.136247745521019e-07,0.0,0.0,0.0,0.0,0.0,0.0,0.27991662118927274,-0.27991662118927274,0.0,0.0,0.0,0.0,-0.12476480885973647,0.0,0.0,0.2855925275883521,0.0008616752348507398,-7.401547213698462e-05,0.0,0.0,0.012667514969586175,-1.0663246002792179e-05,0.0,0.0,-0.0015627573127936158,0.0,0.0,0.0,0.0,-0.0005928681412111441,0.0,0.0,-5.573510894285971e-05,0.0,0.0,0.0,0.0,0.0,0.0,0.00033345642873846453,0.0030086130143587944
0.013615226480315433,-3.7119818563272654e-07,0.0,0.0,0.0,0.0,0.0,0.0,0.27826954449600727,-0.27826954449600727,0.0,0.0,0.0,0.0,-0.11452306823640512,-0.005099282801207907,0.0,0.28804697044356664,0.0,-8.760280180427534e-05,0.0,0.0,0.016012800213692117,-1.2620742652887316e-05,0.0,0.0,-0.0013397109262260785,0.0,0.0,0.0,0.0,-0.0007017034245821793,0.0,0.0,-6.596663591126756e-05,0.0,0.0,0.0,0.0,0.0,0.0,0.00039467041949112203,0.003560916683944757
0.009639238580495427,-3.130467503404186e-07,0.0,0.0,0.0,0.0,0.0,0.0,0.2801379401219765,-0.2801379401219765,0.0,0.0,0.0,0.0,-0.12484203582103601,0.0,0.0,0.2853119072169019,0.0,-7.387905837631969e-05,0.0,0.0,0.01288990736392564,-1.0643593172834627e-05,0.0,0.0,-0.001744181467456789,0.0,0.0,0.0,0.0,-0.0005917754592301205,0.0,0.0,-5.5632386693140174e-05,0.0,0.0,0.0,0.001228695899441675,0.0,0.0,0.0003328418539185144,0.00300306800864817
0.009652089598001887,-2.844567622132852e-07,0.0,0.0,0.0,0.0,0.0,0.0,0.28045582078102504,-0.28045582078102504,0.0,0.0,0.0,0.0,-0.12683821679090365,0.0,0.0,0.2848223145042282,0.0,-6.713181886808046e-05,0.0,0.0007815369424659214,0.011489399390347545,-9.671533242135865e-06,0.0,0.0,-0.0018081848279517957,0.0,0.0,0.0,0.0,-0.0005377296870413983,0.0,0.0,-5.0551582393746006e-05,0.0,0.0,0.0,0.0,0.0,0.0,0.00030244401512480263,0.0027288032906184812
0.009688846127188443,-2.8852061577696135e-07,0.0,0.0,0.0,0.0,0.0,0.0,0.2806278556078716,-0.2806278556078716,0.0,0.0,0.0,0.0,-0.12547893141452715,0.0,0.0,0.28563316864029714,0.0,-6.809088863749082e-05,0.0,0.0,0.011595977398266049,-9.809704310829939e-06,0.0,0.0,-0.0015601891701042475,0.0,0.0,0.0,0.0,-0.0005454118904384093,0.0010377484332815318,0.0,-5.1273780827918784e-05,0.0,0.0,0.0,0.0,0.0,0.0,0.0003067648411762356,0.0027677879745854465
0.009756410755550345,-3.6973551883696577e-07,0.0,0.0,0.0,0.0,0.0,0.0,0.27805620860960456,-0.27805620860960456,0.0,0.0,0.0,0.0,-0.12467175932778005,0.0,0.0,0.28314059244690265,0.0,-8.72576123222839e-05,0.0,0.0,0.010870513863000291,-1.2571011964724727e-05,0.0,0.0,-0.0013344319384412417,0.0,0.0,0.0,0.0,-0.0006989384371998771,0.0,0.0,-6.570670142960789e-05,0.0,0.0,0.0,0.0,0.0,-0.009309030415654741,0.0003931152628653571,0.003546885272160784
0.011232003153618336,-3.080759237331625e-07,0.0,0.0,0.0,0.0,0.0,0.0,0.2797765552457194,-0.2797765552457194,0.0,0.0,0.0,0.0,-0.12521128605920107,0.0,0.0,0.28556435156805704,0.0007756593560132183,-7.270594289533583e-05,0.0,0.0,0.012160310893814037,-1.0474585010051266e-05,0.0,0.0,-0.0014997227235746678,0.0,0.0,0.0,0.0,-0.0005823787375102386,0.0,0.0,-5.4749007620529764e-05,0.0,0.0,0.0,0.0,0.0,0.0,0.0003275567035642385,0.0029553827017585283
0.013956210214566372,-3.580690538410762e-07,0.0,0.0,0.0,0.0,0.0,0.0,0.27829784806247243,-0.27829784806247243,0.0,0.0,0.0,0.0,-0.11623027504045247,-0.0045076487695804735,0.0,0.2877294503535131,0.0,-8.450432564053639e-05,0.0,0.0,0.01503515942350594,-1.2174352018418517e-05,0.0,0.0,-0.0012923258850434168,0.0,0.0,0.0,0.0,-0.0006768844542946814,0.0,0.0,-6.363342230664135e-05,0.0,0.0,0.0,0.0,0.0,0.0,0.0003807110841486488,0.0034349684809304934
0.008717577152391052,-2.9516357467997777e-07,0.0,0.0,0.0,0.0,0.0,0.0,0.28066240768900064,-0.28066240768900064,0.0,0.0,0.0,0.0,-0.12561911167488932,0.0,0.0,0.285650258872596,0.0,-6.965862747539203e-05,0.0009289365486619911,0.0,0.012393786488164471,-1.0035564991225693e-05,0.0,0.0,-0.0015297586807177504,0.0,0.0,0.0,0.0,-0.000557969567690144,0.0,0.0,-5.2454319064068395e-05,0.0,0.0,0.0,0.0,0.0,0.0,0.0003138278589343823,0.0028315141028481404
0.008985177878046494,-1.7424928039952416e-07,0.0,0.0,0.0,0.0,0.0,0.0,0.2808517038206039,-0.2808517038206039,0.0,0.0,0.0,0.002193584019527727,-0.13475677303678585,0.0,0.0,0.28324787670578144,0.0,-4.112284425463341e-05,0.0,0.0,0.005123065331021355,-5.924477571528595e-06,0.0,0.0,-0.0017256842669831636,0.0,0.0,0.0,0.0,-0.00032939632121021476,0.0,0.0,-3.0966312020956064e-05,0.0,0.0,0.0,0.0,0.0,0.0,0.00018526770672136383,0.0016715792095868714
0.010247829440380924,-3.0516637602686027e-07,0.0,0.0,0.0,0.0,0.0,0.0,0.28002079607593233,-0.28002079607593233,0.0,0.0,0.0,0.0,-0.12541713874321203,0.0,0.0,0.2853148830681981,0.0,-7.201928940154028e-05,0.0,0.0,0.012264989763690911,-1.0375660354008168e-05,0.0,0.0,-0.0016502019229195277,0.0,0.0,0.0,0.0,-0.0005768786039737089,0.0,0.0,-5.4231944009669313e-05,0.0,0.0,0.0,0.001097619758502417,0.0,0.0,0.0003244631743978219,0.0029274713127186154
0.01009540051698146,-2.769007270731927e-07,0.0,0.0,0.0,0.0,0.0,0.0,0.2803774133485804,-0.2803774133485804,0.0,0.0,0.0,0.0,-0.12734551118060194,0.0,0.0,0.28488235600475414,0.0,-6.534859396444745e-05,0.0,0.0006971678832884555,0.010929769801971427,-9.414627959000574e-06,0.0,0.0,-0.0016965448843036118,0.0,0.0,0.0,0.0,-0.0005234459541480692,0.0,0.0,-4.9208778904096393e-05,0.0,0.0,0.0,0.0,0.0,0.0,0.00029441018394282424,0.0026563179912925563
0.011718581450607541,-1.8266373358526206e-07,0.0,0.0,0.0,0.0,0.0,0.0,0.28061689098457737,-0.28061689098457737,0.0,0.0,0.0,0.0,-0.13321585243444606,0.0,0.0,0.2854282860763673,0.0,-4.310865588640385e-05,0.0,0.0,0.005370456845617669,-6.210569078255516e-06,0.0,0.0,-0.0006592613034794148,0.0,0.0,0.0,0.0,-0.0003453027853173986,0.0,0.0,-3.246166730872459e-05,0.0,0.0,0.0,0.0,0.0,0.0,0.00019421423689618912,0.0017522993421066261
0.014089991679319328,-3.0227736289077944e-07,0.0,0.0,0.0,0.0,0.0,0.0,0.2787938984469081,-0.2787938984469081,0.0,0.0,0.0,0.0,-0.12235765151573465,-0.0026511321989611727,0.0,0.2867559377177907,0.0,-7.133748206797629e-05,0.0,0.0,0.01153832343801631,-1.0277433873592761e-05,0.0,0.0,-0.0010909651541677122,0.0,0.0,0.0,0.0,-0.000571417288456244,0.0,0.0,-5.371852965295347e-05,0.0,0.0,0.0,0.0,0.0,0.0,0.0003213914782784327,0.0028997569125017333
0.011251892226236522,-3.0751839668290125e-07,0.0,0.0,0.0,0.0,0.0,0.0,0.2797747660313514,-0.2797747660313514,0.0,0.0,0.0,0.0,-0.1252497484070256,0.0,0.0,0.2855630560592886,0.0007705996670666365,-7.257436646642277e-05,0.0,0.0,0.012123680406046085,-1.0455629083821785e-05,0.0,0.0,-0.0014951806788541468,0.0,0.0,0.0,0.0,-0.0005813248028316552,0.0,0.0,-5.464992797693566e-05,0.0,0.0,0.0,0.0,0.0,0.0,0.0003269639220170195,0.0029500343260070636
0.010266574453143296,-3.5314626321956847e-07,0.0,0.0,0.0,0.0,0.0,0.0,0.27821925551118454,-0.27821925551118454,0.0,0.0,0.0,0.0,-0.12539742180341817,0.0,0.0,0.28339148484613125,0.0,-8.334254665607071e-05,0.0,0.0,0.010382776753693002,-1.2006977079712408e-05,0.0,0.0,-0.00127455878208219,0.0,0.0,0.0,0.0,-0.0006675785385566373,0.0,0.0,-6.275857983928696e-05,0.0,0.0,0.0,0.0,0.0,-0.008259411558626504,0.0003754770072731229,0.003387743984868333
0.010103154799004014,-2.8257378002775724e-07,0.0,0.0,0.0,0.0,0.0,0.0,0.2805263044933127,-0.2805263044933127,0.0,0.0,0.0,0.0,-0.1259867547140189,0.0,0.0,0.2856090418395899,0.0,-6.668743492014004e-05,0.0,0.0,0.011140257744376375,-9.60751182580536e-06,0.0,0.0,-0.00149191312779647,0.0,0.0,0.0,0.0,-0.0005341701463454759,0.0009441224250211204,0.0,-5.021695252466839e-05,0.0,0.0,0.0,0.0,0.0,0.0,0.0003004419650129738,0.002710739779158725
0.008892183438389706,-2.9512708375286e-07,0.0,0.0,0.0,0.0,0.0,0.0,0.2806407231662824,-0.2806407231662824,0.0,0.0,0.0,0.0,-0.12554176669276418,0.0,0.0,0.2856474781527145,0.0,-6.965001561364356e-05,0.0007921785657694286,0.0,0.012314172456783828,-1.0034324299276905e-05,0.0,0.0,-0.001539329781615718,0.0,0.0,0.0,0.0,-0.0005579005861877666,0.00015616358734325171,0.0,-5.2447834162481013e-05,0.0,0.0,0.0,0.0,0.0,0.0,0.0003137890605510102,0.002831164044156542
0.008630992754069658,-2.9688605998875025e-07,0.0,0.0,0.0,0.0,0.0,0.0,0.2806757703662883,-0.2806757703662883,0.0,0.0,0.0,0.0,-0.12549620120510185,0.0,0.0,0.2856552407199221,0.0,-7.006513414744908e-05,0.0009468536813423696,0.0,0.01251609743616503,-1.0094129511869406e-05,0.0,0.0,-0.0015449339595251434,0.0,0.0,0.0,0.0,-0.0005612257092520912,0.0,0.0,-5.27604265980603e-05,0.0,0.0,0.0,0.0,0.0,0.0,0.0003156592633584685,0.002848037962369174
0.008873155086415112,-3.05215880529247e-07,0.0,0.0,0.0,0.0,0.0,0.0,0.2803288552738543,-0.2803288552738543,0.0,0.0,0.0,0.0,-0.12544588953004343,0.0,0.0,0.28534526212521694,0.0,-7.20309724681038e-05,0.0008192588610070902,0.0,0.012250621403358447,-1.0377343507668301e-05,0.0,0.0,-0.0015112001434792906,0.0,0.0,0.0,0.0,-0.0005769721860013198,0.0,0.0,-5.4240741588998396e-05,0.0,0.0,0.0,0.0,0.0,-0.0011305138229957608,0.0003245158092529476,0.002927946211075618
0.01055699099665779,-3.048712194014801e-07,0.0,0.0,0.0,0.0,0.0,0.0,0.2800122975009207,-0.2800122975009207,0.0,0.0,0.0,0.0,-0.1253042313644061,0.0,0.0,0.2855876582413959,0.0005646186023631882,-7.19496324141002e-05,0.00025371512105775096,0.0,0.012236787545888759,-1.0365625025293216e-05,0.0,0.0,-0.001509493640053486,0.0,0.0,0.0,0.0,-0.0005763206475427948,0.0,0.0,-5.417949092558415e-05,0.0,0.0,0.0,0.0,0.0,0.0,0.0003241493539276173,0.0029246398652806337
0.008878439482655256,-2.978089827537088e-07,0.0,0.0,0.0,0.0,0.0,0.0,0.28058561361701595,-0.28058561361701595,0.0,0.0,0.0,0.0,-0.12532476092013742,-0.00011030788143512479,0.0,0.2857008994045669,0.0,-7.028294399455676e-05,0.0009096851863951929,0.0,0.012504865990015053,-1.0125508896672105e-05,0.0,0.0,-0.0015296806812214883,0.0,0.0,0.0,0.0,-0.0005629703785146643,0.0,0.0,-5.2924441704724856e-05,0.0,0.0,0.0,0.0,0.0,0.0,0.0003166405459425501,0.0028568915915056724
0.010158244193527196,-3.024986496281267e-07,0.0,0.0,0.0,0.0,0.0,0.0,0.2801494419149286,-0.2801494419149286,0.0,0.0,0.0,0.0,-0.12533297489603315,0.0,0.0,0.28539724865898897,0.0,-7.138970575587149e-05,0.0,0.0,0.012157770752871989,-1.0284957625250643e-05,0.0,0.0,-0.0016357760635233212,0.0,0.0,0.0,0.0,-0.0005718356031663401,0.00027605921935364283,0.0,-5.375785511897022e-05,0.0,0.0,0.0,0.0008119652841155962,0.0,0.0,0.0003216267577944351,0.0029018797236184213
0.010129154844711736,-3.0914945813649473e-07,0.0,0.0,0.0,0.0,0.0,0.0,0.28002284937538774,-0.28002284937538774,0.0,0.0,0.0,0.0,-0.1251534473532542,0.0,0.0,0.2853117912672781,0.0,-7.295929710127e-05,0.0,0.0,0.012514167723853257,-1.0511085192320158e-05,0.0,0.0,-0.001686589512094177,0.0,0.0,0.0,0.0,-0.0005844081191084835,0.0,0.0,-5.4939788329767666e-05,0.0,0.0,0.0,0.0011416438339160314,0.0,0.0,0.0003286981215175053,0.002965681153409358
0.010202270266851126,-3.2127134889059245e-07,0.0,0.0,0.0,0.0,0.0,0.0,0.2795527877849627,-0.2795527877849627,0.0,0.0,0.0,0.0,-0.12514596187109803,0.0,0.0,0.28483307593028034,0.0,-7.582006429875565e-05,0.0,0.0,0.012032693899381466,-1.092322961973191e-05,0.0,0.0,-0.0015906947819929226,0.0,0.0,0.0,0.0,-0.0006073230270573534,0.0,0.0,-5.7094002398914305e-05,0.0,0.0,0.0,0.0008623548647269582,0.0,-0.0020523378375117084,0.00034158652424714277,0.0030819668592611932
0.011092422140805164,-3.079969588292716e-07,0.0,0.0,0.0,0.0,0.0,0.0,0.27980737048322785,-0.27980737048322785,0.0,0.0,0.0,0.0,-0.12522191175206848,0.0,0.0,0.2855253322653525,0.0006558462336450192,-7.268730717163675e-05,0.0,0.0,0.012191369523632182,-1.0471900202395433e-05,0.0,0.0,-0.0015249699575490454,0.0,0.0,0.0,0.0,-0.0005822294643035616,0.0,0.0,-5.4734974553380305e-05,0.0,0.0,0.0,0.00017087758310585093,0.0,0.0,0.0003274727454174857,0.0029546251887786843
0.010505475673692552,-3.1003028074872116e-07,0.0,0.0,0.0,0.0,0.0,0.0,0.27989412225249455,-0.27989412225249455,0.0,0.0,0.0,0.0,-0.1248382741092791,-0.00022005865763290159,0.0,0.2854297739868114,0.0,-7.316717130893098e-05,0.0,0.0,0.012491912673627398,-1.054103317143758e-05,0.0,0.0,-0.0016450667716191587,0.0,0.0,0.0,0.0,-0.0005860732033340305,0.0,0.0,-5.509632170415394e-05,0.0,0.0,0.0,0.001052240306384192,0.0,0.0,0.0003296346418005237,0.0029741309143642143
0.010008842016867001,-2.85030808332328e-07,0.0,0.0,0.0,0.0,0.0,0.0,0.28043955718304825,-0.28043955718304825,0.0,0.0,0.0,0.0,-0.12632929742314492,0.0,0.0,0.28522038301396435,0.0,-6.726729379856079e-05,0.0,0.00038253909819724633,0.011346421113774716,-9.691050816897115e-06,0.0,0.0,-0.001650614752931518,0.0,0.0,0.0,0.0,-0.0005388148489392504,0.00047871189831962967,0.0,-5.065359768583754e-05,0.0,0.0,0.0,0.0,0.0,0.0,0.00030305436030260484,0.0027343101343525605
0.009787120235107196,-2.83939919721372e-07,0.0,0.0,0.0,0.0,0.0,0.0,0.28041782147647515,-0.28041782147647515,0.0,0.0,0.0,0.0,-0.12688515492847452,0.0,0.0,0.2848318607757887,0.0,-6.700984399822509e-05,0.0,0.0007662471177462903,0.011413044517370534,-9.653960591366047e-06,0.0,0.0,-0.0017910296397677023,0.0,0.0,0.0,0.0,-0.0005367526613969251,0.0,0.0,-5.045973291331443e-05,0.0,0.0,0.0,0.0,0.0,0.0,0.00030189449077099544,0.002723845203204104
0.010071985876579188,-3.1716866971162056e-07,0.0,0.0,0.0,0.0,0.0,0.0,0.27938823025130055,-0.27938823025130055,0.0,0.0,0.0,0.0,-0.1261018582022022,0.0,0.0,0.28417541715552647,0.0,-7.485183168099818e-05,0.0,0.00042567123742792435,0.011027692273473381,-1.0783738479663691e-05,0.0,0.0,-0.0015703813915062905,0.0,0.0,0.0,0.0,-0.0005995674287239741,0.0,0.0,-5.6364904159388545e-05,0.0,0.0,0.0,0.0,0.0,-0.003728814151615993,0.00033722441749319324,0.0030426097198603865
0.011163882330002336,-3.062074782409439e-07,0.0,0.0,0.0,0.0,0.0,0.0,0.2798125669067203,-0.2798125669067203,0.0,0.0,0.0,0.0,-0.12534378889294295,0.0,0.0,0.28551429546936175,0.0007199896378375766,-7.226498960819109e-05,0.0,5.096543226560308e-05,0.012086559989172742,-1.0411057841463297e-05,0.0,0.0,-0.0015161097916980913,0.0,0.0,0.0,0.0,-0.0005788466766023974,0.0,0.0,-5.441696110663008e-05,0.0,0.0,0.0,0.0,0.0,0.0,0.0003255701093545894,0.0029374586412867845
0.010680132527306326,-2.90264711101639e-07,0.0,0.0,0.0,0.0,0.0,0.0,0.28006412679074466,-0.28006412679074466,0.0,0.0,0.0,0.0,-0.1258865170700734,-0.00048750228678667547,0.0,0.28517649209117374,0.0,-6.850249527504769e-05,0.0,0.0006333146487314778,0.011554770748807551,-9.86900357226717e-06,0.0,0.0,-0.0016809243085089672,0.0,0.0,0.0,0.0,-0.0005487088830140545,0.0,0.0,-5.1583728736423355e-05,0.0,0.0,0.0,0.0,0.0,0.0,0.0003086192220974401,0.0027845191397161393
0.06982491376991867,-1.0787660931016682e-06,0.0,0.0,0.0,0.06051342415559987,0.0,0.0,0.26407858082929087,-0.26407858082929087,0.0,0.0,0.0,0.0,0.0,-0.0450761093647316,0.0,0.26223675868976115,0.0,-0.0002545888851425088,0.0,0.0,0.016279253330268174,-3.66780597822418e-05,0.0,0.0,-0.0038934315352513018,0.0,0.0,0.0,0.0,-0.002039271448922299,0.0,0.0,-0.0001917104470102892,0.0,0.0,0.0,0.0,0.0,0.0,0.0011469804621256682,0.010348639426811248
0.00953876226764828,-2.931115894232168e-07,0.0,0.0,0.0,0.0,0.0,0.0,0.2800150381520877,-0.2800150381520877,0.0017967634574805927,0.0,0.0,0.0,-0.1254981832677924,0.0,0.0,0.28511620183316644,0.0,-6.917435878898421e-05,0.0,0.0,0.011042341928808626,-9.96579746849668e-06,0.0,0.0,-0.0017614503227354064,0.0,0.0,0.0,0.0,-0.0005540905479707804,0.0014071316888719316,0.0,-5.208965520102362e-05,0.0,0.0,0.0,0.0,0.0,0.0,0.0003116461190622032,0.0028118293392398437
0.008049236817250607,-3.017450206949947e-07,0.0,0.0,0.0,0.0,0.0,0.0,0.28053696914827275,-0.28053696914827275,0.000723014353093275,0.0,0.0,0.0,-0.12533178472427134,0.0,0.0,0.2854664784291244,0.0,-7.121184926675479e-05,0.0011266717262881634,0.0,0.012655212513581482,-1.0259334232710037e-05,0.0,0.0,-0.0016523797130495754,0.0,0.0,0.0,0.0,-0.0005704109625734949,0.0,0.0,-5.3623925678126184e-05,0.0,0.0,0.0,0.0,0.0,0.0,0.00032082547411716486,0.0028946501359066205
0.00957691468517382,-4.174444417495837e-07,0.0,0.0,0.0,0.0,0.0,0.0,0.2758797911487551,-0.2758797911487551,0.0025589193519777896,0.0,0.0,0.0,-0.1242899950830552,0.0,0.0,0.28114076744050226,0.0,-9.851692198481754e-05,0.0,0.0,0.009714274214454269,-1.4193115901736816e-05,0.0,0.0,-0.0015066207253976313,0.0,0.0,0.0,0.0,-0.0007891261479340959,0.0,0.0,-7.418518346240887e-05,0.0,0.0,0.0,0.0,0.0,-0.014028087815961873,0.00044384099738719213,0.004004558574854851
0.011151239340733062,-3.1714204795682547e-07,0.0,0.0,0.0,0.0,0.0,0.0,0.27935006459032474,-0.27935006459032474,0.0009752095054260551,0.0,0.0,0.0,-0.12494502299469472,0.0,0.0,0.2852846676660206,0.0009688597950089369,-7.484554894471535e-05,0.0,0.0,0.012224454297927916,-1.0782833339689302e-05,0.0,0.0,-0.0016290439696051884,0.0,0.0,0.0,0.0,-0.0005995171036490381,0.0,0.0,-5.63601731351706e-05,0.0,0.0,0.0,0.0,0.0,0.0,0.00033719611234640307,0.0030423543364709333
0.03715744962721852,-6.571137120500721e-07,0.0,0.0,0.0,0.0,0.0,0.0,0.2576151267674068,-0.2576151267674068,0.026110180809316902,0.0,0.0,0.0,-0.08523868613994219,-0.022082097486019022,0.0,0.28797870872016884,0.0,-0.0001550788891423906,0.0,0.0,0.015291574519901268,-2.2341873895022314e-05,0.0,0.0,-0.0023716237144474983,0.0,0.0,0.0,0.0,-0.0012421907216477277,0.0,0.0,-0.00011677745924652198,0.0,0.0,0.0,0.0,0.0,0.0,0.0006986654418746853,0.006303713948653726
0.009879146236040293,-3.151952504204234e-07,0.0,0.0,0.0,0.0,0.0,0.0,0.27980180852094694,-0.27980180852094694,0.0006081309727813284,0.0,0.0,0.0,-0.12496040598070725,0.0,0.0,0.28509816140080735,0.0,-7.438610456881201e-05,0.0,0.0,0.0126308698652561,-1.0716642200682724e-05,0.0,0.0,-0.0017995900470880871,0.0,0.0,0.0,0.0,-0.0005958369280686189,0.0,0.0,-5.601420246708158e-05,0.0,0.0,0.0,0.0013240045290638378,0.0,0.0,0.00033512621160309425,0.0030236786422031398
0.009711716768217585,-2.844396355534505e-07,0.0,0.0,0.0,0.0,0.0,0.0,0.28037872670491554,-0.28037872670491554,0.00015052076545376858,0.0,0.0,0.0,-0.12690584045943845,0.0,0.0,0.2847600096054731,0.0,-6.712777697497554e-05,0.0,0.000796541963995774,0.01139839517379895,-9.670950935501177e-06,0.0,0.0,-0.0018231280367514186,0.0,0.0,0.0,0.0,-0.0005376973112477581,0.0,0.0,-5.054853876859528e-05,0.0,0.0,0.0,0.0,0.0,0.0,0.00030242580548293723,0.002728638993994451
0.09516068705571122,-1.3688613796613058e-06,0.0,0.0,0.0,0.017756431401502584,0.0,0.0,0.21703320645288618,-0.21703320645288618,0.07214765391052884,0.0,0.0,0.0,0.0,-0.06375658308944077,0.0,0.2802848688685836,0.0,-0.0003230513962119537,0.0,0.0,0.01409809455139778,-4.6541302918099404e-05,0.0,0.0,-0.004940429715989088,0.0,0.0,0.0,0.0,-0.0025876600561755008,0.0,0.0,-0.00024326406685203252,0.0,0.0,0.0,0.0,0.0,0.0,0.0014554195463408342,0.013131533271195582
0.11308791738944665,-1.4168351536026047e-06,0.0,0.0,0.0,0.004809263560113323,0.0,0.0,0.1872733712113901,-0.1872733712113901,0.1174300098442126,0.0,0.0,0.0,0.005113574390745255,-0.080583210099208,0.0,0.28090343321623745,0.0,-0.00033437321073865754,0.0,0.0,0.0,-4.8172411793184234e-05,0.0,0.0,-0.005113574390745255,0.0,0.0,0.0,0.0,-0.0026783484344264875,0.0,0.0,-0.00025178961627916874,0.0,0.0,0.0,0.0,0.0,0.0,0.0015064268794012343,0.013591747298718846
0.11127467955505105,-1.3743406993928893e-06,0.0,0.0,0.0,0.015714896781819743,0.0,0.0,0.19744210713057186,-0.19744210713057186,0.09970100579855744,0.0,0.0,0.0,0.00496020541747905,-0.07500920951439778,0.0,0.27563553905222465,0.0,-0.00032434451611136795,0.0,0.0,0.0,-4.672759985305701e-05,0.0,0.0,-0.00496020541747905,0.0,0.0,0.0,0.0,-0.002598018020111879,0.0,0.0,-0.0002442378116163251,0.0,0.0,0.0,0.0,0.0,0.0,0.0014612453437199456,0.013184096569735432
0.10458769907389243,-1.2481246167835793e-06,0.0,0.0,0.0,0.04394227222006793,0.0,0.0,0.2245218400336274,-0.2245218400336274,0.05380968972555813,0.0,0.0,0.0,0.004504672304759445,-0.061056120571834474,0.0,0.26233137223126884,0.0,-0.0002945575104165842,0.0,0.0,0.0,-4.243625156817136e-05,0.0,0.0,-0.004504672304759445,0.0,0.0,0.0,0.0,-0.002359422410455721,0.0,0.0,-0.000221807609395798,0.0,0.0,0.0,0.0,0.0,0.0,0.0013270481514975957,0.011973301442653817
0.08955514963394035,-1.2784445796541012e-06,0.0,0.006977608956872914,0.0,0.0271780688587794,0.0,0.0,0.22273997913727878,-0.22273997913727878,0.06622934545174784,0.0,0.0,0.0,0.004614101679989736,-0.06279775123596867,0.0,0.27594007407023585,0.0,-0.00030171302410405507,0.0,0.0,0.0,-4.346713066037837e-05,0.0,0.0,-0.004614101679989736,0.0,0.0,0.0,0.0,-0.00241673848203938,0.0,0.0,-0.00022719585219691402,0.0,0.0,0.0,0.0,0.0,0.0,0.0013592853577346542,0.012264161866602797
0.0997260177376178,-1.3600581855812922e-06,0.0,0.0,0.0,0.0259438491714805,0.0,0.0,0.21617476782561187,-0.21617476782561187,0.06748808912753393,0.0,0.0,0.0,0.004908657644488845,-0.06383742810003236,0.0,0.27277106127373824,0.0,-0.00032097384169772167,0.0,0.0,0.010392265773622475,-4.624199421642056e-05,0.0,0.0,-0.004908657644488845,0.0,0.0,0.0,0.0,-0.0025710187263622156,0.0,0.0,-0.00024169962736604033,0.0,0.0,0.0,0.0,0.0,0.0,0.0014460596937475396,0.013047083934197637
0.09446279845460692,-1.3033699889907036e-06,0.0,0.0,0.0,0.05326439363525884,0.0,0.0,0.22708266652786172,-0.22708266652786172,0.05619145216919864,0.0,0.0,0.0,0.0065483406792772375,-0.05638151208358738,0.0,0.2518115157790531,0.0,-0.0003075954227216099,0.0036885587827955174,0.0,0.0,-4.4314594869339744e-05,0.0,0.0,-0.0065483406792772375,0.0,0.0,0.0,0.0,-0.002463856829508653,0.0,0.0,-0.00023162541426453097,0.0,0.0,0.0,0.0,0.0,0.0,0.001385786892870384,0.012503272156998126
0.1032537950430773,-1.3438281042574866e-06,0.0,0.0,0.0,0.049778517394565985,0.0,0.0,0.22303076383758252,-0.22303076383758252,0.05752455879829452,0.0,0.0,0.0,0.006237682288422523,-0.0566926654405655,0.0,0.25397484588061064,0.002775202970857357,-0.0003171435411938195,0.0,0.0,0.0,-4.5690171261591115e-05,0.0,0.0,-0.006237682288422523,0.0,0.0,0.0,0.0,-0.0025403378014898356,0.0,0.0,-0.00023881533561317852,0.0,0.0,0.0,0.0,0.0,0.0,0.001428803324367601,0.01289138821798823
0.0985512930294622,-1.5003902762123062e-06,0.0,0.0,0.0,0.04008530967052993,0.0,0.0,0.21555078575817604,-0.21555078575817604,0.06298702443817167,0.0,0.0,0.0,0.0054151375853809455,-0.05895968475117913,0.0,0.2550576391411788,0.0,-0.00035409222642628237,0.0,0.0,0.0,-5.101328693913893e-05,0.0,0.0,-0.0054151375853809455,0.0,0.0,0.0,0.0,-0.0028362988715404836,0.0,0.0,-0.0002666384236415223,0.0,0.0,0.0,0.0,0.0,-0.022929099180992566,0.0015952655013756183,0.01439329440117242
0.09990076901926534,-1.3391824752775984e-06,0.0,0.0,0.0,0.05283297640256004,0.0,0.0,0.22479488560125907,-0.22479488560125907,0.05536672266075211,0.0,0.0,0.0,0.006965137671249289,-0.05603574341010686,0.0,0.2506769440313589,0.0,-0.0003160471723791723,0.0,0.0,0.0,-4.553221982194164e-05,0.0,0.0,-0.006965137671249289,0.0,0.0,0.0,0.0,-0.002531555824932032,0.0,0.0,-0.00023798974829255964,0.0,0.0,0.0,0.004263647305070443,0.0,0.0,0.0014238639350891559,0.012846822542879386
0.09981803091188192,-1.3084424941592981e-06,0.0,0.0,0.0,0.04413883522247,0.0,0.0,0.2218452918887637,-0.2218452918887637,0.0626824232061003,0.0,0.0,0.0,0.0062526546447816776,-0.059170308746002605,0.0,0.2579302633412407,0.0,-0.00030879253435128583,0.0,0.0,0.0,-4.44870601043978e-05,0.0,0.0,-0.0062526546447816776,0.0,0.0,0.0,0.0,-0.002473445761744263,0.0030605718225644495,0.0,-0.00023252686290993403,0.0,0.0,0.0,0.0,0.0,0.0,0.0013911801512974087,0.012551932869747717
0.1029081298091194,-1.2710064109877678e-06,0.0,0.0,0.0,0.04335548805764734,0.0,0.0,0.22144404690843952,-0.22144404690843952,0.05711680492630497,0.0,0.0,0.003132844244600608,0.00615367831591889,-0.06310370893753524,0.0,0.25867039505469386,0.0,-0.0002999576156977535,0.0,0.0,0.0,-4.321423283872942e-05,0.0,0.0,-0.00615367831591889,0.0,0.0,0.0,0.0,-0.002402677560871651,0.0,0.0,-0.00022587399507785987,0.0,0.0,0.0,0.0,0.0,0.0,0.0013513768461594063,0.012192807264325329
0.10259678456176169,-1.3130565616160156e-06,0.0,0.0,0.0,0.046228307730655165,0.0,0.0,0.22133838827434898,-0.22133838827434898,0.06032503583348627,0.0,0.0,0.0,0.006597007579774328,-0.060516508262494384,0.0,0.2555409508073798,0.0,-0.00030988145464391444,0.0,0.001857985972351011,0.0,-4.464393845189035e-05,0.0,0.0,-0.006597007579774328,0.0,0.0,0.0,0.0,-0.0024821680752170863,0.0,0.0,-0.00023334684134670495,0.0,0.0,0.0,0.0,0.0,0.0,0.0013960859833008683,0.012596195774102883
0.09972033137802624,-1.2493577942436614e-06,0.0,0.0,0.0,0.0,0.0,0.0,0.19906294149131495,-0.19906294149131495,0.10778994902974558,0.0,0.0,0.0,-0.016694793664125913,-0.07105785127269514,0.0,0.28586622156377434,0.0,-0.00029484854039681145,0.0,0.0,0.0,-4.2478179616236864e-05,0.0,0.0,-0.004509123030493547,0.0,0.0,0.0,0.0,-0.0023617535771487427,0.0,0.0,-0.00022202676070545366,0.0,0.0,0.0,0.0,0.0,0.0,0.0013283593073284035,0.011985131355519329
0.009927770403181727,-3.6058126546703464e-07,0.0,0.00963350130749074,0.0,0.0,0.0,0.0,0.2774567925195174,-0.2774567925195174,0.01101428951719251,0.0,0.0,0.0,-0.1060154487749408,-0.010046419181170755,0.0,0.2924617116682866,0.0,-8.509720778726374e-05,0.0,0.0,0.0,-1.2259767243082852e-05,0.0,0.0,-0.0013013928403642027,0.0,0.0,0.0,0.0,-0.0006816334740082486,0.0,0.0,-6.407987424545989e-05,0.0,0.0,0.0,0.0,0.0,0.0,0.00038338215220513037,0.003459068211583074
0.028678244653868732,-5.286383166501048e-07,0.0,0.0,0.0,0.0,0.0,0.0,0.26553767975231574,-0.26553767975231574,0.01614774816967816,0.0,0.0,0.0,-0.09893269600274758,-0.014728779980891634,0.0,0.2875359807178479,0.0,-0.0001247586854464462,0.0,0.0,0.014123412396488113,-1.7973708948830355e-05,0.0,0.0,-0.0019079363969161244,0.0,0.0,0.0,0.0,-0.0009993241656783374,0.0,0.0,-9.39457484248229e-05,0.0,0.0,0.0,0.0,0.0,0.0,0.000562066072159656,0.005071245157955496
0.006854253013276343,-1.8444924189741215e-07,0.0,0.0,0.0,0.0,0.0,0.0,0.27591882004639073,-0.27591882004639073,0.01591359534818713,0.0,0.0,0.0,-0.13753177060430374,0.0,0.0,0.28086606104770445,0.0,-4.3530035992350625e-05,0.0026226607899064976,0.0,0.0,-6.2712763817511575e-06,0.0,0.0,-0.001977035870541365,0.0,0.0,0.0,0.0,-0.00034867806393068176,0.0,0.0,-3.277897483150619e-05,0.0,0.0,0.0,0.0,0.0,0.0,0.00019611264950119683,0.001769427783419505
0.013853430383827064,-2.2763243430053258e-07,0.0,0.0,0.0,0.0,0.0,0.0,0.27362550902887983,-0.27362550902887983,0.015323711129982289,0.0,0.0,0.0,-0.13574555009968928,0.0,0.0,0.2808098887813746,0.002157784814979135,-5.3721272888937775e-05,0.0,0.0,0.0,-7.739505428509331e-06,0.0,0.0,-0.0019004526176399498,0.0,0.0,0.0,0.0,-0.00043031045106643723,0.0,0.0,-4.045317702591398e-05,0.0,0.0,0.0,0.0,0.0,0.0,0.0002420264748386092,0.0021836856010652352
0.011256683512582601,-3.082411630795442e-07,0.0,0.0,0.0,0.0,0.0,0.0,0.279749384240998,-0.279749384240998,4.663992772199513e-05,0.0,0.0,0.0,-0.12522014437086404,0.0,0.0,0.28554961288650466,0.0007807393807928834,-7.274493939443421e-05,0.0,0.0,0.012138849231424232,-1.0480203149760812e-05,0.0,0.0,-0.001502859109994219,0.0,0.0,0.0,0.0,-0.0005826911016858181,0.0,0.0,-5.47783727527499e-05,0.0,0.0,0.0,0.0,0.0,0.0,0.00032773239160549804,0.002956967848367938
0.01006582563735455,-4.387553927403346e-07,0.0,0.0,0.0,0.0,0.0,0.0,0.26954333191431307,-0.26954333191431307,0.012899752218160697,0.0,0.0,0.0,-0.13063512207230035,0.0,0.0,0.27507288624113246,0.0,-0.00010354630814068238,0.0,0.0,0.0,-1.4917688484666081e-05,0.0,0.0,-0.0015835352012642406,0.0,0.0,0.0,0.0,-0.0008294118170728691,0.0,0.0,-7.79724103383524e-05,0.0,0.0,0.0,0.0,0.0,-0.024954433058393528,0.0004664995186106668,0.0042089952447279585
0.01008675803695882,-3.822545821019536e-07,0.0,0.0,0.0,0.0,0.0,0.0,0.2772105980255255,-0.2772105980255255,0.001026045738526305,0.0,0.0,0.0,-0.12478890097697874,0.0,0.0,0.2824671366050102,0.0,-9.021211226443346e-05,0.0,0.0,0.010212538390489832,-1.2996660262151904e-05,0.0,0.0,-0.0013796151491663456,0.0,0.0,0.0,0.0,-0.0007226041497642556,0.0,0.0,-6.793149810242539e-05,0.0,0.0,0.0,0.0,0.0,-0.010650275356778257,0.00040642595279237454,0.0036669810672726793
0.015697740110100483,-5.948921411364311e-07,0.0,0.0,0.0,0.015893488565000637,0.0,0.0,0.27248023381906783,-0.27248023381906783,0.0015968063559615464,0.0,0.0,0.0,-0.11473804212705685,0.0,0.0,0.26476734958671033,0.0,-0.0001403945933789099,0.0,0.0,0.0,-2.0226339756241735e-05,0.0,0.0,-0.0021470565650745393,0.0,0.0,0.0,0.0,-0.0011245686774597628,0.0,0.0,-0.00010571989519272451,0.0,0.0,0.0,0.0,0.0,-0.03246821495767611,0.0006325093709552528,0.005706820325399705
0.011108392322192323,-2.1620272011329985e-07,0.0,0.0,0.0,0.0,0.0,0.0,0.274232501889155,-0.274232501889155,0.015579007941633883,0.0,0.0,0.0,-0.1366149921449156,0.0,0.0,0.28003142494536887,0.0,-5.10238594171641e-05,0.0,0.0,0.0,-7.350895012466388e-06,0.0,0.0,-0.0023173883968053647,0.0,0.0,0.0,0.0,-0.0004087040157507426,0.0,0.0,-3.842197153100071e-05,0.0,0.0,0.0,0.0030741595404748362,0.0,0.0,0.00022987401755962333,0.0020740399683080025
0.01012294041664216,-1.9702286254785051e-07,0.0,0.0,0.0,0.0,0.0,0.0,0.27605149068176765,-0.27605149068176765,0.014196957090585589,0.0,0.0,0.0,-0.1347675108662636,0.0,0.0,0.28133597748022815,0.0,-4.649741148187507e-05,0.0,0.0,0.0,-6.698779630921731e-06,0.0,0.0,-0.0021118073599374677,0.0,0.0,0.0,0.0,-0.00037244691036178874,0.0028014435353807474,0.0,-3.5013467045200716e-05,0.0,0.0,0.0,0.0,0.0,0.0,0.00020948134667888376,0.0018900469493656406
0.00993135890368444,-2.891390682740564e-07,0.0,0.0,0.0,0.0,0.0,0.0,0.28026849713378243,-0.28026849713378243,0.000776105566119637,0.0,0.0,0.0,-0.1256555057057934,0.0,0.0,0.28539541142687597,0.0,-6.823684347677977e-05,0.0,0.0,0.011177344824816577,-9.830731702964326e-06,0.0,0.0,-0.0016189695937294031,0.0,0.0,0.0,0.0,-0.0005465809970018298,0.0011508451015580276,0.0,-5.138368769784257e-05,0.0,0.0,0.0,0.0,0.0,0.0,0.00030742240071157597,0.0027737208101982587
0.017114117964986405,-3.1883699342780983e-07,0.0,0.0,0.0,0.021569427886434813,0.0,0.0,0.2823503061208945,-0.2823503061208945,0.0008558205805990569,0.0,0.0,0.0,-0.11442456197028116,0.0,0.0,0.2695157327404954,0.0,-7.524555621282901e-05,0.0,0.0,0.0,-1.0840461505526125e-05,0.0,0.0,-0.0033259299089617804,0.0,0.0,0.0,0.0,-0.000602721184615766,0.004350397039746394,0.0,-5.666138648992687e-05,0.0,0.0,0.0,0.0,0.0,0.0,0.00033899823548692366,0.003058614005401472
0.008579459266322795,-1.0748875536868021e-07,0.0,0.0,0.0,0.0,0.0,0.0,0.2800059271324474,-0.2800059271324474,0.0031602536024328103,0.0,0.0,0.0030567384410078655,-0.14051793908019314,0.0,0.0,0.2813605883449765,0.0,-2.5367354952719208e-05,0.0,0.0,0.0,-3.6546189396774624e-06,0.0,0.0,-0.001916312549936971,0.0,0.0,0.0,0.0,-0.00020319395585868182,0.0,0.0,-1.910211812559002e-05,0.0,0.0,0.0,0.0,0.0,0.0,0.00011428566683219112,0.0010311432467708813
0.010517377482371843,-1.7281613091042444e-07,0.0,0.0,0.0,0.0,0.0,0.0,0.27653661461204815,-0.27653661461204815,0.011633599037895768,0.0,0.0,0.0,-0.13827718070620298,0.0,0.0,0.2803527521999303,0.0,-4.0784620859399144e-05,0.0,0.00163816735610549,0.0,-5.8757504721377035e-06,0.0,0.0,-0.0022618871580063747,0.0,0.0,0.0,0.0,-0.00032668713257901145,0.0,0.0,-3.071162313988648e-05,0.0,0.0,0.0,0.0,0.0,0.0,0.0001837439338907064,0.0016578309583188237
0.010390562990982646,-1.9357678092700991e-07,0.0,0.0,0.0,0.0,0.0,0.0,0.27618873750960565,-0.27618873750960565,0.013615130926517343,0.0,0.0,0.0,-0.13494870838568113,0.0,0.0,0.28149196471346843,0.0,-4.568413594089344e-05,0.0,0.0,0.0,-6.581612815509259e-06,0.0,0.0,-0.0020192851476987005,0.0,0.0,0.0,0.0,-0.0003659325270260735,0.00264127398033307,0.0,-3.4401054537809244e-05,0.0,0.0,0.0,0.0,0.0,0.0,0.00020581735657456928,0.0018569885724315784
0.012515284705507173,-1.1560927460283294e-07,0.0,0.0,0.0,0.0,0.0,0.0,0.2795746742492945,-0.2795746742492945,0.0033990032286177435,0.0,0.0,0.0,-0.13869738393933329,0.0,0.0,0.2843193446306691,0.0,-2.728379814816399e-05,0.0,0.0,0.0,-3.930716688612761e-06,0.0,0.0,-0.00041725152318425335,0.0,0.0,0.0,0.0,-0.00021854477484578857,0.0,0.0,-2.0545237613948236e-05,0.0,0.0,0.0,0.0,0.0,0.0,0.0001229196765247919,0.0011090436610035077
0.007281311817459958,-1.8188673833337202e-07,0.0,0.0,0.0,0.0,0.0,0.0,0.27605490580866987,-0.27605490580866987,0.01527468558663834,0.0,0.0,0.0,-0.13755352625529582,0.0,0.0,0.2810378727437131,0.0,-4.2925284944172105e-05,0.002481768252509218,0.0,0.0,-6.184151230603851e-06,0.0,0.0,-0.0018973411352388647,0.0,0.0,0.0,0.0,-0.00034383397364148486,0.0,0.0,-3.232358537602643e-05,0.0,0.0,0.0,0.0,0.0,0.0,0.00019338810936142398,0.0017448456005128062
0.010629530477321455,-4.028238523875162e-07,0.0,0.0,0.0,0.0,0.0,0.0,0.2706032517289102,-0.2706032517289102,0.011843336787063046,0.0,0.0,0.0,-0.1315038411059349,0.0,0.0,0.27614264672888145,0.0,-9.506646171394178e-05,0.0,0.0,0.0,-1.3696015692430386e-05,0.0,0.0,-0.0014538527861286425,0.0,0.0,0.0,0.0,-0.0007614877649304587,0.0,0.0,-7.158691888950515e-05,0.0,0.0,0.0,0.0,0.0,-0.021985450008487454,0.0004282958940971564,0.0038643027691866536
0.013915655079937233,-2.216818626408525e-07,0.0,0.0,0.0,0.0,0.0,0.0,0.27394152344995926,-0.27394152344995926,0.01458363648678273,0.0,0.0,0.0,-0.13588901833386244,0.0,0.0,0.28102296915105895,0.0020165040211299256,-5.23169374964128e-05,0.0,0.0,0.0,-7.537185922484876e-06,0.0,0.0,-0.0018083356990664695,0.0,0.0,0.0,0.0,-0.000419061644705216,0.0,0.0,-3.9395684803884604e-05,0.0,0.0,0.0,0.0,0.0,0.0,0.00023569962652943773,0.0021266015669236214
0.07613593056093206,-9.403460740075443e-07,0.0,0.0,0.0,0.0,0.0,0.0,0.2211121611664369,-0.2211121611664369,0.07896942215088157,0.0,0.0,0.0,-0.050368076708396665,-0.05132251101377682,0.0,0.2853657543634727,0.0,-0.0002219217494511606,0.0,0.0,0.0,-3.1971777514140476e-05,0.0,0.0,-0.003393852552469574,0.0,0.0,0.0,0.0,-0.0017776058341954525,0.0,0.0,-0.00016711145015137853,0.0,0.0,0.0,0.0,0.0,0.0,0.0009998076333880305,0.009020771526422562
0.008778788081888896,-1.0842579642133404e-07,0.0,0.0,0.0,0.0,0.0,0.0,0.2799561641008065,-0.2799561641008065,0.003187803343353334,0.0,0.0,0.0029588490263462272,-0.1404352785236061,0.0,0.0,0.28144717142573134,0.0,-2.5588496716863827e-05,0.0,0.0,0.0,-3.686478346426922e-06,0.0,0.0,-0.0018707497668319477,0.0,0.0,0.0,0.0,-0.00020496531396621272,0.0,0.0,-1.9268642231436498e-05,0.0,0.0,0.0,0.0,0.0,0.0,0.00011528196045550424,0.0010401323131162584
0.01133895726238912,-2.112454202748303e-07,0.0,0.0,0.0,0.0,0.0,0.0,0.2744957670556239,-0.2744957670556239,0.014857846281437397,0.0,0.0,0.0,-0.1366974594833046,0.0,0.0,0.2802830440943681,0.0,-4.98539362547069e-05,0.0,0.0,0.0,-7.182346759979973e-06,0.0,0.0,-0.002203594551152162,0.0,0.0,0.0,0.0,-0.00039933286468381215,0.0,0.0,-3.754099633714331e-05,0.0,0.0,0.0,0.0028823551531566,0.0,0.0,0.0002246032493217423,0.0020264844241664457
0.01073385916513337,-1.7099460135958503e-07,0.0,0.0,0.0,0.0,0.0,0.0,0.2766333497896762,-0.2766333497896762,0.011249107517066478,0.0,0.0,0.0,-0.13825998722011726,0.0,0.0,0.280540199331441,0.0,-4.035473973821096e-05,0.0,0.0015554330747921485,0.0,-5.813818446105336e-06,0.0,0.0,-0.0021725786984342047,0.0,0.0,0.0,0.0,-0.0003232437603501765,0.0,0.0,-3.038791418512147e-05,0.0,0.0,0.0,0.0,0.0,0.0,0.0001818072222908912,0.0016403569640512435
0.11082114863891493,-1.3884356771158187e-06,0.0,0.0,0.0,0.003710649943860491,0.0,0.0,0.1915373287205146,-0.1915373287205146,0.1160784221353636,0.0,0.0,0.0,0.0,-0.07896797562777134,0.0,0.28429285643894686,0.0,-0.0003276709319929347,0.0,0.0,0.0,-4.720682926048542e-05,0.0,0.0,-0.005011076344092375,0.0,0.0,0.0,0.0,-0.0026246628005025217,0.0,0.0,-0.0002467426683198702,0.0,0.0,0.0,0.0,0.0,0.0,0.0014762315990033445,0.01331931016526488
0.10246380450876996,-1.2208310801160953e-06,0.0,0.0,0.0,0.04347093251423751,0.0,0.0,0.22875079200293322,-0.22875079200293322,0.05181704231404099,0.0,0.0,0.0,0.0,-0.059394584811195805,0.0,0.265080753758313,0.0,-0.00028811623355758304,0.0,0.0,0.0,-4.1508271002263426e-05,0.0,0.0,-0.004406165763768538,0.0,0.0,0.0,0.0,-0.002307827416488045,0.0,0.0,-0.00021695720100006256,0.0,0.0,0.0,0.0,0.0,0.0,0.0012980287435832203,0.011711473627096378
0.10910985046945536,-1.3476031456972912e-06,0.0,0.0,0.0,0.014436425161150457,0.0,0.0,0.2013828348842184,-0.2013828348842184,0.09873408157674607,0.0,0.0,0.0,0.0,-0.0735499186937581,0.0,0.2790277686058242,0.0,-0.00031803445127865846,0.0,0.0,0.0,-4.5818522714695734e-05,0.0,0.0,-0.004863705503920768,0.0,0.0,0.0,0.0,-0.002547474041937065,0.0,0.0,-0.0002394862084618296,0.0,0.0,0.0,0.0,0.0,0.0,0.0014328170756366283,0.01292760231753365
0.08700347579866052,-1.2512276338814042e-06,0.0,0.007151624135310199,0.0,0.026276909738607985,0.0,0.0,0.22702978661800385,-0.22702978661800385,0.06449681945474788,0.0,0.0,0.0,0.0,-0.06113828082164407,0.0,0.2790972989408611,0.0,-0.00029528982270241255,0.0,0.0,0.0,-4.2541754185788966e-05,0.0,0.0,-0.00451587156723196,0.0,0.0,0.0,0.0,-0.0023652882735131315,0.0,0.0,-0.0002223590549767341,0.0,0.0,0.0,0.0,0.0,0.0,0.0013303473838405535,0.012003068790075993
0.09727739609388286,-1.3332263436780034e-06,0.0,0.0,0.0,0.024950835459256422,0.0,0.0,0.22057124578539822,-0.22057124578539822,0.06567547189370267,0.0,0.0,0.0,0.0,-0.0620968327550959,0.0,0.2760509820051563,0.0,-0.00031464152484037813,0.0,0.0,0.01066842420573953,-4.532971127789505e-05,0.0,0.0,-0.004811817430393151,0.0,0.0,0.0,0.0,-0.0025202965082045704,0.0,0.0,-0.00023693126799853462,0.0,0.0,0.0,0.0,0.0,0.0,0.0014175311752645096,0.0127896851720471
0.09097873389536164,-1.2652270894348943e-06,0.0,0.0,0.0,0.05290499850422574,0.0,0.0,0.2333904160413667,-0.2333904160413667,0.053347640714549525,0.0,0.0,0.0,0.0,-0.0537720142037682,0.0,0.25547657458801704,0.0,-0.0002985936953442729,0.0038204893872786374,0.0,0.0,-4.301773583833925e-05,0.0,0.0,-0.006476642433390839,0.0,0.0,0.0,0.0,-0.002391752481271651,0.0,0.0,-0.00022484693617658128,0.0,0.0,0.0,0.0,0.0,0.0,0.0013452320767345267,0.012137366038220115
0.10023964699914326,-1.3089323816261578e-06,0.0,0.0,0.0,0.04931818717405662,0.0,0.0,0.22889127336263237,-0.22889127336263237,0.05486559166938095,0.0,0.0,0.0,0.0,-0.05422175811540027,0.0,0.2575336987715662,0.00286959585947864,-0.0003089081478330505,0.0,0.0,0.0,-4.450371628400054e-05,0.0,0.0,-0.006158934741902343,0.0,0.0,0.0,0.0,-0.002474371832308346,0.0,0.0,-0.00023261392213978654,0.0,0.0,0.0,0.0,0.0,0.0,0.0013917010161602567,0.01255663237669984
0.09580806124540216,-1.47483370838365e-06,0.0,0.0,0.0,0.039402525363160405,0.0,0.0,0.22039588889756115,-0.22039588889756115,0.06084956880245107,0.0,0.0,0.0,0.0,-0.05689082792039048,0.0,0.2581652309751376,0.0,-0.0003480608743536016,0.0,0.0,0.0,-5.014436333406597e-05,0.0,0.0,-0.0053229000301285466,0.0,0.0,0.0,0.0,-0.0027879873984243994,0.0,0.0,-0.00026209669668717065,0.0,0.0,0.0,0.0,0.0,-0.023603121418310034,0.0015680928972625454,0.014148129386127143
0.09639384525606545,-1.2998847982226515e-06,0.0,0.0,0.0,0.05243338345709179,0.0,0.0,0.2314321924322712,-0.2314321924322712,0.05230355510829256,0.0,0.0,0.0,0.0,-0.05324063520650514,0.0,0.2545409139587014,0.0,-0.0003067729174187261,0.0,0.0,0.0,-4.419609834246467e-05,0.0,0.0,-0.006904594720227459,0.0,0.0,0.0,0.0,-0.002457268515255188,0.0,0.0,-0.0002310060515645611,0.0,0.0,0.0,0.004426224035892706,0.0,0.0,0.0013820813206028657,0.012469838604699014
0.09667925069525192,-1.2722535979943188e-06,0.0,0.0,0.0,0.0434850639335338,0.0,0.0,0.22767992658559136,-0.22767992658559136,0.0601927258462841,0.0,0.0,0.0,0.0,-0.05677774943091007,0.0,0.26163281926879106,0.0,-0.00030025195193207946,0.0,0.0,0.0,-4.3256637211538716e-05,0.0,0.0,-0.006174222153210235,0.0,0.0,0.0,0.0,-0.002405035210848036,0.003164929342530745,0.0,-0.00022609563606199932,0.0,0.0,0.0,0.0,0.0,0.0,0.0013527028974121091,0.012204771571241474
0.09992434181540258,-1.2341539905222828e-06,0.0,0.0,0.0,0.04268613962235773,0.0,0.0,0.2271697670557064,-0.2271697670557064,0.05448117170939544,0.0,0.0,0.0032379184176917746,0.0,-0.06088221731306,0.0,0.26233719935655475,0.0,-0.00029126044149001116,0.0,0.0,0.0,-4.196125011189283e-05,0.0,0.0,-0.0060732093904029335,0.0,0.0,0.0,0.0,-0.0023330127008435917,0.0,0.0,-0.0002193248515276246,0.0,0.0,0.0,0.0,0.0,0.0,0.0013121941108785635,0.011839280754879687
0.09937906600388996,-1.2749691012759603e-06,0.0,0.0,0.0,0.04561254421184472,0.0,0.0,0.22748766569183432,-0.22748766569183432,0.057608314006389015,0.0,0.0,0.0,0.0,-0.05803595509206647,0.0,0.2593686496282514,0.0,-0.0003008928109259751,0.0,0.0019249532203379363,0.0,-4.334896435487388e-05,0.0,0.0,-0.006526511368227371,0.0,0.0,0.0,0.0,-0.0024101685278359515,0.0,0.0,-0.0002265782155120862,0.0,0.0,0.0,0.0,0.0,0.0,0.0013555901120073748,0.012230821485586883
